market,name,price,ma15,ma50,ma120,slope15,gap50,gap120,conv50,conv120,f50up,f50down,f120up,f120down,golden_now,dead_now,up120_now,down120_now,value_accel_pct,ret5_pct,launch_score,launch_grade,delta_price_pct,delta_value_accel_pct,delta_launch_score,delta_slope15,delta_gap120,flag_score14,flag_value300,flag_ankr_like,flag_early_ignition,snapshot_kst,snapshot_epoch,bid_trade_value_15m,ask_trade_value_15m,buy_sell_ratio_15m,trade_count_15m,trade_unknown_value_15m,trade_coverage_15m,trade_oldest_timestamp,trade_newest_timestamp,total_bid_size,total_ask_size,orderbook_imbalance,day_open,day_high,day_high_return_pct,current_day_return_pct,drawdown_from_day_high_pct,gain_retrace_pct,path_5d_status,path_5d_source,path_5d_points,stage_provisional,max_rally_5d_pct,max_rally_5d_base_price,max_rally_5d_base_time_kst,high_5d,high_5d_time_kst,max_rally_day,drawdown_from_5d_high_pct,gain_retrace_5d_pct,post_surge_higher_low,higher_low,buy_sell_ratio_change_15m,bid_trade_value_change_15m,ask_trade_value_change_15m,value_accel_change_15m,price_change_15m,launch_score_change_15m,slope15_change_15m,gap120_change_15m,f120up_change_15m,buy_sell_ratio_change_30m,bid_trade_value_change_30m,ask_trade_value_change_30m,value_accel_change_30m,price_change_30m,launch_score_change_30m,slope15_change_30m,gap120_change_30m,f120up_change_30m,buy_sell_ratio_change_45m,bid_trade_value_change_45m,ask_trade_value_change_45m,value_accel_change_45m,price_change_45m,launch_score_change_45m,slope15_change_45m,gap120_change_45m,f120up_change_45m,buy_sell_ratio_change_60m,bid_trade_value_change_60m,ask_trade_value_change_60m,value_accel_change_60m,price_change_60m,launch_score_change_60m,slope15_change_60m,gap120_change_60m,f120up_change_60m,buy_sell_ratio_change_90m,bid_trade_value_change_90m,ask_trade_value_change_90m,value_accel_change_90m,price_change_90m,launch_score_change_90m,slope15_change_90m,gap120_change_90m,f120up_change_90m,buy_sell_ratio_change_120m,bid_trade_value_change_120m,ask_trade_value_change_120m,value_accel_change_120m,price_change_120m,launch_score_change_120m,slope15_change_120m,gap120_change_120m,f120up_change_120m,delta_buy_sell_ratio,delta_bid_trade_value_15m,delta_ask_trade_value_15m,delta_price_pct_15m,trade_value_15m,normal_trade_value_15m_median,trade_value_anomaly_ratio,surge_return_from_120m,surge_success_15_120m,signal_failure_120m,buy_pressure_trend,sell_pressure_trend,buy_sell_state,value_accel_direction,flow_signal,first_surge_retrace_gate,first_surge_retrace_seen,second_ignition_reentry,candidate_gate,stage,stage_label,stage_reason,stage_previous,stage_changed,stage_change_reason,stage_change_kst,scan_cycle,scan_run_id
KRW-WAXP,왁스,6.18,5.927333333333333,5.6138,6.700333333333333,0.39521228545618126,-5.585046373816898,11.53673946569822,-0.51218720192109,-0.9611583388326238,,,12.002954143549525,,False,False,False,False,152.19985930457787,7.853403141361248,12.0,A급,0.0,0.01620446652933083,0.0,0.0,0.0,False,False,False,False,2026-09-07T04:28:14.981476+09:00,1788722894,0.0,0.0,,0,0.0,complete,,,11057739.61824108,16612815.06598668,-0.20075764693333015,6.13,6.24,1.794453507340954,0.815660685154973,0.9615384615384694,54.54545454545489,complete_hourly_ordered,/v1/candles/minutes/60,120,False,14.436619718309874,5.68,2026-09-02T10:00:00,6.5,2026-09-03T10:00:00,D-4,4.9230769230769305,39.02439024390251,True,True,,,,0.01620446652933083,0.0,0.0,0.0,0.0,0.0,,,,0.01620446652933083,0.0,0.0,0.0,0.0,0.0,,,,0.01620446652933083,0.0,0.0,0.0,0.0,0.0,,,-100.0,0.022401387284617158,-0.1615508885298933,-1.0,-0.011291779584476913,0.008849409109702222,0.03125177849445393,,,-100.0,0.022401387284617158,-0.1615508885298933,-1.0,-0.011291779584476913,0.008849409109702222,0.03125177849445393,,,,0.492248405685217,-0.6430868167202619,-1.0,-0.045167118337863243,0.035396315762897146,0.1243169925508294,,0.0,0.0,0.0,0,2811352.914402102,0.0,-0.6430868167202619,False,True,flat_or_na,flat_or_na,unavailable,accelerating,neutral,False,False,False,pass,S0,🌱 초발사 준비,발사 구조 관찰 또는 초기 준비,S1,True,발사 구조 관찰 또는 초기 준비,2026-09-07T04:28:14.981476+09:00,2026-09-06T19:10:00Z,34054595745-1
KRW-CARV,카브,49.4,46.72,43.728,56.095,0.6173725771715821,-6.84229784120014,16.71271949371602,-0.3900571118680093,-0.843604760113491,,,,,False,False,False,False,18.101805792891092,3.131524008350728,8.0,B급,0.40650406504063596,0.38381709722823487,0.0,0.02871500358936352,-0.02129524362649704,False,False,False,False,2026-09-07T04:28:14.981476+09:00,1788722894,314369.815092034,0.0,,1,0.0,complete,1788722851262,1788722851262,2327065.08865857,1563423.80211688,0.19628414525288143,48.2,49.7,3.112033195020736,2.4896265560165887,0.6036217303823023,20.0,complete_hourly_ordered,/v1/candles/minutes/60,120,False,15.723270440251568,47.7,2026-09-02T08:00:00,55.2,2026-09-02T13:00:00,D-4,10.507246376811597,77.33333333333343,False,True,,,,0.38381709722823487,0.40650406504063596,0.0,0.02871500358936352,-0.02129524362649704,,,,,0.38381709722823487,0.40650406504063596,0.0,0.02871500358936352,-0.02129524362649704,,,,,0.38381709722823487,0.40650406504063596,0.0,0.02871500358936352,-0.02129524362649704,,,4378.202494437307,,0.421862445170774,0.0,0.0,0.0,0.0,,,4378.202494437307,,0.421862445170774,0.0,0.0,0.0,0.0,,,,,0.42986614682143554,0.0,0.0,0.0,0.0,,,314369.815092034,0.0,0.40650406504063596,314369.815092034,1579990.299999943,0.19896945892139042,0.0,False,False,rising,flat_or_na,buy_only,accelerating,neutral,True,True,False,🔴 1차 급등 완료·상승분 반납 / 신규매수 금지,S3,🔴 1차 급등 완료·반납,당일/5D 급등 후 상승분 상당 부분 반납,S3,False,,,2026-09-06T19:10:00Z,34054595745-1
KRW-LSK,리스크,139.0,136.73333333333332,119.36,136.85833333333332,0.8853910477127247,-14.555406613047353,0.09133532241368812,-0.9596137235954807,-1.3944903443861714,,,0.06549727847265391,,False,False,False,False,-69.17056858703255,0.0,12.0,A급,0.0,0.0,0.0,0.0,0.0,False,False,False,False,2026-09-07T04:28:14.981476+09:00,1788722894,1390000.0,0.0,,3,0.0,complete,1788722810286,1788722810286,1170089.54526827,3893681.93261104,-0.5378584715444941,140.0,140.0,0.0,-0.7142857142857117,0.7142857142857143,,complete_hourly_ordered,/v1/candles/minutes/60,120,False,7.575757575757569,132.0,2026-09-03T08:00:00,142.0,2026-09-04T01:00:00,D-3,2.1126760563380254,30.0,True,True,,,,0.0,0.0,0.0,0.0,0.0,0.0,,,,0.0,0.0,0.0,0.0,0.0,0.0,,,,0.0,0.0,0.0,0.0,0.0,0.0,,,,0.032542157713308484,0.0,0.0,0.0,0.0,0.0,,,,0.032542157713308484,0.0,0.0,0.0,0.0,0.0,,35.878646343638664,,0.04047099558741252,0.0,0.0,0.0,0.0,0.0,,1390000.0,0.0,0.0,1390000.0,1022971.6275541,1.3587864634363866,0.0,False,True,rising,flat_or_na,buy_only,flat_or_na,neutral,False,False,False,pass,S0,🌱 초발사 준비,발사 구조 관찰 또는 초기 준비,S0,False,,,2026-09-06T19:10:00Z,34054595745-1
KRW-0G,제로지,269.0,247.6,232.7,380.3666666666667,1.3923013923013983,-6.403094112591321,34.904916308824816,-1.2746939632851084,-1.488828057177639,,,,,False,False,False,False,-83.52747266121862,-1.098901098901095,9.0,B급,0.0,0.004413305035171788,0.0,0.0,0.0,False,False,False,True,2026-09-07T04:28:14.981476+09:00,1788722894,1811306.3999994,21855688.797756262,0.08287574080874319,11,0.0,complete,1788722549379,1788722813001,1158597.61852492,1981954.77998196,-0.2621695348399507,270.0,275.0,1.85185185185186,-0.37037037037036535,2.181818181818182,119.99999999999964,complete_hourly_ordered,/v1/candles/minutes/60,120,False,16.666666666666675,246.0,2026-09-02T21:00:00,287.0,2026-09-05T01:00:00,D-2,6.271777003484324,43.90243902439026,False,True,-5.264341491680507,-79.44815908233,1226.0232348082864,0.004413305035171788,-0.37037037037036535,0.0,0.0,0.0,,-5.264341491680507,-79.44815908233,1226.0232348082864,0.004413305035171788,-0.37037037037036535,0.0,0.0,0.0,,-5.264341491680507,-79.44815908233,1226.0232348082864,0.004413305035171788,-0.37037037037036535,0.0,0.0,0.0,,0.08287574080874319,,69.40527528239562,0.050825922143957314,0.3731343283582156,0.0,0.05460005460005135,-0.03220301109981705,,0.08287574080874319,,69.40527528239562,0.050825922143957314,0.3731343283582156,0.0,0.05460005460005135,-0.03220301109981705,,-12.648914820692978,-95.2940824648811,622.9468584190488,0.06901439014480104,0.0,0.0,0.05460005460005135,-0.03220301109981705,,-5.264341491680507,-7002047.144607301,20207475.687756263,-0.37037037037036535,23666995.19775566,25113582.098093655,0.9423982252038906,0.0,False,False,falling,rising,sell_advantage_accelerating,accelerating,neutral,False,True,False,pass,S0,🌱 초발사 준비,발사 구조 관찰 또는 초기 준비,S4,True,발사 구조 관찰 또는 초기 준비,2026-09-07T04:28:14.981476+09:00,2026-09-06T19:10:00Z,34054595745-1
KRW-BORA,보라,31.9,30.626666666666665,29.912,37.085,0.4372540445999107,-2.389230632076311,17.414947642802577,-0.9311156926596837,-0.9392464471527624,,,,,False,False,False,False,-30.78990708872109,6.333333333333324,8.0,B급,-0.9316770186335588,0.06915738259048965,0.0,0.021862702229991093,-0.016121321939788658,False,False,False,False,2026-09-07T04:28:14.981476+09:00,1788722894,0.0,0.0,,0,0.0,complete,,,3991213.58430595,4672880.37541907,-0.07867721590761173,32.0,32.5,1.5625,-0.31250000000000444,1.8461538461538505,120.00000000000028,complete_hourly_ordered,/v1/candles/minutes/60,120,False,10.101010101010122,29.7,2026-09-02T03:00:00,32.7,2026-09-05T09:00:00,D-2,2.4464831804281495,26.666666666666934,False,True,,-100.0,-100.0,0.06915738259048965,-0.9316770186335588,0.0,0.021862702229991093,-0.016121321939788658,,,-100.0,-100.0,0.06915738259048965,-0.9316770186335588,0.0,0.021862702229991093,-0.016121321939788658,,,-100.0,-100.0,0.06915738259048965,-0.9316770186335588,0.0,0.021862702229991093,-0.016121321939788658,,,-100.0,-100.0,0.16616692572974046,0.6309148264984188,1.0,0.04372540445998219,-0.03224336843338449,,,-100.0,-100.0,0.16616692572974046,0.6309148264984188,1.0,0.04372540445998219,-0.03224336843338449,,,-100.0,-100.0,0.5640285908252061,0.3144654088050203,0.0,0.021862702229991093,-0.016121321939788658,,,-9999.999999962001,-636067.107512074,-0.9316770186335588,0,1903573.7548597301,0.0,0.3144654088050203,False,False,falling,falling,unavailable,accelerating,neutral,False,False,False,pass,S0,🌱 초발사 준비,발사 구조 관찰 또는 초기 준비,S0,False,,,2026-09-06T19:10:00Z,34054595745-1
KRW-PUNDIX,펀디엑스,137.0,126.53333333333333,115.66,143.475,0.9037745879851178,-9.401118220070323,11.808096648661206,-0.7204507411411754,-1.2517112782575486,,,9.433562558530854,,False,False,False,False,507.55885372995346,12.295081967213118,12.0,A급,0.0,0.13914436075691583,0.0,0.0,0.0,False,True,False,False,2026-09-07T04:28:14.981476+09:00,1788722894,413703.62393124995,0.0,,10,0.0,complete,1788722703275,1788722805906,962306.65434661,2238051.8655096,-0.3986257174775245,134.0,137.0,2.238805970149249,2.238805970149249,0.0,0.0,complete_hourly_ordered,/v1/candles/minutes/60,120,False,19.999999999999996,120.0,2026-09-02T10:00:00,144.0,2026-09-03T19:00:00,D-4,4.861111111111116,29.166666666666686,True,False,,-86.23701999145015,,0.13914436075691583,0.0,0.0,0.0,0.0,0.0,,-86.23701999145015,,0.13914436075691583,0.0,0.0,0.0,0.0,0.0,,-86.23701999145015,,0.13914436075691583,0.0,0.0,0.0,0.0,0.0,,,-100.0,0.3486084565083729,0.7352941176470562,-1.0,0.05316321105794941,-0.04134573052095014,-0.09598616173135888,,,-100.0,0.3486084565083729,0.7352941176470562,-1.0,0.05316321105794941,-0.04134573052095014,-0.09598616173135888,,,,0.678470339318153,0.7352941176470562,-1.0,0.05316321105794941,-0.04134573052095014,-0.09598616173135888,,-2592212.41804693,0.0,0.0,413703.62393124995,10849093.85549742,0.038132550924667254,0.7352941176470562,False,True,falling,flat_or_na,buy_only,accelerating,neutral,False,True,False,pass,S0,🌱 초발사 준비,발사 구조 관찰 또는 초기 준비,S1,True,발사 구조 관찰 또는 초기 준비,2026-09-07T04:28:14.981476+09:00,2026-09-06T19:10:00Z,34054595745-1
KRW-USD1,월드리버티파이낸셜유에스디,1365.0,1379.4666666666667,1411.84,1461.1916666666666,-0.0289883080490716,2.2929888183741234,5.593037646213415,-0.1072078038708653,-0.01701425427955101,,,,,False,False,False,False,-1.9066861510598332,-1.4440433212996373,7.0,B급,0.0,0.01850083973322647,0.0,0.0,0.0,False,False,False,False,2026-09-07T04:28:14.981476+09:00,1788722894,0.0,0.0,,0,0.0,complete,,,42300.58583017,33528.63087884,0.11568041095547438,1365.0,1365.0,0.0,0.0,0.0,,complete_hourly_ordered,/v1/candles/minutes/60,120,False,0.8778346744696464,1367.0,2026-09-02T11:00:00,1379.0,2026-09-03T02:00:00,D-4,1.0152284263959421,116.66666666666626,False,True,,,,0.01850083973322647,0.0,0.0,0.0,0.0,,,,,0.01850083973322647,0.0,0.0,0.0,0.0,,,,,0.01850083973322647,0.0,0.0,0.0,0.0,,,-100.0,,0.055502519199701617,0.0,0.0,0.0,0.0,,,-100.0,,0.055502519199701617,0.0,0.0,0.0,0.0,,,,,0.157324604136444,0.0,0.0,0.0,0.0,,,0.0,0.0,0.0,0,40003.657599915,0.0,0.0,False,False,flat_or_na,flat_or_na,unavailable,accelerating,neutral,False,False,False,pass,S0,🌱 초발사 준비,발사 구조 관찰 또는 초기 준비,S0,False,,,2026-09-06T19:10:00Z,34054595745-1
KRW-BAT,베이직어텐션토큰,101.0,95.76666666666667,96.24,121.26666666666667,0.21626901074367488,0.4918259905791035,21.02803738317757,-0.7083724551828434,-0.5780851187967798,0.6943042279250603,,,,False,False,False,False,37.14143588318968,5.098855359001053,6.0,관찰,1.2024048096192397,1.8372119192648242,0.0,0.0837170364168971,-0.05946296044614385,False,False,False,False,2026-09-07T04:28:14.981476+09:00,1788722894,2998330.0960333897,9900.990099,302.8313396996752,5,0.0,complete,1788722127132,1788722133144,217479.12360204,1651479.77006256,-0.7672724377842113,99.0,101.0,2.020202020202011,2.020202020202011,0.0,0.0,complete_hourly_ordered,/v1/candles/minutes/60,120,False,9.425785482123516,92.3,2026-09-03T10:00:00,101.0,2026-09-06T22:00:00,D-1,0.0,0.0,False,True,,,,1.8372119192648242,1.2024048096192397,0.0,0.0837170364168971,-0.05946296044614385,,,,,1.8372119192648242,1.2024048096192397,0.0,0.0837170364168971,-0.05946296044614385,,,,,1.8372119192648242,1.2024048096192397,0.0,0.0837170364168971,-0.05946296044614385,,302.8286743872156,59272.87318877999,-99.47744094508526,2.154322573324663,1.3039117352056095,0.0,0.0,0.0,,302.8286743872156,59272.87318877999,-99.47744094508526,2.154322573324663,1.3039117352056095,0.0,0.0,0.0,,,,,2.8455029330237736,0.0,0.0,0.0,0.0,,,2998330.0960333897,9900.990099,1.2024048096192397,3008231.0861323895,1236506.395666827,2.4328471706044845,0.0,False,False,rising,rising,buy_advantage_weakening,accelerating,neutral,False,False,False,pass,S0,🌱 초발사 준비,발사 구조 관찰 또는 초기 준비,S0,False,,,2026-09-06T19:10:00Z,34054595745-1
KRW-HUNT,헌트,122.0,120.53333333333333,115.28,125.25833333333334,0.22172949002217113,-4.557020587554936,3.7722041115029006,-0.555641773817234,-0.756135206868999,,,4.9887957566779955,,False,False,False,False,157.6809926811367,2.5210084033613356,13.0,A급,0.0,0.0,0.0,0.0,0.0,False,False,False,False,2026-09-07T04:28:14.981476+09:00,1788722894,0.0,0.0,,0,0.0,complete,,,2249980.74148107,4196001.18491621,-0.3018966645664781,124.0,124.0,0.0,-1.6129032258064502,1.6129032258064515,,complete_hourly_ordered,/v1/candles/minutes/60,120,False,10.344827586206895,116.0,2026-09-02T05:00:00,128.0,2026-09-03T13:00:00,D-4,4.6875,50.0,False,True,,,,0.0,0.0,0.0,0.0,0.0,0.0,,,,0.0,0.0,0.0,0.0,0.0,0.0,,,,0.0,0.0,0.0,0.0,0.0,0.0,,,-100.0,0.06479570222225561,0.0,0.0,0.0,0.0,0.0,,,-100.0,0.06479570222225561,0.0,0.0,0.0,0.0,0.0,,-100.0,-100.0,1.9185277302797203,-0.8130081300813052,0.0,-0.05543237250553723,0.04681826796910249,0.12218388310651118,,0.0,0.0,0.0,0,1731812.075849615,0.0,-0.8130081300813052,False,True,flat_or_na,flat_or_na,unavailable,flat_or_na,neutral,False,False,False,pass,S0,🌱 초발사 준비,발사 구조 관찰 또는 초기 준비,S1,True,발사 구조 관찰 또는 초기 준비,2026-09-07T04:28:14.981476+09:00,2026-09-06T19:10:00Z,34054595745-1
KRW-PENGU,펏지펭귄,11.8,12.433333333333334,10.0282,10.468916666666667,0.1611170784103333,-23.98369930130366,-18.764278379647685,0.05237667236686292,-0.9473112573082506,,,,,False,False,False,False,31.119554339549516,0.0,8.0,B급,0.0,0.14167760329919687,0.0,-0.05370569280342963,0.05422253966748514,False,False,False,False,2026-09-07T04:28:14.981476+09:00,1788722894,0.0,353600.03772347607,0.0,2,0.0,complete,1788722228743,1788722518865,112623632.53548773,87267745.80968583,0.12684832600442233,11.8,12.3,4.237288135593209,0.0,4.0650406504065035,100.0,complete_hourly_ordered,/v1/candles/minutes/60,120,False,10.71428571428572,11.2,2026-09-02T19:00:00,12.4,2026-09-04T00:00:00,D-3,4.8387096774193505,50.0,True,False,-1977.2362081275708,-100.0,6892.091141284825,0.14167760329919687,0.0,0.0,-0.05370569280342963,0.05422253966748514,,-1977.2362081275708,-100.0,6892.091141284825,0.14167760329919687,0.0,0.0,-0.05370569280342963,0.05422253966748514,,-1977.2362081275708,-100.0,6892.091141284825,0.14167760329919687,0.0,0.0,-0.05370569280342963,0.05422253966748514,,-0.0050201776839714505,-100.0,-98.37248133147882,0.3878186666834722,0.8547008547008739,0.0,-0.05370569280342963,0.05422253966748514,,-0.0050201776839714505,-100.0,-98.37248133147882,0.3878186666834722,0.8547008547008739,0.0,-0.05370569280342963,0.05422253966748514,,-0.7139250646418103,-100.0,-97.36478810215482,0.9084547788031934,0.0,0.0,0.0,0.0,,-1977.2362081275708,-9999165.967016555,348542.89486623206,0.0,353600.03772347607,30726960.90742149,0.01150781031644659,0.0,False,False,falling,rising,sell_only,accelerating,neutral,False,False,False,pass,S0,🌱 초발사 준비,발사 구조 관찰 또는 초기 준비,S0,False,,,2026-09-06T19:10:00Z,34054595745-1
KRW-FIL,파일코인,1084.0,1018.6666666666666,1014.48,1163.0,0.25588872121251605,-0.41269090239991035,12.410432788764693,-0.3648973349561068,-0.6173218585810094,,,,,False,False,False,False,9.268501881153512,0.6499535747446661,8.0,B급,0.27752081406104967,0.29939683381190463,0.0,0.013122498523721049,-0.01020952482535975,False,False,False,False,2026-09-07T04:28:14.981476+09:00,1788722894,10005225.13208082,8529375.39999468,1.1730313959550964,11,0.0,complete,1788722392673,1788722751540,132245.41705879,91946.55344689,0.1797515919994958,1077.0,1156.0,7.335190343546882,0.6499535747446661,6.228373702422145,91.13924050632903,complete_hourly_ordered,/v1/candles/minutes/60,120,False,14.003944773175547,1014.0,2026-09-04T21:00:00,1156.0,2026-09-06T11:00:00,D-1,6.228373702422141,50.704225352112765,False,True,1.1730313959550964,,6322.785893784344,0.29939683381190463,0.27752081406104967,0.0,0.013122498523721049,-0.01020952482535975,,1.1730313959550964,,6322.785893784344,0.29939683381190463,0.27752081406104967,0.0,0.013122498523721049,-0.01020952482535975,,1.1730313959550964,,6322.785893784344,0.29939683381190463,0.27752081406104967,0.0,0.013122498523721049,-0.01020952482535975,,-42.87471146898402,548.9857519639064,24269.644004489703,0.3631964752893282,0.4633920296570837,0.0,0.03936749557116315,-0.03062945237494219,,-42.87471146898402,548.9857519639064,24269.644004489703,0.3631964752893282,0.4633920296570837,0.0,0.03936749557116315,-0.03062945237494219,,0.9866193910704725,40712.691728821264,6385.739184937309,0.4906820305150106,0.27752081406104967,0.0,0.019683747785581573,-0.015314396973025168,,1.1730313959550964,10005225.13208082,8396576.711994682,0.27752081406104967,18534600.532075502,4599255.67332457,4.0299130660587466,0.27752081406104967,False,False,rising,rising,buy_advantage_accelerating,accelerating,leading_buy_inflow,False,False,False,pass,S0,🌱 초발사 준비,발사 구조 관찰 또는 초기 준비,S0,False,,,2026-09-06T19:10:00Z,34054595745-1
KRW-BEAM,빔,2.19,2.134666666666667,2.0798,2.252416666666667,0.2818665831506584,-2.638074173798771,5.227718376558512,-0.529852112328948,-0.6298974906280593,,,8.299316086092118,,False,False,False,False,-73.25227185095545,3.301886792452824,11.0,A급,0.0,0.009104695057573053,0.0,0.0,0.0,False,False,False,False,2026-09-07T04:28:14.981476+09:00,1788722894,643518.36,0.0,,1,0.0,complete,1788722828606,1788722828606,108053008.76617008,74690983.41383278,0.1825615439082435,2.18,2.19,0.4587155963302614,0.4587155963302614,0.0,0.0,complete_hourly_ordered,/v1/candles/minutes/60,120,False,9.756097560975618,2.05,2026-09-02T18:00:00,2.25,2026-09-03T05:00:00,D-4,2.6666666666666727,30.0,False,True,,179.5182654402429,-100.0,0.009104695057573053,0.0,0.0,0.0,0.0,0.0,,179.5182654402429,-100.0,0.009104695057573053,0.0,0.0,0.0,0.0,0.0,,179.5182654402429,-100.0,0.009104695057573053,0.0,0.0,0.0,0.0,0.0,,-69.88904092548034,,0.06768317239385624,0.0,0.0,0.0,0.0,0.0,,-69.88904092548034,,0.06768317239385624,0.0,0.0,0.0,0.0,0.0,,,,0.19593876065357563,0.9216589861751112,0.0,0.06263701847792902,-0.052186903346754576,-0.2240822651870502,,413294.2782261471,-7055.075145,0.0,643518.36,3282515.618468616,0.19604426445965215,0.9216589861751112,False,False,rising,falling,buy_only,accelerating,neutral,False,False,False,pass,S1,⚡ 선행 시동,가격 미급등 상태에서 선행조건 4개 개선,S0,True,가격 미급등 상태에서 선행조건 4개 개선,2026-09-07T04:28:14.981476+09:00,2026-09-06T19:10:00Z,34054595745-1
KRW-DOOD,두들즈,2.61,1.912,1.9052,2.456166666666667,2.6485325697924056,-0.35691790888095304,22.15511976657394,-0.8602352819266679,-1.3165186523284274,,,,,True,False,False,False,668.0664587080221,41.30434782608696,8.0,B급,1.9607843137255054,24.165719274803564,0.0,0.14316392269146938,-0.09801901863134788,False,True,False,True,2026-09-07T04:28:14.981476+09:00,1788722894,61192768.11517695,89315289.75468642,0.6851320561490553,245,0.0,complete,1788722010975,1788722901983,55559200.84223575,116925756.84707779,-0.355779175337584,2.0,2.62,31.000000000000007,30.499999999999993,0.3816793893129859,1.612903225806497,complete_hourly_ordered,/v1/candles/minutes/60,120,False,47.19101123595506,1.78,2026-09-02T19:00:00,2.62,2026-09-07T04:00:00,D0,0.0,0.0,False,False,-0.49536414306922905,-8.566328281803104,57.542040217165514,24.165719274803564,2.35294117647058,0.0,0.14316392269146938,-0.09801901863134788,,-0.49536414306922905,-8.566328281803104,57.542040217165514,24.165719274803564,2.35294117647058,0.0,0.14316392269146938,-0.09801901863134788,,-0.49536414306922905,-8.566328281803104,57.542040217165514,24.165719274803564,2.35294117647058,0.0,0.14316392269146938,-0.09801901863134788,,-1.5166127420011002,-9.34050696762936,191.34393201348908,62.22283273320238,6.0975609756097615,2.0,0.5368647100930435,-0.3677085711157382,,-1.5166127420011002,-9.34050696762936,191.34393201348908,62.22283273320238,6.0975609756097615,2.0,0.5368647100930435,-0.3677085711157382,,-0.422146196183419,-39.06300393212297,-1.516488824527784,83.34036995372571,7.851239669421495,2.0,0.6084466714387782,-0.4167646751546741,,-0.49536414306922905,-5733088.590847164,32622301.88200888,2.35294117647058,150508057.86986336,5030912.998504419,29.916648909374132,7.851239669421495,False,False,falling,rising,sell_advantage_accelerating,accelerating,neutral,False,False,False,pass,S0,🌱 초발사 준비,발사 구조 관찰 또는 초기 준비,S0,False,,,2026-09-06T19:10:00Z,34054595745-1
KRW-WAVES,웨이브,313.0,305.2,309.0,398.09166666666664,0.3287310979618763,1.2297734627831751,23.334240438759917,-0.7795457039567942,-0.7834822969677007,1.5775514591910758,,,,False,False,False,False,-53.19833188946952,2.960526315789469,5.0,관찰,-0.31847133757961776,0.06207319690485491,0.0,-0.02191540653078139,0.015141384920841716,False,False,False,False,2026-09-07T04:28:14.981476+09:00,1788722894,5305.08474502,780000.0,0.00680139069874359,4,0.0,complete,1788722239641,1788722533122,524113.15255942,592912.96707271,-0.06159194785521031,315.0,319.0,1.2698412698412653,-0.6349206349206327,1.8808777429467085,150.0,complete_hourly_ordered,/v1/candles/minutes/60,120,False,8.135593220338988,295.0,2026-09-02T20:00:00,319.0,2026-09-06T06:00:00,D-1,1.8808777429467072,25.00000000000014,False,False,,-99.52719205278014,,0.06207319690485491,-0.31847133757961776,0.0,-0.02191540653078139,0.015141384920841716,,,-99.52719205278014,,0.06207319690485491,-0.31847133757961776,0.0,-0.02191540653078139,0.015141384920841716,,,-99.52719205278014,,0.06207319690485491,-0.31847133757961776,0.0,-0.02191540653078139,0.015141384920841716,,-0.0033122557960875414,-92.74081533459962,-89.20561532215453,0.08887469646372637,-0.6349206349206327,0.0,-0.04383081306156278,0.030282135952884204,,-0.0033122557960875414,-92.74081533459962,-89.20561532215453,0.08887469646372637,-0.6349206349206327,0.0,-0.04383081306156278,0.030282135952884204,,,-97.25862357085968,,0.22536658057540393,-0.6349206349206327,0.0,-0.04383081306156278,0.030282135952884204,,,-1116732.8962606203,780000.0,-0.31847133757961776,785305.08474502,2805551.77467491,0.2799111004950234,-0.6349206349206327,False,False,falling,rising,sell_advantage_weakening,accelerating,neutral,False,False,False,pass,S0,🌱 초발사 준비,발사 구조 관찰 또는 초기 준비,S0,False,,,2026-09-06T19:10:00Z,34054595745-1
KRW-USDC,유에스디코인,1361.0,1378.2666666666667,1411.26,1460.775,-0.04351399700236458,2.3378635640019088,5.648257488890037,-0.10709050302844432,-0.018407081745993814,,,,,False,False,False,False,-58.13615049482293,-1.5184381778741818,7.0,B급,0.07347538574578039,0.06161813339203803,0.0,0.0048348885558158194,-0.004025558824629627,False,False,False,False,2026-09-07T04:28:14.981476+09:00,1788722894,22521.7391278,3182948.8766923,0.00707574642267093,3,0.0,complete,1788722448983,1788722867350,387109.20962355,177087.08940753,0.3722500849025429,1365.0,1366.0,0.073260073260073,-0.293040293040292,0.36603221083455345,500.0,complete_hourly_ordered,/v1/candles/minutes/60,120,False,0.8076358296622566,1362.0,2026-09-04T06:00:00,1373.0,2026-09-04T21:00:00,D-3,0.8739985433357633,109.09090909090922,False,True,0.00707574642267093,,-14.206534801444338,0.06161813339203803,0.0,0.0,0.0048348885558158194,-0.004025558824629627,,0.00707574642267093,,-14.206534801444338,0.06161813339203803,0.0,0.0,0.0048348885558158194,-0.004025558824629627,,0.00707574642267093,,-14.206534801444338,0.06161813339203803,0.0,0.0,0.0048348885558158194,-0.004025558824629627,,,,,0.22906991859101566,-0.21994134897360684,0.0,-0.009669777111642741,0.00805097986239911,,,,,0.22906991859101566,-0.21994134897360684,0.0,-0.009669777111642741,0.00805097986239911,,-0.019961516776599686,-82.85687400198098,-34.494089813391426,0.3152307014169864,-0.07342143906020615,0.0,-0.0048348885558158194,0.00402551289541897,,0.00707574642267093,22521.7391278,-527064.3152517001,0.0,3205470.6158201,3800270.1224670596,0.8434849398913707,-0.07342143906020615,False,False,rising,falling,sell_advantage_weakening,accelerating,leading_buy_inflow,False,False,False,pass,S0,🌱 초발사 준비,발사 구조 관찰 또는 초기 준비,S0,False,,,2026-09-06T19:10:00Z,34054595745-1
KRW-MOVE,무브먼트,12.3,11.993333333333334,11.4692,16.473,0.5589714924538747,-4.569920598937443,27.19399421275217,-2.2509282401203596,-1.6722591804164018,,,,,False,False,False,False,-36.537228000114496,5.128205128205132,8.0,B급,0.819672131147553,0.19985252462577563,0.0,0.05589714924536526,-0.036789027663470364,False,False,False,False,2026-09-07T04:28:14.981476+09:00,1788722894,13509956.084541531,1676997.703610613,8.056037319224885,29,0.0,complete,1788722088469,1788722594042,34604467.63306789,42150025.83942542,-0.0983077063632978,12.4,12.6,1.6129032258064502,-0.8064516129032251,2.3809523809523725,150.0,complete_hourly_ordered,/v1/candles/minutes/60,120,False,18.421052631578938,11.4,2026-09-02T10:00:00,13.5,2026-09-04T07:00:00,D-3,8.888888888888879,57.1428571428571,False,True,,433.65056948073385,,0.19985252462577563,0.819672131147553,0.0,0.05589714924536526,-0.036789027663470364,,,433.65056948073385,,0.19985252462577563,0.819672131147553,0.0,0.05589714924536526,-0.036789027663470364,,,433.65056948073385,,0.19985252462577563,0.819672131147553,0.0,0.05589714924536526,-0.036789027663470364,,7.855774548335111,7916.940829709736,99.29088222887063,0.22011436313289323,0.819672131147553,0.0,0.0,0.0,,7.855774548335111,7916.940829709736,99.29088222887063,0.22011436313289323,0.819672131147553,0.0,0.0,0.0,,-410.94934185866543,61.2145900251712,8284.98851802791,0.31629256615950396,0.0,0.0,0.0,0.0,,,10978345.16586729,1676997.703610613,0.819672131147553,15186953.788152143,16689981.779327976,0.9099443000568481,0.0,False,True,rising,rising,buy_advantage_weakening,accelerating,neutral,False,True,False,pass,S0,🌱 초발사 준비,발사 구조 관찰 또는 초기 준비,S3,True,발사 구조 관찰 또는 초기 준비,2026-09-07T04:28:14.981476+09:00,2026-09-06T19:10:00Z,34054595745-1
KRW-TREE,트리하우스,59.5,54.64,52.398,66.2975,0.7127058245269158,-4.2787892667659015,17.583619291828498,-0.9085055563281568,-1.0962205946668924,,,,,False,False,False,False,-61.43069153728581,9.040590405904059,8.0,B급,0.6814310051107331,0.1388131331898066,0.0,0.08601622020152355,-0.06314375028338759,False,False,False,False,2026-09-07T04:28:14.981476+09:00,1788722894,2308064.8510301206,3070780.066574962,0.7516216729921832,46,0.0,complete,1788722105250,1788722843132,940903.68971901,1603417.68014831,-0.26038927246987215,58.3,59.5,2.0583190394511286,2.0583190394511286,0.0,0.0,complete_hourly_ordered,/v1/candles/minutes/60,120,False,11.007462686567159,53.6,2026-09-02T06:00:00,59.5,2026-09-06T22:00:00,D-1,0.0,0.0,False,True,-1.0673328645033655,414.755512244479,1145.728946280236,0.1388131331898066,1.3628620102214661,0.0,0.08601622020152355,-0.06314375028338759,,-1.0673328645033655,414.755512244479,1145.728946280236,0.1388131331898066,1.3628620102214661,0.0,0.08601622020152355,-0.06314375028338759,,-1.0673328645033655,414.755512244479,1145.728946280236,0.1388131331898066,1.3628620102214661,0.0,0.08601622020152355,-0.06314375028338759,,0.5773608375497563,310.5853648903806,-4.807230449599508,0.2612658228736535,2.2336769759450092,0.0,0.08601622020152355,-0.06314375028338759,,0.5773608375497563,310.5853648903806,-4.807230449599508,0.2612658228736535,2.2336769759450092,0.0,0.08601622020152355,-0.06314375028338759,,0.6182464162922421,2.534160864442847,-81.80531440589482,0.3560235886719596,1.8835616438356295,0.0,0.049152125829432514,-0.03608078233589396,,-1.0673328645033655,1859684.0574051416,2824275.3934882237,1.3628620102214661,5378844.9176050825,8867074.898677863,0.60660871584688,1.8835616438356295,False,False,rising,rising,sell_advantage_accelerating,accelerating,neutral,False,False,False,pass,S0,🌱 초발사 준비,발사 구조 관찰 또는 초기 준비,S0,False,,,2026-09-06T19:10:00Z,34054595745-1
KRW-USDE,유에스디이,1362.0,1377.6666666666667,1411.66,1460.4333333333334,-0.038697818410482476,2.4080397073894098,5.667267705932028,-0.09480147001250136,-0.00355593365575384,,,,,False,False,False,False,-50.09987867012337,-1.7316017316017285,7.0,B급,0.0,0.0,0.0,0.0,0.0,False,False,False,False,2026-09-07T04:28:14.981476+09:00,1788722894,0.0,0.0,,0,0.0,complete,,,47077.69997364,21346.60411755,0.37605199202023043,1365.0,1373.0,0.586080586080584,-0.219780219780219,0.8011653313911145,137.5,complete_hourly_ordered,/v1/candles/minutes/60,120,False,2.2760646108663796,1362.0,2026-08-30T12:00:00,1393.0,2026-08-31T08:00:00,D-4,2.225412778176594,100.0,False,False,,,,0.0,0.0,0.0,0.0,0.0,,,,,0.0,0.0,0.0,0.0,0.0,,,,,0.0,0.0,0.0,0.0,0.0,,,,-100.0,0.0,0.0,0.0,0.0,0.0,,,,-100.0,0.0,0.0,0.0,0.0,0.0,,,,,1.9193917684154584,0.0,0.0,0.0,0.0,,,0.0,0.0,0.0,0,179736.64959705,0.0,0.0,False,False,flat_or_na,flat_or_na,unavailable,flat_or_na,neutral,False,False,False,pass,S0,🌱 초발사 준비,발사 구조 관찰 또는 초기 준비,S0,False,,,2026-09-06T19:10:00Z,34054595745-1
KRW-WET,휴미디파이,85.3,85.42,94.318,98.76333333333334,-0.9048723897911892,9.434042282491143,13.510412096257046,0.9827289728472313,0.7773165936128535,,,,,False,False,False,False,-26.79518307618719,3.645200486026723,4.0,-,0.0,0.04116392737038055,0.0,-0.007733952049515658,0.0060203212374361215,False,False,False,False,2026-09-07T04:28:14.981476+09:00,1788722894,0.0,0.0,,0,0.0,complete,,,839476.52692744,888974.68076819,-0.028637287312692442,84.6,86.5,2.245862884160754,0.8274231678486954,1.387283236994223,63.15789473684226,complete_hourly_ordered,/v1/candles/minutes/60,120,False,7.187112763320935,80.7,2026-09-02T10:00:00,86.5,2026-09-07T00:00:00,D0,1.387283236994219,20.68965517241388,False,False,,,-100.0,0.04116392737038055,0.0,0.0,-0.007733952049515658,0.0060203212374361215,,,,-100.0,0.04116392737038055,0.0,0.0,-0.007733952049515658,0.0060203212374361215,,,,-100.0,0.04116392737038055,0.0,0.0,-0.007733952049515658,0.0060203212374361215,,,-100.0,,0.34395073891085914,0.0,0.0,-0.015467904098998009,0.0120405408814932,,,-100.0,,0.34395073891085914,0.0,0.0,-0.015467904098998009,0.0120405408814932,,,-100.0,,1.3674029847290505,-0.5827505827505797,0.0,-0.03866976024748947,0.03010059027920242,,,0.0,-168238.49999986799,0.0,0,1200056.229013662,0.0,-0.5827505827505797,False,False,flat_or_na,falling,unavailable,accelerating,neutral,False,False,False,pass,S0,🌱 초발사 준비,발사 구조 관찰 또는 초기 준비,S0,False,,,2026-09-06T19:10:00Z,34054595745-1
KRW-USDT,테더,1363.0,1378.4,1410.84,1460.275,-0.03384421989072184,2.299339400640741,5.606820633099929,-0.11261940351902706,-0.022535216532561277,,,,,False,False,False,False,-30.50015797031278,-1.4461315979754197,7.0,B급,0.07342143906019505,0.07385196028485197,0.0,0.0,0.0,False,False,False,False,2026-09-07T04:28:14.981476+09:00,1788722894,80975914.62568505,9392786.81220756,8.621074473918942,150,0.0,complete,1788722017547,1788722930632,8785641.20781099,10346872.76336625,-0.08160096252417348,1365.0,1366.0,0.073260073260073,-0.146520146520146,0.21961932650073207,300.0,complete_hourly_ordered,/v1/candles/minutes/60,120,False,0.6603081438004477,1363.0,2026-09-04T06:00:00,1372.0,2026-09-04T21:00:00,D-3,0.6559766763848396,100.0,False,True,8.237970071554676,213.58732360162077,-86.06476668762642,0.07385196028485197,0.07342143906019505,0.0,0.0,0.0,,8.237970071554676,213.58732360162077,-86.06476668762642,0.07385196028485197,0.07342143906019505,0.0,0.0,0.0,,8.237970071554676,213.58732360162077,-86.06476668762642,0.07385196028485197,0.07342143906019505,0.0,0.0,0.0,,5.8538862778822125,-40.660292286220326,-80.9531701369009,0.21804363907174107,0.0,0.0,0.0,0.0,,5.8538862778822125,-40.660292286220326,-80.9531701369009,0.21804363907174107,0.0,0.0,0.0,0.0,,8.562406673680611,106.84413051700794,-98.59239237912226,0.5623834730576682,0.0,0.0,-0.0048348885558158194,0.0040266547623959426,,8.237970071554676,55153469.47845827,-58010367.492122434,0.07342143906019505,90368701.43789262,590148228.8333111,0.15312881920622945,0.0,False,False,rising,falling,buy_advantage_accelerating,accelerating,leading_buy_inflow,False,False,False,pass,S0,🌱 초발사 준비,발사 구조 관찰 또는 초기 준비,S0,False,,,2026-09-06T19:10:00Z,34054595745-1
KRW-USDS,유에스디에스,1369.0,1379.6,1411.58,1460.6333333333334,0.04350978970266706,2.2655464089885107,5.547821721171195,-0.11982583330452057,-0.03342319120976027,,,,,False,False,False,False,-43.49995315978592,-0.7971014492753614,7.0,B급,0.0,0.0,0.0,0.0,0.0,False,False,False,False,2026-09-07T04:28:14.981476+09:00,1788722894,0.0,0.0,,0,0.0,complete,,,47273.97932585,13384.21332201,0.5587005567505252,1372.0,1388.0,1.1661807580174877,-0.21865889212827616,1.3688760806916427,118.74999999999976,complete_hourly_ordered,/v1/candles/minutes/60,120,False,1.8341892883345645,1363.0,2026-09-06T18:00:00,1388.0,2026-09-06T23:00:00,D-1,1.368876080691639,76.00000000000024,False,False,,,,0.0,0.0,0.0,0.0,0.0,,,,,0.0,0.0,0.0,0.0,0.0,,,,,0.0,0.0,0.0,0.0,0.0,,,,,0.0,0.0,0.0,0.0,0.0,,,,,0.0,0.0,0.0,0.0,0.0,,,-100.0,,0.0,0.0,0.0,0.0,0.0,,,0.0,0.0,0.0,0,361954.500741145,0.0,0.0,False,False,flat_or_na,flat_or_na,unavailable,flat_or_na,neutral,False,False,False,pass,S0,🌱 초발사 준비,발사 구조 관찰 또는 초기 준비,S0,False,,,2026-09-06T19:10:00Z,34054595745-1
KRW-2Z,더블제로,70.2,75.44666666666667,78.536,101.57416666666667,-0.6845107503290815,3.9336525075549162,25.722583662184444,-0.2666233483844832,-0.13762245423835076,14.753593529559938,,,,False,False,False,False,20.81209939499058,-4.489795918367346,5.0,관찰,-0.14224751066855834,0.15403338513013765,0.0,-0.008775778850356186,0.005953914050881082,False,False,False,False,2026-09-07T04:28:14.981476+09:00,1788722894,77680.159919622,0.0,,3,0.0,complete,1788722166560,1788722224650,1160520.77970341,1181950.90925236,-0.009148511655439917,71.8,72.1,0.41782729805013297,-2.228412256267398,2.6352288488210704,633.3333333333386,complete_hourly_ordered,/v1/candles/minutes/60,120,False,4.022988505747138,69.6,2026-09-04T23:00:00,72.4,2026-09-05T16:00:00,D-2,3.03867403314918,78.57142857142819,False,False,,-64.94032771289577,-100.0,0.15403338513013765,-0.14224751066855834,0.0,-0.008775778850356186,0.005953914050881082,,,-64.94032771289577,-100.0,0.15403338513013765,-0.14224751066855834,0.0,-0.008775778850356186,0.005953914050881082,,,-64.94032771289577,-100.0,0.15403338513013765,-0.14224751066855834,0.0,-0.008775778850356186,0.005953914050881082,,,,-100.0,0.2027994104823776,0.14265335235379428,0.0,0.008775778850389493,-0.005954011745718191,,,,-100.0,0.2027994104823776,0.14265335235379428,0.0,0.008775778850389493,-0.005954011745718191,,,484.7536526208794,,0.235241925030639,0.0,0.0,0.0,0.0,,,-143885.402027158,-11070.40111,-0.14224751066855834,77680.159919622,1108602.616293162,0.07007033789922072,0.0,False,False,falling,falling,buy_only,accelerating,neutral,False,False,False,pass,S0,🌱 초발사 준비,발사 구조 관찰 또는 초기 준비,S0,False,,,2026-09-06T19:10:00Z,34054595745-1
KRW-BOUNTY,체인바운티,16.7,16.14,17.848,21.929166666666667,0.49813200498132204,9.569699686239346,26.39939198175945,-1.0698989756090844,-0.8749997118342812,8.944489063363573,,,,False,False,False,False,83.05016185705195,1.8292682926829285,8.0,B급,0.0,0.0,0.0,0.0,0.0,False,False,False,False,2026-09-07T04:28:14.981476+09:00,1788722894,0.0,0.0,,0,0.0,complete,,,8844816.30669593,9389920.43074223,-0.029893720534343318,16.6,16.9,1.8072289156626287,0.6024096385542022,1.1834319526627177,66.66666666666707,complete_hourly_ordered,/v1/candles/minutes/60,120,False,12.34567901234569,16.2,2026-09-02T03:00:00,18.2,2026-09-02T13:00:00,D-4,8.241758241758246,75.00000000000007,False,True,,,,0.0,0.0,0.0,0.0,0.0,,,,,0.0,0.0,0.0,0.0,0.0,,,,,0.0,0.0,0.0,0.0,0.0,,,,-100.0,0.20604633762577862,0.0,0.0,0.0,0.0,,,,-100.0,0.20604633762577862,0.0,0.0,0.0,0.0,,,,,1.2582588718329788,0.0,0.0,0.0,0.0,,,0.0,0.0,0.0,0,993549.34951926,0.0,0.0,False,False,flat_or_na,flat_or_na,unavailable,flat_or_na,neutral,False,True,False,pass,S0,🌱 초발사 준비,발사 구조 관찰 또는 초기 준비,S0,False,,,2026-09-06T19:10:00Z,34054595745-1
KRW-KAITO,카이토,428.0,433.2,919.9,844.1583333333333,-0.7484343974339391,52.907924774432004,48.68261285896208,-0.2425272495035024,0.4329914926935956,,,,,False,False,False,False,-56.66221220617903,1.4251781472684133,1.0,-,0.0,0.01664873592811489,0.0,-0.015274171376200574,0.007390746425059547,False,False,False,False,2026-09-07T04:28:14.981476+09:00,1788722894,298666.104,108533.64617990999,2.7518296354378284,4,0.0,complete,1788722322673,1788722829947,777010.85611903,650214.03788157,0.08884151248374082,424.0,430.0,1.4150943396226356,0.9433962264151052,0.46511627906976744,33.33333333333229,complete_hourly_ordered,/v1/candles/minutes/60,120,False,7.231920199501252,401.0,2026-09-04T21:00:00,430.0,2026-09-07T03:00:00,D0,0.46511627906976605,6.896551724138112,False,False,2.7518296354378284,,-92.59722503482163,0.01664873592811489,0.23419203747072626,0.0,-0.015274171376200574,0.007390746425059547,,2.7518296354378284,,-92.59722503482163,0.01664873592811489,0.23419203747072626,0.0,-0.015274171376200574,0.007390746425059547,,2.7518296354378284,,-92.59722503482163,0.01664873592811489,0.23419203747072626,0.0,-0.015274171376200574,0.007390746425059547,,2.7518296354378284,,185.59231166370517,0.2998096947911577,0.46948356807512415,0.0,0.015274171376200574,-0.007390892345938482,,2.7518296354378284,,185.59231166370517,0.2998096947911577,0.46948356807512415,0.0,0.015274171376200574,-0.007390892345938482,,,-74.60312037443575,,0.5853693452167832,0.46948356807512415,0.0,0.015274171376200574,-0.007390892345938482,,2.7518296354378284,298666.104,-1357587.4596275399,0.23419203747072626,407199.75017991,6187334.0369008705,0.06581182586092756,0.46948356807512415,False,False,rising,falling,buy_advantage_accelerating,accelerating,leading_buy_inflow,False,False,False,pass,S0,🌱 초발사 준비,발사 구조 관찰 또는 초기 준비,S0,False,,,2026-09-06T19:10:00Z,34054595745-1
KRW-LPT,라이브피어,1943.0,1919.9333333333334,1883.0,2380.0416666666665,0.13560500695410926,-1.9614090989555706,19.331944468759293,-0.6822617989237341,-0.7212283260960142,,,,,False,False,False,False,4345.659261854379,5.981511691136476,9.0,B급,-0.6119326874043818,1.2274640325131259,0.0,-0.020862308762170656,0.015111433617082781,False,True,False,False,2026-09-07T04:28:14.981476+09:00,1788722894,467726.69759661,1615971.39723811,0.28943996063049837,12,0.0,complete,1788722068299,1788722755000,12393.86022888,20478.81775041,-0.24594763854114884,1995.0,2029.0,1.7042606516290748,-2.6065162907268125,4.238541153277477,252.94117647058778,complete_hourly_ordered,/v1/candles/minutes/60,120,False,36.0601001669449,1797.0,2026-09-02T19:00:00,2445.0,2026-09-04T09:00:00,D-3,20.53169734151329,77.46913580246911,False,True,-0.020215048668184965,19.257189596279957,27.586343201981943,1.2274640325131259,-0.9178990311065838,0.0,-0.020862308762170656,0.015111433617082781,,-0.020215048668184965,19.257189596279957,27.586343201981943,1.2274640325131259,-0.9178990311065838,0.0,-0.020862308762170656,0.015111433617082781,,-0.020215048668184965,19.257189596279957,27.586343201981943,1.2274640325131259,-0.9178990311065838,0.0,-0.020862308762170656,0.015111433617082781,,-11.111469473115712,-55.02688448457329,1671.470725147547,3.7301077195079415,-1.370558375634523,0.0,-0.0730180806675973,0.05288724007562351,,-11.111469473115712,-55.02688448457329,1671.470725147547,3.7301077195079415,-1.370558375634523,0.0,-0.0730180806675973,0.05288724007562351,,-0.10615635365185921,7.012537250817896,46.260955903289094,3.7618219033711284,-1.7197774405665167,0.0,-0.09735744089012233,0.07051459195933774,,-0.020215048668184965,75526.69759661,349400.5741525502,-0.9178990311065838,2083698.09483472,2757299.85405689,0.755702391877662,-1.7197774405665167,False,True,rising,rising,sell_advantage_accelerating,accelerating,neutral,True,True,False,🔴 1차 급등 완료·상승분 반납 / 신규매수 금지,S3,🔴 1차 급등 완료·반납,당일/5D 급등 후 상승분 상당 부분 반납,S3,False,,,2026-09-06T19:10:00Z,34054595745-1
KRW-BLAST,블라스트,0.403,0.39280000000000004,0.37142000000000003,0.46357499999999996,0.39188958936788865,-5.756286683538853,15.267216739470404,-0.8330735312523508,-1.0023865601537802,,,,,False,False,False,False,-81.0459935232857,2.2842639593908753,7.0,B급,0.0,0.010609857402968714,0.0,0.0,0.0,False,False,False,False,2026-09-07T04:28:14.981476+09:00,1788722894,0.0,0.0,,0,0.0,complete,,,455104378.0503871,251295827.79814312,0.28851711616848763,0.402,0.409,1.741293532338295,0.24875621890547706,1.4669926650366627,85.71428571428535,complete_hourly_ordered,/v1/candles/minutes/60,120,False,6.788511749347248,0.383,2026-09-02T10:00:00,0.409,2026-09-06T20:00:00,D-1,1.4669926650366594,23.0769230769229,True,True,,,-100.0,0.010609857402968714,0.0,0.0,0.0,0.0,,,,-100.0,0.010609857402968714,0.0,0.0,0.0,0.0,,,,-100.0,0.010609857402968714,0.0,0.0,0.0,0.0,,,,,0.019791380767500755,0.0,0.0,0.0,0.0,,,,,0.019791380767500755,0.0,0.0,0.0,0.0,,,-100.0,-100.0,0.21849006300280394,0.7500000000000062,0.0,0.051116033395826044,-0.038575515949714756,,,0.0,-179820.08995502058,0.0,0,1331300.0297445073,0.0,0.7500000000000062,False,False,flat_or_na,falling,unavailable,accelerating,neutral,False,True,False,pass,S0,🌱 초발사 준비,발사 구조 관찰 또는 초기 준비,S0,False,,,2026-09-06T19:10:00Z,34054595745-1
KRW-ETHFI,이더파이,780.0,784.0666666666667,669.62,602.825,-0.10192814066082301,-17.091285604770874,-30.065386582617947,0.4603577040561099,0.19779327216112427,,,,,False,False,False,False,46.639482384819964,0.12853470437017567,4.0,-,-0.2560819462227859,0.29127088955345215,0.0,-0.008494011721726924,0.009260915308502149,False,False,False,False,2026-09-07T04:28:14.981476+09:00,1788722894,1104796.86165904,232522.99999453,4.751344433389513,9,0.0,complete,1788722049082,1788722912467,155811.72545485,203725.40502642,-0.13326489953188864,782.0,822.0,5.115089514066495,-0.2557544757033292,5.109489051094891,105.00000000000007,complete_hourly_ordered,/v1/candles/minutes/60,120,False,12.195121951219523,738.0,2026-09-03T00:00:00,828.0,2026-09-04T02:00:00,D-3,5.797101449275366,53.3333333333334,True,True,-0.6510668643242941,-87.6668042481025,-85.97681203687537,0.29127088955345215,-0.1280409731113985,0.0,-0.008494011721726924,0.009260915308502149,,-0.6510668643242941,-87.6668042481025,-85.97681203687537,0.29127088955345215,-0.1280409731113985,0.0,-0.008494011721726924,0.009260915308502149,,-0.6510668643242941,-87.6668042481025,-85.97681203687537,0.29127088955345215,-0.1280409731113985,0.0,-0.008494011721726924,0.009260915308502149,,4.751344433389513,,-88.04782121991595,0.7668014582325995,1.0362694300518172,0.0,0.059458082052166183,-0.06483357703258363,,4.751344433389513,,-88.04782121991595,0.7668014582325995,1.0362694300518172,0.0,0.059458082052166183,-0.06483357703258363,,-0.8336576996071585,-83.66590671905779,-80.79997207242033,1.3629417392390764,-0.1280409731113985,0.0,0.0,0.0,,-0.6510668643242941,-7853115.457936333,-1425609.2350291498,-0.1280409731113985,1337319.86165357,4126660.523320335,0.3240683002869242,-0.1280409731113985,False,False,falling,falling,buy_advantage_weakening,accelerating,neutral,False,True,False,pass,S0,🌱 초발사 준비,발사 구조 관찰 또는 초기 준비,S0,False,,,2026-09-06T19:10:00Z,34054595745-1
KRW-DKA,디카르고,5.0,4.856,4.8732,6.000166666666667,0.4551096400496446,0.352950833128127,19.068914752367995,-0.859452284873804,-0.8840360844326405,0.41066949188453417,,,,False,False,False,False,-89.72957800336637,0.6036217303823088,6.0,관찰,-0.7936507936507908,0.042855741107246104,0.0,-0.041373603640870726,0.02995912428662706,False,False,False,False,2026-09-07T04:28:14.981476+09:00,1788722894,0.0,0.0,,0,0.0,complete,,,22083207.53873395,15274513.91336138,0.1822566623637236,5.04,5.05,0.1984126984126977,-0.7936507936507908,0.9900990099009866,500.0,complete_hourly_ordered,/v1/candles/minutes/60,120,False,7.05394190871369,4.82,2026-09-02T11:00:00,5.16,2026-09-04T11:00:00,D-3,3.100775193798455,47.05882352941193,False,True,,-100.0,-100.0,0.042855741107246104,-0.7936507936507908,0.0,-0.041373603640870726,0.02995912428662706,,,-100.0,-100.0,0.042855741107246104,-0.7936507936507908,0.0,-0.041373603640870726,0.02995912428662706,,,-100.0,-100.0,0.042855741107246104,-0.7936507936507908,0.0,-0.041373603640870726,0.02995912428662706,,,-100.0,,0.05156661434102716,-0.3984063745019806,0.0,-0.013791201213608772,0.009986652149951425,,,-100.0,,0.05156661434102716,-0.3984063745019806,0.0,-0.013791201213608772,0.009986652149951425,,,-100.0,-100.0,0.06625402564276328,0.0,0.0,0.0,0.0,,,-5269974.106071847,-438928.6574040001,-0.7936507936507908,0,1244102.8136480674,0.0,0.0,False,False,falling,falling,unavailable,accelerating,neutral,False,True,False,pass,S0,🌱 초발사 준비,발사 구조 관찰 또는 초기 준비,S0,False,,,2026-09-06T19:10:00Z,34054595745-1
KRW-ANKR,앵커,5.93,5.614000000000001,5.1558,5.684,0.5252477020413204,-8.88707862989256,1.2315270935960485,-0.6033755789917622,-0.9974761025888685,,,1.234643206388323,,False,False,False,False,7815.85302890285,8.211678832116775,14.0,A급,-0.16835016835018424,0.3334774248087342,0.0,-0.011937447773657794,0.010280630519320377,True,True,False,False,2026-09-07T04:28:14.981476+09:00,1788722894,632400.2986353536,719310.5629925746,0.8791756039343492,3,0.0,complete,1788722189130,1788722921985,18739869.59401984,12106853.76455831,0.2150314557677958,5.83,5.96,2.2298456260720467,1.715265866209248,0.5033557046979908,23.07692307692392,complete_hourly_ordered,/v1/candles/minutes/60,120,False,32.706766917293216,5.32,2026-09-02T10:00:00,7.06,2026-09-03T09:00:00,D-4,15.722379603399428,63.793103448275836,True,True,0.8329937927770301,501.9993323521147,-68.37785379950836,0.3334774248087342,-0.16835016835018424,0.0,-0.011937447773657794,0.010280630519320377,0.01282521191107544,0.8329937927770301,501.9993323521147,-68.37785379950836,0.3334774248087342,-0.16835016835018424,0.0,-0.011937447773657794,0.010280630519320377,0.01282521191107544,0.8329937927770301,501.9993323521147,-68.37785379950836,0.3334774248087342,-0.16835016835018424,0.0,-0.011937447773657794,0.010280630519320377,0.01282521191107544,,6224.002986381994,,1.2365280544954658,-0.3361344537815225,0.0,-0.023874895547337793,0.020560959598105555,0.025597393215954334,,6224.002986381994,,1.2365280544954658,-0.3361344537815225,0.0,-0.023874895547337793,0.020560959598105555,0.025597393215954334,0.8791756039343492,,-62.218861151338785,2.48549562369044,-0.16835016835018424,0.0,-0.011937447773657794,0.010280630519320377,0.01282521191107544,0.8329937927770301,527350.2986354438,-1555394.507409608,-0.16835016835018424,1351710.8616279282,31577494.075378872,0.04280614726429048,-0.16835016835018424,False,True,rising,falling,sell_advantage_weakening,accelerating,leading_buy_inflow,True,True,False,🔴 1차 급등 완료·상승분 반납 / 신규매수 금지,S1,⚡ 선행 시동,가격 미급등 상태에서 선행조건 5개 개선,S3,True,가격 미급등 상태에서 선행조건 5개 개선,2026-09-07T04:28:14.981476+09:00,2026-09-06T19:10:00Z,34054595745-1
KRW-ALGO,알고랜드,129.0,124.86666666666666,120.8,136.23333333333332,0.1068947087119021,-3.3664459161147873,8.343528260337651,-0.08157324792007267,-0.47731523873778203,,,,,False,False,False,False,24.445554757194277,5.737704918032782,9.0,B급,0.0,0.3281571040644842,0.0,0.0,0.0,False,False,False,False,2026-09-07T04:28:14.981476+09:00,1788722894,12314847.91735278,7947946.06996134,1.5494377803966002,22,0.0,complete,1788722255955,1788722859744,5647263.39550351,5639013.02134045,0.0007310094010054924,129.0,131.0,1.5503875968992276,0.0,1.5267175572519083,100.0,complete_hourly_ordered,/v1/candles/minutes/60,120,False,12.605042016806722,119.0,2026-09-02T11:00:00,134.0,2026-09-05T23:00:00,D-2,3.731343283582089,33.3333333333334,False,False,,728.9108017335875,,0.3281571040644842,0.0,0.0,0.0,0.0,,,728.9108017335875,,0.3281571040644842,0.0,0.0,0.0,0.0,,,728.9108017335875,,0.3281571040644842,0.0,0.0,0.0,0.0,,1.3958153018329338,1107.437171174914,19.714062282845333,0.6956650647326654,0.0,0.0,-0.05344735435597325,0.04332641312986851,,1.3958153018329338,1107.437171174914,19.714062282845333,0.6956650647326654,0.0,0.0,-0.05344735435597325,0.04332641312986851,,,,,0.9389090552304182,0.0,0.0,0.0,0.0,,,10829181.680213941,7947946.06996134,0.0,20262793.98731412,5976477.203484421,3.3904243749981102,0.0,False,False,rising,rising,buy_advantage_weakening,accelerating,neutral,False,False,False,pass,S0,🌱 초발사 준비,발사 구조 관찰 또는 초기 준비,S0,False,,,2026-09-06T19:10:00Z,34054595745-1
KRW-SHIB,시바이누,0.00741,0.007288,0.0068411999999999995,0.0071705,-0.0639912240606999,-6.53101795006725,-1.6386583920228774,0.3109166713630328,-0.30948438146533663,,,,,False,False,False,False,5.16683090423411,4.225352112676051,7.0,B급,-0.13495276653170407,0.04885939484962076,0.0,0.0,0.0,False,False,False,False,2026-09-07T04:28:14.981476+09:00,1788722894,250491.10688465997,0.0,,5,0.0,complete,1788722272249,1788722760654,84270544908.60426,61237841985.49625,0.15829123952745744,0.00746,0.00756,1.3404825737265424,-0.6702412868632712,1.9841269841269837,150.0,complete_hourly_ordered,/v1/candles/minutes/60,120,False,9.942363112391917,0.00694,2026-09-02T19:00:00,0.00763,2026-09-05T22:00:00,D-2,2.8833551769331556,31.88405797101443,False,True,,-79.81201726616077,-100.0,0.04885939484962076,0.0,0.0,0.0,0.0,,,-79.81201726616077,-100.0,0.04885939484962076,0.0,0.0,0.0,0.0,,,-79.81201726616077,-100.0,0.04885939484962076,0.0,0.0,0.0,0.0,,,62.25628102343701,-100.0,0.10123811829139129,0.40650406504063596,0.0,0.01828320687449203,-0.01623265635276172,,,62.25628102343701,-100.0,0.10123811829139129,0.40650406504063596,0.0,0.01828320687449203,-0.01623265635276172,,,-99.496446907732,-100.0,0.3013059698054654,0.13513513513512265,0.0,0.0,0.0,,,-990302.0431153399,-1480000.0,0.0,250491.10688465997,37676969.38586305,0.006648387887021717,0.13513513513512265,False,False,falling,falling,buy_only,accelerating,neutral,False,False,False,pass,S0,🌱 초발사 준비,발사 구조 관찰 또는 초기 준비,S0,False,,,2026-09-06T19:10:00Z,34054595745-1
KRW-UNI,유니스왑,9700.0,7346.333333333333,5992.68,5248.941666666667,3.5667293233082598,-22.588446793977532,-39.958372560817814,-2.6444420669370317,-3.8909590951079522,,,,,False,False,False,False,42.70712806773276,19.715698393077872,5.0,관찰,-1.5752032520325199,0.18116401582728514,0.0,-0.09868421052632304,0.1100107795527947,False,False,False,False,2026-09-07T04:28:14.981476+09:00,1788722894,11374507.765050005,17839394.07991195,0.6376061717173606,48,0.0,complete,1788722003381,1788722877550,19509.83393425,21136.76425278,-0.040026235677679455,9630.0,10220.0,6.126687435098654,0.7268951194184803,5.088062622309197,88.13559322033905,complete_hourly_ordered,/v1/candles/minutes/60,120,False,32.126696832579185,7735.0,2026-09-03T16:00:00,10220.0,2026-09-06T10:00:00,D-1,5.088062622309197,20.925553319919523,True,True,0.2758599365938142,507.315139966209,244.56060051076815,0.18116401582728514,-1.4227642276422814,0.0,-0.09868421052632304,0.1100107795527947,,0.2758599365938142,507.315139966209,244.56060051076815,0.18116401582728514,-1.4227642276422814,0.0,-0.09868421052632304,0.1100107795527947,,0.2758599365938142,507.315139966209,244.56060051076815,0.18116401582728514,-1.4227642276422814,0.0,-0.09868421052632304,0.1100107795527947,,0.29596566165836763,-45.88234514068683,-71.00281642579829,0.3602766228333607,-0.7164790174002067,0.0,-0.09398496240602405,0.10477300256348343,,0.29596566165836763,-45.88234514068683,-71.00281642579829,0.3602766228333607,-0.7164790174002067,0.0,-0.09398496240602405,0.10477300256348343,,-0.7379018424741332,-97.03178916683446,-93.59667774571192,1.8772317894848243,-2.7081243731193583,0.0,-0.20206766917294505,0.22522084200846137,,0.2758599365938142,9501590.886066405,12661961.1251669,-1.4227642276422814,29213901.844961956,95221480.4561297,0.3067994921421259,-2.7081243731193583,False,False,rising,rising,sell_advantage_weakening,accelerating,leading_buy_inflow,False,False,False,pass,S0,🌱 초발사 준비,발사 구조 관찰 또는 초기 준비,S0,False,,,2026-09-06T19:10:00Z,34054595745-1
KRW-BIO,바이오프로토콜,37.6,38.32,36.656,43.375,-0.484764542936289,-4.539502400698389,11.654178674351584,0.666912930279833,-0.0018402525972460281,,6.806739222755268,,,False,False,False,False,13.788009252130662,6.214689265536721,8.0,B급,-0.2652519893899252,0.05884860604989939,0.0,-0.017313019390585715,0.013672247962071893,False,False,False,False,2026-09-07T04:28:14.981476+09:00,1788722894,0.0,0.0,,0,0.0,complete,,,3368016.31468928,3624147.76340756,-0.036631212577035964,38.0,38.5,1.3157894736842035,-1.0526315789473606,2.337662337662334,179.99999999999983,complete_hourly_ordered,/v1/candles/minutes/60,120,False,14.285714285714302,34.3,2026-09-02T19:00:00,39.2,2026-09-04T03:00:00,D-3,4.081632653061229,32.653061224489775,True,False,,,,0.05884860604989939,-0.2652519893899252,0.0,-0.017313019390585715,0.013672247962071893,,,,,0.05884860604989939,-0.2652519893899252,0.0,-0.017313019390585715,0.013672247962071893,,,,,0.05884860604989939,-0.2652519893899252,0.0,-0.017313019390585715,0.013672247962071893,,,,,0.37900725669004487,-0.2652519893899252,0.0,-0.017313019390585715,0.013672247962071893,,,,,0.37900725669004487,-0.2652519893899252,0.0,-0.017313019390585715,0.013672247962071893,,,-100.0,-100.0,0.5069643457936923,0.2666666666666595,2.0,0.03462603878117143,-0.02734607203637296,,,0.0,0.0,-0.2652519893899252,0,3137433.277072178,0.0,0.2666666666666595,False,False,flat_or_na,flat_or_na,unavailable,accelerating,neutral,False,False,False,pass,S0,🌱 초발사 준비,발사 구조 관찰 또는 초기 준비,S0,False,,,2026-09-06T19:10:00Z,34054595745-1
KRW-WLFI,월드리버티파이낸셜,76.7,79.15333333333334,79.814,85.24583333333334,-0.3524968527066741,0.8277578703819594,7.14697688059045,0.32941224379928896,0.20863074702885537,,,,,False,False,False,False,-51.45850031197243,-2.7883396704689534,5.0,관찰,-0.3896103896103842,0.1763515412903871,0.0,-0.025178346621901326,0.020737853434506626,False,False,False,False,2026-09-07T04:28:14.981476+09:00,1788722894,144549.397114653,2971601.56078344,0.04864359980903485,19,0.0,complete,1788722000104,1788722895458,6222139.86001832,3199645.26381316,0.32079850649109554,78.1,78.6,0.6402048655569814,-1.7925736235595235,2.4173027989821776,379.99999999999613,complete_hourly_ordered,/v1/candles/minutes/60,120,False,5.49738219895286,76.4,2026-09-03T09:00:00,80.6,2026-09-04T14:00:00,D-3,4.83870967741934,92.857142857143,False,False,0.014378664745199277,2734.3019043022477,1896.5045984155126,0.1763515412903871,-0.3896103896103842,0.0,-0.025178346621901326,0.020737853434506626,,0.014378664745199277,2734.3019043022477,1896.5045984155126,0.1763515412903871,-0.3896103896103842,0.0,-0.025178346621901326,0.020737853434506626,,0.014378664745199277,2734.3019043022477,1896.5045984155126,0.1763515412903871,-0.3896103896103842,0.0,-0.025178346621901326,0.020737853434506626,,0.015316759418125922,-44.617937994891555,-62.05648537095199,0.22624758528422717,-0.2600780234070288,0.0,-0.025178346621901326,0.020737853434506626,,0.015316759418125922,-44.617937994891555,-62.05648537095199,0.22624758528422717,-0.2600780234070288,0.0,-0.025178346621901326,0.020737853434506626,,-0.12945275441031423,-91.2535448947713,-67.97704584570809,0.5057956757196251,-0.77619663648123,0.0,-0.050356693243813755,0.04147449058449748,,0.014378664745199277,139449.39711482098,2822761.3545979997,-0.3896103896103842,3116150.957898093,8511229.4829267,0.36612230514392885,-0.77619663648123,False,False,rising,rising,sell_advantage_weakening,accelerating,leading_buy_inflow,False,False,False,pass,S0,🌱 초발사 준비,발사 구조 관찰 또는 초기 준비,S0,False,,,2026-09-06T19:10:00Z,34054595745-1
KRW-TOKAMAK,토카막네트워크,442.0,434.2,446.02,549.5583333333333,0.0768285187461526,2.650105376440517,20.991098912763274,-0.8972158455080311,-0.8539551773159169,2.9536988113935347,,,,False,False,False,False,-24.71869010787898,1.6091954022988464,5.0,관찰,0.0,0.0,0.0,0.0,0.0,False,False,False,False,2026-09-07T04:28:14.981476+09:00,1788722894,0.0,0.0,,0,0.0,complete,,,171237.96866496,203679.60141506,-0.08653004110523776,448.0,449.0,0.22321428571427937,-1.3392857142857095,1.55902004454343,700.0000000000149,complete_hourly_ordered,/v1/candles/minutes/60,120,False,7.838479809976251,421.0,2026-09-02T11:00:00,454.0,2026-09-04T00:00:00,D-3,2.643171806167399,36.363636363636466,False,True,,,,0.0,0.0,0.0,0.0,0.0,,,,,0.0,0.0,0.0,0.0,0.0,,,,,0.0,0.0,0.0,0.0,0.0,,,,-100.0,0.31230398754382804,0.0,0.0,0.0,0.0,,,,-100.0,0.31230398754382804,0.0,0.0,0.0,0.0,,,-100.0,,0.48049419747914257,-0.8968609865470878,0.0,-0.06146281499692652,0.04372889562933224,,,0.0,0.0,0.0,0,1561529.6727825599,0.0,-0.8968609865470878,False,False,flat_or_na,flat_or_na,unavailable,flat_or_na,neutral,False,False,False,pass,S0,🌱 초발사 준비,발사 구조 관찰 또는 초기 준비,S0,False,,,2026-09-06T19:10:00Z,34054595745-1
KRW-SKY,스카이프로토콜,95.8,94.80666666666666,85.43,89.29916666666666,0.4662663369833897,-10.97584767255841,-6.167470767737653,-0.41469134896351034,-0.73741408077667,,,,,False,False,False,False,-18.268066103400937,-6.07843137254902,7.0,B급,0.3141361256544517,0.002689054476459063,0.0,0.021193924408335896,-0.019424928027329535,False,False,False,False,2026-09-07T04:28:14.981476+09:00,1788722894,0.0,40000.99999903,0.0,2,0.0,complete,1788722468161,1788722468161,833436.63104657,1367785.4872432,-0.24275099353071644,96.4,98.2,1.8672199170124415,-0.6224066390041583,2.4439918533604947,133.33333333333394,complete_hourly_ordered,/v1/candles/minutes/60,120,False,7.675438596491224,91.2,2026-09-05T21:00:00,98.2,2026-09-06T21:00:00,D-1,2.4439918533604943,34.285714285714405,False,False,,,,0.002689054476459063,0.3141361256544517,0.0,0.021193924408335896,-0.019424928027329535,,,,,0.002689054476459063,0.3141361256544517,0.0,0.021193924408335896,-0.019424928027329535,,,,,0.002689054476459063,0.3141361256544517,0.0,0.021193924408335896,-0.019424928027329535,,,,,0.002689054476459063,0.3141361256544517,0.0,0.021193924408335896,-0.019424928027329535,,,,,0.002689054476459063,0.3141361256544517,0.0,0.021193924408335896,-0.019424928027329535,,-0.007364932098064232,-100.0,-99.01798450383504,0.12948355333474026,-0.5192107995846351,0.0,-0.03532320734722649,0.032372463198103496,,,0.0,40000.99999903,0.3141361256544517,40000.99999903,1047378.056473936,0.038191558197902174,-0.5192107995846351,False,False,flat_or_na,rising,sell_only,accelerating,neutral,False,True,False,pass,S0,🌱 초발사 준비,발사 구조 관찰 또는 초기 준비,S0,False,,,2026-09-06T19:10:00Z,34054595745-1
KRW-CYBER,사이버,428.0,433.8,442.24,534.1333333333333,-0.7474069554606388,1.9084659913169315,18.784323514727905,0.17601400801402378,-0.10434464443417539,,,,,False,False,False,False,81.69759941987198,3.3816425120772875,7.0,B급,0.0,0.4777799501138418,0.0,0.0,0.0,False,False,False,False,2026-09-07T04:28:14.981476+09:00,1788722894,0.0,0.0,,0,0.0,complete,,,84620.75402098,79566.68248368,0.030782328081214467,427.0,434.0,1.6393442622950838,0.23419203747072626,1.3824884792626728,85.71428571428571,complete_hourly_ordered,/v1/candles/minutes/60,120,False,7.9601990049751326,402.0,2026-09-05T10:00:00,434.0,2026-09-06T20:00:00,D-1,1.382488479262678,18.750000000000036,False,True,,,,0.4777799501138418,0.0,0.0,0.0,0.0,,,,,0.4777799501138418,0.0,0.0,0.0,0.0,,,,,0.4777799501138418,0.0,0.0,0.0,0.0,,,,-100.0,0.5083939049335271,0.0,0.0,0.0,0.0,,,,-100.0,0.5083939049335271,0.0,0.0,0.0,0.0,,,,,1.034393187607833,0.0,0.0,0.0,0.0,,,0.0,0.0,0.0,0,962542.381961595,0.0,0.0,False,False,flat_or_na,flat_or_na,unavailable,accelerating,neutral,False,False,False,pass,S0,🌱 초발사 준비,발사 구조 관찰 또는 초기 준비,S0,False,,,2026-09-06T19:10:00Z,34054595745-1
KRW-SKR,시커,27.8,22.766666666666666,14.321800000000001,15.566583333333334,5.206407886629694,-58.96512077159759,-46.25345960096145,-5.274180262277278,-7.51486602818513,,,,,False,False,False,False,-65.34582367437739,-11.217948717948723,8.0,B급,0.0,0.0068957924913206625,0.0,0.0,0.0,False,False,False,False,2026-09-07T04:28:14.981476+09:00,1788722894,5628929.826898598,12155962.421881652,0.46305916648492584,24,0.0,complete,1788722067591,1788722791588,11830954.91736658,13771901.29297813,-0.07580975964811774,29.8,30.5,2.348993288590595,-6.711409395973156,8.852459016393441,385.71428571428686,complete_hourly_ordered,/v1/candles/minutes/60,120,False,32.835820895522396,26.8,2026-09-02T10:00:00,35.6,2026-09-02T12:00:00,D-4,21.91011235955056,88.63636363636364,False,True,0.45074775555165353,2541.6194633620967,-29.76693887812345,0.0068957924913206625,0.3610108303249149,0.0,0.0,0.0,,0.45074775555165353,2541.6194633620967,-29.76693887812345,0.0068957924913206625,0.3610108303249149,0.0,0.0,0.0,,0.45074775555165353,2541.6194633620967,-29.76693887812345,0.0068957924913206625,0.3610108303249149,0.0,0.0,0.0,,-9.911599155985959,-87.41994653610583,181.85114519391985,0.01642943025507293,-0.35842293906809264,0.0,-0.030807147258160583,0.03499545206062038,,-9.911599155985959,-87.41994653610583,181.85114519391985,0.01642943025507293,-0.35842293906809264,0.0,-0.030807147258160583,0.03499545206062038,,-6.803694846636926,-15.829868998496222,1220.8757789704193,0.06330942823808527,0.3610108303249149,0.0,-0.030807147258160583,0.03499545206062038,,0.45074775555165353,5415843.502203881,-5152072.038964668,0.3610108303249149,17784892.24878025,103080285.30172202,0.17253437159901946,0.3610108303249149,False,False,rising,falling,sell_advantage_weakening,accelerating,leading_buy_inflow,True,True,False,🔴 1차 급등 완료·상승분 반납 / 신규매수 금지,S3,🔴 1차 급등 완료·반납,당일/5D 급등 후 상승분 상당 부분 반납,S3,False,,,2026-09-06T19:10:00Z,34054595745-1
KRW-DOGE,도지코인,122.0,119.6,107.9,121.61666666666666,-0.22246941045606095,-10.843373493975893,1.6582157050842805,0.06612171580780543,-0.4652607802677166,,,3.564056493500534,,False,False,False,False,40.36739000361318,7.964601769911495,12.0,A급,0.0,1.962421418493875,0.0,0.0,0.0,False,False,False,False,2026-09-07T04:28:14.981476+09:00,1788722894,76257575.03970437,0.0,,16,0.0,complete,1788722087339,1788722930452,112433033.93572804,103189478.11306827,0.042869159323066966,122.0,126.0,3.2786885245901676,0.0,3.1746031746031744,100.0,complete_hourly_ordered,/v1/candles/minutes/60,120,False,18.181818181818187,110.0,2026-09-02T10:00:00,130.0,2026-09-06T02:00:00,D-1,6.153846153846154,39.99999999999999,False,False,,-92.82100843286608,-100.0,1.962421418493875,0.0,0.0,0.0,0.0,0.0,,-92.82100843286608,-100.0,1.962421418493875,0.0,0.0,0.0,0.0,0.0,,-92.82100843286608,-100.0,1.962421418493875,0.0,0.0,0.0,0.0,0.0,,18036.608258333377,-100.0,2.039930507388135,0.0,0.0,0.05561735261401246,-0.04808183483211992,-0.1807442548587348,,18036.608258333377,-100.0,2.039930507388135,0.0,0.0,0.05561735261401246,-0.04808183483211992,-0.1807442548587348,,162.64779831703044,,2.275818493987501,0.0,0.0,0.0,0.0,0.0,,-985974833.6013436,-53667650.50807959,0.0,76257575.03970437,134056356.00068933,0.5688471424608338,0.0,False,True,falling,falling,buy_only,accelerating,neutral,False,False,False,pass,S0,🌱 초발사 준비,발사 구조 관찰 또는 초기 준비,S1,True,발사 구조 관찰 또는 초기 준비,2026-09-07T04:28:14.981476+09:00,2026-09-06T19:10:00Z,34054595745-1
KRW-WLD,월드코인,562.0,535.7333333333333,499.52,569.5666666666667,0.3747189607794077,-7.249626307922279,5.940188447357646,-0.33790929143796433,0.037659033495704985,,,,,False,False,False,False,-11.58514557058452,11.507936507936511,7.0,B급,0.0,0.12588914610400792,0.0,0.012490632025974335,-0.010328766272796663,False,False,False,False,2026-09-07T04:28:14.981476+09:00,1788722894,7432987.82458264,7975687.784285321,0.9319557166252201,17,0.0,complete,1788722021909,1788722461324,1468230.61490174,1444481.44428535,0.008153628005034714,543.0,579.0,6.629834254143652,3.4990791896869267,2.936096718480138,47.22222222222223,complete_hourly_ordered,/v1/candles/minutes/60,120,False,19.135802469135797,486.0,2026-09-03T00:00:00,579.0,2026-09-06T21:00:00,D-1,2.936096718480141,18.27956989247312,False,True,0.028822474108539997,-29.25837206004568,-31.44618925277529,0.12588914610400792,0.0,0.0,0.012490632025974335,-0.010328766272796663,,0.028822474108539997,-29.25837206004568,-31.44618925277529,0.12588914610400792,0.0,0.0,0.012490632025974335,-0.010328766272796663,,0.028822474108539997,-29.25837206004568,-31.44618925277529,0.12588914610400792,0.0,0.0,0.012490632025974335,-0.010328766272796663,,-2.3512595537510377,-83.03945069914207,-40.249162631683745,0.38712575661466,0.7168458781362075,0.0,0.012490632025974335,-0.010328766272796663,,-2.3512595537510377,-83.03945069914207,-40.249162631683745,0.38712575661466,0.7168458781362075,0.0,0.012490632025974335,-0.010328766272796663,,0.38946183660778777,-32.536369067876436,-60.7292425471009,0.6068038439488781,0.3571428571428559,0.0,0.02498126405194867,-0.02065783479491934,,0.028822474108539997,-3074245.3859561104,-3658512.7034070482,0.0,15408675.608867962,69329716.60151994,0.22225210723752117,0.3571428571428559,False,False,falling,falling,sell_advantage_weakening,accelerating,neutral,False,True,False,pass,S0,🌱 초발사 준비,발사 구조 관찰 또는 초기 준비,S0,False,,,2026-09-06T19:10:00Z,34054595745-1
KRW-PEPE,페페,0.0049,0.005086666666666667,0.0043922,0.004487833333333333,-0.8575883575883569,-15.81136256697481,-13.343484235154321,0.46901169697184353,-0.27244508658983885,,,,,False,False,False,False,22.69709153944579,2.2964509394572064,8.0,B급,-0.20366598778005507,0.12789300754532107,0.0,0.0,0.0,False,False,False,False,2026-09-07T04:28:14.981476+09:00,1788722894,5624.197415956699,3533440.2816901407,0.0015917058072554978,6,0.0,complete,1788722249913,1788722516124,103230487067.1955,54309107632.32537,0.310533866284086,0.00493,0.00503,2.0283975659229014,-0.608519269776886,2.5844930417495013,130.00000000000077,complete_hourly_ordered,/v1/candles/minutes/60,120,False,14.686825053995678,0.00463,2026-09-02T19:00:00,0.00531,2026-09-04T03:00:00,D-3,7.721280602636527,60.29411764705882,True,False,-0.9824852649119312,8.832161884755486,67185.8160698907,0.12789300754532107,-0.20366598778005507,0.0,0.0,0.0,,-0.9824852649119312,8.832161884755486,67185.8160698907,0.12789300754532107,-0.20366598778005507,0.0,0.0,0.0,,-0.9824852649119312,8.832161884755486,67185.8160698907,0.12789300754532107,-0.20366598778005507,0.0,0.0,0.0,,,-99.69492990713015,,0.14219513990547483,0.0,0.0,-0.012993762993762648,0.012750097776715208,,,-99.69492990713015,,0.14219513990547483,0.0,0.0,-0.012993762993762648,0.012750097776715208,,-53.09868181678675,-99.92111207067339,2531.7492879522315,0.29060741559834113,0.2044989775050965,0.0,0.012993762993784852,-0.012750571291586965,,-0.9824852649119312,456.42594238046695,3528188.892187753,-0.20366598778005507,3539064.4791060975,15426229.333028808,0.2294186351507606,0.2044989775050965,False,False,rising,rising,sell_advantage_accelerating,accelerating,neutral,False,False,False,pass,S0,🌱 초발사 준비,발사 구조 관찰 또는 초기 준비,S0,False,,,2026-09-06T19:10:00Z,34054595745-1
KRW-HBAR,헤데라,110.0,107.0,101.132,112.58,0.18726591760300781,-5.802317762923699,4.95647539527447,-0.0894621121155473,-0.4582874493231583,,,10.815210852042002,,False,False,False,False,18.591380605650308,6.796116504854366,11.0,A급,0.917431192660545,0.05917869902047812,0.0,0.0,0.0,False,False,False,False,2026-09-07T04:28:14.981476+09:00,1788722894,0.0,0.0,,0,0.0,complete,,,10687180.84879367,13917763.68986314,-0.1312981151407963,110.0,113.0,2.7272727272727337,0.0,2.6548672566371683,100.0,complete_hourly_ordered,/v1/candles/minutes/60,120,False,12.99999999999999,100.0,2026-09-02T10:00:00,113.0,2026-09-06T12:00:00,D-1,2.6548672566371723,23.076923076922945,False,False,,-100.0,-100.0,0.05917869902047812,0.917431192660545,0.0,0.0,0.0,0.0,,-100.0,-100.0,0.05917869902047812,0.917431192660545,0.0,0.0,0.0,0.0,,-100.0,-100.0,0.05917869902047812,0.917431192660545,0.0,0.0,0.0,0.0,,-100.0,-100.0,0.09282604557481022,0.0,0.0,0.0,0.0,0.0,,-100.0,-100.0,0.09282604557481022,0.0,0.0,0.0,0.0,0.0,,-100.0,-100.0,0.20594999252960733,0.917431192660545,0.0,0.0,0.0,0.0,,-3337499.999999,-2799289.90272431,0.917431192660545,0,19393418.399430607,0.0,0.917431192660545,False,True,falling,falling,unavailable,accelerating,neutral,False,False,False,pass,S0,🌱 초발사 준비,발사 구조 관찰 또는 초기 준비,S1,True,발사 구조 관찰 또는 초기 준비,2026-09-07T04:28:14.981476+09:00,2026-09-06T19:10:00Z,34054595745-1
KRW-BCH,비트코인캐시,349900.0,353360.0,321928.0,368179.1666666667,-0.5478835184629327,-9.763673864963595,4.0249878342745316,0.10943265711034655,-0.7093641508715214,,,5.674078439584875,,False,False,False,False,14.803169967099294,2.615339406406103,11.0,A급,-0.2855511136493405,0.30794323623597464,0.0,-0.009381567096966581,0.007967328186079037,False,False,False,False,2026-09-07T04:28:14.981476+09:00,1788722894,4996758.053473,10292538.942127,0.485473805984007,19,0.0,complete,1788722162788,1788722795914,595.62960296,578.46396851,0.014620329134847575,349900.0,361900.0,3.429551300371525,0.0,3.315833103067146,100.0,complete_hourly_ordered,/v1/candles/minutes/60,120,False,9.666666666666668,330000.0,2026-09-03T00:00:00,361900.0,2026-09-06T12:00:00,D-1,3.315833103067145,37.61755485893418,False,False,0.4787792041115915,7990.47381534257,11.566268839446515,0.30794323623597464,-0.08566533409479771,0.0,-0.009381567096966581,0.007967328186079037,0.023923756926537365,0.4787792041115915,7990.47381534257,11.566268839446515,0.30794323623597464,-0.08566533409479771,0.0,-0.009381567096966581,0.007967328186079037,0.023923756926537365,0.4787792041115915,7990.47381534257,11.566268839446515,0.30794323623597464,-0.08566533409479771,0.0,-0.009381567096966581,0.007967328186079037,0.023923756926537365,0.42950572608081117,527.7051465426806,-27.63471197763173,0.4256134344809084,0.3441353599082264,0.0,-0.0037526268387821915,0.003186952914148833,0.009582453953327352,0.42950572608081117,527.7051465426806,-27.63471197763173,0.4256134344809084,0.3441353599082264,0.0,-0.0037526268387821915,0.003186952914148833,0.009582453953327352,-0.7084663908542411,9.404158985022404,169.0609081343592,1.01661726582749,0.08581235697939782,0.0,-0.001876313419402198,0.001593480063734276,0.004793389403982218,0.4787792041115915,4934997.047041001,1067045.386419,-0.08566533409479771,15289296.9956,25286225.7496465,0.6046492326287067,0.08581235697939782,False,True,rising,rising,sell_advantage_weakening,accelerating,leading_buy_inflow,False,False,False,pass,S1,⚡ 선행 시동,가격 미급등 상태에서 선행조건 3개 개선,S1,False,,,2026-09-06T19:10:00Z,34054595745-1
KRW-NEWT,뉴턴프로토콜,60.9,57.75333333333333,57.864,75.27333333333333,0.21980564553447657,0.19125305313608967,23.275174918076342,-0.47061409521058745,-0.6887832060240427,0.40639040581754987,,,,False,False,False,False,-30.7856134743519,9.532374100719409,5.0,관찰,0.0,0.04086720169811642,0.0,0.02313743637205601,-0.016014772599657334,False,False,False,False,2026-09-07T04:28:14.981476+09:00,1788722894,0.0,641239.894559943,0.0,1,0.0,complete,1788722719082,1788722719082,592550.46570022,571914.13760987,0.017721730683517033,60.7,61.6,1.4827018121911006,0.32948929159801743,1.136363636363641,77.77777777777811,complete_hourly_ordered,/v1/candles/minutes/60,120,False,12.82051282051282,54.6,2026-09-02T19:00:00,61.6,2026-09-07T01:00:00,D0,1.1363636363636465,9.999999999999966,False,False,0.0,,21.17727419991331,0.04086720169811642,0.0,0.0,0.02313743637205601,-0.016014772599657334,,0.0,,21.17727419991331,0.04086720169811642,0.0,0.0,0.02313743637205601,-0.016014772599657334,,0.0,,21.17727419991331,0.04086720169811642,0.0,0.0,0.02313743637205601,-0.016014772599657334,,,,,0.05960572617673776,0.0,0.0,0.0,0.0,,,,,0.05960572617673776,0.0,0.0,0.0,0.0,,-1.2045679183856746,-100.0,106.02222795218732,0.22724400598284333,-0.8143322475570036,0.0,-0.057843590930106714,0.04003382899483654,,0.0,0.0,112064.85015182104,0.0,641239.894559943,968591.78378878,0.6620331756807237,-0.8143322475570036,False,False,flat_or_na,rising,sell_only,accelerating,neutral,False,False,False,pass,S0,🌱 초발사 준비,발사 구조 관찰 또는 초기 준비,S0,False,,,2026-09-06T19:10:00Z,34054595745-1
KRW-SEI,세이,65.5,64.76666666666667,61.898,74.44916666666667,0.0514933058702427,-4.634506230680575,13.005518306674583,-0.4873112427866412,-0.5661487160576693,,,,,False,False,False,False,64.25961586149378,0.92592592592593,9.0,B급,-0.30487804878046587,0.07666743180091373,0.0,-0.030895983522127857,0.023941892446103452,False,False,False,False,2026-09-07T04:28:14.981476+09:00,1788722894,17400.242840848,1025755.5030234401,0.016963343398656256,3,0.0,complete,1788722357244,1788722780967,4827923.32641084,2879494.36942112,0.25279919084227104,65.3,67.0,2.6033690658499253,0.3062787136294043,2.2388059701492535,88.23529411764702,complete_hourly_ordered,/v1/candles/minutes/60,120,False,10.063897763578279,62.6,2026-09-02T21:00:00,68.9,2026-09-03T04:00:00,D-4,4.934687953555883,53.96825396825411,False,False,-0.007375570153644963,-6.269702654150144,34.48372474218966,0.07666743180091373,-0.1524390243902385,0.0,-0.030895983522127857,0.023941892446103452,,-0.007375570153644963,-6.269702654150144,34.48372474218966,0.07666743180091373,-0.1524390243902385,0.0,-0.030895983522127857,0.023941892446103452,,-0.007375570153644963,-6.269702654150144,34.48372474218966,0.07666743180091373,-0.1524390243902385,0.0,-0.030895983522127857,0.023941892446103452,,0.016963343398656256,,-94.25960485446791,0.8374711649483046,0.1529051987767538,0.0,-0.010298661174057422,0.007980809472888595,,0.016963343398656256,,-94.25960485446791,0.8374711649483046,0.1529051987767538,0.0,-0.010298661174057422,0.007980809472888595,,-3.6809191750375554,-99.55916072114556,-3.900320567407012,1.4003919572640058,0.1529051987767538,0.0,0.0,0.0,,-0.007375570153644963,-1163.9176638860008,263019.71102344024,-0.1524390243902385,1043155.7458642882,16768708.20857741,0.06220847383644619,0.1529051987767538,False,False,falling,rising,sell_advantage_accelerating,accelerating,neutral,False,False,False,pass,S0,🌱 초발사 준비,발사 구조 관찰 또는 초기 준비,S0,False,,,2026-09-06T19:10:00Z,34054595745-1
KRW-BONK,봉크,0.00476,0.0049046666666666665,0.0045232,0.006206083333333333,0.47801147227533036,-8.433557363518455,20.97001597894539,-2.6360911273008805,-2.4159186958030743,,,8.679934476012969,,False,False,False,False,-14.273209267722587,-20.563847429519065,9.0,B급,-2.8397565922920975,0.16263757867061024,0.0,-0.12291723572792623,0.08711809757807742,False,False,False,False,2026-09-07T04:28:14.981476+09:00,1788722894,65041197.93572705,104501656.96375129,0.6223939392490976,454,0.0,complete,1788721995896,1788722968254,69464970148.2817,14379958566.344908,0.6569868020214239,0.00651,0.0068,4.454685099846389,-26.881720430107524,29.999999999999993,703.4482758620691,complete_hourly_ordered,/v1/candles/minutes/60,120,False,51.42231947483587,0.00457,2026-09-03T21:00:00,0.00692,2026-09-04T21:00:00,D-3,31.069364161849713,91.48936170212765,False,False,-1.417242746225811,20.617554801679617,295.2737553688232,0.16263757867061024,-3.4482758620689613,0.0,-0.12291723572792623,0.08711809757807742,0.09795332609312091,-1.417242746225811,20.617554801679617,295.2737553688232,0.16263757867061024,-3.4482758620689613,0.0,-0.12291723572792623,0.08711809757807742,0.09795332609312091,-1.417242746225811,20.617554801679617,295.2737553688232,0.16263757867061024,-3.4482758620689613,0.0,-0.12291723572792623,0.08711809757807742,0.09795332609312091,-0.26201412198087304,-20.345289013246436,13.187587585800053,0.3424404251444404,-0.8333333333333193,0.0,-0.10925976509148505,0.07743934866383739,0.08714011310181391,-0.26201412198087304,-20.345289013246436,13.187587585800053,0.3424404251444404,-0.8333333333333193,0.0,-0.10925976509148505,0.07743934866383739,0.08714011310181391,-0.5544269702358686,-74.41131401584859,-51.61697630165683,0.631745253615712,-6.666666666666665,0.0,-0.450696531002448,0.3193301281414236,0.35232213437221205,-1.417242746225811,11117705.586152956,78063864.03053653,-3.4482758620689613,169542854.89947835,124379892.01700279,1.3631050176205473,-6.666666666666665,False,False,rising,rising,sell_advantage_accelerating,accelerating,neutral,True,True,False,🔴 1차 급등 완료·상승분 반납 / 신규매수 금지,S3,🔴 1차 급등 완료·반납,당일/5D 급등 후 상승분 상당 부분 반납,S3,False,,,2026-09-06T19:10:00Z,34054595745-1
KRW-JST,저스트,154.0,141.6,145.88,138.125,0.5205868433506788,2.9339182890046622,-2.515837104072394,-0.12434608435931493,-0.04268198975949859,,,,,False,False,False,False,-39.853574681137175,9.219858156028371,4.0,-,0.0,0.0,0.0,0.0,0.0,False,False,False,False,2026-09-07T04:28:14.981476+09:00,1788722894,0.0,0.0,,0,0.0,complete,,,557906.38462694,4428515.36355208,-0.7762297644274954,151.0,154.0,1.9867549668874274,1.9867549668874274,0.0,0.0,complete_hourly_ordered,/v1/candles/minutes/60,120,False,12.408759124087588,137.0,2026-09-01T22:00:00,154.0,2026-09-06T20:00:00,D-1,0.0,0.0,False,False,,,,0.0,0.0,0.0,0.0,0.0,,,,,0.0,0.0,0.0,0.0,0.0,,,,,0.0,0.0,0.0,0.0,0.0,,,,,0.10043454967956222,0.0,0.0,0.0,0.0,,,,,0.10043454967956222,0.0,0.0,0.0,0.0,,,-100.0,-100.0,0.15243469136704135,0.6535947712418277,0.0,0.09465215333648302,-0.08417114136195014,,,0.0,0.0,0.0,0,1309070.5070299201,0.0,0.6535947712418277,False,False,flat_or_na,flat_or_na,unavailable,flat_or_na,neutral,False,False,False,pass,S0,🌱 초발사 준비,발사 구조 관찰 또는 초기 준비,S0,False,,,2026-09-06T19:10:00Z,34054595745-1
KRW-AAVE,에이브,181000.0,177873.33333333334,147104.0,134015.0,0.29697015262011295,-20.916721049960124,-32.726436095461956,-0.5537340209431548,-1.092350958040854,,,,,False,False,False,False,40.34316685462578,2.43350311262025,6.0,관찰,-0.4947773501924102,0.2467806471413212,0.0,-0.03383204270355211,0.037341130998783,False,False,False,False,2026-09-07T04:28:14.981476+09:00,1788722894,6591685.346817,3683756.983025,1.789392019395397,23,0.0,complete,1788722342320,1788722592707,1127.46131303,433.85819764,0.44424162424791447,183300.0,191500.0,4.473540643753404,-1.2547735951991323,5.483028720626632,128.04878048780503,complete_hourly_ordered,/v1/candles/minutes/60,120,False,11.078886310904878,172400.0,2026-09-02T10:00:00,191500.0,2026-09-06T10:00:00,D-1,5.483028720626637,54.97382198952872,True,True,,,,0.2467806471413212,-0.4947773501924102,0.0,-0.03383204270355211,0.037341130998783,,,,,0.2467806471413212,-0.4947773501924102,0.0,-0.03383204270355211,0.037341130998783,,,,,0.2467806471413212,-0.4947773501924102,0.0,-0.03383204270355211,0.037341130998783,,0.657498846712776,164.27335283003134,67.16806633089168,0.2864305720626348,-0.1654715940430207,0.0,-0.026313810991651643,0.02904346306438299,,0.657498846712776,164.27335283003134,67.16806633089168,0.2864305720626348,-0.1654715940430207,0.0,-0.026313810991651643,0.02904346306438299,,1.3459119291866832,643.1771453855514,84.1878492271354,0.541485638553695,-1.038819026790594,0.0,-0.06766408540710422,0.07467808295581335,,,6591685.346817,3683756.983025,-0.4947773501924102,10275442.329842,18993222.021849,0.541005750262992,-1.038819026790594,False,False,rising,rising,buy_advantage_weakening,accelerating,neutral,False,False,False,pass,S0,🌱 초발사 준비,발사 구조 관찰 또는 초기 준비,S0,False,,,2026-09-06T19:10:00Z,34054595745-1
KRW-JTO,지토,614.0,661.4666666666667,755.46,842.9166666666666,-1.9662088726410398,12.441867647967243,21.526445872466628,1.542959493288032,1.7890333806454035,,,,,False,False,False,False,36.473844527104674,5.317324185248706,4.0,-,-0.6472491909385147,0.5585670089299342,0.0,-0.03952178638474413,0.028531800853045297,False,False,False,False,2026-09-07T04:28:14.981476+09:00,1788722894,6038614.51128946,21953862.66031913,0.2750593189327021,17,0.0,complete,1788722234570,1788722900122,302088.56455002,266678.27336116,0.06225800948400181,571.0,638.0,11.733800350262701,7.530647985989503,3.761755485893417,35.82089552238799,complete_hourly_ordered,/v1/candles/minutes/60,120,False,18.36734693877551,539.0,2026-09-04T21:00:00,638.0,2026-09-06T22:00:00,D-1,3.7617554858934144,24.242424242424185,True,False,0.22575280623893607,2980.9257711446458,452.27979998256905,0.5585670089299342,-0.6472491909385147,0.0,-0.03952178638474413,0.028531800853045297,,0.22575280623893607,2980.9257711446458,452.27979998256905,0.5585670089299342,-0.6472491909385147,0.0,-0.03952178638474413,0.028531800853045297,,0.22575280623893607,2980.9257711446458,452.27979998256905,0.5585670089299342,-0.6472491909385147,0.0,-0.03952178638474413,0.028531800853045297,,-0.11870575093686181,119.0616706343302,213.60084209390155,0.8549420521851303,-0.1626016260162566,0.0,-0.009880446596177705,0.007133161766784468,,-0.11870575093686181,119.0616706343302,213.60084209390155,0.8549420521851303,-0.1626016260162566,0.0,-0.009880446596177705,0.007133161766784468,,0.10573102621992614,112.96210993452931,31.100849909932204,2.273874835212446,-0.9677419354838679,0.0,-0.07904357276948826,0.057061345291316456,,0.22575280623893607,5842614.51129446,17978728.55963103,-0.6472491909385147,27992477.17160859,7410076.683004485,3.777623143335512,-0.9677419354838679,False,False,rising,rising,sell_advantage_weakening,accelerating,leading_buy_inflow,False,False,False,pass,S0,🌱 초발사 준비,발사 구조 관찰 또는 초기 준비,S0,False,,,2026-09-06T19:10:00Z,34054595745-1
KRW-JUP,주피터,359.0,306.4,277.2,292.5,1.8617021276595702,-10.53391053391053,-4.752136752136744,-0.8951291914553565,-1.0621089697434152,,,,,False,False,False,False,206.8626045507691,22.372881355932208,8.0,B급,-1.3661202185792365,1.65214949970607,0.0,-0.11081560283687786,0.09902405116762658,False,False,False,False,2026-09-07T04:28:14.981476+09:00,1788722894,8245293.009614379,38142958.46721324,0.21616815635058387,53,0.0,complete,1788721998109,1788722923368,503148.75653971,880594.54639024,-0.2727715386598967,300.0,387.0,29.000000000000004,19.66666666666668,7.235142118863049,32.18390804597698,complete_hourly_ordered,/v1/candles/minutes/60,120,False,35.31468531468531,286.0,2026-09-02T21:00:00,387.0,2026-09-06T20:00:00,D-1,7.493540051679581,28.71287128712873,False,True,-1.4883566195691211,150.54702203706992,1875.6083125512237,1.65214949970607,-1.912568306010931,0.0,-0.11081560283687786,0.09902405116762658,,-1.4883566195691211,150.54702203706992,1875.6083125512237,1.65214949970607,-1.912568306010931,0.0,-0.11081560283687786,0.09902405116762658,,-1.4883566195691211,150.54702203706992,1875.6083125512237,1.65214949970607,-1.912568306010931,0.0,-0.11081560283687786,0.09902405116762658,,-1.0865027478681817,-75.38569032992336,48.330566240464854,3.0634455732518404,-1.3736263736263687,0.0,-0.08865248226950229,0.07922149763535824,,-1.0865027478681817,-75.38569032992336,48.330566240464854,3.0634455732518404,-1.3736263736263687,0.0,-0.08865248226950229,0.07922149763535824,,-3.2996540197278423,-91.29732113622583,41.54291666772403,7.844888859075468,-1.912568306010931,0.0,-0.13297872340425343,0.1188254765421135,,-1.4883566195691211,4954376.620915718,36212264.09703432,-1.912568306010931,46388251.47682762,8776729.415216459,5.285368761215656,-1.912568306010931,False,False,rising,rising,sell_advantage_accelerating,accelerating,neutral,False,True,False,pass,S0,🌱 초발사 준비,발사 구조 관찰 또는 초기 준비,S0,False,,,2026-09-06T19:10:00Z,34054595745-1
KRW-PIEVERSE,파이버스,1414.0,1434.2,1191.66,1130.15,0.5139466429939787,-20.353120856620173,-26.903508383842844,0.5664976947166576,-0.1426612695105728,,,,,False,False,False,False,-3.6381618284777595,-2.3513139695712337,6.0,관찰,-0.3528581510232831,0.13490081463800596,0.0,-0.00934448441807234,0.009926212824296954,False,False,False,False,2026-09-07T04:28:14.981476+09:00,1788722894,1559286.11985287,208008.86245334,7.4962484841368,11,0.0,complete,1788722215319,1788722850478,73109.4496385,60712.49960507,0.09263764355177824,1413.0,1437.0,1.698513800424628,0.07077140835103357,1.6005567153792624,95.83333333333289,complete_hourly_ordered,/v1/candles/minutes/60,120,False,12.217514124293793,1416.0,2026-09-02T05:00:00,1589.0,2026-09-03T23:00:00,D-4,11.013215859030833,101.15606936416182,True,False,6.943973418745437,25.033018852910093,-90.78837650470149,0.13490081463800596,-0.21171489061396764,0.0,-0.00934448441807234,0.009926212824296954,,6.943973418745437,25.033018852910093,-90.78837650470149,0.13490081463800596,-0.21171489061396764,0.0,-0.00934448441807234,0.009926212824296954,,6.943973418745437,25.033018852910093,-90.78837650470149,0.13490081463800596,-0.21171489061396764,0.0,-0.00934448441807234,0.009926212824296954,,7.4962484841368,,38.67257497745407,0.5737349951783539,1.434720229555242,1.0,0.08410035976265107,-0.08934909180744555,,7.4962484841368,,38.67257497745407,0.5737349951783539,1.434720229555242,1.0,0.08410035976265107,-0.08934909180744555,,7.4962484841368,,-66.67282532408663,0.6338631407075912,1.3620071684587787,1.0,0.07008363313554256,-0.07445592925113687,,6.943973418745437,312186.6463232199,-2050104.0810414203,-0.21171489061396764,1767294.98230621,5335336.95599505,0.33124336792269315,1.3620071684587787,False,False,rising,falling,buy_advantage_accelerating,accelerating,leading_buy_inflow,False,True,False,pass,S0,🌱 초발사 준비,발사 구조 관찰 또는 초기 준비,S0,False,,,2026-09-06T19:10:00Z,34054595745-1
KRW-ALT,알트레이어,8.82,8.7,8.6068,9.341666666666667,-0.08422019753466792,-1.0828647116233618,6.868867082961651,-0.05155490476106088,-0.15371283901023808,,,,,False,False,False,False,-0.6123500650924485,5.376344086021523,9.0,B급,0.4555808656036442,0.01749897033329617,0.0,0.030625526376204526,-0.025223696370332505,False,False,False,False,2026-09-07T04:28:14.981476+09:00,1788722894,0.0,0.0,,0,0.0,complete,,,5800184.035856,9670008.45037235,-0.25014714057121706,8.92,8.96,0.4484304932735439,-1.1210762331838486,1.5625000000000062,349.9999999999975,complete_hourly_ordered,/v1/candles/minutes/60,120,False,8.212560386473445,8.28,2026-09-03T00:00:00,8.96,2026-09-06T09:00:00,D-1,1.562500000000011,20.588235294117712,True,False,,,-100.0,0.01749897033329617,0.4555808656036442,0.0,0.030625526376204526,-0.025223696370332505,,,,-100.0,0.01749897033329617,0.4555808656036442,0.0,0.030625526376204526,-0.025223696370332505,,,,-100.0,0.01749897033329617,0.4555808656036442,0.0,0.030625526376204526,-0.025223696370332505,,,,-100.0,0.27525636427701006,0.4555808656036442,0.0,0.0,0.0,,,,-100.0,0.27525636427701006,0.4555808656036442,0.0,0.0,0.0,,,-100.0,,0.42525655311664856,-0.3389830508474523,0.0,-0.02296914478218115,0.01891659100336618,,,0.0,-120429.37440835568,0.4555808656036442,0,1161695.332483104,0.0,-0.3389830508474523,False,False,flat_or_na,falling,unavailable,accelerating,neutral,False,False,False,pass,S0,🌱 초발사 준비,발사 구조 관찰 또는 초기 준비,S0,False,,,2026-09-06T19:10:00Z,34054595745-1
KRW-LAYER,솔레이어,109.0,95.50666666666666,90.698,104.14166666666667,0.9940077546704229,-5.301844215601962,8.291589981595587,-0.3285323683276573,-0.5849119425783351,,,14.175791906463125,,False,False,False,False,198.3422626649648,13.924050632911399,12.0,A급,-3.57142857142857,10.625251847438477,1.0,-0.28198801550933794,0.22663517797987254,False,False,False,False,2026-09-07T04:28:14.981476+09:00,1788722894,2711403.009045482,43143492.92112252,0.06284616347597606,95,0.0,complete,1788722021739,1788722975581,2905112.17773313,5571721.57447242,-0.3145761111624345,95.6,123.0,28.661087866108794,14.016736401673647,11.38211382113821,51.0948905109489,complete_hourly_ordered,/v1/candles/minutes/60,120,False,34.27947598253276,91.6,2026-09-03T10:00:00,123.0,2026-09-07T01:00:00,D0,11.382113821138207,44.58598726114649,False,True,-0.841595551933973,-91.57756348937495,21.210309496665648,10.625251847438477,-2.67857142857143,1.0,-0.28198801550933794,0.22663517797987254,1.3791305083083234,-0.841595551933973,-91.57756348937495,21.210309496665648,10.625251847438477,-2.67857142857143,1.0,-0.28198801550933794,0.22663517797987254,1.3791305083083234,-0.841595551933973,-91.57756348937495,21.210309496665648,10.625251847438477,-2.67857142857143,1.0,-0.28198801550933794,0.22663517797987254,1.3791305083083234,-1.912109475349346,-98.01440422077913,-37.60218024925158,24.717346998528456,-2.67857142857143,1.0,-0.28198801550933794,0.22663517797987254,1.3791305083083234,-1.912109475349346,-98.01440422077913,-37.60218024925158,24.717346998528456,-2.67857142857143,1.0,-0.28198801550933794,0.22663517797987254,1.3791305083083234,-0.687912154874992,-98.65171690116607,-83.8934519474917,56.15750084607444,-2.67857142857143,1.0,-0.3524850193866724,0.28327131258261495,1.693340983367964,-0.841595551933973,-29481217.328608606,7549579.251337402,-2.67857142857143,45854895.930168,1699528.549765064,26.980950650406434,-2.67857142857143,False,False,falling,rising,sell_advantage_accelerating,accelerating,neutral,False,False,False,pass,S0,🌱 초발사 준비,발사 구조 관찰 또는 초기 준비,S0,False,,,2026-09-06T19:10:00Z,34054595745-1
KRW-TRX,트론,457.0,462.4,468.58,487.48333333333335,-0.20143884892086517,1.318878313201589,5.145475058976383,0.08601121535298487,0.07737346598305805,,,,,False,False,False,False,-6.789038435849781,2.4663677130044803,5.0,관찰,0.0,0.3503158872744443,0.0,0.0,0.0,False,False,False,False,2026-09-07T04:28:14.981476+09:00,1788722894,4997875.07243072,5361753.361902,0.9321344595861455,15,0.0,complete,1788722318233,1788722761507,1258304.07529419,1506153.74064029,-0.08965579576489882,456.0,458.0,0.43859649122806044,0.21929824561404132,0.21834061135371177,49.99999999999747,complete_hourly_ordered,/v1/candles/minutes/60,120,False,3.619909502262453,442.0,2026-09-02T12:00:00,458.0,2026-09-06T01:00:00,D-1,0.21834061135370675,6.249999999999962,False,False,0.8767445365215228,250.7470758800914,-79.15767049663059,0.3503158872744443,0.0,0.0,0.0,0.0,,0.8767445365215228,250.7470758800914,-79.15767049663059,0.3503158872744443,0.0,0.0,0.0,0.0,,0.8767445365215228,250.7470758800914,-79.15767049663059,0.3503158872744443,0.0,0.0,0.0,0.0,,0.6607921886546397,71.72659637369397,-50.010769197327534,0.9696233054115604,0.0,0.0,0.0,0.0,,0.6607921886546397,71.72659637369397,-50.010769197327534,0.9696233054115604,0.0,0.0,0.0,0.0,,-1.4268684553673516,-55.891467684149276,11.627839993824551,1.2055239117949483,0.0,0.0,-0.014388489208638777,0.012053974855279925,,0.8767445365215228,3572952.26733246,-20363554.17166908,0.0,10359628.434332721,15881095.440631524,0.6523245498435694,0.0,False,False,rising,falling,sell_advantage_weakening,accelerating,leading_buy_inflow,False,False,False,pass,S0,🌱 초발사 준비,발사 구조 관찰 또는 초기 준비,S0,False,,,2026-09-06T19:10:00Z,34054595745-1
KRW-POWR,파워렛저,67.5,63.940000000000005,59.152,70.19,0.682343061095958,-8.094400865566682,8.904402336515163,-0.9863649654208662,-1.2353096465184485,,,7.208235086329168,,False,False,False,False,44.59824415547353,8.520900321543401,12.0,A급,0.2971768202080227,0.2975121787466293,0.0,0.020995171110671507,-0.01683338642075327,False,False,False,False,2026-09-07T04:28:14.981476+09:00,1788722894,199999.9999998,0.0,,1,0.0,complete,1788722631101,1788722631101,638641.98723179,921857.62584516,-0.18149036131763804,67.6,68.5,1.3313609467455745,-0.14792899408283544,1.4598540145985401,111.11111111111065,complete_hourly_ordered,/v1/candles/minutes/60,120,False,11.56351791530945,61.4,2026-09-02T10:00:00,68.5,2026-09-06T11:00:00,D-1,1.4598540145985384,14.084507042253508,True,True,,,-100.0,0.2975121787466293,0.2971768202080227,0.0,0.020995171110671507,-0.01683338642075327,-0.03336289809767923,,,-100.0,0.2975121787466293,0.2971768202080227,0.0,0.020995171110671507,-0.01683338642075327,-0.03336289809767923,,,-100.0,0.2975121787466293,0.2971768202080227,0.0,0.020995171110671507,-0.01683338642075327,-0.03336289809767923,,,,0.3091610953077364,0.0,0.0,0.0,0.0,0.0,,,,0.3091610953077364,0.0,0.0,0.0,0.0,0.0,,-50.0,,0.7114948946644404,0.0,0.0,0.0,0.0,0.0,,199999.9999998,-134600.0,0.2971768202080227,199999.9999998,1497626.722585388,0.1335446256290989,0.0,False,True,rising,falling,buy_only,accelerating,neutral,False,False,False,pass,S1,⚡ 선행 시동,가격 미급등 상태에서 선행조건 6개 개선,S0,True,가격 미급등 상태에서 선행조건 6개 개선,2026-09-07T04:28:14.981476+09:00,2026-09-06T19:10:00Z,34054595745-1
KRW-ATOM,코스모스,2150.0,2085.5333333333333,2026.34,2421.4083333333333,-0.02876134475264802,-2.9211945346453896,13.871059885947917,-0.031104773277525366,-0.11925465720852735,,,,,False,False,False,False,52.14289711824136,6.225296442687744,9.0,B급,-0.6469500924214389,0.3159950579854254,0.0,-0.044739869615240124,0.034393597830577605,False,False,False,False,2026-09-07T04:28:14.981476+09:00,1788722894,0.0,35000.0000055,0.0,1,0.0,complete,1788722468346,1788722468346,17927.95982867,26300.98266076,-0.1893109434866325,2127.0,2193.0,3.1029619181946355,1.0813352139163124,1.9607843137254901,65.15151515151516,complete_hourly_ordered,/v1/candles/minutes/60,120,False,10.925644916540222,1977.0,2026-09-02T21:00:00,2193.0,2026-09-06T18:00:00,D-1,1.9607843137254943,19.907407407407497,True,False,-20.48361053650512,-100.0,581.8778478823767,0.3159950579854254,-0.6469500924214389,0.0,-0.044739869615240124,0.034393597830577605,,-20.48361053650512,-100.0,581.8778478823767,0.3159950579854254,-0.6469500924214389,0.0,-0.044739869615240124,0.034393597830577605,,-20.48361053650512,-100.0,581.8778478823767,0.3159950579854254,-0.6469500924214389,0.0,-0.044739869615240124,0.034393597830577605,,-0.15259021971531464,-100.0,-98.30749307209604,0.9458071303240771,-0.41685965724872487,0.0,-0.06071839447783223,0.046676222479375085,,-0.15259021971531464,-100.0,-98.30749307209604,0.9458071303240771,-0.41685965724872487,0.0,-0.06071839447783223,0.046676222479375085,,-46.27568988324073,-100.0,250.00000038855,1.2659839718845305,-0.509023600185099,0.0,-0.035152754697698185,0.02702382014849114,,-20.48361053650512,-105139.99994527,29867.115851219998,-0.6469500924214389,35000.0000055,2953588.805971035,0.011849990741684588,-0.509023600185099,False,False,falling,rising,sell_only,accelerating,neutral,False,False,False,pass,S0,🌱 초발사 준비,발사 구조 관찰 또는 초기 준비,S0,False,,,2026-09-06T19:10:00Z,34054595745-1
KRW-ARKM,아캄,147.0,151.86666666666667,143.54,168.80833333333334,-0.04387889425185865,-5.8009381821559725,10.03603692550723,-0.5500598772851575,-0.5452093976336586,,,,,False,False,False,False,-30.57160969781938,-2.6490066225165587,8.0,B급,0.0,0.028310708082258884,0.0,0.0,0.0,False,False,False,False,2026-09-07T04:28:14.981476+09:00,1788722894,0.0,0.0,,0,0.0,complete,,,570160.63773743,1381572.51477912,-0.4157391475343141,149.0,151.0,1.342281879194629,-1.342281879194629,2.6490066225165565,200.0,complete_hourly_ordered,/v1/candles/minutes/60,120,False,5.594405594405605,143.0,2026-09-04T23:00:00,151.0,2026-09-06T20:00:00,D-1,2.6490066225165587,50.0000000000002,False,False,,,-100.0,0.028310708082258884,0.0,0.0,0.0,0.0,,,,-100.0,0.028310708082258884,0.0,0.0,0.0,0.0,,,,-100.0,0.028310708082258884,0.0,0.0,0.0,0.0,,,-100.0,-100.0,0.11092434007649032,-0.6756756756756799,0.0,0.0,0.0,,,-100.0,-100.0,0.11092434007649032,-0.6756756756756799,0.0,0.0,0.0,,,,,1.2654673696055099,-0.6756756756756799,0.0,-0.04387889425185865,0.035049661216582706,,,0.0,-266511.0,0.0,0,1475847.03367716,0.0,-0.6756756756756799,False,False,flat_or_na,falling,unavailable,accelerating,neutral,False,False,False,pass,S0,🌱 초발사 준비,발사 구조 관찰 또는 초기 준비,S0,False,,,2026-09-06T19:10:00Z,34054595745-1
KRW-CRO,크로노스,78.5,79.47333333333334,76.592,86.21666666666667,-0.016774301769673094,-3.761924657057323,7.821380243572386,-0.49915585854149747,-0.4263289040785331,,,,,False,False,False,False,-32.80805020622029,3.4255599472990728,9.0,B급,0.12755102040815647,0.003494686722483209,0.0,0.008387150884858752,-0.0068415641002195215,False,False,False,False,2026-09-07T04:28:14.981476+09:00,1788722894,0.0,0.0,,0,0.0,complete,,,815310.80885846,765548.51120809,0.031478005043658906,77.6,78.8,1.546391752577314,1.1597938144330078,0.3807106598984736,24.999999999998565,complete_hourly_ordered,/v1/candles/minutes/60,120,False,8.991825613079008,73.4,2026-09-03T00:00:00,80.0,2026-09-04T05:00:00,D-3,1.8750000000000044,22.72727272727279,False,False,,-100.0,,0.003494686722483209,0.12755102040815647,0.0,0.008387150884858752,-0.0068415641002195215,,,-100.0,,0.003494686722483209,0.12755102040815647,0.0,0.008387150884858752,-0.0068415641002195215,,,-100.0,,0.003494686722483209,0.12755102040815647,0.0,0.008387150884858752,-0.0068415641002195215,,,-100.0,-100.0,0.2279678633647606,0.25542784163474774,0.0,0.0,0.0,,,-100.0,-100.0,0.2279678633647606,0.25542784163474774,0.0,0.0,0.0,,,-100.0,-100.0,0.5949777145941084,0.7702182284980763,0.0,0.050322905309074795,-0.04105136854506419,,,-128681.15617142401,0.0,0.12755102040815647,0,3406231.5004698997,0.0,0.7702182284980763,False,False,falling,flat_or_na,unavailable,accelerating,neutral,False,False,False,pass,S0,🌱 초발사 준비,발사 구조 관찰 또는 초기 준비,S0,False,,,2026-09-06T19:10:00Z,34054595745-1
KRW-NXPC,넥스페이스,282.0,284.0,316.64,412.35,-0.2808988764045006,10.308236483072255,31.126470231599374,-0.2295019522241523,-0.07530114678748809,,,,,False,False,False,False,48.12862091112664,0.7142857142857117,6.0,관찰,0.0,0.01370567221854202,0.0,-0.0234082397003732,0.014775306069392258,False,False,False,False,2026-09-07T04:28:14.981476+09:00,1788722894,0.0,0.0,,0,0.0,complete,,,336933.91851825,233481.73029268,0.18136281576640312,287.0,287.0,0.0,-1.7421602787456414,1.7421602787456445,,complete_hourly_ordered,/v1/candles/minutes/60,120,False,6.691449814126393,269.0,2026-09-03T06:00:00,287.0,2026-09-04T20:00:00,D-3,1.7421602787456414,27.7777777777777,False,False,,,-100.0,0.01370567221854202,0.0,0.0,-0.0234082397003732,0.014775306069392258,,,,-100.0,0.01370567221854202,0.0,0.0,-0.0234082397003732,0.014775306069392258,,,,-100.0,0.01370567221854202,0.0,0.0,-0.0234082397003732,0.014775306069392258,,,,-100.0,0.021973564645968224,-0.35335689045936647,0.0,-0.0234082397003732,0.014775306069392258,,,,-100.0,0.021973564645968224,-0.35335689045936647,0.0,-0.0234082397003732,0.014775306069392258,,,,,0.2062429404495063,-0.35335689045936647,0.0,-0.0234082397003732,0.014775306069392258,,,0.0,-125961.6573053,0.0,0,977230.6798749,0.0,-0.35335689045936647,False,False,flat_or_na,falling,unavailable,accelerating,neutral,False,False,False,pass,S0,🌱 초발사 준비,발사 구조 관찰 또는 초기 준비,S0,False,,,2026-09-06T19:10:00Z,34054595745-1
KRW-A,볼타,109.0,105.53333333333333,95.96600000000001,103.94166666666666,0.5079365079365017,-9.969503087899175,-1.5313076244688546,-0.5615857927379999,-0.7897488260368771,,,,,False,False,False,False,-18.327152427772532,5.825242718446599,8.0,B급,-0.9090909090909038,0.1436118341879613,0.0,-0.06349206349205438,0.0559939628327244,False,False,False,False,2026-09-07T04:28:14.981476+09:00,1788722894,0.0,0.0,,0,0.0,complete,,,1299881.98695068,3630934.87599567,-0.4727518692819788,110.0,112.0,1.8181818181818077,-0.9090909090909038,2.6785714285714284,150.0,complete_hourly_ordered,/v1/candles/minutes/60,120,False,9.80392156862746,102.0,2026-09-02T04:00:00,112.0,2026-09-06T21:00:00,D-1,2.67857142857143,30.000000000000092,False,True,,-100.0,,0.1436118341879613,-0.9090909090909038,0.0,-0.06349206349205438,0.0559939628327244,,,-100.0,,0.1436118341879613,-0.9090909090909038,0.0,-0.06349206349205438,0.0559939628327244,,,-100.0,,0.1436118341879613,-0.9090909090909038,0.0,-0.06349206349205438,0.0559939628327244,,,,,0.407400068720996,0.0,0.0,0.0,0.0,,,,,0.407400068720996,0.0,0.0,0.0,0.0,,,,-100.0,0.9063028599764245,-0.9090909090909038,0.0,-0.06349206349205438,0.0559939628327244,,,-3518882.5587201,0.0,-0.9090909090909038,0,1129999.9999994,0.0,-0.9090909090909038,False,False,falling,flat_or_na,unavailable,accelerating,neutral,False,False,False,pass,S0,🌱 초발사 준비,발사 구조 관찰 또는 초기 준비,S0,False,,,2026-09-06T19:10:00Z,34054595745-1
KRW-TRUMP,오피셜트럼프,3140.0,3318.4666666666667,2525.5,2680.2916666666665,-0.2564873259192413,-31.398402956510264,-23.809908747493285,-0.68591022392166,-1.6315573102994771,,,,,False,False,False,False,-66.29166035758305,-0.0954198473282486,7.0,B급,-0.5698005698005715,0.023947206613442518,0.0,-0.018034265103694658,0.018920641520647763,False,False,False,False,2026-09-07T04:28:14.981476+09:00,1788722894,9629886.438176489,30661457.957383424,0.31407138080521596,73,0.0,complete,1788722247374,1788723002121,162022.14173429,83632.45839369,0.3191052937732935,3236.0,3294.0,1.792336217552526,-2.966625463535233,4.675166970248937,265.5172413793113,complete_hourly_ordered,/v1/candles/minutes/60,120,False,16.081081081081084,2960.0,2026-09-03T02:00:00,3436.0,2026-09-04T02:00:00,D-3,8.614668218859133,62.18487394957989,True,True,-2.1263525029276327,-66.45506345937437,160.65368994195853,0.023947206613442518,-0.601456157011715,0.0,-0.018034265103694658,0.018920641520647763,,-2.1263525029276327,-66.45506345937437,160.65368994195853,0.023947206613442518,-0.601456157011715,0.0,-0.018034265103694658,0.018920641520647763,,-2.1263525029276327,-66.45506345937437,160.65368994195853,0.023947206613442518,-0.601456157011715,0.0,-0.018034265103694658,0.018920641520647763,,-0.03164444081252599,-62.81228397516567,-59.06541447153928,0.05108655194669609,0.03185727938834759,0.0,-0.02404568680492991,0.025227286730569176,,-0.03164444081252599,-62.81228397516567,-59.06541447153928,0.05108655194669609,0.03185727938834759,0.0,-0.02404568680492991,0.025227286730569176,,-1.9278017258437723,-82.71051554354769,23.414079090464,0.09406462868635401,-0.727157761618713,0.0,-0.04207995190862457,0.044146516515471745,,-2.1263525029276327,-19077535.40032935,18898164.691053294,-0.601456157011715,40291344.395559914,337397236.4695012,0.11941812214339824,-0.727157761618713,False,False,falling,rising,sell_advantage_accelerating,accelerating,neutral,True,True,False,🔴 1차 급등 완료·상승분 반납 / 신규매수 금지,S3,🔴 1차 급등 완료·반납,당일/5D 급등 후 상승분 상당 부분 반납,S0,True,당일/5D 급등 후 상승분 상당 부분 반납,2026-09-07T04:28:14.981476+09:00,2026-09-06T19:10:00Z,34054595745-1
KRW-F,신퓨처스,4.65,4.496666666666667,4.2874,5.453333333333333,0.4766870251750488,-4.8809690410660815,17.54278728606356,-0.7702883459943817,-1.0008448693243994,,,,,False,False,False,False,-42.46869749113634,5.922551252847397,8.0,B급,0.0,0.0,0.0,0.0,0.0,False,False,False,False,2026-09-07T04:28:14.981476+09:00,1788722894,0.0,0.0,,0,0.0,complete,,,9557959.66999984,19569130.51100236,-0.34370652127592854,4.65,4.72,1.5053763440860068,0.0,1.4830508474576143,100.0,complete_hourly_ordered,/v1/candles/minutes/60,120,False,9.76744186046512,4.3,2026-09-02T19:00:00,4.72,2026-09-03T19:00:00,D-4,1.483050847457612,16.666666666666547,False,True,,,-100.0,0.0,0.0,0.0,0.0,0.0,,,,-100.0,0.0,0.0,0.0,0.0,0.0,,,,-100.0,0.0,0.0,0.0,0.0,0.0,,,-100.0,,0.07002186717405579,0.0,0.0,0.0,0.0,,,-100.0,,0.07002186717405579,0.0,0.0,0.0,0.0,,,-100.0,,0.12498252031478074,0.0,0.0,0.014896469536740398,-0.010965063452786694,,,0.0,-3638267.710419057,0.0,0,3416518.705057782,0.0,0.0,False,False,flat_or_na,falling,unavailable,flat_or_na,neutral,False,False,False,pass,S0,🌱 초발사 준비,발사 구조 관찰 또는 초기 준비,S0,False,,,2026-09-06T19:10:00Z,34054595745-1
KRW-G,그래비티,5.29,5.249333333333333,5.1192,4.995,-0.20278833967047882,-2.5420638641454367,-5.091758425091757,0.6240091093765607,0.4757524837009761,,4.073760824878309,,10.702536717164195,False,False,False,False,-15.189867998006212,3.5225048923678948,3.0,-,0.0,0.0,0.0,0.0,0.0,False,False,False,False,2026-09-07T04:28:14.981476+09:00,1788722894,0.0,0.0,,0,0.0,complete,,,11286200.53670506,10474410.31140622,0.037305488847033,5.26,5.34,1.520912547528508,0.5703422053231932,0.936329588014978,62.49999999999982,complete_hourly_ordered,/v1/candles/minutes/60,120,False,5.5335968379446765,5.06,2026-09-02T03:00:00,5.34,2026-09-06T20:00:00,D-1,0.9363295880149725,17.857142857142712,False,False,,,,0.0,0.0,0.0,0.0,0.0,,,,,0.0,0.0,0.0,0.0,0.0,,,,,0.0,0.0,0.0,0.0,0.0,,,,,0.0065368911261298734,0.0,0.0,0.0,0.0,,,,,0.0065368911261298734,0.0,0.0,0.0,0.0,,,-100.0,,0.01601424148203101,-0.18867924528301883,0.0,0.012674271229407008,-0.011593590843602009,,,0.0,0.0,0.0,0,1329648.5391377239,0.0,-0.18867924528301883,False,False,flat_or_na,flat_or_na,unavailable,flat_or_na,neutral,False,False,False,pass,S0,🌱 초발사 준비,발사 구조 관찰 또는 초기 준비,S0,False,,,2026-09-06T19:10:00Z,34054595745-1
KRW-CELO,셀로,108.0,104.79333333333334,95.522,101.60333333333332,0.5115416586738197,-9.705966513822291,-3.139660772284386,-0.6729340233364143,-0.9505179301020498,,,,,False,False,False,False,176.77127504392277,6.930693069306937,10.0,A급,0.0,0.0012957564521514087,0.0,0.0,0.0,False,False,False,False,2026-09-07T04:28:14.981476+09:00,1788722894,0.0,0.0,,0,0.0,complete,,,956503.22394298,2381078.49974133,-0.4268285824101951,108.0,112.0,3.703703703703698,0.0,3.571428571428571,100.0,complete_hourly_ordered,/v1/candles/minutes/60,120,False,12.99999999999999,100.0,2026-09-02T04:00:00,113.0,2026-09-03T13:00:00,D-4,4.424778761061942,38.46153846153836,True,True,,,-100.0,0.0012957564521514087,0.0,0.0,0.0,0.0,,,,-100.0,0.0012957564521514087,0.0,0.0,0.0,0.0,,,,-100.0,0.0012957564521514087,0.0,0.0,0.0,0.0,,,,,0.0022914083934892915,0.0,0.0,0.0,0.0,,,,,0.0022914083934892915,0.0,0.0,0.0,0.0,,,-100.0,-100.0,2.85955081643948,0.0,0.0,0.0,0.0,,,0.0,-7683.94353456,0.0,0,3782625.44944542,0.0,0.0,False,False,flat_or_na,falling,unavailable,accelerating,neutral,False,False,False,pass,S1,⚡ 선행 시동,가격 미급등 상태에서 선행조건 3개 개선,S0,True,가격 미급등 상태에서 선행조건 3개 개선,2026-09-07T04:28:14.981476+09:00,2026-09-06T19:10:00Z,34054595745-1
KRW-AERO,에어로드롬파이낸스,746.0,694.8,633.1,658.9833333333333,1.0863239573229766,-9.745695782656757,-5.435139988365908,-0.6998843154846345,-0.68975218876957,,,,,False,False,False,False,80.76896319257128,14.417177914110436,10.0,A급,0.26881720430107503,0.29573912491967747,0.0,0.019398642095058705,-0.017567020588083793,False,False,False,False,2026-09-07T04:28:14.981476+09:00,1788722894,0.0,0.0,,0,0.0,complete,,,79559.98514466,134763.43058501,-0.25757076170332743,753.0,766.0,1.726427622841964,-0.9296148738379806,2.610966057441253,153.84615384615387,complete_hourly_ordered,/v1/candles/minutes/60,120,False,22.756410256410263,624.0,2026-09-02T20:00:00,766.0,2026-09-06T20:00:00,D-1,2.610966057441255,14.084507042253561,True,True,,-100.0,,0.29573912491967747,0.26881720430107503,0.0,0.019398642095058705,-0.017567020588083793,,,-100.0,,0.29573912491967747,0.26881720430107503,0.0,0.019398642095058705,-0.017567020588083793,,,-100.0,,0.29573912491967747,0.26881720430107503,0.0,0.019398642095058705,-0.017567020588083793,,,,,0.4202233765841612,1.3586956521739024,1.0,0.09699321047527132,-0.08784398998476473,,,,,0.4202233765841612,1.3586956521739024,1.0,0.09699321047527132,-0.08784398998476473,,,-100.0,-100.0,0.7988196258300633,1.2211668928086894,2.0,0.13579049466536652,-0.12298780785391816,,,-1383535.4062719,0.0,0.26881720430107503,0,3562069.03190072,0.0,1.2211668928086894,False,False,falling,flat_or_na,unavailable,accelerating,neutral,False,False,False,pass,S1,⚡ 선행 시동,가격 미급등 상태에서 선행조건 4개 개선,S1,False,,,2026-09-06T19:10:00Z,34054595745-1
KRW-CTC,크레딧코인,132.0,126.33333333333333,110.45200000000001,138.82166666666666,0.2645502645502562,-14.378493221791652,8.995954041756207,-1.098670297785417,-1.5678872524499643,,,5.737628153873452,,False,False,False,False,7.907024081883862,5.600000000000005,10.0,A급,0.0,0.24168777948458953,0.0,0.0,0.0,False,False,False,False,2026-09-07T04:28:14.981476+09:00,1788722894,5070.999999119999,0.0,,1,0.0,complete,1788722649521,1788722649521,1537341.77466243,2045536.55033017,-0.141839808548003,131.0,136.0,3.8167938931297662,0.7633587786259444,2.941176470588235,80.00000000000024,complete_hourly_ordered,/v1/candles/minutes/60,120,False,12.195121951219523,123.0,2026-09-02T05:00:00,138.0,2026-09-04T03:00:00,D-3,4.347826086956519,40.0,False,True,,86.46839521192864,-100.0,0.24168777948458953,0.0,0.0,0.0,0.0,0.0,,86.46839521192864,-100.0,0.24168777948458953,0.0,0.0,0.0,0.0,0.0,,86.46839521192864,-100.0,0.24168777948458953,0.0,0.0,0.0,0.0,0.0,,-79.3475604808461,,0.27941009548511087,0.0,0.0,0.0,0.0,0.0,,-79.3475604808461,,0.27941009548511087,0.0,0.0,0.0,0.0,0.0,,-49.85662019160901,,0.3057477011276122,0.0,0.0,0.0,0.0,0.0,,2351.5042940399994,-2635704.62649383,0.0,5070.999999119999,3781462.1517775054,0.0013410156694907912,0.0,False,True,rising,falling,buy_only,accelerating,neutral,False,False,False,pass,S1,⚡ 선행 시동,가격 미급등 상태에서 선행조건 4개 개선,S0,True,가격 미급등 상태에서 선행조건 4개 개선,2026-09-07T04:28:14.981476+09:00,2026-09-06T19:10:00Z,34054595745-1
KRW-ANIME,애니메코인,3.95,3.8,3.665,4.458,0.10537407797681642,-3.683492496589353,14.759982054733072,-0.3018178444487186,-0.7321832639209125,,,,,False,False,False,False,-85.99524299191214,5.614973262032086,8.0,B급,0.0,0.0,0.0,0.0,0.0,False,False,False,False,2026-09-07T04:28:14.981476+09:00,1788722894,0.0,0.0,,0,0.0,complete,,,37767931.35364562,33770045.54785419,0.055884803833579105,3.96,4.02,1.5151515151515138,-0.2525252525252486,1.7412935323382936,116.66666666666643,complete_hourly_ordered,/v1/candles/minutes/60,120,False,8.648648648648628,3.7,2026-09-02T08:00:00,4.02,2026-09-06T20:00:00,D-1,1.741293532338295,21.87499999999984,True,True,,,-100.0,0.0,0.0,0.0,0.0,0.0,,,,-100.0,0.0,0.0,0.0,0.0,0.0,,,,-100.0,0.0,0.0,0.0,0.0,0.0,,,-100.0,,0.0007747887156170918,0.2538071065989911,0.0,0.0175623463294583,-0.013361248379363033,,,-100.0,,0.0007747887156170918,0.2538071065989911,0.0,0.0175623463294583,-0.013361248379363033,,,-100.0,,0.007991605494510168,0.2538071065989911,0.0,0.0175623463294583,-0.013361248379363033,,,0.0,-255448.025986989,0.0,0,4701717.819222918,0.0,0.2538071065989911,False,False,flat_or_na,falling,unavailable,flat_or_na,neutral,False,True,False,pass,S0,🌱 초발사 준비,발사 구조 관찰 또는 초기 준비,S0,False,,,2026-09-06T19:10:00Z,34054595745-1
KRW-APT,앱토스,837.0,793.1333333333333,817.88,997.0666666666667,-0.25153014169531085,3.0257087429288734,20.45332976731747,-0.11232107407060572,-0.41909260507124557,,,,,False,False,False,False,1.6066003386160599,11.007957559681692,5.0,관찰,-0.5938242280285055,0.028282190854755918,0.0,-0.04192169028255366,0.030105945098220843,False,False,False,False,2026-09-07T04:28:14.981476+09:00,1788722894,35041.86603027,297960.26063921,0.11760583762108133,8,0.0,complete,1788722528472,1788722582831,139585.98221602,163958.35339301,-0.08029262390315865,838.0,863.0,2.9832935560859086,-0.11933174224343368,3.0127462340672073,103.99999999999991,complete_hourly_ordered,/v1/candles/minutes/60,120,False,16.77943166441136,739.0,2026-09-02T10:00:00,863.0,2026-09-03T16:00:00,D-4,3.0127462340672095,20.967741935483826,False,False,,-95.93406872036412,,0.028282190854755918,-0.5938242280285055,0.0,-0.04192169028255366,0.030105945098220843,,,-95.93406872036412,,0.028282190854755918,-0.5938242280285055,0.0,-0.04192169028255366,0.030105945098220843,,,-95.93406872036412,,0.028282190854755918,-0.5938242280285055,0.0,-0.04192169028255366,0.030105945098220843,,0.11435193459000917,581.6157565673843,-81.14114383108148,0.06601571663364947,-0.47562425683710385,0.0,-0.04192169028255366,0.030105945098220843,,0.11435193459000917,581.6157565673843,-81.14114383108148,0.06601571663364947,-0.47562425683710385,0.0,-0.04192169028255366,0.030105945098220843,,-3.6884251949209865,-95.06115467799339,59.833890397910714,0.2716854228842047,-0.9467455621301801,1.0,-0.06707470445207475,0.04816830445726694,,,-826799.2134236901,297960.26063921,-0.5938242280285055,333002.12666948,21017383.130766355,0.015844128862170948,-0.9467455621301801,False,False,falling,rising,sell_advantage_weakening,accelerating,neutral,False,False,False,pass,S0,🌱 초발사 준비,발사 구조 관찰 또는 초기 준비,S0,False,,,2026-09-06T19:10:00Z,34054595745-1
KRW-MOCA,모카네트워크,12.1,11.84,11.418,13.873333333333333,0.3957037874505298,-3.6959187248204644,14.656415185007207,-0.6132387475273002,-0.8864457616026691,,,,,False,False,False,False,-55.54924427068888,3.418803418803429,8.0,B급,0.0,0.0,0.0,0.0,0.0,False,False,False,False,2026-09-07T04:28:14.981476+09:00,1788722894,0.0,0.0,,0,0.0,complete,,,12485563.066696,34544349.59388431,-0.4690373696074843,12.1,12.3,1.6528925619834878,0.0,1.62601626016261,100.0,complete_hourly_ordered,/v1/candles/minutes/60,120,False,8.695652173913038,11.5,2026-09-01T22:00:00,12.5,2026-09-04T08:00:00,D-3,3.200000000000003,40.00000000000005,False,False,,,,0.0,0.0,0.0,0.0,0.0,,,,,0.0,0.0,0.0,0.0,0.0,,,,,0.0,0.0,0.0,0.0,0.0,,,-100.0,,0.0,0.0,0.0,0.0,0.0,,,-100.0,,0.0,0.0,0.0,0.0,0.0,,,-100.0,,0.06243842553986667,0.0,0.0,0.0,0.0,,,0.0,0.0,0.0,0,877051.734086113,0.0,0.0,False,False,flat_or_na,flat_or_na,unavailable,flat_or_na,neutral,False,False,False,pass,S0,🌱 초발사 준비,발사 구조 관찰 또는 초기 준비,S0,False,,,2026-09-06T19:10:00Z,34054595745-1
KRW-API3,에이피아이쓰리,320.0,316.3333333333333,296.08,361.69166666666666,0.23236163920572483,-6.840493560299017,12.54060779208811,-0.45843242514003296,-0.7865096960687037,,,,,False,False,False,False,-4.217650732917488,3.2258064516129004,8.0,B급,0.0,0.24952845085680675,0.0,0.0,0.0,False,False,False,False,2026-09-07T04:28:14.981476+09:00,1788722894,286315.40231768,0.0,,2,0.0,complete,1788722003392,1788722003821,343817.80976802,298850.58351503,0.06996956241036913,325.0,327.0,0.6153846153846176,-1.538461538461533,2.1406727828746175,349.9999999999982,complete_hourly_ordered,/v1/candles/minutes/60,120,False,9.000000000000007,300.0,2026-09-02T19:00:00,327.0,2026-09-06T10:00:00,D-1,2.1406727828746197,25.925925925926002,False,True,,,,0.24952845085680675,0.0,0.0,0.0,0.0,,,,,0.24952845085680675,0.0,0.0,0.0,0.0,,,,,0.24952845085680675,0.0,0.0,0.0,0.0,,,,,0.24952845085680675,0.0,0.0,0.0,0.0,,,,,0.24952845085680675,0.0,0.0,0.0,0.0,,,-66.47330642029026,-100.0,0.3246601164715974,0.6289308176100628,0.0,0.02112378538232651,-0.016417229800286037,,,286315.40231768,0.0,0.0,286315.40231768,875026.42062132,0.327207722612969,0.6289308176100628,False,False,rising,flat_or_na,buy_only,accelerating,neutral,False,False,False,pass,S0,🌱 초발사 준비,발사 구조 관찰 또는 초기 준비,S0,False,,,2026-09-06T19:10:00Z,34054595745-1
KRW-AHT,아하토큰,1.33,1.3093333333333335,1.3322,1.5911666666666666,0.20408163265306367,1.7164589901416147,17.712370378129243,-0.6430829297768212,-0.7612542432236484,2.669109862296148,,,,False,False,False,False,-83.18069471454766,-6.338028169014076,4.0,-,0.0,0.00703136539371485,0.0,0.0,0.0,False,False,False,False,2026-09-07T04:28:14.981476+09:00,1788722894,0.0,0.0,,0,0.0,complete,,,174666101.70298064,223663117.7712704,-0.12300633162929953,1.33,1.35,1.5037593984962516,0.0,1.4814814814814827,100.0,complete_hourly_ordered,/v1/candles/minutes/60,120,False,7.692307692307687,1.3,2026-09-02T11:00:00,1.4,2026-09-03T09:00:00,D-4,4.999999999999993,70.00000000000009,False,True,,-100.0,,0.00703136539371485,0.0,0.0,0.0,0.0,,,-100.0,,0.00703136539371485,0.0,0.0,0.0,0.0,,,-100.0,,0.00703136539371485,0.0,0.0,0.0,0.0,,,,,0.05899123393444938,0.0,0.0,0.0,0.0,,,,,0.05899123393444938,0.0,0.0,0.0,0.0,,,,,0.05899123393444938,0.0,0.0,0.0,0.0,,,-19999.999999996802,0.0,0.0,0,753747.3266924659,0.0,0.0,False,False,falling,flat_or_na,unavailable,accelerating,neutral,False,True,False,pass,S0,🌱 초발사 준비,발사 구조 관찰 또는 초기 준비,S0,False,,,2026-09-06T19:10:00Z,34054595745-1
KRW-EGLD,멀티버스엑스,6165.0,5511.2,4467.74,4694.991666666667,2.0239917065705715,-23.35543250054838,-17.384659894674993,-2.2458531857813924,-2.972221761581943,,,,,False,False,False,False,378.133524191575,10.881294964028786,11.0,A급,0.8176614881439059,1.3981418845644953,0.0,0.06170706422472527,-0.06058547544285631,False,True,False,False,2026-09-07T04:28:14.981476+09:00,1788722894,54157937.73166619,699099.89673585,77.46809573929802,22,0.0,complete,1788722465043,1788722729000,6283.20788285,9924.54714396,-0.22466647941597664,6245.0,6355.0,1.7614091273018495,-1.2810248198558805,2.989771833202203,172.72727272727215,complete_hourly_ordered,/v1/candles/minutes/60,120,False,40.203327171903894,5410.0,2026-09-02T06:00:00,7585.0,2026-09-03T07:00:00,D-4,18.721160184574813,65.28735632183907,True,True,,56081.255069878294,,1.3981418845644953,0.8176614881439059,0.0,0.06170706422472527,-0.06058547544285631,,,56081.255069878294,,1.3981418845644953,0.8176614881439059,0.0,0.06170706422472527,-0.06058547544285631,,,56081.255069878294,,1.3981418845644953,0.8176614881439059,0.0,0.06170706422472527,-0.06058547544285631,,,,,1.4033974970059262,0.8176614881439059,0.0,0.06170706422472527,-0.06058547544285631,,,,,1.4033974970059262,0.8176614881439059,0.0,0.06170706422472527,-0.06058547544285631,,,1393.6063755965552,,1.512261009075928,1.1484823625922846,0.0,0.09873130275954711,-0.0969419231526345,,,54061539.14166619,699099.89673585,0.8176614881439059,54857037.62840204,7454208.808809299,7.359203241472471,1.1484823625922846,False,True,rising,rising,buy_advantage_weakening,accelerating,neutral,True,True,False,🔴 1차 급등 완료·상승분 반납 / 신규매수 금지,S3,🔴 1차 급등 완료·반납,당일/5D 급등 후 상승분 상당 부분 반납,S3,False,,,2026-09-06T19:10:00Z,34054595745-1
KRW-BLEND,플루언트,89.1,89.22,91.256,103.84833333333333,0.15716210148182252,2.2310861751556077,14.086247572581808,0.06103902068161271,-0.4578728228350911,,,,,False,False,False,False,-57.850243836499395,2.6497695852534475,6.0,관찰,-0.4469273743016866,0.13624220821388633,0.0,-0.02993563837747626,0.022920070214645705,False,False,False,False,2026-09-07T04:28:14.981476+09:00,1788722894,0.0,9812.775330368999,0.0,1,0.0,complete,1788722896257,1788722896257,383348.12009192,354008.57485908,0.0397901659179886,88.0,91.5,3.9772727272727293,1.2499999999999956,2.6229508196721376,68.5714285714287,complete_hourly_ordered,/v1/candles/minutes/60,120,False,8.669833729216148,84.2,2026-09-02T11:00:00,91.5,2026-09-06T20:00:00,D-1,2.622950819672132,32.87671232876725,True,True,,,,0.13624220821388633,-0.4469273743016866,0.0,-0.02993563837747626,0.022920070214645705,,,,,0.13624220821388633,-0.4469273743016866,0.0,-0.02993563837747626,0.022920070214645705,,,,,0.13624220821388633,-0.4469273743016866,0.0,-0.02993563837747626,0.022920070214645705,,-0.9778666854291654,-100.0,-97.84597774882987,0.286521022763651,-0.7795100222717233,0.0,-0.05987127675495252,0.04583866914270729,,-0.9778666854291654,-100.0,-97.84597774882987,0.286521022763651,-0.7795100222717233,0.0,-0.05987127675495252,0.04583866914270729,,-16.767634749047566,-100.0,-97.63530103988604,0.4432784633874931,-1.1098779134295245,0.0,-0.07483909594370175,0.0572974169185585,,,0.0,9812.775330368999,-0.4469273743016866,9812.775330368999,1526660.5019982602,0.006427608048760655,-1.1098779134295245,False,False,flat_or_na,rising,sell_only,accelerating,neutral,False,False,False,pass,S0,🌱 초발사 준비,발사 구조 관찰 또는 초기 준비,S0,False,,,2026-09-06T19:10:00Z,34054595745-1
KRW-ERA,칼데라,81.5,81.16666666666667,93.64399999999999,129.04666666666668,-0.024634586960081695,13.324220807882323,37.10285684765201,-0.3336436850149244,-0.39254848754817645,,,,,False,False,False,False,-86.12274499122593,2.258469259723972,5.0,관찰,0.12285012285011554,0.029092648175961244,0.0,0.008211528986690197,-0.004759955163507357,False,False,False,False,2026-09-07T04:28:14.981476+09:00,1788722894,221399.14692011,1697048.1330664973,0.13046132434679428,5,0.0,complete,1788722001793,1788722469589,964182.52793323,598801.11414485,0.23377174523885838,80.5,82.4,2.360248447204971,1.2422360248447228,1.0922330097087447,47.36842105263153,complete_hourly_ordered,/v1/candles/minutes/60,120,False,5.23627075351214,78.3,2026-09-04T21:00:00,82.4,2026-09-06T23:00:00,D-1,1.092233009708743,21.951219512195276,False,False,0.13046132434679428,,107.51789352652716,0.029092648175961244,0.12285012285011554,0.0,0.008211528986690197,-0.004759955163507357,,0.13046132434679428,,107.51789352652716,0.029092648175961244,0.12285012285011554,0.0,0.008211528986690197,-0.004759955163507357,,0.13046132434679428,,107.51789352652716,0.029092648175961244,0.12285012285011554,0.0,0.008211528986690197,-0.004759955163507357,,,101.27195174798449,,0.038067560931892785,-0.1225490196078316,0.0,-0.008211528986679095,0.004759893688024874,,,101.27195174798449,,0.038067560931892785,-0.1225490196078316,0.0,-0.008211528986679095,0.004759893688024874,,,,,0.05217357529939193,0.0,0.0,0.0,0.0,,0.13046132434679428,221399.14692011,879264.1317800913,0.12285012285011554,1918447.2799866074,3584215.493600981,0.5352488664288392,0.0,False,False,rising,rising,sell_advantage_weakening,accelerating,leading_buy_inflow,False,True,False,pass,S0,🌱 초발사 준비,발사 구조 관찰 또는 초기 준비,S0,False,,,2026-09-06T19:10:00Z,34054595745-1
KRW-FF,팔콘파이낸스,161.0,135.6,104.904,110.92416666666666,2.6236125126135157,-29.261038663921298,-22.245678353830318,-2.240203396146446,-2.927819240076859,,,,,False,False,False,False,93.46263165771633,19.259259259259267,8.0,B급,-0.6172839506172867,0.17047360500772868,0.0,-0.05045408678103769,0.05091341744200406,False,False,False,False,2026-09-07T04:28:14.981476+09:00,1788722894,0.0,6070969.14700465,0.0,6,0.0,complete,1788722813432,1788722829325,892600.72513382,2479287.74172192,-0.47056331553803543,163.0,165.0,1.2269938650306678,-1.2269938650306789,2.4242424242424243,200.00000000000088,complete_hourly_ordered,/v1/candles/minutes/60,120,False,36.50793650793651,126.0,2026-09-03T16:00:00,172.0,2026-09-06T04:00:00,D-1,6.395348837209303,23.913043478260906,False,True,,-100.0,,0.17047360500772868,-0.6172839506172867,0.0,-0.05045408678103769,0.05091341744200406,,,-100.0,,0.17047360500772868,-0.6172839506172867,0.0,-0.05045408678103769,0.05091341744200406,,,-100.0,,0.17047360500772868,-0.6172839506172867,0.0,-0.05045408678103769,0.05091341744200406,,-6.268773045319555,-100.0,15659.961314951706,0.33879226550799046,0.0,0.0,-0.05045408678103769,0.05091341744200406,,-6.268773045319555,-100.0,15659.961314951706,0.33879226550799046,0.0,0.0,-0.05045408678103769,0.05091341744200406,,0.0,,3473.0550039024847,0.4844760946010638,-1.2269938650306789,0.0,-0.10090817356205317,0.10181918614969376,,,-253368.0,6070969.14700465,-0.6172839506172867,6070969.14700465,14279220.904464256,0.42516109160455823,-1.2269938650306789,False,False,falling,rising,sell_only,accelerating,neutral,False,True,False,pass,S0,🌱 초발사 준비,발사 구조 관찰 또는 초기 준비,S0,False,,,2026-09-06T19:10:00Z,34054595745-1
KRW-PLUME,플룸,19.2,19.473333333333336,17.7,17.375,0.13712718546454727,-10.018832391713769,-12.076738609112727,0.4089053297125723,-0.1541138465672942,,,,,False,False,False,False,-38.42006868454369,-2.0408163265306256,5.0,관찰,0.5235602094240788,0.36989374187827906,0.0,0.03428179636615347,-0.032995503927839565,False,False,False,False,2026-09-07T04:28:14.981476+09:00,1788722894,999999.9999999871,148004.756279809,6.756539621668958,3,0.0,complete,1788722314752,1788722928219,13155286.76544844,12616756.57510389,0.020895905816562556,19.4,19.4,0.0,-1.0309278350515427,1.0309278350515427,,complete_hourly_ordered,/v1/candles/minutes/60,120,False,6.349206349206371,18.9,2026-09-02T19:00:00,20.1,2026-09-04T02:00:00,D-3,3.9800995024875663,66.66666666666643,True,True,6.756539621668958,,80.14630390611133,0.36989374187827906,0.5235602094240788,0.0,0.03428179636615347,-0.032995503927839565,,6.756539621668958,,80.14630390611133,0.36989374187827906,0.5235602094240788,0.0,0.03428179636615347,-0.032995503927839565,,6.756539621668958,,80.14630390611133,0.36989374187827906,0.5235602094240788,0.0,0.03428179636615347,-0.032995503927839565,,6.756539621668958,,-7.760230282631609,0.5337293851049765,2.673796791443861,1.0,0.17140898183066744,-0.16500917759437073,,6.756539621668958,,-7.760230282631609,0.5337293851049765,2.673796791443861,1.0,0.17140898183066744,-0.16500917759437073,,6.756539621668958,,-75.81526976640767,0.5484588431291328,2.673796791443861,1.0,0.17140898183066744,-0.16500917759437073,,6.756539621668958,999999.9999999871,65846.66972980899,0.5235602094240788,1148004.7562797961,5210730.2139680665,0.2203155237633325,2.673796791443861,False,False,rising,rising,buy_advantage_accelerating,accelerating,neutral,False,False,False,pass,S0,🌱 초발사 준비,발사 구조 관찰 또는 초기 준비,S0,False,,,2026-09-06T19:10:00Z,34054595745-1
KRW-ESP,에스프레소,124.0,118.33333333333333,107.836,103.55333333333333,0.28248587570620654,-9.734535158326839,-14.272838472928607,0.018091341303347618,-0.08778712192302648,,,,,False,False,False,False,15.633453754374326,7.826086956521738,5.0,관찰,0.0,0.1421253130849287,0.0,0.0,0.0,False,False,False,False,2026-09-07T04:28:14.981476+09:00,1788722894,9999.99999996,0.0,,1,0.0,complete,1788722952843,1788722952843,1857917.95770789,1933180.75350697,-0.019852502277621205,120.0,125.0,4.166666666666674,3.3333333333333437,0.8,19.999999999999893,complete_hourly_ordered,/v1/candles/minutes/60,120,False,12.612612612612617,111.0,2026-09-02T17:00:00,125.0,2026-09-05T13:00:00,D-2,0.8000000000000007,7.1428571428572365,True,True,,,,0.1421253130849287,0.0,0.0,0.0,0.0,,,,,0.1421253130849287,0.0,0.0,0.0,0.0,,,,,0.1421253130849287,0.0,0.0,0.0,0.0,,,-99.3861336792784,,0.32803206385476535,0.8130081300812941,0.0,0.05649717514124575,-0.055187532113826876,,,-99.3861336792784,,0.32803206385476535,0.8130081300812941,0.0,0.05649717514124575,-0.055187532113826876,,,-99.90315846100259,-100.0,0.6527083798559801,0.0,0.0,0.0,0.0,,,9999.99999996,0.0,0.0,9999.99999996,3150229.492986535,0.0031743719059907686,0.0,False,False,rising,flat_or_na,buy_only,accelerating,neutral,False,False,False,pass,S0,🌱 초발사 준비,발사 구조 관찰 또는 초기 준비,S0,False,,,2026-09-06T19:10:00Z,34054595745-1
KRW-CC,캔톤,150.0,158.53333333333333,156.7,196.95,-0.5437055625261422,-1.169963837481393,19.5057967335195,-0.6208804162509323,-0.2977471812066376,,,,,False,False,False,False,-3.8537033430272483,-4.458598726114649,6.0,관찰,1.3513513513513598,0.0740531922855725,0.0,0.08364700961940308,-0.06089250141618052,False,False,False,False,2026-09-07T04:28:14.981476+09:00,1788722894,0.0,0.0,,0,0.0,complete,,,1771449.05095959,2089294.67007126,-0.08232756227258795,149.0,152.0,2.0134228187919545,0.6711409395973256,1.3157894736842104,66.6666666666663,complete_hourly_ordered,/v1/candles/minutes/60,120,False,5.555555555555558,144.0,2026-09-05T04:00:00,152.0,2026-09-06T01:00:00,D-1,1.3157894736842146,24.9999999999999,False,False,,,,0.0740531922855725,1.3513513513513598,0.0,0.08364700961940308,-0.06089250141618052,,,,,0.0740531922855725,1.3513513513513598,0.0,0.08364700961940308,-0.06089250141618052,,,,,0.0740531922855725,1.3513513513513598,0.0,0.08364700961940308,-0.06089250141618052,,,,,0.09458448826195065,0.6711409395973256,0.0,0.04182350480970154,-0.030444962414147625,,,,,0.09458448826195065,0.6711409395973256,0.0,0.04182350480970154,-0.030444962414147625,,,,-100.0,0.33734796148882085,1.3513513513513598,0.0,0.08364700961940308,-0.06089250141618052,,,0.0,0.0,1.3513513513513598,0,5486828.954942835,0.0,1.3513513513513598,False,False,flat_or_na,flat_or_na,unavailable,accelerating,neutral,False,False,False,pass,S0,🌱 초발사 준비,발사 구조 관찰 또는 초기 준비,S0,False,,,2026-09-06T19:10:00Z,34054595745-1
KRW-NEO,네오,2908.0,2920.6,2739.84,3189.9333333333334,0.03196711953419307,-6.597465545433301,8.443227653660477,-0.3376284040851335,-0.6288892823914886,,,13.425618610565701,,False,False,False,False,-16.019844144190753,3.6350677120456254,10.0,A급,-0.2401372212692987,0.17589886835647306,0.0,-0.015983559767107636,0.012954847305177708,False,False,False,False,2026-09-07T04:28:14.981476+09:00,1788722894,0.0,0.0,,0,0.0,complete,,,10471.94870117,13824.12730526,-0.13797201668297548,2925.0,2970.0,1.538461538461533,-0.5811965811965858,2.087542087542088,137.77777777777823,complete_hourly_ordered,/v1/candles/minutes/60,120,False,8.23615160349853,2744.0,2026-09-02T19:00:00,2970.0,2026-09-06T15:00:00,D-1,2.0875420875420825,27.433628318583946,True,False,,-100.0,-100.0,0.17589886835647306,-0.2401372212692987,0.0,-0.015983559767107636,0.012954847305177708,0.07560048787054363,,-100.0,-100.0,0.17589886835647306,-0.2401372212692987,0.0,-0.015983559767107636,0.012954847305177708,0.07560048787054363,,-100.0,-100.0,0.17589886835647306,-0.2401372212692987,0.0,-0.015983559767107636,0.012954847305177708,0.07560048787054363,,,,0.3445420181382275,-0.1716443529007905,0.0,-0.011416828405086399,0.009253510707427637,0.05406400839803993,,,,0.3445420181382275,-0.1716443529007905,0.0,-0.011416828405086399,0.009253510707427637,0.05406400839803993,,-100.0,,0.3980787815054967,-0.6830601092896127,0.0,-0.04566731362027898,0.03701259248162536,0.21436074200646793,,-503615.91885990003,-580456.6138195,-0.2401372212692987,0,1843850.0,0.0,-0.6830601092896127,False,True,falling,falling,unavailable,accelerating,neutral,False,False,False,pass,S0,🌱 초발사 준비,발사 구조 관찰 또는 초기 준비,S1,True,발사 구조 관찰 또는 초기 준비,2026-09-07T04:28:14.981476+09:00,2026-09-06T19:10:00Z,34054595745-1
KRW-ETC,이더리움클래식,10490.0,10444.666666666666,9778.2,10798.416666666666,-0.2101910828025466,-6.815842043184485,3.2759432324183333,-0.08068185309119125,-0.3502833728868511,,,9.352265868116246,,False,False,False,False,-9.8748139414783,4.899999999999993,11.0,A급,-0.2851711026615966,0.18860245484503402,0.0,-0.019108280254775956,0.016281545790354013,False,False,False,False,2026-09-07T04:28:14.981476+09:00,1788722894,2784191.2573152,44999.999901999996,61.87091696396778,5,0.0,complete,1788722154957,1788722464546,16220.23991628,14612.63366429,0.05213935859040614,10540.0,10740.0,1.8975332068311257,-0.4743833017077814,2.3277467411545625,125.0,complete_hourly_ordered,/v1/candles/minutes/60,120,False,9.31297709923664,9825.0,2026-09-02T19:00:00,10740.0,2026-09-06T10:00:00,D-1,2.327746741154557,27.32240437158458,False,True,61.87091696396778,,221.15665129168204,0.18860245484503402,-0.2851711026615966,0.0,-0.019108280254775956,0.016281545790354013,0.13219284046161306,61.87091696396778,,221.15665129168204,0.18860245484503402,-0.2851711026615966,0.0,-0.019108280254775956,0.016281545790354013,0.13219284046161306,61.87091696396778,,221.15665129168204,0.18860245484503402,-0.2851711026615966,0.0,-0.019108280254775956,0.016281545790354013,0.13219284046161306,61.44709958337176,3217.009070058804,-77.27840212382398,0.23383653220949796,-0.4743833017077814,0.0,-0.03184713375796733,0.02713549084130573,0.21897346899068992,61.44709958337176,3217.009070058804,-77.27840212382398,0.23383653220949796,-0.4743833017077814,0.0,-0.03184713375796733,0.02713549084130573,0.21897346899068992,32.94389645883061,-5.783627088134569,-55.950241488607766,0.3731481028668835,-0.4743833017077814,0.0,-0.025477707006382744,0.021708560195473847,0.17571629350727314,61.87091696396778,2784191.2573152,30988.146271999994,-0.2851711026615966,2829191.2572172,11097655.61765475,0.2549359391470366,-0.4743833017077814,False,True,rising,rising,buy_advantage_accelerating,accelerating,leading_buy_inflow,False,False,False,pass,S1,⚡ 선행 시동,가격 미급등 상태에서 선행조건 4개 개선,S1,False,,,2026-09-06T19:10:00Z,34054595745-1
KRW-IOTA,아이오타,57.3,56.88,51.558,62.76,-0.4550227511375571,-10.322355405562671,9.369024856596551,0.15944198687827438,-0.33738246069497413,,,,,False,False,False,False,93.41746436996732,4.744525547445266,10.0,A급,0.17452006980802626,1.416383766701287,0.0,0.01166725002916813,-0.0094191954011702,False,False,False,False,2026-09-07T04:28:14.981476+09:00,1788722894,133176.49999978798,3525767.5813036803,0.037772342313767866,6,0.0,complete,1788722706248,1788722869648,1413331.63077308,970307.84710039,0.18586023087179585,55.1,58.7,6.533575317604368,3.992740471869327,2.3850085178875733,38.88888888888902,complete_hourly_ordered,/v1/candles/minutes/60,120,False,11.174242424242431,52.8,2026-09-04T23:00:00,58.7,2026-09-06T21:00:00,D-1,2.385008517887577,23.728813559322106,True,True,0.03326426786705033,564.7204013957671,-20.666581096512182,1.416383766701287,0.0,0.0,0.01166725002916813,-0.0094191954011702,,0.03326426786705033,564.7204013957671,-20.666581096512182,1.416383766701287,0.0,0.0,0.01166725002916813,-0.0094191954011702,,0.03326426786705033,564.7204013957671,-20.666581096512182,1.416383766701287,0.0,0.0,0.01166725002916813,-0.0094191954011702,,0.02030631054834285,-61.10019743112789,-82.01262760744827,2.9353118073579054,0.17482517482516613,0.0,0.0,0.0,,0.02030631054834285,-61.10019743112789,-82.01262760744827,2.9353118073579054,0.17482517482516613,0.0,0.0,0.0,,-2.3577588417272946,-97.74799833407137,42.82249621777039,3.3455082643768748,-0.17421602787456303,0.0,0.02333450005833626,-0.018838640946935215,,0.03326426786705033,113141.53496484298,-918472.4754533758,0.0,3658944.0813034684,4464275.021792001,0.8196054372641977,-0.17421602787456303,False,True,rising,falling,sell_advantage_weakening,accelerating,leading_buy_inflow,False,False,False,pass,S0,🌱 초발사 준비,발사 구조 관찰 또는 초기 준비,S0,False,,,2026-09-06T19:10:00Z,34054595745-1
KRW-IOST,아이오에스티,0.991,0.8381333333333333,0.85368,1.1091000000000002,1.4443637537319365,1.821135163839695,24.43122050912153,-0.8855299054748276,-0.9390661741539652,2.0565484605098563,,,,False,False,False,False,386.6569393123036,19.207683073229287,6.0,관찰,0.8121827411167626,1.0755493823159554,0.0,0.04841442749938807,-0.03265998920286606,False,True,False,False,2026-09-07T04:28:14.981476+09:00,1788722894,1456109.1499536154,5651836.896295609,0.2576346728809522,16,0.0,complete,1788722060776,1788722984086,72828798.8990295,554548229.8731649,-0.7678308399605934,0.932,1.12,20.171673819742498,6.330472103004281,11.517857142857151,68.6170212765958,complete_hourly_ordered,/v1/candles/minutes/60,120,False,39.303482587064686,0.804,2026-09-03T00:00:00,1.12,2026-09-06T13:00:00,D-1,11.875000000000014,42.08860759493677,True,True,-5.988734358155309,1720.1364374421853,44029.32369686527,1.0755493823159554,0.6091370558375608,0.0,0.04841442749938807,-0.03265998920286606,,-5.988734358155309,1720.1364374421853,44029.32369686527,1.0755493823159554,0.6091370558375608,0.0,0.04841442749938807,-0.03265998920286606,,-5.988734358155309,1720.1364374421853,44029.32369686527,1.0755493823159554,0.6091370558375608,0.0,0.04841442749938807,-0.03265998920286606,,-0.4650487855680471,-80.72157100686228,-45.92264471846917,1.4109928357461854,0.7113821138211351,0.0,0.05648349874929348,-0.03810360704483173,,-0.4650487855680471,-80.72157100686228,-45.92264471846917,1.4109928357461854,0.7113821138211351,0.0,0.05648349874929348,-0.03810360704483173,,-0.8669610458134029,-94.63371491610266,-76.57574128839046,2.7037074934294196,-0.6018054162487463,0.0,-0.1371742112483032,0.09252064660284631,,-5.988734358155309,1376109.1499536226,5639029.455748549,0.6091370558375608,7107946.046249224,5942459.451481932,1.1961286575504764,-0.6018054162487463,False,True,rising,rising,sell_advantage_accelerating,accelerating,neutral,False,True,False,pass,S0,🌱 초발사 준비,발사 구조 관찰 또는 초기 준비,S0,False,,,2026-09-06T19:10:00Z,34054595745-1
KRW-AKT,아카시네트워크,757.0,732.8,720.44,908.0,0.0728332119446451,-1.715618233301857,19.29515418502203,-0.026436663429320252,-0.014704552184175768,,,,,False,False,False,False,16.027368668282715,9.565217391304337,7.0,B급,-0.5263157894736858,0.4363509984867786,0.0,-0.04552075746540041,0.03300578874799953,False,False,False,False,2026-09-07T04:28:14.981476+09:00,1788722894,94246.5,302078.13450013,0.31199378318446097,6,0.0,complete,1788722076920,1788722766907,169565.08975235,139925.11385715,0.09577032018951503,739.0,787.0,6.495263870094714,2.435723951285529,3.8119440914866582,62.49999999999984,complete_hourly_ordered,/v1/candles/minutes/60,120,False,16.07669616519174,678.0,2026-09-02T10:00:00,787.0,2026-09-06T23:00:00,D-1,3.811944091486663,27.52293577981656,False,False,-0.2936444896135561,-87.65126435659889,-76.02879502926825,0.4363509984867786,-0.39473684210525883,0.0,-0.04552075746540041,0.03300578874799953,,-0.2936444896135561,-87.65126435659889,-76.02879502926825,0.4363509984867786,-0.39473684210525883,0.0,-0.04552075746540041,0.03300578874799953,,-0.2936444896135561,-87.65126435659889,-76.02879502926825,0.4363509984867786,-0.39473684210525883,0.0,-0.04552075746540041,0.03300578874799953,,0.026668955118607507,-86.74320576742893,-87.87638491861742,0.9521947645896311,0.0,0.0,-0.018208302986155722,0.01320267899240335,,0.026668955118607507,-86.74320576742893,-87.87638491861742,0.9521947645896311,0.0,0.0,-0.018208302986155722,0.01320267899240335,,-0.6008670407871979,-5.753499993968214,175.7552947812586,2.215236531110932,-0.9162303664921434,0.0,-0.0728332119446451,0.05280780810403485,,-0.2936444896135561,-668961.18960961,-958092.70325692,-0.39473684210525883,396324.63450013,3789262.203377245,0.10459150442186314,-0.9162303664921434,False,False,falling,falling,sell_advantage_accelerating,accelerating,neutral,False,False,False,pass,S0,🌱 초발사 준비,발사 구조 관찰 또는 초기 준비,S0,False,,,2026-09-06T19:10:00Z,34054595745-1
KRW-COW,카우프로토콜,180.0,170.2,168.18,204.06666666666666,0.9489916963226541,-1.2010940658817824,16.595883698137868,-1.081103473852815,-0.917305877412683,,,,,False,False,False,False,-41.71930288158148,5.263157894736836,8.0,B급,0.0,0.9886854926712729,0.0,0.0,0.0,False,False,False,False,2026-09-07T04:28:14.981476+09:00,1788722894,13982479.7601168,0.0,,6,0.0,complete,1788722418877,1788722462978,413142.37628154,724352.34535087,-0.2735924511567974,180.0,184.0,2.2222222222222143,0.0,2.1739130434782608,100.0,complete_hourly_ordered,/v1/candles/minutes/60,120,False,9.523809523809534,168.0,2026-09-02T10:00:00,184.0,2026-09-06T15:00:00,D-1,2.1739130434782594,25.000000000000117,True,True,,5451.065415417684,,0.9886854926712729,0.0,0.0,0.0,0.0,,,5451.065415417684,,0.9886854926712729,0.0,0.0,0.0,0.0,,,5451.065415417684,,0.9886854926712729,0.0,0.0,0.0,0.0,,,,,1.0303489407725408,0.5586592178770999,0.0,0.03954132068011429,-0.0292643395964447,,,,,1.0303489407725408,0.5586592178770999,0.0,0.03954132068011429,-0.0292643395964447,,,139724.79761515048,,1.0908634965629247,1.1235955056179803,0.0,0.07908264136020637,-0.0585310694844523,,,13730591.542023001,0.0,0.0,13982479.7601168,1267487.55697974,11.031650514530693,1.1235955056179803,False,False,rising,flat_or_na,buy_only,accelerating,neutral,False,False,False,pass,S0,🌱 초발사 준비,발사 구조 관찰 또는 초기 준비,S0,False,,,2026-09-06T19:10:00Z,34054595745-1
KRW-VIRTUAL,버추얼프로토콜,952.0,975.1333333333333,878.34,924.3666666666667,0.061567929949379874,-11.02003020849936,-5.492048609859001,-0.06701942122105695,-0.49361916374890014,,,,,False,False,False,False,25.10818994561259,0.8474576271186418,8.0,B급,0.31612223393044925,0.08015511137253739,0.0,0.02052264331646736,-0.018783853861498834,False,False,False,False,2026-09-07T04:28:14.981476+09:00,1788722894,15232.0,7662534.08041082,0.00198785412764955,19,0.0,complete,1788722333273,1788723026720,328751.47957786,257568.28250707,0.1214067846147047,938.0,974.0,3.837953091684443,1.4925373134328401,2.2587268993839835,61.111111111111086,complete_hourly_ordered,/v1/candles/minutes/60,120,False,8.584169453734681,897.0,2026-09-05T03:00:00,974.0,2026-09-06T22:00:00,D-1,2.361396303901442,29.870129870129997,True,False,-1.9167070225533047,-99.63742447669136,249.96119147069734,0.08015511137253739,0.31612223393044925,0.0,0.02052264331646736,-0.018783853861498834,,-1.9167070225533047,-99.63742447669136,249.96119147069734,0.08015511137253739,0.31612223393044925,0.0,0.02052264331646736,-0.018783853861498834,,-1.9167070225533047,-99.63742447669136,249.96119147069734,0.08015511137253739,0.31612223393044925,0.0,0.02052264331646736,-0.018783853861498834,,-0.0038297046725961057,-97.08382065221521,-91.465649017285,1.3941427264110082,0.42194092827003704,0.0,0.006840881105474317,-0.0062611717262379685,,-0.0038297046725961057,-97.08382065221521,-91.465649017285,1.3941427264110082,0.42194092827003704,0.0,0.006840881105474317,-0.0062611717262379685,,-0.8519527856678705,-99.47476732366091,125.6289943190397,1.714793004714263,-0.5224660397074143,0.0,-0.0342044055274382,0.03130416533955582,,-1.9167070225533047,-4185823.7858408904,5472995.84955461,0.31612223393044925,7677766.08041082,25030601.44677849,0.3067351816030362,-0.5224660397074143,False,False,falling,rising,sell_advantage_accelerating,accelerating,neutral,False,False,False,pass,S0,🌱 초발사 준비,발사 구조 관찰 또는 초기 준비,S0,False,,,2026-09-06T19:10:00Z,34054595745-1
KRW-ETH,이더리움,3397000.0,3394066.6666666665,2960380.0,2852516.6666666665,0.16132522772431823,-14.64969587237674,-18.984989862752773,0.25239935646864087,-0.2638576392083284,,,,,False,False,False,False,7.7613899149583165,1.5844544095665158,5.0,관찰,-0.0882093501911152,0.11350351443997209,0.0,-0.003934761651835927,0.003979007023790615,False,False,False,False,2026-09-07T04:28:14.981476+09:00,1788722894,17609081.12018,103756040.31840998,0.16971620221955913,162,0.0,complete,1788722004359,1788723024279,366.34341529,560.90321102,-0.2098252937346942,3387000.0,3439000.0,1.5352819604369738,0.2952465308532659,1.2212852573422508,80.76923076923066,complete_hourly_ordered,/v1/candles/minutes/60,120,False,7.222222222222219,3240000.0,2026-09-02T19:00:00,3474000.0,2026-09-04T18:00:00,D-3,2.2452504317789335,33.333333333333435,False,True,-0.8706095793331685,-78.14848287531021,33.945353086836036,0.11350351443997209,-0.11761246692149063,0.0,-0.003934761651835927,0.003979007023790615,,-0.8706095793331685,-78.14848287531021,33.945353086836036,0.11350351443997209,-0.11761246692149063,0.0,-0.003934761651835927,0.003979007023790615,,-0.8706095793331685,-78.14848287531021,33.945353086836036,0.11350351443997209,-0.11761246692149063,0.0,-0.003934761651835927,0.003979007023790615,,-10.914274987167847,-85.09118026040036,873.6797340309737,0.2497631872548256,0.08839127872717345,0.0,0.007869523303605241,-0.007958153540339907,,-10.914274987167847,-85.09118026040036,873.6797340309737,0.2497631872548256,0.08839127872717345,0.0,0.007869523303605241,-0.007958153540339907,,-0.5347951008040048,-69.48551509456034,26.669105487128462,0.364945276328954,0.32486709982280093,0.0,0.02951071238859182,-0.029844034836433053,,-0.8706095793331685,-62976083.835179985,26294569.70572996,-0.11761246692149063,121365121.43858998,647917477.10882,0.18731570875376508,0.32486709982280093,False,False,falling,rising,sell_advantage_accelerating,accelerating,neutral,False,False,False,pass,S0,🌱 초발사 준비,발사 구조 관찰 또는 초기 준비,S0,False,,,2026-09-06T19:10:00Z,34054595745-1
KRW-IQ,아이큐,1.0,0.9641333333333333,0.9564400000000001,1.1711,0.11075730305967202,-0.8043717675267887,17.67284319585575,-0.6446289706523424,-0.72536738369995,,,,,False,False,False,False,-83.01214666311945,-7.407407407407418,6.0,관찰,-0.990099009900991,0.00909291362768272,0.0,-0.06922331441230334,0.051064652786781295,False,False,False,False,2026-09-07T04:28:14.981476+09:00,1788722894,0.0,0.0,,0,0.0,complete,,,71403512.7552497,363336925.1189086,-0.671511980323678,0.976,1.02,4.508196721311486,2.4590163934426146,1.960784313725492,45.454545454545766,complete_hourly_ordered,/v1/candles/minutes/60,120,False,7.936507936507953,0.945,2026-09-03T22:00:00,1.02,2026-09-06T10:00:00,D-1,1.9607843137254943,26.66666666666661,False,True,,,,0.00909291362768272,-0.990099009900991,0.0,-0.06922331441230334,0.051064652786781295,,,,,0.00909291362768272,-0.990099009900991,0.0,-0.06922331441230334,0.051064652786781295,,,,,0.00909291362768272,-0.990099009900991,0.0,-0.06922331441230334,0.051064652786781295,,,,,0.0229213351560702,0.0,0.0,0.0,0.0,,,,,0.0229213351560702,0.0,0.0,0.0,0.0,,,-100.0,,0.03474059444501165,0.0,0.0,0.0,0.0,,,0.0,0.0,-0.990099009900991,0,1828732.5907533036,0.0,0.0,False,False,flat_or_na,flat_or_na,unavailable,accelerating,neutral,False,True,False,pass,S0,🌱 초발사 준비,발사 구조 관찰 또는 초기 준비,S0,False,,,2026-09-06T19:10:00Z,34054595745-1
KRW-NEAR,니어프로토콜,3312.0,2720.133333333333,2534.52,2825.508333333333,1.8293443809428656,-7.323411665062151,3.729417420464164,-1.127107580822723,-0.8730388404555111,,,4.271765753879092,,False,False,False,False,146.24306400570356,26.66666666666666,12.0,A급,1.5668202764977046,1.0266313090535277,0.0,0.15473308542763853,-0.1287060548263277,False,False,False,True,2026-09-07T04:28:14.981476+09:00,1788722894,47957915.624526575,73645518.30183436,0.6511993768306746,153,0.0,complete,1788722089673,1788723033933,67174.15185763,30919.7640002,0.36958854726499457,2992.0,3390.0,13.302139037433157,10.6951871657754,2.3008849557522124,19.59798994974877,complete_hourly_ordered,/v1/candles/minutes/60,120,False,34.952229299363054,2512.0,2026-09-02T19:00:00,3390.0,2026-09-06T23:00:00,D-1,2.035398230088492,7.858769931662833,False,True,-0.05798784546175695,113.05208145034244,132.0238919495723,1.0266313090535277,1.751152073732709,0.0,0.15473308542763853,-0.1287060548263277,-0.2816796247083957,-0.05798784546175695,113.05208145034244,132.0238919495723,1.0266313090535277,1.751152073732709,0.0,0.15473308542763853,-0.1287060548263277,-0.2816796247083957,-0.05798784546175695,113.05208145034244,132.0238919495723,1.0266313090535277,1.751152073732709,0.0,0.15473308542763853,-0.1287060548263277,-0.2816796247083957,-0.011085786386637153,-25.38861724925683,-24.118459628388223,2.3183262120356005,2.0961775585696563,0.0,0.15473308542763853,-0.1287060548263277,-0.2816796247083957,-0.011085786386637153,-25.38861724925683,-24.118459628388223,2.3183262120356005,2.0961775585696563,0.0,0.15473308542763853,-0.1287060548263277,-0.2816796247083957,-0.14422909851527355,-40.61776514589194,-27.46565458566139,3.4056937134245686,-0.09049773755656076,0.0,-0.049913898525044686,0.0415080418791014,0.08733352513561687,-0.05798784546175695,25447966.274088304,41905029.12934847,1.751152073732709,121603433.92636093,83176503.22784743,1.4619926205992295,-0.09049773755656076,False,False,rising,rising,sell_advantage_accelerating,accelerating,neutral,False,False,False,pass,S0,🌱 초발사 준비,발사 구조 관찰 또는 초기 준비,S0,False,,,2026-09-06T19:10:00Z,34054595745-1
KRW-RVN,레이븐코인,3.97,3.804666666666667,4.3838,5.793333333333334,0.5993301604089618,13.210760831546445,34.32681242807825,-1.3476612849962308,-1.0252162165392043,9.80273083349975,,,,False,False,False,False,-88.49318785780517,1.2690355329949332,6.0,관찰,0.5037783375314797,0.0031131557215360317,0.0,0.03525471531817814,-0.021126235289507633,False,False,False,False,2026-09-07T04:28:14.981476+09:00,1788722894,415228.2477929562,41797.641922394,9.934250562840688,18,0.0,complete,1788722168217,1788722860336,11472770.59927826,38796095.31785978,-0.5435436869337894,3.98,4.29,7.788944723618085,-0.2512562814070307,7.459207459207455,103.22580645161285,complete_hourly_ordered,/v1/candles/minutes/60,120,False,12.89473684210527,3.8,2026-09-02T19:00:00,4.29,2026-09-06T13:00:00,D-1,7.459207459207451,65.3061224489796,False,True,8.271521178254964,-88.981411731892,-98.15578131695565,0.0031131557215360317,0.0,0.0,0.03525471531817814,-0.021126235289507633,,8.271521178254964,-88.981411731892,-98.15578131695565,0.0031131557215360317,0.0,0.0,0.03525471531817814,-0.021126235289507633,,8.271521178254964,-88.981411731892,-98.15578131695565,0.0031131557215360317,0.0,0.0,0.03525471531817814,-0.021126235289507633,,7.9783168500586115,-77.69381135369598,-95.60818140221066,0.3037273704765937,-1.488833746898266,0.0,-0.07050943063635629,0.042248824142909314,,7.9783168500586115,-77.69381135369598,-95.60818140221066,0.3037273704765937,-1.488833746898266,0.0,-0.07050943063635629,0.042248824142909314,,3.2446455791931452,-88.68316095603673,-92.37937654292605,0.3330962914826756,-1.7326732673267342,0.0,-0.08813678829542315,0.052810270580941676,,8.271521178254964,-3353205.9444055567,-2224616.9816078423,0.0,457025.8897153502,5242088.438845914,0.08718393347365348,-1.7326732673267342,False,False,falling,falling,buy_advantage_accelerating,accelerating,neutral,False,False,False,pass,S0,🌱 초발사 준비,발사 구조 관찰 또는 초기 준비,S0,False,,,2026-09-06T19:10:00Z,34054595745-1
KRW-PRL,펄,171.0,235.86666666666667,331.52,296.725,-3.910917979359041,28.852960102960097,20.51001207627714,3.3903882988092215,3.6111438354771996,,,,,False,False,False,False,22.992171962665296,-16.990291262135926,1.0,-,0.0,0.5827823967035712,0.0,0.0,0.0,False,False,False,False,2026-09-07T04:28:14.981476+09:00,1788722894,7469677.45781026,10011996.22656366,0.7460727400188024,5,0.0,complete,1788722179086,1788722885322,2623111.583271,3160008.17492096,-0.09283857400487512,173.0,177.0,2.3121387283236983,-1.1560693641618491,3.389830508474576,150.0,complete_hourly_ordered,/v1/candles/minutes/60,120,False,10.843373493975905,166.0,2026-09-04T21:00:00,184.0,2026-09-05T19:00:00,D-2,7.065217391304346,72.22222222222229,False,False,0.5706337220146356,8654.728206237522,1958.6744924589837,0.5827823967035712,0.0,0.0,0.0,0.0,,0.5706337220146356,8654.728206237522,1958.6744924589837,0.5827823967035712,0.0,0.0,0.0,0.0,,0.5706337220146356,8654.728206237522,1958.6744924589837,0.5827823967035712,0.0,0.0,0.0,0.0,,-0.6948865113237092,-11.8672705014509,70.21888765671946,0.7236355458668946,0.0,0.0,0.0,0.0,,-0.6948865113237092,-11.8672705014509,70.21888765671946,0.7236355458668946,0.0,0.0,0.0,0.0,,0.4557794611814083,332.9146949750288,68.44500478334635,0.9412673749508578,0.0,0.0,0.0,0.0,,0.5706337220146356,7384355.8203836605,9525664.06170525,0.0,17481673.684373923,22833539.383917995,0.7656138363151237,0.0,False,False,rising,rising,sell_advantage_weakening,accelerating,leading_buy_inflow,False,False,False,pass,S0,🌱 초발사 준비,발사 구조 관찰 또는 초기 준비,S0,False,,,2026-09-06T19:10:00Z,34054595745-1
KRW-AGLD,어드벤처골드,234.0,230.4,223.12,261.9,-0.05783689994216523,-3.2628182144137687,12.027491408934699,-0.010744761608756282,-0.41507729276654093,,,,,False,False,False,False,-8.404657344069022,4.932735426008961,8.0,B급,0.0,0.0,0.0,0.0,0.0,False,False,False,False,2026-09-07T04:28:14.981476+09:00,1788722894,0.0,0.0,,0,0.0,complete,,,336457.16644903,598788.04093544,-0.2804942194999866,236.0,239.0,1.2711864406779627,-0.8474576271186418,2.092050209205021,166.66666666666669,complete_hourly_ordered,/v1/candles/minutes/60,120,False,9.1324200913242,219.0,2026-09-03T07:00:00,239.0,2026-09-06T10:00:00,D-1,2.092050209205021,24.99999999999993,False,True,,,,0.0,0.0,0.0,0.0,0.0,,,,,0.0,0.0,0.0,0.0,0.0,,,,,0.0,0.0,0.0,0.0,0.0,,,-100.0,,0.11056240847242549,-0.42553191489361764,0.0,-0.028918449971082616,0.022655111247841475,,,-100.0,,0.11056240847242549,-0.42553191489361764,0.0,-0.028918449971082616,0.022655111247841475,,,,,0.1423186029203869,-0.8474576271186418,0.0,-0.05783689994216523,0.0453087808723307,,,0.0,0.0,0.0,0,631695.5575244699,0.0,-0.8474576271186418,False,False,flat_or_na,flat_or_na,unavailable,flat_or_na,neutral,False,False,False,pass,S0,🌱 초발사 준비,발사 구조 관찰 또는 초기 준비,S0,False,,,2026-09-06T19:10:00Z,34054595745-1
KRW-ID,스페이스아이디,45.6,44.05333333333333,42.278,46.1725,0.4102719951375011,-4.199189491776642,4.589672785027174,-0.6304124660650423,-0.38417560993512556,,,11.946809392200137,,False,False,False,False,10.926741850830247,1.1111111111111072,12.0,A급,-0.8714596949891074,0.17319509939886046,0.0,-0.04558577723752233,0.038147789539010546,False,False,False,False,2026-09-07T04:28:14.981476+09:00,1788722894,130444.14088378203,357072.18172328,0.3653158872646995,12,0.0,complete,1788722137956,1788722907904,4441524.1966343,3067259.78136307,0.18302090182620398,44.9,46.8,4.231625835189301,1.5590200445434466,2.564102564102555,63.157894736841634,complete_hourly_ordered,/v1/candles/minutes/60,120,False,9.601873536299754,42.7,2026-09-04T22:00:00,46.8,2026-09-07T00:00:00,D0,2.350427350427342,26.829268292682755,False,True,-87.89740060614646,-87.08105987617198,3021.3007407985538,0.17319509939886046,-0.6535947712418277,0.0,-0.04558577723752233,0.038147789539010546,0.3300024456596997,-87.89740060614646,-87.08105987617198,3021.3007407985538,0.17319509939886046,-0.6535947712418277,0.0,-0.04558577723752233,0.038147789539010546,0.3300024456596997,-87.89740060614646,-87.08105987617198,3021.3007407985538,0.17319509939886046,-0.6535947712418277,0.0,-0.04558577723752233,0.038147789539010546,0.3300024456596997,-5.755542078180134,-93.7007851611066,5.543176923898163,0.31285921073689416,-0.6535947712418277,0.0,-0.07597629539584094,0.06357735443453016,0.5429365180143524,-5.755542078180134,-93.7007851611066,5.543176923898163,0.31285921073689416,-0.6535947712418277,0.0,-0.07597629539584094,0.06357735443453016,0.5429365180143524,-0.0110167419474419,-86.74662445789718,-86.34694565013132,1.171522054756835,-1.2987012987012991,0.0,-0.10636681355418176,0.08900508372426952,0.7504676086616531,-87.89740060614646,-879268.2630245499,345632.32983538,-0.6535947712418277,487516.32260706206,2795972.556339622,0.17436377245608567,-1.2987012987012991,False,True,falling,rising,sell_advantage_accelerating,accelerating,neutral,False,False,False,pass,S0,🌱 초발사 준비,발사 구조 관찰 또는 초기 준비,S2,True,발사 구조 관찰 또는 초기 준비,2026-09-07T04:28:14.981476+09:00,2026-09-06T19:10:00Z,34054595745-1
KRW-IN,인피닛,47.1,45.28666666666666,48.37,83.15333333333334,0.35455754173436826,6.374474536558478,45.538362863785785,-0.9509491770690165,-0.39619538350666517,6.703275727316647,,,,False,False,False,False,-1.3189242040046234,4.2035398230088505,5.0,관찰,0.0,0.010031072224270243,0.0,0.0,0.0,False,False,False,False,2026-09-07T04:28:14.981476+09:00,1788722894,498713.64,0.0,,1,0.0,complete,1788722356300,1788722356300,2596276.73023512,2231550.86178719,0.07554658104415676,47.0,47.9,1.9148936170212627,0.21276595744681437,1.6701461377870506,88.8888888888885,complete_hourly_ordered,/v1/candles/minutes/60,120,False,7.158836689038028,44.7,2026-09-02T06:00:00,47.9,2026-09-05T21:00:00,D-2,1.6701461377870541,25.000000000000078,False,True,,,-100.0,0.010031072224270243,0.0,0.0,0.0,0.0,,,,-100.0,0.010031072224270243,0.0,0.0,0.0,0.0,,,,-100.0,0.010031072224270243,0.0,0.0,0.0,0.0,,,2670.6313334306133,,0.05630019397308006,-0.21186440677966045,0.0,-0.014773230905595902,0.00747144724020643,,,2670.6313334306133,,0.05630019397308006,-0.21186440677966045,0.0,-0.014773230905595902,0.00747144724020643,,,82.00811188841459,-100.0,0.09025967656851597,-0.8421052631578885,-1.0,-0.05909292362242802,0.02988489048238563,,,498713.64,-2143488.2553716167,0.0,498713.64,8007835.072923043,0.062278210709696614,-0.8421052631578885,False,False,rising,falling,buy_only,accelerating,neutral,False,False,False,pass,S0,🌱 초발사 준비,발사 구조 관찰 또는 초기 준비,S0,False,,,2026-09-06T19:10:00Z,34054595745-1
KRW-MANTRA,만트라,6.14,6.189333333333334,7.356,9.939583333333333,0.06466910972193762,15.860068878013406,37.73045483127226,-0.7596031104443419,-0.46426910620495504,,,,,False,False,False,False,-96.37042815485933,-1.7684887459807008,5.0,관찰,-2.861685214626386,0.03188200691624843,0.0,-0.2155636990730736,0.12368170582693949,False,False,False,False,2026-09-07T04:28:14.981476+09:00,1788722894,109999.999999975,0.0,,1,0.0,complete,1788722767335,1788722767335,19990282.51517574,16038341.76587381,0.1096889161926892,6.26,6.31,0.7987220447284393,-1.9169329073482455,2.694136291600633,339.99999999999886,complete_hourly_ordered,/v1/candles/minutes/60,120,False,8.067226890756295,5.95,2026-09-02T19:00:00,6.43,2026-09-04T11:00:00,D-3,4.510108864696738,60.41666666666677,False,True,,-99.64465791129454,-100.0,0.03188200691624843,-2.384737678855331,0.0,-0.2155636990730736,0.12368170582693949,,,-99.64465791129454,-100.0,0.03188200691624843,-2.384737678855331,0.0,-0.2155636990730736,0.12368170582693949,,,-99.64465791129454,-100.0,0.03188200691624843,-2.384737678855331,0.0,-0.2155636990730736,0.12368170582693949,,,-95.06718075090161,-100.0,0.06863154750530498,-0.32467532467532756,0.0,-0.06466910972191542,0.03710886670121738,,,-95.06718075090161,-100.0,0.06863154750530498,-0.32467532467532756,0.0,-0.06466910972191542,0.03710886670121738,,,-92.71957028654158,-100.0,0.07405491619960003,-0.32467532467532756,0.0,-0.05389092476826285,0.030924314840341083,,,-30846085.275660623,-7766336.589602958,-2.384737678855331,109999.999999975,6627974.3367136475,0.016596322558260896,-0.32467532467532756,False,False,falling,falling,buy_only,accelerating,neutral,False,True,False,pass,S0,🌱 초발사 준비,발사 구조 관찰 또는 초기 준비,S0,False,,,2026-09-06T19:10:00Z,34054595745-1
KRW-WAL,월러스,38.1,33.86,35.438,54.30083333333334,1.2357982858281824,4.452847226141438,37.64368257086295,-1.1140703039961741,-1.1620700646859212,3.996917618366686,,,,False,False,False,False,21.67298948832588,10.43478260869566,8.0,B급,0.0,0.4243455025918941,0.0,0.0,0.0,False,False,False,False,2026-09-07T04:28:14.981476+09:00,1788722894,0.0,595704.6199999999,0.0,2,0.0,complete,1788722965097,1788722965246,1824373.78323294,3412940.76025101,-0.3033170843241598,36.9,38.1,3.252032520325221,3.252032520325221,0.0,0.0,complete_hourly_ordered,/v1/candles/minutes/60,120,False,13.05637982195844,33.7,2026-09-04T21:00:00,38.1,2026-09-06T21:00:00,D-1,0.5249343832021025,4.5454545454545245,True,True,,-100.0,,0.4243455025918941,0.0,0.0,0.0,0.0,,,-100.0,,0.4243455025918941,0.0,0.0,0.0,0.0,,,-100.0,,0.4243455025918941,0.0,0.0,0.0,0.0,,-0.000914435018387234,-100.0,-94.76872020395763,0.6797414563156643,0.263157894736854,0.0,0.019932230416586094,-0.011320498504758802,,-0.000914435018387234,-100.0,-94.76872020395763,0.6797414563156643,0.263157894736854,0.0,0.019932230416586094,-0.011320498504758802,,-1.1912824326042941,-100.0,-87.5637694844913,2.513340897121143,1.0610079575596787,1.0,0.09966115208290827,-0.05660596741441282,,,-999999.9999998101,595704.6199999999,0.0,595704.6199999999,4651577.063527735,0.12806508671453037,1.0610079575596787,False,False,falling,rising,sell_only,accelerating,neutral,False,False,False,pass,S0,🌱 초발사 준비,발사 구조 관찰 또는 초기 준비,S0,False,,,2026-09-06T19:10:00Z,34054595745-1
KRW-PENDLE,펜들,2838.0,2517.9333333333334,2191.08,2232.266666666667,1.447757185065801,-14.917453188990521,-12.79715685103332,-1.2476490419382238,-1.7310845333335265,,,,,False,False,False,False,57.38678566947317,12.361331220285265,9.0,B급,0.31835868411744794,0.1615166216202013,-1.0,0.05372011818425282,-0.051312130814689993,False,False,False,False,2026-09-07T04:28:14.981476+09:00,1788722894,1600546.4771986199,194718.59999092,8.219792445473908,7,0.0,complete,1788722115029,1788722894562,25698.65088255,19119.58203673,0.14679447218879085,2753.0,2927.0,6.320377769705776,3.08754086451144,3.0406559617355655,51.149425287356365,complete_hourly_ordered,/v1/candles/minutes/60,120,False,20.900454357703424,2421.0,2026-09-02T10:00:00,2927.0,2026-09-06T18:00:00,D-1,2.938161940553463,16.996047430830046,False,True,8.219792445473908,,-35.09380000709197,0.1615166216202013,0.3891050583657574,-1.0,0.05372011818425282,-0.051312130814689993,,8.219792445473908,,-35.09380000709197,0.1615166216202013,0.3891050583657574,-1.0,0.05372011818425282,-0.051312130814689993,,8.219792445473908,,-35.09380000709197,0.1615166216202013,0.3891050583657574,-1.0,0.05372011818425282,-0.051312130814689993,,7.787799707013725,6265.773690169385,234.55443395633299,0.641764431139876,1.6475644699140313,-1.0,0.08863819500402048,-0.08466912519803849,,7.787799707013725,6265.773690169385,234.55443395633299,0.641764431139876,1.6475644699140313,-1.0,0.08863819500402048,-0.08466912519803849,,8.176622594708,22880.055515432246,20.689856072915248,0.9853917461957167,2.049622437971954,-1.0,0.1477303250067008,-0.14112680066309835,,8.219792445473908,1600546.4771986199,-105281.40002787003,0.3891050583657574,1795265.0771895398,3783606.012790569,0.47448520567960933,2.049622437971954,False,True,rising,falling,buy_advantage_accelerating,accelerating,leading_buy_inflow,False,False,False,pass,S0,🌱 초발사 준비,발사 구조 관찰 또는 초기 준비,S1,True,발사 구조 관찰 또는 초기 준비,2026-09-07T04:28:14.981476+09:00,2026-09-06T19:10:00Z,34054595745-1
KRW-BLUR,블러,23.7,22.42,20.896,25.16916666666667,0.5080693365212108,-7.293261868300157,10.922756017614146,-0.7092770963338475,-0.9753431310419833,,,11.198885469101622,,False,False,False,False,22.51767683593755,11.792452830188683,12.0,A급,-1.6597510373444035,0.0046431691236961115,1.0,-0.11954572624028881,0.09414013387858589,False,False,False,False,2026-09-07T04:28:14.981476+09:00,1788722894,0.0,0.0,,0,0.0,complete,,,3977258.95761158,6297326.09729047,-0.22580640748815212,23.1,24.5,6.060606060606055,2.5974025974025983,3.2653061224489828,57.142857142857096,complete_hourly_ordered,/v1/candles/minutes/60,120,False,17.78846153846154,20.8,2026-09-02T03:00:00,24.5,2026-09-07T01:00:00,D0,3.2653061224489854,21.62162162162166,False,False,,,,0.0046431691236961115,-1.6597510373444035,1.0,-0.11954572624028881,0.09414013387858589,0.30678122871569613,,,,0.0046431691236961115,-1.6597510373444035,1.0,-0.11954572624028881,0.09414013387858589,0.30678122871569613,,,,0.0046431691236961115,-1.6597510373444035,1.0,-0.11954572624028881,0.09414013387858589,0.30678122871569613,,-100.0,-100.0,1.4573421393060855,0.0,0.0,0.0,0.0,0.0,,-100.0,-100.0,1.4573421393060855,0.0,0.0,0.0,0.0,0.0,,-100.0,-100.0,1.9439549097425726,-2.066115702479343,1.0,-0.14943215780036656,0.11767127185142634,0.38165714502347114,,0.0,0.0,-1.6597510373444035,0,3003838.480000432,0.0,-2.066115702479343,False,False,flat_or_na,flat_or_na,unavailable,accelerating,neutral,False,False,False,pass,S0,🌱 초발사 준비,발사 구조 관찰 또는 초기 준비,S0,False,,,2026-09-06T19:10:00Z,34054595745-1
KRW-AWE,에이더블유이,82.8,85.72,84.212,83.70166666666667,-0.5029791843999099,-1.7907186624234024,-2.411341868939285,0.40651076818248005,0.4601287605685121,,4.405095270734773,,5.24058062782242,False,False,False,False,-20.991700325176964,-2.8169014084507116,3.0,-,-0.3610108303249038,0.011422354690161285,0.0,-0.015476282596915691,0.013890101113681386,False,False,False,False,2026-09-07T04:28:14.981476+09:00,1788722894,19407.199999176002,31303.45323592,0.6199699391920979,5,0.0,complete,1788722487438,1788723048778,3046577.16888339,1486795.91200263,0.3440663781803527,84.1,84.3,0.23781212841855748,-1.545778834720568,1.7793594306049825,749.9999999999767,complete_hourly_ordered,/v1/candles/minutes/60,120,False,3.4482758620689724,84.1,2026-09-02T19:00:00,87.0,2026-09-02T20:00:00,D-4,4.9425287356321785,148.27586206896515,True,True,,288.14399998879884,,0.011422354690161285,-0.3610108303249038,0.0,-0.015476282596915691,0.013890101113681386,,,288.14399998879884,,0.011422354690161285,-0.3610108303249038,0.0,-0.015476282596915691,0.013890101113681386,,,288.14399998879884,,0.011422354690161285,-0.3610108303249038,0.0,-0.015476282596915691,0.013890101113681386,,,288.14400001845297,,0.011696714205722714,-0.24096385542169418,0.0,0.007738141298452295,-0.0069452579935527226,,,288.14400001845297,,0.011696714205722714,-0.24096385542169418,0.0,0.007738141298452295,-0.0069452579935527226,,0.5367517990211631,-39.62118572486909,-91.89539312785003,0.044561049109471895,-0.3610108303249038,0.0,0.0,0.0,,,14407.199999244003,31303.45323592,-0.3610108303249038,50710.653235096004,2340371.301710572,0.021667781175590258,-0.3610108303249038,False,False,rising,rising,sell_advantage_weakening,accelerating,neutral,False,False,False,pass,S0,🌱 초발사 준비,발사 구조 관찰 또는 초기 준비,S0,False,,,2026-09-06T19:10:00Z,34054595745-1
KRW-THETA,쎄타토큰,252.0,242.86666666666667,210.32,232.7,-0.2464403066812726,-15.474832002028663,-4.369001575705495,0.16663672760772136,-0.45511360937591105,,,,,False,False,False,False,-22.24374430040963,7.234042553191489,7.0,B급,0.3984063745019917,0.22437280526879988,0.0,0.027382256297914243,-0.0249124735316526,False,False,False,False,2026-09-07T04:28:14.981476+09:00,1788722894,1712808.9873064798,0.0,,1,0.0,complete,1788722001734,1788722001734,409323.56034602,320689.23082968,0.12141476229970252,245.0,254.0,3.6734693877551017,2.857142857142847,0.7874015748031495,22.22222222222249,complete_hourly_ordered,/v1/candles/minutes/60,120,False,11.403508771929815,228.0,2026-09-02T22:00:00,254.0,2026-09-07T00:00:00,D0,0.7874015748031482,7.692307692307512,False,False,,,,0.22437280526879988,0.3984063745019917,0.0,0.027382256297914243,-0.0249124735316526,,,,,0.22437280526879988,0.3984063745019917,0.0,0.027382256297914243,-0.0249124735316526,,,,,0.22437280526879988,0.3984063745019917,0.0,0.027382256297914243,-0.0249124735316526,,,33484.48996061968,,0.43942607007490864,0.0,0.0,0.0,0.0,,,33484.48996061968,,0.43942607007490864,0.0,0.0,0.0,0.0,,,8.704433091938357,,0.8155993514384541,-0.7874015748031482,0.0,-0.05476451259583959,0.04981959453012763,,,1712808.9873064798,0.0,0.3984063745019917,1712808.9873064798,1017408.191516995,1.6835022575871101,-0.7874015748031482,False,False,rising,flat_or_na,buy_only,accelerating,neutral,False,False,False,pass,S0,🌱 초발사 준비,발사 구조 관찰 또는 초기 준비,S0,False,,,2026-09-06T19:10:00Z,34054595745-1
KRW-AXL,엑셀라,61.0,57.95333333333333,55.251999999999995,65.59,0.42744916820700585,-4.889114119549225,11.643035015500335,-0.465609030735917,-0.8711073735822327,,,13.36578631819058,,False,False,False,False,-93.9781688715146,5.913043478260871,11.0,A급,0.32948929159801743,0.05829482032477529,0.0,0.023105360443609335,-0.018083577745414914,False,False,False,False,2026-09-07T04:28:14.981476+09:00,1788722894,5047600.54462584,11976115.801530564,0.4214722559697318,11,0.0,complete,1788722239889,1788722869185,1848528.56309989,895388.39736393,0.3473647998352127,59.8,61.1,2.1739130434782705,2.006688963210701,0.16366612111293194,7.692307692308163,complete_hourly_ordered,/v1/candles/minutes/60,120,False,8.525754884547077,56.3,2026-09-02T22:00:00,61.1,2026-09-07T03:00:00,D0,0.16366612111292644,2.08333333333329,False,True,,,,0.05829482032477529,0.49423393739702615,0.0,0.023105360443609335,-0.018083577745414914,-0.07657007523140003,,,,0.05829482032477529,0.49423393739702615,0.0,0.023105360443609335,-0.018083577745414914,-0.07657007523140003,,,,0.05829482032477529,0.49423393739702615,0.0,0.023105360443609335,-0.018083577745414914,-0.07657007523140003,-2.645211547218126,1960.9853925627242,14895.982374775283,0.08592327274476474,0.9933774834437026,1.0,0.057763401109056645,-0.04521066763755677,-0.1926372674720973,-2.645211547218126,1960.9853925627242,14895.982374775283,0.08592327274476474,0.9933774834437026,1.0,0.057763401109056645,-0.04521066763755677,-0.1926372674720973,0.4214722559697318,,12990.591394375724,0.09090207891810564,1.1608623548922115,1.0,0.06931608133085021,-0.05425349050966943,-0.23165365457007425,,5047600.54462584,11976115.801530564,0.49423393739702615,17023716.346156403,2430776.7693745834,7.003405890922863,1.1608623548922115,False,True,rising,rising,sell_advantage_weakening,accelerating,neutral,False,True,False,pass,S1,⚡ 선행 시동,가격 미급등 상태에서 선행조건 5개 개선,S1,False,,,2026-09-06T19:10:00Z,34054595745-1
KRW-HP,히포프로토콜,10.5,10.138,10.43,14.667499999999999,0.44917101525858705,2.799616490891657,30.88119993182205,-1.2241537978459367,-1.041497647143207,2.286981011550966,,,,False,False,False,False,-54.09283352361931,1.9417475728155331,6.0,관찰,0.9615384615384581,0.0003055275364900467,1.0,0.06605456106743013,-0.04152734090521193,False,False,False,False,2026-09-07T04:28:14.981476+09:00,1788722894,0.0,0.0,,0,0.0,complete,,,10193637.32447103,28000946.49613445,-0.46622602972457594,10.5,10.6,0.952380952380949,0.0,0.943396226415091,100.0,complete_hourly_ordered,/v1/candles/minutes/60,120,False,14.000000000000012,10.0,2026-09-01T20:00:00,11.4,2026-09-04T14:00:00,D-3,7.8947368421052655,64.28571428571428,True,True,,,,0.0003055275364900467,0.9615384615384581,1.0,0.06605456106743013,-0.04152734090521193,,,,,0.0003055275364900467,0.9615384615384581,1.0,0.06605456106743013,-0.04152734090521193,,,,,0.0003055275364900467,0.9615384615384581,1.0,0.06605456106743013,-0.04152734090521193,,,,,0.0003055275364900467,0.9615384615384581,1.0,0.06605456106743013,-0.04152734090521193,,,,,0.0003055275364900467,0.9615384615384581,1.0,0.06605456106743013,-0.04152734090521193,,,-100.0,,0.001003330951654391,0.0,0.0,0.0,0.0,,,0.0,0.0,0.9615384615384581,0,499500.24987502996,0.0,0.0,False,False,flat_or_na,flat_or_na,unavailable,accelerating,neutral,False,True,False,pass,S0,🌱 초발사 준비,발사 구조 관찰 또는 초기 준비,S0,False,,,2026-09-06T19:10:00Z,34054595745-1
KRW-SAND,샌드박스,51.9,50.78666666666666,57.806000000000004,74.78333333333333,-1.2700881285640397,12.142914806998135,32.08825495876979,0.5726923033588885,0.387582015618224,,,,,False,False,False,False,-53.59743160856536,3.8000000000000034,3.0,-,-0.38387715930903177,0.007453291823658503,0.0,-0.025920165889059543,0.016315398697564376,False,False,False,False,2026-09-07T04:28:14.981476+09:00,1788722894,0.0,2166662.594280741,0.0,2,0.0,complete,1788722103905,1788722103905,4081415.62902063,5275831.02004044,-0.1276460304847966,52.3,53.2,1.7208413001912115,-0.7648183556405286,2.443609022556399,144.44444444444386,complete_hourly_ordered,/v1/candles/minutes/60,120,False,10.93117408906883,49.4,2026-09-02T07:00:00,54.8,2026-09-04T13:00:00,D-3,5.29197080291971,53.70370370370363,False,True,,-100.0,,0.007453291823658503,-0.38387715930903177,0.0,-0.025920165889059543,0.016315398697564376,,,-100.0,,0.007453291823658503,-0.38387715930903177,0.0,-0.025920165889059543,0.016315398697564376,,,-100.0,,0.007453291823658503,-0.38387715930903177,0.0,-0.025920165889059543,0.016315398697564376,,-1.191355202018648,-100.0,253.90579818796178,0.017009222980092886,-0.19230769230769162,0.0,-0.025920165889059543,0.016315398697564376,,-1.191355202018648,-100.0,253.90579818796178,0.017009222980092886,-0.19230769230769162,0.0,-0.025920165889059543,0.016315398697564376,,-17.85992240585034,-100.0,64.31146406939708,0.033743869028135975,-0.38387715930903177,0.0,-0.025920165889059543,0.016315398697564376,,,-205941.071463853,2166662.594280741,-0.38387715930903177,2166662.594280741,17383591.0169206,0.12463837835184831,-0.38387715930903177,False,False,falling,rising,sell_only,accelerating,neutral,False,False,False,pass,S0,🌱 초발사 준비,발사 구조 관찰 또는 초기 준비,S0,False,,,2026-09-06T19:10:00Z,34054595745-1
KRW-WCT,월렛커넥트,54.0,52.45333333333333,52.806000000000004,65.99833333333333,0.12725884448969715,0.667853400497427,20.52324553650345,-0.4132023133796426,-0.5340303827880533,1.616286692673513,,,,False,False,False,False,-67.28553077265857,7.14285714285714,5.0,관찰,0.0,0.005736392532867285,0.0,0.0,0.0,False,False,False,False,2026-09-07T04:28:14.981476+09:00,1788722894,0.0,0.0,,0,0.0,complete,,,786991.20741564,947737.70760288,-0.09266375789068106,54.4,55.0,1.1029411764705843,-0.7352941176470562,1.8181818181818181,166.66666666666669,complete_hourly_ordered,/v1/candles/minutes/60,120,False,12.244897959183664,49.0,2026-09-02T19:00:00,55.0,2026-09-06T11:00:00,D-1,1.8181818181818188,16.66666666666669,False,False,,,-100.0,0.005736392532867285,0.0,0.0,0.0,0.0,,,,-100.0,0.005736392532867285,0.0,0.0,0.0,0.0,,,,-100.0,0.005736392532867285,0.0,0.0,0.0,0.0,,,,,0.006266745230021797,0.0,0.0,0.0,0.0,,,,,0.006266745230021797,0.0,0.0,0.0,0.0,,,-100.0,,0.007097874273767957,-0.3690036900369065,0.0,-0.02545176889794387,0.01819503145294732,,,0.0,-12996.38989152,0.0,0,998662.8655359001,0.0,-0.3690036900369065,False,False,flat_or_na,falling,unavailable,accelerating,neutral,False,False,False,pass,S0,🌱 초발사 준비,발사 구조 관찰 또는 초기 준비,S0,False,,,2026-09-06T19:10:00Z,34054595745-1
KRW-YGG,일드길드게임즈,33.1,31.38,28.428,36.99166666666667,0.3624733475479758,-10.384128324187413,15.170083352106333,-0.2427523030630768,-0.8591030402689576,,,,,False,False,False,False,114.76878296060451,7.119741100323629,9.0,B급,0.0,0.25854730636365275,0.0,0.0,0.0,False,False,False,False,2026-09-07T04:28:14.981476+09:00,1788722894,5025.1818179110005,0.0,,2,0.0,complete,1788722432804,1788722432804,2160751.60578398,1156978.20326406,0.3025482665232266,32.6,33.8,3.6809815950920033,1.5337423312883347,2.071005917159751,58.333333333333336,complete_hourly_ordered,/v1/candles/minutes/60,120,False,11.551155115511547,30.3,2026-09-04T22:00:00,33.8,2026-09-06T10:00:00,D-1,2.0710059171597517,19.99999999999997,True,True,,,,0.25854730636365275,0.0,0.0,0.0,0.0,,,,,0.25854730636365275,0.0,0.0,0.0,0.0,,,,,0.25854730636365275,0.0,0.0,0.0,0.0,,,-99.85155990007732,,7.330657389964969,0.9146341463414753,0.0,0.06396588486141663,-0.048336455494983,,,-99.85155990007732,,7.330657389964969,0.9146341463414753,0.0,0.06396588486141663,-0.048336455494983,,,-99.66168764723223,,8.427763198454358,0.6079027355623268,0.0,0.04264392324093702,-0.03222357769451811,,,5025.1818179110005,0.0,0.0,5025.1818179110005,946146.50981366,0.005311208957374573,0.6079027355623268,False,False,rising,flat_or_na,buy_only,accelerating,neutral,False,False,False,pass,S0,🌱 초발사 준비,발사 구조 관찰 또는 초기 준비,S0,False,,,2026-09-06T19:10:00Z,34054595745-1
KRW-AXS,엑시인피니티,1295.0,1287.6666666666667,1269.58,1459.275,-0.31482246077620957,-1.4246181151772095,11.759835077921114,0.13473271717782376,-0.09974815865669147,,10.573661283004938,,,False,False,False,False,-37.06319038547788,2.859412231930114,8.0,B급,0.15467904098993568,0.00310666215485611,0.0,0.010322047894317787,-0.008129241853207958,False,False,False,False,2026-09-07T04:28:14.981476+09:00,1788722894,91815.99999663999,129400.0,0.7095517774083462,4,0.0,complete,1788722516815,1788722720730,145672.24399127,89693.98490557,0.2378347112415818,1296.0,1316.0,1.5432098765432167,-0.07716049382715529,1.5957446808510638,104.99999999999964,complete_hourly_ordered,/v1/candles/minutes/60,120,False,5.872888173773139,1243.0,2026-09-04T21:00:00,1316.0,2026-09-06T20:00:00,D-1,1.5957446808510634,28.767123287671232,True,True,0.7095517774083462,,1463.954122312993,0.00310666215485611,0.15467904098993568,0.0,0.010322047894317787,-0.008129241853207958,,0.7095517774083462,,1463.954122312993,0.00310666215485611,0.15467904098993568,0.0,0.010322047894317787,-0.008129241853207958,,0.7095517774083462,,1463.954122312993,0.00310666215485611,0.15467904098993568,0.0,0.010322047894317787,-0.008129241853207958,,-23.060250438436775,-87.4882867878269,319.13917758192997,0.02346100052750444,0.07727975270479526,0.0,-0.01032204789428448,0.008129056163975079,,-23.060250438436775,-87.4882867878269,319.13917758192997,0.02346100052750444,0.07727975270479526,0.0,-0.01032204789428448,0.008129056163975079,,,68.45222651899654,,0.10305023165785343,-0.38461538461538325,0.0,-0.02580511973574451,0.02032229225659421,,0.7095517774083462,91815.99999663999,121126.10000806,0.15467904098993568,221215.99999664,8053474.423723759,0.027468392939199813,-0.38461538461538325,False,False,rising,rising,sell_advantage_weakening,accelerating,leading_buy_inflow,False,False,False,pass,S0,🌱 초발사 준비,발사 구조 관찰 또는 초기 준비,S0,False,,,2026-09-06T19:10:00Z,34054595745-1
KRW-ARDR,아더,30.1,29.393333333333334,27.44,38.13333333333333,-0.0906412871062745,-7.118561710398444,22.919580419580416,-0.6673192249920756,-0.9631693001730255,,,,,False,False,False,False,278.77752263567936,2.3809523809523947,9.0,B급,0.0,0.01705883482736681,0.0,0.0,0.0,False,False,False,False,2026-09-07T04:28:14.981476+09:00,1788722894,5009.9999998719995,0.0,,1,0.0,complete,1788722458811,1788722458811,6137683.99517628,8452448.3659674,-0.1586527327850556,30.4,30.4,0.0,-0.9868421052631526,0.9868421052631486,,complete_hourly_ordered,/v1/candles/minutes/60,120,False,19.298245614035082,28.5,2026-09-02T20:00:00,34.0,2026-09-04T14:00:00,D-3,11.47058823529411,70.90909090909092,False,False,,-74.95000000054482,-100.0,0.01705883482736681,0.0,0.0,0.0,0.0,,,-74.95000000054482,-100.0,0.01705883482736681,0.0,0.0,0.0,0.0,,,-74.95000000054482,-100.0,0.01705883482736681,0.0,0.0,0.0,0.0,,,,-100.0,0.061152234265080097,0.6688963210702337,0.0,0.045320643553148354,-0.0315975165181932,,,,-100.0,0.061152234265080097,0.6688963210702337,0.0,0.045320643553148354,-0.0315975165181932,,,-98.96602266189898,,0.30708295646297756,0.0,0.0,0.0,0.0,,,-14990.000000052,-388700.0,0.0,5009.9999998719995,4095308.991407861,0.0012233509145178547,0.0,False,False,falling,falling,buy_only,accelerating,neutral,True,True,False,🔴 1차 급등 완료·상승분 반납 / 신규매수 금지,S0,🌱 초발사 준비,발사 구조 관찰 또는 초기 준비,S0,False,,,2026-09-06T19:10:00Z,34054595745-1
KRW-ME,매직에덴,90.0,88.80666666666666,88.99600000000001,102.29916666666666,-0.06751687921980887,0.21274364390911002,13.189256999486807,0.06216634056984018,-0.35261445486493664,,,,,False,False,False,False,-48.91614023771035,7.14285714285714,6.0,관찰,0.7838745800671898,0.12419854267528763,0.0,0.052513128282050126,-0.04067000781246222,False,False,False,False,2026-09-07T04:28:14.981476+09:00,1788722894,12872559.696413575,3280710.6461865893,3.9237107702187317,64,0.0,complete,1788722092685,1788723052122,961707.35269619,1136549.0512678,-0.08332713687483664,88.2,90.0,2.0408163265306145,2.0408163265306145,0.0,0.0,complete_hourly_ordered,/v1/candles/minutes/60,120,False,8.827085852478845,82.7,2026-09-02T10:00:00,90.0,2026-09-07T04:00:00,D0,0.22222222222222365,2.7397260273974045,False,True,3.2801651381658274,80353.49810738691,13095.543790680362,0.12419854267528763,0.7838745800671898,0.0,0.052513128282050126,-0.04067000781246222,,3.2801651381658274,80353.49810738691,13095.543790680362,0.12419854267528763,0.7838745800671898,0.0,0.052513128282050126,-0.04067000781246222,,3.2801651381658274,80353.49810738691,13095.543790680362,0.12419854267528763,0.7838745800671898,0.0,0.052513128282050126,-0.04067000781246222,,-75.52162919983265,956.3814963721619,21289.08600357399,0.18588700605022979,0.6711409395973034,0.0,0.03750937734433579,-0.029049532275914558,,-75.52162919983265,956.3814963721619,21289.08600357399,0.18588700605022979,0.6711409395973034,0.0,0.03750937734433579,-0.029049532275914558,,-17.463067727710936,128.20147797091744,1143.8466411203187,0.632841506651701,0.44642857142858094,0.0,0.04501125281319851,-0.034859722711418684,,3.2801651381658274,12856559.69641453,3255848.384363748,0.7838745800671898,16153270.342600163,5550755.003705463,2.910103279971262,0.44642857142858094,False,False,rising,rising,buy_advantage_accelerating,accelerating,neutral,False,False,False,pass,S0,🌱 초발사 준비,발사 구조 관찰 또는 초기 준비,S0,False,,,2026-09-06T19:10:00Z,34054595745-1
KRW-TRUST,인튜이션,77.9,73.09333333333333,72.444,79.71916666666667,0.5410362219165465,-0.896324517328324,8.31146838380565,-0.09200701215269276,-0.47885166440797544,,,,,False,False,False,False,-42.99676447052434,8.344923504867863,9.0,B급,0.2574002574002643,0.04176592705577775,0.0,0.018340210912426436,-0.01480878243764927,False,False,False,False,2026-09-07T04:28:14.981476+09:00,1788722894,0.0,137686.520055225,0.0,1,0.0,complete,1788722018736,1788722018736,247866.21845514,532405.53763285,-0.36466694707019864,76.8,79.0,2.864583333333348,1.432291666666674,1.392405063291132,50.0,complete_hourly_ordered,/v1/candles/minutes/60,120,False,11.898016997167149,70.6,2026-09-02T10:00:00,79.0,2026-09-06T21:00:00,D-1,1.3924050632911356,13.095238095238082,True,True,0.0,,92.48113479029239,0.04176592705577775,0.2574002574002643,0.0,0.018340210912426436,-0.01480878243764927,,0.0,,92.48113479029239,0.04176592705577775,0.2574002574002643,0.0,0.018340210912426436,-0.01480878243764927,,0.0,,92.48113479029239,0.04176592705577775,0.2574002574002643,0.0,0.018340210912426436,-0.01480878243764927,,-0.11671610729385602,-100.0,-98.96231423727784,0.6309730179481008,0.2574002574002643,0.0,0.00917010545622432,-0.007404313817239938,,-0.11671610729385602,-100.0,-98.96231423727784,0.6309730179481008,0.2574002574002643,0.0,0.00917010545622432,-0.007404313817239938,,0.0,,-39.4957396545053,0.8868970349345418,0.12853470437019787,0.0,0.00917010545622432,-0.007404313817239938,,0.0,0.0,66154.044830973,0.2574002574002643,137686.520055225,1678453.5719602439,0.08203177159939118,0.12853470437019787,False,False,flat_or_na,rising,sell_only,accelerating,neutral,False,False,False,pass,S0,🌱 초발사 준비,발사 구조 관찰 또는 초기 준비,S0,False,,,2026-09-06T19:10:00Z,34054595745-1
KRW-SONIC,소닉SVM,31.0,29.30666666666667,28.372,38.1775,0.6871278057718699,-3.2943277409652776,23.235762774758257,-0.9283878683357086,-0.9567533463781949,,,,,False,False,False,False,-66.37886095557649,1.6393442622950838,8.0,B급,-0.3215434083601365,0.06182014638993394,0.0,-0.02290426019238012,0.015786348338394873,False,False,False,False,2026-09-07T04:28:14.981476+09:00,1788722894,665807.3856964101,855064.606422083,0.7786632503506402,6,0.0,complete,1788722317114,1788722659521,4123105.02699931,5954567.92998294,-0.18173470312059617,30.6,31.4,2.614379084967311,1.3071895424836555,1.2738853503184668,50.0,complete_hourly_ordered,/v1/candles/minutes/60,120,False,8.275862068965512,29.0,2026-09-04T21:00:00,31.4,2026-09-06T22:00:00,D-1,1.273885350318471,16.66666666666672,False,True,,,,0.06182014638993394,-0.3215434083601365,0.0,-0.02290426019238012,0.015786348338394873,,,,,0.06182014638993394,-0.3215434083601365,0.0,-0.02290426019238012,0.015786348338394873,,,,,0.06182014638993394,-0.3215434083601365,0.0,-0.02290426019238012,0.015786348338394873,,0.7786632503506402,,0.19460521473477765,0.07171722001125147,0.3236245954692629,0.0,0.022904260192402326,-0.01578703751799182,,0.7786632503506402,,0.19460521473477765,0.07171722001125147,0.3236245954692629,0.0,0.022904260192402326,-0.01578703751799182,,,11885.731515958812,,0.14475025791344365,-0.3215434083601365,0.0,-0.02290426019238012,0.015786348338394873,,,665807.3856964101,855064.606422083,-0.3215434083601365,1520871.9921184932,2566232.264340764,0.5926478336555355,-0.3215434083601365,False,False,rising,rising,sell_advantage_weakening,accelerating,neutral,False,True,False,pass,S0,🌱 초발사 준비,발사 구조 관찰 또는 초기 준비,S0,False,,,2026-09-06T19:10:00Z,34054595745-1
KRW-ARB,아비트럼,249.0,157.26666666666668,128.72,135.54166666666666,5.077951002227188,-22.1773358193495,-16.028281586228115,-2.9775012702637116,-4.077486068188718,,,,,False,False,False,False,249.28494209141587,63.39869281045751,8.0,B급,-0.7936507936507908,1.4274648425732437,0.0,-0.13363028953228273,0.12613198642986845,False,False,False,False,2026-09-07T04:28:14.981476+09:00,1788722894,38363185.35417391,73129752.23356968,0.5245906649819548,133,0.0,complete,1788722030926,1788723073282,4052188.27417396,3191490.87781732,0.11882047483011932,241.0,280.0,16.182572614107894,3.319502074688807,11.071428571428571,79.48717948717943,complete_hourly_ordered,/v1/candles/minutes/60,120,False,93.10344827586208,145.0,2026-09-02T20:00:00,280.0,2026-09-06T17:00:00,D-1,11.071428571428577,22.962962962962962,True,False,-0.603472734738805,-53.0834792599411,0.8878224909337984,1.4274648425732437,-1.1904761904761862,0.0,-0.13363028953228273,0.12613198642986845,,-0.603472734738805,-53.0834792599411,0.8878224909337984,1.4274648425732437,-1.1904761904761862,0.0,-0.13363028953228273,0.12613198642986845,,-0.603472734738805,-53.0834792599411,0.8878224909337984,1.4274648425732437,-1.1904761904761862,0.0,-0.13363028953228273,0.12613198642986845,,-0.07636390517535896,204.1182417293299,248.38829478929867,2.4254052618614423,-1.5810276679841917,0.0,-0.08908685968818109,0.08409316019101709,,-0.07636390517535896,204.1182417293299,248.38829478929867,2.4254052618614423,-1.5810276679841917,0.0,-0.08908685968818109,0.08409316019101709,,-0.6830454064123589,-73.99265585521539,-40.12968776047898,3.2318495742668176,-3.488372093023251,0.0,-0.44543429844097204,0.42025912037711066,,-0.603472734738805,-43405847.7050447,643548.8167584687,-1.1904761904761862,111492937.5877436,109724154.55021316,1.016120270370559,-3.488372093023251,False,False,falling,rising,sell_advantage_accelerating,accelerating,neutral,True,True,False,🔴 1차 급등 완료·상승분 반납 / 신규매수 금지,S3,🔴 1차 급등 완료·반납,당일/5D 급등 후 상승분 상당 부분 반납,S0,True,당일/5D 급등 후 상승분 상당 부분 반납,2026-09-07T04:28:14.981476+09:00,2026-09-06T19:10:00Z,34054595745-1
KRW-POL,폴리곤에코시스템토큰,133.0,141.2,119.6,121.79166666666667,-0.6566604127579811,-18.060200668896318,-15.935682517960986,-0.1174270655830238,-0.4357647975561779,,,,,False,False,False,False,-7.247047507817406,6.400000000000006,7.0,B급,0.7575757575757569,0.017955961272619447,0.0,0.046904315196993895,-0.04680883519104562,False,False,False,False,2026-09-07T04:28:14.981476+09:00,1788722894,1293370.3190888902,0.0,,2,0.0,complete,1788722348521,1788722373157,6467357.74411055,5584504.64688933,0.07325449532849954,134.0,137.0,2.238805970149249,-0.7462686567164201,2.9197080291970803,133.3333333333335,complete_hourly_ordered,/v1/candles/minutes/60,120,False,12.295081967213118,122.0,2026-09-02T06:00:00,137.0,2026-09-06T12:00:00,D-1,2.9197080291970767,26.666666666666707,False,True,,,,0.017955961272619447,0.7575757575757569,0.0,0.046904315196993895,-0.04680883519104562,,,,,0.017955961272619447,0.7575757575757569,0.0,0.046904315196993895,-0.04680883519104562,,,,,0.017955961272619447,0.7575757575757569,0.0,0.046904315196993895,-0.04680883519104562,,,-92.79795802608967,-100.0,0.1644421517465684,1.526717557251911,0.0,0.046904315196993895,-0.04680883519104562,,,-92.79795802608967,-100.0,0.1644421517465684,1.526717557251911,0.0,0.046904315196993895,-0.04680883519104562,,,-62.677075215363146,-100.0,0.8425912474036004,0.7575757575757569,0.0,0.046904315196993895,-0.04680883519104562,,,1293370.3190888902,0.0,0.7575757575757569,1293370.3190888902,19507685.28398451,0.0663005528467658,0.7575757575757569,False,False,rising,flat_or_na,buy_only,accelerating,neutral,False,False,False,pass,S0,🌱 초발사 준비,발사 구조 관찰 또는 초기 준비,S0,False,,,2026-09-06T19:10:00Z,34054595745-1
KRW-CVC,시빅,28.8,27.866666666666667,26.736,32.469166666666666,0.3842459173871271,-4.229004588071015,14.174986525678204,-0.7098352798099049,-0.9454090550396623,,,14.993495619823026,,False,False,False,False,233.60853399237413,3.9711191335740192,12.0,A급,0.0,0.199385070163828,0.0,0.0,0.0,False,False,False,False,2026-09-07T04:28:14.981476+09:00,1788722894,183024.0,0.0,,1,0.0,complete,1788722060753,1788722060753,1941767.79998854,4472709.59403122,-0.3945671078991231,29.2,29.5,1.0273972602739656,-1.3698630136986245,2.372881355932201,233.3333333333337,complete_hourly_ordered,/v1/candles/minutes/60,120,False,11.029411764705888,27.2,2026-09-02T10:00:00,30.2,2026-09-02T15:00:00,D-4,4.635761589403964,46.66666666666668,True,True,,815.1200000017844,-100.0,0.199385070163828,0.0,0.0,0.0,0.0,0.0,,815.1200000017844,-100.0,0.199385070163828,0.0,0.0,0.0,0.0,0.0,,815.1200000017844,-100.0,0.199385070163828,0.0,0.0,0.0,0.0,0.0,,-82.44880691579452,,0.2221312573490195,0.0,0.0,0.0,0.0,0.0,,-82.44880691579452,,0.2221312573490195,0.0,0.0,0.0,0.0,0.0,,-74.54948417690336,-100.0,0.7298517936304165,-0.34602076124566894,-1.0,-0.02401536983671626,0.01832909830935847,0.0772252551472743,,163024.000000039,-364113.528659136,0.0,183024.0,4620604.461650776,0.03961040195477197,-0.34602076124566894,False,True,rising,falling,buy_only,accelerating,neutral,False,False,False,pass,S1,⚡ 선행 시동,가격 미급등 상태에서 선행조건 4개 개선,S0,True,가격 미급등 상태에서 선행조건 4개 개선,2026-09-07T04:28:14.981476+09:00,2026-09-06T19:10:00Z,34054595745-1
KRW-T,쓰레스홀드,6.13,5.497333333333334,5.1596,5.924333333333333,1.115879828326194,-6.545727058945141,7.207562032296173,-1.1785542356165626,-1.4049705190374921,,,5.130045032712773,,False,False,False,False,10065.816364434648,22.799999999999997,12.0,A급,-0.32467532467532756,1.4710461595041124,0.0,-0.03678724708766623,0.029842080119506065,False,True,False,True,2026-09-07T04:28:14.981476+09:00,1788722894,300000.0000000602,2997889.383964078,0.10007040339939871,16,0.0,complete,1788722033717,1788722846487,29259844.96202546,33851683.95713601,-0.072757530577213,5.9,6.79,15.08474576271186,3.8983050847457568,9.72017673048601,74.15730337078655,complete_hourly_ordered,/v1/candles/minutes/60,120,False,69.61770623742456,4.97,2026-09-02T06:00:00,8.43,2026-09-02T20:00:00,D-4,27.283511269276396,66.47398843930637,False,False,0.10007040339939871,,-60.90182294378936,1.4710461595041124,-0.48701298701299134,0.0,-0.03678724708766623,0.029842080119506065,0.0428511267168723,0.10007040339939871,,-60.90182294378936,1.4710461595041124,-0.48701298701299134,0.0,-0.03678724708766623,0.029842080119506065,0.0428511267168723,0.10007040339939871,,-60.90182294378936,1.4710461595041124,-0.48701298701299134,0.0,-0.03678724708766623,0.029842080119506065,0.0428511267168723,-1.1874037286029746,-97.59684625418394,-69.08178464501557,4.302985639447797,-0.8090614886731351,0.0,-0.049049662783562376,0.03978888050141194,0.05705358901333746,-1.1874037286029746,-97.59684625418394,-69.08178464501557,4.302985639447797,-0.8090614886731351,0.0,-0.049049662783562376,0.03978888050141194,0.05705358901333746,-0.7833552162883435,-97.79437099088982,-80.5286167739568,7.371179301375378,-1.4469453376205754,0.0,-0.06131207847945852,0.04973540107403274,0.07121571642987945,0.10007040339939871,300000.0000000602,-4669704.375341054,-0.48701298701299134,3297889.383964138,56081183.28042426,0.05880563124842806,-1.4469453376205754,False,True,rising,falling,sell_advantage_weakening,accelerating,leading_buy_inflow,True,True,False,🔴 1차 급등 완료·상승분 반납 / 신규매수 금지,S0,🌱 초발사 준비,발사 구조 관찰 또는 초기 준비,S3,True,발사 구조 관찰 또는 초기 준비,2026-09-07T04:28:14.981476+09:00,2026-09-06T19:10:00Z,34054595745-1
KRW-W,웜홀,14.1,13.206666666666667,12.542,14.761666666666667,0.7117437722419906,-5.299526922872486,10.53404087162696,-0.5895218455319775,-0.8370925120039413,,,12.584082070462198,,False,False,False,False,-1.6540464617073813,6.015037593984962,11.0,A급,-0.7042253521126751,2.7429739444699623,0.0,-0.05083884087442314,0.040109175324394286,False,False,False,False,2026-09-07T04:28:14.981476+09:00,1788722894,19767629.455110077,2616702.3986935797,7.554404912449847,35,0.0,complete,1788722145645,1788722943391,21745323.00294041,21875795.41787584,-0.002991037819726561,13.8,14.7,6.521739130434767,2.1739130434782483,4.081632653061222,66.66666666666679,complete_hourly_ordered,/v1/candles/minutes/60,120,False,14.843749999999979,12.8,2026-09-02T22:00:00,14.7,2026-09-07T02:00:00,D0,4.081632653061218,31.578947368420955,False,True,,39435.25891025811,,2.7429739444699623,-0.7042253521126751,0.0,-0.05083884087442314,0.040109175324394286,0.16690830847420735,,39435.25891025811,,2.7429739444699623,-0.7042253521126751,0.0,-0.05083884087442314,0.040109175324394286,0.16690830847420735,,39435.25891025811,,2.7429739444699623,-0.7042253521126751,0.0,-0.05083884087442314,0.040109175324394286,0.16690830847420735,-5914.577599204174,-36.7060226263636,49518.10935690086,5.917295332617135,0.0,0.0,0.0,0.0,0.0,-5914.577599204174,-36.7060226263636,49518.10935690086,5.917295332617135,0.0,0.0,0.0,0.0,0.0,,355752.9154913451,,5.9692902010891284,-0.7042253521126751,0.0,-0.05083884087442314,0.040109175324394286,0.16690830847420735,,19717629.455110125,2616702.3986935797,-0.7042253521126751,22384331.853803657,3905279.5474158973,5.731812942460227,-0.7042253521126751,False,False,rising,rising,buy_advantage_weakening,accelerating,neutral,False,False,False,pass,S2,🚀 발사 진행,가격 상승 초입과 실제 매수수급·구조 동반,S1,True,가격 상승 초입과 실제 매수수급·구조 동반,2026-09-07T04:28:14.981476+09:00,2026-09-06T19:10:00Z,34054595745-1
KRW-ARK,아크,158.0,154.0,142.02,172.85,0.39113428943937656,-8.43543162934797,10.905409314434477,-0.8651624944913661,-1.1964674386588174,,,9.114672879571982,,False,False,False,False,259.4136049511525,4.635761589403975,12.0,A급,-0.6289308176100628,0.015211673272403914,-1.0,-0.04345936549325913,0.034272063313622425,False,False,False,False,2026-09-07T04:28:14.981476+09:00,1788722894,0.0,0.0,,0,0.0,complete,,,1409548.04062676,1789504.11157785,-0.11877145256579989,160.0,162.0,1.2499999999999956,-1.2499999999999956,2.4691358024691357,200.0,complete_hourly_ordered,/v1/candles/minutes/60,120,False,13.33333333333333,150.0,2026-09-02T05:00:00,170.0,2026-09-04T16:00:00,D-3,7.058823529411762,60.000000000000064,True,False,,,,0.015211673272403914,-0.6289308176100628,-1.0,-0.04345936549325913,0.034272063313622425,0.08040059474503636,,,,0.015211673272403914,-0.6289308176100628,-1.0,-0.04345936549325913,0.034272063313622425,0.08040059474503636,,,,0.015211673272403914,-0.6289308176100628,-1.0,-0.04345936549325913,0.034272063313622425,0.08040059474503636,,,,0.10489959892834122,-0.6289308176100628,-1.0,-0.04345936549325913,0.034272063313622425,0.08040059474503636,,,,0.10489959892834122,-0.6289308176100628,-1.0,-0.04345936549325913,0.034272063313622425,0.08040059474503636,,,,0.10692410941152275,-0.6289308176100628,-1.0,-0.04345936549325913,0.034272063313622425,0.08040059474503636,,0.0,0.0,-0.6289308176100628,0,7015722.44364745,0.0,-0.6289308176100628,False,False,flat_or_na,flat_or_na,unavailable,accelerating,neutral,False,False,False,pass,S0,🌱 초발사 준비,발사 구조 관찰 또는 초기 준비,S0,False,,,2026-09-06T19:10:00Z,34054595745-1
KRW-AVNT,아반티스,143.0,141.86666666666667,132.9,156.925,0.23551577955722713,-6.746927514421872,9.595879135468113,-0.319436333795539,-0.7918529153597038,,,12.118259526908641,,False,False,False,False,-6.929299615154183,0.0,10.0,A급,-0.694444444444442,0.7596809372527042,0.0,-0.04710315591145431,0.03768032493285389,False,False,False,False,2026-09-07T04:28:14.981476+09:00,1788722894,0.0,7770164.79451212,0.0,2,0.0,complete,1788722468293,1788722468293,2397433.6348583,3342030.16487289,-0.16457922951945975,147.0,148.0,0.6802721088435382,-2.7210884353741527,3.3783783783783785,500.0,complete_hourly_ordered,/v1/candles/minutes/60,120,False,8.823529411764696,136.0,2026-09-05T00:00:00,148.0,2026-09-05T21:00:00,D-2,3.378378378378377,41.66666666666656,False,True,-0.0010514708121149162,-100.0,-65.21859548834001,0.7596809372527042,-0.694444444444442,0.0,-0.04710315591145431,0.03768032493285389,0.16137865222496117,-0.0010514708121149162,-100.0,-65.21859548834001,0.7596809372527042,-0.694444444444442,0.0,-0.04710315591145431,0.03768032493285389,0.16137865222496117,-0.0010514708121149162,-100.0,-65.21859548834001,0.7596809372527042,-0.694444444444442,0.0,-0.04710315591145431,0.03768032493285389,0.16137865222496117,-0.05866124479959266,-100.0,4458.075391732237,0.8268106888267068,0.0,0.0,0.0,0.0,0.0,-0.05866124479959266,-100.0,4458.075391732237,0.8268106888267068,0.0,0.0,0.0,0.0,0.0,,-100.0,,1.002607035945835,0.0,0.0,0.0,0.0,0.0,-0.0010514708121149162,-23489.855,-14569832.406886917,-0.694444444444442,7770164.79451212,4532943.94663506,1.714154175738296,0.0,False,True,falling,falling,sell_only,accelerating,neutral,False,False,False,pass,S1,⚡ 선행 시동,가격 미급등 상태에서 선행조건 3개 개선,S1,False,,,2026-09-06T19:10:00Z,34054595745-1
KRW-LA,라그랑주,93.2,83.00666666666666,79.25,106.71666666666667,1.1618459538511594,-4.740273396424809,22.2177104482274,-0.5257338525389562,-1.3193084671367952,,,,,False,False,False,False,287.50895021807247,16.687578419071514,10.0,A급,0.0,0.13188686259815086,0.0,0.0,0.0,False,False,False,True,2026-09-07T04:28:14.981476+09:00,1788722894,1064555.418133612,11465719.496098986,0.09284680464194234,22,0.0,complete,1788722039647,1788723059800,3158700.82011516,1400877.08777191,0.385523346207683,94.3,99.8,5.832449628844105,-1.166489925768821,6.613226452905805,120.0,complete_hourly_ordered,/v1/candles/minutes/60,120,False,27.45849297573435,78.3,2026-09-02T06:00:00,99.8,2026-09-05T10:00:00,D-2,6.713426853707416,31.162790697674414,False,True,-0.09763485363052662,87.48642159456467,284.64139532456414,0.13188686259815086,0.21505376344086446,0.0,0.0,0.0,,-0.09763485363052662,87.48642159456467,284.64139532456414,0.13188686259815086,0.21505376344086446,0.0,0.0,0.0,,-0.09763485363052662,87.48642159456467,284.64139532456414,0.13188686259815086,0.21505376344086446,0.0,0.0,0.0,,-2.0137868634840115,-72.45825615396372,524.9042720286669,0.22884920705638478,0.0,0.0,-0.016249593760142567,0.011279188368888526,,-2.0137868634840115,-72.45825615396372,524.9042720286669,0.22884920705638478,0.0,0.0,-0.016249593760142567,0.011279188368888526,,-1.1002505716313993,-92.15564823709109,0.8012665916123263,0.5246450047724807,0.0,0.0,-0.016249593760142567,0.011279188368888526,,-0.09763485363052662,496751.40913946205,8484834.01797095,0.21505376344086446,12530274.914232599,116879663.40513363,0.10720663072753372,0.0,False,False,rising,rising,sell_advantage_accelerating,accelerating,neutral,False,False,False,pass,S1,⚡ 선행 시동,가격 미급등 상태에서 선행조건 3개 개선,S0,True,가격 미급등 상태에서 선행조건 3개 개선,2026-09-07T04:28:14.981476+09:00,2026-09-06T19:10:00Z,34054595745-1
KRW-HYPER,하이퍼레인,95.5,90.98666666666666,90.49,110.9675,0.2644725242433088,-0.5488635945040001,18.006022784448902,-0.18573923110104676,-0.38073331876564576,,,,,False,False,False,False,-51.332708115228776,6.823266219239366,7.0,B급,0.4206098843322792,0.19884798933082237,0.0,0.029385836027029377,-0.021568705296282076,False,False,False,False,2026-09-07T04:28:14.981476+09:00,1788722894,0.0,722317.4213504579,0.0,2,0.0,complete,1788722464212,1788722464212,648324.38399527,763944.05944305,-0.08186805843108082,93.7,96.1,2.5613660618996725,1.9210245464247544,0.62434963579604,25.0,complete_hourly_ordered,/v1/candles/minutes/60,120,False,9.578107183580386,87.7,2026-09-02T10:00:00,96.1,2026-09-06T21:00:00,D-1,0.6243496357960399,7.142857142857084,False,False,0.0,,160.87309346581858,0.19884798933082237,0.4206098843322792,0.0,0.029385836027029377,-0.021568705296282076,,0.0,,160.87309346581858,0.19884798933082237,0.4206098843322792,0.0,0.029385836027029377,-0.021568705296282076,,0.0,,160.87309346581858,0.19884798933082237,0.4206098843322792,0.0,0.029385836027029377,-0.021568705296282076,,-0.0359055470081176,-100.0,155.80267196235553,0.23065297907344018,0.5263157894736858,0.0,0.03673229503378117,-0.02696108409626774,,-0.0359055470081176,-100.0,155.80267196235553,0.23065297907344018,0.5263157894736858,0.0,0.03673229503378117,-0.02696108409626774,,-2.8329530004336525,-100.0,565.8701214170712,0.3955189698085704,0.5263157894736858,0.0,0.06611813106081055,-0.04853140925453303,,0.0,0.0,445432.82135045796,0.4206098843322792,722317.4213504579,1275660.8555948879,0.5662299804704869,0.5263157894736858,False,False,flat_or_na,rising,sell_only,accelerating,neutral,False,False,False,pass,S0,🌱 초발사 준비,발사 구조 관찰 또는 초기 준비,S0,False,,,2026-09-06T19:10:00Z,34054595745-1
KRW-ATH,에이셔,6.41,6.626666666666667,6.104,6.9712499999999995,0.060398630964364486,-8.562691131498473,4.942920327535702,-0.3652988412783861,-0.686995815540359,,,7.194978798594035,,False,False,False,False,-15.83123939032738,0.9448818897637823,11.0,A급,0.4702194357366851,0.8002493701450568,0.0,0.030199315482182243,-0.025281269557010155,False,False,False,False,2026-09-07T04:28:14.981476+09:00,1788722894,4164892.069554311,8922568.98881037,0.46678171665328966,11,0.0,complete,1788722318860,1788722319015,21868351.32254559,15368204.85780109,0.17456357761073657,6.42,6.5,1.2461059190031154,-0.15576323987538387,1.3846153846153824,112.49999999999956,complete_hourly_ordered,/v1/candles/minutes/60,120,False,6.612903225806455,6.2,2026-09-02T19:00:00,6.61,2026-09-04T00:00:00,D-3,3.0257186081694476,48.78048780487798,True,True,0.46678171665328966,,11534.821778479683,0.8002493701450568,0.4702194357366851,0.0,0.030199315482182243,-0.025281269557010155,-0.09041990334534233,0.46678171665328966,,11534.821778479683,0.8002493701450568,0.4702194357366851,0.0,0.030199315482182243,-0.025281269557010155,-0.09041990334534233,0.46678171665328966,,11534.821778479683,0.8002493701450568,0.4702194357366851,0.0,0.030199315482182243,-0.025281269557010155,-0.09041990334534233,0.01782885548914115,1703.57550249615,1634.6874422946762,0.8352456806970494,0.6279434850863463,0.0,0.020132876988121495,-0.016853978227400646,-0.06013059825888689,0.01782885548914115,1703.57550249615,1634.6874422946762,0.8352456806970494,0.6279434850863463,0.0,0.020132876988121495,-0.016853978227400646,-0.06013059825888689,-6.93877235562686,87.46704743062388,2874.1896629369803,0.9582399574914362,0.0,0.0,0.0,0.0,0.0,0.46678171665328966,4164892.069554311,8845880.50007637,0.4702194357366851,13087461.058364682,3850495.0995998885,3.3989034448387225,0.0,False,True,rising,rising,sell_advantage_weakening,accelerating,leading_buy_inflow,False,False,False,pass,S1,⚡ 선행 시동,가격 미급등 상태에서 선행조건 6개 개선,S1,False,,,2026-09-06T19:10:00Z,34054595745-1
KRW-TAIKO,타이코,111.0,103.80666666666666,104.296,126.24499999999999,0.45158376878911,0.4691774692541888,17.773641200311562,-0.4446853757097351,-0.5241939596985873,1.0550773532980782,,,,False,False,False,False,411.5505855683406,7.7669902912621325,8.0,B급,0.0,0.0005244089227289805,0.0,0.0,0.0,False,True,False,False,2026-09-07T04:28:14.981476+09:00,1788722894,0.0,0.0,,0,0.0,complete,,,1899509.77405856,4290471.65980682,-0.38626317563204804,108.0,114.0,5.555555555555558,2.777777777777768,2.631578947368421,50.0000000000002,complete_hourly_ordered,/v1/candles/minutes/60,120,False,15.999999999999993,100.0,2026-09-02T19:00:00,116.0,2026-09-04T19:00:00,D-3,4.31034482758621,31.2499999999999,False,False,,-100.0,,0.0005244089227289805,0.0,0.0,0.0,0.0,,,-100.0,,0.0005244089227289805,0.0,0.0,0.0,0.0,,,-100.0,,0.0005244089227289805,0.0,0.0,0.0,0.0,,,-100.0,,0.1222153679046869,0.0,0.0,0.0,0.0,,,-100.0,,0.1222153679046869,0.0,0.0,0.0,0.0,,,-100.0,-100.0,0.34851167995788046,0.0,0.0,0.0,0.0,,,-5099.99999934,0.0,0.0,0,4121596.6475166697,0.0,0.0,False,True,falling,flat_or_na,unavailable,accelerating,neutral,False,True,False,pass,S0,🌱 초발사 준비,발사 구조 관찰 또는 초기 준비,S0,False,,,2026-09-06T19:10:00Z,34054595745-1
KRW-AVAX,아발란체,10410.0,10200.0,9603.3,10587.0,0.09158707313883241,-6.213489113117373,3.655426466421082,0.042950718396526796,-0.3810433206250945,,,9.593204416821749,,False,False,False,False,26.058279586529288,4.308617234468937,12.0,A급,0.0,0.2886399877671373,0.0,0.0,0.0,False,False,False,False,2026-09-07T04:28:14.981476+09:00,1788722894,87135.31512720001,35857424.6298591,0.00243004945354165,9,0.0,complete,1788722354236,1788723082686,27874.15845294,11018.91719611,0.4333738326308402,10370.0,10560.0,1.8322082931533368,0.38572806171648377,1.4204545454545454,78.94736842105307,complete_hourly_ordered,/v1/candles/minutes/60,120,False,9.147286821705425,9675.0,2026-09-02T19:00:00,10560.0,2026-09-06T12:00:00,D-1,1.4204545454545414,16.949152542372914,True,False,,-94.20875728784797,,0.2886399877671373,0.0,0.0,0.0,0.0,0.0,,-94.20875728784797,,0.2886399877671373,0.0,0.0,0.0,0.0,0.0,,-94.20875728784797,,0.2886399877671373,0.0,0.0,0.0,0.0,0.0,-0.43251789841966387,-90.93757874327748,1522.0581530261509,0.3514870296468473,0.19249278152069227,0.0,-0.006541933795611854,0.005538631401982741,0.042300750393366116,-0.43251789841966387,-90.93757874327748,1522.0581530261509,0.3514870296468473,0.19249278152069227,0.0,-0.006541933795611854,0.005538631401982741,0.042300750393366116,-13.495980636059462,-99.02876327364112,5295.014568999047,0.5011554220717649,-0.09596928982725794,0.0,-0.013083867591268117,0.011077175613039447,0.08435631836603541,,-1417469.4727943998,35857424.6298591,0.0,35944559.9449863,22255108.8380967,1.6151149925385109,-0.09596928982725794,False,True,falling,rising,sell_advantage_weakening,accelerating,neutral,False,False,False,pass,S0,🌱 초발사 준비,발사 구조 관찰 또는 초기 준비,S1,True,발사 구조 관찰 또는 초기 준비,2026-09-07T04:28:14.981476+09:00,2026-09-06T19:10:00Z,34054595745-1
KRW-XAUT,테더골드,6023000.0,6191800.0,6067900.0,6264858.333333333,-0.2770172330488041,-2.0418925822772294,1.1661609799636283,0.2551706377342896,0.08433719430249784,,8.002067167318295,,,False,False,False,False,7.087472135299322,0.6517379679144453,7.0,B급,-0.016600265604249653,0.0010020129360244212,0.0,-0.0010737102056235237,0.0009326697042986165,False,False,False,False,2026-09-07T04:28:14.981476+09:00,1788722894,0.0,0.0,,0,0.0,complete,,,8.08925714,52.30203573,-0.7321051841889471,6044000.0,6048000.0,0.06618133686300265,-0.34745201853076946,0.4133597883597883,625.0000000000083,complete_hourly_ordered,/v1/candles/minutes/60,120,False,4.487722269263328,5905000.0,2026-09-02T12:00:00,6170000.0,2026-09-04T00:00:00,D-3,2.382495948136143,55.4716981132076,False,False,,,,0.0010020129360244212,-0.016600265604249653,0.0,-0.0010737102056235237,0.0009326697042986165,,,,,0.0010020129360244212,-0.016600265604249653,0.0,-0.0010737102056235237,0.0009326697042986165,,,,,0.0010020129360244212,-0.016600265604249653,0.0,-0.0010737102056235237,0.0009326697042986165,,,-100.0,-100.0,0.11888546177731829,0.11635638297873285,0.0,0.007515971439309155,-0.0065287574049546215,,,-100.0,-100.0,0.11888546177731829,0.11635638297873285,0.0,0.007515971439309155,-0.0065287574049546215,,,-100.0,-100.0,0.20732172720945297,-0.11608623548922115,0.0,-0.007515971439320257,0.006528635824972762,,,0.0,0.0,-0.016600265604249653,0,554953.73221,0.0,-0.11608623548922115,False,False,flat_or_na,flat_or_na,unavailable,accelerating,neutral,False,False,False,pass,S0,🌱 초발사 준비,발사 구조 관찰 또는 초기 준비,S0,False,,,2026-09-06T19:10:00Z,34054595745-1
KRW-CPOOL,클리어풀,27.7,27.240000000000002,26.528000000000002,32.90833333333333,0.22075055187638082,-2.683956574185765,17.224613826285122,-0.5515596932277427,-0.6981088751481057,,,,,False,False,False,False,-89.12809263249734,4.135338345864659,7.0,B급,0.0,0.0,0.0,0.0,0.0,False,False,False,False,2026-09-07T04:28:14.981476+09:00,1788722894,0.0,0.0,,0,0.0,complete,,,4530430.19717896,4679413.60059546,-0.016176539655591404,27.6,28.0,1.4492753623188248,0.36231884057971175,1.071428571428574,74.99999999999962,complete_hourly_ordered,/v1/candles/minutes/60,120,False,8.108108108108114,25.9,2026-09-02T09:00:00,28.0,2026-09-06T02:00:00,D-1,1.0714285714285787,14.285714285714246,True,True,,,-100.0,0.0,0.0,0.0,0.0,0.0,,,,-100.0,0.0,0.0,0.0,0.0,0.0,,,,-100.0,0.0,0.0,0.0,0.0,0.0,,,,-100.0,0.02006751366576509,0.36231884057971175,0.0,0.024527839097365778,-0.018162643111413246,,,,-100.0,0.02006751366576509,0.36231884057971175,0.0,0.024527839097365778,-0.018162643111413246,,,-100.0,,0.022891239004934505,0.36231884057971175,0.0,0.024527839097365778,-0.018162643111413246,,,0.0,-335440.022531335,0.0,0,1560411.647039927,0.0,0.36231884057971175,False,False,flat_or_na,falling,unavailable,flat_or_na,neutral,False,True,False,pass,S0,🌱 초발사 준비,발사 구조 관찰 또는 초기 준비,S0,False,,,2026-09-06T19:10:00Z,34054595745-1
KRW-IMX,이뮤터블엑스,178.0,176.26666666666668,167.08,198.3,0.37965072133638866,-5.498364057138297,11.111111111111109,-0.8239519398435288,-0.8629930296134184,,,12.875087897394005,,False,False,False,False,309.2732296207858,2.298850574712641,12.0,A급,0.0,2.099096407259708,0.0,0.0,0.0,False,True,False,False,2026-09-07T04:28:14.981476+09:00,1788722894,9998.999999399999,6561020.47363257,0.001524000731225269,10,0.0,complete,1788722645839,1788722646601,497284.6723195,1127012.52291289,-0.3876925062985743,176.0,188.0,6.818181818181812,1.1363636363636465,5.319148936170213,83.33333333333317,complete_hourly_ordered,/v1/candles/minutes/60,120,False,13.25301204819278,166.0,2026-09-02T19:00:00,188.0,2026-09-06T21:00:00,D-1,5.319148936170215,45.45454545454548,False,False,,,,2.099096407259708,0.0,0.0,0.0,0.0,0.0,,,,2.099096407259708,0.0,0.0,0.0,0.0,0.0,,,,2.099096407259708,0.0,0.0,0.0,0.0,0.0,-0.008271994992624952,-0.00999999600100887,542.7172851022559,2.4706394469447446,-0.5586592178770999,-1.0,-0.037965072133627764,0.029882384801073414,0.12293877998299507,-0.008271994992624952,-0.00999999600100887,542.7172851022559,2.4706394469447446,-0.5586592178770999,-1.0,-0.037965072133627764,0.029882384801073414,0.12293877998299507,,-81.81256340404192,,2.8454216704435566,-1.6574585635359074,-1.0,-0.1138952164009055,0.08963962071235798,0.3637820379889547,,9998.999999399999,6561020.47363257,0.0,6571019.473631971,1067008.058822895,6.158359741800832,-1.6574585635359074,False,True,rising,rising,sell_advantage_weakening,accelerating,neutral,False,False,False,pass,S0,🌱 초발사 준비,발사 구조 관찰 또는 초기 준비,S0,False,,,2026-09-06T19:10:00Z,34054595745-1
KRW-SC,시아코인,0.986,0.9526,0.8038200000000001,0.9976833333333334,0.32296566734535403,-18.509118956980405,4.518801891047596,-1.7842886758769274,-1.9903427445045696,,,2.270363686618409,,False,False,False,False,-74.83135240677952,-21.746031746031747,10.0,A급,0.10152284263960087,0.007633990412159619,0.0,0.007020992768369538,-0.005884671877868897,False,False,False,False,2026-09-07T04:28:14.981476+09:00,1788722894,986000.0,4313235.4125243705,0.22859869812274683,10,0.0,complete,1788722015650,1788723067940,218745789.60585302,422444670.6151722,-0.3176885709420911,1.01,1.02,0.990099009900991,-2.3762376237623783,3.333333333333336,340.0,complete_hourly_ordered,/v1/candles/minutes/60,120,False,12.676056338028175,0.923,2026-09-03T20:00:00,1.04,2026-09-05T11:00:00,D-2,5.192307692307696,46.15384615384627,False,True,,-68.22961450160476,,0.007633990412159619,0.10152284263960087,0.0,0.007020992768369538,-0.005884671877868897,-0.004301673044113663,,-68.22961450160476,,0.007633990412159619,0.10152284263960087,0.0,0.007020992768369538,-0.005884671877868897,-0.004301673044113663,,-68.22961450160476,,0.007633990412159619,0.10152284263960087,0.0,0.007020992768369538,-0.005884671877868897,-0.004301673044113663,-0.016013875853783888,360.5760953362139,392.84053285271403,0.013932366495524207,0.40733197556008793,0.0,0.028083971073500358,-0.02353927736483996,-0.017237721628272862,-0.016013875853783888,360.5760953362139,392.84053285271403,0.013932366495524207,0.40733197556008793,0.0,0.028083971073500358,-0.02353927736483996,-0.017237721628272862,,-16.666041859406544,,0.018555407149818848,0.0,0.0,0.02106297830513082,-0.01765431055783573,-0.01292052453777126,,-2117519.156384817,4313235.4125243705,0.10152284263960087,5299235.4125243705,9942729.422288204,0.5329759251665136,0.0,False,True,falling,rising,sell_advantage_weakening,accelerating,neutral,False,True,False,pass,S1,⚡ 선행 시동,가격 미급등 상태에서 선행조건 4개 개선,S1,False,,,2026-09-06T19:10:00Z,34054595745-1
KRW-INJ,인젝티브,6800.0,7019.0,6838.2,7332.791666666667,0.03325415676960208,-2.643970635547369,4.279293356895684,-0.16029547451956563,0.16069102307126198,,,,,False,False,False,False,284.1378872789883,10.569105691056912,9.0,B급,0.8154188287620379,0.2837275719740546,0.0,0.052256532066519146,-0.04402345903376137,False,False,False,False,2026-09-07T04:28:14.981476+09:00,1788722894,1049934.5118801,9689101.471275648,0.10836242297520987,35,0.0,complete,1788722347260,1788722506183,3397.61331642,7814.55583634,-0.3939418376356479,6515.0,6900.0,5.909439754412893,4.374520337682264,1.4492753623188406,25.974025974026098,complete_hourly_ordered,/v1/candles/minutes/60,120,False,35.97304128053918,5935.0,2026-09-02T09:00:00,8070.0,2026-09-02T16:00:00,D-4,15.737298636926889,59.484777517564424,True,True,0.10836242297520987,,8421.816092813475,0.2837275719740546,0.8154188287620379,0.0,0.052256532066519146,-0.04402345903376137,,0.10836242297520987,,8421.816092813475,0.2837275719740546,0.8154188287620379,0.0,0.052256532066519146,-0.04402345903376137,,0.10836242297520987,,8421.816092813475,0.2837275719740546,0.8154188287620379,0.0,0.052256532066519146,-0.04402345903376137,,-0.6149400505029647,-69.01038529356347,106.85090231351717,0.4033082202724927,0.5173688100517326,0.0,0.03325415676960208,-0.02801429170074332,,-0.6149400505029647,-69.01038529356347,106.85090231351717,0.4033082202724927,0.5173688100517326,0.0,0.03325415676960208,-0.02801429170074332,,-56.9718471570563,22.625606096599206,64493.38120811078,0.5411450789979426,0.6661732050333047,0.0,0.042755344418066166,-0.036018784394708625,,0.10836242297520987,1049934.5118801,9575403.858398898,0.8154188287620379,10739035.983155748,8112031.963319601,1.3238404424088495,0.6661732050333047,False,True,rising,rising,sell_advantage_weakening,accelerating,neutral,False,True,False,pass,S0,🌱 초발사 준비,발사 구조 관찰 또는 초기 준비,S3,True,발사 구조 관찰 또는 초기 준비,2026-09-07T04:28:14.981476+09:00,2026-09-06T19:10:00Z,34054595745-1
KRW-MVL,엠블,1.25,1.2326666666666666,1.1656,1.4116666666666666,0.32555615843732344,-5.753832075040031,12.680047225501776,-0.7993790625421028,-0.9623856170132884,,,13.175640825611687,,False,False,False,False,-64.12420900584561,-2.34375,10.0,A급,-1.5748031496062964,0.16381613474935364,-1.0,-0.10851871947910041,0.08413174917075139,False,False,False,False,2026-09-07T04:28:14.981476+09:00,1788722894,0.0,0.0,,0,0.0,complete,,,93625630.58997227,187677417.93597558,-0.3343432921855726,1.26,1.27,0.7936507936507908,-0.7936507936507908,1.5748031496063006,200.0,complete_hourly_ordered,/v1/candles/minutes/60,120,False,6.451612903225823,1.24,2026-09-01T21:00:00,1.32,2026-09-01T22:00:00,D-4,5.30303030303031,87.50000000000004,False,False,,,,0.16381613474935364,-1.5748031496062964,-1.0,-0.10851871947910041,0.08413174917075139,0.3123222564121857,,,,0.16381613474935364,-1.5748031496062964,-1.0,-0.10851871947910041,0.08413174917075139,0.3123222564121857,,,,0.16381613474935364,-1.5748031496062964,-1.0,-0.10851871947910041,0.08413174917075139,0.3123222564121857,,,,0.20861388534058278,0.0,0.0,0.0,0.0,0.0,,,,0.20861388534058278,0.0,0.0,0.0,0.0,0.0,,,,0.21559574151061156,-0.7936507936507908,0.0,-0.05425935973957241,0.042068357666346756,0.15752367519997712,,0.0,0.0,-1.5748031496062964,0,248000.0,0.0,-0.7936507936507908,False,True,flat_or_na,flat_or_na,unavailable,accelerating,neutral,False,False,False,pass,S0,🌱 초발사 준비,발사 구조 관찰 또는 초기 준비,S1,True,발사 구조 관찰 또는 초기 준비,2026-09-07T04:28:14.981476+09:00,2026-09-06T19:10:00Z,34054595745-1
KRW-HIVE,하이브,63.6,60.833333333333336,60.924,72.42166666666667,0.38503850385038785,0.14881929398375648,16.001196695279955,-0.746402565346101,-0.7452429717761021,0.19938207730402177,,,,False,False,False,False,2639.5146865054744,5.298013245033117,7.0,B급,0.6329113924050667,0.4513607116505227,0.0,0.04400440044005638,-0.03295671891075003,False,True,False,False,2026-09-07T04:28:14.981476+09:00,1788722894,6540682.953497665,13779.5,474.66765510342645,8,0.0,complete,1788722654575,1788722674982,2171700.45868343,3410530.33278832,-0.22192380078543356,63.9,64.2,0.46948356807512415,-0.46948356807511304,0.9345794392523387,199.99999999999764,complete_hourly_ordered,/v1/candles/minutes/60,120,False,29.272419627749578,59.1,2026-09-02T20:00:00,76.4,2026-09-03T13:00:00,D-4,16.753926701570688,73.98843930635842,False,True,,,,0.4513607116505227,0.6329113924050667,0.0,0.04400440044005638,-0.03295671891075003,,,,,0.4513607116505227,0.6329113924050667,0.0,0.04400440044005638,-0.03295671891075003,,,,,0.4513607116505227,0.6329113924050667,0.0,0.04400440044005638,-0.03295671891075003,,474.6317613716006,40779.268460878055,-96.90876451429689,0.4642950433835722,0.4739336492891155,0.0,0.03300330033002563,-0.024717254756268403,,474.6317613716006,40779.268460878055,-96.90876451429689,0.4642950433835722,0.4739336492891155,0.0,0.03300330033002563,-0.024717254756268403,,,,,0.8974040395391967,0.4739336492891155,0.0,0.03300330033002563,-0.024717254756268403,,,6540682.953497665,13779.5,0.6329113924050667,6554462.453497665,34478486.93003534,0.19010296092163656,0.4739336492891155,False,True,rising,rising,buy_advantage_weakening,accelerating,neutral,True,True,False,🔴 1차 급등 완료·상승분 반납 / 신규매수 금지,S3,🔴 1차 급등 완료·반납,당일/5D 급등 후 상승분 상당 부분 반납,S3,False,,,2026-09-06T19:10:00Z,34054595745-1
KRW-CBK,코박토큰,248.0,243.46666666666667,240.4,282.23333333333335,0.08221430528911888,-1.2756516916250678,13.735679697649703,-0.5210788134597127,-0.6625039374949839,,,,,False,False,False,False,28.88272421665292,0.0,9.0,B급,-0.8000000000000007,0.03948602748140573,0.0,-0.05480953685941259,0.04214559667538609,False,False,False,False,2026-09-07T04:28:14.981476+09:00,1788722894,0.0,17860.73282208,0.0,1,0.0,complete,1788722534576,1788722534576,555067.97516687,863561.57293496,-0.2174588835971053,246.0,251.0,2.0325203252032464,0.8130081300812941,1.1952191235059761,60.00000000000022,complete_hourly_ordered,/v1/candles/minutes/60,120,False,8.713692946058082,241.0,2026-09-03T00:00:00,262.0,2026-09-03T14:00:00,D-4,5.343511450381677,66.66666666666676,True,True,0.0,,-73.6468819675864,0.03948602748140573,-0.8000000000000007,0.0,-0.05480953685941259,0.04214559667538609,,0.0,,-73.6468819675864,0.03948602748140573,-0.8000000000000007,0.0,-0.05480953685941259,0.04214559667538609,,0.0,,-73.6468819675864,0.03948602748140573,-0.8000000000000007,0.0,-0.05480953685941259,0.04214559667538609,,-5.727576137448978,-100.0,-94.76224843928578,0.18261661928033845,-0.40160642570281624,0.0,-0.027404768429706294,0.021073420523123332,,-5.727576137448978,-100.0,-94.76224843928578,0.18261661928033845,-0.40160642570281624,0.0,-0.027404768429706294,0.021073420523123332,,-1.1161193332144892,-100.0,-90.50728132940876,0.36117869384315426,-0.40160642570281624,0.0,-0.027404768429706294,0.021073420523123332,,0.0,0.0,-49913.91456542,-0.8000000000000007,17860.73282208,1401912.4999964,0.01274026219334364,-0.40160642570281624,False,False,flat_or_na,falling,sell_only,accelerating,neutral,False,False,False,pass,S0,🌱 초발사 준비,발사 구조 관찰 또는 초기 준비,S0,False,,,2026-09-06T19:10:00Z,34054595745-1
KRW-XLM,스텔라루멘,250.0,252.2,247.28,267.31666666666666,-0.47355958958169575,-1.9896473633128389,5.6549660203254595,0.05029444906759286,0.2717292189140089,,,,,False,False,False,False,12.407383225454227,2.4590163934426146,7.0,B급,-0.7936507936507908,0.08006569635727878,0.0,-0.05261773217575261,0.043993451746915824,False,False,False,False,2026-09-07T04:28:14.981476+09:00,1788722894,3359464.26786228,2953399.7303450005,1.1374905446577817,10,0.0,complete,1788722058184,1788723084634,16859166.32213451,11460676.33059557,0.1906257057193966,252.0,256.0,1.5873015873015817,-0.7936507936507908,2.34375,150.0,complete_hourly_ordered,/v1/candles/minutes/60,120,False,9.361702127659566,235.0,2026-09-02T19:00:00,257.0,2026-09-04T01:00:00,D-3,2.3346303501945553,27.2727272727271,False,False,,-48.149866633302274,,0.08006569635727878,-0.7936507936507908,0.0,-0.05261773217575261,0.043993451746915824,,,-48.149866633302274,,0.08006569635727878,-0.7936507936507908,0.0,-0.05261773217575261,0.043993451746915824,,,-48.149866633302274,,0.08006569635727878,-0.7936507936507908,0.0,-0.05261773217575261,0.043993451746915824,,1.0383360559280785,-50.30804725782305,-95.66837703287152,0.2537056550773844,-0.3984063745019917,0.0,-0.026308866087876304,0.021997411578312587,,1.0383360559280785,-50.30804725782305,-95.66837703287152,0.2537056550773844,-0.3984063745019917,0.0,-0.026308866087876304,0.021997411578312587,,-5.0328799851198704,-86.63986958105548,-27.52734921779708,0.41641487942030153,-0.3984063745019917,0.0,-0.026308866087876304,0.021997411578312587,,,-3119717.26886255,2953399.7303450005,-0.7936507936507908,6312863.99820728,98137506.22017327,0.06432672116249068,-0.3984063745019917,False,False,falling,rising,buy_advantage_weakening,accelerating,neutral,False,False,False,pass,S0,🌱 초발사 준비,발사 구조 관찰 또는 초기 준비,S0,False,,,2026-09-06T19:10:00Z,34054595745-1
KRW-OP,옵티미즘,148.0,136.73333333333332,131.22,152.76666666666668,-0.0974184120798971,-4.201595285271545,10.49530874972727,-0.1509351642618843,-0.5181409882692545,,,,,False,False,False,False,5.90865321154761,12.12121212121211,7.0,B급,0.0,0.02529572228160415,0.0,0.0,0.0,False,False,False,False,2026-09-07T04:28:14.981476+09:00,1788722894,0.0,0.0,,0,0.0,complete,,,879909.38721162,1633948.30066967,-0.29995290389471624,148.0,159.0,7.432432432432434,0.0,6.918238993710692,100.0,complete_hourly_ordered,/v1/candles/minutes/60,120,False,25.196850393700785,127.0,2026-09-02T10:00:00,159.0,2026-09-06T09:00:00,D-1,6.91823899371069,34.37500000000003,False,True,,,,0.02529572228160415,0.0,0.0,0.0,0.0,,,,,0.02529572228160415,0.0,0.0,0.0,0.0,,,,,0.02529572228160415,0.0,0.0,0.0,0.0,,,,-100.0,0.06937301304945631,-0.6711409395973145,0.0,-0.0487092060399541,0.038754994204445836,,,,-100.0,0.06937301304945631,-0.6711409395973145,0.0,-0.0487092060399541,0.038754994204445836,,,-100.0,-100.0,0.7555284446597144,-1.3333333333333308,0.0,-0.1461276181198401,0.11625230031358846,,,0.0,0.0,0.0,0,5031380.626143996,0.0,-1.3333333333333308,False,False,flat_or_na,flat_or_na,unavailable,accelerating,neutral,False,False,False,pass,S0,🌱 초발사 준비,발사 구조 관찰 또는 초기 준비,S0,False,,,2026-09-06T19:10:00Z,34054595745-1
KRW-SAFE,세이프,134.0,127.86666666666666,125.42,147.66666666666666,0.366300366300365,-1.9507787168447281,13.408577878103836,-0.288820912280512,-0.6327332421531626,,,,,False,False,False,False,409.90976041653715,6.349206349206349,10.0,A급,0.0,0.0004787384204405498,0.0,0.0,0.0,False,True,False,False,2026-09-07T04:28:14.981476+09:00,1788722894,0.0,0.0,,0,0.0,complete,,,838127.89042488,2458723.92109788,-0.4915586515016804,134.0,136.0,1.4925373134328401,0.0,1.4705882352941175,100.0,complete_hourly_ordered,/v1/candles/minutes/60,120,False,23.38709677419355,124.0,2026-09-02T03:00:00,153.0,2026-09-02T20:00:00,D-4,12.418300653594772,65.51724137931038,True,False,,,,0.0004787384204405498,0.0,0.0,0.0,0.0,,,,,0.0004787384204405498,0.0,0.0,0.0,0.0,,,,,0.0004787384204405498,0.0,0.0,0.0,0.0,,,-100.0,,0.18177032669478876,0.0,0.0,0.0,0.0,,,-100.0,,0.18177032669478876,0.0,0.0,0.0,0.0,,,,,0.18177032669478876,0.0,0.0,0.0,0.0,,,0.0,0.0,0.0,0,1931798.8176448005,0.0,0.0,False,True,flat_or_na,flat_or_na,unavailable,accelerating,neutral,True,True,False,🔴 1차 급등 완료·상승분 반납 / 신규매수 금지,S3,🔴 1차 급등 완료·반납,당일/5D 급등 후 상승분 상당 부분 반납,S3,False,,,2026-09-06T19:10:00Z,34054595745-1
KRW-GLM,골렘,152.0,150.8,139.34,159.375,0.13280212483401943,-8.224486866657104,5.3803921568627375,-0.5499318670269921,-0.8298009430170094,,,6.4839552209962354,,False,False,False,False,181.21325047302798,6.2937062937062915,13.0,A급,-0.6535947712418277,0.04916895109357711,0.0,-0.04426737494465094,0.03688070648106745,False,False,False,False,2026-09-07T04:28:14.981476+09:00,1788722894,0.0,0.0,,0,0.0,complete,,,1277251.52589306,1782839.3817888,-0.16521988109129176,152.0,155.0,1.9736842105263053,0.0,1.935483870967742,100.0,complete_hourly_ordered,/v1/candles/minutes/60,120,False,9.154929577464799,142.0,2026-09-02T10:00:00,155.0,2026-09-06T21:00:00,D-1,1.9354838709677469,23.076923076923265,False,True,,,,0.04916895109357711,-0.6535947712418277,0.0,-0.04426737494465094,0.03688070648106745,0.10118202938981113,,,,0.04916895109357711,-0.6535947712418277,0.0,-0.04426737494465094,0.03688070648106745,0.10118202938981113,,,,0.04916895109357711,-0.6535947712418277,0.0,-0.04426737494465094,0.03688070648106745,0.10118202938981113,,,,0.07754302643581923,-0.6535947712418277,0.0,-0.04426737494465094,0.03688070648106745,0.10118202938981113,,,,0.07754302643581923,-0.6535947712418277,0.0,-0.04426737494465094,0.03688070648106745,0.10118202938981113,,,,0.07754302643581923,-0.6535947712418277,0.0,-0.04426737494465094,0.03688070648106745,0.10118202938981113,,0.0,0.0,-0.6535947712418277,0,2886867.78850722,0.0,-0.6535947712418277,False,True,flat_or_na,flat_or_na,unavailable,accelerating,neutral,False,False,False,pass,S0,🌱 초발사 준비,발사 구조 관찰 또는 초기 준비,S0,False,,,2026-09-06T19:10:00Z,34054595745-1
KRW-SUPER,슈퍼버스,161.0,154.86666666666667,132.18,142.2,1.1319111885067512,-17.163463963282393,-8.907641819034238,-0.6946856992454901,-1.3847900978406424,,,,,False,False,False,False,-17.192714693758248,7.333333333333325,9.0,B급,0.0,0.6364013189371427,0.0,0.0,0.0,False,False,False,False,2026-09-07T04:28:14.981476+09:00,1788722894,3653379.8,0.0,,5,0.0,complete,1788722021633,1788722810532,840554.22916266,722085.23601665,0.0758133886836244,159.0,164.0,3.1446540880503138,1.2578616352201255,1.8292682926829267,60.0,complete_hourly_ordered,/v1/candles/minutes/60,120,False,13.103448275862073,145.0,2026-09-03T04:00:00,164.0,2026-09-06T16:00:00,D-1,1.8292682926829285,15.789473684210547,False,False,,,,0.6364013189371427,0.0,0.0,0.0,0.0,,,,,0.6364013189371427,0.0,0.0,0.0,0.0,,,,,0.6364013189371427,0.0,0.0,0.0,0.0,,,,,0.7693639006612472,0.0,0.0,0.0,0.0,,,,,0.7693639006612472,0.0,0.0,0.0,0.0,,,,,0.9696219536417772,0.6250000000000089,0.0,0.04353504571179556,-0.04050239454849702,,,3653379.8,0.0,0.0,3653379.8,572847.9999991399,6.377572759275559,0.6250000000000089,False,False,rising,flat_or_na,buy_only,accelerating,neutral,False,False,False,pass,S0,🌱 초발사 준비,발사 구조 관찰 또는 초기 준비,S0,False,,,2026-09-06T19:10:00Z,34054595745-1
KRW-LINEA,리네아,3.77,3.494,3.3244,3.8000833333333333,0.8466422936309392,-5.101672482252449,8.054647924387616,-0.6382983180851963,-1.0235165146545107,,,7.869582765947332,,False,False,False,False,-14.922519029099334,9.593023255813948,11.0,A급,-0.2645502645502562,0.05792031494722494,0.0,-0.019241870309794074,0.01552683320740833,False,False,False,False,2026-09-07T04:28:14.981476+09:00,1788722894,376963.3852230834,584898.6137906626,0.6444935521047414,3,0.0,complete,1788722669337,1788723065357,33195553.02354675,32039366.02135272,0.017723437372525276,3.68,3.85,4.619565217391308,2.4456521739130377,2.0779220779220795,47.05882352941194,complete_hourly_ordered,/v1/candles/minutes/60,120,False,14.243323442136502,3.37,2026-09-04T21:00:00,3.85,2026-09-06T20:00:00,D-1,2.0779220779220786,16.666666666666778,True,True,,-84.35241859432824,,0.05792031494722494,-0.2645502645502562,0.0,-0.019241870309794074,0.01552683320740833,0.03892842509913219,,-84.35241859432824,,0.05792031494722494,-0.2645502645502562,0.0,-0.019241870309794074,0.01552683320740833,0.03892842509913219,,-84.35241859432824,,0.05792031494722494,-0.2645502645502562,0.0,-0.019241870309794074,0.01552683320740833,0.03892842509913219,-54.4532775778459,-81.32875486128405,1496.2052498501737,0.4281808617157328,-1.049868766404205,-1.0,-0.0769674812391985,0.06210324726889116,0.1543033512942955,-54.4532775778459,-81.32875486128405,1496.2052498501737,0.4281808617157328,-1.049868766404205,-1.0,-0.0769674812391985,0.06210324726889116,0.1543033512942955,,94.1070127872224,,0.6246564628528688,-1.308900523560208,-1.0,-0.09620935154897037,0.07762735691841982,0.19229861895621614,,-2032120.6479582118,584898.6137906626,-0.2645502645502562,961861.9990137459,1322861.3374214433,0.7271071969558299,-1.308900523560208,False,False,falling,rising,sell_advantage_weakening,accelerating,neutral,False,False,False,pass,S0,🌱 초발사 준비,발사 구조 관찰 또는 초기 준비,S1,True,발사 구조 관찰 또는 초기 준비,2026-09-07T04:28:14.981476+09:00,2026-09-06T19:10:00Z,34054595745-1
KRW-DATA,데이터네트워크,261.0,259.8,298.44,445.7416666666667,-0.05129520389842712,12.947326095697623,41.715118996429176,-0.8369700544262095,-0.5948741877457288,,,,,False,False,False,False,23.351161488473316,0.0,6.0,관찰,0.0,0.24603709526398632,0.0,0.025647601949219112,-0.013866944342588283,False,False,False,False,2026-09-07T04:28:14.981476+09:00,1788722894,0.0,11784548.937972778,0.0,14,0.0,complete,1788722363436,1788723060448,1956117.30505588,1859933.95652346,0.025204941427493483,260.0,268.0,3.076923076923066,0.38461538461538325,2.6119402985074625,87.5,complete_hourly_ordered,/v1/candles/minutes/60,120,False,7.78210116731517,257.0,2026-09-02T05:00:00,277.0,2026-09-02T09:00:00,D-4,5.77617328519856,80.00000000000006,False,True,-9.727271093893616,-100.0,2003.4675945011102,0.24603709526398632,0.0,0.0,0.025647601949219112,-0.013866944342588283,,-9.727271093893616,-100.0,2003.4675945011102,0.24603709526398632,0.0,0.0,0.025647601949219112,-0.013866944342588283,,-9.727271093893616,-100.0,2003.4675945011102,0.24603709526398632,0.0,0.0,0.025647601949219112,-0.013866944342588283,,-0.9769836472164847,-100.0,63.11201363127958,0.3585885243348592,0.0,0.0,0.0,0.0,,-0.9769836472164847,-100.0,63.11201363127958,0.3585885243348592,0.0,0.0,0.0,0.0,,-3.9083933400579176,-100.0,429.4033539709451,0.5484490122544159,0.0,0.0,0.0,0.0,,-9.727271093893616,-5449644.31772504,11224305.035533778,0.0,11784548.937972778,23246759.99807681,0.5069329635161075,0.0,False,False,falling,rising,sell_only,accelerating,neutral,False,False,False,pass,S0,🌱 초발사 준비,발사 구조 관찰 또는 초기 준비,S0,False,,,2026-09-06T19:10:00Z,34054595745-1
KRW-KERNEL,커널다오,55.3,52.693333333333335,49.562,66.7025,0.40650406504063596,-6.318012455779303,21.002461177117297,-0.4367666686152412,-0.7946023329680851,,,,,False,False,False,False,-73.14235959402892,6.346153846153846,8.0,B급,0.5454545454545379,0.02566294707013128,1.0,0.03810975609754852,-0.02702408025402292,False,False,False,False,2026-09-07T04:28:14.981476+09:00,1788722894,0.0,0.0,,0,0.0,complete,,,2309347.5127615,3775013.33011461,-0.24089067943253045,55.5,56.7,2.1621621621621623,-0.3603603603603678,2.469135802469146,116.66666666666701,complete_hourly_ordered,/v1/candles/minutes/60,120,False,13.400000000000013,50.0,2026-09-03T07:00:00,56.7,2026-09-06T10:00:00,D-1,2.4691358024691468,20.895522388059874,False,False,,-100.0,-100.0,0.02566294707013128,0.5454545454545379,1.0,0.03810975609754852,-0.02702408025402292,,,-100.0,-100.0,0.02566294707013128,0.5454545454545379,1.0,0.03810975609754852,-0.02702408025402292,,,-100.0,-100.0,0.02566294707013128,0.5454545454545379,1.0,0.03810975609754852,-0.02702408025402292,,,,-100.0,0.8009402613864438,-0.18050541516245744,0.0,-0.012703252032530976,0.009007576597586109,,,,-100.0,0.8009402613864438,-0.18050541516245744,0.0,-0.012703252032530976,0.009007576597586109,,,-100.0,-100.0,0.8190768558381336,-0.8960573476702538,0.0,-0.06351626016261047,0.04503563244410458,,,-10968917.734231543,-27761597.2744712,0.5454545454545379,0,770365.276835745,0.0,-0.8960573476702538,False,False,falling,falling,unavailable,accelerating,neutral,False,False,False,pass,S0,🌱 초발사 준비,발사 구조 관찰 또는 초기 준비,S0,False,,,2026-09-06T19:10:00Z,34054595745-1
KRW-POKT,포켓네트워크,10.4,10.250666666666666,10.1892,12.195500000000001,0.0,-0.6032531176801527,15.947138972025215,-0.5454685677420362,-0.6720491704268199,,,,,False,False,False,False,230.24973449605204,0.9708737864077666,9.0,B급,0.0,0.004548638386808079,0.0,0.0,0.0,False,False,False,False,2026-09-07T04:28:14.981476+09:00,1788722894,0.0,45645.492582768,0.0,2,0.0,complete,1788722110767,1788722350780,20369463.16907563,63397345.94135778,-0.5136626693701157,10.5,10.6,0.952380952380949,-0.952380952380949,1.886792452830182,200.0,complete_hourly_ordered,/v1/candles/minutes/60,120,False,13.861386138613874,10.1,2026-09-02T05:00:00,11.5,2026-09-03T10:00:00,D-4,9.565217391304348,78.57142857142857,False,False,,,,0.004548638386808079,0.0,0.0,0.0,0.0,,,,,0.004548638386808079,0.0,0.0,0.0,0.0,,,,,0.004548638386808079,0.0,0.0,0.0,0.0,,0.0,,338.898967142,0.045196146923217384,0.0,0.0,0.0,0.0,,0.0,,338.898967142,0.045196146923217384,0.0,0.0,0.0,0.0,,-0.012606196901286993,-100.0,-88.58862685430846,0.05604148620909655,-0.952380952380949,0.0,0.0,0.0,,,0.0,45645.492582768,0.0,45645.492582768,2215562.499901462,0.020602213923009666,-0.952380952380949,False,False,flat_or_na,rising,sell_only,accelerating,neutral,False,True,False,pass,S0,🌱 초발사 준비,발사 구조 관찰 또는 초기 준비,S0,False,,,2026-09-06T19:10:00Z,34054595745-1
KRW-SENT,센티언트,18.2,17.740000000000002,18.414,20.64333333333333,0.07521624670929761,3.6602584989681732,14.064266106894863,-0.3002903582510109,-0.34957366532417655,12.189064345211461,,,,False,False,False,False,96.07976562753693,4.0000000000000036,8.0,B급,0.0,0.5887781077631189,0.0,0.0,0.0,False,False,False,False,2026-09-07T04:28:14.981476+09:00,1788722894,0.0,0.0,,0,0.0,complete,,,10257764.64308067,14263243.56310588,-0.16334886748313404,18.3,18.4,0.5464480874316724,-0.5464480874317057,1.0869565217391266,200.00000000000608,complete_hourly_ordered,/v1/candles/minutes/60,120,False,6.358381502890165,17.3,2026-09-02T03:00:00,18.4,2026-09-05T01:00:00,D-2,1.0869565217391242,18.18181818181837,False,True,,,,0.5887781077631189,0.0,0.0,0.0,0.0,,,,,0.5887781077631189,0.0,0.0,0.0,0.0,,,,,0.5887781077631189,0.0,0.0,0.0,0.0,,,,,0.5887781077631189,0.0,0.0,0.0,0.0,,,,,0.5887781077631189,0.0,0.0,0.0,0.0,,,,,0.599704521738559,0.5524861878452914,0.0,0.037608123354648804,-0.028826622506441524,,,0.0,0.0,0.0,0,954702.86605,0.0,0.5524861878452914,False,False,flat_or_na,flat_or_na,unavailable,accelerating,neutral,False,False,False,pass,S0,🌱 초발사 준비,발사 구조 관찰 또는 초기 준비,S0,False,,,2026-09-06T19:10:00Z,34054595745-1
KRW-ZKC,바운드리스,66.4,63.38666666666666,58.188,71.77833333333334,1.030708745085529,-8.934259068307316,11.691085982306646,-1.0835371968069525,-1.4806478847601874,,,7.89592590016781,,False,False,False,False,-90.10906122031875,-1.4836795252225476,12.0,A급,0.0,0.006008665180544881,0.0,0.0,0.0,False,False,False,True,2026-09-07T04:28:14.981476+09:00,1788722894,849717.9257345682,14932.330827436,56.90457407850449,8,0.0,complete,1788722486377,1788722826004,1079623.94673408,1653187.45501101,-0.209880384687604,68.1,69.6,2.2026431718061623,-2.496328928046976,4.597701149425271,213.33333333333297,complete_hourly_ordered,/v1/candles/minutes/60,120,False,16.93290734824282,62.6,2026-09-03T17:00:00,73.2,2026-09-04T17:00:00,D-3,9.289617486338797,64.15094339622644,True,True,2.436874835076061,-88.97682537952679,-89.44888052219812,0.006008665180544881,0.0,0.0,0.0,0.0,0.0,2.436874835076061,-88.97682537952679,-89.44888052219812,0.006008665180544881,0.0,0.0,0.0,0.0,0.0,2.436874835076061,-88.97682537952679,-89.44888052219812,0.006008665180544881,0.0,0.0,0.0,0.0,0.0,56.90277507657648,8397.17925782832,-99.7313670805024,0.00623923231438539,0.0,0.0,0.0,0.0,0.0,56.90277507657648,8397.17925782832,-99.7313670805024,0.00623923231438539,0.0,0.0,0.0,0.0,0.0,46.82860010474211,-90.19298245470776,-98.26349190470573,0.016952383316777286,-0.15037593984961184,0.0,-0.010625863351410025,0.0082625075286753,0.014376665597152005,2.436874835076061,-6858750.41474148,-126591.33269330801,0.0,864650.2565620041,19229179.219542697,0.044965531117586985,-0.15037593984961184,False,False,falling,falling,buy_advantage_accelerating,accelerating,neutral,True,True,False,🔴 1차 급등 완료·상승분 반납 / 신규매수 금지,S3,🔴 1차 급등 완료·반납,당일/5D 급등 후 상승분 상당 부분 반납,S3,False,,,2026-09-06T19:10:00Z,34054595745-1
KRW-KNC,카이버네트워크,163.0,160.2,153.3,172.73333333333332,0.16673614005835447,-4.500978473581198,7.255885758394441,-0.2640857433032845,-0.5036489324531681,,,14.406633849202352,,False,False,False,False,-80.90127287750637,3.821656050955413,11.0,A급,1.2422360248447228,0.6830547357022283,0.0,0.08336807002917723,-0.06824817965439056,False,False,False,False,2026-09-07T04:28:14.981476+09:00,1788722894,5999.99999985,0.0,,1,0.0,complete,1788722242713,1788722242713,652692.39413709,1324598.72141723,-0.33981153407032616,162.0,163.0,0.6172839506172867,0.6172839506172867,0.0,0.0,complete_hourly_ordered,/v1/candles/minutes/60,120,False,6.5359477124183,153.0,2026-09-02T19:00:00,163.0,2026-09-07T04:00:00,D0,0.0,0.0,False,False,,,-100.0,0.6830547357022283,1.2422360248447228,0.0,0.08336807002917723,-0.06824817965439056,-0.5405997285414834,,,-100.0,0.6830547357022283,1.2422360248447228,0.0,0.08336807002917723,-0.06824817965439056,-0.5405997285414834,,,-100.0,0.6830547357022283,1.2422360248447228,0.0,0.08336807002917723,-0.06824817965439056,-0.5405997285414834,,-99.92546583851119,,0.6974841307264228,1.2422360248447228,0.0,0.08336807002917723,-0.06824817965439056,-0.5405997285414834,,-99.92546583851119,,0.6974841307264228,1.2422360248447228,0.0,0.08336807002917723,-0.06824817965439056,-0.5405997285414834,,-99.92546583851119,,1.0697863798635723,1.2422360248447228,0.0,0.08336807002917723,-0.06824817965439056,-0.5405997285414834,,5999.99999985,-261376.20715401997,1.2422360248447228,5999.99999985,713638.779801775,0.008407614846150315,1.2422360248447228,False,True,rising,falling,buy_only,accelerating,neutral,False,False,False,pass,S1,⚡ 선행 시동,가격 미급등 상태에서 선행조건 5개 개선,S0,True,가격 미급등 상태에서 선행조건 5개 개선,2026-09-07T04:28:14.981476+09:00,2026-09-06T19:10:00Z,34054595745-1
KRW-ZKP,지케이패스,64.8,62.55333333333333,62.966,77.5375,0.6867689666273158,0.6553801522514907,19.32505776774679,-0.6808739227638698,-1.0444349914468103,0.962557281663994,,,,False,False,False,False,-83.9799513606441,7.82029950083194,6.0,관찰,-0.4608294930875556,0.0063230852114486424,0.0,-0.03219229531066237,0.023192064023994874,False,False,False,False,2026-09-07T04:28:14.981476+09:00,1788722894,8253.89369155,66429.217367136,0.12425095490637802,5,0.0,complete,1788722039491,1788722493697,1691569.44571882,1717068.18772619,-0.007480625619215286,66.4,67.3,1.3554216867469826,-2.4096385542168752,3.7147102526002973,277.7777777777791,complete_hourly_ordered,/v1/candles/minutes/60,120,False,15.025041736227053,59.9,2026-09-02T08:00:00,68.9,2026-09-05T19:00:00,D-2,5.950653120464455,45.55555555555565,True,False,-0.5415872345627761,1.422233538206319,443.5032382799864,0.0063230852114486424,-0.4608294930875556,0.0,-0.03219229531066237,0.023192064023994874,,-0.5415872345627761,1.422233538206319,443.5032382799864,0.0063230852114486424,-0.4608294930875556,0.0,-0.03219229531066237,0.023192064023994874,,-0.5415872345627761,1.422233538206319,443.5032382799864,0.0063230852114486424,-0.4608294930875556,0.0,-0.03219229531066237,0.023192064023994874,,0.05946808728548436,-96.06957443258605,-97.95072609768343,0.00690420445985751,0.3095975232198178,0.0,0.021461530207100843,-0.015462206888589236,,0.05946808728548436,-96.06957443258605,-97.95072609768343,0.00690420445985751,0.3095975232198178,0.0,0.021461530207100843,-0.015462206888589236,,-0.8690285056698075,-99.88008617335862,-99.04139214759574,0.02217616725498317,-0.3076923076923088,0.0,0.0,0.0,,-0.5415872345627761,115.7435013940003,54206.803094617004,-0.4608294930875556,74683.111058686,15793995.040217306,0.004728576327174688,-0.3076923076923088,False,False,rising,rising,sell_advantage_accelerating,accelerating,neutral,False,True,False,pass,S0,🌱 초발사 준비,발사 구조 관찰 또는 초기 준비,S0,False,,,2026-09-06T19:10:00Z,34054595745-1
KRW-AUCTION,바운스토큰,4677.0,4568.866666666667,4382.72,5250.983333333334,0.41170954697298257,-4.247286312305293,12.990265315385374,-0.7741619492550333,-0.9224932978605335,,,14.081690723946375,,False,False,False,False,-95.73002724270498,3.633946377132724,11.0,A급,0.08559811684143437,0.004626561226714898,0.0,0.005860634120602448,-0.004526103310281471,False,False,False,False,2026-09-07T04:28:14.981476+09:00,1788722894,0.0,0.0,,0,0.0,complete,,,14603.72513325,22737.44109515,-0.21782169073535426,4734.0,4783.0,1.0350654837346873,-1.2040557667934104,2.216182312356262,216.3265306122448,complete_hourly_ordered,/v1/candles/minutes/60,120,False,8.233701782088886,4433.0,2026-09-02T06:00:00,4798.0,2026-09-04T03:00:00,D-3,2.5218841183826557,33.15068493150699,True,True,,,-100.0,0.004626561226714898,0.08559811684143437,0.0,0.005860634120602448,-0.004526103310281471,-0.01874279967118575,,,-100.0,0.004626561226714898,0.08559811684143437,0.0,0.005860634120602448,-0.004526103310281471,-0.01874279967118575,,,-100.0,0.004626561226714898,0.08559811684143437,0.0,0.005860634120602448,-0.004526103310281471,-0.01874279967118575,,,,0.006305034839968471,-0.06410256410256387,0.0,-0.004395475590457387,0.003394539772434868,0.014032822409456358,,,,0.006305034839968471,-0.06410256410256387,0.0,-0.004395475590457387,0.003394539772434868,0.014032822409456358,,,,0.014016906205554847,-0.23464163822525252,0.0,-0.016116743831684488,0.012446487811981655,0.05135232429298142,,0.0,-47952.22529958,0.08559811684143437,0,2640479.9137325203,0.0,-0.23464163822525252,False,True,flat_or_na,falling,unavailable,accelerating,neutral,False,True,False,pass,S1,⚡ 선행 시동,가격 미급등 상태에서 선행조건 5개 개선,S0,True,가격 미급등 상태에서 선행조건 5개 개선,2026-09-07T04:28:14.981476+09:00,2026-09-06T19:10:00Z,34054595745-1
KRW-ORDER,오덜리,47.2,45.626666666666665,43.308,54.76083333333334,0.6026752903131039,-5.353899202610754,16.68010895865355,-0.7359854092006151,-1.0196838246734732,,,,,False,False,False,False,157.32954146072302,5.1224944320712895,10.0,A급,0.0,0.03933268262730394,0.0,0.0,0.0,False,False,False,False,2026-09-07T04:28:14.981476+09:00,1788722894,931974.319999632,0.0,,2,0.0,complete,1788722033733,1788722490549,1194147.27675354,1512223.13631682,-0.11752857555164634,47.2,47.4,0.4237288135593209,0.0,0.4219409282700332,100.0,complete_hourly_ordered,/v1/candles/minutes/60,120,False,14.446952595936802,44.3,2026-09-02T06:00:00,50.7,2026-09-02T19:00:00,D-4,6.903353057199213,54.687499999999936,False,True,,,,0.03933268262730394,0.0,0.0,0.0,0.0,,,,,0.03933268262730394,0.0,0.0,0.0,0.0,,,,,0.03933268262730394,0.0,0.0,0.0,0.0,,,,-100.0,0.03933268262730394,0.0,0.0,0.0,0.0,,,,-100.0,0.03933268262730394,0.0,0.0,0.0,0.0,,,-35.768761205945864,-100.0,0.15191782051508085,0.2123142250530785,0.0,0.029398794649404536,-0.021813093970827424,,,931974.319999632,0.0,0.0,931974.319999632,2505775.7191141346,0.3719304616492622,0.2123142250530785,False,True,rising,flat_or_na,buy_only,accelerating,neutral,False,True,False,pass,S1,⚡ 선행 시동,가격 미급등 상태에서 선행조건 3개 개선,S0,True,가격 미급등 상태에서 선행조건 3개 개선,2026-09-07T04:28:14.981476+09:00,2026-09-06T19:10:00Z,34054595745-1
KRW-FCT2,피르마체인,9.85,9.560666666666666,9.7488,12.2795,0.5680224403927125,1.929810164669837,22.141238106871892,-0.9470373038011768,-0.95322047359513,2.037734054322939,,,,False,False,False,False,46.55259555309088,3.3578174186778664,7.0,B급,0.8188331627430934,1.4714687564004052,0.0,0.05610098176720424,-0.039207918130493624,False,False,False,False,2026-09-07T04:28:14.981476+09:00,1788722894,51523.422900110905,35221.850380536,1.4628255569611794,13,0.0,complete,1788722980084,1788723107095,8415437.06024356,43836249.54442406,-0.6778884048695257,9.85,10.1,2.538071065989844,0.0,2.4752475247524752,100.0,complete_hourly_ordered,/v1/candles/minutes/60,120,False,8.994708994709,9.45,2026-09-02T07:00:00,10.3,2026-09-02T19:00:00,D-4,5.2427184466019465,63.52941176470587,False,True,,,,1.4714687564004052,0.8188331627430934,0.0,0.05610098176720424,-0.039207918130493624,,,,,1.4714687564004052,0.8188331627430934,0.0,0.05610098176720424,-0.039207918130493624,,,,,1.4714687564004052,0.8188331627430934,0.0,0.05610098176720424,-0.039207918130493624,,1.4628255569611794,,-74.60033029266091,1.4714687564004052,0.8188331627430934,0.0,0.05610098176720424,-0.039207918130493624,,1.4628255569611794,,-74.60033029266091,1.4714687564004052,0.8188331627430934,0.0,0.05610098176720424,-0.039207918130493624,,,345.8972124655169,,2.216854868455421,-0.4044489383215444,0.0,-0.028050490883591017,0.019602362629974834,,,51523.422900110905,35221.850380536,0.8188331627430934,86745.27328064691,499005.99031721056,0.1738361361664301,-0.4044489383215444,False,False,rising,rising,buy_advantage_weakening,accelerating,neutral,False,False,False,pass,S0,🌱 초발사 준비,발사 구조 관찰 또는 초기 준비,S0,False,,,2026-09-06T19:10:00Z,34054595745-1
KRW-MTL,메탈,334.0,323.73333333333335,303.86,351.675,0.26842865992153797,-6.5402926786458675,7.945309352858936,-0.6354410928875425,-0.8546659282753118,,,9.296391829837317,,False,False,False,False,-28.835685454367,2.7692307692307683,11.0,A급,-0.29850746268657025,0.004390916907670572,0.0,-0.020648358455499505,0.016775160166648817,False,False,False,False,2026-09-07T04:28:14.981476+09:00,1788722894,0.0,0.0,,0,0.0,complete,,,257317.79230434,302752.08650079,-0.08112254544625919,333.0,335.0,0.6006006006006093,0.30030030030030463,0.2985074626865672,50.0,complete_hourly_ordered,/v1/candles/minutes/60,120,False,7.028753993610226,313.0,2026-09-03T05:00:00,335.0,2026-09-06T10:00:00,D-1,0.29850746268657025,4.545454545454445,True,True,,-100.0,,0.004390916907670572,-0.29850746268657025,0.0,-0.020648358455499505,0.016775160166648817,0.05590172591224807,,-100.0,,0.004390916907670572,-0.29850746268657025,0.0,-0.020648358455499505,0.016775160166648817,0.05590172591224807,,-100.0,,0.004390916907670572,-0.29850746268657025,0.0,-0.020648358455499505,0.016775160166648817,0.05590172591224807,,-100.0,,0.03611339886735365,-0.29850746268657025,0.0,-0.020648358455499505,0.016775160166648817,0.05590172591224807,,-100.0,,0.03611339886735365,-0.29850746268657025,0.0,-0.020648358455499505,0.016775160166648817,0.05590172591224807,,-100.0,,0.12226946132758343,-0.29850746268657025,0.0,-0.020648358455499505,0.016775160166648817,0.05590172591224807,,-153158.4207863,0.0,-0.29850746268657025,0,643374.9999997,0.0,-0.29850746268657025,False,True,falling,flat_or_na,unavailable,accelerating,neutral,False,False,False,pass,S0,🌱 초발사 준비,발사 구조 관찰 또는 초기 준비,S0,False,,,2026-09-06T19:10:00Z,34054595745-1
KRW-VET,비체인,9.58,9.105333333333334,7.4374,7.846916666666667,1.3580705009276661,-22.42629592778839,-16.037084629844,-1.0678283432990852,-1.9566926442423749,,,,,False,False,False,False,-67.98515659760756,4.585152838427953,9.0,B급,0.20920502092049986,7.907556083353029e-05,0.0,0.014842300556594523,-0.01452752021261361,False,False,False,False,2026-09-07T04:28:14.981476+09:00,1788722894,0.0,0.0,,0,0.0,complete,,,6098291.03006262,4208179.92282528,0.18339071791666242,9.46,9.66,2.114164904862581,1.2684989429175397,0.828157349896481,40.00000000000042,complete_hourly_ordered,/v1/candles/minutes/60,120,False,9.152542372881367,8.85,2026-09-03T10:00:00,9.66,2026-09-06T12:00:00,D-1,0.8281573498964856,9.876543209876537,True,True,,,-100.0,7.907556083353029e-05,0.20920502092049986,0.0,0.014842300556594523,-0.01452752021261361,,,,-100.0,7.907556083353029e-05,0.20920502092049986,0.0,0.014842300556594523,-0.01452752021261361,,,,-100.0,7.907556083353029e-05,0.20920502092049986,0.0,0.014842300556594523,-0.01452752021261361,,,-100.0,-100.0,0.01324671096742236,0.10449320794148065,0.0,0.0,0.0,,,-100.0,-100.0,0.01324671096742236,0.10449320794148065,0.0,0.0,0.0,,,-100.0,-100.0,0.19091396451563014,-0.4158004158004047,0.0,-0.029684601113166842,0.029053189137179913,,,0.0,-759817.5804092903,0.20920502092049986,0,3686359.9322369914,0.0,-0.4158004158004047,False,False,flat_or_na,falling,unavailable,accelerating,neutral,False,False,False,pass,S0,🌱 초발사 준비,발사 구조 관찰 또는 초기 준비,S0,False,,,2026-09-06T19:10:00Z,34054595745-1
KRW-TAO,비트텐서,357200.0,322920.0,294620.0,328820.8333333333,1.1062870501794997,-9.605593646052542,1.7945436344513799,-0.2318820618495959,-0.7600040095229048,,,2.3612291671696717,,False,False,False,False,47.23809867110704,17.790200591910565,13.0,A급,1.4156285390713563,8.750424731189874,0.0,0.09184269850546212,-0.0782655286013827,False,False,False,True,2026-09-07T04:28:14.981476+09:00,1788722894,249849553.34064823,217863994.22811505,1.1468143427088857,416,0.0,complete,1788722003061,1788723116991,402.6903504,544.29590291,-0.14953284909368672,322300.0,365000.0,13.248526217809498,10.828420726031652,2.136986301369863,18.26697892271662,complete_hourly_ordered,/v1/candles/minutes/60,120,False,23.477672530446547,295600.0,2026-09-02T20:00:00,365000.0,2026-09-07T04:00:00,D0,2.1643835616438345,11.383285302593617,False,False,0.23239309939216124,605.8515308409244,462.81615113390257,8.750424731189874,1.1325028312570762,0.0,0.09184269850546212,-0.0782655286013827,-0.15480077715529106,0.23239309939216124,605.8515308409244,462.81615113390257,8.750424731189874,1.1325028312570762,0.0,0.09184269850546212,-0.0782655286013827,-0.15480077715529106,0.23239309939216124,605.8515308409244,462.81615113390257,8.750424731189874,1.1325028312570762,0.0,0.09184269850546212,-0.0782655286013827,-0.15480077715529106,-0.9523694185211142,193.37153133433972,437.00126659520924,14.07313826060956,3.4762456546929332,1.0,0.3089254404274877,-0.2633261901340478,-0.548083749797708,-0.9523694185211142,193.37153133433972,437.00126659520924,14.07313826060956,3.4762456546929332,1.0,0.3089254404274877,-0.2633261901340478,-0.548083749797708,-0.6940025793609448,1627.992593492236,2673.699184645884,16.495824201605732,5.213549337260681,0.0,0.4237288135593209,-0.36123426616274523,-0.7732753318340486,0.23239309939216124,214452654.35780025,179154374.08143204,1.1325028312570762,467713547.56876326,15271775.874716,30.62600914299111,5.213549337260681,False,False,rising,rising,buy_advantage_accelerating,accelerating,neutral,False,False,False,pass,S0,🌱 초발사 준비,발사 구조 관찰 또는 초기 준비,S0,False,,,2026-09-06T19:10:00Z,34054595745-1
KRW-QTUM,퀀텀,1188.0,1168.0666666666666,1032.24,1107.3416666666667,0.1887008234217724,-13.158438606008932,-5.483853974608852,-0.05270356642924323,-0.568240728184505,,,,,False,False,False,False,-25.864646045711183,4.028021015761829,7.0,B급,0.0,0.0,0.0,0.0,0.0,False,False,False,False,2026-09-07T04:28:14.981476+09:00,1788722894,0.0,0.0,,0,0.0,complete,,,23835.0274758,62185.98540236,-0.445832438416881,1189.0,1209.0,1.6820857863750982,-0.0841042893187538,1.7369727047146404,104.99999999999994,complete_hourly_ordered,/v1/candles/minutes/60,120,False,10.52158273381294,1112.0,2026-09-03T00:00:00,1229.0,2026-09-04T09:00:00,D-3,3.3360455655004118,35.04273504273496,False,True,,,,0.0,0.0,0.0,0.0,0.0,,,,,0.0,0.0,0.0,0.0,0.0,,,,,0.0,0.0,0.0,0.0,0.0,,,,-100.0,0.0,0.0,0.0,0.0,0.0,,,,-100.0,0.0,0.0,0.0,0.0,0.0,,,-100.0,-100.0,0.1546442619528392,-0.6688963210702337,0.0,-0.04574565416286536,0.041810301591580945,,,0.0,0.0,0.0,0,999872.2681047701,0.0,-0.6688963210702337,False,False,flat_or_na,flat_or_na,unavailable,flat_or_na,neutral,False,False,False,pass,S0,🌱 초발사 준비,발사 구조 관찰 또는 초기 준비,S0,False,,,2026-09-06T19:10:00Z,34054595745-1
KRW-LINK,체인링크,16820.0,15948.666666666666,13614.2,13042.333333333334,0.3607836556613675,-17.147292287954233,-22.283844915275886,0.27229286314860734,-0.3344259546077346,,,,,False,False,False,False,27.423022664005757,8.376288659793808,6.0,관찰,-0.35545023696682554,0.9936289309756319,0.0,-0.01678063514702899,0.017320490571599123,False,False,False,False,2026-09-07T04:28:14.981476+09:00,1788722894,9473488.195279801,80088377.09547922,0.11828792814699894,21,0.0,complete,1788722021802,1788722717183,16109.98922638,31960.97507896,-0.32974137468715564,16430.0,17000.0,3.46926354230066,2.37370663420573,1.0588235294117647,31.57894736842061,complete_hourly_ordered,/v1/candles/minutes/60,120,False,13.408939292861909,14990.0,2026-09-02T19:00:00,17000.0,2026-09-06T11:00:00,D-1,1.0588235294117676,8.955223880597105,False,False,-1.8798309650841702,-84.50145789117114,161.80126992084328,0.9936289309756319,-0.35545023696682554,0.0,-0.01678063514702899,0.017320490571599123,,-1.8798309650841702,-84.50145789117114,161.80126992084328,0.9936289309756319,-0.35545023696682554,0.0,-0.01678063514702899,0.017320490571599123,,-1.8798309650841702,-84.50145789117114,161.80126992084328,0.9936289309756319,-0.35545023696682554,0.0,-0.01678063514702899,0.017320490571599123,,-0.3194174776480951,76.96435108468968,554.8280481042036,1.2303534307298776,0.5980861244019087,0.0,0.041951587867594675,-0.04330510007057953,,-0.3194174776480951,76.96435108468968,554.8280481042036,1.2303534307298776,0.5980861244019087,0.0,0.041951587867594675,-0.04330510007057953,,-0.7686408753504592,-75.88213632699497,80.83694849934582,1.712777157403675,0.05948839976204212,0.0,0.004195158786757247,-0.004330260979273248,,-1.8798309650841702,-51651539.7509498,49497090.38411442,-0.35545023696682554,89561865.29075903,54618552.799472496,1.6397700177003594,0.05948839976204212,False,False,falling,rising,sell_advantage_accelerating,accelerating,neutral,False,False,False,pass,S0,🌱 초발사 준비,발사 구조 관찰 또는 초기 준비,S0,False,,,2026-09-06T19:10:00Z,34054595745-1
KRW-XRP,엑스알피(리플),1923.0,1947.9333333333334,1668.86,1745.25,-0.2696429790429389,-16.722393330377233,-11.613426920689495,0.02950005792862882,-0.4776373870385653,,,,,False,False,False,False,7.004203508815698,2.944325481798704,7.0,B급,-0.15576323987538387,0.09878540773931022,0.0,-0.006826404532722652,0.006573843281625358,False,False,False,False,2026-09-07T04:28:14.981476+09:00,1788722894,23047385.631628945,122056946.93493113,0.1888248576618549,272,0.0,complete,1788721999062,1788723135732,3457065.11728525,2830583.33837772,0.09963689657987944,1927.0,1954.0,1.4011416709911684,-0.20757654385054058,1.586489252814739,114.81481481481461,complete_hourly_ordered,/v1/candles/minutes/60,120,False,12.153163152053281,1802.0,2026-09-02T19:00:00,2021.0,2026-09-04T05:00:00,D-3,4.799604156358239,44.29223744292249,True,False,-2.107044585198246,-87.69042878168808,49.66868644721669,0.09878540773931022,-0.15576323987538387,0.0,-0.006826404532722652,0.006573843281625358,,-2.107044585198246,-87.69042878168808,49.66868644721669,0.09878540773931022,-0.15576323987538387,0.0,-0.006826404532722652,0.006573843281625358,,-2.107044585198246,-87.69042878168808,49.66868644721669,0.09878540773931022,-0.15576323987538387,0.0,-0.006826404532722652,0.006573843281625358,,-1.2039288920693039,-84.39544958937641,15.09764321488114,0.19093369188865061,0.10411244143675447,0.0,0.006826404532733754,-0.006573968839697741,,-1.2039288920693039,-84.39544958937641,15.09764321488114,0.19093369188865061,0.10411244143675447,0.0,0.006826404532733754,-0.006573968839697741,,-0.7958501628496384,-88.73361112086253,-41.24856314987058,0.36319670250235525,0.0,0.0,-0.006826404532722652,0.006573843281625358,,-2.107044585198246,-164184039.59740996,40505521.69543946,-0.15576323987538387,145104332.5665601,1936335919.3965993,0.07493758242721515,0.0,False,False,falling,rising,sell_advantage_accelerating,accelerating,neutral,False,False,False,pass,S0,🌱 초발사 준비,발사 구조 관찰 또는 초기 준비,S0,False,,,2026-09-06T19:10:00Z,34054595745-1
KRW-CHZ,칠리즈,18.9,19.073333333333334,19.008,31.977500000000003,-0.27884280237014947,-0.3437149270482693,40.35389466552003,-0.5013530879451678,-0.6616463651196568,,,,,False,False,False,False,6.998115103845937,2.1621621621621623,7.0,B급,0.0,0.6355254403112021,0.0,-0.03485535029625897,0.019293112385085465,False,False,False,False,2026-09-07T04:28:14.981476+09:00,1788722894,3013664.99999998,6872249.935776835,0.43852668749878887,16,0.0,complete,1788722317191,1788723141387,16917047.76646473,11380906.46559548,0.19563750988744866,18.8,19.2,2.127659574468077,0.5319148936170137,1.5625000000000038,75.00000000000027,complete_hourly_ordered,/v1/candles/minutes/60,120,False,7.2625698324022325,17.9,2026-09-04T21:00:00,19.2,2026-09-06T10:00:00,D-1,1.5625,23.076923076922984,False,False,0.26271387419501113,2770.047807707464,1050.6510179971262,0.6355254403112021,0.0,0.0,-0.03485535029625897,0.019293112385085465,,0.26271387419501113,2770.047807707464,1050.6510179971262,0.6355254403112021,0.0,0.0,-0.03485535029625897,0.019293112385085465,,0.26271387419501113,2770.047807707464,1050.6510179971262,0.6355254403112021,0.0,0.0,-0.03485535029625897,0.019293112385085465,,0.19395206059714573,97.7241357869188,10.274489827187661,0.8557120687866071,0.0,0.0,0.0,0.0,,0.19395206059714573,97.7241357869188,10.274489827187661,0.8557120687866071,0.0,0.0,0.0,0.0,,-1.562925660182371,-1.2464418197555727,350.71496557952156,1.4327274742667706,-1.0471204188481797,0.0,-0.06971070059252904,0.03858521926595415,,0.26271387419501113,2908661.00000016,6275001.088968446,0.0,9885914.935776815,4599909.612989247,2.1491541720430596,-1.0471204188481797,False,False,rising,rising,sell_advantage_weakening,accelerating,leading_buy_inflow,False,False,False,pass,S0,🌱 초발사 준비,발사 구조 관찰 또는 초기 준비,S0,False,,,2026-09-06T19:10:00Z,34054595745-1
KRW-ASTR,아스타,8.48,7.729333333333333,7.1815999999999995,8.478166666666667,0.9842348227506292,-7.626898369908286,8.832491301185403,-0.7341819734018478,-1.2095960266490584,,,7.302017455905537,,False,False,False,False,60.78922026994107,13.217623497997334,11.0,A급,0.0,0.1812579591198542,0.0,0.0,0.0,False,False,False,False,2026-09-07T04:28:14.981476+09:00,1788722894,299989.81037920323,0.0,,2,0.0,complete,1788722835211,1788722835212,8643147.0642857,5779694.64761202,0.19853593860851665,8.13,8.52,4.797047970479684,4.30504305043049,0.4694835680751074,10.256410256410161,complete_hourly_ordered,/v1/candles/minutes/60,120,False,15.760869565217384,7.36,2026-09-02T03:00:00,8.52,2026-09-07T01:00:00,D0,0.46948356807510194,3.4482758620689067,False,True,,,,0.1812579591198542,0.0,0.0,0.0,0.0,0.0,,,,0.1812579591198542,0.0,0.0,0.0,0.0,0.0,,,,0.1812579591198542,0.0,0.0,0.0,0.0,0.0,,-98.4046084670059,-100.0,1.6444407320392003,-0.23529411764705577,-1.0,-0.017420085358432758,0.01393419483588687,0.028277982635121823,,-98.4046084670059,-100.0,1.6444407320392003,-0.23529411764705577,-1.0,-0.017420085358432758,0.01393419483588687,0.028277982635121823,,-72.52404121576146,-100.0,7.996130253501207,0.35502958579882726,0.0,0.026130128037626932,-0.020902319495785804,-0.04266424082321585,,299989.81037920323,0.0,0.0,299989.81037920323,770570.4195111042,0.38930875463599374,0.35502958579882726,False,False,rising,flat_or_na,buy_only,accelerating,neutral,False,False,False,pass,S0,🌱 초발사 준비,발사 구조 관찰 또는 초기 준비,S0,False,,,2026-09-06T19:10:00Z,34054595745-1
KRW-ZK,지케이싱크,14.8,12.520000000000001,12.046,15.805833333333334,1.349163518618468,-3.934916154740179,20.788738335002897,-0.8554552479987347,-1.1034040547016832,,,,,False,False,False,False,-50.76559634410665,19.354838709677423,6.0,관찰,-1.3333333333333308,0.06967912963791179,0.0,-0.10793308148946412,0.07599649305023348,False,False,False,True,2026-09-07T04:28:14.981476+09:00,1788722894,9999.999999891,436912.885905932,0.022887857791504953,3,0.0,complete,1788722415661,1788723016463,21693980.69876315,31550447.16322243,-0.18511733265325225,13.8,15.7,13.768115942028981,7.246376811594213,5.732484076433112,47.36842105263149,complete_hourly_ordered,/v1/candles/minutes/60,120,False,34.1880341880342,11.7,2026-09-02T10:00:00,15.7,2026-09-07T01:00:00,D0,5.732484076433108,22.499999999999982,False,True,0.0017825010924735832,-98.07745503798593,-98.22718239676004,0.06967912963791179,-1.3333333333333308,0.0,-0.10793308148946412,0.07599649305023348,,0.0017825010924735832,-98.07745503798593,-98.22718239676004,0.06967912963791179,-1.3333333333333308,0.0,-0.10793308148946412,0.07599649305023348,,0.0017825010924735832,-98.07745503798593,-98.22718239676004,0.06967912963791179,-1.3333333333333308,0.0,-0.10793308148946412,0.07599649305023348,,-0.212864225103851,-99.41848941308385,-94.01025935498136,0.30221662659062076,-1.3333333333333308,0.0,-0.10793308148946412,0.07599649305023348,,-0.212864225103851,-99.41848941308385,-94.01025935498136,0.30221662659062076,-1.3333333333333308,0.0,-0.10793308148946412,0.07599649305023348,,-2.255205813253077,-99.99205494545686,-99.20920609365396,1.0904265220520912,-5.732484076433108,0.0,-0.48569886670262186,0.3418580651883971,,0.0017825010924735832,-510143.88206645905,-24208199.2286987,-1.3333333333333308,446912.885905823,10848013.597554833,0.04119767014364346,-5.732484076433108,False,False,falling,falling,sell_advantage_weakening,accelerating,neutral,False,True,False,pass,S0,🌱 초발사 준비,발사 구조 관찰 또는 초기 준비,S0,False,,,2026-09-06T19:10:00Z,34054595745-1
KRW-STORJ,스토리지,75.2,69.08,73.562,106.18416666666667,1.8378378378378413,6.092819662325657,34.943219720454245,-2.5261162680813705,-1.6728113306476218,2.411931603984824,,,,False,False,False,False,-78.07705116399792,-4.568527918781717,6.0,관찰,0.2666666666666595,0.017563098443559966,0.0,0.01965601965601138,-0.011535849751133753,False,False,False,False,2026-09-07T04:28:14.981476+09:00,1788722894,268320.581227344,1450177.828819564,0.18502598501713083,4,0.0,complete,1788722444924,1788723035538,1880296.62838551,4111553.19691401,-0.37238192437791356,78.0,78.0,0.0,-3.589743589743588,3.589743589743586,,complete_hourly_ordered,/v1/candles/minutes/60,120,False,30.75780089153046,67.3,2026-09-02T19:00:00,88.0,2026-09-03T09:00:00,D-4,14.54545454545454,61.835748792270515,False,True,0.15667554624105984,59.6623721971224,-75.53587779901461,0.017563098443559966,0.2666666666666595,0.0,0.01965601965601138,-0.011535849751133753,,0.15667554624105984,59.6623721971224,-75.53587779901461,0.017563098443559966,0.2666666666666595,0.0,0.01965601965601138,-0.011535849751133753,,0.15667554624105984,59.6623721971224,-75.53587779901461,0.017563098443559966,0.2666666666666595,0.0,0.01965601965601138,-0.011535849751133753,,0.1657535001493465,395.0944555796506,-48.43048449438439,0.03208391139185096,0.2666666666666595,0.0,0.009828009828027895,-0.005767879608555404,,0.1657535001493465,395.0944555796506,-48.43048449438439,0.03208391139185096,0.2666666666666595,0.0,0.009828009828027895,-0.005767879608555404,,-1.0360900841727954,-83.2192945700913,10.747628506920037,0.05134245416634542,0.0,0.0,0.0,0.0,,0.15667554624105984,100265.592731952,-4477595.981765607,0.2666666666666595,1718498.410046908,20324877.769987352,0.08455147575768066,0.0,False,False,rising,falling,sell_advantage_weakening,accelerating,leading_buy_inflow,True,True,False,🔴 1차 급등 완료·상승분 반납 / 신규매수 금지,S0,🌱 초발사 준비,발사 구조 관찰 또는 초기 준비,S3,True,발사 구조 관찰 또는 초기 준비,2026-09-07T04:28:14.981476+09:00,2026-09-06T19:10:00Z,34054595745-1
KRW-ENA,에테나,240.0,219.13333333333333,156.34,143.88333333333333,0.7046568627451011,-40.16459852458317,-52.29931657592958,-0.39345172943959383,-2.17413183791257,,,,,False,False,False,False,-18.892654707579283,8.597285067873294,6.0,관찰,0.8403361344537785,0.24198895948895682,0.0,0.06127450980393245,-0.07503483357555041,False,False,False,False,2026-09-07T04:28:14.981476+09:00,1788722894,8777317.65962634,138354525.0890236,0.06344077039748873,68,0.0,complete,1788722026250,1788723136031,7240169.5719458,6396288.57864581,0.061884177253415294,234.0,258.0,10.256410256410264,2.564102564102555,6.976744186046512,75.00000000000011,complete_hourly_ordered,/v1/candles/minutes/60,120,False,27.722772277227726,202.0,2026-09-03T07:00:00,258.0,2026-09-06T10:00:00,D-1,6.976744186046513,32.14285714285717,False,True,-1.6054922199742026,-59.69706277074855,960.2472373733933,0.24198895948895682,0.8403361344537785,0.0,0.06127450980393245,-0.07503483357555041,,-1.6054922199742026,-59.69706277074855,960.2472373733933,0.24198895948895682,0.8403361344537785,0.0,0.06127450980393245,-0.07503483357555041,,-1.6054922199742026,-59.69706277074855,960.2472373733933,0.24198895948895682,0.8403361344537785,0.0,0.06127450980393245,-0.07503483357555041,,-1.0480085321250419,-62.41547273791893,558.4613703356384,0.3645386921709992,1.6949152542372836,0.0,0.1225490196078427,-0.15008705443727877,,-1.0480085321250419,-62.41547273791893,558.4613703356384,0.3645386921709992,1.6949152542372836,0.0,0.1225490196078427,-0.15008705443727877,,-8.779648149635818,-94.07192469121536,726.3218865688863,0.6699120441445707,1.2658227848101333,0.0,0.06127450980393245,-0.07503483357555041,,-1.6054922199742026,-13001039.609222678,125305255.04972817,0.8403361344537785,147131842.74864992,237164372.40661556,0.6203791963170341,1.2658227848101333,False,False,falling,rising,sell_advantage_accelerating,accelerating,neutral,False,False,False,pass,S0,🌱 초발사 준비,발사 구조 관찰 또는 초기 준비,S0,False,,,2026-09-06T19:10:00Z,34054595745-1
KRW-MANA,디센트럴랜드,102.0,102.72,97.83200000000001,106.62666666666668,-0.064859255415739,-4.996320222422101,3.663873952732287,-0.2610692818964832,-0.45737350785092507,,,8.010682494374988,,False,False,False,False,-50.31453649271275,0.990099009900991,11.0,A급,0.0,0.0002658775970161287,0.0,0.0,0.0,False,False,False,False,2026-09-07T04:28:14.981476+09:00,1788722894,0.0,0.0,,0,0.0,complete,,,1231978.15724649,2870180.17333454,-0.39935124002296,104.0,104.0,0.0,-1.9230769230769273,1.9230769230769231,,complete_hourly_ordered,/v1/candles/minutes/60,120,False,5.740181268882183,99.3,2026-09-02T10:00:00,105.0,2026-09-04T08:00:00,D-3,2.857142857142858,52.6315789473683,False,False,,,-100.0,0.0002658775970161287,0.0,0.0,0.0,0.0,0.0,,,-100.0,0.0002658775970161287,0.0,0.0,0.0,0.0,0.0,,,-100.0,0.0002658775970161287,0.0,0.0,0.0,0.0,0.0,,,,0.006305868014166549,-0.9708737864077666,0.0,-0.064859255415739,0.05499006532820472,0.30550887420742967,,,,0.006305868014166549,-0.9708737864077666,0.0,-0.064859255415739,0.05499006532820472,0.30550887420742967,,-100.0,,0.040864716470721874,-1.9230769230769273,0.0,-0.1297185108314891,0.1099715365787346,0.5969548645425773,,0.0,-139566.50858760002,0.0,0,1749487.315194305,0.0,-1.9230769230769273,False,True,flat_or_na,falling,unavailable,accelerating,neutral,False,False,False,pass,S0,🌱 초발사 준비,발사 구조 관찰 또는 초기 준비,S0,False,,,2026-09-06T19:10:00Z,34054595745-1
KRW-OPEN,오픈렛저,174.0,194.6,235.58,259.525,-1.650943396226423,17.39536463197216,25.01685772083614,1.2404024209716709,1.0869869093199789,,,,,False,False,False,False,-8.864747482342938,0.5780346820809301,3.0,-,0.5780346820809301,0.31204668386498646,0.0,0.03369272237196963,-0.02328099857815147,False,False,False,False,2026-09-07T04:28:14.981476+09:00,1788722894,6300999.43270175,1076864.24561346,5.851247692890243,40,0.0,complete,1788721995291,1788723011146,1587600.69042271,2613093.58327447,-0.24412461989269868,173.0,175.0,1.1560693641618602,0.5780346820809301,0.5714285714285714,50.0,complete_hourly_ordered,/v1/candles/minutes/60,120,False,12.73885350318471,157.0,2026-09-03T06:00:00,177.0,2026-09-05T16:00:00,D-2,1.6949152542372836,14.999999999999995,False,False,-2.1031704020484874,720.2450493975682,1015.0736399588471,0.31204668386498646,0.5780346820809301,0.0,0.03369272237196963,-0.02328099857815147,,-2.1031704020484874,720.2450493975682,1015.0736399588471,0.31204668386498646,0.5780346820809301,0.0,0.03369272237196963,-0.02328099857815147,,-2.1031704020484874,720.2450493975682,1015.0736399588471,0.31204668386498646,0.5780346820809301,0.0,0.03369272237196963,-0.02328099857815147,,,602.2992331778185,,0.4186366401731192,1.1627906976744207,0.0,0.06738544474392816,-0.04656349235547097,,,602.2992331778185,,0.4186366401731192,1.1627906976744207,0.0,0.06738544474392816,-0.04656349235547097,,0.5989817244589384,182.011088517657,153.14211954167263,0.64504986386833,2.35294117647058,0.0,0.13477088948785632,-0.09313296608379673,,-2.1031704020484874,5532814.432703329,980290.87081346,0.5780346820809301,7377863.678315209,4702936.689325934,1.5687780137590304,2.35294117647058,False,False,rising,rising,buy_advantage_weakening,accelerating,neutral,False,False,False,pass,S0,🌱 초발사 준비,발사 구조 관찰 또는 초기 준비,S0,False,,,2026-09-06T19:10:00Z,34054595745-1
KRW-PYTH,피스네트워크,74.3,70.92666666666668,63.332,61.939166666666665,0.29223227752641634,-11.991831406977003,-14.5102049053507,-1.0331045654310254,-1.2618223713238275,,,,,False,False,False,False,120.63193822458106,3.194444444444433,7.0,B급,-0.40214477211796273,0.48056917060681315,0.0,-0.028280542986403034,0.027666748086677018,False,False,False,False,2026-09-07T04:28:14.981476+09:00,1788722894,4979829.516755828,0.0,,1,0.0,complete,1788722010534,1788722010534,1168774.2942639,774274.68795145,0.20303122048043523,75.7,78.0,3.038309114927351,-1.8494055482166538,4.743589743589747,160.86956521739145,complete_hourly_ordered,/v1/candles/minutes/60,120,False,17.50358680057389,69.7,2026-09-02T05:00:00,81.9,2026-09-03T13:00:00,D-4,9.279609279609291,62.295081967213164,False,True,,-38.962725481520486,-100.0,0.48056917060681315,-0.40214477211796273,0.0,-0.028280542986403034,0.027666748086677018,,,-38.962725481520486,-100.0,0.48056917060681315,-0.40214477211796273,0.0,-0.028280542986403034,0.027666748086677018,,,-38.962725481520486,-100.0,0.48056917060681315,-0.40214477211796273,0.0,-0.028280542986403034,0.027666748086677018,,,16.570593599285388,-100.0,1.5307030236748602,0.13477088948785632,0.0,0.00942684766216395,-0.009222745675764088,,,16.570593599285388,-100.0,1.5307030236748602,0.13477088948785632,0.0,0.00942684766216395,-0.009222745675764088,,,-19.232622111977182,-100.0,2.9202121248291917,0.26990553306343035,0.0,0.018853695324283493,-0.0184457395249229,,,-3178840.011072034,-1128277.223098576,-0.40214477211796273,4979829.516755828,9286946.750926439,0.5362181619334745,0.26990553306343035,False,False,falling,falling,buy_only,accelerating,neutral,True,True,False,🔴 1차 급등 완료·상승분 반납 / 신규매수 금지,S3,🔴 1차 급등 완료·반납,당일/5D 급등 후 상승분 상당 부분 반납,S0,True,당일/5D 급등 후 상승분 상당 부분 반납,2026-09-07T04:28:14.981476+09:00,2026-09-06T19:10:00Z,34054595745-1
KRW-ENS,이더리움네임서비스,8430.0,7986.0,6723.3,7294.708333333333,0.5624580255204847,-18.78095578064343,-9.47661832492732,-0.5262531397684181,-1.2059791509289508,,,,,False,False,False,False,30.555052761644852,6.907477820025343,9.0,B급,-0.5892751915144379,0.18512007446409484,0.0,-0.0335795836131636,0.0315521790108555,False,False,False,False,2026-09-07T04:28:14.981476+09:00,1788722894,7829748.268710949,11982093.346501999,0.653454120435202,44,0.0,complete,1788722021729,1788723149781,18043.83115533,15439.58332683,0.07777724789350703,8090.0,8605.0,6.365883807169337,4.202719406674915,2.033701336432307,33.98058252427164,complete_hourly_ordered,/v1/candles/minutes/60,120,False,20.433869839048292,7145.0,2026-09-03T04:00:00,8605.0,2026-09-07T01:00:00,D0,1.975595583962808,11.643835616438391,False,False,0.3664380019307854,-33.634480173090445,-70.85032704275935,0.18512007446409484,-0.6482027106658794,0.0,-0.0335795836131636,0.0315521790108555,,0.3664380019307854,-33.634480173090445,-70.85032704275935,0.18512007446409484,-0.6482027106658794,0.0,-0.0335795836131636,0.0315521790108555,,0.3664380019307854,-33.634480173090445,-70.85032704275935,0.18512007446409484,-0.6482027106658794,0.0,-0.0335795836131636,0.0315521790108555,,-3.7607149203969756,-33.053396520969,352.233164080737,0.7641541699478402,-0.1776198934280604,0.0,0.004197447951637123,-0.003944225128382328,,-3.7607149203969756,-33.053396520969,352.233164080737,0.7641541699478402,-0.1776198934280604,0.0,0.004197447951637123,-0.003944225128382328,,-1.179299350849697,-93.00812619560232,-80.38977705540917,2.4126014880485585,-1.1143695014662724,0.0,-0.0671591672263272,0.06310147471742766,,0.3664380019307854,-3968167.711050852,-29123319.273661546,-0.6482027106658794,19811841.615212947,40964221.3434209,0.48363769566426407,-1.1143695014662724,False,False,falling,falling,sell_advantage_weakening,accelerating,neutral,False,False,False,pass,S0,🌱 초발사 준비,발사 구조 관찰 또는 초기 준비,S0,False,,,2026-09-06T19:10:00Z,34054595745-1
KRW-GRT,더그래프,26.3,23.82,22.018,27.866666666666667,1.1608154020384953,-8.184212916704512,14.52153110047847,-0.9508540324030743,-1.0407506171099035,,,13.952940177738077,,False,False,False,False,881.0101445042834,16.371681415929196,13.0,A급,-0.37878787878786735,1.3436980705392898,0.0,-0.028312570781419133,0.021366631712576023,False,True,False,True,2026-09-07T04:28:14.981476+09:00,1788722894,2465124.9831349268,11335524.344609063,0.21746898583542704,27,0.0,complete,1788722186891,1788723067564,11083799.61664471,7866211.93463642,0.16979344172435415,24.9,29.1,16.867469879518083,5.622489959839361,9.621993127147768,66.66666666666667,complete_hourly_ordered,/v1/candles/minutes/60,120,False,32.87671232876714,21.9,2026-09-02T20:00:00,29.1,2026-09-06T16:00:00,D-1,9.965635738831624,40.27777777777779,True,True,-0.045559790223531044,1067.1993291358556,1311.7277908849644,1.3436980705392898,-0.37878787878786735,0.0,-0.028312570781419133,0.021366631712576023,0.0775026247361108,-0.045559790223531044,1067.1993291358556,1311.7277908849644,1.3436980705392898,-0.37878787878786735,0.0,-0.028312570781419133,0.021366631712576023,0.0775026247361108,-0.045559790223531044,1067.1993291358556,1311.7277908849644,1.3436980705392898,-0.37878787878786735,0.0,-0.028312570781419133,0.021366631712576023,0.0775026247361108,-0.08502569311164562,255.22518415279634,394.1105860287228,2.126918541045029,-0.37878787878786735,0.0,-0.028312570781419133,0.021366631712576023,0.0775026247361108,-0.08502569311164562,255.22518415279634,394.1105860287228,2.126918541045029,-0.37878787878786735,0.0,-0.028312570781419133,0.021366631712576023,0.0775026247361108,-2.1702633372713747,-67.74744917572178,254.12156731191473,5.906577527875129,-1.1278195488721776,0.0,-0.0849377123442796,0.06409606175586191,0.23060812679285903,-0.045559790223531044,2253924.9831349268,10532570.37445996,-0.37878787878786735,13800649.32774399,2146819.1950838855,6.4284171481915315,-1.1278195488721776,False,True,rising,rising,sell_advantage_accelerating,accelerating,neutral,True,True,False,🔴 1차 급등 완료·상승분 반납 / 신규매수 금지,S3,🔴 1차 급등 완료·반납,당일/5D 급등 후 상승분 상당 부분 반납,S0,True,당일/5D 급등 후 상승분 상당 부분 반납,2026-09-07T04:28:14.981476+09:00,2026-09-06T19:10:00Z,34054595745-1
KRW-PUMP,펌프펀,5.25,6.212666666666666,4.3444,3.2075,-1.6464379947229602,-43.00402050148849,-93.6918680176669,1.9951152250207713,1.0790617715146567,,,,,False,False,False,False,-0.5397608557674016,-13.366336633663355,2.0,-,0.0,0.13802962140907482,0.0,0.0,0.0,False,False,False,False,2026-09-07T04:28:14.981476+09:00,1788722894,3149296.9209911614,13370809.73379507,0.23553524309236348,27,0.0,complete,1788722145134,1788723151241,48126986.23087501,46202454.65633386,0.020402236634078464,5.25,5.63,7.2380952380952435,0.0,6.749555950266428,100.0,complete_hourly_ordered,/v1/candles/minutes/60,120,False,12.862318840579734,5.52,2026-09-03T07:00:00,6.23,2026-09-04T02:00:00,D-3,16.21187800963083,142.25352112676052,False,False,0.15127284393432167,640.5977276190105,164.94778667029587,0.13802962140907482,0.0,0.0,0.0,0.0,,0.15127284393432167,640.5977276190105,164.94778667029587,0.13802962140907482,0.0,0.0,0.0,0.0,,0.15127284393432167,640.5977276190105,164.94778667029587,0.13802962140907482,0.0,0.0,0.0,0.0,,-0.7123297505766742,-74.72988461140882,1.6945806001099184,0.21729098068321573,0.9615384615384581,0.0,0.052770448548800086,-0.07877200623390479,,-0.7123297505766742,-74.72988461140882,1.6945806001099184,0.21729098068321573,0.9615384615384581,0.0,0.052770448548800086,-0.07877200623390479,,-0.09938219392839112,-92.20525168577241,-88.9163205754341,2.1281175280120523,-0.5681818181818232,0.0,-0.05277044854881119,0.07875154331500767,,0.15127284393432167,2724059.7370862076,8324226.819541907,0.0,16520106.654786231,41734639.08076283,0.3958368160993876,-0.5681818181818232,False,False,rising,rising,sell_advantage_weakening,accelerating,leading_buy_inflow,False,False,False,pass,S0,🌱 초발사 준비,발사 구조 관찰 또는 초기 준비,S0,False,,,2026-09-06T19:10:00Z,34054595745-1
KRW-XTZ,테조스,326.0,310.46666666666664,302.38,362.64166666666665,0.15053763440859846,-2.6743391317767857,14.387480754647614,-0.17917269934655797,-0.5691513471702704,,,,,False,False,False,False,33.59966243526367,10.135135135135132,9.0,B급,0.3076923076922977,4.868766132435699,0.0,0.043010752688177334,-0.032834079317691334,False,False,False,False,2026-09-07T04:28:14.981476+09:00,1788722894,33064.59068154,9581839.727101639,0.0034507559741391684,7,0.0,complete,1788722179632,1788723105614,178028.04123553,200012.8024411,-0.058154460221169706,326.0,329.0,0.9202453987730008,0.0,0.911854103343465,100.0,complete_hourly_ordered,/v1/candles/minutes/60,120,False,13.793103448275868,290.0,2026-09-02T10:00:00,330.0,2026-09-04T20:00:00,D-3,2.1212121212121238,17.500000000000107,True,False,-0.05030219964147625,200.8730173805115,4586.745185806835,4.868766132435699,0.3076923076922977,0.0,0.043010752688177334,-0.032834079317691334,,-0.05030219964147625,200.8730173805115,4586.745185806835,4.868766132435699,0.3076923076922977,0.0,0.043010752688177334,-0.032834079317691334,,-0.05030219964147625,200.8730173805115,4586.745185806835,4.868766132435699,0.3076923076922977,0.0,0.043010752688177334,-0.032834079317691334,,-1.011446083644722,-99.73518897393784,-22.116812819903164,6.4029745619997875,0.0,0.0,0.0,0.0,,-1.011446083644722,-99.73518897393784,-22.116812819903164,6.4029745619997875,0.0,0.0,0.0,0.0,,-4.3816313522672505,-99.51260695028061,519.3595136899936,9.332028527999924,0.3076923076922977,0.0,0.021505376344088667,-0.016416662394396653,,-0.05030219964147625,22075.040681540002,9377394.22500524,0.3076923076922977,9614904.317783179,1288340.20650456,7.463016576863424,0.3076923076922977,False,False,rising,rising,sell_advantage_accelerating,accelerating,neutral,False,False,False,pass,S0,🌱 초발사 준비,발사 구조 관찰 또는 초기 준비,S0,False,,,2026-09-06T19:10:00Z,34054595745-1
KRW-CKB,너보스,1.51,1.412,1.2784,1.5349166666666667,0.8091385054735944,-10.450563204005002,8.00803518106304,-0.7934187248328131,-1.2739165485969655,,,6.286153665153915,,False,False,False,False,-19.192875998258398,7.092198581560294,11.0,A급,0.0,0.0,0.0,0.0,0.0,False,False,False,False,2026-09-07T04:28:14.981476+09:00,1788722894,8021705.11900257,0.0,,15,0.0,complete,1788722877643,1788722894357,54592728.38802934,146259205.81570777,-0.45638832302553384,1.51,1.54,1.9867549668874274,0.0,1.9480519480519498,100.0,complete_hourly_ordered,/v1/candles/minutes/60,120,False,13.235294117647056,1.36,2026-09-03T08:00:00,1.54,2026-09-06T00:00:00,D-1,1.2987012987012991,11.111111111111075,True,True,,,,0.0,0.0,0.0,0.0,0.0,0.0,,,,0.0,0.0,0.0,0.0,0.0,0.0,,,,0.0,0.0,0.0,0.0,0.0,0.0,,,,0.11320653028794325,0.6666666666666599,0.0,0.04759638267493038,-0.03844109214797342,-0.06852667290756731,,,,0.11320653028794325,0.6666666666666599,0.0,0.04759638267493038,-0.03844109214797342,-0.06852667290756731,,3646.8145389423903,,0.17591237994650655,0.6666666666666599,0.0,0.04759638267493038,-0.03844109214797342,-0.06852667290756731,,8021705.11900257,0.0,0.0,8021705.11900257,2007600.0,3.995669017235789,0.6666666666666599,False,True,rising,flat_or_na,buy_only,flat_or_na,neutral,False,False,False,pass,S0,🌱 초발사 준비,발사 구조 관찰 또는 초기 준비,S1,True,발사 구조 관찰 또는 초기 준비,2026-09-07T04:28:14.981476+09:00,2026-09-06T19:10:00Z,34054595745-1
KRW-KAVA,카바,72.2,65.4,62.058,69.31583333333333,1.1235955056179803,-5.385284733636285,5.649262434027808,-0.9340587775533162,-1.2211987746859676,,,4.625997463419107,,False,False,False,False,-51.84814987207799,11.591962905718711,13.0,A급,0.2777777777777768,0.00015101955076346485,0.0,0.02061643129573909,-0.016967413165538403,False,False,False,True,2026-09-07T04:28:14.981476+09:00,1788722894,0.0,0.0,,0,0.0,complete,,,490182.49896808,907370.02908016,-0.29851295156304836,69.9,74.4,6.4377682403433445,3.290414878397696,2.9569892473118315,48.8888888888891,complete_hourly_ordered,/v1/candles/minutes/60,120,False,15.887850467289732,64.2,2026-09-02T06:00:00,74.4,2026-09-06T22:00:00,D-1,2.9569892473118364,21.568627450980447,True,True,,,,0.00015101955076346485,0.2777777777777768,0.0,0.02061643129573909,-0.016967413165538403,-0.026823380906308536,,,,0.00015101955076346485,0.2777777777777768,0.0,0.02061643129573909,-0.016967413165538403,-0.026823380906308536,,,,0.00015101955076346485,0.2777777777777768,0.0,0.02061643129573909,-0.016967413165538403,-0.026823380906308536,,-100.0,-100.0,0.003918485474748934,0.1386962552011317,0.0,0.010308215647869545,-0.008483604588173321,-0.013392868998304941,,-100.0,-100.0,0.003918485474748934,0.1386962552011317,0.0,0.010308215647869545,-0.008483604588173321,-0.013392868998304941,,-100.0,,0.24786254470726732,0.0,0.0,0.0,0.0,0.0,,0.0,0.0,0.2777777777777768,0,1143324.33783029,0.0,0.0,False,False,flat_or_na,flat_or_na,unavailable,accelerating,neutral,False,False,False,pass,S0,🌱 초발사 준비,발사 구조 관찰 또는 초기 준비,S0,False,,,2026-09-06T19:10:00Z,34054595745-1
KRW-TOSHI,토시,0.172,0.17146666666666668,0.15724,0.18395833333333333,0.07782101167317368,-9.04774018485544,6.790486976217432,-0.11463001437009712,-0.5703823963873174,,,11.905148229024869,,False,False,False,False,128.15029718905288,4.242424242424225,13.0,A급,0.0,2.4466200210274565,0.0,0.03891050583657574,-0.03201913957489122,False,False,False,False,2026-09-07T04:28:14.981476+09:00,1788722894,56179894.28788624,1969180.7980213526,28.529576534737803,34,0.0,complete,1788722135847,1788723132353,585704527.1495562,817922855.9478221,-0.16544157772544363,0.165,0.173,4.848484848484835,4.242424242424225,0.5780346820809255,12.500000000000114,complete_hourly_ordered,/v1/candles/minutes/60,120,False,10.126582278481,0.158,2026-09-03T13:00:00,0.174,2026-09-07T04:00:00,D0,0.0,0.0,False,False,28.302413695026914,1679.5404825717892,-85.8306530098937,2.4466200210274565,0.0,0.0,0.03891050583657574,-0.03201913957489122,-0.19195349998691214,28.302413695026914,1679.5404825717892,-85.8306530098937,2.4466200210274565,0.0,0.0,0.03891050583657574,-0.03201913957489122,-0.19195349998691214,28.302413695026914,1679.5404825717892,-85.8306530098937,2.4466200210274565,0.0,0.0,0.03891050583657574,-0.03201913957489122,-0.19195349998691214,21.492555764093325,78.91662206284278,-55.86895640961382,8.097614708565501,1.1764705882352677,0.0,0.07782101167317368,-0.06404118035395978,-0.3883342248252024,21.492555764093325,78.91662206284278,-55.86895640961382,8.097614708565501,1.1764705882352677,0.0,0.07782101167317368,-0.06404118035395978,-0.3883342248252024,28.140329728083554,5456.858429208906,-24.184314619403768,16.542169186469664,2.9940119760478945,0.0,0.1945525291828898,-0.1601247138595996,-1.0056262822212378,28.302413695026914,53022905.4563259,-11928289.561031366,0.0,58149075.08590759,1427622.27719408,40.73141475502658,2.9940119760478945,False,True,rising,falling,buy_advantage_accelerating,accelerating,leading_buy_inflow,False,False,False,pass,S2,🚀 발사 진행,가격 상승 초입과 실제 매수수급·구조 동반,S0,True,가격 상승 초입과 실제 매수수급·구조 동반,2026-09-07T04:28:14.981476+09:00,2026-09-06T19:10:00Z,34054595745-1
KRW-BARD,롬바드,174.0,169.0,165.2,219.30833333333334,0.3562945368170922,-2.3002421307506125,22.93954478094008,-0.6586563260108338,-1.0351026635627079,,,,,False,False,False,False,-55.30454835567624,0.5813953488372103,7.0,B급,0.5813953488372103,0.2989417740290534,0.0,0.039588281868563335,-0.02747148292981194,False,False,False,False,2026-09-07T04:28:14.981476+09:00,1788722894,97266.0,6000.00000089,16.21099999759537,2,0.0,complete,1788722361025,1788722840271,1144897.80599053,1385314.96281775,-0.09501855329757722,176.0,178.0,1.1363636363636465,-1.1363636363636354,2.247191011235955,199.99999999999903,complete_hourly_ordered,/v1/candles/minutes/60,120,False,10.559006211180133,161.0,2026-09-04T21:00:00,178.0,2026-09-06T17:00:00,D-1,2.2471910112359605,23.529411764705905,True,True,,,,0.2989417740290534,1.1627906976744207,0.0,0.039588281868563335,-0.02747148292981194,,,,,0.2989417740290534,1.1627906976744207,0.0,0.039588281868563335,-0.02747148292981194,,,,,0.2989417740290534,1.1627906976744207,0.0,0.039588281868563335,-0.02747148292981194,,,,,0.2989417740290534,1.1627906976744207,0.0,0.039588281868563335,-0.02747148292981194,,,,,0.2989417740290534,1.1627906976744207,0.0,0.039588281868563335,-0.02747148292981194,,15.398810554177334,-70.14259874324154,-98.50411041192815,0.31244474903771646,0.5780346820809301,0.0,0.0,0.0,,,97266.0,6000.00000089,1.1627906976744207,103266.00000089,4358931.7636503205,0.02369066679640139,0.5780346820809301,False,False,rising,rising,buy_advantage_weakening,accelerating,neutral,False,True,False,pass,S0,🌱 초발사 준비,발사 구조 관찰 또는 초기 준비,S0,False,,,2026-09-06T19:10:00Z,34054595745-1
KRW-ZRO,레이어제로,1489.0,1509.8,1270.24,1437.0833333333333,-0.4221079013322804,-18.859428139564173,-5.060017396346769,-0.2034660174049197,-1.065538424463133,,,,,False,False,False,False,23.635799725728113,4.785362420830408,8.0,B급,0.13449899125757003,0.28174409356685004,0.0,0.008793914611082698,-0.008059704752771957,False,False,False,False,2026-09-07T04:28:14.981476+09:00,1788722894,674807.57370728,13214003.114362488,0.051067611220238174,20,0.0,complete,1788722195093,1788722808794,180805.56490761,83644.97823083,0.3674055100197559,1445.0,1531.0,5.951557093425608,3.04498269896194,2.7433050293925536,48.83720930232556,complete_hourly_ordered,/v1/candles/minutes/60,120,False,15.947329919531828,1367.0,2026-09-02T22:00:00,1585.0,2026-09-04T12:00:00,D-3,6.056782334384858,44.03669724770651,True,False,-433088.37805522763,-90.61883098231378,79558658.59718004,0.28174409356685004,0.13449899125757003,0.0,0.008793914611082698,-0.008059704752771957,,-433088.37805522763,-90.61883098231378,79558658.59718004,0.28174409356685004,0.13449899125757003,0.0,0.008793914611082698,-0.008059704752771957,,-433088.37805522763,-90.61883098231378,79558658.59718004,0.28174409356685004,0.13449899125757003,0.0,0.008793914611082698,-0.008059704752771957,,-0.09983841729818044,-66.6870096793792,-1.5593064324664008,0.6161223720726241,0.4045853000674393,0.0,-0.0087939146110938,0.00805951780906522,,-0.09983841729818044,-66.6870096793792,-1.5593064324664008,0.6161223720726241,0.4045853000674393,0.0,-0.0087939146110938,0.00805951780906522,,-2.3222260687945733,-97.85087157985323,-0.12235201138230956,2.0498806062136268,-0.8655126498002708,0.0,-0.05716044497208195,0.05238352443045091,,-433088.37805522763,-6518406.53889502,13213986.505250748,0.13449899125757003,13888810.688069768,15448972.669770656,0.8990119268737079,-0.8655126498002708,False,False,falling,rising,sell_advantage_accelerating,accelerating,neutral,False,True,False,pass,S0,🌱 초발사 준비,발사 구조 관찰 또는 초기 준비,S0,False,,,2026-09-06T19:10:00Z,34054595745-1
KRW-RAY,레이디움,1824.0,1161.6,984.44,1000.0083333333333,4.818624796968041,-17.996018040713484,-16.15903200806659,-1.5352602244264706,-2.1253205626022793,,,,,False,False,False,False,7019.7778218721505,60.58201058201058,8.0,B급,-3.3952254641909763,143.54787224697338,0.0,-0.4571978583890024,0.43282155256534693,False,True,False,False,2026-09-07T04:28:14.981476+09:00,1788722894,290648461.11308175,484852997.6255843,0.5994568715392945,1093,0.0,complete,1788721996902,1788723164664,168903.72563754,65722.86251584,0.4397662853719232,1239.0,1959.0,58.11138014527846,47.21549636803874,6.891271056661561,18.75000000000001,complete_hourly_ordered,/v1/candles/minutes/60,120,False,81.22109158186863,1081.0,2026-09-02T20:00:00,1959.0,2026-09-07T02:00:00,D0,7.605921388463499,16.970387243735743,False,True,-0.6730324880032719,-30.33716559884736,47.8758852215974,143.54787224697338,-3.2360742705570322,0.0,-0.4571978583890024,0.43282155256534693,,-0.6730324880032719,-30.33716559884736,47.8758852215974,143.54787224697338,-3.2360742705570322,0.0,-0.4571978583890024,0.43282155256534693,,-0.6730324880032719,-30.33716559884736,47.8758852215974,143.54787224697338,-3.2360742705570322,0.0,-0.4571978583890024,0.43282155256534693,,-0.3751397276279521,-49.2099846214677,-17.425625412444678,298.7499165264735,-4.3523859465128485,0.0,-0.4993081874511418,0.47265914146207777,,-0.3751397276279521,-49.2099846214677,-17.425625412444678,298.7499165264735,-4.3523859465128485,0.0,-0.4993081874511418,0.47265914146207777,,-0.1694731701464569,10.606782539526026,41.876558509463365,577.6429730786786,0.6622516556291425,0.0,0.024063045178368547,-0.022795268814782332,,-0.6730324880032719,-126573237.67595387,156974657.69273156,-3.2360742705570322,775501458.738666,1902909.9612036801,407.53449955568306,0.6622516556291425,False,True,falling,rising,sell_advantage_accelerating,accelerating,neutral,False,False,False,pass,S0,🌱 초발사 준비,발사 구조 관찰 또는 초기 준비,S0,False,,,2026-09-06T19:10:00Z,34054595745-1
KRW-ONDO,온도파이낸스,516.0,499.8666666666667,515.94,525.9666666666667,0.2406417112299497,3.115349330025464,4.962291653463468,-0.06163131354029674,-0.041641459327515395,,,,,False,False,False,False,-0.3848555470963855,9.322033898305083,7.0,B급,-0.19342359767892114,0.1405692836336847,0.0,-0.013368983957207092,0.011169134966070082,False,False,False,False,2026-09-07T04:28:14.981476+09:00,1788722894,11681625.055192027,7374198.192715812,1.584121385119682,40,0.0,complete,1788722069693,1788723151486,3942817.08166662,4375947.03453235,-0.052066622735738345,505.0,520.0,2.970297029702973,2.17821782178218,0.7692307692307693,26.666666666666668,complete_hourly_ordered,/v1/candles/minutes/60,120,False,12.311015118790491,463.0,2026-09-02T10:00:00,520.0,2026-09-06T21:00:00,D-1,1.1538461538461497,10.52631578947357,False,True,-3.758571661255482,-59.20811465296714,37.57690808249519,0.1405692836336847,-0.19342359767892114,0.0,-0.013368983957207092,0.011169134966070082,,-3.758571661255482,-59.20811465296714,37.57690808249519,0.1405692836336847,-0.19342359767892114,0.0,-0.013368983957207092,0.011169134966070082,,-3.758571661255482,-59.20811465296714,37.57690808249519,0.1405692836336847,-0.19342359767892114,0.0,-0.013368983957207092,0.011169134966070082,,-5.334959065429169,-73.6843232133471,14.940866595103742,0.302402952540648,0.5847953216374213,0.0,0.040106951871665686,-0.033509528543414824,,-5.334959065429169,-73.6843232133471,14.940866595103742,0.302402952540648,0.5847953216374213,0.0,0.040106951871665686,-0.033509528543414824,,0.24710176563554342,-85.13283567528809,-87.45191462286036,0.6753525441798081,0.3891050583657574,0.0,0.02673796791443639,-0.022339331737918577,,-3.758571661255482,-16955504.50087476,2014143.0094040716,-0.19342359767892114,19055823.24790784,187945470.86586958,0.10139017003238852,0.3891050583657574,False,False,falling,rising,buy_advantage_weakening,accelerating,neutral,False,False,False,pass,S0,🌱 초발사 준비,발사 구조 관찰 또는 초기 준비,S0,False,,,2026-09-06T19:10:00Z,34054595745-1
KRW-ZRX,제로엑스,145.0,136.86666666666667,122.44,132.65833333333333,0.48947626040138914,-11.782641838179252,-3.17230981845594,-0.7588507563690344,-1.1444479494248851,,,,,False,False,False,False,55.81887976129416,9.022556390977442,9.0,B급,0.694444444444442,0.19356881803656023,0.0,0.04894762604013003,-0.04377608306204239,False,False,False,False,2026-09-07T04:28:14.981476+09:00,1788722894,0.0,0.0,,0,0.0,complete,,,864373.07847941,2113617.99042693,-0.4194924978086996,144.0,146.0,1.388888888888884,0.694444444444442,0.684931506849315,50.0,complete_hourly_ordered,/v1/candles/minutes/60,120,False,11.45038167938932,131.0,2026-09-02T08:00:00,146.0,2026-09-06T10:00:00,D-1,0.6849315068493178,6.666666666666762,False,True,,,,0.19356881803656023,0.694444444444442,0.0,0.04894762604013003,-0.04377608306204239,,,,,0.19356881803656023,0.694444444444442,0.0,0.04894762604013003,-0.04377608306204239,,,,,0.19356881803656023,0.694444444444442,0.0,0.04894762604013003,-0.04377608306204239,,,,,0.19356881803656023,0.694444444444442,0.0,0.04894762604013003,-0.04377608306204239,,,,,0.19356881803656023,0.694444444444442,0.0,0.04894762604013003,-0.04377608306204239,,,-100.0,,0.5381859592909848,0.694444444444442,0.0,0.04894762604013003,-0.04377608306204239,,,0.0,0.0,0.694444444444442,0,1547338.897677965,0.0,0.694444444444442,False,False,flat_or_na,flat_or_na,unavailable,accelerating,neutral,False,False,False,pass,S0,🌱 초발사 준비,발사 구조 관찰 또는 초기 준비,S0,False,,,2026-09-06T19:10:00Z,34054595745-1
KRW-GMT,스테픈,10.2,9.978666666666667,9.6944,11.884333333333334,0.13379716350014892,-2.932277053419163,16.035116259501304,-0.5786433763261378,-0.7437998256880022,,,,,False,False,False,False,26.717278072222328,0.990099009900991,8.0,B급,0.0,0.145302383159283,0.0,0.0,0.0,False,False,False,False,2026-09-07T04:28:14.981476+09:00,1788722894,0.0,82586.55596674199,0.0,3,0.0,complete,1788722221718,1788723171887,10017191.72342701,40443778.4410403,-0.6029726859876849,10.2,10.3,0.9803921568627638,0.0,0.9708737864077808,100.0,complete_hourly_ordered,/v1/candles/minutes/60,120,False,9.756097560975618,9.84,2026-09-03T07:00:00,10.8,2026-09-03T14:00:00,D-4,5.55555555555557,62.5,False,True,-0.04067640746012808,-100.0,-98.23061163172858,0.145302383159283,0.0,0.0,0.0,0.0,,-0.04067640746012808,-100.0,-98.23061163172858,0.145302383159283,0.0,0.0,0.0,0.0,,-0.04067640746012808,-100.0,-98.23061163172858,0.145302383159283,0.0,0.0,0.0,0.0,,0.0,,-92.45890859344944,0.432783985540965,0.0,0.0,0.0,0.0,,0.0,,-92.45890859344944,0.432783985540965,0.0,0.0,0.0,0.0,,0.0,,-96.41336226852279,0.49241265395188094,0.0,0.0,0.0,0.0,,-0.04067640746012808,-189857.945348297,-4584933.444033258,0.0,82586.55596674199,2438673.69792713,0.033865357237805316,0.0,False,False,falling,falling,sell_only,accelerating,neutral,False,False,False,pass,S0,🌱 초발사 준비,발사 구조 관찰 또는 초기 준비,S0,False,,,2026-09-06T19:10:00Z,34054595745-1
KRW-TFUEL,쎄타퓨엘,13.0,12.553333333333335,11.345999999999998,12.625,0.6413682522715236,-10.641048240202155,0.5676567656765579,-0.6425319675396108,-1.0457030355077157,,,0.5428470095249804,,False,False,False,False,-71.19470129285145,7.438016528925617,12.0,A급,0.0,0.041502405606877346,0.0,0.0,0.0,False,False,False,False,2026-09-07T04:28:14.981476+09:00,1788722894,10069.62406008,0.0,,1,0.0,complete,1788722169540,1788722169540,4951597.51703625,25420378.21443392,-0.6739364234440889,13.0,13.1,0.7692307692307665,0.0,0.7633587786259515,100.0,complete_hourly_ordered,/v1/candles/minutes/60,120,False,10.084033613445364,11.9,2026-09-02T05:00:00,13.1,2026-09-06T09:00:00,D-1,0.7633587786259555,8.333333333333316,True,False,,,,0.041502405606877346,0.0,0.0,0.0,0.0,0.0,,,,0.041502405606877346,0.0,0.0,0.0,0.0,0.0,,,,0.041502405606877346,0.0,0.0,0.0,0.0,0.0,,,,0.05334677896243534,0.0,0.0,0.0,0.0,0.0,,,,0.05334677896243534,0.0,0.0,0.0,0.0,0.0,,0.0,-100.0,0.1316152589723032,0.0,0.0,0.0,0.0,0.0,,10069.62406008,0.0,0.0,10069.62406008,554044.292190142,0.018174763646196385,0.0,False,True,rising,flat_or_na,buy_only,accelerating,neutral,False,False,False,pass,S0,🌱 초발사 준비,발사 구조 관찰 또는 초기 준비,S0,False,,,2026-09-06T19:10:00Z,34054595745-1
KRW-CFG,센트리퓨즈,144.0,166.0,214.02,289.7916666666667,-1.6975917883932157,22.437155406036823,42.71746944644141,0.6422043114750917,0.6427560438016698,,,,,False,False,False,False,-21.33027692054864,-6.493506493506496,2.0,-,0.0,0.09117416541799628,0.0,0.0,0.0,False,False,False,False,2026-09-07T04:28:14.981476+09:00,1788722894,0.0,0.0,,0,0.0,complete,,,2055992.89209427,1746439.31270224,0.08140936188199473,142.0,149.0,4.929577464788726,1.4084507042253502,3.3557046979865772,71.42857142857143,complete_hourly_ordered,/v1/candles/minutes/60,120,False,11.194029850746269,134.0,2026-09-04T21:00:00,149.0,2026-09-06T21:00:00,D-1,3.3557046979865723,33.333333333333336,True,False,,,-100.0,0.09117416541799628,0.0,0.0,0.0,0.0,,,,-100.0,0.09117416541799628,0.0,0.0,0.0,0.0,,,,-100.0,0.09117416541799628,0.0,0.0,0.0,0.0,,,-100.0,-100.0,0.19586014803282126,0.0,0.0,0.0,0.0,,,-100.0,-100.0,0.19586014803282126,0.0,0.0,0.0,0.0,,,-100.0,-100.0,0.29721419626591583,0.0,0.0,0.0,0.0,,,0.0,-5860568.566893599,0.0,0,7874436.355455136,0.0,0.0,False,False,flat_or_na,falling,unavailable,accelerating,neutral,False,False,False,pass,S0,🌱 초발사 준비,발사 구조 관찰 또는 초기 준비,S0,False,,,2026-09-06T19:10:00Z,34054595745-1
KRW-AZTEC,아즈텍,20.2,19.373333333333335,19.262,23.21833333333333,0.5536332179930881,-0.5779946699892763,16.56018950541955,-0.38231649401183765,-0.7506856777075782,,,,,False,False,False,False,3420.1093140296052,13.483146067415719,9.0,B급,0.4975124378109319,0.2510985284366143,0.0,0.034602076124579106,-0.025719112361567653,False,True,False,False,2026-09-07T04:28:14.981476+09:00,1788722894,8180174.317942202,37196651.103409655,0.2199169569110043,24,0.0,complete,1788722817121,1788723114230,9336494.35228705,13379930.07606463,-0.17799613387796584,20.3,20.9,2.9556650246305383,-0.49261083743843415,3.3492822966507143,116.66666666666706,complete_hourly_ordered,/v1/candles/minutes/60,120,False,54.06976744186047,17.2,2026-09-02T19:00:00,26.5,2026-09-04T20:00:00,D-3,24.52830188679245,69.89247311827957,True,True,0.2199169569110043,,30897.46756511035,0.2510985284366143,0.4975124378109319,0.0,0.034602076124579106,-0.025719112361567653,,0.2199169569110043,,30897.46756511035,0.2510985284366143,0.4975124378109319,0.0,0.034602076124579106,-0.025719112361567653,,0.2199169569110043,,30897.46756511035,0.2510985284366143,0.4975124378109319,0.0,0.034602076124579106,-0.025719112361567653,,-1.557458043089073,1286.4702233803066,11105.491144904847,0.5564615521207088,0.4975124378109319,0.0,0.034602076124579106,-0.025719112361567653,,-1.557458043089073,1286.4702233803066,11105.491144904847,0.5564615521207088,0.4975124378109319,0.0,0.034602076124579106,-0.025719112361567653,,-1.5703119404994215,1120.648260529791,9836.658911020317,0.9772678636627461,0.0,0.0,0.0,0.0,,0.2199169569110043,8180174.317942202,37076652.103409804,0.4975124378109319,45376825.42135186,5686388.790864673,7.979902023978886,0.0,False,True,rising,rising,sell_advantage_weakening,accelerating,leading_buy_inflow,True,True,False,🔴 1차 급등 완료·상승분 반납 / 신규매수 금지,S3,🔴 1차 급등 완료·반납,당일/5D 급등 후 상승분 상당 부분 반납,S3,False,,,2026-09-06T19:10:00Z,34054595745-1
KRW-XPL,플라즈마,124.0,124.26666666666667,117.16,127.54916666666666,-0.21413276231263545,-6.065778991692275,2.5735174017862383,-0.08196393859463011,-0.2637703795144849,,,9.756658069504404,,False,False,False,False,7.074083119951524,7.826086956521738,11.0,A급,0.0,0.09593362413264916,0.0,0.0,0.0,False,False,False,False,2026-09-07T04:28:14.981476+09:00,1788722894,0.0,21149138.80653084,0.0,20,0.0,complete,1788722016496,1788722624479,8149657.40518711,9875831.65023336,-0.0957629631983366,127.0,130.0,2.3622047244094446,-2.3622047244094446,4.615384615384616,200.0,complete_hourly_ordered,/v1/candles/minutes/60,120,False,27.27272727272727,110.0,2026-09-02T11:00:00,140.0,2026-09-04T20:00:00,D-3,11.428571428571432,53.33333333333336,True,False,0.0,,13554.436876183652,0.09593362413264916,0.0,0.0,0.0,0.0,0.0,0.0,,13554.436876183652,0.09593362413264916,0.0,0.0,0.0,0.0,0.0,0.0,,13554.436876183652,0.09593362413264916,0.0,0.0,0.0,0.0,0.0,0.0,,7893.840901905948,0.22751186006091384,0.0,0.0,0.0,0.0,0.0,0.0,,7893.840901905948,0.22751186006091384,0.0,0.0,0.0,0.0,0.0,-0.03928123506080296,-100.0,-59.27575335379359,0.4840216308165113,0.0,0.0,0.0,0.0,0.0,0.0,0.0,20994250.406530842,0.0,21149138.80653084,65736690.54522158,0.3217250310461237,0.0,False,False,flat_or_na,rising,sell_only,accelerating,neutral,False,False,False,pass,S0,🌱 초발사 준비,발사 구조 관찰 또는 초기 준비,S0,False,,,2026-09-06T19:10:00Z,34054595745-1
KRW-ZAMA,자마,77.4,73.58,70.714,57.4425,0.48252002913327097,-4.052945668467347,-28.093310702006345,0.18457498475026268,0.015237948341380304,,,,,False,False,False,False,968.1716263281689,12.500000000000021,5.0,관찰,-0.38610038610038533,5.215788613147993,0.0,-0.036416605972311444,0.03898784009851752,False,True,False,False,2026-09-07T04:28:14.981476+09:00,1788722894,2918176.312886101,38653025.003467895,0.07549671242093695,83,0.0,complete,1788722011528,1788723154862,1740963.01730447,2868936.30585402,-0.24468501576227805,68.3,87.6,28.257686676427518,13.323572474377766,11.643835616438345,52.8497409326424,complete_hourly_ordered,/v1/candles/minutes/60,120,False,30.55141579731744,67.1,2026-09-02T19:00:00,87.6,2026-09-06T23:00:00,D-1,12.214611872146108,52.19512195121949,False,False,-0.575165356063112,-54.98479754753382,287.95973760609985,5.215788613147993,-0.38610038610038533,0.0,-0.036416605972311444,0.03898784009851752,,-0.575165356063112,-54.98479754753382,287.95973760609985,5.215788613147993,-0.38610038610038533,0.0,-0.036416605972311444,0.03898784009851752,,-0.575165356063112,-54.98479754753382,287.95973760609985,5.215788613147993,-0.38610038610038533,0.0,-0.036416605972311444,0.03898784009851752,,-0.38373328073262025,-82.3944167465988,7.09091320222397,8.856050913189847,-0.38610038610038533,0.0,-0.018208302986155722,0.01949448563962619,,-0.38373328073262025,-82.3944167465988,7.09091320222397,8.856050913189847,-0.38610038610038533,0.0,-0.018208302986155722,0.01949448563962619,,-0.06306389209539293,-84.3721921653231,-71.31797622173872,23.1301419064431,-1.5267175572518887,-2.0,-0.13656227239622343,0.14618107416631432,,-0.575165356063112,-3564469.8908437397,28689871.29015325,-0.38610038610038533,41571201.316354,5842131.072501304,7.115759780198721,-1.5267175572518887,False,True,falling,rising,sell_advantage_accelerating,accelerating,neutral,False,True,False,pass,S0,🌱 초발사 준비,발사 구조 관찰 또는 초기 준비,S0,False,,,2026-09-06T19:10:00Z,34054595745-1
KRW-MASK,마스크네트워크,638.0,600.6666666666666,546.02,588.8083333333333,0.6703910614525244,-10.008180408532041,-2.013954739091671,-0.51391133561254,-0.8455183054637379,,,,,False,False,False,False,-50.98542469452782,8.135593220338988,8.0,B급,-0.7776049766718529,0.2569985105394039,0.0,-0.05586592178770111,0.04938906663134457,False,False,False,False,2026-09-07T04:28:14.981476+09:00,1788722894,0.0,14879.436,0.0,1,0.0,complete,1788722474153,1788722474153,40209.69579174,46090.10082095,-0.06813926868913747,624.0,653.0,4.647435897435903,2.2435897435897356,2.2970903522205206,51.72413793103471,complete_hourly_ordered,/v1/candles/minutes/60,120,False,12.006861063464846,583.0,2026-09-03T02:00:00,653.0,2026-09-06T22:00:00,D-1,2.297090352220521,21.428571428571498,False,True,,,,0.2569985105394039,-0.7776049766718529,0.0,-0.05586592178770111,0.04938906663134457,,,,,0.2569985105394039,-0.7776049766718529,0.0,-0.05586592178770111,0.04938906663134457,,,,,0.2569985105394039,-0.7776049766718529,0.0,-0.05586592178770111,0.04938906663134457,,,,,0.2888606017126989,-0.15649452269170805,0.0,-0.011173184357549104,0.00987837251634982,,,,,0.2888606017126989,-0.15649452269170805,0.0,-0.011173184357549104,0.00987837251634982,,-5.602449748843729,-100.0,-70.28784522779378,0.4163656084196816,-0.46801872074883066,0.0,-0.022346368715076004,0.019756465425784686,,,0.0,14879.436,-0.7776049766718529,14879.436,425684.55642826,0.034954136285438885,-0.46801872074883066,False,False,flat_or_na,rising,sell_only,accelerating,neutral,False,False,False,pass,S0,🌱 초발사 준비,발사 구조 관찰 또는 초기 준비,S0,False,,,2026-09-06T19:10:00Z,34054595745-1
KRW-COMP,컴파운드,28600.0,26743.333333333332,24956.2,26317.5,0.42055723834080183,-7.161079544695633,-1.6180614926696386,-0.08867553472773766,-0.46793339071677725,,,,,False,False,False,False,79.04856603558972,8.292313517606974,9.0,B급,-0.06988120195667857,0.08149217887974203,0.0,-0.005006633789772508,0.004422770119615782,False,False,False,False,2026-09-07T04:28:14.981476+09:00,1788722894,837991.198845,211583.931326,3.9605616248516387,9,0.0,complete,1788722162796,1788723103169,1003.32542387,970.56642732,0.01659614559442585,27590.0,29100.0,5.472997462848861,3.6607466473359995,1.718213058419244,33.11258278145684,complete_hourly_ordered,/v1/candles/minutes/60,120,False,14.895267649340571,25780.0,2026-09-02T19:00:00,29620.0,2026-09-03T17:00:00,D-4,3.207292370020254,24.739583333333353,False,False,,134.23932881761007,,0.08149217887974203,-0.06988120195667857,0.0,-0.005006633789772508,0.004422770119615782,,,134.23932881761007,,0.08149217887974203,-0.06988120195667857,0.0,-0.005006633789772508,0.004422770119615782,,,134.23932881761007,,0.08149217887974203,-0.06988120195667857,0.0,-0.005006633789772508,0.004422770119615782,,,,,0.1197923003485073,-0.5908932916232179,0.0,-0.042556387213066316,0.03759176053543878,,,,,0.1197923003485073,-0.5908932916232179,0.0,-0.042556387213066316,0.03759176053543878,,1.2799024907912973,-87.1699697395092,-91.31614627777857,0.5878731565704669,-1.379310344827589,0.0,-0.10013267579542795,0.08844476029854698,,,480241.198845,211583.931326,-0.06988120195667857,1049575.130171,2292502.2228442,0.45782949290615793,-1.379310344827589,False,False,rising,rising,buy_advantage_weakening,accelerating,neutral,False,True,False,pass,S0,🌱 초발사 준비,발사 구조 관찰 또는 초기 준비,S0,False,,,2026-09-06T19:10:00Z,34054595745-1
KRW-ZETA,제타체인,49.2,46.39333333333333,43.842,54.690000000000005,0.6799768518518379,-5.819381719203805,15.170354117145132,-0.8148133510438811,-1.0616011556835452,,,14.290069331525194,,False,False,False,False,14.238130454744425,9.843400447427285,10.0,A급,0.6147540983606703,0.10013179911121384,0.0,0.04340277777776791,-0.0326935019024841,False,False,False,False,2026-09-07T04:28:14.981476+09:00,1788722894,1284939.104219309,0.0,,9,0.0,complete,1788722098158,1788722885446,998097.15398506,1086341.9995876,-0.04233505470826101,47.5,50.2,5.684210526315803,3.5789473684210593,1.9920318725099602,37.03703703703707,complete_hourly_ordered,/v1/candles/minutes/60,120,False,13.832199546485269,44.1,2026-09-02T10:00:00,50.2,2026-09-07T01:00:00,D0,1.9920318725099584,16.39344262295077,False,False,,,-100.0,0.10013179911121384,0.819672131147553,0.0,0.04340277777776791,-0.0326935019024841,-0.11954930539313224,,,-100.0,0.10013179911121384,0.819672131147553,0.0,0.04340277777776791,-0.0326935019024841,-0.11954930539313224,,,-100.0,0.10013179911121384,0.819672131147553,0.0,0.04340277777776791,-0.0326935019024841,-0.11954930539313224,,,,0.5822806527717059,-0.20283975659227682,0.0,-0.028935185185186008,0.021794007439199348,0.07887874430659103,,,,0.5822806527717059,-0.20283975659227682,0.0,-0.028935185185186008,0.021794007439199348,0.07887874430659103,,29.357816460755547,-100.0,1.9361565826224947,-1.4028056112224352,1.0,-0.14467592592593004,0.1089567558605058,0.3880003528522238,,1284939.104219309,-3578942.2306393427,0.819672131147553,1284939.104219309,1603661.3782623725,0.8012533828130157,-1.4028056112224352,False,False,rising,falling,buy_only,accelerating,neutral,False,False,False,pass,S0,🌱 초발사 준비,발사 구조 관찰 또는 초기 준비,S0,False,,,2026-09-06T19:10:00Z,34054595745-1
KRW-RED,레드스톤,174.0,157.86666666666667,140.34,155.09166666666667,0.808854831843342,-12.488717875635365,-1.7892644135188904,-0.5710396272286034,-1.0486928037111067,,,,,False,False,False,False,185.45624327447956,9.433962264150942,10.0,A급,0.5780346820809301,0.038458060299575436,0.0,0.04257130693912092,-0.03751804060110331,False,False,False,False,2026-09-07T04:28:14.981476+09:00,1788722894,1580490.44283714,526036.59313029,3.0045256612892715,12,0.0,complete,1788722669313,1788723176115,503886.99938261,2243820.85616437,-0.6332310231851033,173.0,178.0,2.8901734104046284,0.5780346820809301,2.247191011235955,79.99999999999984,complete_hourly_ordered,/v1/candles/minutes/60,120,False,17.88079470198676,151.0,2026-09-02T18:00:00,178.0,2026-09-06T19:00:00,D-1,2.2471910112359605,14.81481481481489,False,True,,,,0.038458060299575436,0.5780346820809301,0.0,0.04257130693912092,-0.03751804060110331,,,,,0.038458060299575436,0.5780346820809301,0.0,0.04257130693912092,-0.03751804060110331,,,,,0.038458060299575436,0.5780346820809301,0.0,0.04257130693912092,-0.03751804060110331,,3.0045256612892715,,-71.22615306635598,0.038458060299575436,0.5780346820809301,0.0,0.04257130693912092,-0.03751804060110331,,3.0045256612892715,,-71.22615306635598,0.038458060299575436,0.5780346820809301,0.0,0.04257130693912092,-0.03751804060110331,,,,,0.10835826039686935,0.0,0.0,0.0,0.0,,,1580490.44283714,526036.59313029,0.5780346820809301,2106527.03596743,10848242.80779,0.19418140553184862,0.0,False,True,rising,rising,buy_advantage_weakening,accelerating,neutral,False,False,False,pass,S1,⚡ 선행 시동,가격 미급등 상태에서 선행조건 5개 개선,S0,True,가격 미급등 상태에서 선행조건 5개 개선,2026-09-07T04:28:14.981476+09:00,2026-09-06T19:10:00Z,34054595745-1
KRW-TIA,셀레스티아,549.0,493.06666666666666,479.12,537.775,0.4891304347826031,-2.910892191239493,8.31357599987603,-0.45574854244113805,-0.313619170717106,,,,,False,False,False,False,55.18103767901184,12.040816326530601,9.0,B급,0.9191176470588314,2.0212577415947166,-1.0,0.05434782608695343,-0.04390668232887052,False,False,False,False,2026-09-07T04:28:14.981476+09:00,1788722894,7773715.449547378,833098.31383965,9.331090125148926,46,0.0,complete,1788722337517,1788723156873,135583.63188808,84247.05013975,0.23352782821203694,517.0,553.0,6.963249516441006,6.189555125725343,0.7233273056057866,11.11111111111104,complete_hourly_ordered,/v1/candles/minutes/60,120,False,16.666666666666675,474.0,2026-09-04T21:00:00,553.0,2026-09-06T20:00:00,D-1,1.0849909584086825,7.5949367088607955,True,True,8.418808101984476,781.8012944941402,-13.78805067995149,2.0212577415947166,0.9191176470588314,-1.0,0.05434782608695343,-0.04390668232887052,,8.418808101984476,781.8012944941402,-13.78805067995149,2.0212577415947166,0.9191176470588314,-1.0,0.05434782608695343,-0.04390668232887052,,8.418808101984476,781.8012944941402,-13.78805067995149,2.0212577415947166,0.9191176470588314,-1.0,0.05434782608695343,-0.04390668232887052,,8.515958754344707,77637.15453123288,6690.845708871759,2.8426253661525607,1.6666666666666607,0.0,0.12228260869564522,-0.09879769053375398,,8.515958754344707,77637.15453123288,6690.845708871759,2.8426253661525607,1.6666666666666607,0.0,0.12228260869564522,-0.09879769053375398,,3.8769952884462846,12549.922127994842,7293.977985169873,2.9414403032362415,1.291512915129145,0.0,0.0951086956521685,-0.07684026643522657,,8.418808101984476,6892143.206675258,-133239.0911375899,0.9191176470588314,8606813.763387028,1437796.10957631,5.986115629373407,1.291512915129145,False,False,rising,falling,buy_advantage_accelerating,accelerating,neutral,False,False,False,pass,S0,🌱 초발사 준비,발사 구조 관찰 또는 초기 준비,S0,False,,,2026-09-06T19:10:00Z,34054595745-1
KRW-ADA,에이다,299.0,289.1333333333333,267.9,280.39166666666665,-0.25298988040478587,-7.92584297623492,-3.117662793116774,0.28646205763465443,-0.44009481332999345,,,,,False,False,False,False,52.2239854818503,9.926470588235304,8.0,B급,0.0,0.359216230858749,0.0,0.0,0.0,False,False,False,False,2026-09-07T04:28:14.981476+09:00,1788722894,6033741.12582423,271560.1965056,22.21879790729863,8,0.0,complete,1788722049846,1788723162756,7011488.14165858,7213698.37855101,-0.014214944500386826,299.0,305.0,2.006688963210701,0.0,1.9672131147540985,100.0,complete_hourly_ordered,/v1/candles/minutes/60,120,False,17.42424242424243,264.0,2026-09-02T19:00:00,310.0,2026-09-04T13:00:00,D-3,3.8709677419354827,26.08695652173909,True,False,13.616376925486259,-83.4237251811865,-93.58218680881885,0.359216230858749,0.0,0.0,0.0,0.0,,13.616376925486259,-83.4237251811865,-93.58218680881885,0.359216230858749,0.0,0.0,0.0,0.0,,13.616376925486259,-83.4237251811865,-93.58218680881885,0.359216230858749,0.0,0.0,0.0,0.0,,20.454618979870478,-83.68486095955386,-98.70457328009809,0.804681772469884,0.6734006734006703,0.0,0.022999080036800734,-0.020712189776108225,,20.454618979870478,-83.68486095955386,-98.70457328009809,0.804681772469884,0.6734006734006703,0.0,0.022999080036800734,-0.020712189776108225,,18.173912181128724,-86.29402668380686,-97.50485620053621,1.0195349260000839,0.3355704697986628,0.0,0.022999080036800734,-0.020712189776108225,,13.616376925486259,-30366120.675309412,-3959790.707860959,0.0,6305301.322329829,154160725.9814996,0.04090082790013917,0.3355704697986628,False,False,falling,falling,buy_advantage_accelerating,accelerating,neutral,False,False,False,pass,S0,🌱 초발사 준비,발사 구조 관찰 또는 초기 준비,S0,False,,,2026-09-06T19:10:00Z,34054595745-1
KRW-ELF,엘프,89.1,89.26,86.22399999999999,94.5825,0.1870697395989218,-3.5210614214140104,5.627362355615459,-0.5419247424517275,-0.6628854217911049,,,8.489193110342393,,False,False,False,False,149.4884889667058,0.22497187851517886,13.0,A급,-0.6688963210702448,0.4674475097699258,0.0,-0.044896737503741235,0.037300243814208045,False,False,False,False,2026-09-07T04:28:14.981476+09:00,1788722894,0.0,22544.839082699997,0.0,1,0.0,complete,1788722448762,1788722448762,1167567.45749858,939104.61389378,0.10844727411884389,91.4,91.5,0.1094091903719896,-2.516411378555816,2.6229508196721376,2400.000000000051,complete_hourly_ordered,/v1/candles/minutes/60,120,False,14.203233256351044,86.6,2026-09-02T21:00:00,98.9,2026-09-05T09:00:00,D-2,9.90899898887766,79.6747967479675,True,True,,,,0.4674475097699258,-0.6688963210702448,0.0,-0.044896737503741235,0.037300243814208045,0.1501166828074254,,,,0.4674475097699258,-0.6688963210702448,0.0,-0.044896737503741235,0.037300243814208045,0.1501166828074254,,,,0.4674475097699258,-0.6688963210702448,0.0,-0.044896737503741235,0.037300243814208045,0.1501166828074254,0.0,,-95.34794042912516,0.4677064615584072,-0.11210762331839152,0.0,-0.0074827895839568725,0.0062169811661227925,0.025254756980029214,0.0,,-95.34794042912516,0.4677064615584072,-0.11210762331839152,0.0,-0.0074827895839568725,0.0062169811661227925,0.025254756980029214,0.0,,-99.32476778835874,0.5706409820623435,-0.11210762331839152,0.0,-0.0074827895839568725,0.0062169811661227925,0.025254756980029214,,0.0,22544.839082699997,-0.6688963210702448,22544.839082699997,1335942.664728512,0.016875603779958268,-0.11210762331839152,False,False,flat_or_na,rising,sell_only,accelerating,neutral,False,True,False,pass,S0,🌱 초발사 준비,발사 구조 관찰 또는 초기 준비,S1,True,발사 구조 관찰 또는 초기 준비,2026-09-07T04:28:14.981476+09:00,2026-09-06T19:10:00Z,34054595745-1
KRW-SOON,쑨,258.0,268.93333333333334,282.82,263.09166666666664,-0.12379301807377008,4.9100723664050125,-2.2203921320199034,0.5550028155856654,0.42965334778375686,,,,5.167868802775906,False,False,False,False,-46.16738343394046,1.5748031496062964,1.0,-,0.0,0.0014047479081966685,0.0,0.0,0.0,False,False,False,False,2026-09-07T04:28:14.981476+09:00,1788722894,7113.99999978,325153.25670239,0.021878913568106697,3,0.0,complete,1788722701821,1788723189155,323055.1842767,783328.0737949,-0.4160157758717759,261.0,267.0,2.298850574712641,-1.1494252873563204,3.3707865168539324,150.0,complete_hourly_ordered,/v1/candles/minutes/60,120,False,7.2289156626506035,249.0,2026-09-02T10:00:00,267.0,2026-09-06T09:00:00,D-1,3.745318352059923,55.55555555555563,False,False,-0.032258455110581674,-39.49651301315609,49.71033964537206,0.0014047479081966685,0.0,0.0,0.0,0.0,,-0.032258455110581674,-39.49651301315609,49.71033964537206,0.0014047479081966685,0.0,0.0,0.0,0.0,,-0.032258455110581674,-39.49651301315609,49.71033964537206,0.0014047479081966685,0.0,0.0,0.0,0.0,,,,,0.10805900585320671,-0.38610038610038533,0.0,-0.024758603614749575,0.022101216516765998,,,,,0.10805900585320671,-0.38610038610038533,0.0,-0.024758603614749575,0.022101216516765998,,0.021878913568106697,,-89.83790261892673,0.10854868366265435,-0.38610038610038533,0.0,-0.024758603614749575,0.022101216516765998,,-0.032258455110581674,-4644.000000000001,107965.01341030997,0.0,332267.25670216995,1277601.568801925,0.26007110887767193,-0.38610038610038533,False,False,falling,rising,sell_advantage_accelerating,accelerating,neutral,False,False,False,pass,S0,🌱 초발사 준비,발사 구조 관찰 또는 초기 준비,S0,False,,,2026-09-06T19:10:00Z,34054595745-1
KRW-STEEM,스팀,62.5,61.306666666666665,55.763999999999996,63.809999999999995,0.22888283378745822,-9.93950696984913,3.923105051454835,-0.645956095331327,-0.9706264007896804,,,4.041828089842892,,False,False,False,False,225.20506007142077,5.57432432432432,13.0,A급,0.0,0.0,0.0,0.0,0.0,False,False,False,False,2026-09-07T04:28:14.981476+09:00,1788722894,0.0,0.0,,0,0.0,complete,,,796900.23448424,735608.12744133,0.0399946313936568,63.2,63.4,0.31645569620253333,-1.1075949367088667,1.419558359621449,450.0,complete_hourly_ordered,/v1/candles/minutes/60,120,False,8.934707903780058,58.2,2026-09-03T08:00:00,63.4,2026-09-06T09:00:00,D-1,1.4195583596214534,17.307692307692257,False,True,,,,0.0,0.0,0.0,0.0,0.0,0.0,,,,0.0,0.0,0.0,0.0,0.0,0.0,,,,0.0,0.0,0.0,0.0,0.0,0.0,,-100.0,-100.0,0.0,0.0,0.0,0.0,0.0,0.0,,-100.0,-100.0,0.0,0.0,0.0,0.0,0.0,0.0,,-100.0,,0.29607775871807007,0.1602564102564097,0.0,0.01089918256129696,-0.009193077079475032,-0.01716004760262635,,0.0,0.0,0.0,0,3153819.0193082774,0.0,0.1602564102564097,False,True,flat_or_na,flat_or_na,unavailable,flat_or_na,neutral,False,False,False,pass,S0,🌱 초발사 준비,발사 구조 관찰 또는 초기 준비,S0,False,,,2026-09-06T19:10:00Z,34054595745-1
KRW-ELSA,헤이엘사,72.8,64.34,68.684,75.51333333333334,1.1847347452296209,6.3246170869489164,14.796503928666016,-0.9593885453918102,-0.9906657433817113,6.592341671502832,,14.935919635372722,,False,False,False,False,1537.7621919686067,16.293929712460063,11.0,A급,-0.1371742112482921,0.642271444635071,0.0,-0.010484378276354178,0.007888106027875708,False,True,False,False,2026-09-07T04:28:14.981476+09:00,1788722894,865889.317508196,3486042.0382782114,0.24838751455099112,15,0.0,complete,1788722001601,1788722965680,691935.25278391,2070563.90551374,-0.4990512480660409,72.7,78.1,7.427785419532307,0.13755158184318717,6.786171574903967,98.1481481481482,complete_hourly_ordered,/v1/candles/minutes/60,120,False,32.952691680261026,61.3,2026-09-02T10:00:00,81.5,2026-09-05T09:00:00,D-2,10.552147239263798,42.57425742574253,True,True,-1.1905859782722688,18.423154440421175,586.056142895614,0.642271444635071,-0.1371742112482921,0.0,-0.010484378276354178,0.007888106027875708,0.03169719314020014,-1.1905859782722688,18.423154440421175,586.056142895614,0.642271444635071,-0.1371742112482921,0.0,-0.010484378276354178,0.007888106027875708,0.03169719314020014,-1.1905859782722688,18.423154440421175,586.056142895614,0.642271444635071,-0.1371742112482921,0.0,-0.010484378276354178,0.007888106027875708,0.03169719314020014,0.11016661229716437,811.1942421594483,407.0548352941289,0.711661670537751,0.13755158184318717,0.0,0.020968756552752765,-0.015776734366188094,-0.06370033359547556,0.11016661229716437,811.1942421594483,407.0548352941289,0.711661670537751,0.13755158184318717,0.0,0.020968756552752765,-0.015776734366188094,-0.06370033359547556,-0.23989215904575584,-73.42125003610758,-47.751547091894054,1.6623735467403549,-0.2739726027397249,0.0,-0.020968756552708356,0.01577603795996474,0.0632930558822089,-1.1905859782722688,134706.8713052231,2977914.2306085955,-0.1371742112482921,4351931.355786407,7980458.92917459,0.5453234449809421,-0.2739726027397249,False,True,rising,rising,sell_advantage_accelerating,accelerating,neutral,False,True,False,pass,S1,⚡ 선행 시동,가격 미급등 상태에서 선행조건 3개 개선,S1,False,,,2026-09-06T19:10:00Z,34054595745-1
KRW-SPK,스파크,30.0,27.42,23.826,28.85,1.3553474618038353,-15.084361621757747,4.956672443674175,-1.397410501185829,-2.0920447569455627,,,2.36929560288712,,False,False,False,False,404.82635819051643,5.263157894736836,15.0,A급,-0.6622516556291314,0.47903084311940347,0.0,-0.04928536224741986,0.04072304733658694,True,True,False,True,2026-09-07T04:28:14.981476+09:00,1788722894,4995002.4987504,597954.77918917,8.353478678644647,4,0.0,complete,1788722482982,1788723099031,4616109.62657513,5675024.93266094,-0.10289587605629513,29.0,32.2,11.03448275862069,3.4482758620689724,6.832298136645972,68.74999999999994,complete_hourly_ordered,/v1/candles/minutes/60,120,False,22.304832713754653,26.9,2026-09-02T20:00:00,32.9,2026-09-03T20:00:00,D-4,9.118541033434646,50.00000000000006,True,True,7.918302079780082,49.12583415930429,-92.2312516965906,0.47903084311940347,-0.6622516556291314,0.0,-0.04928536224741986,0.04072304733658694,0.028578391879608755,7.918302079780082,49.12583415930429,-92.2312516965906,0.47903084311940347,-0.6622516556291314,0.0,-0.04928536224741986,0.04072304733658694,0.028578391879608755,7.918302079780082,49.12583415930429,-92.2312516965906,0.47903084311940347,-0.6622516556291314,0.0,-0.04928536224741986,0.04072304733658694,0.028578391879608755,8.353478678644647,,-64.61395679322253,1.066779517145278,-0.33222591362126463,0.0,-0.02464268112369883,0.020362111794674398,0.014317369505437494,8.353478678644647,,-64.61395679322253,1.066779517145278,-0.33222591362126463,0.0,-0.02464268112369883,0.020362111794674398,0.014317369505437494,5.794719889850899,-58.5073738201279,-87.29037015689045,1.3394834708938106,-0.6622516556291314,0.0,-0.04928536224741986,0.04072304733658694,0.028578391879608755,7.918302079780082,1645480.5819680481,-7098970.84944461,-0.6622516556291314,5592957.27793957,12249568.500289395,0.45658402398479886,-0.6622516556291314,False,True,rising,falling,buy_advantage_accelerating,accelerating,leading_buy_inflow,False,True,False,pass,S2,🚀 발사 진행,가격 상승 초입과 실제 매수수급·구조 동반,S0,True,가격 상승 초입과 실제 매수수급·구조 동반,2026-09-07T04:28:14.981476+09:00,2026-09-06T19:10:00Z,34054595745-1
KRW-SOPH,소폰,6.5,5.553333333333333,5.635,7.694500000000001,1.597755823880953,1.4492753623188466,27.827235904433916,-1.3509883108620275,-1.3276956710000083,1.0727519628901192,,,,False,False,False,False,948.0873351635574,16.696588868940744,8.0,B급,-0.30674846625766694,0.29611827358371556,0.0,-0.024393218685214713,0.015764755586221924,False,True,False,False,2026-09-07T04:28:14.981476+09:00,1788722894,3281938.556279078,9699558.489027333,0.3383595820357994,42,0.0,complete,1788722192034,1788723107905,15981150.11517532,7698829.1222478,0.34976048373549207,6.29,7.42,17.96502384737679,3.338632750397452,12.398921832884097,81.41592920353985,complete_hourly_ordered,/v1/candles/minutes/60,120,False,42.46823956442831,5.51,2026-09-02T08:00:00,7.85,2026-09-02T10:00:00,D-4,16.68789808917197,55.98290598290598,True,True,-0.017655139845845047,152.79677629234402,165.98736605240566,0.29611827358371556,-0.30674846625766694,0.0,-0.024393218685214713,0.015764755586221924,,-0.017655139845845047,152.79677629234402,165.98736605240566,0.29611827358371556,-0.30674846625766694,0.0,-0.024393218685214713,0.015764755586221924,,-0.017655139845845047,152.79677629234402,165.98736605240566,0.29611827358371556,-0.30674846625766694,0.0,-0.024393218685214713,0.015764755586221924,,-0.583468659149215,78.11263698598114,385.2508029999879,0.5328112191257333,0.0,0.0,0.0,0.0,,-0.583468659149215,78.11263698598114,385.2508029999879,0.5328112191257333,0.0,0.0,0.0,0.0,,-1.1729188312021972,-37.11733450704977,180.8645593973655,0.722149389234005,-1.2158054711246202,0.0,-0.0853762653982626,0.05517365689491882,,-0.017655139845845047,1983686.8125607497,6052934.729041569,-0.30674846625766694,12981497.04530641,26644556.143641863,0.4872101068346811,-1.2158054711246202,False,True,rising,rising,sell_advantage_accelerating,accelerating,neutral,True,True,False,🔴 1차 급등 완료·상승분 반납 / 신규매수 금지,S3,🔴 1차 급등 완료·반납,당일/5D 급등 후 상승분 상당 부분 반납,S3,False,,,2026-09-06T19:10:00Z,34054595745-1
KRW-MED,메디블록,2.02,2.005333333333333,1.9272,2.290833333333333,0.13315579227695107,-4.054241040542402,12.462713714077841,-0.4453149604735775,-0.7089291881417493,,,,,False,False,False,False,56.68261918191848,1.0000000000000009,9.0,B급,-0.9803921568627416,0.040970495059248435,0.0,-0.06657789613848664,0.05183054806592047,False,False,False,False,2026-09-07T04:28:14.981476+09:00,1788722894,0.0,0.0,,0,0.0,complete,,,68366940.61661892,69251698.35436831,-0.006429054555145851,2.04,2.08,1.9607843137254832,-0.9803921568627416,2.8846153846153872,150.0,complete_hourly_ordered,/v1/candles/minutes/60,120,False,12.820512820512842,1.95,2026-09-02T05:00:00,2.2,2026-09-02T14:00:00,D-4,8.18181818181819,71.99999999999999,False,True,,-100.0,,0.040970495059248435,-0.9803921568627416,0.0,-0.06657789613848664,0.05183054806592047,,,-100.0,,0.040970495059248435,-0.9803921568627416,0.0,-0.06657789613848664,0.05183054806592047,,,-100.0,,0.040970495059248435,-0.9803921568627416,0.0,-0.06657789613848664,0.05183054806592047,,,,,0.048461242986476805,-0.49261083743841194,0.0,-0.03328894806924332,0.02591621671504818,,,,,0.048461242986476805,-0.49261083743841194,0.0,-0.03328894806924332,0.02591621671504818,,,-100.0,,0.17592799698775963,-0.49261083743841194,0.0,-0.03328894806924332,0.02591621671504818,,,-5021.9999999952,0.0,-0.9803921568627416,0,1095636.190494408,0.0,-0.49261083743841194,False,False,falling,flat_or_na,unavailable,accelerating,neutral,False,False,False,pass,S0,🌱 초발사 준비,발사 구조 관찰 또는 초기 준비,S0,False,,,2026-09-06T19:10:00Z,34054595745-1
KRW-1INCH,1인치네트워크,131.0,124.46666666666667,120.46,118.825,0.3224073078989864,-3.326138690575025,-4.747878532856441,0.16882550526689838,-0.3040149402110722,,,,,False,False,False,False,576.9951012414909,6.5040650406503975,7.0,B급,0.0,0.7532475032915045,0.0,0.0,0.0,False,True,False,False,2026-09-07T04:28:14.981476+09:00,1788722894,2104743.63728549,0.0,,8,0.0,complete,1788722688762,1788722688762,1653496.98602906,1524472.30451183,0.04059972571203485,129.0,132.0,2.3255813953488413,1.5503875968992276,0.7575757575757576,33.33333333333333,complete_hourly_ordered,/v1/candles/minutes/60,120,False,10.924369747899165,119.0,2026-09-02T19:00:00,132.0,2026-09-06T10:00:00,D-1,0.7575757575757569,7.6923076923076605,True,False,,2004.7436373019075,,0.7532475032915045,0.0,0.0,0.0,0.0,,,2004.7436373019075,,0.7532475032915045,0.0,0.0,0.0,0.0,,,2004.7436373019075,,0.7532475032915045,0.0,0.0,0.0,0.0,,,-61.327402999857014,-100.0,1.2367369778093007,0.7692307692307665,0.0,0.053734551316497736,-0.04876224726238032,,,-61.327402999857014,-100.0,1.2367369778093007,0.7692307692307665,0.0,0.053734551316497736,-0.04876224726238032,,,167.23009886450342,,4.72080369065668,0.7692307692307665,0.0,0.053734551316497736,-0.04876224726238032,,,2004743.63728627,0.0,0.0,2104743.63728549,2174786.485215035,0.96779323009145,0.7692307692307665,False,True,rising,flat_or_na,buy_only,accelerating,neutral,False,False,False,pass,S0,🌱 초발사 준비,발사 구조 관찰 또는 초기 준비,S0,False,,,2026-09-06T19:10:00Z,34054595745-1
KRW-KAT,카타나,6.35,6.301333333333333,6.416,8.21725,-0.08456659619451301,1.7871986699916982,23.315788939933274,-0.14589372800758915,-0.5030206062429581,12.250003440166605,,,,False,False,False,False,-34.8558107505263,2.0900321543408262,5.0,관찰,0.3159557661927215,0.001449275569747499,0.0,0.02114164904861715,-0.01467097589249633,False,False,False,False,2026-09-07T04:28:14.981476+09:00,1788722894,0.0,19084.0233,0.0,2,0.0,complete,1788722545717,1788722545717,16514377.40204421,6780765.48338499,0.4178386870830256,6.36,6.43,1.1006289308175932,-0.15723270440252124,1.2441679626749624,114.28571428571502,complete_hourly_ordered,/v1/candles/minutes/60,120,False,7.973421926910307,6.02,2026-09-02T19:00:00,6.5,2026-09-05T20:00:00,D-2,2.3076923076923106,31.250000000000107,True,False,,-100.0,,0.001449275569747499,0.3159557661927215,0.0,0.02114164904861715,-0.01467097589249633,,,-100.0,,0.001449275569747499,0.3159557661927215,0.0,0.02114164904861715,-0.01467097589249633,,,-100.0,,0.001449275569747499,0.3159557661927215,0.0,0.02114164904861715,-0.01467097589249633,,0.0,,6.007286971115189,0.0031593384106329836,0.3159557661927215,0.0,0.0,0.0,,0.0,,6.007286971115189,0.0031593384106329836,0.3159557661927215,0.0,0.0,0.0,,-24.05928890835559,-100.0,-86.49579785264234,0.8358076270597508,0.6339144215530945,0.0,0.0422832980972454,-0.02934254693832017,,,-11007.9999999696,19084.0233,0.3159557661927215,19084.0233,3000737.001812277,0.006359778710521556,0.6339144215530945,False,False,falling,rising,sell_only,accelerating,neutral,False,False,False,pass,S0,🌱 초발사 준비,발사 구조 관찰 또는 초기 준비,S0,False,,,2026-09-06T19:10:00Z,34054595745-1
KRW-MEW,캣인어독스월드,0.598,0.5809333333333334,0.51768,0.5937166666666667,0.31080925520896585,-12.218616391078152,2.153103332116878,-0.18896842131316233,-0.8868824053404951,,,2.42772132940246,,False,False,False,False,10.212194781284634,6.976744186046502,11.0,A급,-0.4991680532445919,1.063735975980574,0.0,-0.03453436168985302,0.02956475613686438,False,False,False,False,2026-09-07T04:28:14.981476+09:00,1788722894,8991440.34775056,539245.5224693314,16.67411220509843,12,0.0,complete,1788722305579,1788723111368,126662970.05783862,98438816.37837814,0.12538396130169263,0.586,0.61,4.095563139931735,2.0477815699658786,1.9672131147541003,49.99999999999973,complete_hourly_ordered,/v1/candles/minutes/60,120,False,11.926605504587151,0.545,2026-09-02T10:00:00,0.61,2026-09-06T22:00:00,D-1,1.967213114754096,18.461538461538478,False,False,16.580449399352407,51271.54606376781,188.56727606597264,1.063735975980574,-0.4991680532445919,0.0,-0.03453436168985302,0.02956475613686438,0.04919352864928994,16.580449399352407,51271.54606376781,188.56727606597264,1.063735975980574,-0.4991680532445919,0.0,-0.03453436168985302,0.02956475613686438,0.04919352864928994,16.580449399352407,51271.54606376781,188.56727606597264,1.063735975980574,-0.4991680532445919,0.0,-0.03453436168985302,0.02956475613686438,0.04919352864928994,,1176.9997725438134,,1.1498743456151104,-0.6644518272425293,0.0,-0.0460458155864929,0.039419121590570594,0.06544597695339993,,1176.9997725438134,,1.1498743456151104,-0.6644518272425293,0.0,-0.0460458155864929,0.039419121590570594,0.06544597695339993,12.250609540385064,25.17847936881983,-66.79119522277,1.459153478027142,-1.4827018121911006,-1.0,-0.10360308506960347,0.08868679994369089,0.1456392753785245,16.580449399352407,8973937.58398988,352375.5731733314,-0.4991680532445919,9530685.87021989,2080426.6435711307,4.581120848298745,-1.4827018121911006,False,True,rising,rising,buy_advantage_accelerating,accelerating,leading_buy_inflow,False,False,False,pass,S2,🚀 발사 진행,가격 상승 초입과 실제 매수수급·구조 동반,S0,True,가격 상승 초입과 실제 매수수급·구조 동반,2026-09-07T04:28:14.981476+09:00,2026-09-06T19:10:00Z,34054595745-1
KRW-ORBS,오브스,8.49,8.383333333333333,8.065,9.258000000000001,0.2791068580542122,-3.947096507542881,9.447684885144394,-0.5551247003209892,-0.7529795043504107,,,12.547067789441142,,False,False,False,False,-95.70912470729849,1.1918951132300348,10.0,A급,0.8313539192399189,0.005244240351160556,0.0,0.05582137161084244,-0.04470410026370253,False,False,False,False,2026-09-07T04:28:14.981476+09:00,1788722894,7106.446776587701,197980.5179172402,0.03589467716999476,2,0.0,complete,1788722533055,1788722708686,3239381.09316172,9505400.83316204,-0.49165374317297217,8.48,8.54,0.7075471698112956,0.1179245283018826,0.5854800936768025,83.33333333333334,complete_hourly_ordered,/v1/candles/minutes/60,120,False,5.1724137931034475,8.12,2026-09-02T20:00:00,8.54,2026-09-04T08:00:00,D-3,0.5854800936768045,11.904761904761731,False,True,-0.00693407234871881,-11.169415293127882,5.99072514271759,0.005244240351160556,0.8313539192399189,0.0,0.05582137161084244,-0.04470410026370253,-0.21085620797623328,-0.00693407234871881,-11.169415293127882,5.99072514271759,0.005244240351160556,0.8313539192399189,0.0,0.05582137161084244,-0.04470410026370253,-0.21085620797623328,-0.00693407234871881,-11.169415293127882,5.99072514271759,0.005244240351160556,0.8313539192399189,0.0,0.05582137161084244,-0.04470410026370253,-0.21085620797623328,-0.9568850594386497,-99.41311123198723,-83.76775270141333,0.02983270596396892,0.5924170616113722,0.0,0.03987240829346206,-0.031930925317302794,-0.15009352391671804,-0.9568850594386497,-99.41311123198723,-83.76775270141333,0.02983270596396892,0.5924170616113722,0.0,0.03987240829346206,-0.031930925317302794,-0.15009352391671804,,,,0.05687903485664947,0.8313539192399189,0.0,0.05582137161084244,-0.04470410026370253,-0.21085620797623328,-0.00693407234871881,-893.5532234550001,11190.10050037902,0.8313539192399189,205086.9646938279,972008.2775394232,0.2109930228300035,0.8313539192399189,False,True,falling,rising,sell_advantage_accelerating,accelerating,neutral,False,False,False,pass,S1,⚡ 선행 시동,가격 미급등 상태에서 선행조건 4개 개선,S1,False,,,2026-09-06T19:10:00Z,34054595745-1
KRW-RENDER,렌더토큰,2075.0,2023.5333333333333,1978.4,2342.425,0.234462717125683,-2.28130475805364,13.613740745879458,-0.2568890676055692,-0.336077876967833,,,,,False,False,False,False,15.010470075412474,5.436991869918706,8.0,B급,-0.0962927298988947,1.255474714423265,0.0,-0.009906875371523682,0.00761610430049231,False,False,False,False,2026-09-07T04:28:14.981476+09:00,1788722894,5749936.6133181695,1703494.10799943,3.37537804581599,7,0.0,complete,1788721995431,1788722464396,48546.89014055,39119.61456215,0.10753566154337221,2002.0,2094.0,4.595404595404595,3.6463536463536395,0.9073543457497613,20.652173913043626,complete_hourly_ordered,/v1/candles/minutes/60,120,False,9.633507853403135,1910.0,2026-09-02T19:00:00,2094.0,2026-09-07T01:00:00,D0,0.9073543457497557,10.326086956521735,False,True,2.0624890974164547,-58.00339665860403,-83.66497747842388,1.255474714423265,-0.0962927298988947,0.0,-0.009906875371523682,0.00761610430049231,,2.0624890974164547,-58.00339665860403,-83.66497747842388,1.255474714423265,-0.0962927298988947,0.0,-0.009906875371523682,0.00761610430049231,,2.0624890974164547,-58.00339665860403,-83.66497747842388,1.255474714423265,-0.0962927298988947,0.0,-0.009906875371523682,0.00761610430049231,,-3.9315442753758476,-56.815791648139246,-6.516054899288082,3.2987687148280145,1.0716025328787238,0.0,0.07265041939106265,-0.055856399305540094,,-3.9315442753758476,-56.815791648139246,-6.516054899288082,3.2987687148280145,1.0716025328787238,0.0,0.07265041939106265,-0.055856399305540094,,3.006102682876212,17.455312169589977,-87.15007550505506,3.692364083447618,0.09647853352630076,0.0,0.0033022917904856897,-0.0025387375600036677,,2.0624890974164547,-7941495.921299383,-8724983.145395048,-0.0962927298988947,7453430.7213175995,6875089.35515646,1.084121287198598,0.09647853352630076,False,False,falling,falling,buy_advantage_accelerating,accelerating,neutral,False,False,False,pass,S0,🌱 초발사 준비,발사 구조 관찰 또는 초기 준비,S0,False,,,2026-09-06T19:10:00Z,34054595745-1
KRW-ORCA,오르카,1927.0,1764.1333333333334,1644.92,1772.5666666666666,0.9114136445105503,-7.247363600256144,0.4757695996389323,-0.5246347923960173,-0.7874924556628068,,,0.6041576604546548,,False,False,False,False,132.55879635692932,14.770696843359143,13.0,A급,-1.8839103869653817,0.7206146141002705,-1.0,-0.1410975098196099,0.1218247360698656,False,False,False,False,2026-09-07T04:28:14.981476+09:00,1788722894,1701691.5098792498,31247189.363506336,0.05445902638099858,76,0.0,complete,1788722007683,1788723208110,37963.27637444,24181.1604279,0.22177553865965757,1760.0,2099.0,19.261363636363637,9.48863636363637,8.194378275369225,50.73746312684362,complete_hourly_ordered,/v1/candles/minutes/60,120,False,27.21212121212122,1650.0,2026-09-02T10:00:00,2099.0,2026-09-06T21:00:00,D-1,9.004287756074325,42.09354120267266,True,False,-2.783296853334452,-77.32863247018274,1081.361672881035,0.7206146141002705,-1.8839103869653817,-1.0,-0.1410975098196099,0.1218247360698656,0.16818840980191818,-2.783296853334452,-77.32863247018274,1081.361672881035,0.7206146141002705,-1.8839103869653817,-1.0,-0.1410975098196099,0.1218247360698656,0.16818840980191818,-2.783296853334452,-77.32863247018274,1081.361672881035,0.7206146141002705,-1.8839103869653817,-1.0,-0.1410975098196099,0.1218247360698656,0.16818840980191818,-0.27647048488537596,-56.78441422100011,162.60683731070924,1.2645651694496394,-0.6701030927835028,0.0,-0.022880677268033445,0.019758241665319365,0.0279813320553568,-0.27647048488537596,-56.78441422100011,162.60683731070924,1.2645651694496394,-0.6701030927835028,0.0,-0.022880677268033445,0.019758241665319365,0.0279813320553568,-1.436527444120315,-91.77718931530332,125.125205041383,2.992657140341379,-1.2301383905689356,-1.0,-0.12203027876291905,0.10536441020582488,0.14605591881319158,-2.783296853334452,-5804214.376217801,28602174.709585615,-1.8839103869653817,32948880.873385586,2225636.62257344,14.804249956710246,-1.2301383905689356,False,True,falling,rising,sell_advantage_accelerating,accelerating,neutral,False,True,False,pass,S0,🌱 초발사 준비,발사 구조 관찰 또는 초기 준비,S0,False,,,2026-09-06T19:10:00Z,34054595745-1
KRW-BERA,베라체인,259.0,247.4,236.6,337.775,0.16194331983805377,-4.564666103127647,26.75597661164976,-0.40450605844880716,-0.7124524634885819,,,,,False,False,False,False,-39.95505771626717,5.714285714285716,7.0,B급,0.3875968992248069,0.20675713259905848,0.0,0.02699055330632749,-0.01793042476590756,False,False,False,False,2026-09-07T04:28:14.981476+09:00,1788722894,0.0,13714756.80113425,0.0,14,0.0,complete,1788722331492,1788723122537,721277.56934568,758893.18534193,-0.025413024731858615,254.0,262.0,3.149606299212593,1.9685039370078705,1.1450381679389312,37.5,complete_hourly_ordered,/v1/candles/minutes/60,120,False,11.016949152542367,236.0,2026-09-04T21:00:00,262.0,2026-09-06T11:00:00,D-1,1.1450381679389277,11.538461538461522,True,True,,,,0.20675713259905848,0.3875968992248069,0.0,0.02699055330632749,-0.01793042476590756,,,,,0.20675713259905848,0.3875968992248069,0.0,0.02699055330632749,-0.01793042476590756,,,,,0.20675713259905848,0.3875968992248069,0.0,0.02699055330632749,-0.01793042476590756,,-153.5953163259972,-100.0,76313.32399597307,0.3560359127123718,0.3875968992248069,0.0,0.02699055330632749,-0.01793042476590756,,-153.5953163259972,-100.0,76313.32399597307,0.3560359127123718,0.3875968992248069,0.0,0.02699055330632749,-0.01793042476590756,,,-100.0,,0.6823297519424472,0.7782101167315147,0.0,0.05398110661267719,-0.03586173430764816,,,0.0,13714756.80113425,0.3875968992248069,13714756.80113425,10156059.49633891,1.3504013841271991,0.7782101167315147,False,False,flat_or_na,rising,sell_only,accelerating,neutral,False,False,False,pass,S0,🌱 초발사 준비,발사 구조 관찰 또는 초기 준비,S0,False,,,2026-09-06T19:10:00Z,34054595745-1
KRW-SIGN,사인,14.9,12.146666666666667,10.8874,13.555583333333335,2.359550561797752,-11.566275388675598,10.393626242569184,-1.9647179425487629,-2.264855422651882,,,4.589090384585987,,False,False,False,False,427.6257207315763,20.161290322580648,11.0,A급,2.0547945205479534,1.0957729897070863,-2.0,0.16853932584268705,-0.13103911648194178,False,True,False,True,2026-09-07T04:28:14.981476+09:00,1788722894,8212730.9589202525,2393753.4733016677,3.4309009054272233,13,0.0,complete,1788722070330,1788723085126,19296578.14581066,44461190.50016027,-0.3946909198482411,14.2,15.0,5.633802816901423,4.929577464788748,0.6666666666666643,12.499999999999952,complete_hourly_ordered,/v1/candles/minutes/60,120,False,25.83333333333333,12.0,2026-09-03T08:00:00,15.1,2026-09-04T19:00:00,D-3,1.9867549668874052,9.67741935483867,True,True,1.883540806838522,-9.900622292950844,-59.36455589521032,1.0957729897070863,2.0547945205479534,-2.0,0.16853932584268705,-0.13103911648194178,-0.11225937769065464,1.883540806838522,-9.900622292950844,-59.36455589521032,1.0957729897070863,2.0547945205479534,-2.0,0.16853932584268705,-0.13103911648194178,-0.11225937769065464,1.883540806838522,-9.900622292950844,-59.36455589521032,1.0957729897070863,2.0547945205479534,-2.0,0.16853932584268705,-0.13103911648194178,-0.11225937769065464,-8.02395562493908,-75.77081017236091,-19.10524349928544,2.9768093617084332,0.6756756756756799,0.0,0.05617977528091789,-0.04367433471923121,-0.0371254224026103,-8.02395562493908,-75.77081017236091,-19.10524349928544,2.9768093617084332,0.6756756756756799,0.0,0.05617977528091789,-0.04367433471923121,-0.0371254224026103,-0.9050905075464941,-66.55771466851613,-57.73545607273242,4.548480589172925,2.0547945205479534,-2.0,0.16853932584268705,-0.13103911648194178,-0.11225937769065464,1.883540806838522,-902460.6971456567,-3497048.328024081,2.0547945205479534,10606484.43222192,23296822.1880271,0.45527601775974813,2.0547945205479534,False,True,falling,falling,buy_advantage_accelerating,accelerating,neutral,False,True,False,pass,S2,🚀 발사 진행,가격 상승 초입과 실제 매수수급·구조 동반,S2,False,,,2026-09-06T19:10:00Z,34054595745-1
KRW-VANA,바나,1279.0,1294.9333333333334,1366.88,1672.5333333333333,-0.44079958995386637,5.263568613679819,22.576530612244895,-0.5158642837286422,-0.2735983803511207,10.203398024835133,,,,False,False,False,False,631.2448007865095,3.1451612903225845,7.0,B급,-0.07812499999999556,0.266570384505485,0.0,-0.005125576627362793,0.003600191976335765,False,True,False,False,2026-09-07T04:28:14.981476+09:00,1788722894,0.0,3026470.7363420804,0.0,3,0.0,complete,1788723078825,1788723078825,177202.87942297,27463.38027694,0.7316276721213557,1290.0,1300.0,0.7751937984496138,-0.8527131782945729,1.6153846153846154,209.9999999999997,complete_hourly_ordered,/v1/candles/minutes/60,120,False,18.55241264559069,1202.0,2026-09-03T00:00:00,1425.0,2026-09-04T16:00:00,D-3,10.526315789473683,67.26457399103143,True,False,-1.111173432629515,-100.0,5171.816432548276,0.266570384505485,-0.07812499999999556,0.0,-0.005125576627362793,0.003600191976335765,,-1.111173432629515,-100.0,5171.816432548276,0.266570384505485,-0.07812499999999556,0.0,-0.005125576627362793,0.003600191976335765,,-1.111173432629515,-100.0,5171.816432548276,0.266570384505485,-0.07812499999999556,0.0,-0.005125576627362793,0.003600191976335765,,,-100.0,,0.9341886753345534,0.1566170712607784,0.0,0.010251153254758893,-0.007200491580679369,,,-100.0,,0.9341886753345534,0.1566170712607784,0.0,0.010251153254758893,-0.007200491580679369,,0.0,,-50.9935015946713,1.290245271651088,-0.3894080996884708,0.0,-0.025627883136847274,0.018000601134279037,,-1.111173432629515,-63790.8,2969062.2363484805,-0.07812499999999556,3026470.7363420804,7047521.814334185,0.4294375833199186,-0.3894080996884708,False,True,falling,rising,sell_only,accelerating,neutral,True,True,False,🔴 1차 급등 완료·상승분 반납 / 신규매수 금지,S3,🔴 1차 급등 완료·반납,당일/5D 급등 후 상승분 상당 부분 반납,S3,False,,,2026-09-06T19:10:00Z,34054595745-1
KRW-DOT,폴카닷,1307.0,1212.0666666666666,1166.84,1380.9583333333333,0.24812527569475495,-3.875995566372998,12.230033491234952,-0.24180636868624844,-0.5712145864231462,,,,,False,False,False,False,66.4261191229209,8.645054031587707,9.0,B급,-0.22900763358778553,0.20453714690187041,0.0,-0.016541685046322918,0.01289353057889464,False,False,False,False,2026-09-07T04:28:14.981476+09:00,1788722894,99999.99998869999,0.0,,1,0.0,complete,1788722029494,1788722029494,51845.74295928,91263.55569346,-0.27543851521366736,1249.0,1350.0,8.086469175340284,4.643714971977575,3.185185185185185,42.57425742574274,complete_hourly_ordered,/v1/candles/minutes/60,120,False,17.289313640312763,1151.0,2026-09-02T22:00:00,1350.0,2026-09-06T21:00:00,D-1,3.18518518518518,21.60804020100504,False,False,,-93.89249152167591,-100.0,0.20453714690187041,-0.22900763358778553,0.0,-0.016541685046322918,0.01289353057889464,,,-93.89249152167591,-100.0,0.20453714690187041,-0.22900763358778553,0.0,-0.016541685046322918,0.01289353057889464,,,-93.89249152167591,-100.0,0.20453714690187041,-0.22900763358778553,0.0,-0.016541685046322918,0.01289353057889464,,,-98.06965040503164,-100.0,0.716452052096372,-0.22900763358778553,0.0,-0.016541685046322918,0.01289353057889464,,,-98.06965040503164,-100.0,0.716452052096372,-0.22900763358778553,0.0,-0.016541685046322918,0.01289353057889464,,,-99.6252474164948,-100.0,0.9029256889363069,-0.759301442672744,0.0,-0.05513895015438752,0.04297661991197366,,,-1537328.8771402598,-7017652.096975501,-0.22900763358778553,99999.99998869999,8496474.76502941,0.011769587123390208,-0.759301442672744,False,False,falling,falling,buy_only,accelerating,neutral,False,False,False,pass,S0,🌱 초발사 준비,발사 구조 관찰 또는 초기 준비,S0,False,,,2026-09-06T19:10:00Z,34054595745-1
KRW-EDGE,디피니티브,96.0,96.18,93.098,107.12833333333333,-0.17298643786326506,-3.31049002126792,10.219829799150542,-0.1670047682014743,-0.5854523407643951,,,,,False,False,False,False,67.1953854595824,1.9108280254777066,9.0,B급,0.4184100418409997,0.005224234967258212,0.0,0.027677830058125963,-0.022099411273414304,False,False,False,False,2026-09-07T04:28:14.981476+09:00,1788722894,6025.10460192,0.0,,1,0.0,complete,1788722688490,1788722688490,583915.7980001,507690.03129233,0.06982902130266093,97.3,99.1,1.8499486125385323,-1.336073997944498,3.1281533804238086,172.22222222222237,complete_hourly_ordered,/v1/candles/minutes/60,120,False,10.382513661202175,91.5,2026-09-04T22:00:00,101.0,2026-09-05T09:00:00,D-2,4.950495049504955,52.63157894736832,True,False,,-89.66613127099782,-100.0,0.005224234967258212,0.4184100418409997,0.0,0.027677830058125963,-0.022099411273414304,,,-89.66613127099782,-100.0,0.005224234967258212,0.4184100418409997,0.0,0.027677830058125963,-0.022099411273414304,,,-89.66613127099782,-100.0,0.005224234967258212,0.4184100418409997,0.0,0.027677830058125963,-0.022099411273414304,,,-99.22365403249351,-100.0,0.11780176728402125,0.20876826722338038,0.0,0.013838915029062981,-0.011049533726431804,,,-99.22365403249351,-100.0,0.11780176728402125,0.20876826722338038,0.0,0.013838915029062981,-0.011049533726431804,,,-98.77592983171819,,0.18862423160999242,-0.20790020790021346,0.0,-0.013838915029062981,0.011049189921878977,,,-52279.338389603996,-35000.000000871994,0.4184100418409997,6025.10460192,1426222.239999432,0.004224520157477281,-0.20790020790021346,False,False,falling,falling,buy_only,accelerating,neutral,False,False,False,pass,S0,🌱 초발사 준비,발사 구조 관찰 또는 초기 준비,S0,False,,,2026-09-06T19:10:00Z,34054595745-1
KRW-MET2,메테오라,286.0,283.8666666666667,254.58,229.95833333333334,-0.39766081871345227,-11.503914944876527,-23.442652654466386,1.209782135984026,0.7772614776238719,,9.509079860498474,,,False,False,False,False,319.4485359303376,7.924528301886791,5.0,관찰,-1.379310344827589,0.32463976683766305,0.0,-0.09356725146199008,0.09805534220015133,False,True,False,False,2026-09-07T04:28:14.981476+09:00,1788722894,65886.99999794,2295491.50911662,0.028702785323434052,12,0.0,complete,1788722007113,1788723184637,460321.21475207,604446.53495663,-0.13535845750774275,260.0,306.0,17.692307692307697,10.000000000000009,6.535947712418301,43.47826086956518,complete_hourly_ordered,/v1/candles/minutes/60,120,False,22.891566265060238,249.0,2026-09-05T05:00:00,306.0,2026-09-06T22:00:00,D-1,6.5359477124183,35.087719298245574,True,False,0.020589459264520445,270.79745629377817,4.81215083579416,0.32463976683766305,-1.379310344827589,0.0,-0.09356725146199008,0.09805534220015133,,0.020589459264520445,270.79745629377817,4.81215083579416,0.32463976683766305,-1.379310344827589,0.0,-0.09356725146199008,0.09805534220015133,,0.020589459264520445,270.79745629377817,4.81215083579416,0.32463976683766305,-1.379310344827589,0.0,-0.09356725146199008,0.09805534220015133,,-0.06931147048091531,-87.72357560661072,-58.078472618682774,0.6164789367155663,-1.038062283737029,0.0,-0.070175438596487,0.0735441713905658,,-0.06931147048091531,-87.72357560661072,-58.078472618682774,0.6164789367155663,-1.038062283737029,0.0,-0.070175438596487,0.0735441713905658,,-0.17585567551128634,-95.6264821195489,-68.83089651484839,1.6595021692291425,-3.050847457627115,0.0,-0.21052631578946102,0.2205845575318648,,0.020589459264520445,48118.00000088,105390.94271101989,-1.379310344827589,2361378.5091145597,2210763.8000000003,1.068127906343753,-3.050847457627115,False,True,rising,rising,sell_advantage_weakening,accelerating,leading_buy_inflow,False,False,False,pass,S0,🌱 초발사 준비,발사 구조 관찰 또는 초기 준비,S0,False,,,2026-09-06T19:10:00Z,34054595745-1
KRW-MBL,무비블록,0.936,0.9236000000000001,0.9218999999999999,1.0654166666666667,0.2242639079794717,-0.18440177893482437,13.310911224090724,-0.5065383282489622,-0.5702039126328877,,,,,True,False,False,False,-8.237837918652524,-0.8474576271186307,8.0,B급,-0.42553191489360653,0.00785873834654538,0.0,-0.028937278448948334,0.02231642064304573,False,False,False,False,2026-09-07T04:28:14.981476+09:00,1788722894,0.0,0.0,,0,0.0,complete,,,92596803.27167852,15550453.92127488,0.7124207432550936,0.941,0.959,1.9128586609989284,-0.5313496280552443,2.398331595411878,127.77777777777706,complete_hourly_ordered,/v1/candles/minutes/60,120,False,23.778501628664483,0.921,2026-09-02T04:00:00,1.14,2026-09-02T09:00:00,D-4,17.894736842105253,93.15068493150686,False,True,,,,0.00785873834654538,-0.42553191489360653,0.0,-0.028937278448948334,0.02231642064304573,,,,,0.00785873834654538,-0.42553191489360653,0.0,-0.028937278448948334,0.02231642064304573,,,,,0.00785873834654538,-0.42553191489360653,0.0,-0.028937278448948334,0.02231642064304573,,,-100.0,-100.0,0.016552879583343838,0.0,0.0,0.0,0.0,,,-100.0,-100.0,0.016552879583343838,0.0,0.0,0.0,0.0,,,,,0.02475101914863842,0.10695187165774556,0.0,0.007234319612248186,-0.005579323351959431,,,0.0,0.0,-0.42553191489360653,0,2892560.1615414643,0.0,0.10695187165774556,False,False,flat_or_na,flat_or_na,unavailable,accelerating,neutral,True,True,False,🔴 1차 급등 완료·상승분 반납 / 신규매수 금지,S3,🔴 1차 급등 완료·반납,당일/5D 급등 후 상승분 상당 부분 반납,S3,False,,,2026-09-06T19:10:00Z,34054595745-1
KRW-FLUID,플루이드,1734.0,1797.6,1704.14,1768.5333333333333,-0.27368888231378286,-5.484291196732651,-1.6435464414957746,0.6250268866705687,-0.028976102681778526,,8.77448844792375,,,False,False,False,False,-46.803820622355815,-1.7563739376770582,7.0,B급,0.5800464037122977,0.012664604794657919,0.0,0.03698498409644424,-0.03290812357141437,False,False,False,False,2026-09-07T04:28:14.981476+09:00,1788722894,0.0,0.0,,0,0.0,complete,,,23881.33752427,31658.25515129,-0.14002475085565771,1716.0,1751.0,2.0396270396270344,1.0489510489510412,0.9708737864077669,48.57142857142882,complete_hourly_ordered,/v1/candles/minutes/60,120,False,6.314511232544029,1647.0,2026-09-04T21:00:00,1751.0,2026-09-06T21:00:00,D-1,0.9708737864077666,16.346153846154113,True,True,,,,0.012664604794657919,0.5800464037122977,0.0,0.03698498409644424,-0.03290812357141437,,,,,0.012664604794657919,0.5800464037122977,0.0,0.03698498409644424,-0.03290812357141437,,,,,0.012664604794657919,0.5800464037122977,0.0,0.03698498409644424,-0.03290812357141437,,,,,0.012664604794657919,0.5800464037122977,0.0,0.03698498409644424,-0.03290812357141437,,,,,0.012664604794657919,0.5800464037122977,0.0,0.03698498409644424,-0.03290812357141437,,,,,0.012664604794657919,0.5800464037122977,0.0,0.03698498409644424,-0.03290812357141437,,,0.0,0.0,0.5800464037122977,0,975396.478887885,0.0,0.5800464037122977,False,False,flat_or_na,flat_or_na,unavailable,accelerating,neutral,False,False,False,pass,S0,🌱 초발사 준비,발사 구조 관찰 또는 초기 준비,S0,False,,,2026-09-06T19:10:00Z,34054595745-1
KRW-BIGTIME,빅타임,9.4,9.056000000000001,8.443999999999999,11.829,0.5031074282332071,-7.247749881572737,23.442387353115222,-1.063649106507314,-1.234813879147311,,,,,False,False,False,False,-3.1991886222712873,6.094808126410856,8.0,B급,0.0,0.0021904328646571436,0.0,0.0,0.0,False,False,False,False,2026-09-07T04:28:14.981476+09:00,1788722894,0.0,0.0,,0,0.0,complete,,,4487728.427776,18463880.15718616,-0.6089399650431169,9.32,9.46,1.5021459227467782,0.8583690987124415,0.634249471458779,42.85714285714307,complete_hourly_ordered,/v1/candles/minutes/60,120,False,8.295454545454529,8.8,2026-09-02T08:00:00,9.53,2026-09-02T11:00:00,D-4,1.364113326337868,17.8082191780821,False,True,,-100.0,,0.0021904328646571436,0.0,0.0,0.0,0.0,,,-100.0,,0.0021904328646571436,0.0,0.0,0.0,0.0,,,-100.0,,0.0021904328646571436,0.0,0.0,0.0,0.0,,,-100.0,,0.016711513456157956,0.10649627263046302,0.0,0.007398638650513156,-0.005096566939457148,,,-100.0,,0.016711513456157956,0.10649627263046302,0.0,0.007398638650513156,-0.005096566939457148,,,-100.0,-100.0,0.0295054673376538,0.0,0.0,0.0,0.0,,,-41391.715860458404,0.0,0.0,0,6593330.946128358,0.0,0.0,False,False,falling,flat_or_na,unavailable,accelerating,neutral,False,False,False,pass,S0,🌱 초발사 준비,발사 구조 관찰 또는 초기 준비,S0,False,,,2026-09-06T19:10:00Z,34054595745-1
KRW-SNT,스테이터스네트워크토큰,9.78,9.368,8.7918,10.804083333333333,0.7962126102861955,-6.553834254646375,13.292042360527262,-1.302731516185938,-1.2113701413936289,,,10.972734019376887,,False,False,False,False,162.65926262890233,8.30564784053156,13.0,A급,-0.10214504596527396,8.036753362716809e-05,0.0,-0.007173086579159715,0.005501674063696171,False,False,False,False,2026-09-07T04:28:14.981476+09:00,1788722894,0.0,5004.882533236199,0.0,1,0.0,complete,1788722552091,1788722552091,2298035.29579992,44098065.01242785,-0.9009384288535823,9.62,9.93,3.2224532224532254,1.6632016632016633,1.5105740181268918,48.387096774193594,complete_hourly_ordered,/v1/candles/minutes/60,120,False,31.818181818181813,8.8,2026-09-02T10:00:00,11.6,2026-09-03T14:00:00,D-4,15.689655172413797,65.00000000000007,False,False,0.0,,-68.44044109112272,8.036753362716809e-05,-0.10214504596527396,0.0,-0.007173086579159715,0.005501674063696171,0.014495491346835365,0.0,,-68.44044109112272,8.036753362716809e-05,-0.10214504596527396,0.0,-0.007173086579159715,0.005501674063696171,0.014495491346835365,0.0,,-68.44044109112272,8.036753362716809e-05,-0.10214504596527396,0.0,-0.007173086579159715,0.005501674063696171,0.014495491346835365,,-100.0,,0.000845407303927459,0.0,0.0,0.0,0.0,0.0,,-100.0,,0.000845407303927459,0.0,0.0,0.0,0.0,0.0,0.0,,-99.90148995430576,0.20796771155335136,1.3471502590673534,0.0,0.09325012552900969,-0.0715294867990881,-0.19088724316655714,0.0,0.0,-10853.648784286099,-0.10214504596527396,5004.882533236199,11529115.587708136,0.0004341081061388783,1.3471502590673534,False,False,flat_or_na,falling,sell_only,accelerating,neutral,True,True,False,🔴 1차 급등 완료·상승분 반납 / 신규매수 금지,S0,🌱 초발사 준비,발사 구조 관찰 또는 초기 준비,S3,True,발사 구조 관찰 또는 초기 준비,2026-09-07T04:28:14.981476+09:00,2026-09-06T19:10:00Z,34054595745-1
KRW-SOL,솔라나,144000.0,140766.66666666666,118804.0,117038.75,0.7443103201488555,-18.486470713668442,-20.27355612279408,-0.3824264779402121,-0.9189999835657133,,,,,False,False,False,False,-4.7115797689914585,4.193781634128713,6.0,관찰,-0.7575757575757569,0.09612661272032685,0.0,-0.05248342001051842,0.05323311950340681,False,False,False,False,2026-09-07T04:28:14.981476+09:00,1788722894,42425705.580762014,19811110.034554,2.141510773841761,148,0.0,complete,1788722001616,1788723208393,12945.74664153,9436.58595314,0.1567826174303947,140900.0,146100.0,3.6905606813342873,2.200141944641598,1.4373716632443532,40.38461538461528,complete_hourly_ordered,/v1/candles/minutes/60,120,False,9.274495138369488,133700.0,2026-09-02T20:00:00,146100.0,2026-09-06T18:00:00,D-1,1.4373716632443578,16.935483870967822,False,True,1.9294423595047054,132.3144754961437,-76.99448303142071,0.09612661272032685,-0.8264462809917328,0.0,-0.05248342001051842,0.05323311950340681,,1.9294423595047054,132.3144754961437,-76.99448303142071,0.09612661272032685,-0.8264462809917328,0.0,-0.05248342001051842,0.05323311950340681,,1.9294423595047054,132.3144754961437,-76.99448303142071,0.09612661272032685,-0.8264462809917328,0.0,-0.05248342001051842,0.05323311950340681,,-1.122287203993257,-32.55821878022791,2.785543671025459,0.1724869893024117,-0.27700831024930483,0.0,-0.02862732000572521,0.02903728066971567,,-1.122287203993257,-32.55821878022791,2.785543671025459,0.1724869893024117,-0.27700831024930483,0.0,-0.02862732000572521,0.02903728066971567,,0.4807183630997214,-71.47761983238222,-77.88021750938942,0.2915188698075166,-0.4149377593360981,0.0,-0.01908488000383901,0.01935846277166675,,1.9294423595047054,24163517.875861008,-66303494.83006096,-0.8264462809917328,62236815.61531602,305049657.93814385,0.2040219157627642,-0.4149377593360981,False,False,rising,falling,buy_advantage_accelerating,accelerating,leading_buy_inflow,False,False,False,pass,S0,🌱 초발사 준비,발사 구조 관찰 또는 초기 준비,S0,False,,,2026-09-06T19:10:00Z,34054595745-1
KRW-QKC,쿼크체인,3.07,3.0013333333333336,2.8714,3.3328333333333333,0.08892841262786444,-4.525086485106,9.946491973796059,-0.13183713691073234,-0.613591249244067,,,,,False,False,False,False,272.91481388599396,0.32679738562091387,10.0,A급,-0.32467532467532756,0.048104027980343744,0.0,-0.022232103156949456,0.017750881159482645,False,False,False,False,2026-09-07T04:28:14.981476+09:00,1788722894,0.0,0.0,,0,0.0,complete,,,33576992.7937409,29442011.02596761,0.06561483865411592,3.09,3.1,0.3236245954692629,-0.6472491909385147,0.967741935483879,299.9999999999966,complete_hourly_ordered,/v1/candles/minutes/60,120,False,21.016949152542352,2.95,2026-09-02T19:00:00,3.57,2026-09-03T14:00:00,D-4,14.005602240896364,80.64516129032265,False,True,,,,0.048104027980343744,-0.32467532467532756,0.0,-0.022232103156949456,0.017750881159482645,,,,,0.048104027980343744,-0.32467532467532756,0.0,-0.022232103156949456,0.017750881159482645,,,,,0.048104027980343744,-0.32467532467532756,0.0,-0.022232103156949456,0.017750881159482645,,,-100.0,-100.0,0.08838762593910587,-0.32467532467532756,0.0,-0.022232103156949456,0.017750881159482645,,,-100.0,-100.0,0.08838762593910587,-0.32467532467532756,0.0,-0.022232103156949456,0.017750881159482645,,,-100.0,,0.13206537639189264,0.0,0.0,0.0,0.0,,,0.0,0.0,-0.32467532467532756,0,2008022.9744499754,0.0,0.0,False,False,flat_or_na,flat_or_na,unavailable,accelerating,neutral,True,True,False,🔴 1차 급등 완료·상승분 반납 / 신규매수 금지,S3,🔴 1차 급등 완료·반납,당일/5D 급등 후 상승분 상당 부분 반납,S3,False,,,2026-09-06T19:10:00Z,34054595745-1
KRW-META,메타디움,10.3,10.31,10.1776,11.693166666666666,0.19436345966958868,-1.3008960855211495,11.828845907153745,-0.7436925446983985,-0.66391033740778,,,,,False,False,False,False,-72.26249254740421,0.0,8.0,B급,0.0,0.05191688836707442,0.0,0.0,0.0,False,False,False,False,2026-09-07T04:28:14.981476+09:00,1788722894,0.0,0.0,,0,0.0,complete,,,4363963.00704848,33245531.44043746,-0.7679329078383719,10.5,10.5,0.0,-1.904761904761898,1.904761904761898,,complete_hourly_ordered,/v1/candles/minutes/60,120,False,6.106106106106091,9.99,2026-09-02T10:00:00,10.6,2026-09-04T13:00:00,D-3,2.8301886792452713,49.1803278688522,False,False,,,-100.0,0.05191688836707442,0.0,0.0,0.0,0.0,,,,-100.0,0.05191688836707442,0.0,0.0,0.0,0.0,,,,-100.0,0.05191688836707442,0.0,0.0,0.0,0.0,,,,-100.0,0.05941830887844901,0.0,0.0,0.0,0.0,,,,-100.0,0.05941830887844901,0.0,0.0,0.0,0.0,,,-100.0,-100.0,0.1640341277515347,-0.9615384615384581,0.0,-0.06478781988985549,0.05072607362088455,,,0.0,-94253.022115242,0.0,0,266922.1528955165,0.0,-0.9615384615384581,False,False,flat_or_na,falling,unavailable,accelerating,neutral,False,False,False,pass,S0,🌱 초발사 준비,발사 구조 관찰 또는 초기 준비,S0,False,,,2026-09-06T19:10:00Z,34054595745-1
KRW-SAHARA,사하라에이아이,12.7,11.826666666666666,11.764000000000001,24.0675,0.6810442678774065,-0.5326986285843683,50.86042727052388,-0.8488050320401097,-0.8219897602571272,,,,,True,False,False,False,69.01549254150623,10.434782608695636,9.0,B급,-0.7812500000000111,0.23300386230462777,0.0,-0.05675368898980793,0.025997521891518716,False,False,False,False,2026-09-07T04:28:14.981476+09:00,1788722894,0.0,17390782.122857302,0.0,26,0.0,complete,1788722030296,1788723195809,57527093.52744131,88738960.46448281,-0.21339105065871833,12.8,13.3,3.90625,-0.7812500000000111,4.511278195488732,120.00000000000026,complete_hourly_ordered,/v1/candles/minutes/60,120,False,18.75000000000002,11.2,2026-09-02T11:00:00,13.3,2026-09-06T09:00:00,D-1,4.511278195488733,28.571428571428676,False,True,-31.05462986767295,-100.0,21278.108324566718,0.23300386230462777,-0.7812500000000111,0.0,-0.05675368898980793,0.025997521891518716,,-31.05462986767295,-100.0,21278.108324566718,0.23300386230462777,-0.7812500000000111,0.0,-0.05675368898980793,0.025997521891518716,,-31.05462986767295,-100.0,21278.108324566718,0.23300386230462777,-0.7812500000000111,0.0,-0.05675368898980793,0.025997521891518716,,0.0,,3378.1564245712375,0.2827398190259345,0.0,0.0,0.0,0.0,,0.0,,3378.1564245712375,0.2827398190259345,0.0,0.0,0.0,0.0,,0.0,,2497.2582114671372,0.4912878338549973,0.0,0.0,0.0,0.0,,-31.05462986767295,-2526249.253373184,17309433.568257302,-0.7812500000000111,17390782.122857302,34837397.62523532,0.49919865742956254,0.0,False,False,falling,rising,sell_only,accelerating,neutral,False,False,False,pass,S0,🌱 초발사 준비,발사 구조 관찰 또는 초기 준비,S0,False,,,2026-09-06T19:10:00Z,34054595745-1
KRW-MLK,밀크,49.8,49.019999999999996,46.898,55.020833333333336,0.300095484927021,-4.524713207386227,10.906474820143897,-0.5123522487344632,-0.7785440561525613,,,14.008808793739856,,False,False,False,False,-68.80517676291996,4.184100418410042,10.0,A급,-0.40000000000000036,0.010910387410930866,0.0,-0.027281407720636253,0.021533811162717242,False,False,False,False,2026-09-07T04:28:14.981476+09:00,1788722894,0.0,0.0,,0,0.0,complete,,,1698848.55417735,1689054.88758392,0.0028907750063674863,50.0,50.5,1.0000000000000009,-0.40000000000000036,1.3861386138613918,140.0,complete_hourly_ordered,/v1/candles/minutes/60,120,False,6.540084388185652,47.4,2026-09-02T04:00:00,50.5,2026-09-06T09:00:00,D-1,1.3861386138613874,22.580645161290224,True,False,,,,0.010910387410930866,-0.40000000000000036,0.0,-0.027281407720636253,0.021533811162717242,0.10457473873169754,,,,0.010910387410930866,-0.40000000000000036,0.0,-0.027281407720636253,0.021533811162717242,0.10457473873169754,,,,0.010910387410930866,-0.40000000000000036,0.0,-0.027281407720636253,0.021533811162717242,0.10457473873169754,,,,0.013837551389386249,-0.40000000000000036,0.0,-0.027281407720636253,0.021533811162717242,0.10457473873169754,,,,0.013837551389386249,-0.40000000000000036,0.0,-0.027281407720636253,0.021533811162717242,0.10457473873169754,,-100.0,-100.0,0.017934283249871896,-0.40000000000000036,0.0,-0.027281407720636253,0.021533811162717242,0.10457473873169754,,0.0,0.0,-0.40000000000000036,0,1844817.3582735418,0.0,-0.40000000000000036,False,True,flat_or_na,flat_or_na,unavailable,accelerating,neutral,False,False,False,pass,S0,🌱 초발사 준비,발사 구조 관찰 또는 초기 준비,S0,False,,,2026-09-06T19:10:00Z,34054595745-1
KRW-VTHO,비토르토큰,0.573,0.5467333333333334,0.5032800000000001,0.5873583333333333,0.8360998401574005,-8.63402744661686,6.916561440347303,-0.8200063228548296,-1.1523261362072368,,,6.002260317649703,,False,False,False,False,-57.24856554993051,6.703910614525133,12.0,A급,0.0,0.0,0.0,0.0,0.0,False,False,False,False,2026-09-07T04:28:14.981476+09:00,1788722894,0.0,0.0,,0,0.0,complete,,,56724087.81521326,163505527.3659115,-0.48486412448606125,0.566,0.581,2.6501766784452263,1.2367491166077826,1.376936316695354,53.333333333332945,complete_hourly_ordered,/v1/candles/minutes/60,120,False,10.87786259541983,0.524,2026-09-03T06:00:00,0.581,2026-09-06T12:00:00,D-1,1.376936316695354,14.0350877192983,False,True,,,,0.0,0.0,0.0,0.0,0.0,0.0,,,,0.0,0.0,0.0,0.0,0.0,0.0,,,,0.0,0.0,0.0,0.0,0.0,0.0,,-100.0,-100.0,0.0,0.0,0.0,0.0,0.0,0.0,,-100.0,-100.0,0.0,0.0,0.0,0.0,0.0,0.0,,-100.0,-100.0,0.024986845598512275,0.17482517482516613,0.0,0.012295585884691818,-0.010029746054909694,-0.01918594114290606,,0.0,0.0,0.0,0,547971.9030323834,0.0,0.17482517482516613,False,True,flat_or_na,flat_or_na,unavailable,flat_or_na,neutral,False,False,False,pass,S0,🌱 초발사 준비,발사 구조 관찰 또는 초기 준비,S0,False,,,2026-09-06T19:10:00Z,34054595745-1
KRW-KITE,카이트,172.0,169.46666666666667,152.4,211.04166666666666,0.8730158730158699,-11.198600174978125,19.699901283316876,-1.5542165499241094,-1.3417316691195318,,,14.682444885752979,,False,False,False,False,118.10669702060106,0.5847953216374213,12.0,A급,0.0,0.40343262931732227,0.0,0.0,0.0,False,False,False,False,2026-09-07T04:28:14.981476+09:00,1788722894,0.0,725851.30988646,0.0,3,0.0,complete,1788723143386,1788723168077,1328462.55407882,2347891.44976525,-0.27729345286675183,172.0,179.0,4.069767441860472,0.0,3.910614525139665,100.0,complete_hourly_ordered,/v1/candles/minutes/60,120,False,19.526627218934923,169.0,2026-09-02T06:00:00,202.0,2026-09-03T02:00:00,D-4,15.34653465346535,93.93939393939392,True,False,0.0,,-50.168607496496186,0.40343262931732227,0.0,0.0,0.0,0.0,0.0,0.0,,-50.168607496496186,0.40343262931732227,0.0,0.0,0.0,0.0,0.0,0.0,,-50.168607496496186,0.40343262931732227,0.0,0.0,0.0,0.0,0.0,-3.3365245299522583,-100.0,-16.499421126580195,0.40856005946628215,0.0,0.0,0.0,0.0,0.0,-3.3365245299522583,-100.0,-16.499421126580195,0.40856005946628215,0.0,0.0,0.0,0.0,0.0,-0.41384588709552744,-100.0,-88.33080666365618,0.5633913981575347,-0.5780346820809301,0.0,-0.03968253968253954,0.028417432728542025,0.08302185872296697,0.0,0.0,-730763.23251354,0.0,725851.30988646,10025407.064515404,0.07240118084138315,-0.5780346820809301,False,False,flat_or_na,falling,sell_only,accelerating,neutral,True,True,False,🔴 1차 급등 완료·상승분 반납 / 신규매수 금지,S3,🔴 1차 급등 완료·반납,당일/5D 급등 후 상승분 상당 부분 반납,S3,False,,,2026-09-06T19:10:00Z,34054595745-1
KRW-MINA,미나,105.0,91.67333333333333,70.042,71.53999999999999,2.2835465635227425,-30.883374737062518,-28.14276395489704,-1.8968105234118293,-2.9886180303558776,,,,,False,False,False,False,-69.5079897843843,8.359133126934971,9.0,B급,0.0,0.014861292497371892,0.0,0.0,0.0,False,False,False,False,2026-09-07T04:28:14.981476+09:00,1788722894,1465600.8324027,11340.0,129.24169597907408,4,0.0,complete,1788722206460,1788722534472,796837.90989447,2768272.99752822,-0.5529800162820042,103.0,105.0,1.9417475728155331,1.9417475728155331,0.0,0.0,complete_hourly_ordered,/v1/candles/minutes/60,120,False,13.006396588486147,93.8,2026-09-02T19:00:00,106.0,2026-09-04T17:00:00,D-3,0.9433962264150941,8.196721311475356,False,True,128.2060623345544,651.9719408328845,-93.97433285162553,0.014861292497371892,0.0,0.0,0.0,0.0,,128.2060623345544,651.9719408328845,-93.97433285162553,0.014861292497371892,0.0,0.0,0.0,0.0,,128.2060623345544,651.9719408328845,-93.97433285162553,0.014861292497371892,0.0,0.0,0.0,0.0,,,,,0.025700782398160982,0.0,0.0,0.0,0.0,,,,,0.025700782398160982,0.0,0.0,0.0,0.0,,129.24169597907408,,-27.77070063694268,0.025788361792947967,0.9615384615384581,0.0,0.07438262421899378,-0.07827037396553393,,128.2060623345544,1270699.8324027,-176854.9288065,0.0,1476940.8324027,5519537.134405628,0.26758418259319217,0.9615384615384581,False,False,rising,falling,buy_advantage_accelerating,accelerating,leading_buy_inflow,False,False,False,pass,S0,🌱 초발사 준비,발사 구조 관찰 또는 초기 준비,S0,False,,,2026-09-06T19:10:00Z,34054595745-1
KRW-MMT,모멘텀,227.0,224.86666666666667,249.5,228.73333333333332,-0.5014749262536866,9.873079492317967,1.6904692509472365,0.4474781615910281,0.7654777992893805,,,,,False,False,False,False,-51.31899337222852,3.65296803652968,3.0,-,0.0,0.013266859390427044,0.0,0.0,0.0,False,False,False,False,2026-09-07T04:28:14.981476+09:00,1788722894,6999.9999988,71278.0,0.09820702038216561,2,0.0,complete,1788722672606,1788723141025,1466056.83842177,2340730.1365831,-0.22976680962301843,227.0,230.0,1.3215859030837107,0.0,1.3043478260869565,100.0,complete_hourly_ordered,/v1/candles/minutes/60,120,False,8.878504672897192,214.0,2026-09-02T10:00:00,233.0,2026-09-04T09:00:00,D-3,2.5751072961373356,31.578947368420945,True,False,,,,0.013266859390427044,0.0,0.0,0.0,0.0,,,,,0.013266859390427044,0.0,0.0,0.0,0.0,,,,,0.013266859390427044,0.0,0.0,0.0,0.0,,0.09289960060279417,33.48588861174675,-92.78599795892377,0.03318937946468736,-0.43859649122807154,0.0,-0.02949852507374562,0.025563425598406075,,0.09289960060279417,33.48588861174675,-92.78599795892377,0.03318937946468736,-0.43859649122807154,0.0,-0.02949852507374562,0.025563425598406075,,0.09820702038216561,,-90.51959407846506,0.05176065277970565,0.0,0.0,0.0,0.0,,,6999.9999988,71278.0,0.0,78277.9999988,7964313.422083434,0.009828593608803856,0.0,False,False,rising,rising,sell_advantage_weakening,accelerating,neutral,False,False,False,pass,S0,🌱 초발사 준비,발사 구조 관찰 또는 초기 준비,S0,False,,,2026-09-06T19:10:00Z,34054595745-1
KRW-CHIP,유에스디에이아이,77.9,59.15333333333333,44.342,51.78416666666667,4.3023392500293856,-33.402492745779014,-14.23054022304113,-3.573931189991036,-4.793733769613445,,,,,False,False,False,False,148.91763607193545,27.28758169934642,8.0,B급,-0.38363171355498826,0.05386808970845891,0.0,0.0,0.0,False,False,False,False,2026-09-07T04:28:14.981476+09:00,1788722894,383330.4990542,2961688.456720074,0.12942971708736709,11,0.0,complete,1788722247988,1788723224711,1805946.5827438,2314529.0148322,-0.1234280898029319,80.7,83.9,3.9653035935563796,-3.4696406443618266,7.151370679380214,187.49999999999986,complete_hourly_ordered,/v1/candles/minutes/60,120,False,53.52622061482823,55.3,2026-09-03T02:00:00,84.9,2026-09-04T11:00:00,D-3,8.127208480565374,23.310810810810835,False,True,-0.8637425165684236,-91.6476511468487,-35.90868346596796,0.05386808970845891,-0.38363171355498826,0.0,0.0,0.0,,-0.8637425165684236,-91.6476511468487,-35.90868346596796,0.05386808970845891,-0.38363171355498826,0.0,0.0,0.0,,-0.8637425165684236,-91.6476511468487,-35.90868346596796,0.05386808970845891,-0.38363171355498826,0.0,0.0,0.0,,-2.918427519793972,-98.65769446174068,-68.39090943752905,0.2987641823645788,-2.3809523809523725,0.0,-0.22334548019278255,0.2096142171133053,,-2.918427519793972,-98.65769446174068,-68.39090943752905,0.2987641823645788,-2.3809523809523725,0.0,-0.22334548019278255,0.2096142171133053,,-1.435834292746319,-98.52251488798575,-82.13196843086737,0.45798139287489903,-0.7643312101910715,0.0,-0.05877512636651705,0.05517406267314051,,-0.8637425165684236,-4206162.897280308,-1659356.3538471083,-0.38363171355498826,3345018.955774274,419180465.9554863,0.007979901802317021,-0.7643312101910715,False,False,falling,falling,sell_advantage_accelerating,accelerating,neutral,False,False,False,pass,S0,🌱 초발사 준비,발사 구조 관찰 또는 초기 준비,S0,False,,,2026-09-06T19:10:00Z,34054595745-1
KRW-ZORA,조라,11.3,10.174666666666667,8.6594,11.393583333333334,1.7670200706808137,-17.49851798815931,10.698273150823198,-2.1483229346303534,-2.457469889110981,,,4.35336896627996,,False,False,False,False,-70.5121966019486,5.6074766355140415,12.0,A급,0.0,0.016154013614041673,0.0,0.0,0.0,False,False,False,True,2026-09-07T04:28:14.981476+09:00,1788722894,7193356.970918709,12670194.082753854,0.5677384990266259,32,0.0,complete,1788722152737,1788722928523,26802584.68300573,43963125.77941325,-0.24249796948651905,12.0,12.3,2.5000000000000133,-5.833333333333323,8.130081300813007,333.33333333333167,complete_hourly_ordered,/v1/candles/minutes/60,120,False,40.657084188911696,9.74,2026-09-02T20:00:00,13.7,2026-09-05T01:00:00,D-2,17.51824817518247,60.60606060606059,False,True,0.5660045693181123,71833.56970969062,119.69225932873732,0.016154013614041673,0.0,0.0,0.0,0.0,0.0,0.5660045693181123,71833.56970969062,119.69225932873732,0.016154013614041673,0.0,0.0,0.0,0.0,0.0,0.5660045693181123,71833.56970969062,119.69225932873732,0.016154013614041673,0.0,0.0,0.0,0.0,0.0,0.5641445682564494,49615.64704507238,214.71283695020063,0.027572171112112187,0.0,0.0,0.0,0.0,0.0,0.5641445682564494,49615.64704507238,214.71283695020063,0.027572171112112187,0.0,0.0,0.0,0.0,0.0,-1.9843564105433595,-62.61238718317708,68.06458697864785,0.04341799789379763,-0.877192982456132,0.0,-0.06668000266718543,0.05197708476745255,0.03939930193328767,0.5660045693181123,7183356.970918779,6902947.607403641,0.0,19863551.053672563,28456243.60272368,0.698038410514989,-0.877192982456132,False,False,rising,rising,sell_advantage_weakening,accelerating,leading_buy_inflow,True,True,False,🔴 1차 급등 완료·상승분 반납 / 신규매수 금지,S3,🔴 1차 급등 완료·반납,당일/5D 급등 후 상승분 상당 부분 반납,S0,True,당일/5D 급등 후 상승분 상당 부분 반납,2026-09-07T04:28:14.981476+09:00,2026-09-06T19:10:00Z,34054595745-1
KRW-XCN,오닉스코인,5.62,5.046,4.7522,5.624083333333333,0.8527648234510465,-6.182399730651068,10.278712086414075,-0.9509371507140729,-1.1471212034422733,,,8.960441194504806,,False,False,False,False,10028.460863897046,21.908893709327536,10.0,A급,0.5366726296959001,3.862996432457294,0.0,0.039973351099287235,-0.03157449154284819,False,True,False,False,2026-09-07T04:28:14.981476+09:00,1788722894,5435445.9743685145,0.0,,20,0.0,complete,1788722157292,1788723000670,8250506.10195187,11030734.06074969,-0.14419341989090562,5.68,5.86,3.169014084507049,-1.0563380281690127,4.095563139931744,133.3333333333332,complete_hourly_ordered,/v1/candles/minutes/60,120,False,47.97297297297296,4.44,2026-09-03T20:00:00,6.57,2026-09-04T16:00:00,D-3,12.785388127853881,39.43661971830984,False,False,,12669.293810448684,-100.0,3.862996432457294,0.5366726296959001,0.0,0.039973351099287235,-0.03157449154284819,-0.07727759400464862,,12669.293810448684,-100.0,3.862996432457294,0.5366726296959001,0.0,0.039973351099287235,-0.03157449154284819,-0.07727759400464862,,12669.293810448684,-100.0,3.862996432457294,0.5366726296959001,0.0,0.039973351099287235,-0.03157449154284819,-0.07727759400464862,,,-100.0,3.887325765519563,0.3571428571428559,0.0,0.026648900732850755,-0.021049349121657457,-0.05142274679616321,,,-100.0,3.887325765519563,0.3571428571428559,0.0,0.026648900732850755,-0.021049349121657457,-0.05142274679616321,,116.36541608015575,-100.0,4.68797450314014,0.5366726296959001,0.0,0.039973351099287235,-0.03157449154284819,-0.07727759400464862,,5392879.438935515,-1701399.0524754662,0.5366726296959001,5435445.9743685145,8395183.024030281,0.6474481805590364,0.5366726296959001,False,True,rising,falling,buy_only,accelerating,neutral,False,True,False,pass,S1,⚡ 선행 시동,가격 미급등 상태에서 선행조건 5개 개선,S1,False,,,2026-09-06T19:10:00Z,34054595745-1
KRW-GAS,가스,1679.0,1730.1333333333334,1497.1,1711.4833333333333,0.19690359445581063,-15.565649143900446,-1.089698020235863,-0.45699235909394637,-0.9563726061436245,,,,,False,False,False,False,-84.56753591182895,-1.4092777451556127,7.0,B급,-0.2969121140142472,0.01306944071119176,0.0,-0.019304273966258556,0.01701480409720868,False,False,False,False,2026-09-07T04:28:14.981476+09:00,1788722894,1249762.46434057,0.0,,5,0.0,complete,1788722049057,1788722049239,31250.87430578,31556.39994604,-0.004864494501624534,1693.0,1698.0,0.2953337271116352,-0.8269344359125852,1.1189634864546525,380.0000000000023,complete_hourly_ordered,/v1/candles/minutes/60,120,False,5.230769230769239,1625.0,2026-09-03T10:00:00,1710.0,2026-09-06T00:00:00,D-1,1.8128654970760216,36.47058823529432,True,True,,,,0.01306944071119176,-0.2969121140142472,0.0,-0.019304273966258556,0.01701480409720868,,,,,0.01306944071119176,-0.2969121140142472,0.0,-0.019304273966258556,0.01701480409720868,,,,,0.01306944071119176,-0.2969121140142472,0.0,-0.019304273966258556,0.01701480409720868,,,171.30692626874097,-100.0,0.018120973474566426,0.0,0.0,-0.007721709586494541,0.006806021053453515,,,171.30692626874097,-100.0,0.018120973474566426,0.0,0.0,-0.007721709586494541,0.006806021053453515,,,,-100.0,0.031813907261692975,0.0,0.0,0.0,0.0,,,1249762.46434057,0.0,-0.2969121140142472,1249762.46434057,4373363.67755493,0.2857668733918991,0.0,False,False,rising,flat_or_na,buy_only,accelerating,neutral,False,False,False,pass,S0,🌱 초발사 준비,발사 구조 관찰 또는 초기 준비,S0,False,,,2026-09-06T19:10:00Z,34054595745-1
KRW-MEGA,메가이더,53.7,53.61333333333334,53.46,75.935,-0.19856043683295077,-0.28681880533732884,29.3957551414587,-0.5029398387064801,-0.9553141122537301,,,,,False,False,False,False,99.15146602968396,3.4682080924855585,9.0,B급,-0.5555555555555536,0.3395796175426966,0.0,-0.03723008190616994,0.02401302897584756,False,False,False,False,2026-09-07T04:28:14.981476+09:00,1788722894,1972455.784116006,5520715.534080606,0.3572826333723586,2,0.0,complete,1788722707189,1788722708046,1639796.41758764,1651922.14069685,-0.0036837059106077843,54.8,55.5,1.277372262773735,-2.007299270072982,3.2432432432432377,257.1428571428548,complete_hourly_ordered,/v1/candles/minutes/60,120,False,13.400000000000013,50.0,2026-09-03T02:00:00,56.7,2026-09-03T18:00:00,D-4,5.291005291005291,44.776119402985074,False,False,,,,0.3395796175426966,-0.5555555555555536,0.0,-0.03723008190616994,0.02401302897584756,,,,,0.3395796175426966,-0.5555555555555536,0.0,-0.03723008190616994,0.02401302897584756,,,,,0.3395796175426966,-0.5555555555555536,0.0,-0.03723008190616994,0.02401302897584756,,,-74.23297920417883,,0.349549697324278,-0.37105751391465214,0.0,-0.03723008190616994,0.02401302897584756,,,-74.23297920417883,,0.349549697324278,-0.37105751391465214,0.0,-0.03723008190616994,0.02401302897584756,,,1.4054445537616367,,0.7775972579005099,-0.7393715341959317,0.0,-0.04964010920823769,0.03201702061503653,,,1972455.784116006,5520715.534080606,-0.5555555555555536,7493171.3181966115,6288995.463336127,1.191473481238879,-0.7393715341959317,False,False,rising,rising,sell_advantage_weakening,accelerating,neutral,False,False,False,pass,S0,🌱 초발사 준비,발사 구조 관찰 또는 초기 준비,S0,False,,,2026-09-06T19:10:00Z,34054595745-1
KRW-MNT,맨틀,814.0,745.4,649.84,743.1083333333333,1.3689936536718017,-14.705158192785909,-0.3083893106657794,-0.540617368405883,-1.177221429691804,,,,,False,False,True,False,-57.301194347488895,10.000000000000009,9.0,B급,-0.7317073170731714,0.05526709513330985,0.0,-0.05439709882137933,0.047075540924839676,False,False,False,False,2026-09-07T04:28:14.981476+09:00,1788722894,232992.47999999998,2034670.85229496,0.11451114057942172,4,0.0,complete,1788722021814,1788722579681,371224.71115032,432080.46273778,-0.07575670313799966,804.0,833.0,3.6069651741293507,1.243781094527363,2.2809123649459786,65.51724137931032,complete_hourly_ordered,/v1/candles/minutes/60,120,False,13.025780189959303,737.0,2026-09-02T04:00:00,833.0,2026-09-06T19:00:00,D-1,2.280912364945975,19.791666666666657,False,True,,365.98496006337393,,0.05526709513330985,-0.7317073170731714,0.0,-0.05439709882137933,0.047075540924839676,,,365.98496006337393,,0.05526709513330985,-0.7317073170731714,0.0,-0.05439709882137933,0.047075540924839676,,,365.98496006337393,,0.05526709513330985,-0.7317073170731714,0.0,-0.05439709882137933,0.047075540924839676,,,,,1.359118439061831,0.0,0.0,0.0,0.0,,,,,1.359118439061831,0.0,0.0,0.0,0.0,,0.11451114057942172,,-46.15056271003637,1.359356899473184,0.0,0.0,0.0,0.0,,,182992.48000679997,2034670.85229496,-0.7317073170731714,2267663.33229496,2616416.105441305,0.8667059217297084,0.0,False,False,rising,rising,sell_advantage_weakening,accelerating,neutral,False,False,False,pass,S0,🌱 초발사 준비,발사 구조 관찰 또는 초기 준비,S0,False,,,2026-09-06T19:10:00Z,34054595745-1
KRW-MOC,모스코인,24.5,24.326666666666664,24.215999999999998,28.8175,0.16469942355199496,-0.4569981279594769,15.583702032908251,-0.685969600460923,-0.8187977159663735,,,,,False,False,False,False,947.4219024659385,0.0,9.0,B급,0.0,0.06852139362536036,0.0,0.0,0.0,False,True,False,False,2026-09-07T04:28:14.981476+09:00,1788722894,1225201.3536016378,999000.4997500719,1.2264271678624348,10,0.0,complete,1788722192692,1788723093934,7520903.20700194,8501655.55763022,-0.061210719525845704,24.6,24.7,0.40650406504063596,-0.40650406504065817,0.8097165991902806,200.00000000000546,complete_hourly_ordered,/v1/candles/minutes/60,120,False,40.41666666666668,24.0,2026-09-02T08:00:00,33.7,2026-09-02T15:00:00,D-4,27.299703264094966,94.84536082474229,True,True,,,,0.06852139362536036,0.0,0.0,0.0,0.0,,,,,0.06852139362536036,0.0,0.0,0.0,0.0,,,,,0.06852139362536036,0.0,0.0,0.0,0.0,,,-79.55954720229087,,0.06852139362536036,0.0,0.0,0.0,0.0,,,-79.55954720229087,,0.06852139362536036,0.0,0.0,0.0,0.0,,1.0985772189120595,6797.057076994735,618.989613332268,0.4097759589378711,0.0,0.0,0.0,0.0,,,1225201.3536016378,999000.4997500719,0.0,2224201.8533517094,5917786.505193079,0.37585030338622205,0.0,False,True,rising,rising,buy_advantage_weakening,accelerating,neutral,True,True,False,🔴 1차 급등 완료·상승분 반납 / 신규매수 금지,S3,🔴 1차 급등 완료·반납,당일/5D 급등 후 상승분 상당 부분 반납,S3,False,,,2026-09-06T19:10:00Z,34054595745-1
KRW-MOODENG,무뎅,59.7,58.00666666666667,54.56,61.2825,-0.19499885294791408,-6.317204301075266,5.345462951631104,0.3708194348128349,-0.2533450464792759,,,,,False,False,False,False,483.8352543808706,10.351201478743066,11.0,A급,-1.1589403973509826,1.4568027515479116,1.0,-0.11470520761642788,0.09590143481919267,False,True,False,False,2026-09-07T04:28:14.981476+09:00,1788722894,0.0,0.0,,0,0.0,complete,,,975656.09089232,692676.48634004,0.16961822145901043,62.0,63.0,1.6129032258064502,-3.7096774193548288,5.238095238095234,329.9999999999996,complete_hourly_ordered,/v1/candles/minutes/60,120,False,25.0,52.8,2026-09-02T10:00:00,66.0,2026-09-06T02:00:00,D-1,9.545454545454547,47.72727272727266,True,False,,-100.0,-100.0,1.4568027515479116,-1.1589403973509826,1.0,-0.11470520761642788,0.09590143481919267,,,-100.0,-100.0,1.4568027515479116,-1.1589403973509826,1.0,-0.11470520761642788,0.09590143481919267,,,-100.0,-100.0,1.4568027515479116,-1.1589403973509826,1.0,-0.11470520761642788,0.09590143481919267,,,-100.0,-100.0,3.2182169237491394,0.1677852348993314,0.0,0.01147052076164723,-0.009591577999834122,,,-100.0,-100.0,3.2182169237491394,0.1677852348993314,0.0,0.01147052076164723,-0.009591577999834122,,,-100.0,-100.0,5.139108069005431,-0.6655574043261225,0.0,-0.04588208304656671,0.03836370357213781,,,-2941780.1699601696,-16522988.953372268,-1.1589403973509826,0,6154423.0491148485,0.0,-0.6655574043261225,False,True,falling,falling,unavailable,accelerating,neutral,False,False,False,pass,S0,🌱 초발사 준비,발사 구조 관찰 또는 초기 준비,S1,True,발사 구조 관찰 또는 초기 준비,2026-09-07T04:28:14.981476+09:00,2026-09-06T19:10:00Z,34054595745-1
KRW-XEC,이캐시,0.01,0.009740666666666667,0.0096632,0.009415916666666666,0.1027678816113875,-0.8016668046471801,-3.448947261286302,-0.25915045957358496,-0.14513225682941702,,,,,False,False,False,False,6.297792598141605,5.596620908130956,5.0,관찰,0.10010010010008674,0.330721211722107,0.0,0.006851192107415471,-0.0061647141582334974,False,False,False,False,2026-09-07T04:28:14.981476+09:00,1788722894,0.0,3386296.107612551,0.0,5,0.0,complete,1788722123485,1788723251468,6531254847.918406,51644120900.48072,-0.775463251800376,0.00992,0.0101,1.814516129032251,0.8064516129032251,0.9900990099009842,55.55555555555542,complete_hourly_ordered,/v1/candles/minutes/60,120,False,8.953613807982741,0.00927,2026-09-02T19:00:00,0.0101,2026-09-06T18:00:00,D-1,0.9900990099009799,12.048192771084357,True,False,-1.4346591397772936,-100.0,137.90202305774068,0.330721211722107,0.10010010010008674,0.0,0.006851192107415471,-0.0061647141582334974,,-1.4346591397772936,-100.0,137.90202305774068,0.330721211722107,0.10010010010008674,0.0,0.006851192107415471,-0.0061647141582334974,,-1.4346591397772936,-100.0,137.90202305774068,0.330721211722107,0.10010010010008674,0.0,0.006851192107415471,-0.0061647141582334974,,-3.079580540092245,-100.0,104.03475839951714,0.4735545749755099,0.20040080160321772,0.0,0.013702384214853147,-0.012329537437091975,,-3.079580540092245,-100.0,104.03475839951714,0.4735545749755099,0.20040080160321772,0.0,0.013702384214853147,-0.012329537437091975,,-0.19524663375968104,-100.0,41.89991216711859,1.4188831893745313,0.0,0.0,0.0,0.0,,-1.4346591397772936,-2042093.042478879,1962896.6492604585,0.10010010010008674,3386296.107612551,4806279.189409494,0.7045566797438989,0.0,False,False,falling,rising,sell_only,accelerating,neutral,False,False,False,pass,S0,🌱 초발사 준비,발사 구조 관찰 또는 초기 준비,S0,False,,,2026-09-06T19:10:00Z,34054595745-1
KRW-MON,모나드,36.6,37.81333333333334,33.158,34.015,-0.31634446397185156,-14.039849608943056,-11.166642167671142,0.5279475496716998,-0.07077608016008075,,,,,False,False,False,False,57.170608206833776,0.0,8.0,B급,1.104972375690605,0.19077304990156563,0.0,0.07029876977155958,-0.06750951711008746,False,False,False,False,2026-09-07T04:28:14.981476+09:00,1788722894,312628.83980656095,760650.700568949,0.4110018429914307,20,0.0,complete,1788722156432,1788723079236,6201206.79589904,5206310.09119183,0.0872141338517823,34.1,37.4,9.677419354838701,7.331378299120228,2.1390374331550728,24.242424242424242,complete_hourly_ordered,/v1/candles/minutes/60,120,False,12.979351032448383,33.9,2026-09-03T09:00:00,38.3,2026-09-04T19:00:00,D-3,4.6997389033942465,40.909090909090956,True,False,0.4110018429914307,,106.95674973000129,0.19077304990156563,1.104972375690605,0.0,0.07029876977155958,-0.06750951711008746,,0.4110018429914307,,106.95674973000129,0.19077304990156563,1.104972375690605,0.0,0.07029876977155958,-0.06750951711008746,,0.4110018429914307,,106.95674973000129,0.19077304990156563,1.104972375690605,0.0,0.07029876977155958,-0.06750951711008746,,-0.050947749464149705,-83.59742938967662,-81.56416829298563,0.5851424360950475,1.104972375690605,0.0,0.07029876977155958,-0.06750951711008746,,-0.050947749464149705,-83.59742938967662,-81.56416829298563,0.5851424360950475,1.104972375690605,0.0,0.07029876977155958,-0.06750951711008746,,-1.607271231340715,-99.64545493364358,-98.25896459281965,1.8061919811296576,1.3850415512465464,0.0,0.08787346221442727,-0.0843889640350568,,0.4110018429914307,312628.83980656095,393109.800568681,1.104972375690605,1073279.54037551,8376398.165561826,0.12813139002729373,1.3850415512465464,False,False,rising,rising,sell_advantage_weakening,accelerating,neutral,False,False,False,pass,S0,🌱 초발사 준비,발사 구조 관찰 또는 초기 준비,S0,False,,,2026-09-06T19:10:00Z,34054595745-1
KRW-ZIL,질리카,3.59,3.3786666666666667,3.3172,4.3205,0.6954102920723182,-1.8529683668957722,21.799174478262547,-1.0639373597619173,-0.8757183903221322,,,,,False,False,False,False,-84.78416360488556,-0.2777777777777879,8.0,B급,-0.5540166204986208,0.0006219982140578395,0.0,-0.039737730975586416,0.027842893630548815,False,False,False,False,2026-09-07T04:28:14.981476+09:00,1788722894,0.0,196084.98401299628,0.0,4,0.0,complete,1788722582153,1788723087184,24999486.81249159,38012216.82486081,-0.2065129057176526,3.54,3.64,2.824858757062154,1.412429378531077,1.373626373626381,50.0,complete_hourly_ordered,/v1/candles/minutes/60,120,False,8.955223880597018,3.35,2026-09-03T14:00:00,3.65,2026-09-04T14:00:00,D-3,1.6438356164383605,20.00000000000019,False,True,,,,0.0006219982140578395,-0.5540166204986208,0.0,-0.039737730975586416,0.027842893630548815,,,,,0.0006219982140578395,-0.5540166204986208,0.0,-0.039737730975586416,0.027842893630548815,,,,,0.0006219982140578395,-0.5540166204986208,0.0,-0.039737730975586416,0.027842893630548815,,-0.32909090909098304,-100.0,78.2590763754912,0.07362027556989403,0.0,0.0,0.0,0.0,,-0.32909090909098304,-100.0,78.2590763754912,0.07362027556989403,0.0,0.0,0.0,0.0,,-11.612856855855277,-100.0,-59.12628667133048,0.10646944211792686,-0.8287292817679592,0.0,0.019868865487771004,-0.013922252376868727,,,0.0,196084.98401299628,-0.5540166204986208,196084.98401299628,3566119.5280139158,0.05498553328699057,-0.8287292817679592,False,True,flat_or_na,rising,sell_only,accelerating,neutral,False,True,False,pass,S0,🌱 초발사 준비,발사 구조 관찰 또는 초기 준비,S0,False,,,2026-09-06T19:10:00Z,34054595745-1
KRW-GAME2,게임빌드,1.14,1.1099999999999999,1.12158,1.3857416666666666,0.30120481927709,1.0324720483603618,19.898489978290815,-1.0425390692570846,-1.0450837962006845,0.9903437471135766,,,,False,False,False,False,-42.40012629358611,0.0,5.0,관찰,-0.8695652173913104,0.01952461943935191,0.0,-0.0602409638554402,0.04328940582795937,False,False,False,False,2026-09-07T04:28:14.981476+09:00,1788722894,0.0,67160.81030088,0.0,6,0.0,complete,1788721999495,1788723227066,101922403.00864568,194912211.5610434,-0.3132714447309383,1.15,1.16,0.8695652173912993,-0.8695652173913104,1.7241379310344844,200.00000000000128,complete_hourly_ordered,/v1/candles/minutes/60,120,False,11.711711711711704,1.11,2026-09-02T18:00:00,1.24,2026-09-03T09:00:00,D-4,8.064516129032262,76.92307692307713,False,True,,,,0.01952461943935191,-0.8695652173913104,0.0,-0.0602409638554402,0.04328940582795937,,,,,0.01952461943935191,-0.8695652173913104,0.0,-0.0602409638554402,0.04328940582795937,,,,,0.01952461943935191,-0.8695652173913104,0.0,-0.0602409638554402,0.04328940582795937,,,,,0.023997439139890275,-0.8695652173913104,0.0,-0.0602409638554402,0.04328940582795937,,,,,0.023997439139890275,-0.8695652173913104,0.0,-0.0602409638554402,0.04328940582795937,,,,,0.023997439139890275,-0.8695652173913104,0.0,-0.0602409638554402,0.04328940582795937,,,0.0,67160.81030088,-0.8695652173913104,67160.81030088,1479478.0238173546,0.04539493606508019,-0.8695652173913104,False,False,flat_or_na,rising,sell_only,accelerating,neutral,False,True,False,pass,S0,🌱 초발사 준비,발사 구조 관찰 또는 초기 준비,S0,False,,,2026-09-06T19:10:00Z,34054595745-1
KRW-STX,스택스,366.0,352.1333333333333,247.02,277.21666666666664,1.245926777841655,-42.55255984670606,-27.0245896711357,-2.2610602377079068,-3.2375500366313132,,,,,False,False,False,False,-31.94738933106127,3.9772727272727293,9.0,B급,0.0,0.15457467734249164,0.0,0.0,0.0,False,False,False,False,2026-09-07T04:28:14.981476+09:00,1788722894,1846139.07455326,7055567.48652348,0.26165706416662965,9,0.0,complete,1788722300348,1788723215126,1524448.73822827,1464655.85916478,0.020003608811695144,368.0,373.0,1.3586956521739024,-0.5434782608695676,1.876675603217158,140.00000000000048,complete_hourly_ordered,/v1/candles/minutes/60,120,False,13.450292397660824,342.0,2026-09-02T10:00:00,388.0,2026-09-03T13:00:00,D-4,5.4123711340206215,45.65217391304344,True,True,-75.91635818682873,-80.13708507568715,5682.8266202281375,0.15457467734249164,0.0,0.0,0.0,0.0,,-75.91635818682873,-80.13708507568715,5682.8266202281375,0.15457467734249164,0.0,0.0,0.0,0.0,,-75.91635818682873,-80.13708507568715,5682.8266202281375,0.15457467734249164,0.0,0.0,0.0,0.0,,-1.0967834365393396,-92.95757428155486,-63.437958957389775,0.2598175628818957,1.104972375690605,0.0,0.07667241709792272,-0.08093023995296988,,-1.0967834365393396,-92.95757428155486,-63.437958957389775,0.2598175628818957,1.104972375690605,0.0,0.07667241709792272,-0.08093023995296988,,-1.0946334149230543,-55.93591746095652,128.40467085370818,0.4382960077481961,0.8264462809917328,0.0,0.05750431282345314,-0.06069585518403997,,-75.91635818682873,-7448262.48527785,6933558.51150349,0.0,8901706.56107674,71357431.78049502,0.12474813539337538,0.8264462809917328,False,False,falling,rising,sell_advantage_accelerating,accelerating,neutral,False,True,False,pass,S0,🌱 초발사 준비,발사 구조 관찰 또는 초기 준비,S0,False,,,2026-09-06T19:10:00Z,34054595745-1
KRW-FLOCK,플록,97.7,55.17333333333333,46.378,59.505,6.759545923632615,-18.96445153592939,7.279500322101791,-3.530441144209198,-4.017709639019411,,,1.8118532637113305,,False,False,False,False,164.11196504268696,103.32640332640332,12.0,A급,-3.168316831683171,0.48472222044051705,0.0,-0.41279669762641635,0.31681939598403375,False,False,False,True,2026-09-07T04:28:14.981476+09:00,1788722894,66381474.75517957,122672032.5512837,0.5411296558360068,286,0.0,complete,1788721996783,1788723264736,2134749.08663344,9274167.53363533,-0.6257753198334532,87.5,112.0,28.000000000000004,11.657142857142855,12.767857142857139,58.36734693877552,complete_hourly_ordered,/v1/candles/minutes/60,120,False,139.82869379014988,46.7,2026-09-02T10:00:00,112.0,2026-09-06T20:00:00,D-1,12.5,21.4395099540582,True,True,-0.3775389140809776,-54.62565792249343,-22.96858710715415,0.48472222044051705,-3.267326732673259,0.0,-0.41279669762641635,0.31681939598403375,0.10576272281829313,-0.3775389140809776,-54.62565792249343,-22.96858710715415,0.48472222044051705,-3.267326732673259,0.0,-0.41279669762641635,0.31681939598403375,0.10576272281829313,-0.3775389140809776,-54.62565792249343,-22.96858710715415,0.48472222044051705,-3.267326732673259,0.0,-0.41279669762641635,0.31681939598403375,0.10576272281829313,-1.0812127780152392,-89.95092549720316,-69.87221119560915,1.220452986064771,-2.104208416833664,0.0,-0.28379772961815153,0.217843828849845,0.07307650688414902,-1.0812127780152392,-89.95092549720316,-69.87221119560915,1.220452986064771,-2.104208416833664,0.0,-0.28379772961815153,0.217843828849845,0.07307650688414902,-0.12331048292556768,-62.566218661024834,-54.0359568192343,2.8314504219024457,-0.8121827411167515,0.0,-0.06449948400413241,0.04952174737240522,0.016751102634319226,-0.3775389140809776,-79915907.67692156,-36577328.12437467,-3.267326732673259,189053507.30646327,276526636.2650852,0.6836719596344127,-0.8121827411167515,False,False,falling,falling,sell_advantage_accelerating,accelerating,neutral,False,True,False,pass,S0,🌱 초발사 준비,발사 구조 관찰 또는 초기 준비,S0,False,,,2026-09-06T19:10:00Z,34054595745-1
KRW-PROVE,서싱트,246.0,240.0,239.88,286.96666666666664,0.278551532033422,-0.05002501250625502,16.36659310024392,-0.7067151042819539,-0.6418339671130624,,,,,True,False,False,False,-59.33139143924302,2.499999999999991,7.0,B급,0.0,0.2574013873696046,0.0,0.0,0.0,False,False,False,False,2026-09-07T04:28:14.981476+09:00,1788722894,4491666.16691376,0.0,,4,0.0,complete,1788722053628,1788722106145,216851.42685158,346310.47625121,-0.22987891880889672,249.0,249.0,0.0,-1.2048192771084376,1.2048192771084338,,complete_hourly_ordered,/v1/candles/minutes/60,120,False,5.508474576271194,236.0,2026-09-02T11:00:00,249.0,2026-09-06T08:00:00,D-1,1.2048192771084376,23.076923076922984,True,True,,,,0.2574013873696046,0.0,0.0,0.0,0.0,,,,,0.2574013873696046,0.0,0.0,0.0,0.0,,,,,0.2574013873696046,0.0,0.0,0.0,0.0,,,,,0.2574013873696046,0.0,0.0,0.0,0.0,,,,,0.2574013873696046,0.0,0.0,0.0,0.0,,,37950.11765165818,-100.0,0.32698381504141594,0.40816326530612734,0.0,0.027855153203337757,-0.02080344396980749,,,4491666.16691376,0.0,0.0,4491666.16691376,1054689.83950447,4.258755511500994,0.40816326530612734,False,False,rising,flat_or_na,buy_only,accelerating,neutral,False,False,False,pass,S0,🌱 초발사 준비,발사 구조 관찰 또는 초기 준비,S0,False,,,2026-09-06T19:10:00Z,34054595745-1
KRW-BSV,비트코인에스브이,22930.0,22858.666666666668,20807.6,20447.666666666668,-0.07577082240484145,-9.857295731687794,-11.791076406435941,0.3689350778404819,-0.03469031541278174,,,,,False,False,False,False,-34.21619011793084,6.453110492107705,5.0,관찰,0.5260850504164916,0.03127118450787947,0.0,0.03497114880224306,-0.0336587344437671,False,False,False,False,2026-09-07T04:28:14.981476+09:00,1788722894,3367442.3940359997,16282402.4555995,0.2068148360304127,17,0.0,complete,1788722582197,1788723206452,4836.42484901,6060.08013687,-0.11229796062550768,23050.0,23360.0,1.3449023861171305,-0.5206073752711537,1.8407534246575343,138.7096774193553,complete_hourly_ordered,/v1/candles/minutes/60,120,False,9.414519906323182,21350.0,2026-09-02T10:00:00,23360.0,2026-09-06T12:00:00,D-1,1.7551369863013644,20.398009950248642,True,True,0.2068148360304127,,2224.2486546306664,0.03127118450787947,0.5260850504164916,0.0,0.03497114880224306,-0.0336587344437671,,0.2068148360304127,,2224.2486546306664,0.03127118450787947,0.5260850504164916,0.0,0.03497114880224306,-0.0336587344437671,,0.2068148360304127,,2224.2486546306664,0.03127118450787947,0.5260850504164916,0.0,0.03497114880224306,-0.0336587344437671,,,,,0.05654488608836061,0.43802014892684316,0.0,0.029142624001876616,-0.028048716736632784,,,,,0.05654488608836061,0.43802014892684316,0.0,0.029142624001876616,-0.028048716736632784,,,,,0.07330179459513175,0.0,0.0,0.0,0.0,,0.2068148360304127,3367442.3940359997,15581857.682854999,0.5260850504164916,19649844.8496355,2866413.0893626995,6.855203432665152,0.0,False,False,rising,rising,sell_advantage_weakening,accelerating,neutral,False,False,False,pass,S0,🌱 초발사 준비,발사 구조 관찰 또는 초기 준비,S0,False,,,2026-09-06T19:10:00Z,34054595745-1
KRW-SUI,수이,1086.0,1055.0666666666666,1021.54,1162.0333333333333,-0.1829076001261476,-3.2819729689162096,9.205128940650013,-0.051772619560960506,-0.2681454879802706,,,,,False,False,False,False,29.493502008279314,8.817635270541091,9.0,B급,-0.27548209366391463,0.23013366815805014,0.0,-0.018921475875122162,0.015257519966880295,False,False,False,False,2026-09-07T04:28:14.981476+09:00,1788722894,463779.76750772,27015199.504380684,0.017167364151151842,24,0.0,complete,1788722039164,1788723239212,541459.28824533,429120.85639447,0.11574359157383216,1086.0,1110.0,2.20994475138121,0.0,2.1621621621621623,100.0,complete_hourly_ordered,/v1/candles/minutes/60,120,False,14.55108359133126,969.0,2026-09-02T19:00:00,1110.0,2026-09-06T11:00:00,D-1,2.3423423423423406,18.439716312056703,True,False,-0.1302902852741065,-70.42797992426173,154.00641185981598,0.23013366815805014,-0.27548209366391463,0.0,-0.018921475875122162,0.015257519966880295,,-0.1302902852741065,-70.42797992426173,154.00641185981598,0.23013366815805014,-0.27548209366391463,0.0,-0.018921475875122162,0.015257519966880295,,-0.1302902852741065,-70.42797992426173,154.00641185981598,0.23013366815805014,-0.27548209366391463,0.0,-0.018921475875122162,0.015257519966880295,,-1.1086021796167975,-98.72116974593033,-16.13924310074848,0.2945715804988822,0.3696857670979714,0.0,0.018921475875122162,-0.015258176481980357,,-1.1086021796167975,-98.72116974593033,-16.13924310074848,0.2945715804988822,0.3696857670979714,0.0,0.018921475875122162,-0.015258176481980357,,-1.5770740496640503,-99.16535130368254,-22.49063362666025,0.7298296727773916,-0.3669724770642202,0.0,-0.018921475875122162,0.015257519966880295,,-0.1302902852741065,-1104526.24040081,16379562.668846726,-0.27548209366391463,27478979.271888405,165521461.52006555,0.16601460027923468,-0.3669724770642202,False,False,falling,rising,sell_advantage_accelerating,accelerating,neutral,False,False,False,pass,S0,🌱 초발사 준비,발사 구조 관찰 또는 초기 준비,S0,False,,,2026-09-06T19:10:00Z,34054595745-1
KRW-SYRUP,메이플파이낸스,300.0,271.6666666666667,246.38,248.85,0.8913097301312289,-10.263278945801888,-9.168843346058546,-0.8281568053731772,-1.2799306793328007,,,,,False,False,False,False,221.37469657465445,11.940298507462677,10.0,A급,-0.33222591362126463,0.9686582095685878,1.0,-0.024758603614749575,0.02313334750875562,False,False,False,False,2026-09-07T04:28:14.981476+09:00,1788722894,0.0,0.0,,0,0.0,complete,,,505495.10926762,536447.4594017,-0.029706387918875053,292.0,301.0,3.082191780821919,2.7397260273972712,0.33222591362126247,11.111111111110791,complete_hourly_ordered,/v1/candles/minutes/60,120,False,23.461538461538467,260.0,2026-09-02T10:00:00,321.0,2026-09-05T02:00:00,D-2,6.542056074766355,34.42622950819678,False,False,,-100.0,,0.9686582095685878,-0.33222591362126463,1.0,-0.024758603614749575,0.02313334750875562,,,-100.0,,0.9686582095685878,-0.33222591362126463,1.0,-0.024758603614749575,0.02313334750875562,,,-100.0,,0.9686582095685878,-0.33222591362126463,1.0,-0.024758603614749575,0.02313334750875562,,,-100.0,-100.0,1.052815751842303,1.3513513513513598,0.0,0.09903441445904271,-0.09254888561244279,,,-100.0,-100.0,1.052815751842303,1.3513513513513598,0.0,0.09903441445904271,-0.09254888561244279,,,-100.0,,1.907099815444809,1.3513513513513598,0.0,0.09903441445904271,-0.09254888561244279,,,-201048.20276392,0.0,-0.33222591362126463,0,4624421.273258906,0.0,1.3513513513513598,False,True,falling,flat_or_na,unavailable,accelerating,neutral,False,False,False,pass,S0,🌱 초발사 준비,발사 구조 관찰 또는 초기 준비,S0,False,,,2026-09-06T19:10:00Z,34054595745-1
KRW-BTC,비트코인,108816000.0,108632466.66666667,97779200.0,99670100.0,0.1991701142753266,-11.099770366976486,-8.992031378183299,-0.12718154155871259,-0.5342824866015723,,,,,False,False,False,False,-0.24637198275794248,1.6952478856128161,7.0,B급,-0.11198722244150083,0.10086113490275217,0.0,-0.007501930824815872,0.00704842878852574,False,False,False,False,2026-09-07T04:28:14.981476+09:00,1788722894,35023059.394800074,45647228.700210005,0.7672548891152936,663,0.0,complete,1788722026127,1788723240618,0.26726476,8.15668704,-0.9365464650450636,108954000.0,109280000.0,0.29920884042806684,-0.12665895699102148,0.42459736456808195,142.33128834355807,complete_hourly_ordered,/v1/candles/minutes/60,120,False,6.869209263270393,104801000.0,2026-09-02T20:00:00,112000000.0,2026-09-04T06:00:00,D-3,2.841071428571429,44.20058341436311,True,False,-0.462210253481652,-61.771035697162624,-38.74111496100385,0.10086113490275217,-0.11474100659990549,0.0,-0.007501930824815872,0.00704842878852574,,-0.462210253481652,-61.771035697162624,-38.74111496100385,0.10086113490275217,-0.11474100659990549,0.0,-0.007501930824815872,0.00704842878852574,,-0.462210253481652,-61.771035697162624,-38.74111496100385,0.10086113490275217,-0.11474100659990549,0.0,-0.007501930824815872,0.00704842878852574,,-1.4089268578758887,-57.41140952787831,20.79494641263464,0.16707651031514503,0.1352731689810316,0.0,0.008731755550206444,-0.008204090003355091,,-1.4089268578758887,-57.41140952787831,20.79494641263464,0.16707651031514503,0.1352731689810316,0.0,0.008731755550206444,-0.008204090003355091,,0.5628142948217508,-73.5775853103337,-92.95955719740732,0.36140388503176357,0.10763668479010224,0.0,0.005411228791674105,-0.005084201835908075,,-0.462210253481652,-56590877.926019885,-28868049.648639992,-0.11474100659990549,80670288.09501007,1319753477.2479856,0.06112527035217796,0.10763668479010224,False,False,falling,falling,sell_advantage_accelerating,accelerating,neutral,False,False,False,pass,S0,🌱 초발사 준비,발사 구조 관찰 또는 초기 준비,S0,False,,,2026-09-06T19:10:00Z,34054595745-1
KRW-HOLO,홀로월드에이아이,91.8,90.31333333333333,93.36,99.77416666666666,0.051698670605615504,3.26335332762068,9.482247408731379,-0.27880734151211845,-0.18775933514118873,11.704689374109746,,,,False,False,False,False,62.23735314291516,5.760368663594462,7.0,B급,0.0,0.05904965563063769,0.0,0.0,0.0,False,False,False,False,2026-09-07T04:28:14.981476+09:00,1788722894,1689242.983328777,0.0,,4,0.0,complete,1788722711890,1788723184789,819794.94837372,1360568.06462351,-0.24801976231765996,91.1,92.6,1.6465422612513825,0.7683863885839859,0.8639308855291546,53.33333333333289,complete_hourly_ordered,/v1/candles/minutes/60,120,False,13.477737665463296,83.1,2026-09-03T10:00:00,94.3,2026-09-04T09:00:00,D-3,2.545068928950145,21.428571428571246,True,False,,1150.2283667029283,,0.05904965563063769,0.0,0.0,0.0,0.0,,,1150.2283667029283,,0.05904965563063769,0.0,0.0,0.0,0.0,,,1150.2283667029283,,0.05904965563063769,0.0,0.0,0.0,0.0,,,77.25943388627134,-100.0,0.22572206728816724,-0.21739130434782483,0.0,-0.014771048744455229,0.01185127072200487,,,77.25943388627134,-100.0,0.22572206728816724,-0.21739130434782483,0.0,-0.014771048744455229,0.01185127072200487,,,-17.6644964083304,-100.0,0.2718979992352999,-0.21739130434782483,0.0,-0.014771048744455229,0.01185127072200487,,,1554128.229231203,0.0,0.0,1689242.983328777,11226394.558907952,0.15047065863085948,-0.21739130434782483,False,False,rising,flat_or_na,buy_only,accelerating,neutral,False,False,False,pass,S0,🌱 초발사 준비,발사 구조 관찰 또는 초기 준비,S0,False,,,2026-09-06T19:10:00Z,34054595745-1
KRW-MIRA,미라네트워크,63.4,60.6,59.728,76.88416666666667,0.6644518272425293,-1.4599517814090541,21.180130282567937,-0.560000611514907,-0.9862330611349386,,,,,False,False,False,False,-9.83382106789673,6.734006734006726,8.0,B급,0.0,0.04130142786742397,0.0,0.0,0.0,False,False,False,False,2026-09-07T04:28:14.981476+09:00,1788722894,5531779.191448296,3088176.672333232,1.791276788341527,12,0.0,complete,1788722199556,1788722581094,1359856.0332449,1373959.64934579,-0.005158949153267297,64.2,65.5,2.024922118380057,-1.2461059190031265,3.20610687022901,161.53846153846226,complete_hourly_ordered,/v1/candles/minutes/60,120,False,15.187713310580197,58.6,2026-09-02T06:00:00,67.5,2026-09-02T21:00:00,D-4,6.074074074074076,46.067415730337125,True,True,,7.95880541627092,,0.04130142786742397,0.0,0.0,0.0,0.0,,,7.95880541627092,,0.04130142786742397,0.0,0.0,0.0,0.0,,,7.95880541627092,,0.04130142786742397,0.0,0.0,0.0,0.0,,-1.3393793466121715,3.020970143519297,80.05214733302167,0.09713518604888094,0.15797788309637184,0.0,0.011074197120719553,-0.007816823436836984,,-1.3393793466121715,3.020970143519297,80.05214733302167,0.09713518604888094,0.15797788309637184,0.0,0.011074197120719553,-0.007816823436836984,,1.2352476574584426,15.083704532030119,-64.27693775399383,0.12301287139170292,0.47543581616480424,0.0,0.033222591362136455,-0.023450978677686862,,,407806.97804829665,3088176.672333232,0.0,8619955.863781529,23310657.409664653,0.36978604731274867,0.47543581616480424,False,False,rising,rising,buy_advantage_weakening,accelerating,neutral,False,True,False,pass,S0,🌱 초발사 준비,발사 구조 관찰 또는 초기 준비,S0,False,,,2026-09-06T19:10:00Z,34054595745-1
KRW-SUN,썬,22.9,23.173333333333336,24.936,26.217499999999998,-0.4296763105127388,7.068762699176549,11.611201169702154,0.10498777848817546,0.18735279401098542,,,,,False,False,False,False,-42.230151667313166,2.690582959641241,4.0,-,0.0,0.0,0.0,0.0,0.0,False,False,False,False,2026-09-07T04:28:14.981476+09:00,1788722894,0.0,0.0,,0,0.0,complete,,,1701017.52089338,4168210.65654498,-0.4203607460919015,23.0,23.1,0.43478260869564966,-0.43478260869566077,0.8658008658008781,200.0000000000026,complete_hourly_ordered,/v1/candles/minutes/60,120,False,5.4794520547945424,21.9,2026-09-02T19:00:00,23.1,2026-09-06T01:00:00,D-1,0.8658008658008809,16.666666666666803,False,False,,,,0.0,0.0,0.0,0.0,0.0,,,,,0.0,0.0,0.0,0.0,0.0,,,,,0.0,0.0,0.0,0.0,0.0,,,-100.0,-100.0,0.25897644528082253,0.0,0.0,0.0,0.0,,,-100.0,-100.0,0.25897644528082253,0.0,0.0,0.0,0.0,,,,-100.0,0.35387676821289205,0.0,0.0,0.0,0.0,,,0.0,0.0,0.0,0,448619.4649448,0.0,0.0,False,False,flat_or_na,flat_or_na,unavailable,flat_or_na,neutral,False,False,False,pass,S0,🌱 초발사 준비,발사 구조 관찰 또는 초기 준비,S0,False,,,2026-09-06T19:10:00Z,34054595745-1
KRW-ZBT,제로베이스,116.0,112.66666666666667,136.54,168.04166666666666,0.5353955978584235,17.48449782725452,32.953136622861386,-0.564897957490421,-0.7375641329334371,,,,,False,False,False,False,-62.33428024854813,0.0,6.0,관찰,0.0,0.01756308856852229,0.0,0.0,0.0,False,False,False,False,2026-09-07T04:28:14.981476+09:00,1788722894,199999.9999998,636667.40988372,0.31413575894567575,2,0.0,complete,1788722396966,1788723195623,3961639.27693931,7308831.63536161,-0.29698779975281037,116.0,117.0,0.8620689655172376,0.0,0.8547008547008548,100.0,complete_hourly_ordered,/v1/candles/minutes/60,120,False,6.363636363636371,110.0,2026-09-02T19:00:00,117.0,2026-09-05T00:00:00,D-2,0.0,0.0,False,True,0.31413575894567575,,-79.21930229272898,0.01756308856852229,0.0,0.0,0.0,0.0,,0.31413575894567575,,-79.21930229272898,0.01756308856852229,0.0,0.0,0.0,0.0,,0.31413575894567575,,-79.21930229272898,0.01756308856852229,0.0,0.0,0.0,0.0,,,-83.51099596550918,,0.039799885366925025,-0.8547008547008517,0.0,-0.05948839976204212,0.036345985154355276,,,-83.51099596550918,,0.039799885366925025,-0.8547008547008517,0.0,-0.05948839976204212,0.036345985154355276,,,,,0.14895884464596776,0.0,0.0,0.0,0.0,,0.31413575894567575,199999.9999998,-2427076.73794128,0.0,836667.40988352,6688256.60190345,0.1250949925643415,0.0,False,False,rising,falling,sell_advantage_weakening,accelerating,leading_buy_inflow,False,False,False,pass,S0,🌱 초발사 준비,발사 구조 관찰 또는 초기 준비,S0,False,,,2026-09-06T19:10:00Z,34054595745-1
KRW-ONG,온톨로지가스,127.0,145.22666666666666,91.696,85.14666666666668,1.207953911912285,-58.37840981794916,-70.56060131537735,0.25307124857804625,-1.6954035138592274,,,,,False,False,False,False,-82.55281373660284,-15.333333333333332,6.0,관찰,-0.78125,0.022979989683719282,0.0,-0.04645976584278788,0.06159742026159165,False,False,False,False,2026-09-07T04:28:14.981476+09:00,1788722894,1247773.90015144,29071014.198329024,0.04292158132629445,39,0.0,complete,1788722095604,1788723235442,4485731.4107171,9937354.18930139,-0.37797895192255543,133.0,133.0,0.0,-4.511278195488721,4.511278195488721,,complete_hourly_ordered,/v1/candles/minutes/60,120,False,10.9375,128.0,2026-09-03T14:00:00,142.0,2026-09-03T22:00:00,D-4,9.859154929577462,100.0,False,True,0.0038501464024411416,679.809949472808,609.8595334169289,0.022979989683719282,-0.78125,0.0,-0.04645976584278788,0.06159742026159165,,0.0038501464024411416,679.809949472808,609.8595334169289,0.022979989683719282,-0.78125,0.0,-0.04645976584278788,0.06159742026159165,,0.0038501464024411416,679.809949472808,609.8595334169289,0.022979989683719282,-0.78125,0.0,-0.04645976584278788,0.06159742026159165,,,4888.102738962382,,0.02869702397134688,-0.78125,0.0,-0.04645976584278788,0.06159742026159165,,,4888.102738962382,,0.02869702397134688,-0.78125,0.0,-0.04645976584278788,0.06159742026159165,,-0.04957351430310107,-40.469365631310694,28.287251975901782,0.03655978515882907,0.0,0.0,0.0,0.0,,0.0038501464024411416,1087763.90015144,24975694.937292285,-0.78125,30318788.098480463,51933631.95454492,0.5837987245917459,0.0,False,False,rising,rising,sell_advantage_weakening,accelerating,leading_buy_inflow,False,True,False,pass,S0,🌱 초발사 준비,발사 구조 관찰 또는 초기 준비,S0,False,,,2026-09-06T19:10:00Z,34054595745-1
KRW-BTT,비트토렌트,0.000411,0.00040553333333333334,0.00038774,0.00041100833333333335,0.06580029610132598,-4.588985746462402,1.3320897792015598,-0.19639433825179786,-0.3849281663634588,,,3.460619137815359,,False,False,False,False,-34.448900633317535,1.985111662531036,11.0,A급,0.0,0.2859728821781644,0.0,0.0,0.0,False,False,False,False,2026-09-07T04:28:14.981476+09:00,1788722894,0.0,413056.5537844142,0.0,3,0.0,complete,1788722244557,1788722244557,742937267297.0391,474860704497.8312,0.22013221323081952,0.000411,0.000414,0.7299270072992581,0.0,0.7246376811594117,100.0,complete_hourly_ordered,/v1/candles/minutes/60,120,False,4.271356783919589,0.000398,2026-09-02T21:00:00,0.000415,2026-09-04T00:00:00,D-3,0.9638554216867434,23.529411764706033,False,True,,-100.0,,0.2859728821781644,0.0,0.0,0.0,0.0,0.0,,-100.0,,0.2859728821781644,0.0,0.0,0.0,0.0,0.0,,-100.0,,0.2859728821781644,0.0,0.0,0.0,0.0,0.0,-0.08131021792878589,-100.0,571.0433247777021,0.313371447766599,-0.4842615012106477,0.0,-0.032900148050685196,0.028438338697142962,0.12319313843552315,-0.08131021792878589,-100.0,571.0433247777021,0.313371447766599,-0.4842615012106477,0.0,-0.032900148050685196,0.028438338697142962,0.12319313843552315,,-100.0,,0.5305893221616884,0.0,0.0,0.0,0.0,0.0,,-13992.999999999996,413056.5537844142,0.0,413056.5537844142,1779256.226141776,0.23215124821010502,0.0,False,True,falling,rising,sell_only,accelerating,neutral,False,False,False,pass,S0,🌱 초발사 준비,발사 구조 관찰 또는 초기 준비,S1,True,발사 구조 관찰 또는 초기 준비,2026-09-07T04:28:14.981476+09:00,2026-09-06T19:10:00Z,34054595745-1
KRW-ENSO,엔소,1216.0,1186.6,1207.96,1113.4166666666667,0.16319639842430345,1.7682704725322136,-6.572861312775974,0.051694101853924625,-0.31840058354044276,,,,,False,False,False,False,-43.30589789970143,4.020530367835762,3.0,-,-0.24610336341263084,0.08812270444204273,0.0,-0.016882386043892694,0.015569453691362867,False,False,False,False,2026-09-07T04:28:14.981476+09:00,1788722894,757243.95895206,854617.5579315199,0.8860617850923413,5,0.0,complete,1788722304520,1788722987867,88421.68146324,57476.93913607,0.21209756610485972,1245.0,1278.0,2.650602409638547,-2.329317269076303,4.851330203442879,187.87878787878802,complete_hourly_ordered,/v1/candles/minutes/60,120,False,12.302284710017574,1138.0,2026-09-04T17:00:00,1278.0,2026-09-06T15:00:00,D-1,4.616588419405321,42.142857142857146,False,False,0.30838299220715537,-29.311978174018595,-53.914081605924366,0.08812270444204273,-0.24610336341263084,0.0,-0.016882386043892694,0.015569453691362867,,0.30838299220715537,-29.311978174018595,-53.914081605924366,0.08812270444204273,-0.24610336341263084,0.0,-0.016882386043892694,0.015569453691362867,,0.30838299220715537,-29.311978174018595,-53.914081605924366,0.08812270444204273,-0.24610336341263084,0.0,-0.016882386043892694,0.015569453691362867,,0.8860617850923413,,35.53932035421698,0.10733357267436361,0.3300330033003229,0.0,0.016882386043892694,-0.015570152881647203,,0.8860617850923413,,35.53932035421698,0.10733357267436361,0.3300330033003229,0.0,0.016882386043892694,-0.015570152881647203,,-182.59181260477416,-91.56260348036908,1647.141796263119,0.22754092801833536,0.0,0.0,0.0,0.0,,0.30838299220715537,-314003.9546141599,-999783.06532129,-0.24610336341263084,1611861.51688358,9398794.31332799,0.17149662639152286,0.0,False,False,falling,falling,sell_advantage_weakening,accelerating,neutral,False,True,False,pass,S0,🌱 초발사 준비,발사 구조 관찰 또는 초기 준비,S0,False,,,2026-09-06T19:10:00Z,34054595745-1
KRW-BIRB,문버드,82.4,79.65333333333334,77.182,109.05583333333334,0.5300799326882544,-3.20195555094884,26.96096036433937,-0.7207120570036609,-0.9997771000707569,,,,,False,False,False,False,-8.72959761241633,4.303797468354431,8.0,B급,0.0,0.012441053989752149,0.0,0.0,0.0,False,False,False,False,2026-09-07T04:28:14.981476+09:00,1788722894,489714.94015998003,1711776.160456344,0.28608585133550785,10,0.0,complete,1788722540653,1788723289377,558430.30547942,794986.35039688,-0.1747843458925784,83.8,84.9,1.312649164677815,-1.6706443914081048,2.9446407538280326,227.27272727272552,complete_hourly_ordered,/v1/candles/minutes/60,120,False,9.974093264248719,77.2,2026-09-03T22:00:00,84.9,2026-09-06T14:00:00,D-1,2.9446407538280317,32.46753246753254,True,True,,,,0.012441053989752149,0.0,0.0,0.0,0.0,,,,,0.012441053989752149,0.0,0.0,0.0,0.0,,,,,0.012441053989752149,0.0,0.0,0.0,0.0,,,6875.996299171452,,0.012441053989752149,0.0,0.0,0.0,0.0,,,6875.996299171452,,0.012441053989752149,0.0,0.0,0.0,0.0,,-11.61619821349122,-97.07290825413511,21.778400715930157,0.17665704661330395,-0.7228915662650492,0.0,-0.05048380311318823,0.033328232425240856,,,489714.94015998003,1711776.160456344,0.0,2201491.100616324,5059006.704433029,0.4351627165639523,-0.7228915662650492,False,False,rising,rising,sell_advantage_weakening,accelerating,neutral,False,True,False,pass,S0,🌱 초발사 준비,발사 구조 관찰 또는 초기 준비,S0,False,,,2026-09-06T19:10:00Z,34054595745-1
KRW-ONT,온톨로지,75.6,76.02666666666667,62.398,69.33916666666667,0.8846426043878308,-21.841512014273963,-9.644621245808645,-0.8277629753584197,-1.3614538671671197,,,,,False,False,False,False,-79.09789707529296,0.8000000000000007,8.0,B급,0.13245033112581073,0.035770439054076064,0.0,0.008846426043884748,-0.008296942272854935,False,False,False,False,2026-09-07T04:28:14.981476+09:00,1788722894,435556.090158696,33787.440387584,12.89106499818647,5,0.0,complete,1788722143607,1788722449851,796932.76905993,1706924.37785567,-0.36343591323359714,76.5,77.9,1.8300653594771399,-1.176470588235301,2.952503209242633,164.2857142857141,complete_hourly_ordered,/v1/candles/minutes/60,120,False,10.906515580736542,70.6,2026-09-03T10:00:00,78.3,2026-09-05T09:00:00,D-2,3.4482758620689724,35.06493506493503,False,False,,-94.76918631705874,,0.035770439054076064,0.13245033112581073,0.0,0.008846426043884748,-0.008296942272854935,,,-94.76918631705874,,0.035770439054076064,0.13245033112581073,0.0,0.008846426043884748,-0.008296942272854935,,,-94.76918631705874,,0.035770439054076064,0.13245033112581073,0.0,0.008846426043884748,-0.008296942272854935,,-63.57700231301154,-90.85841344455416,-45.773335550529225,0.060854717111382683,0.2652519893899141,0.0,0.01769285208774729,-0.016594083979434515,,-63.57700231301154,-90.85841344455416,-45.773335550529225,0.060854717111382683,0.2652519893899141,0.0,0.01769285208774729,-0.016594083979434515,,-315.89982766834424,-80.44127714481597,398.8517199996988,0.16519367128769602,0.0,0.0,0.0,0.0,,,-7891180.753463397,33787.440387584,0.13245033112581073,469343.53054628,10755096.89210767,0.04363917268757427,0.0,False,False,falling,rising,buy_advantage_weakening,accelerating,neutral,False,True,False,pass,S0,🌱 초발사 준비,발사 구조 관찰 또는 초기 준비,S0,False,,,2026-09-06T19:10:00Z,34054595745-1
KRW-SOMI,솜니아,178.0,157.93333333333334,139.34,168.575,1.239316239316235,-13.343859145495433,6.312719363290317,-0.8261017080435911,-1.4520497883629733,,,4.347453795236055,,False,False,False,False,-84.33554597165978,17.88079470198676,12.0,A급,-1.1111111111111072,0.005521364518955352,2.0,-0.08547008547008517,0.06982479554774024,False,False,False,True,2026-09-07T04:28:14.981476+09:00,1788722894,0.0,154833.02296469,0.0,4,0.0,complete,1788722249046,1788722867318,456750.19365643,1502766.76253498,-0.5338134817223663,170.0,184.0,8.23529411764705,4.705882352941182,3.260869565217391,42.85714285714274,complete_hourly_ordered,/v1/candles/minutes/60,120,False,32.37410071942446,139.0,2026-09-02T18:00:00,184.0,2026-09-06T21:00:00,D-1,3.2608695652173947,13.333333333333327,True,False,-0.022459790169326182,-100.0,-31.43457339116351,0.005521364518955352,-1.1111111111111072,2.0,-0.08547008547008517,0.06982479554774024,0.08904194876205196,-0.022459790169326182,-100.0,-31.43457339116351,0.005521364518955352,-1.1111111111111072,2.0,-0.08547008547008517,0.06982479554774024,0.08904194876205196,-0.022459790169326182,-100.0,-31.43457339116351,0.005521364518955352,-1.1111111111111072,2.0,-0.08547008547008517,0.06982479554774024,0.08904194876205196,0.0,,-88.53503760548602,0.013440600778523049,0.0,0.0,0.0,0.0,0.0,0.0,,-88.53503760548602,0.013440600778523049,0.0,0.0,0.0,0.0,0.0,-1.2880944084983064,-100.0,-85.08560973360045,0.07133146937643176,-0.5586592178770999,2.0,-0.04273504273504258,0.034914123547355125,0.04473623875655797,-0.022459790169326182,-5071.82319,-70984.90105700001,-1.1111111111111072,154833.02296469,2233240.4485333147,0.06933110273297123,-0.5586592178770999,False,True,falling,falling,sell_only,accelerating,neutral,False,True,False,pass,S0,🌱 초발사 준비,발사 구조 관찰 또는 초기 준비,S0,False,,,2026-09-06T19:10:00Z,34054595745-1
KRW-DEEP,딥북,21.4,19.813333333333333,21.63,28.6225,1.054063243794623,8.398828787178301,30.777069321920404,-0.6508382584322527,-0.7087144862205008,12.904632876698896,,,,False,False,False,False,47.76044390808445,8.629441624365475,8.0,B급,0.0,0.05347244678586094,0.0,0.0,0.0,False,False,False,False,2026-09-07T04:28:14.981476+09:00,1788722894,0.0,1170473.0,0.0,8,0.0,complete,1788722464365,1788723200804,8621024.85835553,8574376.53518798,0.0027128371184789468,21.4,21.8,1.869158878504673,0.0,1.8348623853211108,100.0,complete_hourly_ordered,/v1/candles/minutes/60,120,False,16.0621761658031,19.3,2026-09-02T19:00:00,22.4,2026-09-05T21:00:00,D-2,4.46428571428571,32.258064516129025,True,True,,-100.0,,0.05347244678586094,0.0,0.0,0.0,0.0,,,-100.0,,0.05347244678586094,0.0,0.0,0.0,0.0,,,-100.0,,0.05347244678586094,0.0,0.0,0.0,0.0,,-1.4924833872902568,-100.0,-26.396161874002367,0.21097902067461405,-0.46511627906977715,0.0,-0.034002040122427246,0.02127568036922156,,-1.4924833872902568,-100.0,-26.396161874002367,0.21097902067461405,-0.46511627906977715,0.0,-0.034002040122427246,0.02127568036922156,,-0.1430794891791987,-100.0,-83.25293210619283,0.5667158786718929,-1.382488479262678,0.0,-0.10200612036723733,0.0638233248316098,,,-5033.411214895,1170473.0,0.0,1170473.0,4376723.326466411,0.26743134365429316,-1.382488479262678,False,False,falling,rising,sell_only,accelerating,neutral,False,False,False,pass,S0,🌱 초발사 준비,발사 구조 관찰 또는 초기 준비,S0,False,,,2026-09-06T19:10:00Z,34054595745-1
KRW-STRAX,저트라,13.1,13.093333333333334,12.712,14.7725,0.2552322613578406,-2.999790224459833,11.366841541151917,-0.5019929795413163,-0.6095655616551248,,,,,False,False,False,False,-59.40904875548304,-1.5037593984962516,8.0,B급,-0.7575757575757569,0.0468203771945781,0.0,-0.05104645227156368,0.04012673970787084,False,False,False,False,2026-09-07T04:28:14.981476+09:00,1788722894,0.0,265455.128930917,0.0,1,0.0,complete,1788722622768,1788722622768,24132247.50594439,48507039.94251788,-0.3355593548996121,13.2,13.5,2.2727272727272707,-0.7575757575757569,2.9629629629629655,133.33333333333331,complete_hourly_ordered,/v1/candles/minutes/60,120,False,7.14285714285714,12.6,2026-09-02T20:00:00,13.5,2026-09-06T11:00:00,D-1,2.9629629629629672,44.44444444444431,False,True,,-100.0,,0.0468203771945781,-0.7575757575757569,0.0,-0.05104645227156368,0.04012673970787084,,,-100.0,,0.0468203771945781,-0.7575757575757569,0.0,-0.05104645227156368,0.04012673970787084,,,-100.0,,0.0468203771945781,-0.7575757575757569,0.0,-0.05104645227156368,0.04012673970787084,,,,,0.14197959955338746,-0.7575757575757569,0.0,-0.05104645227156368,0.04012673970787084,,,,,0.14197959955338746,-0.7575757575757569,0.0,-0.05104645227156368,0.04012673970787084,,-0.058242305758804354,-100.0,-69.06557646610196,0.18107259844386192,0.0,0.0,0.0,0.0,,,-5017.99999998,265455.128930917,-0.7575757575757569,265455.128930917,2267743.999776565,0.11705692042711682,0.0,False,False,falling,rising,sell_only,accelerating,neutral,False,True,False,pass,S0,🌱 초발사 준비,발사 구조 관찰 또는 초기 준비,S0,False,,,2026-09-06T19:10:00Z,34054595745-1
KRW-ICP,인터넷컴퓨터,3643.0,3397.266666666667,3196.22,3461.9083333333333,0.856984522819948,-6.290138559506763,1.8672264093262558,-0.21303907235781497,-0.7348259958286908,,,2.541045662409527,,False,False,False,False,104.9529273653615,6.0553129548762685,14.0,A급,-0.27374760470846304,0.00023812449457238927,0.0,-0.019791790365331074,0.016894591658678237,True,False,False,False,2026-09-07T04:28:14.981476+09:00,1788722894,0.0,0.0,,0,0.0,complete,,,19955.66108255,27360.69021018,-0.15650042586372798,3645.0,3822.0,4.855967078189294,-0.05486968449931462,4.683411826268969,101.12994350282487,complete_hourly_ordered,/v1/candles/minutes/60,120,False,16.666666666666675,3276.0,2026-09-04T21:00:00,3822.0,2026-09-06T23:00:00,D-1,4.683411826268968,32.78388278388279,False,True,,-100.0,-100.0,0.00023812449457238927,-0.27374760470846304,0.0,-0.019791790365331074,0.016894591658678237,0.03451694365669544,,-100.0,-100.0,0.00023812449457238927,-0.27374760470846304,0.0,-0.019791790365331074,0.016894591658678237,0.03451694365669544,,-100.0,-100.0,0.00023812449457238927,-0.27374760470846304,0.0,-0.019791790365331074,0.016894591658678237,0.03451694365669544,,,-100.0,0.1135845842001828,-0.437277944793657,0.0,-0.031666864584556365,0.02703095625786811,0.05507506401287454,,,-100.0,0.1135845842001828,-0.437277944793657,0.0,-0.031666864584556365,0.02703095625786811,0.05507506401287454,,-100.0,-100.0,0.8738131028669756,-0.7897603485838789,0.0,-0.057396192059511186,0.04899207516972681,0.0992316315612336,,-5165.99998664,-5161.760927570001,-0.27374760470846304,0,3154648.8893111954,0.0,-0.7897603485838789,False,True,falling,falling,unavailable,accelerating,neutral,False,False,False,pass,S1,⚡ 선행 시동,가격 미급등 상태에서 선행조건 3개 개선,S1,False,,,2026-09-06T19:10:00Z,34054595745-1
KRW-BREV,브레비스,108.0,102.61333333333333,101.25399999999999,121.16416666666667,0.5224660397074254,-1.3424984033552643,15.310494714471421,-0.7265415650337557,-0.9949153895908921,,,,,False,False,False,False,-8.166612027455145,5.882352941176472,8.0,B급,0.0,0.05332836021528742,0.0,0.0,0.0,False,False,False,False,2026-09-07T04:28:14.981476+09:00,1788722894,0.0,0.0,,0,0.0,complete,,,1129782.68478686,3131221.70312616,-0.46971062128372426,111.0,111.0,0.0,-2.7027027027026973,2.7027027027027026,,complete_hourly_ordered,/v1/candles/minutes/60,120,False,10.8910891089109,101.0,2026-09-02T01:00:00,112.0,2026-09-06T05:00:00,D-1,3.57142857142857,36.36363636363637,False,True,,-100.0,,0.05332836021528742,0.0,0.0,0.0,0.0,,,-100.0,,0.05332836021528742,0.0,0.0,0.0,0.0,,,-100.0,,0.05332836021528742,0.0,0.0,0.0,0.0,,,,,0.09243952866737715,0.0,0.0,0.0,0.0,,,,,0.09243952866737715,0.0,0.0,0.0,0.0,,,-100.0,,0.4867883597061926,0.0,0.0,0.0,0.0,,,-5009.99999904,0.0,0.0,0,3819535.1473651,0.0,0.0,False,False,falling,flat_or_na,unavailable,accelerating,neutral,False,False,False,pass,S0,🌱 초발사 준비,발사 구조 관찰 또는 초기 준비,S0,False,,,2026-09-06T19:10:00Z,34054595745-1
KRW-ICX,아이콘,19.6,20.66,27.16,37.76416666666667,-1.5252621544327938,23.932253313696613,45.29205375466161,0.13511841009440495,0.21779167254758036,,,,,False,False,False,False,-62.05972183775606,-10.09174311926605,2.0,-,0.0,0.0034319170610856986,0.0,0.0,0.0,False,False,False,False,2026-09-07T04:28:14.981476+09:00,1788722894,2100753.5852545733,4513914.667127551,0.46539505953740085,14,0.0,complete,1788722450660,1788723282831,9319402.99697342,13396187.62320771,-0.17947077381348686,20.1,20.1,0.0,-2.487562189054726,2.487562189054726,,complete_hourly_ordered,/v1/candles/minutes/60,120,False,27.80487804878049,20.5,2026-09-02T09:00:00,26.2,2026-09-02T10:00:00,D-4,25.954198473282442,119.2982456140351,False,True,0.3707061736405519,107081.30537013127,21707.017901211908,0.0034319170610856986,0.0,0.0,0.0,0.0,,0.3707061736405519,107081.30537013127,21707.017901211908,0.0034319170610856986,0.0,0.0,0.0,0.0,,0.3707061736405519,107081.30537013127,21707.017901211908,0.0034319170610856986,0.0,0.0,0.0,0.0,,-9.765966620853629,-23.789865824350397,1575.4226983785547,0.02375062123649485,1.030927835051565,0.0,0.06355258976804556,-0.03289383443693339,,-9.765966620853629,-23.789865824350397,1575.4226983785547,0.02375062123649485,1.030927835051565,0.0,0.06355258976804556,-0.03289383443693339,,,-76.4321175960444,,0.030087610776796225,1.5544041450777257,0.0,0.09532888465204614,-0.04934184051867874,,0.3707061736405519,2098793.5852545733,4493215.300127551,0.0,6614668.252382124,10613097.616989905,0.6232551975959476,1.5544041450777257,False,False,rising,rising,sell_advantage_weakening,accelerating,leading_buy_inflow,True,True,False,🔴 1차 급등 완료·상승분 반납 / 신규매수 금지,S3,🔴 1차 급등 완료·반납,당일/5D 급등 후 상승분 상당 부분 반납,S3,False,,,2026-09-06T19:10:00Z,34054595745-1
KRW-POLYX,폴리매쉬,50.6,48.1,47.138000000000005,57.01,0.3477051460361702,-2.0408163265306043,15.628837046132253,-0.5892356967949361,-0.676571792123766,,,,,False,False,False,False,72.58761682712304,8.817204301075265,8.0,B급,-0.19723865877712132,0.33183143032937323,0.0,-0.013908205841439703,0.010460421806463671,False,False,False,False,2026-09-07T04:28:14.981476+09:00,1788722894,0.0,17607.799992199998,0.0,1,0.0,complete,1788722399658,1788722399658,1008717.49271806,2512528.98512089,-0.42706794365776557,49.3,51.1,3.6511156186612714,2.6369168356997985,0.9784735812133072,27.777777777778013,complete_hourly_ordered,/v1/candles/minutes/60,120,False,12.061403508771939,45.6,2026-09-02T10:00:00,51.1,2026-09-06T21:00:00,D-1,0.9784735812133127,9.09090909090915,True,True,-3.136269213810183,-100.0,-97.83758083267509,0.33183143032937323,-0.19723865877712132,0.0,-0.013908205841439703,0.010460421806463671,,-3.136269213810183,-100.0,-97.83758083267509,0.33183143032937323,-0.19723865877712132,0.0,-0.013908205841439703,0.010460421806463671,,-3.136269213810183,-100.0,-97.83758083267509,0.33183143032937323,-0.19723865877712132,0.0,-0.013908205841439703,0.010460421806463671,,-0.4398961741062815,-100.0,-99.52409905534837,0.7845660592907961,0.1980198019801982,0.0,0.013908205841439703,-0.010460727617591203,,-0.4398961741062815,-100.0,-99.52409905534837,0.7845660592907961,0.1980198019801982,0.0,0.013908205841439703,-0.010460727617591203,,-5.857106894293663,-100.0,-98.97280921594478,3.1833015388375685,-0.19723865877712132,0.0,-0.013908205841439703,0.010460421806463671,,-3.136269213810183,-2553750.996703335,-796656.1622525591,-0.19723865877712132,17607.799992199998,4154268.9447525498,0.004238483407397403,-0.19723865877712132,False,False,falling,falling,sell_only,accelerating,neutral,False,False,False,pass,S0,🌱 초발사 준비,발사 구조 관찰 또는 초기 준비,S0,False,,,2026-09-06T19:10:00Z,34054595745-1
