market,name,price,ma15,ma50,ma120,slope15,gap50,gap120,conv50,conv120,f50up,f50down,f120up,f120down,golden_now,dead_now,up120_now,down120_now,value_accel_pct,ret5_pct,launch_score,launch_grade,delta_price_pct,delta_value_accel_pct,delta_launch_score,delta_slope15,delta_gap120,flag_score14,flag_value300,flag_ankr_like,flag_early_ignition,snapshot_kst,snapshot_epoch,bid_trade_value_15m,ask_trade_value_15m,buy_sell_ratio_15m,trade_count_15m,trade_unknown_value_15m,trade_coverage_15m,trade_oldest_timestamp,trade_newest_timestamp,total_bid_size,total_ask_size,orderbook_imbalance,day_open,day_high,day_high_return_pct,current_day_return_pct,drawdown_from_day_high_pct,gain_retrace_pct,path_5d_status,path_5d_source,path_5d_points,stage_provisional,max_rally_5d_pct,max_rally_5d_base_price,max_rally_5d_base_time_kst,high_5d,high_5d_time_kst,max_rally_day,drawdown_from_5d_high_pct,gain_retrace_5d_pct,post_surge_higher_low,higher_low,buy_sell_ratio_change_15m,bid_trade_value_change_15m,ask_trade_value_change_15m,value_accel_change_15m,price_change_15m,launch_score_change_15m,slope15_change_15m,gap120_change_15m,f120up_change_15m,buy_sell_ratio_change_30m,bid_trade_value_change_30m,ask_trade_value_change_30m,value_accel_change_30m,price_change_30m,launch_score_change_30m,slope15_change_30m,gap120_change_30m,f120up_change_30m,buy_sell_ratio_change_45m,bid_trade_value_change_45m,ask_trade_value_change_45m,value_accel_change_45m,price_change_45m,launch_score_change_45m,slope15_change_45m,gap120_change_45m,f120up_change_45m,buy_sell_ratio_change_60m,bid_trade_value_change_60m,ask_trade_value_change_60m,value_accel_change_60m,price_change_60m,launch_score_change_60m,slope15_change_60m,gap120_change_60m,f120up_change_60m,buy_sell_ratio_change_90m,bid_trade_value_change_90m,ask_trade_value_change_90m,value_accel_change_90m,price_change_90m,launch_score_change_90m,slope15_change_90m,gap120_change_90m,f120up_change_90m,buy_sell_ratio_change_120m,bid_trade_value_change_120m,ask_trade_value_change_120m,value_accel_change_120m,price_change_120m,launch_score_change_120m,slope15_change_120m,gap120_change_120m,f120up_change_120m,delta_buy_sell_ratio,delta_bid_trade_value_15m,delta_ask_trade_value_15m,delta_price_pct_15m,trade_value_15m,normal_trade_value_15m_median,trade_value_anomaly_ratio,surge_return_from_120m,surge_success_15_120m,signal_failure_120m,buy_pressure_trend,sell_pressure_trend,buy_sell_state,value_accel_direction,flow_signal,first_surge_retrace_gate,first_surge_retrace_seen,second_ignition_reentry,candidate_gate,stage,stage_label,stage_reason,stage_previous,stage_changed,stage_change_reason,stage_change_kst,scan_cycle,scan_run_id
KRW-WAXP,왁스,5.98,5.841333333333334,5.595600000000001,6.8077499999999995,0.9447004608295062,-4.391545738318194,14.195830732131256,-0.9743783529657154,-1.2144108000541203,,,11.689479977861378,,False,False,False,False,50.545666378348784,0.16750418760469454,12.0,A급,0.16750418760469454,0.008931185192338376,0.0,0.011520737327197494,-0.008742543097648436,False,False,False,False,2026-09-04T03:37:26.037623+09:00,1788460646,0.0,20371.8666666268,0.0,1,0.0,complete,1788460190741,1788460190741,20266571.29920874,12663305.20282192,0.2308926392699334,5.93,6.5,9.612141652613836,0.8431703204047292,7.999999999999993,91.22807017543852,complete_hourly_ordered,/v1/candles/minutes/60,120,False,14.436619718309874,5.68,2026-09-02T10:00:00,6.5,2026-09-03T10:00:00,D-1,7.9999999999999964,63.41463414634146,False,False,,,,0.008931185192338376,0.16750418760469454,0.0,0.011520737327197494,-0.008742543097648436,-0.024064160156440195,,,,0.008931185192338376,0.16750418760469454,0.0,0.011520737327197494,-0.008742543097648436,-0.024064160156440195,0.0,,-97.2986701059741,0.00901887789543565,0.3355704697986628,0.0,0.02304147465439499,-0.01748530023460404,-0.048198407290446,-1.2895244505885517,-100.0,-99.60788007872735,0.042531720193679234,-0.16694490818029983,0.0,0.011520737327197494,-0.008742543097648436,-0.024064160156440195,0.0,,-99.56748572258722,0.2435830971506192,0.16750418760469454,0.0,0.011520737327197494,-0.008742543097648436,-0.024064160156440195,-1.3760316883871555,-100.0,-98.78945199706234,0.39440475132279573,0.0,0.0,0.0,0.0,0.0,,0.0,20371.8666666268,0.16750418760469454,20371.8666666268,7953233.12414741,0.002561457252494491,0.0,False,False,flat_or_na,rising,sell_only,accelerating,neutral,False,False,False,pass,S1,⚡ 선행 시동,가격 미급등 상태에서 선행조건 3개 개선,S1,False,,,2026-09-03T18:10:00Z,33790588802-1
KRW-CARV,카브,48.1,46.25333333333333,43.656000000000006,57.23083333333333,0.7405256279947592,-5.949544927005049,19.18109410719746,-1.089791015398953,-1.2126592848167999,,,,,False,False,False,False,302.0289501568178,2.553191489361706,10.0,A급,0.0,0.007120919819953997,0.0,0.0,0.0,False,True,False,False,2026-09-04T03:37:26.037623+09:00,1788460646,0.0,48100.0,0.0,1,0.0,complete,1788460403049,1788460403049,1381016.34960468,1575765.32314176,-0.0658651855604155,48.8,48.8,0.0,-1.43442622950819,1.434426229508188,,complete_hourly_ordered,/v1/candles/minutes/60,120,False,19.480519480519476,46.2,2026-08-31T08:00:00,55.2,2026-09-02T13:00:00,D-2,12.86231884057971,78.88888888888889,False,True,-53.273725111502046,-100.0,-5.492575050512238,0.007120919819953997,-0.20746887966804906,0.0,0.0,0.0,,-53.273725111502046,-100.0,-5.492575050512238,0.007120919819953997,-0.20746887966804906,0.0,0.0,0.0,,,-100.0,,0.1742768309186431,0.41753653444676075,0.0,0.04356033105850088,-0.03141717800508559,,-0.14167146418597454,-100.0,-95.86795438743188,0.24555755524960432,0.8385744234800763,0.0,0.07260055176419034,-0.05236348832910309,,,-100.0,,0.31099094488109813,0.6276150627615218,0.0,0.058080441411334505,-0.04189018065948602,,0.0,,-99.32979188082834,0.8539809766953681,0.6276150627615218,0.0,0.04356033105850088,-0.03141717800508559,,-53.273725111502046,-2711391.384574104,-2795.471996733002,-0.20746887966804906,48100.0,2697658.0164437555,0.01783028082388621,0.6276150627615218,False,True,falling,falling,sell_only,accelerating,neutral,True,True,False,🔴 1차 급등 완료·상승분 반납 / 신규매수 금지,S3,🔴 1차 급등 완료·반납,당일/5D 급등 후 상승분 상당 부분 반납,S3,False,,,2026-09-03T18:10:00Z,33790588802-1
KRW-LSK,리스크,140.0,132.66666666666666,118.5,138.325,1.3754457463066583,-11.954992967651187,4.090607867943851,-1.3428325192059938,-1.5946400911832115,,,2.565223269226004,,False,False,False,False,-91.02258607444227,-1.4084507042253502,13.0,A급,-0.7092198581560294,0.01549490668756448,0.0,-0.05094243504839557,0.0424150968594974,False,False,False,True,2026-09-04T03:37:26.037623+09:00,1788460646,0.0,0.0,,0,0.0,complete,,,747953.30084567,4306055.66191202,-0.7040158391656063,134.0,142.0,5.970149253731338,4.477611940298498,1.4084507042253522,25.000000000000096,complete_hourly_ordered,/v1/candles/minutes/60,120,False,7.575757575757569,132.0,2026-09-03T08:00:00,142.0,2026-09-04T01:00:00,D0,1.4084507042253502,20.0,False,True,,,,0.01549490668756448,-0.7092198581560294,0.0,-0.05094243504839557,0.0424150968594974,0.040031819841563454,,,,0.01549490668756448,-0.7092198581560294,0.0,-0.05094243504839557,0.0424150968594974,0.040031819841563454,,,,0.01549490668756448,-0.7092198581560294,0.0,-0.05094243504839557,0.0424150968594974,0.040031819841563454,,-100.0,,0.01686027125917633,-0.7092198581560294,0.0,-0.05094243504839557,0.0424150968594974,0.040031819841563454,,-100.0,,0.044145073767964504,-0.7092198581560294,0.0,-0.05094243504839557,0.0424150968594974,0.040031819841563454,,-100.0,-100.0,0.045258719201257236,0.0,0.0,-0.05094243504839557,0.0424150968594974,0.040031819841563454,,0.0,0.0,-0.7092198581560294,0,1153816.09195111,0.0,0.0,False,False,flat_or_na,flat_or_na,unavailable,accelerating,neutral,False,False,False,pass,S0,🌱 초발사 준비,발사 구조 관찰 또는 초기 준비,S0,False,,,2026-09-03T18:10:00Z,33790588802-1
KRW-0G,제로지,263.0,239.26666666666668,232.52,394.46666666666664,1.5563101301641291,-2.901542519639889,39.34426229508196,-1.870537370674753,-1.729834253915636,,,,,False,False,False,False,2618.026408815615,18.918918918918926,8.0,B급,3.125,2.77291358082266,-2.0,0.3112620260328214,-0.17184969646584847,False,True,False,True,2026-09-04T03:37:26.037623+09:00,1788460646,16887531.76644523,4870191.42392004,3.46752936311739,30,0.0,complete,1788459902298,1788460642650,1325233.85720627,1736800.62639363,-0.13440958009835954,255.0,264.0,3.529411764705892,3.1372549019607954,0.3787878787878788,11.111111111111041,complete_hourly_ordered,/v1/candles/minutes/60,120,False,61.990950226244344,221.0,2026-08-30T04:00:00,358.0,2026-09-01T11:00:00,D-3,26.815642458100562,70.07299270072993,False,True,-1.2993077327846811,85.591406473978,155.13381673729984,2.77291358082266,2.734375,-2.0,0.3112620260328214,-0.17184969646584847,,-1.2993077327846811,85.591406473978,155.13381673729984,2.77291358082266,2.734375,-2.0,0.3112620260328214,-0.17184969646584847,,2.5267160636693453,2690.9262249136395,657.2367052189787,2.82871941969006,3.9525691699604737,-2.0,0.3112620260328214,-0.17184969646584847,,2.906974863119001,2912.647613477982,387.0191423919943,3.144906148949758,4.7808764940239,-2.0,0.339558573853993,-0.18747635761012305,,3.4292829534424087,333645.6870838978,3581.1726560242178,3.166391401720375,3.9525691699604737,-2.0,0.3112620260328214,-0.17184969646584847,,2.969623100710396,585.0699724635205,-1.6300674755018174,3.4397039232535462,4.365079365079372,-2.0,0.28296547821167195,-0.1562236957053429,,-1.2993077327846811,7788224.806447031,2961314.15856926,2.734375,21757723.19036527,19414072.28905748,1.120719180726898,4.365079365079372,False,False,rising,rising,buy_advantage_weakening,accelerating,neutral,True,True,False,🔴 1차 급등 완료·상승분 반납 / 신규매수 금지,S0,🌱 초발사 준비,발사 구조 관찰 또는 초기 준비,S3,True,발사 구조 관찰 또는 초기 준비,2026-09-04T03:37:26.037623+09:00,2026-09-03T18:10:00Z,33790588802-1
KRW-BORA,보라,31.3,30.12,30.136,37.642500000000005,1.0512189666741278,0.05309264666843057,19.98406056983464,-1.2183765959721313,-1.0956653778904062,0.04357654837096443,,,,False,False,False,False,-32.89185359889384,4.333333333333345,7.0,B급,0.0,0.005244102469589507,0.0,0.0,0.0,False,False,False,False,2026-09-04T03:37:26.037623+09:00,1788460646,0.0,0.0,,0,0.0,complete,,,3186237.19918583,6409901.65401458,-0.3359334941004553,30.5,32.0,4.918032786885251,2.622950819672143,2.187499999999998,46.66666666666649,complete_hourly_ordered,/v1/candles/minutes/60,120,False,9.965635738831601,29.1,2026-08-31T09:00:00,32.0,2026-09-03T11:00:00,D-1,2.187499999999998,24.137931034482698,True,True,,,-100.0,0.005244102469589507,0.0,0.0,0.0,0.0,,,,-100.0,0.005244102469589507,0.0,0.0,0.0,0.0,,,-100.0,,0.008053173029011873,-0.6349206349206327,0.0,-0.04473272198612932,0.03187674321253198,,,,,0.015672293107485302,-0.9493670886076,0.0,-0.06709908297919398,0.04781405635344527,,,-100.0,-100.0,0.015672293107485302,-0.9493670886076,0.0,-0.06709908297919398,0.04781405635344527,,,-100.0,-100.0,0.2263120339895508,0.0,0.0,0.0,0.0,,,0.0,-198320.23161650304,0.0,0,2859087.2624933,0.0,0.0,False,False,flat_or_na,falling,unavailable,accelerating,neutral,False,False,False,pass,S0,🌱 초발사 준비,발사 구조 관찰 또는 초기 준비,S0,False,,,2026-09-03T18:10:00Z,33790588802-1
KRW-PUNDIX,펀디엑스,129.0,123.53333333333333,114.84,146.00833333333333,1.2015292190060034,-7.5699523975386,15.392957023000967,-1.1486454898934881,-1.3682709659385695,,,11.249933241433741,,False,False,False,False,-43.71915366072688,0.7874015748031482,11.0,A급,0.0,0.24939230402372203,0.0,0.0,0.0,False,False,False,True,2026-09-04T03:37:26.037623+09:00,1788460646,10960525.988516668,0.0,,9,0.0,complete,1788459942594,1788460546461,1545811.99323757,2791562.34569607,-0.28721301301486757,122.0,144.0,18.032786885245898,5.737704918032782,10.416666666666668,68.1818181818182,complete_hourly_ordered,/v1/candles/minutes/60,120,False,19.999999999999996,120.0,2026-09-02T03:00:00,144.0,2026-09-03T19:00:00,D-1,10.416666666666663,62.500000000000014,False,False,,1327.662796331848,,0.24939230402372203,0.78125,0.0,0.0,0.0,0.0,,1327.662796331848,,0.24939230402372203,0.78125,0.0,0.0,0.0,0.0,,185429.73680024815,-100.0,0.25900619916738776,0.78125,0.0,0.0,0.0,0.0,,1772.5500465152447,,0.28921768389093216,0.78125,0.0,0.0,0.0,0.0,,,,0.3130305614519884,0.78125,0.0,0.0,0.0,0.0,,5996.961163272836,-100.0,0.3144311566318123,0.78125,0.0,0.0,0.0,0.0,,10192800.863460667,0.0,0.78125,10960525.988516668,17427329.41165155,0.6289274581100582,0.78125,False,False,rising,flat_or_na,buy_only,accelerating,neutral,True,True,False,🔴 1차 급등 완료·상승분 반납 / 신규매수 금지,S0,🌱 초발사 준비,발사 구조 관찰 또는 초기 준비,S0,False,,,2026-09-03T18:10:00Z,33790588802-1
KRW-USD1,월드리버티파이낸셜유에스디,1364.0,1381.0,1418.38,1463.9,-0.057895498624982444,2.6354009503800184,5.662955119885244,-0.012444813686420942,0.06632316907213562,,,,,False,False,False,False,-50.25742828407975,-2.011494252873558,5.0,관찰,-0.2194586686174116,7.400169320027274,0.0,-0.014473874656251162,0.01205087274144212,False,False,False,False,2026-09-04T03:37:26.037623+09:00,1788460646,201905.3582364,1205772.9064774604,0.16744890945198412,14,0.0,complete,1788460249327,1788460564062,33385.16464933,23022.86915504,0.18370247632150616,1379.0,1379.0,0.0,-1.087744742567076,1.0877447425670776,,complete_hourly_ordered,/v1/candles/minutes/60,120,False,0.9454545454545382,1375.0,2026-09-01T04:00:00,1388.0,2026-09-02T07:00:00,D-2,1.729106628242072,184.61538461538532,False,True,0.001992549508383873,1919.0535831918119,1895.027961061719,7.400169320027274,-0.2194586686174116,0.0,-0.014473874656251162,0.01205087274144212,,0.001992549508383873,1919.0535831918119,1895.027961061719,7.400169320027274,-0.2194586686174116,0.0,-0.014473874656251162,0.01205087274144212,,,1919.0535831918116,,7.429800886549813,-0.43795620437956373,0.0,-0.028947749312502324,0.024101333895288235,,-0.7391534797935168,0.8530803068074855,446.0390507657416,7.444543914939004,-0.43795620437956373,0.0,-0.014473874656251162,0.01205087274144212,,,,,7.8087481330632045,-0.36523009495982306,0.0,-0.02412312442707787,0.02008455924131969,,0.16744890945198412,,787.1334012863214,7.8087481330632045,-0.36523009495982306,0.0,-0.02412312442707787,0.02008455924131969,,0.001992549508383873,191905.3582405,1145334.0088774604,-0.2194586686174116,1407678.2647138603,55219.448790450006,25.49243600847593,-0.36523009495982306,False,False,rising,rising,sell_advantage_weakening,accelerating,leading_buy_inflow,False,False,False,pass,S0,🌱 초발사 준비,발사 구조 관찰 또는 초기 준비,S0,False,,,2026-09-03T18:10:00Z,33790588802-1
KRW-BAT,베이직어텐션토큰,97.1,95.14,97.322,122.7925,0.7483233321567306,2.2420418815889542,22.519697864283245,-1.2583215381656139,-0.9134840795881971,1.7817718393801092,,,,False,False,False,False,-25.81799433211375,2.6427061310782207,6.0,관찰,0.0,0.1302981217377912,0.0,0.02823861630780744,-0.019614099991567713,False,False,False,False,2026-09-04T03:37:26.037623+09:00,1788460646,699109.8257862619,0.0,,2,0.0,complete,1788459913030,1788460007692,547827.40898682,367821.74852228,0.196588026088749,93.1,97.4,4.618689581095614,4.29645542427497,0.308008213552373,6.976744186046948,complete_hourly_ordered,/v1/candles/minutes/60,120,False,7.759562841530054,91.5,2026-08-31T08:00:00,98.6,2026-09-02T05:00:00,D-2,1.5212981744421872,21.126760563380305,True,False,,83.90619200532585,-100.0,0.1302981217377912,0.0,0.0,0.02823861630780744,-0.019614099991567713,,,83.90619200532585,-100.0,0.1302981217377912,0.0,0.0,0.02823861630780744,-0.019614099991567713,,,51.92081752876945,,1.0654602277890497,0.0,0.0,0.0,0.0,,,100.58617068238655,-100.0,1.193628000266287,0.9355509355509328,0.0,0.04235792446172226,-0.029421549337847352,,,1140.9255582481408,-100.0,1.3279244106377597,0.8307372793354029,0.0,0.05647723261561488,-0.03922926493226342,,,6070.912491595462,,1.396254445456421,0.9355509355509328,0.0,0.06353688669256119,-0.044133222575904796,,,318965.02578626195,-9867244.859956333,0.0,699109.8257862619,749384.3347095749,0.9329122499701078,0.9355509355509328,False,False,rising,falling,buy_only,accelerating,neutral,False,False,False,pass,S0,🌱 초발사 준비,발사 구조 관찰 또는 초기 준비,S0,False,,,2026-09-03T18:10:00Z,33790588802-1
KRW-HUNT,헌트,123.0,118.73333333333333,115.08,126.06666666666666,0.8493771234428182,-3.174603174603177,5.817028027498675,-0.7705298388067131,-0.8774666447104897,,,6.629343762027488,,False,False,False,False,81.6625039322155,3.3613445378151363,14.0,A급,0.0,0.7025617520492347,0.0,-0.056625141562838266,0.046653250580169114,True,False,False,False,2026-09-04T03:37:26.037623+09:00,1788460646,0.0,3976149.7571208,0.0,2,0.0,complete,1788460420479,1788460420479,1838768.8803711,3266887.95619906,-0.2797130950123415,123.0,128.0,4.065040650406515,0.0,3.90625,100.0,complete_hourly_ordered,/v1/candles/minutes/60,120,False,12.280701754385959,114.0,2026-08-31T18:00:00,128.0,2026-09-03T13:00:00,D-1,3.90625,35.714285714285666,True,True,-1.2540017597432178,-100.0,224.73735125394364,0.7025617520492347,0.0,0.0,-0.056625141562838266,0.046653250580169114,0.12236092549626587,-1.2540017597432178,-100.0,224.73735125394364,0.7025617520492347,0.0,0.0,-0.056625141562838266,0.046653250580169114,0.12236092549626587,,,,2.1927663055994344,-1.6000000000000014,1.0,-0.11325028312569874,0.09330033417415251,0.24215808886049128,,-100.0,,2.1927663055994344,-1.6000000000000014,1.0,-0.11325028312569874,0.09330033417415251,0.24215808886049128,-1.000149427604217,-100.0,79418.97427820467,3.3383967566303028,-0.8064516129032251,1.0,-0.11325028312569874,0.09330033417415251,0.24215808886049128,,,,3.3383967566303028,-1.6000000000000014,1.0,-0.11325028312569874,0.09330033417415251,0.24215808886049128,-1.2540017597432178,-1535425.09759924,2751729.5474445,0.0,3976149.7571208,2759845.30727554,1.440714719277498,-1.6000000000000014,False,True,falling,rising,sell_only,accelerating,neutral,False,False,False,pass,S0,🌱 초발사 준비,발사 구조 관찰 또는 초기 준비,S1,True,발사 구조 관찰 또는 초기 준비,2026-09-04T03:37:26.037623+09:00,2026-09-03T18:10:00Z,33790588802-1
KRW-PENGU,펏지펭귄,12.2,12.372000000000002,9.8706,10.566416666666667,1.8215735762098229,-25.341924503069745,-17.08794372106597,-1.4853233084863728,-2.378948777254524,,,,,False,False,False,False,-29.37362639668981,-3.937007874015752,8.0,B급,0.0,0.3679746388451939,0.0,0.0,0.0,False,False,False,False,2026-09-04T03:37:26.037623+09:00,1788460646,1442206.59999994,517210.39480258996,2.78843312990723,6,0.0,complete,1788459991615,1788460626184,63964602.74671036,81669545.1850677,-0.12157136694788898,11.5,12.4,7.826086956521738,6.0869565217391175,1.6129032258064602,22.222222222222378,complete_hourly_ordered,/v1/candles/minutes/60,120,False,10.71428571428572,11.2,2026-09-02T19:00:00,12.4,2026-09-04T00:00:00,D0,1.6129032258064613,16.666666666666796,False,True,2.78843312990723,,-99.39131367312872,0.3679746388451939,0.0,0.0,0.0,0.0,,2.78843312990723,,-99.39131367312872,0.3679746388451939,0.0,0.0,0.0,0.0,,-263.3278299231263,-96.77345767473315,207.92755148875432,0.9008374857043435,-0.8130081300813163,0.0,0.0,0.0,,2.7593117437151684,25.786410036357466,-98.68633226843649,1.1692223794064098,0.0,0.0,0.0,0.0,,1.1097693982502235,-97.7732999894225,-98.65950504283346,1.4429615243710892,-0.8130081300813163,0.0,0.0,0.0,,2.3607869312843794,-96.04260112150592,-99.39307614420768,2.1398355565386495,0.8264462809917328,0.0,0.0,0.0,,2.78843312990723,1442206.59999994,-84454370.52785636,0.0,1959416.99480253,47159681.71560423,0.041548562745159424,0.8264462809917328,False,False,rising,falling,buy_advantage_accelerating,accelerating,leading_buy_inflow,False,False,False,pass,S0,🌱 초발사 준비,발사 구조 관찰 또는 초기 준비,S0,False,,,2026-09-03T18:10:00Z,33790588802-1
KRW-FIL,파일코인,1097.0,1017.5333333333333,1018.1,1180.425,1.1330506228465431,0.05565923452182691,13.799408405164806,-1.033009694768276,-0.9872960188582376,0.05388065068867756,,13.976971588645913,,False,False,False,False,102.2100784326104,15.473684210526306,11.0,A급,0.0,0.07583833749106361,0.0,0.0,0.0,False,False,False,False,2026-09-04T03:37:26.037623+09:00,1788460646,5157623.452209931,0.0,,8,0.0,complete,1788460064040,1788460380785,123655.07839677,75457.72095873,0.24206056865278391,1102.0,1146.0,3.992740471869327,-0.45372050816696596,4.275741710296685,111.36363636363629,complete_hourly_ordered,/v1/candles/minutes/60,120,False,26.211453744493383,908.0,2026-08-31T08:00:00,1146.0,2026-09-03T10:00:00,D-1,4.275741710296687,20.588235294117617,True,True,,14595.767823847933,-100.0,0.07583833749106361,0.0,0.0,0.0,0.0,0.0,,14595.767823847933,-100.0,0.07583833749106361,0.0,0.0,0.0,0.0,0.0,,-41.80189559976375,-100.0,0.23615749738054603,0.18264840182649067,0.0,0.019878081102575607,-0.015117744163109847,-0.05829463084755204,,-32.781954751022646,-100.0,0.2551540583325078,0.0,0.0,-0.026504108136760074,0.020155996142889876,0.07716922508849855,,903.825623363266,-100.0,2.156930684692327,0.5499541704858002,0.0,0.07951232441028022,-0.06047481908840169,-0.23536252708860594,,809.3597318534078,-100.0,2.1994652894559152,1.012891344383049,0.0,0.07951232441028022,-0.06047481908840169,-0.23536252708860594,,5122527.474143101,-1412420.10198836,0.0,5157623.452209931,8184920.621987425,0.6301372597743753,1.012891344383049,False,True,rising,falling,buy_only,accelerating,neutral,False,False,False,pass,S1,⚡ 선행 시동,가격 미급등 상태에서 선행조건 4개 개선,S1,False,,,2026-09-03T18:10:00Z,33790588802-1
KRW-BEAM,빔,2.16,2.118666666666667,2.0874,2.2743333333333333,0.824873096446721,-1.4978761457634748,6.844496555767246,-1.1033366497296198,-1.0641101274142752,,,6.432131768540694,,False,False,False,False,-84.78117264744493,0.0,12.0,A급,0.46511627906977715,0.003193006295163059,0.0,0.03172588832489609,-0.02590027835391151,False,False,False,False,2026-09-04T03:37:26.037623+09:00,1788460646,0.0,0.0,,0,0.0,complete,,,101587686.62263557,90583638.1018061,0.05726165720410366,2.14,2.16,0.9345794392523477,0.9345794392523477,0.0,0.0,complete_hourly_ordered,/v1/candles/minutes/60,120,False,10.83743842364533,2.03,2026-08-31T11:00:00,2.25,2026-09-03T05:00:00,D-1,3.9999999999999925,40.90909090909072,True,True,,,-100.0,0.003193006295163059,0.46511627906977715,0.0,0.03172588832489609,-0.02590027835391151,-0.05592350295544968,,,-100.0,0.003193006295163059,0.46511627906977715,0.0,0.03172588832489609,-0.02590027835391151,-0.05592350295544968,,,,0.00904972294544848,1.4084507042253724,0.0,0.09517766497464386,-0.07770652972506209,-0.16944072127725107,,,,0.01030312738382122,1.4084507042253724,0.0,0.09517766497464386,-0.07770652972506209,-0.16944072127725107,,-100.0,-100.0,0.012424313295795741,1.4084507042253724,0.0,0.09517766497464386,-0.07770652972506209,-0.16944072127725107,,-100.0,-100.0,0.014252974461868462,1.4084507042253724,0.0,0.09517766497464386,-0.07770652972506209,-0.16944072127725107,,0.0,-2271154.031166446,0.46511627906977715,0,4798439.065417638,0.0,1.4084507042253724,False,False,flat_or_na,falling,unavailable,accelerating,neutral,False,False,False,pass,S1,⚡ 선행 시동,가격 미급등 상태에서 선행조건 5개 개선,S1,False,,,2026-09-03T18:10:00Z,33790588802-1
KRW-DOOD,두들즈,1.89,1.8546666666666667,1.9024,2.5246666666666666,0.7605939876856205,2.5091112980095356,26.538156852389754,-1.0119924030738123,-1.1727534100243933,2.4793776024290244,,,,False,False,False,False,-6.124390530868173,1.0695187165775222,6.0,관찰,0.0,0.37842234139815467,0.0,0.0,0.0,False,False,False,False,2026-09-04T03:37:26.037623+09:00,1788460646,0.0,0.0,,0,0.0,complete,,,84260069.19395304,102753518.31023024,-0.09888826455384438,1.83,1.91,4.371584699453535,3.2786885245901454,1.0471204188481684,25.000000000000128,complete_hourly_ordered,/v1/candles/minutes/60,120,False,7.777777777777772,1.8,2026-08-31T08:00:00,1.94,2026-09-02T00:00:00,D-2,2.577319587628868,35.7142857142859,True,True,,-100.0,-100.0,0.37842234139815467,0.0,0.0,0.0,0.0,,,-100.0,-100.0,0.37842234139815467,0.0,0.0,0.0,0.0,,,,,0.521334796711348,0.5319148936170137,0.0,0.03621876131836288,-0.023982114436456925,,,,-100.0,0.521334796711348,0.5319148936170137,0.0,0.03621876131836288,-0.023982114436456925,,,,,0.5601649381202227,0.0,0.0,0.0,0.0,,,-100.0,-100.0,0.7394906489252895,0.0,0.0,0.03621876131836288,-0.023982114436456925,,,-3066316.171579196,-109832.56242242579,0.0,0,2146151.0128,0.0,0.0,False,False,falling,falling,unavailable,accelerating,neutral,False,False,False,pass,S0,🌱 초발사 준비,발사 구조 관찰 또는 초기 준비,S0,False,,,2026-09-03T18:10:00Z,33790588802-1
KRW-WAVES,웨이브,304.0,302.26666666666665,312.7,405.95,0.688429935598478,3.336531286643216,25.540912263415038,-1.1854872247948234,-1.006104475803507,2.8144810141000733,,,,False,False,False,False,67.43834406864819,0.0,7.0,B급,-0.3278688524590123,0.019038383451231766,0.0,-0.022207417277386732,0.014893583337030947,False,False,False,False,2026-09-04T03:37:26.037623+09:00,1788460646,372523.98200835,224213.52325516997,1.661469730282026,6,0.0,complete,1788459921046,1788460529037,936949.88794935,635209.9964808,0.1919269754029627,301.0,305.0,1.3289036544850585,0.9966777408637828,0.32786885245901637,25.00000000000083,complete_hourly_ordered,/v1/candles/minutes/60,120,False,11.784511784511785,297.0,2026-08-30T04:00:00,332.0,2026-08-30T19:00:00,D-4,8.433734939759042,80.0,False,False,,-89.9317842700416,,0.019038383451231766,-0.3278688524590123,0.0,-0.022207417277386732,0.014893583337030947,,,-89.9317842700416,,0.019038383451231766,-0.3278688524590123,0.0,-0.022207417277386732,0.014893583337030947,,1.4722039947362038,-57.629493487097804,-95.17337876552692,0.36550817186073914,-0.3278688524590123,0.0,0.0,0.0,,1.661469730282026,,-76.40434476784644,0.3958457006541636,0.3300330033003229,0.0,0.022207417277364527,-0.014894194819930817,,1.661469730282026,,-89.96860709621453,0.4009847220479088,0.3300330033003229,0.0,0.022207417277364527,-0.014894194819930817,,-3.8481452657057273,-94.95755808322924,-83.27871215786666,0.9808066885239128,0.6622516556291425,0.0,0.044414834554729055,-0.029789001160430928,,,-3327476.01799055,224213.52325516997,-0.3278688524590123,596737.5052635199,3170632.6188445296,0.18820771025846203,0.6622516556291425,False,False,falling,rising,buy_advantage_weakening,accelerating,neutral,False,False,False,pass,S0,🌱 초발사 준비,발사 구조 관찰 또는 초기 준비,S0,False,,,2026-09-03T18:10:00Z,33790588802-1
KRW-USDC,유에스디코인,1366.0,1380.0,1417.8,1463.5,-0.04345936549325913,2.6661024121878936,5.705500512470106,-0.007747063931763609,0.07101643352909778,,,,,False,False,False,False,-61.103031017452714,-1.7972681524083378,5.0,관찰,0.0,0.14787867216596595,0.0,0.0,0.0,False,False,False,False,2026-09-04T03:37:26.037623+09:00,1788460646,24133.99999812,8394886.01401778,0.0028748454663733436,16,0.0,complete,1788459877824,1788460666886,270047.21337722,125688.58720812,0.36478535921080807,1376.0,1378.0,0.14534883720929148,-0.7267441860465129,0.8708272859216255,600.0000000000382,complete_hourly_ordered,/v1/candles/minutes/60,120,False,0.9454545454545382,1375.0,2026-09-01T05:00:00,1388.0,2026-09-02T03:00:00,D-2,1.5850144092218965,169.23076923076948,False,False,-0.009755434786067213,-70.6146498668442,29.10092449805792,0.14787867216596595,0.0,0.0,0.0,0.0,,-0.009755434786067213,-70.6146498668442,29.10092449805792,0.14787867216596595,0.0,0.0,0.0,0.0,,-0.08262223975628089,-97.28190111520216,-19.16451346154452,0.24989606837557687,0.0,0.0,0.0,0.0,,-2.4193520884852204,-94.14744372543659,4831.1239878915585,0.3142536001499181,0.073260073260073,0.0,-0.00965763677629461,0.008036641201139005,,-1.986951592826033,-99.78196152694677,50.915492092013714,0.6067718100314821,-0.0731528895391409,0.0,-0.00965763677629461,0.008036641201139005,,-0.46499205417779726,-98.25003537126997,184.79809955272026,0.646746437323344,-0.14619883040936088,0.0,-0.019315273552567014,0.01607309936028134,,-0.009755434786067213,-57995.36000188,1892309.7957165195,0.0,8419020.0140159,4510314.78272674,1.866614730807353,-0.14619883040936088,False,False,falling,rising,sell_advantage_accelerating,accelerating,neutral,False,False,False,pass,S0,🌱 초발사 준비,발사 구조 관찰 또는 초기 준비,S0,False,,,2026-09-03T18:10:00Z,33790588802-1
KRW-MOVE,무브먼트,12.8,11.499333333333334,11.667200000000001,16.8455,2.495691960306634,1.4387913695373937,31.736467701562237,-2.4705966367058965,-1.7050037130082316,0.5823659549119146,,,,False,False,False,False,-46.80020702046571,1.5873015873016039,7.0,B급,0.0,0.06319639577822755,0.0,0.059421237150170114,-0.03620020519360523,False,False,False,False,2026-09-04T03:37:26.037623+09:00,1788460646,3844864.947704705,992603.018803073,3.873517282207163,26,0.0,complete,1788459747692,1788460528447,38574770.01896536,43210121.76942778,-0.05667735995122095,11.7,13.0,11.111111111111116,9.401709401709413,1.538461538461533,15.384615384615325,complete_hourly_ordered,/v1/candles/minutes/60,120,False,20.370370370370374,10.8,2026-08-31T11:00:00,13.0,2026-09-03T23:00:00,D-1,1.538461538461533,9.090909090909138,False,True,-5.7908469615126235,-63.33009093574222,-8.509157914706977,0.06319639577822755,0.0,0.0,0.059421237150170114,-0.03620020519360523,,-5.7908469615126235,-63.33009093574222,-8.509157914706977,0.06319639577822755,0.0,0.0,0.059421237150170114,-0.03620020519360523,,2.511847631621589,-27.71481495610032,-74.58936271864134,0.25716879966292083,1.5873015873016039,0.0,0.17826371145048814,-0.10861136194585086,,,-89.56385271488287,,0.283485391457468,1.5873015873016039,0.0,0.17826371145048814,-0.10861136194585086,,3.6714502260018795,42.585894253559474,-92.56182177356975,0.6510938030488589,2.400000000000002,0.0,0.17826371145048814,-0.10861136194585086,,3.679394381310687,-54.184582490249824,-97.70394163629285,0.6737718108361079,3.2258064516129004,0.0,0.11884247430034023,-0.07240399233167238,,-5.7908469615126235,-6640203.179863414,-92317.6095126128,0.0,4837467.966507778,33811891.56653391,0.14307001893072946,3.2258064516129004,False,False,falling,falling,buy_advantage_weakening,accelerating,neutral,False,False,False,pass,S0,🌱 초발사 준비,발사 구조 관찰 또는 초기 준비,S0,False,,,2026-09-03T18:10:00Z,33790588802-1
KRW-TREE,트리하우스,56.6,53.39333333333333,52.43,67.47,0.8690176322418086,-1.8373704622035687,20.86359369596364,-1.3219799285759202,-1.2186799976005225,,,,,False,False,False,False,481.3412532203035,8.63723608445297,10.0,A급,0.1769911504424737,0.08541248377321153,0.0,-0.012594458438286438,0.00890339768660553,False,True,False,False,2026-09-04T03:37:26.037623+09:00,1788460646,0.0,92891.346098074,0.0,3,0.0,complete,1788459810201,1788460192417,2277307.51971348,1437806.9120195,0.22596897703158506,56.3,57.3,1.7761989342806483,0.5328596802842034,1.2216404886561882,69.9999999999995,complete_hourly_ordered,/v1/candles/minutes/60,120,False,14.92248062015502,51.6,2026-08-30T09:00:00,59.3,2026-08-31T14:00:00,D-4,4.553119730185495,35.064935064935014,True,True,-0.08363246755258212,-100.0,-95.9429775396504,0.08541248377321153,0.1769911504424737,0.0,-0.012594458438286438,0.00890339768660553,,-0.08363246755258212,-100.0,-95.9429775396504,0.08541248377321153,0.1769911504424737,0.0,-0.012594458438286438,0.00890339768660553,,-0.002798857682548591,-100.0,-95.31141976163242,0.1096821500545957,0.35460992907800915,0.0,0.02518891687655067,-0.017807455193690203,,-0.27389259887523326,-100.0,-99.721716881247,0.20575100648619582,0.35460992907800915,0.0,0.012594458438286438,-0.00890361762405334,,-0.709291471060935,-100.0,-98.82294080224281,1.5062047181773437,0.891265597147961,0.0,0.05037783375314575,-0.03561579020236749,,-0.027558814912080905,-100.0,-97.44913481873323,1.7194012142729207,0.7117437722419906,0.0,0.05037783375314575,-0.03561579020236749,,-0.08363246755258212,-191488.525498412,-2196752.0316728577,0.1769911504424737,92891.346098074,7016361.904363142,0.013239246687134153,0.7117437722419906,False,True,falling,falling,sell_only,accelerating,neutral,False,False,False,pass,S1,⚡ 선행 시동,가격 미급등 상태에서 선행조건 3개 개선,S1,False,,,2026-09-03T18:10:00Z,33790588802-1
KRW-USDE,유에스디이,1370.0,1380.4,1418.4,1463.15,-0.019314340898113347,2.6790750141003947,5.655606055428356,-0.015120133146194713,0.06553576428930548,,,,,False,False,False,False,32.527427353976336,-1.7216642754662836,6.0,관찰,0.0,0.0,0.0,0.0,0.0,False,False,False,False,2026-09-04T03:37:26.037623+09:00,1788460646,0.0,0.0,,0,0.0,complete,,,39896.2014905,15989.96512348,0.42776661588092935,1373.0,1386.0,0.9468317552804084,-0.21849963583393528,1.1544011544011543,123.07692307692253,complete_hourly_ordered,/v1/candles/minutes/60,120,False,2.2760646108663796,1362.0,2026-08-30T12:00:00,1393.0,2026-08-31T08:00:00,D-4,1.6511127063890907,74.19354838709666,False,False,,,,0.0,0.0,0.0,0.0,0.0,,,,,0.0,0.0,0.0,0.0,0.0,,,,,0.0,0.0,0.0,0.0,0.0,,,,,0.0,0.0,0.0,0.0,0.0,,,,,0.0,0.0,0.0,0.0,0.0,,,,,0.0,0.0,0.0,0.0,0.0,,,0.0,0.0,0.0,0,23951.025673009997,0.0,0.0,False,False,flat_or_na,flat_or_na,unavailable,flat_or_na,neutral,False,False,False,pass,S0,🌱 초발사 준비,발사 구조 관찰 또는 초기 준비,S0,False,,,2026-09-03T18:10:00Z,33790588802-1
KRW-WET,휴미디파이,84.9,89.03333333333333,95.17200000000001,100.21499999999999,-1.0520856486626706,6.450076352988987,11.157677659698308,0.8297282713456919,0.6418653252532817,,,,,False,False,False,False,-10.245683737870015,0.8313539192399189,4.0,-,0.0,0.0055428382648265995,0.0,0.0,0.0,False,False,False,False,2026-09-04T03:37:26.037623+09:00,1788460646,19999.999999166997,16240.499999136002,1.2314891783030697,5,0.0,complete,1788459799638,1788460269405,677105.83124442,653016.19014039,0.01811085052102963,83.0,85.5,3.0120481927710774,2.2891566265060392,0.7017543859649056,23.99999999999932,complete_hourly_ordered,/v1/candles/minutes/60,120,False,5.947955390334569,80.7,2026-09-02T10:00:00,85.5,2026-09-04T00:00:00,D0,0.7017543859649034,12.500000000000048,False,False,,98.25535289134113,,0.0055428382648265995,0.0,0.0,0.0,0.0,,,98.25535289134113,,0.0055428382648265995,0.0,0.0,0.0,0.0,,1.2314891783030697,,-98.79643341974878,0.04763223455475085,0.7117437722420128,0.0,0.04445432318291864,-0.035483368808495896,,1.1945357097004887,299.361022352209,-88.01631775528676,0.09143507392787065,0.35460992907803135,0.0,0.0,0.0,,-18.04589186042828,-98.576279776734,-77.713488904332,0.12471372474250764,0.35460992907803135,0.0,0.02222716159145932,-0.017741241802673002,,-3.1400518658032723,-99.383597206581,-97.81189298403254,0.37156782738763106,0.35460992907803135,0.0,0.0296362154552976,-0.023655185778764576,,,9911.999999424996,16240.499999136002,0.0,36240.499998303,1351911.0199651113,0.0268068678064613,0.35460992907803135,False,False,rising,rising,buy_advantage_weakening,accelerating,neutral,False,False,False,pass,S0,🌱 초발사 준비,발사 구조 관찰 또는 초기 준비,S0,False,,,2026-09-03T18:10:00Z,33790588802-1
KRW-USDT,테더,1367.0,1379.9333333333334,1417.38,1462.9666666666667,-0.03863427826338306,2.6419638111633232,5.675681833716874,-0.016200836626699067,0.06354017508292475,,,,,False,False,False,False,-67.03462002558678,-1.7972681524083378,5.0,관찰,-0.0731528895391409,0.10592329581704973,0.0,-0.004829284782914556,0.004019638532410497,False,False,False,False,2026-09-04T03:37:26.037623+09:00,1788460646,43577059.834424354,268811011.6430269,0.16211039707068775,254,0.0,complete,1788459759741,1788460689518,10018599.72738117,9614962.6487854,0.02055852477825169,1376.0,1378.0,0.14534883720929148,-0.6540697674418561,0.7982583454281567,550.0000000000306,complete_hourly_ordered,/v1/candles/minutes/60,120,False,0.9454545454545382,1375.0,2026-09-01T04:00:00,1388.0,2026-09-02T03:00:00,D-2,1.5850144092218965,169.23076923076948,False,False,-0.3320546114432766,-74.9887963793181,-23.75774858678943,0.10592329581704973,0.0,0.0,-0.004829284782914556,0.004019638532410497,,-0.3320546114432766,-74.9887963793181,-23.75774858678943,0.10592329581704973,0.0,0.0,-0.004829284782914556,0.004019638532410497,,-0.05644661852087532,-58.03893639121588,-43.42815143815443,0.1787336463916489,0.07320644216690653,0.0,0.0,0.0,,-0.19811355504926592,-52.47126056247416,5.613154176653534,0.24151095251401955,0.07320644216690653,0.0,-0.004829284782914556,0.004019638532410497,,-0.037344389797083155,-86.6137542951453,-83.53004599170042,0.44763643948921583,-0.07309941520468044,0.0,-0.004829284782914556,0.004019638532410497,,-0.3052119905489694,-90.08612484659182,-71.42085954404448,0.6568797234975108,-0.14609203798392478,0.0,-0.014487854348765872,0.012058778219875776,,-0.3320546114432766,-130653099.15876475,-83763848.96300411,0.0,312388071.47745126,764381885.1745055,0.4086806314178079,-0.14609203798392478,False,False,falling,falling,sell_advantage_accelerating,accelerating,neutral,False,False,False,pass,S0,🌱 초발사 준비,발사 구조 관찰 또는 초기 준비,S0,False,,,2026-09-03T18:10:00Z,33790588802-1
KRW-USDS,유에스디에스,1374.0,1380.3333333333333,1417.74,1463.25,-0.004829518014115575,2.638471558019577,5.666609715815256,-0.03234523750329434,0.04628878419445446,,,,,False,False,False,False,-73.83571204946318,-0.6507592190889366,5.0,관찰,0.0,0.0,0.0,0.0,0.0,False,False,False,False,2026-09-04T03:37:26.037623+09:00,1788460646,0.0,0.0,,0,0.0,complete,,,30990.92162839,9805.78869516,0.5192853238708522,1387.0,1388.0,0.07209805335255393,-0.9372746935832788,1.0086455331412103,1400.0000000001078,complete_hourly_ordered,/v1/candles/minutes/60,120,False,1.8261504747991264,1369.0,2026-08-24T16:00:00,1394.0,2026-08-31T01:00:00,D-4,1.434720229555242,79.99999999999952,False,False,,,,0.0,0.0,0.0,0.0,0.0,,,,,0.0,0.0,0.0,0.0,0.0,,,,,0.0,0.0,0.0,0.0,0.0,,,,,0.0,0.0,0.0,0.0,0.0,,,,,1.8622031148187972,-0.07272727272726875,0.0,-0.004829518014115575,0.004018808536408791,,,,,1.8622031148187972,-0.07272727272726875,0.0,-0.004829518014115575,0.004018808536408791,,,0.0,0.0,0.0,0,19985.465115,0.0,-0.07272727272726875,False,False,flat_or_na,flat_or_na,unavailable,flat_or_na,neutral,False,False,False,pass,S0,🌱 초발사 준비,발사 구조 관찰 또는 초기 준비,S0,False,,,2026-09-03T18:10:00Z,33790588802-1
KRW-2Z,더블제로,75.0,76.83333333333333,80.11399999999999,103.40833333333333,0.3832418778852098,4.094997961238563,25.699089370618104,-1.182366285835678,-0.700124179722825,3.4633920218253533,,,,False,False,False,False,26.59971870438982,-1.1857707509881465,6.0,관찰,0.0,0.5445868516053878,0.0,0.0,0.0,False,False,False,False,2026-09-04T03:37:26.037623+09:00,1788460646,199950.0,2999999.999999562,0.06665000000000973,10,0.0,complete,1788459826881,1788460271358,953698.94793433,1314191.04739364,-0.15895484357793008,73.9,75.3,1.8944519621109546,1.4884979702300294,0.3984063745019883,21.428571428571765,complete_hourly_ordered,/v1/candles/minutes/60,120,False,5.841446453407495,71.9,2026-08-31T08:00:00,76.1,2026-09-02T01:00:00,D-2,1.4454664914586024,26.19047619047609,True,False,,,,0.5445868516053878,0.0,0.0,0.0,0.0,,,,,0.5445868516053878,0.0,0.0,0.0,0.0,,,,,0.5445868516053878,0.0,0.0,0.0,0.0,,,-4.9875027317519365,,0.5456399189792016,-0.13315579227695107,0.0,-0.008710042679194174,0.005848120245385502,,,-73.22673714506422,,0.7607249569518082,0.536193029490617,0.0,0.043550213396037485,-0.029242015125543475,,0.023411850965986115,42.82142857224469,-7.346823498004906,0.793680316849855,0.2673796791443861,0.0,0.017420085358432758,-0.011696523263662328,,,199950.0,2999999.999999562,0.0,3199949.999999562,746827.165158685,4.284726305208301,0.2673796791443861,False,False,rising,rising,sell_advantage_weakening,accelerating,neutral,False,False,False,pass,S0,🌱 초발사 준비,발사 구조 관찰 또는 초기 준비,S0,False,,,2026-09-03T18:10:00Z,33790588802-1
KRW-BOUNTY,체인바운티,16.8,15.866666666666667,18.14,22.3,1.018675721561979,12.532157295112093,28.84902840059791,-0.918281193292865,-0.7247615628064793,13.647407119569795,,,,False,False,False,False,156.76424388600174,7.006369426751591,9.0,B급,0.5988023952095967,0.005590512953006055,1.0,0.04244482173174635,-0.027237528622165996,False,False,False,False,2026-09-04T03:37:26.037623+09:00,1788460646,0.0,41368.337845296,0.0,1,0.0,complete,1788460255017,1788460255017,9287303.12181284,11456754.88078998,-0.10458184019274008,17.4,17.4,0.0,-3.44827586206895,3.4482758620689538,,complete_hourly_ordered,/v1/candles/minutes/60,120,False,16.666666666666675,15.6,2026-08-30T05:00:00,18.2,2026-09-02T13:00:00,D-2,7.692307692307687,53.84615384615377,True,True,-1.0119760479041915,-100.0,179.09178027586782,0.005590512953006055,0.5988023952095967,1.0,0.04244482173174635,-0.027237528622165996,,-1.0119760479041915,-100.0,179.09178027586782,0.005590512953006055,0.5988023952095967,1.0,0.04244482173174635,-0.027237528622165996,,,-100.0,,0.09194150337597762,-0.5917159763313529,0.0,-0.04244482173174635,0.027235493008504363,,-2.674126977612063,-100.0,-90.19052254269184,0.13590712748592182,0.0,0.0,-0.04244482173174635,0.027235493008504363,,,,,0.23051341081452392,-0.5917159763313529,0.0,-0.04244482173174635,0.027235493008504363,,,,,0.23051341081452392,-0.5917159763313529,0.0,-0.04244482173174635,0.027235493008504363,,-1.0119760479041915,-14999.999999880998,26545.852638313,0.5988023952095967,41368.337845296,1312431.946048802,0.03152036794733565,-0.5917159763313529,False,False,falling,rising,sell_only,accelerating,neutral,False,True,False,pass,S0,🌱 초발사 준비,발사 구조 관찰 또는 초기 준비,S0,False,,,2026-09-03T18:10:00Z,33790588802-1
KRW-KAITO,카이토,418.0,448.8,969.08,852.75,-0.8979832180185499,53.68803401163989,47.3702726473175,-0.19065889819874754,0.30347752383217924,,,,,False,False,False,False,-27.88520812250913,-5.65610859728507,0.0,-,-0.23923444976076125,0.01670571635854401,0.0,-0.014721036360965112,0.0073034590949703215,False,False,False,False,2026-09-04T03:37:26.037623+09:00,1788460646,9500208.09691404,1875748.7032563402,5.064755252354153,10,0.0,complete,1788460439468,1788460700863,1038095.14813764,501057.39401057,0.34891782290631257,417.0,419.0,0.47961630695443347,0.23980815347721673,0.23866348448687352,50.0,complete_hourly_ordered,/v1/candles/minutes/60,120,False,5.940594059405946,404.0,2026-08-31T08:00:00,428.0,2026-08-31T17:00:00,D-4,2.336448598130836,41.66666666666667,True,False,,1926.496629463519,,0.01670571635854401,0.0,0.0,-0.014721036360965112,0.0073034590949703215,,,1926.496629463519,,0.01670571635854401,0.0,0.0,-0.014721036360965112,0.0073034590949703215,,4.5209803207430586,63215.73544612028,6697.862482321716,0.02132169466254652,0.0,0.0,0.0,0.0,,2.7599973054267686,-15.606869724491146,-61.596221736845294,0.11884571087025364,0.23980815347721673,0.0,0.01472103636095401,-0.007303601839630858,,4.863417701665581,674.3555862743228,-69.21729692071146,0.25854874490509516,0.48076923076922906,0.0,0.0,0.0,,4.776411829266449,263.3294104060366,-79.31516121016536,0.32212261174535683,0.9661835748792313,0.0,0.01472103636095401,-0.007303601839630858,,,9031408.496717859,1875748.7032563402,0.0,11375956.80017038,7411383.842274325,1.5349301887836713,0.9661835748792313,False,False,rising,rising,buy_advantage_weakening,accelerating,neutral,False,False,False,pass,S0,🌱 초발사 준비,발사 구조 관찰 또는 초기 준비,S0,False,,,2026-09-03T18:10:00Z,33790588802-1
KRW-LPT,라이브피어,1920.0,1899.4666666666667,1895.32,2415.05,0.6997950095426697,-0.21878451484006714,21.34876434580375,-1.0062716252384587,-0.8107695504565786,,,,,True,False,False,False,0.41785557359010905,2.350427350427342,8.0,B급,0.41928721174004924,0.0026131181797062197,0.0,0.028274545840112353,-0.01991314679453282,False,False,False,False,2026-09-04T03:37:26.037623+09:00,1788460646,664998.7198351901,0.0,,6,0.0,complete,1788460411610,1788460440526,27018.72417215,34197.77807543,-0.1172731802651106,1821.0,1931.0,6.040637012630423,5.436573311367376,0.5696530295183843,10.000000000000075,complete_hourly_ordered,/v1/candles/minutes/60,120,False,7.456872565386763,1797.0,2026-09-02T19:00:00,1931.0,2026-09-04T01:00:00,D0,0.5696530295183799,8.208955223880755,False,True,,,,0.0026131181797062197,0.6289308176100628,0.0,0.028274545840112353,-0.01991314679453282,,,,,0.0026131181797062197,0.6289308176100628,0.0,0.028274545840112353,-0.01991314679453282,,,-48.74532002750107,,0.2632098934906235,0.6289308176100628,0.0,0.03534318230014044,-0.02489160527908396,,,915.4638889445405,-100.0,0.28939128890204113,0.7345225603357708,0.0,0.014137272920056176,-0.009956435971396616,,,1557.0698956796246,-100.0,0.33026420567734416,0.47095761381474865,0.0,0.01767159115007022,-0.012445587909375888,,,117.53453403539753,-100.0,1.1203342448476317,0.4184100418409997,0.0,-0.014137272920033972,0.009956161131032815,,,664998.7198351901,0.0,0.6289308176100628,664998.7198351901,1506869.19632612,0.4413115096230752,0.4184100418409997,False,False,rising,flat_or_na,buy_only,accelerating,neutral,False,False,False,pass,S0,🌱 초발사 준비,발사 구조 관찰 또는 초기 준비,S0,False,,,2026-09-03T18:10:00Z,33790588802-1
KRW-BLAST,블라스트,0.401,0.3872666666666667,0.37342,0.4723333333333333,1.0612386917188577,-3.7080677699819855,18.009880028228643,-1.5846972405144055,-1.3329589253232534,,,13.511204048437651,,False,False,False,False,-36.04067049499664,2.0408163265306145,11.0,A급,-0.24937655860348684,0.1040454025765456,0.0,-0.017397355601955766,0.012667558441595617,False,False,False,True,2026-09-04T03:37:26.037623+09:00,1788460646,11078.4607696135,399996.869598188,0.027696368675940476,4,0.0,complete,1788460170278,1788460594295,330123249.185619,282551216.8635089,0.07764650717187799,0.397,0.402,1.2594458438287104,1.0075566750629816,0.24875621890547284,19.99999999999894,complete_hourly_ordered,/v1/candles/minutes/60,120,False,16.79790026246719,0.381,2026-08-31T10:00:00,0.445,2026-09-01T12:00:00,D-3,9.887640449438194,68.74999999999997,False,True,,,,0.1040454025765456,0.0,0.0,-0.017397355601955766,0.012667558441595617,0.03511689809829299,,,,0.1040454025765456,0.0,0.0,-0.017397355601955766,0.012667558441595617,0.03511689809829299,,,,0.1040454025765456,0.0,0.0,-0.017397355601955766,0.012667558441595617,0.03511689809829299,,-99.4958708621637,,0.1040454025765456,0.0,0.0,-0.017397355601955766,0.012667558441595617,0.03511689809829299,0.027696368675940476,,-91.8959526399921,0.19264669021494996,0.0,0.0,-0.017397355601955766,0.012667558441595617,0.03511689809829299,0.027696368675940476,,7.313535586159081,0.2370312457524406,0.0,0.0,-0.017397355601955766,0.012667558441595617,0.03511689809829299,,11078.4607696135,399996.869598188,0.0,411075.3303678015,682106.9666856178,0.6026552292307338,0.0,False,True,rising,rising,sell_advantage_weakening,accelerating,neutral,True,True,False,🔴 1차 급등 완료·상승분 반납 / 신규매수 금지,S3,🔴 1차 급등 완료·반납,당일/5D 급등 후 상승분 상당 부분 반납,S0,True,당일/5D 급등 후 상승분 상당 부분 반납,2026-09-04T03:37:26.037623+09:00,2026-09-03T18:10:00Z,33790588802-1
KRW-ETHFI,이더파이,818.0,788.0666666666667,661.88,599.825,0.8187633262260352,-19.06488588062288,-31.382764417399517,-0.19087670841589244,-0.6655626838866443,,,,,False,False,False,False,-14.434258481868268,7.773386034255592,6.0,관찰,0.9876543209876631,0.14420689543021048,0.0,0.06823027718552144,-0.07432073869560085,False,False,False,False,2026-09-04T03:37:26.037623+09:00,1788460646,581863.5172478,167572.59629642,3.4723071081296535,5,0.0,complete,1788460038178,1788460697618,157324.56644465,90990.09512158,0.26713876218451726,772.0,828.0,7.253886010362698,5.958549222797926,1.2077294685990339,17.857142857142914,complete_hourly_ordered,/v1/candles/minutes/60,120,False,16.527777777777786,720.0,2026-08-31T08:00:00,839.0,2026-09-02T16:00:00,D-2,2.3837902264600697,16.80672268907569,True,True,3.202507752630976,-58.338550764797134,-96.76289227802401,0.14420689543021048,0.9876543209876631,0.0,0.06823027718552144,-0.07432073869560085,,3.202507752630976,-58.338550764797134,-96.76289227802401,0.14420689543021048,0.9876543209876631,0.0,0.06823027718552144,-0.07432073869560085,,3.326766182171448,-9.49447304635055,-96.20648237987663,0.7851575165897735,0.1223990208078396,0.0,0.05970149253733403,-0.06502974280383711,,-4.506243037627091,-98.69746755268807,-97.00708487938115,1.090766525635189,-1.2077294685990392,0.0,-0.0085287846481652,0.009288930752738622,,2.4644414721991876,35.959243548202345,-60.536713720249224,2.266874146730844,0.49140049140048436,0.0,0.025586353944584417,-0.027868340929572355,,2.1735170969015334,-72.24261305808804,-89.61756095434545,2.6445835823213475,0.8631319358816336,0.0,0.05117270788914663,-0.05573900509212493,,3.202507752630976,-814783.81002794,-5009042.16875474,0.9876543209876631,749436.11354422,5529817.602961726,0.1355263712753976,0.8631319358816336,False,False,falling,falling,buy_advantage_accelerating,accelerating,neutral,False,True,False,pass,S0,🌱 초발사 준비,발사 구조 관찰 또는 초기 준비,S0,False,,,2026-09-03T18:10:00Z,33790588802-1
KRW-DKA,디카르고,4.98,4.782666666666667,4.9148000000000005,6.100083333333333,0.8859513429897214,2.6884783375383305,21.596699498640724,-1.0400366265362446,-0.9531208654840906,2.5849842870362014,,,,False,False,False,False,128.74009112094637,3.556485355648542,8.0,B급,-0.4024144869215207,0.012649989553153773,0.0,-0.028125439460024992,0.019714948827203926,False,False,False,False,2026-09-04T03:37:26.037623+09:00,1788460646,5099.999999989201,567340.1183959245,0.008989316698436105,3,0.0,complete,1788460181297,1788460581627,23849287.39797532,19870216.32401412,0.09101363774081139,4.93,5.05,2.4340770791074995,1.014198782961473,1.3861386138613743,58.333333333332725,complete_hourly_ordered,/v1/candles/minutes/60,120,False,17.758985200845668,4.73,2026-08-30T06:00:00,5.57,2026-08-30T09:00:00,D-4,10.592459605026928,70.23809523809528,False,True,,,,0.012649989553153773,0.201207243460777,0.0,-0.028125439460024992,0.019714948827203926,,,,,0.012649989553153773,0.201207243460777,0.0,-0.028125439460024992,0.019714948827203926,,-64.70716609892659,-97.16715678305997,20294.288914916622,0.016056568503756807,0.201207243460777,0.0,-0.04218815918999308,0.029572019268009342,,,-89.80000000001326,,0.018291053331950025,0.201207243460777,0.0,-0.014062719730012496,0.009857609074867213,,,,,0.07453672723215732,0.40322580645162365,0.0,-0.014062719730012496,0.009857609074867213,,-0.024101736929536613,-97.46542338710223,-90.66983471210925,0.07453672723215732,0.40322580645162365,0.0,-0.014062719730012496,0.009857609074867213,,,5099.999999989201,567340.1183959245,0.201207243460777,572440.1183959136,1518724.454764728,0.3769216440809816,0.40322580645162365,False,False,rising,rising,sell_advantage_weakening,accelerating,neutral,True,True,False,🔴 1차 급등 완료·상승분 반납 / 신규매수 금지,S3,🔴 1차 급등 완료·반납,당일/5D 급등 후 상승분 상당 부분 반납,S0,True,당일/5D 급등 후 상승분 상당 부분 반납,2026-09-04T03:37:26.037623+09:00,2026-09-03T18:10:00Z,33790588802-1
KRW-ANKR,앵커,5.82,5.504666666666667,5.118,5.726249999999999,1.2756040721207063,-7.5550345186921986,3.8696063450483718,-0.9582209185609807,-1.150629825116751,,,3.363033236736875,,False,False,False,False,4806.419697785952,4.308797127468567,15.0,A급,-0.6837606837606813,6.107052432226737,0.0,-0.04906169508154257,0.04097088760573264,True,True,True,True,2026-09-04T03:37:26.037623+09:00,1788460646,2039992.4501948277,14213611.606261648,0.14352386337165227,39,0.0,complete,1788459748509,1788460547272,33663541.44175978,47491895.95126404,-0.170393444403923,5.49,7.06,28.5974499089253,6.0109289617486406,17.563739376770528,78.98089171974519,complete_hourly_ordered,/v1/candles/minutes/60,120,False,32.706766917293216,5.32,2026-09-02T10:00:00,7.06,2026-09-03T09:00:00,D-1,17.563739376770528,71.26436781609196,False,False,-1.81124238404403,-85.01692983522416,104.0664120427345,6.107052432226737,-0.5128205128204999,0.0,-0.04906169508154257,0.04097088760573264,0.05913596784419006,-1.81124238404403,-85.01692983522416,104.0664120427345,6.107052432226737,-0.5128205128204999,0.0,-0.04906169508154257,0.04097088760573264,0.05913596784419006,-4.443403959512207,-92.09700281551096,152.5745671703083,11.393382574916359,0.34482758620690834,0.0,0.03679627131116803,-0.030731296120554585,-0.04491228332557995,-19.892651159569102,-92.5350234316457,942.1234040947669,14.239534399599506,0.34482758620690834,0.0,0.049061695081586976,-0.040975657833264734,-0.05999131334008645,-0.23340283697193734,-66.20248989348694,-11.239959230408836,20.384676322681116,0.5181347150259086,0.0,0.049061695081586976,-0.040975657833264734,-0.05999131334008645,0.02121452757500858,-64.8335816173611,-70.03159493003879,26.649709594550586,0.6920415224913601,0.0,0.024530847540793488,-0.02048723258614471,-0.029887582809649427,-1.81124238404403,-11575324.222290024,7248422.448486331,-0.5128205128204999,16253604.056456476,201582885.6256445,0.08062988088503066,0.6920415224913601,False,True,falling,rising,sell_advantage_accelerating,accelerating,neutral,True,True,False,🔴 1차 급등 완료·상승분 반납 / 신규매수 금지,S3,🔴 1차 급등 완료·반납,당일/5D 급등 후 상승분 상당 부분 반납,S3,False,,,2026-09-03T18:10:00Z,33790588802-1
KRW-ALGO,알고랜드,130.0,124.93333333333334,120.52,137.85,0.8611410118406937,-3.661909503263642,9.370088260186186,-0.7264090895495778,-0.8841233293018285,,,10.598168773111695,,False,False,False,False,1.2378226588185104,4.878048780487809,11.0,A급,-0.7692307692307665,0.017777876203539655,0.0,-0.05382131324005446,0.04288037769813258,False,False,False,False,2026-09-04T03:37:26.037623+09:00,1788460646,818986.5067462,1313947.39420017,0.6233023562139913,3,0.0,complete,1788460056421,1788460501475,6291415.45354799,6210568.18252243,0.006466755466892573,128.0,131.0,2.34375,1.5625,0.7633587786259541,33.33333333333333,complete_hourly_ordered,/v1/candles/minutes/60,120,False,12.93103448275863,116.0,2026-08-31T08:00:00,131.0,2026-09-04T01:00:00,D0,0.7633587786259555,6.666666666666804,False,False,-207.42543460347594,-61.372654742366436,12793.213562949368,0.017777876203539655,0.0,0.0,-0.05382131324005446,0.04288037769813258,0.14985007601949363,-207.42543460347594,-61.372654742366436,12793.213562949368,0.017777876203539655,0.0,0.0,-0.05382131324005446,0.04288037769813258,0.14985007601949363,,718.986506747019,,0.04854901079791585,0.0,0.0,-0.05382131324005446,0.04288037769813258,0.14985007601949363,0.6066849543813126,198.66365205176825,-92.03754988332554,0.05171495436870899,0.0,0.0,-0.05382131324005446,0.04288037769813258,0.14985007601949363,0.6137771613459289,1250.9595604364379,-79.35487818433455,0.5462288839191087,0.7751937984496138,0.0,0.0,0.0,0.0,-3.8675854806762677,-94.0927353989787,-57.43821199849424,0.8026272771230358,0.0,0.0,-0.05382131324005446,0.04288037769813258,0.14985007601949363,-207.42543460347594,-1301238.17161,1303756.39420017,0.0,2132933.90094637,6648054.09545902,0.3208358220796186,0.0,False,True,falling,rising,sell_advantage_accelerating,accelerating,neutral,False,False,False,pass,S0,🌱 초발사 준비,발사 구조 관찰 또는 초기 준비,S0,False,,,2026-09-03T18:10:00Z,33790588802-1
KRW-SHIB,시바이누,0.00741,0.007313333333333333,0.0067672,0.00722175,0.8272058823529438,-8.070299877842135,-1.2681598412203867,-0.533093010319825,-1.0116296443264758,,,,,False,False,False,False,-23.890518521704728,3.6312849162011274,8.0,B급,0.0,0.08570759995853194,0.0,0.00919117647060208,-0.0080629106872816,False,False,False,False,2026-09-04T03:37:26.037623+09:00,1788460646,10712615.266791184,26841871.66251023,0.39910090479097937,29,0.0,complete,1788459890401,1788460701508,60995857894.86303,52790442431.36957,0.07211250774450009,0.00711,0.0075,5.485232067510548,4.219409282700415,1.1999999999999975,23.0769230769232,complete_hourly_ordered,/v1/candles/minutes/60,120,False,10.13215859030836,0.00681,2026-08-31T08:00:00,0.0075,2026-09-04T00:00:00,D0,1.3333333333333308,14.492753623188321,False,True,0.19210579232482933,930.7786195803535,434.617019722078,0.08570759995853194,-0.13477088948787852,0.0,0.00919117647060208,-0.0080629106872816,,0.19210579232482933,930.7786195803535,434.617019722078,0.08570759995853194,-0.13477088948787852,0.0,0.00919117647060208,-0.0080629106872816,,-0.30576664549544186,-19.31113756297218,42.50772202877586,0.10875593237150838,-0.2691790040376896,0.0,0.0,0.0,,0.2997284891890051,15.523000648153973,-71.23584663881479,0.4043568020330248,0.27063599458727605,0.0,0.00919117647060208,-0.0080629106872816,,-1.3159094881859525,-33.15473487108404,187.2464658466004,0.8474944740015111,-0.13477088948787852,0.0,-0.018382352941181956,0.016125263149412872,,-0.4393221694256775,-78.62030962297243,-55.08598072185356,1.0128684878162453,0.0,0.0,-0.018382352941181956,0.016125263149412872,,0.19210579232482933,9673341.16241051,21821105.268566385,-0.13477088948787852,37554486.92930141,45841201.97083085,0.8192299790306034,0.0,False,False,rising,rising,sell_advantage_weakening,accelerating,leading_buy_inflow,False,False,False,pass,S0,🌱 초발사 준비,발사 구조 관찰 또는 초기 준비,S0,False,,,2026-09-03T18:10:00Z,33790588802-1
KRW-UNI,유니스왑,8565.0,6603.333333333333,5751.78,5151.066666666667,3.66300366300365,-14.80504006296022,-28.193513317630003,-2.8480234251112977,-3.6857485958036706,,,,,False,False,False,False,503.3336276702359,30.76923076923077,6.0,관찰,0.9501187648456089,0.9567109663982478,0.0,0.10465724751438366,-0.10870162625032265,False,True,False,False,2026-09-04T03:37:26.037623+09:00,1788460646,28100190.876871094,12722307.4282565,2.208733835063599,77,0.0,complete,1788459864405,1788460701084,16121.83109391,21485.48163478,-0.1426225420456102,8050.0,8740.0,8.571428571428562,6.397515527950315,2.002288329519451,25.36231884057958,complete_hourly_ordered,/v1/candles/minutes/60,120,False,36.51903651903652,6435.0,2026-08-30T04:00:00,8785.0,2026-09-02T14:00:00,D-2,2.276607854297097,8.510638297872308,False,True,-2.179919854054237,-19.95168473968868,59.05236226198225,0.9567109663982478,1.7220902612826494,0.0,0.10465724751438366,-0.10870162625032265,,-2.179919854054237,-19.95168473968868,59.05236226198225,0.9567109663982478,1.7220902612826494,0.0,0.10465724751438366,-0.10870162625032265,,1.3556189504321066,78.23915505856927,-31.15581706103233,1.1483718346624983,2.2076372315035897,0.0,0.15698587127157548,-0.16306563179006162,,1.0567142960001672,90.74178916019547,-0.5139213516256569,1.4927462733215293,2.2076372315035897,0.0,0.05756148613289547,-0.059781541610021804,,1.5669827275678512,114.19048582880413,-37.76661573542227,2.3195945739108765,1.8430439952437538,0.0,0.08372579801150248,-0.08695848693723462,,2.0173728061121765,107.41676507765878,-82.02975616304018,3.182973347295899,2.3909145248057317,0.0,0.08895866038720612,-0.09239413983816291,,-2.179919854054237,-7003846.9601418525,4723490.405155001,1.7220902612826494,40822498.30512759,103109351.92853448,0.39591460465605327,2.3909145248057317,False,True,falling,rising,buy_advantage_weakening,accelerating,neutral,False,False,False,pass,S0,🌱 초발사 준비,발사 구조 관찰 또는 초기 준비,S0,False,,,2026-09-03T18:10:00Z,33790588802-1
KRW-BIO,바이오프로토콜,38.8,39.32666666666667,36.722,44.369166666666665,0.08483203257552141,-7.092932483706406,11.364874255770705,-0.4723828104941232,-0.848427814490365,,,13.395216495344835,,False,False,False,False,-30.12301106457419,1.837270341207331,10.0,A급,0.0,3.23099854045439,0.0,0.0,0.0,False,False,False,False,2026-09-04T03:37:26.037623+09:00,1788460646,20768661.711520616,885238.628570708,23.46108839043023,10,0.0,complete,1788459762682,1788460449234,2420342.8120528,4310341.5686447,-0.28080335515539945,35.4,39.2,10.73446327683618,9.604519774011289,1.0204081632653206,10.526315789473971,complete_hourly_ordered,/v1/candles/minutes/60,120,False,14.285714285714302,34.3,2026-09-02T19:00:00,39.2,2026-09-04T03:00:00,D0,1.0204081632653184,8.163265306122566,False,True,21.355274953656465,276.0726188556541,-66.24458504184456,3.23099854045439,0.0,0.0,0.0,0.0,0.0,21.355274953656465,276.0726188556541,-66.24458504184456,3.23099854045439,0.0,0.0,0.0,0.0,0.0,20.958149463307503,-34.521021129997365,-93.01439547924696,4.1670743866229465,0.2583979328165231,0.0,0.06786562606042601,-0.05344689977315831,-0.23471939493312277,23.08587559448748,8211.851148794076,32.931297009695015,5.757503657132876,3.4666666666666623,0.0,0.22056328469630682,-0.17373179344965806,-0.7855245882400474,14.136543646701169,960.6243180848383,321.5422040821968,6.62470230857485,3.4666666666666623,0.0,0.23752969121141332,-0.18709929248305457,-0.8487541869140767,23.29948848286262,23734.400483036432,64.17128015932786,6.7507919540073935,3.743315508021383,0.0,0.23752969121141332,-0.18709929248305457,-0.8487541869140767,21.355274953656465,15246148.061173704,-1737269.8775995914,0.0,21653900.340091325,8844514.10309422,2.448286032187544,3.743315508021383,False,False,rising,falling,buy_advantage_accelerating,accelerating,leading_buy_inflow,False,False,False,pass,S0,🌱 초발사 준비,발사 구조 관찰 또는 초기 준비,S0,False,,,2026-09-03T18:10:00Z,33790588802-1
KRW-WLFI,월드리버티파이낸셜,79.4,80.36666666666666,80.252,86.00416666666666,-0.4295035929627655,-0.14288325109238986,6.5549149750496625,0.3744913493429699,0.3580080744507761,,0.38153952379159844,,,False,False,False,False,-48.726534913549045,-1.0000000000000009,7.0,B급,0.3802281368821214,0.21695315700095819,0.0,0.0247790534401493,-0.0205389890208183,False,False,False,False,2026-09-04T03:37:26.037623+09:00,1788460646,1446980.8110773962,34925.433248376,41.43057584388533,11,0.0,complete,1788459856889,1788460593770,4740875.51610964,3991306.9121785,0.0858397783242471,77.1,79.7,3.3722438391699194,2.983138780804162,0.3764115432873239,11.538461538461462,complete_hourly_ordered,/v1/candles/minutes/60,120,False,4.823989569752296,76.7,2026-08-31T08:00:00,80.4,2026-08-31T19:00:00,D-4,1.243781094527363,27.027027027027263,True,False,41.43057584388533,,-99.74918333327555,0.21695315700095819,0.6337135614702172,0.0,0.0247790534401493,-0.0205389890208183,,41.43057584388533,,-99.74918333327555,0.21695315700095819,0.6337135614702172,0.0,0.0247790534401493,-0.0205389890208183,,41.215172148916466,46.90533544001623,-99.23621742107429,0.24684609126310875,0.5063291139240533,0.0,0.016519368960110636,-0.013692526670255667,,40.72062375425962,-97.82425130131777,-99.9627164888813,0.36160384458434436,0.37926675094817064,0.0,-0.008259684480049767,0.006846064327392654,,40.9547177204789,-96.91330324258486,-99.96454720465285,1.843933778807461,0.2525252525252597,0.0,0.016519368960110636,-0.013692526670255667,,39.02521735398331,-74.09705388896917,-98.49613793502611,2.04043594161233,0.7614213197969733,0.0,0.03303873792021017,-0.0273855840534587,,41.43057584388533,1446980.8110773962,-13889760.555320948,0.6337135614702172,1481906.2443257722,5759613.329267256,0.25729266178260995,0.7614213197969733,False,False,rising,falling,buy_advantage_accelerating,accelerating,neutral,False,False,False,pass,S0,🌱 초발사 준비,발사 구조 관찰 또는 초기 준비,S0,False,,,2026-09-03T18:10:00Z,33790588802-1
KRW-TOKAMAK,토카막네트워크,448.0,428.6666666666667,450.9,558.5666666666667,1.0212097407698462,4.930878982775181,23.255952736169963,-1.240503462822726,-1.1004389692787426,3.9749014255511415,,,,False,False,False,False,-80.89389678049501,4.976303317535535,7.0,B급,-1.3363028953229383,0.023777680171676252,0.0,-0.0942655145325988,0.06473633852100846,False,False,False,False,2026-09-04T03:37:26.037623+09:00,1788460646,21951.00222336,0.0,,1,0.0,complete,1788460473075,1788460473075,136869.57006297,202397.1552138,-0.1931447450302512,436.0,454.0,4.128440366972486,2.752293577981657,1.3215859030837005,33.33333333333333,complete_hourly_ordered,/v1/candles/minutes/60,120,False,10.73170731707318,410.0,2026-08-31T11:00:00,454.0,2026-09-04T00:00:00,D0,1.3215859030836996,13.636363636363635,False,True,,,,0.023777680171676252,-0.22271714922048602,0.0,-0.0942655145325988,0.06473633852100846,,,,,0.023777680171676252,-0.22271714922048602,0.0,-0.0942655145325988,0.06473633852100846,,,,,0.023777680171676252,-0.22271714922048602,0.0,-0.0942655145325988,0.06473633852100846,,,-78.04899777608684,,0.023777680171676252,-0.22271714922048602,0.0,-0.0942655145325988,0.06473633852100846,,,,-100.0,0.025161858371816948,0.9009009009008917,0.0,-0.015710919088762765,0.010790194583481849,,,-47.21020772582752,-100.0,0.055105631818236134,0.4484304932735439,0.0,-0.047132757266288294,0.032369617911243154,,,21951.00222336,0.0,-0.22271714922048602,21951.00222336,3194455.055429655,0.006871595261936651,0.4484304932735439,False,False,rising,flat_or_na,buy_only,accelerating,neutral,False,False,False,pass,S0,🌱 초발사 준비,발사 구조 관찰 또는 초기 준비,S0,False,,,2026-09-03T18:10:00Z,33790588802-1
KRW-SKY,스카이프로토콜,93.3,93.66000000000001,85.124,89.89333333333335,0.8108495981630437,-10.027724261077976,-4.190151290418272,-1.2685109045024976,-1.5390961234116811,,,,,False,False,False,False,5.048007178033775,-1.1578947368421022,8.0,B급,0.10660980810235365,1.1762718185633014,0.0,0.007175660160751995,-0.006450388414947383,False,False,False,False,2026-09-04T03:37:26.037623+09:00,1788460646,3042870.1424165666,8956883.261193965,0.3397242158552983,11,0.0,complete,1788459906148,1788460546513,815833.22315297,1033612.2977809,-0.11775371167352007,93.0,95.0,2.1505376344086002,0.3225806451612856,1.7894736842105292,85.00000000000021,complete_hourly_ordered,/v1/candles/minutes/60,120,False,15.384615384615374,88.4,2026-09-01T14:00:00,102.0,2026-09-02T08:00:00,D-2,8.529411764705886,63.97058823529422,True,False,,,,1.1762718185633014,-0.5330490405117239,0.0,0.007175660160751995,-0.006450388414947383,,,,,1.1762718185633014,-0.5330490405117239,0.0,0.007175660160751995,-0.006450388414947383,,,223.61450718728148,,1.2166257337318687,-0.5330490405117239,0.0,0.014351320321481786,-0.012900896425492192,,-2.103001447325375,410.2976152241512,3569.202907510339,1.233670080744509,-0.10706638115632883,0.0,0.007175660160751995,-0.006450388414947383,,-1.0843801911888715,95.6232220885909,720.0413149682684,1.3471417404366637,-0.9554140127388644,0.0,-0.021526980482189373,0.01935044770456873,,-0.05330524508991491,-70.12379520794225,-65.43599744590264,5.555699922757085,-0.5330490405117239,0.0,-0.007175660160729791,0.006450268822696614,,,3042870.1424165666,8956883.261193965,-0.5330490405117239,11999753.403610531,1160257.403290812,10.342320048616713,-0.5330490405117239,False,False,rising,rising,sell_advantage_weakening,accelerating,neutral,True,True,False,🔴 1차 급등 완료·상승분 반납 / 신규매수 금지,S3,🔴 1차 급등 완료·반납,당일/5D 급등 후 상승분 상당 부분 반납,S0,True,당일/5D 급등 후 상승분 상당 부분 반납,2026-09-04T03:37:26.037623+09:00,2026-09-03T18:10:00Z,33790588802-1
KRW-CYBER,사이버,422.0,442.6,446.58,544.7166666666667,0.04520795660036825,0.8912176989565054,18.74674907444237,-0.49855614110694474,-0.5431362455357232,1.787597474935789,,,,False,False,False,False,99.8370426325297,-2.088167053364265,7.0,B급,0.23752969121140222,1.2488877202133466,0.0,0.030138637733578832,-0.02199212866638689,False,False,False,False,2026-09-04T03:37:26.037623+09:00,1788460646,0.0,184091.52999131999,0.0,6,0.0,complete,1788459954282,1788459956231,118731.63289975,39428.88524399,0.5014067264479231,410.0,425.0,3.658536585365857,2.9268292682926855,0.7058823529411765,20.0,complete_hourly_ordered,/v1/candles/minutes/60,120,False,4.854368932038833,412.0,2026-08-31T08:00:00,432.0,2026-08-31T14:00:00,D-4,2.314814814814814,50.0,True,False,,-100.0,,1.2488877202133466,0.23752969121140222,0.0,0.030138637733578832,-0.02199212866638689,,,-100.0,,1.2488877202133466,0.23752969121140222,0.0,0.030138637733578832,-0.02199212866638689,,,,,1.2840358229788649,0.7159904534606243,0.0,0.04520795660036825,-0.03298869769172441,,,,,1.2840358229788649,0.7159904534606243,0.0,0.04520795660036825,-0.03298869769172441,,0.0,,277.4824863019153,1.2840358229788649,0.7159904534606243,0.0,0.04520795660036825,-0.03298869769172441,,0.0,,-93.81881052726114,1.296284370872172,0.23752969121140222,0.0,0.015069318866789416,-0.01099589610761953,,,-1170131.0,184091.52999131999,0.23752969121140222,184091.52999131999,1028593.9076738302,0.1789739649612001,0.23752969121140222,False,False,falling,rising,sell_only,accelerating,neutral,False,False,False,pass,S0,🌱 초발사 준비,발사 구조 관찰 또는 초기 준비,S0,False,,,2026-09-03T18:10:00Z,33790588802-1
KRW-SKR,시커,27.5,19.14,13.3058,15.454083333333333,6.609728926847391,-43.847044146161835,-23.850762204163953,-8.135490896409715,-9.381709711768382,,,,,False,False,False,False,1462.436622569176,81.16883116883116,8.0,B급,5.283018867924527,0.7857292775429414,0.0,0.482733011511316,-0.4743140256177689,False,True,False,False,2026-09-04T03:37:26.037623+09:00,1788460646,45358007.68479463,51294734.54780625,0.8842624508081108,214,0.0,complete,1788459747287,1788460697936,6110518.47572819,11820546.83981266,-0.3184433419656104,32.2,33.5,4.0372670807453215,-14.596273291925478,17.91044776119403,461.5384615384637,complete_hourly_ordered,/v1/candles/minutes/60,120,False,255.17241379310346,14.5,2026-08-30T07:00:00,51.5,2026-08-31T23:00:00,D-4,46.21359223300971,64.32432432432432,False,True,-0.17506087584674634,228.58216003142738,293.63284794670557,0.7857292775429414,3.7735849056603765,0.0,0.482733011511316,-0.4743140256177689,,-0.17506087584674634,228.58216003142738,293.63284794670557,0.7857292775429414,3.7735849056603765,0.0,0.482733011511316,-0.4743140256177689,,0.340411071948032,343.18604734907154,172.5744406788622,0.9654874751931857,3.7735849056603765,0.0,0.5569996286669099,-0.5473444846943245,,0.351914520967057,294.9638618532086,137.77804205915623,1.050562508513849,4.166666666666674,0.0,0.482733011511316,-0.4743140256177689,,0.4558510927188358,72.99983015850104,-16.184282031104036,1.5329377697892141,2.9962546816479474,0.0,0.445599702933519,-0.43780470695627116,,0.6885616929665069,642.5768396449081,64.34357259128649,1.9819877339323284,1.4760147601476037,0.0,0.2970664686223756,-0.2918068232750315,,-0.17506087584674634,31553847.50748727,38263623.24310357,3.7735849056603765,96652742.23260087,110558127.73492339,0.874225569958435,1.4760147601476037,False,True,rising,rising,sell_advantage_accelerating,accelerating,neutral,True,True,False,🔴 1차 급등 완료·상승분 반납 / 신규매수 금지,S3,🔴 1차 급등 완료·반납,당일/5D 급등 후 상승분 상당 부분 반납,S3,False,,,2026-09-03T18:10:00Z,33790588802-1
KRW-DOGE,도지코인,121.0,119.8,107.08,122.625,1.0686164229471329,-11.878968995143817,2.303771661569829,-0.8152112042853072,-1.157050979319833,,,1.9910718738806914,,False,False,False,False,-26.795937031360307,3.3613445378151363,13.0,A급,0.8196721311475308,0.4565635227612752,1.0,0.11248593925758943,-0.09546710686624493,False,False,False,True,2026-09-04T03:37:26.037623+09:00,1788460646,18012909.53794177,263142962.91301998,0.06845294032771003,100,0.0,complete,1788459784515,1788460729407,109930415.265153,102416153.08428654,0.03538678415796634,112.0,123.0,9.82142857142858,8.03571428571428,1.6260162601626018,18.18181818181832,complete_hourly_ordered,/v1/candles/minutes/60,120,False,11.818181818181817,110.0,2026-09-02T10:00:00,123.0,2026-09-04T00:00:00,D0,0.8130081300813052,7.692307692307641,False,False,-4.47262499901733,-88.33826913107539,673.6238725455522,0.4565635227612752,-0.8196721311475419,1.0,0.11248593925758943,-0.09546710686624493,-0.11730093113449791,-4.47262499901733,-88.33826913107539,673.6238725455522,0.4565635227612752,-0.8196721311475419,1.0,0.11248593925758943,-0.09546710686624493,-0.11730093113449791,-5.291280793886452,-89.16701224558116,748.2021317378506,0.513179428485234,-0.8196721311475419,0.0,0.0,0.0,0.0,-0.13124231086088312,-72.95604843793393,-21.105672386540775,1.0001714465419091,-0.8196721311475419,0.0,0.0,0.0,0.0,-1.8191592200468762,-96.20191377478781,4.733466678561027,1.6650013601733455,-0.8196721311475419,0.0,0.05624296962880582,-0.04773030934222122,-0.05815853476517474,-0.3208306439558113,-87.76772466677923,-30.436531099139895,2.340298976300815,0.0,1.0,0.11248593925758943,-0.09546710686624493,-0.11730093113449791,-4.47262499901733,-136448805.79748362,229128634.72958797,-0.8196721311475419,281155872.45096177,187814347.82639056,1.4969882530532388,0.0,False,False,falling,rising,sell_advantage_accelerating,accelerating,neutral,False,False,False,pass,S0,🌱 초발사 준비,발사 구조 관찰 또는 초기 준비,S0,False,,,2026-09-03T18:10:00Z,33790588802-1
KRW-WLD,월드코인,552.0,534.3333333333334,501.12,565.8583333333333,0.6530202185106138,-6.627820349084724,5.571182421984297,-0.7974187306671412,-0.16909202168498433,,,,,False,False,False,False,-43.13582505739066,3.766478342749524,10.0,A급,1.1009174311926495,0.7696726392287161,0.0,0.07534848675123662,-0.06235072381006912,False,False,False,False,2026-09-04T03:37:26.037623+09:00,1788460646,85548251.28723617,85552908.98562449,0.9999455576853722,188,0.0,complete,1788459752812,1788460712604,793006.01088702,1420716.14045433,-0.28355416201936845,504.0,556.0,10.317460317460325,9.523809523809534,0.7194244604316548,7.69230769230766,complete_hourly_ordered,/v1/candles/minutes/60,120,False,14.403292181069949,486.0,2026-09-03T00:00:00,556.0,2026-09-04T03:00:00,D0,0.5395683453237377,4.2857142857141595,False,True,-8.935943403621472,43.021898000126704,1321.1270670115207,0.7696726392287161,1.2844036697247763,0.0,0.07534848675123662,-0.06235072381006912,,-8.935943403621472,43.021898000126704,1321.1270670115207,0.7696726392287161,1.2844036697247763,0.0,0.07534848675123662,-0.06235072381006912,,-3.0434212826851903,-44.40728383267876,124.79398342185104,0.9271414177244566,1.4705882352941124,0.0,0.10046464900164143,-0.08313674732125076,,-1.575426718669256,-4.654225512266219,145.5642333685244,1.2269740844363852,2.2222222222222143,0.0,0.13813889237723753,-0.11431807881107758,,-2.098021840397246,-8.523392725442868,183.40697635555978,1.9773158072201724,2.7932960893854775,0.0,0.18837121687804714,-0.15589747431548684,,0.006025043923551743,-21.18060942435952,-21.655525570139567,2.32272728437421,3.759398496240607,0.0,0.21348737912847415,-0.17668900953324496,,-8.935943403621472,25733458.948820703,79532834.42849617,1.2844036697247763,171101160.27286065,86476473.3688878,1.9785862397855232,3.759398496240607,False,False,rising,rising,sell_advantage_accelerating,accelerating,neutral,False,False,False,pass,S0,🌱 초발사 준비,발사 구조 관찰 또는 초기 준비,S0,False,,,2026-09-03T18:10:00Z,33790588802-1
KRW-PEPE,페페,0.00523,0.005162666666666666,0.0043446000000000005,0.00452325,1.7073811400052374,-18.829504825914135,-14.136222111682212,-1.386029674070398,-1.9449333628436942,,,,,False,False,False,False,-5.801796897492773,2.946954813359537,9.0,B급,0.0,0.8529418032067859,0.0,0.013133701076939452,-0.012636128410905556,False,False,False,False,2026-09-04T03:37:26.037623+09:00,1788460646,19241304.47985164,19865520.07552806,0.9685779383925932,48,0.0,complete,1788459751739,1788460740459,48504008050.75463,72164375746.51065,-0.19607760501298963,0.00472,0.00531,12.499999999999979,10.805084745762716,1.5065913370997994,13.559322033898122,complete_hourly_ordered,/v1/candles/minutes/60,120,False,14.686825053995678,0.00463,2026-09-02T19:00:00,0.00531,2026-09-04T03:00:00,D0,1.506591337099794,11.764705882352855,False,True,-0.42954883506609076,82.78230354472946,163.84333378937163,0.8529418032067859,-0.1908396946564861,0.0,0.013133701076939452,-0.012636128410905556,,-0.42954883506609076,82.78230354472946,163.84333378937163,0.8529418032067859,-0.1908396946564861,0.0,0.013133701076939452,-0.012636128410905556,,-2.558971427553885,9.753567083931536,299.72118982990827,0.9695645923622038,0.0,0.0,0.02626740215390111,-0.025272722438129946,,0.7541068353417658,157.148563774179,-43.05988817780618,1.334065535395223,0.38387715930903177,0.0,0.02626740215390111,-0.025272722438129946,,0.6380331247500686,31.630878371225958,-55.07857195980974,3.2914549317733286,-0.3809523809523818,0.0,0.02626740215390111,-0.025272722438129946,,0.6183210240056379,-62.88409069531451,-86.57815406233638,4.563176455680528,1.1605415860735047,0.0,0.039401103230862766,-0.03790978210744811,,-0.42954883506609076,8714407.670531686,12336233.741014536,-0.1908396946564861,39106824.5553797,8811905.810632583,4.437953082543483,1.1605415860735047,False,False,rising,rising,sell_advantage_accelerating,accelerating,neutral,False,False,False,pass,S0,🌱 초발사 준비,발사 구조 관찰 또는 초기 준비,S0,False,,,2026-09-03T18:10:00Z,33790588802-1
KRW-HBAR,헤데라,109.0,106.33333333333333,100.43799999999999,113.21333333333334,0.6880878732403284,-5.869624378555269,6.077022729949366,-0.5575991500745537,-0.7649144608643533,,,7.9447089065126715,,False,False,False,False,-44.08595736248459,2.857142857142847,12.0,A급,0.0,0.25734034973955744,0.0,-0.06312732782023378,0.051968632529857395,False,False,False,False,2026-09-04T03:37:26.037623+09:00,1788460646,18096652.57270896,73999.99999944,244.54935909251228,15,0.0,complete,1788459901000,1788460659781,9824393.6694812,13880476.46685725,-0.17110757300282645,103.0,111.0,7.7669902912621325,5.825242718446599,1.8018018018018018,25.0,complete_hourly_ordered,/v1/candles/minutes/60,120,False,11.00000000000001,100.0,2026-09-02T10:00:00,111.0,2026-09-04T01:00:00,D0,1.8018018018018056,18.181818181818198,False,True,244.54262188499754,13843.765710127598,-99.61585651471474,0.25734034973955744,0.92592592592593,0.0,-0.06312732782023378,0.051968632529857395,0.17353584840893888,244.54262188499754,13843.765710127598,-99.61585651471474,0.25734034973955744,0.92592592592593,0.0,-0.06312732782023378,0.051968632529857395,0.17353584840893888,230.9920923487928,10.062528130211469,-93.89838085085746,0.3531458620245971,-0.9090909090909038,0.0,-0.12625465564044536,0.10392961563925773,0.34245588996155707,244.14979720274036,294.3063517400595,-99.35575463524023,0.5013568595515849,0.0,0.0,-0.06312732782023378,0.051968632529857395,0.17353584840893888,242.06333977760414,-89.12487806945411,-99.88944659977174,2.494223960090771,-0.9090909090909038,0.0,-0.12625465564044536,0.10392961563925773,0.34245588996155707,244.03973204748456,-59.37558664604043,-99.91534101822884,3.2814935402425007,0.92592592592593,0.0,0.0,0.0,0.0,244.54262188499754,17966869.464265272,-19189635.290987477,0.92592592592593,18170652.5727084,15361153.109641261,1.1828963908512693,0.92592592592593,False,False,rising,falling,buy_advantage_accelerating,accelerating,neutral,False,False,False,pass,S2,🚀 발사 진행,가격 상승 초입과 실제 매수수급·구조 동반,S0,True,가격 상승 초입과 실제 매수수급·구조 동반,2026-09-04T03:37:26.037623+09:00,2026-09-03T18:10:00Z,33790588802-1
KRW-BCH,비트코인캐시,351100.0,356186.6666666667,320644.0,376121.6666666667,1.0917485005014216,-11.084775223196656,5.3001466723976725,-1.123146187149848,-1.5703837485166787,,,3.3750646473538573,,False,False,False,False,-42.629777394305194,2.122710090142488,13.0,A급,-0.5099150141643083,0.2241397580625133,0.0,-0.024597453217523046,0.020313989322775505,False,False,False,True,2026-09-04T03:37:26.037623+09:00,1788460646,4617175.407908,6286815.863728,0.7344219248645332,31,0.0,complete,1788459781900,1788460671417,498.39513641,605.12794283,-0.09672004911171161,336300.0,355500.0,5.709188224799289,4.400832589949455,1.2376933895921238,22.91666666666661,complete_hourly_ordered,/v1/candles/minutes/60,120,False,7.727272727272738,330000.0,2026-09-03T00:00:00,355500.0,2026-09-04T00:00:00,D0,1.2376933895921205,17.254901960784398,False,True,0.4024227938188983,29.24890422299935,-41.572381708850436,0.2241397580625133,-0.538243626062318,0.0,-0.024597453217523046,0.020313989322775505,0.021611527455783097,0.4024227938188983,29.24890422299935,-41.572381708850436,0.2241397580625133,-0.538243626062318,0.0,-0.024597453217523046,0.020313989322775505,0.021611527455783097,-0.11691436618448203,-63.768115991312555,-58.0002765367283,0.32300001490937547,-0.6789250353606779,0.0,-0.04351857107716128,0.03593933870839017,0.038159191248611,0.4986133905723873,766.864987711532,178.33341470455193,0.4350759845552048,-0.1705999431333538,0.0,-0.022705341431561443,0.01875141630384025,0.019953106991376313,0.27827829023103634,-62.452547064872135,-76.67957467879444,0.6833843279915754,-0.2840102243680809,0.0,0.0,0.0,0.0,-0.14458150070829368,-85.13947544781546,-82.21396782293948,1.0000352871469218,0.22837567799030012,0.0,-0.00567633535788481,0.004687947552818983,0.004997305499275573,0.4024227938188983,1044862.4079139996,-4473191.214431999,-0.538243626062318,10903991.271636,23829056.350253,0.45759223996800147,0.22837567799030012,False,False,rising,falling,sell_advantage_weakening,accelerating,leading_buy_inflow,False,False,False,pass,S0,🌱 초발사 준비,발사 구조 관찰 또는 초기 준비,S0,False,,,2026-09-03T18:10:00Z,33790588802-1
KRW-NEWT,뉴턴프로토콜,57.1,57.38666666666666,58.146,76.77749999999999,0.5020431990659491,1.3059081163508024,25.255880086396832,-0.9526410116507116,-0.821363549630167,1.3708292004854576,,,,False,False,False,False,274.5990273561502,-0.17513134851138146,8.0,B급,0.0,0.45726834614197287,0.0,0.0,0.0,False,False,False,False,2026-09-04T03:37:26.037623+09:00,1788460646,48476.051299750005,532077.360975793,0.09110714880040806,4,0.0,complete,1788460061584,1788460690371,2454039.47609564,336626.25811274,0.7587484205031603,55.0,57.2,4.0000000000000036,3.8181818181818317,0.1748251748251773,4.545454545454293,complete_hourly_ordered,/v1/candles/minutes/60,120,False,6.451612903225801,55.8,2026-08-31T08:00:00,59.4,2026-08-31T14:00:00,D-4,4.208754208754206,69.44444444444422,True,True,,-75.26727594557981,,0.45726834614197287,0.17543859649122862,0.0,0.0,0.0,,,-75.26727594557981,,0.45726834614197287,0.17543859649122862,0.0,0.0,0.0,,,-96.131382971677,,0.5656988113400985,0.35149384885764245,0.0,0.011675423234080995,-0.007871921591704023,,0.04203106380022917,-90.10623978122763,-94.67059364867659,0.8358935867796049,0.528169014084523,0.0,0.011675423234080995,-0.007871921591704023,,-8.900581009281087,-98.02051157036598,95.3627449234796,3.886011575471912,0.528169014084523,0.0,0.02335084646816199,-0.01574401406881165,,,,,4.69760024782579,-0.17482517482517723,0.0,-0.0233508464682064,0.015743330549430112,,,-147523.59351530002,532077.360975793,0.17543859649122862,580553.412275543,751636.3877569195,0.7723859857398162,-0.17482517482517723,False,False,falling,rising,sell_advantage_weakening,accelerating,neutral,False,False,False,pass,S0,🌱 초발사 준비,발사 구조 관찰 또는 초기 준비,S0,False,,,2026-09-03T18:10:00Z,33790588802-1
KRW-SEI,세이,67.1,64.5,62.148,75.23833333333333,1.0971786833855912,-3.784514385016407,14.272423188534209,-1.2214040775056967,-1.0645698883826564,,,13.406750786665148,,False,False,False,False,19.98229510830667,5.826771653543306,12.0,A급,0.29850746268658135,0.28398642609142044,0.0,0.02089864158829613,-0.015822790819830956,False,False,False,True,2026-09-04T03:37:26.037623+09:00,1788460646,13635673.688155344,4241168.655863976,3.2150746161207766,13,0.0,complete,1788459874103,1788460497303,3987906.96862856,4845389.52231945,-0.09707390152358203,67.5,68.4,1.333333333333342,-0.5925925925926001,1.900584795321654,144.44444444444474,complete_hourly_ordered,/v1/candles/minutes/60,120,False,14.072847682119228,60.4,2026-09-01T01:00:00,68.9,2026-09-03T04:00:00,D-1,2.6124818577648923,21.176470588235453,True,False,3.2150746161207766,,-23.5207931368952,0.28398642609142044,0.14925373134326847,0.0,0.02089864158829613,-0.015822790819830956,-0.05487934893075597,3.2150746161207766,,-23.5207931368952,0.28398642609142044,0.14925373134326847,0.0,0.02089864158829613,-0.015822790819830956,-0.05487934893075597,1.9140172720533186,272.1257552276971,50.58964551803011,0.4024533650204738,0.0,0.0,0.01044932079417027,-0.007911307783018628,-0.027398526019243974,3.1735360852719334,1277.6939370725415,-82.20029425805339,0.4220478836919561,-0.14880952380953438,0.0,0.0,0.0,0.0,2.6937593166931326,2469.493753261582,316.63617965272823,1.1225905582756148,0.0,0.0,0.02089864158829613,-0.015822790819830956,-0.05487934893075597,2.95583801354889,192.61242668093823,-76.40619257085632,1.3258608514436396,0.14925373134326847,0.0,0.01044932079417027,-0.007911307783018628,-0.027398526019243974,3.2150746161207766,13635673.688155344,-1304349.9626221247,0.14925373134326847,17876842.34401932,21595762.603484843,0.8277939831184562,0.14925373134326847,False,True,rising,falling,buy_advantage_accelerating,accelerating,leading_buy_inflow,False,False,False,pass,S1,⚡ 선행 시동,가격 미급등 상태에서 선행조건 6개 개선,S0,True,가격 미급등 상태에서 선행조건 6개 개선,2026-09-04T03:37:26.037623+09:00,2026-09-03T18:10:00Z,33790588802-1
KRW-BONK,봉크,0.00467,0.00452,0.004515,0.006314333333333333,1.8476791347453725,-0.11074197120708297,28.41682943567545,-2.8787116335974305,-2.3343404618500934,,,12.17338683027991,,True,False,False,False,6706.885115218231,12.171837708830546,12.0,A급,0.42735042735042583,0.5007811824798409,-1.0,0.03004356316655965,-0.019227051060717315,False,True,False,True,2026-09-04T03:37:26.037623+09:00,1788460646,9114842.080147972,5854647.282837844,1.5568558855572692,34,0.0,complete,1788459883043,1788460740199,64237639569.02906,21242189677.038036,0.5029894218461982,0.00539,0.0058,7.606679035250452,-13.358070500927644,19.482758620689655,275.6097560975613,complete_hourly_ordered,/v1/candles/minutes/60,120,False,102.07253886010359,0.00386,2026-08-31T08:00:00,0.0078,2026-08-31T18:00:00,D-4,39.74358974358974,78.68020304568527,False,False,1.1407039700077937,171.45522406068085,-27.439262344871086,0.5007811824798409,-0.21367521367522402,-1.0,0.03004356316655965,-0.019227051060717315,-0.02833677636338905,1.1407039700077937,171.45522406068085,-27.439262344871086,0.5007811824798409,-0.21367521367522402,-1.0,0.03004356316655965,-0.019227051060717315,-0.02833677636338905,1.4982884566226633,701.5549513939352,-69.84626959473383,0.8577536425582366,-0.21367521367522402,-1.0,0.03004356316655965,-0.019227051060717315,-0.02833677636338905,1.2191885155721949,456.1285936446126,20.619051083368014,1.3387637931045901,-1.0593220338983134,0.0,-0.045065344749883884,0.028838673550733773,0.042327760510124435,1.021225689041271,-7.743278806238019,-68.25943482543451,2.777478377109219,-1.0593220338983134,0.0,0.0,0.0,0.0,-0.5811507691650524,-64.93138068291925,-51.840795177387434,4.190503382078532,-2.301255230125543,0.0,-0.09013068949978997,0.05767506369413411,0.08444405425688295,1.1407039700077937,5757072.07896706,-2213968.7098277314,-0.21367521367522402,14969489.362985816,64456259.15854864,0.23224260232298105,-2.301255230125543,False,True,rising,falling,buy_advantage_accelerating,accelerating,leading_buy_inflow,True,True,False,🔴 1차 급등 완료·상승분 반납 / 신규매수 금지,S3,🔴 1차 급등 완료·반납,당일/5D 급등 후 상승분 상당 부분 반납,S3,False,,,2026-09-03T18:10:00Z,33790588802-1
KRW-JST,저스트,146.0,140.4,145.44,137.41666666666666,0.047505938242276,3.46534653465346,-2.1710127349909145,0.254271964015143,0.44117739246325255,,,,4.920951916573438,False,False,False,False,13.409477868640174,7.352941176470584,1.0,-,0.6896551724137945,0.057694321163491935,0.0,0.047505938242276,-0.04232087981472832,False,False,False,False,2026-09-04T03:37:26.037623+09:00,1788460646,60006.0,0.0,,1,0.0,complete,1788460057306,1788460057306,599187.56202672,4451702.61341199,-0.7627398176501925,149.0,150.0,0.6711409395973256,-2.0134228187919434,2.666666666666667,399.999999999995,complete_hourly_ordered,/v1/candles/minutes/60,120,False,20.967741935483875,124.0,2026-08-30T14:00:00,150.0,2026-09-03T13:00:00,D-1,2.6666666666666616,15.384615384615369,False,False,,,-100.0,0.057694321163491935,0.6896551724137945,0.0,0.047505938242276,-0.04232087981472832,,,,-100.0,0.057694321163491935,0.6896551724137945,0.0,0.047505938242276,-0.04232087981472832,,,,-100.0,0.05818604750844614,0.6896551724137945,0.0,0.047505938242276,-0.04232087981472832,,,,,0.06195797710788398,0.0,0.0,0.0,0.0,,,-65.80692652137239,,0.21636595751139964,-0.6802721088435382,0.0,-0.047505938242276,0.04231574721149167,,,,,0.23041417502716044,0.0,0.0,0.0,0.0,,,60006.0,-23596.7115001,0.6896551724137945,60006.0,2631317.676095405,0.022804544105462215,0.0,False,False,rising,falling,buy_only,accelerating,neutral,False,False,False,pass,S0,🌱 초발사 준비,발사 구조 관찰 또는 초기 준비,S0,False,,,2026-09-03T18:10:00Z,33790588802-1
KRW-AAVE,에이브,184500.0,173720.0,144294.0,133000.83333333334,2.056162613088941,-20.393086337616257,-30.61572295912932,-1.835404720305943,-2.269061542704247,,,,,False,False,False,False,-5.592789155892008,4.140669313669876,7.0,B급,0.2730748225013624,0.0841583908812833,0.0,0.01958250107703119,-0.020971210965203824,False,False,False,False,2026-09-04T03:37:26.037623+09:00,1788460646,516597.988333,1488303.277707,0.3471053219266657,15,0.0,complete,1788459806475,1788460722809,948.2928475,514.18125188,0.2968336983226143,174900.0,184500.0,5.488850771869647,5.488850771869647,0.0,0.0,complete_hourly_ordered,/v1/candles/minutes/60,120,False,10.945865556216528,168100.0,2026-08-31T11:00:00,186500.0,2026-09-02T14:00:00,D-2,1.394101876675602,14.130434782608713,True,True,-0.4951826264134653,-75.52828095216964,-40.6167732757841,0.0841583908812833,0.7646095030038325,0.0,0.01958250107703119,-0.020971210965203824,,-0.4951826264134653,-75.52828095216964,-40.6167732757841,0.0841583908812833,0.7646095030038325,0.0,0.01958250107703119,-0.020971210965203824,,-2.7354889080361513,-96.17961770126263,-66.07171458803505,0.2526661110982431,0.4354926510615087,0.0,0.011749500646218713,-0.012582568898878321,,0.06724124925175262,-87.10169740671822,-89.60035681875289,0.37802239898026,0.7646095030038325,0.0,-0.003916500215406238,0.004194084516750962,,-5.09614350287043,-97.09822599250847,-54.4948551395529,0.6106766959290351,1.708930540242548,0.0,0.0822465045235532,-0.08808791714411868,,-0.04030471680758568,-96.56765915259949,-96.1691071365321,0.9199177849182565,2.216066481994461,0.0,0.09791250538517815,-0.10486919665876826,,-0.4951826264134653,-1594402.0085340003,-1017965.5119949991,0.7646095030038325,2004901.2660400001,24044107.916628998,0.08338430658321087,2.216066481994461,False,False,falling,falling,sell_advantage_accelerating,accelerating,neutral,False,False,False,pass,S0,🌱 초발사 준비,발사 구조 관찰 또는 초기 준비,S0,False,,,2026-09-03T18:10:00Z,33790588802-1
KRW-JTO,지토,620.0,712.9333333333333,770.4,849.1416666666667,-1.7095588235294223,7.459328487365875,16.040707773536024,0.9698850069926339,1.6653775862921159,,,,,False,False,False,False,-60.127509319646364,-10.319767441860462,2.0,-,-0.6441223832528209,0.4776891942535073,0.0,-0.009191176470590978,0.0070270339729319176,False,False,False,False,2026-09-04T03:37:26.037623+09:00,1788460646,5300003.738608672,4965295.35104656,1.067409562553326,41,0.0,complete,1788459909965,1788460672160,362008.96722521,248094.90218872,0.18671257591910803,579.0,636.0,9.844559585492219,7.081174438687388,2.515723270440252,28.07017543859647,complete_hourly_ordered,/v1/candles/minutes/60,120,False,12.169312169312164,567.0,2026-09-03T00:00:00,636.0,2026-09-04T02:00:00,D0,2.515723270440251,23.188405797101456,False,False,0.9873667708294402,16.976108982465043,-91.22820831250868,0.4776891942535073,-0.16103059581320522,0.0,-0.009191176470590978,0.0070270339729319176,,0.9873667708294402,16.976108982465043,-91.22820831250868,0.4776891942535073,-0.16103059581320522,0.0,-0.009191176470590978,0.0070270339729319176,,-0.9755563674016428,-93.43282619562213,-87.43077370756973,1.306674261592903,-0.8000000000000007,0.0,-0.07352941176471672,0.05621241020743284,,-19.605969821020192,-75.38357842564125,376.7660325764398,2.686801327025705,2.1416803953871577,0.0,0.12867647058822929,-0.09839295965793227,,-0.38939676511101395,913.835414222337,1283.6880410892056,2.850421313872566,3.161397670549082,0.0,0.12867647058822929,-0.09839295965793227,,0.6346983635897616,60.829074826107224,-34.802399905679195,2.8984907038038585,4.026845637583887,0.0,0.1654411764705821,-0.12651020072756225,,0.9873667708294402,769160.8299911926,-51639963.04932261,-0.16103059581320522,10265299.089655232,5062777.63195181,2.0276022049377938,4.026845637583887,False,False,rising,falling,buy_advantage_accelerating,accelerating,leading_buy_inflow,False,False,False,pass,S0,🌱 초발사 준비,발사 구조 관찰 또는 초기 준비,S0,False,,,2026-09-03T18:10:00Z,33790588802-1
KRW-JUP,주피터,321.0,298.06666666666666,275.5,293.2,1.6367356217322104,-8.19116757410768,-1.6598453842655778,-1.6252511563159284,-1.4427167266529455,,,,,False,False,False,False,-31.806493712297524,4.90196078431373,9.0,B급,-0.6191950464396245,0.1871829709174868,0.0,-0.045464878381462626,0.03969420534393131,False,False,False,False,2026-09-04T03:37:26.037623+09:00,1788460646,5491.0,6012009.82107445,0.0009133384946830748,13,0.0,complete,1788459798929,1788460636033,589745.13264448,400369.22542474,0.19126670134249332,308.0,325.0,5.519480519480524,4.220779220779214,1.2307692307692308,23.529411764706072,complete_hourly_ordered,/v1/candles/minutes/60,120,False,16.48745519713262,279.0,2026-08-31T13:00:00,325.0,2026-09-04T03:00:00,D0,1.2307692307692353,8.695652173913006,False,True,-10.220808245141727,-99.2511622891615,8280.694163312211,0.1871829709174868,-0.6191950464396245,0.0,-0.045464878381462626,0.03969420534393131,,-10.220808245141727,-99.2511622891615,8280.694163312211,0.1871829709174868,-0.6191950464396245,0.0,-0.045464878381462626,0.03969420534393131,,,-97.71921079958463,,0.21035549188599134,0.0,0.0,0.0,0.0,,-0.006822468290272363,-98.6238272486652,-88.34407334299357,0.2533924232684157,0.31250000000000444,0.0,0.0,0.0,,-0.10371332464499637,-99.7592726270605,-72.42369405903439,0.904079193259598,0.31250000000000444,0.0,0.04546487838144042,-0.03969871835687444,,-0.13893596111148457,-99.8557201560822,-77.90804259685378,1.2269011288326652,1.5822784810126667,0.0,0.09092975676288084,-0.07940195049639365,,-10.220808245141727,-727778.6952256201,5940273.40277878,-0.6191950464396245,6017500.82107445,9822356.264844093,0.6126331257818578,1.5822784810126667,False,False,falling,rising,sell_advantage_accelerating,accelerating,neutral,False,False,False,pass,S0,🌱 초발사 준비,발사 구조 관찰 또는 초기 준비,S0,False,,,2026-09-03T18:10:00Z,33790588802-1
KRW-PIEVERSE,파이버스,1527.0,1426.6,1163.56,1122.675,1.2778645463580762,-22.606483550483,-27.071503329102363,-0.2385543644016849,-0.9588206480027999,,,,,False,False,False,False,-35.55310097284706,-0.19607843137254832,7.0,B급,-0.45632333767926525,0.09646589921151616,0.0,-0.033129821572264184,0.034963032752628465,False,False,False,False,2026-09-04T03:37:26.037623+09:00,1788460646,1837002.0245247001,4987741.088302139,0.36830340468815875,10,0.0,complete,1788460107046,1788460695641,70970.71841593,82103.58594976,-0.07272851952496166,1538.0,1589.0,3.3159947984395366,-0.7152145643693153,3.901825047199497,121.5686274509805,complete_hourly_ordered,/v1/candles/minutes/60,120,False,16.58107116654439,1363.0,2026-09-01T00:00:00,1589.0,2026-09-03T23:00:00,D-1,3.7130270610446825,26.10619469026548,False,False,-17.009492556721156,-55.83416300601212,1983.8930457247025,0.09646589921151616,-0.45632333767926525,0.0,-0.033129821572264184,0.034963032752628465,,-17.009492556721156,-55.83416300601212,1983.8930457247025,0.09646589921151616,-0.45632333767926525,0.0,-0.033129821572264184,0.034963032752628465,,-8.569323499977319,105.53576963399145,4887.7410883759585,0.1190145288379938,-1.0369410239792654,0.0,-0.08519096975720952,0.08989760158585014,,,27.192512235517107,,0.34263858902332345,-1.1010362694300557,0.0,-0.08045813810404479,0.08490392052284434,,-13.007383042829844,-38.02582705433682,2150.7180075278166,0.3835683065991944,-1.3565891472868241,0.0,-0.014198494959538621,0.014984601778539997,,0.0205670524141508,-91.76647733593425,-92.22625937983993,0.5970020950068928,0.0655307994757548,0.0,0.009465663306329475,-0.009990105280920147,,-17.009492556721156,-2322325.9754739497,4748393.819567069,-0.45632333767926525,6824743.112826839,5737166.07344177,1.1895669439341545,0.0655307994757548,False,False,falling,rising,sell_advantage_accelerating,accelerating,neutral,False,False,False,pass,S0,🌱 초발사 준비,발사 구조 관찰 또는 초기 준비,S0,False,,,2026-09-03T18:10:00Z,33790588802-1
KRW-ALT,알트레이어,8.61,8.748,8.6472,9.422166666666667,0.1832340815391742,-1.1656952539550325,7.1551129428829325,-0.2807479233207604,-0.29699290751019725,,,,,False,False,False,False,-11.938542924230555,-0.2317497103128785,9.0,B급,-0.2317497103128785,0.06302950221499515,0.0,-0.015269506794934884,0.012508492463715548,False,False,False,False,2026-09-04T03:37:26.037623+09:00,1788460646,9164.417791104,10213.5231315579,0.897282717536287,3,0.0,complete,1788460051837,1788460052763,6934490.93050176,5623333.55437715,0.1044095956033943,8.37,8.64,3.2258064516129226,2.8673835125448077,0.34722222222223537,11.111111111111494,complete_hourly_ordered,/v1/candles/minutes/60,120,False,5.415162454873634,8.31,2026-08-31T08:00:00,8.76,2026-08-31T16:00:00,D-4,1.7123287671232945,33.33333333333347,True,False,,-98.33373258197288,,0.06302950221499515,-0.2317497103128785,0.0,-0.015269506794934884,0.012508492463715548,,,-98.33373258197288,,0.06302950221499515,-0.2317497103128785,0.0,-0.015269506794934884,0.012508492463715548,,,-99.05746878526452,,0.1966321086714906,0.2328288707799775,0.0,0.015269506794934884,-0.012508934991557474,,,-98.78724657892498,,0.19771527952526746,0.2328288707799775,0.0,0.015269506794934884,-0.012508934991557474,,,,,0.5460818256251674,0.7017543859648923,0.0,0.04580852038480465,-0.037528132652169255,,-10.487468364334468,-99.91052217559454,-98.86470257557093,0.6506537900396907,1.2941176470588234,0.0,0.04580852038480465,-0.037528132652169255,,,-540832.400964125,10213.5231315579,-0.2317497103128785,19377.940922661903,1356049.5458152555,0.014289994773761682,1.2941176470588234,False,False,falling,rising,sell_advantage_weakening,accelerating,neutral,False,False,False,pass,S0,🌱 초발사 준비,발사 구조 관찰 또는 초기 준비,S0,False,,,2026-09-03T18:10:00Z,33790588802-1
KRW-LAYER,솔레이어,95.0,94.40666666666667,90.44,105.05083333333333,0.5538592629411365,-4.385964912280704,10.132396220877192,-0.7004416594767024,-0.7646241509295549,,,13.251472908041448,,False,False,False,False,-21.283315796043624,1.1714589989350266,11.0,A급,0.10537407797681642,0.053510218927009134,0.0,0.007100759781297761,-0.005633288880057208,False,False,False,False,2026-09-04T03:37:26.037623+09:00,1788460646,1540054.9999982999,0.0,,6,0.0,complete,1788459957045,1788460449212,2127403.38516911,864714.25588918,0.4220051751819911,92.4,95.6,3.463203463203457,2.813852813852802,0.6276150627615004,18.7500000000002,complete_hourly_ordered,/v1/candles/minutes/60,120,False,5.986696230598665,90.2,2026-08-31T08:00:00,95.6,2026-09-03T17:00:00,D-1,0.6276150627614996,11.111111111111029,True,True,,226.3620785885467,,0.053510218927009134,0.10537407797681642,0.0,0.007100759781297761,-0.005633288880057208,-0.026932850546204534,,226.3620785885467,,0.053510218927009134,0.10537407797681642,0.0,0.007100759781297761,-0.005633288880057208,-0.026932850546204534,,15120.9428749054,,0.06720045743322345,0.10537407797681642,0.0,0.028403039125191043,-0.022533691781358556,-0.10821303610801536,,,-100.0,0.06720045743322345,0.42283298097252064,0.0,0.028403039125191043,-0.022533691781358556,-0.10821303610801536,,316.23963086766776,,0.09489859120572675,0.42283298097252064,0.0,0.03550379890651101,-0.028167338175940415,-0.13546817396450805,,233.26270782145647,-100.0,0.17873783162242063,0.42283298097252064,0.0,0.007100759781297761,-0.005633288880057208,-0.026932850546204534,,1068169.5999975577,0.0,0.10537407797681642,1540054.9999982999,985354.593175804,1.5629449648523919,0.42283298097252064,False,False,rising,flat_or_na,buy_only,accelerating,neutral,False,False,False,pass,S1,⚡ 선행 시동,가격 미급등 상태에서 선행조건 5개 개선,S1,False,,,2026-09-03T18:10:00Z,33790588802-1
KRW-TRX,트론,452.0,465.26666666666665,469.92,488.98333333333335,-0.10020040080160886,0.9902394733855473,4.850199393299028,0.08788323672880471,0.12232128958405371,,,,,False,False,False,False,-14.983145366130712,-4.228329809725162,4.0,-,-0.22026431718061845,0.24439536096904213,0.0,-0.014314342971655236,0.012011966792095485,False,False,False,False,2026-09-04T03:37:26.037623+09:00,1788460646,13471107.46550841,2923268.65037104,4.6082345061917485,21,0.0,complete,1788459950892,1788460703701,1300954.14225487,1569252.60516856,-0.09347705114084214,448.0,456.0,1.7857142857142794,0.8928571428571397,0.8771929824561403,50.0,complete_hourly_ordered,/v1/candles/minutes/60,120,False,3.167420814479649,442.0,2026-09-02T12:00:00,456.0,2026-09-04T01:00:00,D0,0.8771929824561431,28.57142857142907,False,True,4.146732757331579,650.7252185246983,-24.81697691446322,0.24439536096904213,-0.4405286343612369,0.0,-0.014314342971655236,0.012011966792095485,,4.146732757331579,650.7252185246983,-24.81697691446322,0.24439536096904213,-0.4405286343612369,0.0,-0.014314342971655236,0.012011966792095485,,3.454184646286026,60.88979486410333,-59.70803027196183,0.2856051074630166,0.0,0.0,0.014314342971655236,-0.012012376218847542,,4.422568296696954,1297.0961204603827,-43.710863534129274,0.4208621686749403,-0.22075055187638082,0.0,-0.014314342971655236,0.012011966792095485,,4.153348712035537,118.44187604870041,-78.43727220698625,0.708428723864829,-0.659340659340657,0.0,-0.028628685943310472,0.024023524178368838,,4.293207312756764,-4.414236398610328,-93.46558539952206,1.1144746218858312,-0.4405286343612369,0.0,-0.014314342971655236,0.012011966792095485,,4.146732757331579,11676694.925061,-964934.4710240602,-0.4405286343612369,16394376.11587945,19642190.87159304,0.8346510948322649,-0.4405286343612369,False,False,rising,falling,buy_advantage_accelerating,accelerating,leading_buy_inflow,False,False,False,pass,S0,🌱 초발사 준비,발사 구조 관찰 또는 초기 준비,S0,False,,,2026-09-03T18:10:00Z,33790588802-1
KRW-POWR,파워렛저,64.6,62.20666666666667,58.961999999999996,70.9925,1.302790142221255,-5.502979320014034,12.37572043995258,-1.3813500276374024,-1.4040713444335537,,,8.814167804945363,,False,False,False,False,-41.941795930659886,-0.6153846153846287,12.0,A급,0.31055900621115295,1.315118596898536,0.0,0.043426338074037396,-0.03344997337340949,False,False,False,True,2026-09-04T03:37:26.037623+09:00,1788460646,0.0,0.0,,0,0.0,complete,,,794085.06337721,834675.9996738,-0.024921357231216343,63.2,64.8,2.5316455696202445,2.215189873417711,0.3086419753086464,12.50000000000011,complete_hourly_ordered,/v1/candles/minutes/60,120,False,5.537459283387625,61.4,2026-09-02T10:00:00,64.8,2026-09-03T13:00:00,D-1,0.30864197530864335,5.88235294117647,True,True,,-100.0,,1.315118596898536,0.31055900621115295,0.0,0.043426338074037396,-0.03344997337340949,-0.06613563939878908,,-100.0,,1.315118596898536,0.31055900621115295,0.0,0.043426338074037396,-0.03344997337340949,-0.06613563939878908,,-100.0,,1.7668970031925468,0.6230529595015355,0.0,0.043426338074037396,-0.03344997337340949,-0.06613563939878908,,,-100.0,1.8059647762805326,0.7800312012480548,0.0,0.043426338074037396,-0.03344997337340949,-0.06613563939878908,,-100.0,-100.0,2.3562743522986906,0.6230529595015355,0.0,0.043426338074037396,-0.03344997337340949,-0.06613563939878908,,-100.0,-100.0,5.140494624486905,-0.15455950540959051,0.0,-0.0108565845185149,0.008362002540616587,0.016434589404664024,,-10985827.462585187,0.0,0.31055900621115295,0,1147254.0,0.0,-0.15455950540959051,False,True,falling,flat_or_na,unavailable,accelerating,neutral,False,False,False,pass,S1,⚡ 선행 시동,가격 미급등 상태에서 선행조건 4개 개선,S1,False,,,2026-09-03T18:10:00Z,33790588802-1
KRW-ATOM,코스모스,2078.0,2095.0666666666666,2033.74,2439.8,0.07642825297751177,-3.0154624812742337,14.129573462305661,-0.30645717705415665,-0.25078740823809775,,,,,False,False,False,False,-27.87511088342044,-0.6217120994739367,8.0,B급,-0.3357314148681012,0.07088748002762557,0.0,-0.022291573785104823,0.017073761161817913,False,False,False,False,2026-09-04T03:37:26.037623+09:00,1788460646,0.0,0.0,,0,0.0,complete,,,17928.13790361,22614.23552393,-0.11558518222164034,2005.0,2095.0,4.488778054862852,3.6408977556109834,0.8114558472553699,18.88888888888881,complete_hourly_ordered,/v1/candles/minutes/60,120,False,5.9686393525543835,1977.0,2026-09-02T21:00:00,2095.0,2026-09-03T21:00:00,D-1,0.8114558472553712,14.406779661017039,False,True,,-100.0,-100.0,0.07088748002762557,-0.3357314148681012,0.0,-0.022291573785104823,0.017073761161817913,,,-100.0,-100.0,0.07088748002762557,-0.3357314148681012,0.0,-0.022291573785104823,0.017073761161817913,,,-100.0,-100.0,0.14034690816063744,-0.3357314148681012,0.0,-0.01273804216292973,0.009756534919910465,,,-100.0,-100.0,0.28046120759964666,0.0,0.0,-0.006369021081464865,0.00487830078395568,,,-100.0,-100.0,0.47512516637499047,-0.3835091083413178,0.0,-0.015922552703662163,0.012195626995312736,,,-100.0,-100.0,0.6358511607552728,0.14457831325300763,0.0,-0.009553531622197298,0.007317426182867237,,,-79905.9065847,-438022.8801519,-0.3357314148681012,0,4823100.4495427,0.0,0.14457831325300763,False,False,falling,falling,unavailable,accelerating,neutral,False,False,False,pass,S0,🌱 초발사 준비,발사 구조 관찰 또는 초기 준비,S0,False,,,2026-09-03T18:10:00Z,33790588802-1
KRW-ARKM,아캄,152.0,151.26666666666668,144.34,170.24166666666667,1.0690423162583729,-4.798854556371537,11.145920015664004,-1.3063621259815126,-1.0764056211628796,,,10.354758277481556,,False,False,False,False,42.14029555010062,-2.564102564102566,13.0,A급,0.6622516556291425,0.7753844319258434,1.0,0.04454342984412385,-0.03481231251300798,False,False,False,True,2026-09-04T03:37:26.037623+09:00,1788460646,0.0,3662476.4222204,0.0,9,0.0,complete,1788459806521,1788460705039,697208.09370139,1659375.27607131,-0.40828904876075917,147.0,152.0,3.401360544217691,3.401360544217691,0.0,0.0,complete_hourly_ordered,/v1/candles/minutes/60,120,False,5.47945205479452,146.0,2026-08-31T08:00:00,154.0,2026-08-31T14:00:00,D-4,1.9480519480519431,37.50000000000015,True,True,0.0,,33593.56920852657,0.7753844319258434,0.6622516556291425,1.0,0.04454342984412385,-0.03481231251300798,-0.09996504057064826,0.0,,33593.56920852657,0.7753844319258434,0.6622516556291425,1.0,0.04454342984412385,-0.03481231251300798,-0.09996504057064826,0.0,,108.88339875902489,0.7767198168600089,0.6622516556291425,1.0,0.04454342984412385,-0.03481231251300798,-0.09996504057064826,,,,1.1741376517268947,0.6622516556291425,1.0,0.04454342984412385,-0.03481231251300798,-0.09996504057064826,0.0,,31.55546880259592,1.5161522035300763,0.6622516556291425,1.0,0.04454342984412385,-0.03481231251300798,-0.09996504057064826,-1.5296703681819381,-100.0,4.595418749636826,1.8731713186295877,0.6622516556291425,0.0,0.0,0.0,0.0,0.0,0.0,3651606.4654059303,0.6622516556291425,3662476.4222204,2247824.0,1.6293430545364762,0.6622516556291425,False,True,flat_or_na,rising,sell_only,accelerating,neutral,False,False,False,pass,S0,🌱 초발사 준비,발사 구조 관찰 또는 초기 준비,S1,True,발사 구조 관찰 또는 초기 준비,2026-09-04T03:37:26.037623+09:00,2026-09-03T18:10:00Z,33790588802-1
KRW-CRO,크로노스,78.4,79.42666666666668,77.31,86.88666666666667,0.9661016949152668,-2.7378950545423284,8.585897337527806,-1.025982358003215,-1.013035552479623,,,8.475415612524131,,False,False,False,False,46.00634019293863,-2.3661270236612575,12.0,A급,0.2557544757033181,0.16976748020529442,0.0,-0.01694915254235596,0.013591888004466313,False,False,False,False,2026-09-04T03:37:26.037623+09:00,1788460646,0.0,46099.200000000004,0.0,1,0.0,complete,1788460276951,1788460276951,789542.37769065,558805.48788071,0.1711256387921567,74.9,78.8,5.206942590120156,4.672897196261672,0.5076142131979587,10.256410256410389,complete_hourly_ordered,/v1/candles/minutes/60,120,False,11.883691529709228,79.1,2026-08-30T12:00:00,88.5,2026-08-30T23:00:00,D-4,11.412429378531064,107.44680851063822,False,True,-0.0521760130986492,-100.0,-98.54846815076041,0.16976748020529442,0.2557544757033181,0.0,-0.01694915254235596,0.013591888004466313,0.03606313190529242,-0.0521760130986492,-100.0,-98.54846815076041,0.16976748020529442,0.2557544757033181,0.0,-0.01694915254235596,0.013591888004466313,0.03606313190529242,-0.7420220565019543,-100.0,-78.6101655908151,0.16976748020529442,-0.254452926208637,0.0,-0.01694915254235596,0.013591888004466313,0.03606313190529242,-2.253202038769588,-100.0,-95.78626816797194,0.18668060745585535,-0.254452926208637,0.0,-0.01694915254235596,0.013591888004466313,0.03606313190529242,-2.7117170078555413,-100.0,-98.35732913716362,0.6410444088019034,-0.50761421319796,-1.0,-0.033898305084734126,0.027183254587688666,0.07193238107988265,-25.361006166977255,-100.0,-35.00996822682274,1.0944202656854216,-0.254452926208637,0.0,-0.01694915254235596,0.013591888004466313,0.03606313190529242,-0.0521760130986492,-165705.8,-3129800.8,0.2557544757033181,46099.200000000004,4254653.155931042,0.010835007769255438,-0.254452926208637,False,True,falling,falling,sell_only,accelerating,neutral,False,False,False,pass,S0,🌱 초발사 준비,발사 구조 관찰 또는 초기 준비,S0,False,,,2026-09-03T18:10:00Z,33790588802-1
KRW-NXPC,넥스페이스,281.0,286.8,321.88,417.675,-0.1856148491879206,10.898471480054674,31.334171305440833,-0.3452011450800951,-0.07343212691538951,,,,,False,False,False,False,-26.753889833555366,-2.430555555555558,5.0,관찰,0.0,0.12427157748504669,0.0,0.0,0.0,False,False,False,False,2026-09-04T03:37:26.037623+09:00,1788460646,0.0,0.0,,0,0.0,complete,,,346538.8346802,248740.93482466,0.16428896943177826,274.0,282.0,2.9197080291970767,2.5547445255474477,0.3546099290780142,12.49999999999981,complete_hourly_ordered,/v1/candles/minutes/60,120,False,4.832713754646845,269.0,2026-09-03T06:00:00,282.0,2026-09-04T00:00:00,D0,0.35460992907800915,7.692307692307939,False,True,,-100.0,,0.12427157748504669,0.0,0.0,0.0,0.0,,,-100.0,,0.12427157748504669,0.0,0.0,0.0,0.0,,,-100.0,,0.129569604564427,0.0,0.0,0.0,0.0,,,,-100.0,0.19264144878099643,0.7168458781362075,1.0,0.046403712296982924,-0.029183909148443377,,,-100.0,,0.45266204995663273,0.3571428571428559,0.0,0.0,0.0,,,,-100.0,0.45266204995663273,0.0,0.0,0.0,0.0,,,-60134.0,0.0,0.0,0,630811.443775285,0.0,0.0,False,False,falling,flat_or_na,unavailable,accelerating,neutral,False,False,False,pass,S0,🌱 초발사 준비,발사 구조 관찰 또는 초기 준비,S0,False,,,2026-09-03T18:10:00Z,33790588802-1
KRW-A,볼타,110.0,104.25333333333333,95.786,104.725,1.1121169015905874,-8.839844375308843,0.4503859314076525,-1.3654796021634306,-1.3719288572438042,,,0.3282866520589667,,False,False,False,False,-36.91515963418465,1.869158878504673,13.0,A급,0.92592592592593,0.051846821717994374,0.0,0.06465795939478713,-0.05574171462131561,False,False,False,True,2026-09-04T03:37:26.037623+09:00,1788460646,3620411.1287460495,0.0,,34,0.0,complete,1788460051937,1788460502560,1373045.59012815,3736643.2702864,-0.46257174257113004,105.0,110.0,4.761904761904767,4.761904761904767,0.0,0.0,complete_hourly_ordered,/v1/candles/minutes/60,120,False,8.910891089108919,101.0,2026-08-31T08:00:00,110.0,2026-09-04T03:00:00,D0,0.0,0.0,False,True,,,,0.051846821717994374,1.85185185185186,0.0,0.06465795939478713,-0.05574171462131561,-0.04365257010285084,,,,0.051846821717994374,1.85185185185186,0.0,0.06465795939478713,-0.05574171462131561,-0.04365257010285084,,5348.079986022449,,0.051846821717994374,1.85185185185186,0.0,0.06465795939478713,-0.05574171462131561,-0.04365257010285084,,126.5536685732132,-100.0,0.05480645164104203,2.8037383177569986,1.0,0.12931591878959647,-0.11149230177977765,-0.08803342674414949,,235.22325266167124,,0.27742081178215017,1.85185185185186,1.0,0.12931591878959647,-0.11149230177977765,-0.08803342674414949,,-64.19842079410292,-100.0,0.9861269330673963,2.8037383177569986,0.0,0.06465795939478713,-0.05574171462131561,-0.04365257010285084,,3620411.1287460495,0.0,1.85185185185186,3620411.1287460495,902035.4143418501,4.013601984116778,2.8037383177569986,False,True,rising,flat_or_na,buy_only,accelerating,neutral,False,False,False,pass,S0,🌱 초발사 준비,발사 구조 관찰 또는 초기 준비,S0,False,,,2026-09-03T18:10:00Z,33790588802-1
KRW-TRUMP,오피셜트럼프,3357.0,3229.2,2476.08,2691.375,1.8739352640545048,-30.41581855190462,-19.98327992197296,-2.1450329264889536,-2.875303670640362,,,,,False,False,False,False,-64.56301314759365,-10.002681684097613,8.0,B급,0.9930785434848044,0.17935104790240075,0.0,0.05257955286348537,-0.052642651891826375,False,False,False,False,2026-09-04T03:37:26.037623+09:00,1788460646,135625826.9387972,233698131.05646712,0.5803462198250389,388,0.0,complete,1788459750626,1788460793198,90392.34407688,92717.28279009,-0.01269697695850297,3047.0,3436.0,12.766655726944531,10.173941581883827,2.29918509895227,20.308483290488347,complete_hourly_ordered,/v1/candles/minutes/60,120,False,16.081081081081084,2960.0,2026-09-03T02:00:00,3436.0,2026-09-04T02:00:00,D0,2.1827706635622834,15.75630252100847,False,True,0.33940268783553795,39.806393755689264,-41.956292372566736,0.17935104790240075,1.0231718326813022,0.0,0.05257955286348537,-0.052642651891826375,,0.33940268783553795,39.806393755689264,-41.956292372566736,0.17935104790240075,1.0231718326813022,0.0,0.05257955286348537,-0.052642651891826375,,-0.2075367717244413,-63.47231062938429,-50.40969650084526,0.24860384254377266,0.9017132551848439,0.0,0.05047637074895306,-0.05053678932645056,,-0.14203360463453318,-75.58055257234547,-69.60415086100342,0.40456305379861135,-0.6804733727810652,0.0,-0.06730182766525594,0.06737070326503769,,-0.6421519086125409,-90.36557409640446,-79.70510148361626,1.3663811905235264,0.1790510295434089,0.0,0.08202410246702652,-0.08212609725771358,,-0.491967043452598,-58.246832442438865,-22.852128907940127,1.5941881982311656,3.2923076923076833,0.0,0.23976276105748262,-0.24011666709688484,,0.33940268783553795,38616081.321724474,-168926271.4998129,1.0231718326813022,369323957.9952643,441607717.16834384,0.8363168115888597,3.2923076923076833,False,False,rising,falling,sell_advantage_weakening,accelerating,neutral,False,False,False,pass,S0,🌱 초발사 준비,발사 구조 관찰 또는 초기 준비,S0,False,,,2026-09-03T18:10:00Z,33790588802-1
KRW-F,신퓨처스,4.68,4.435333333333333,4.301,5.55725,1.2787334449688048,-3.123304657831509,20.188342555520563,-1.2565775255215628,-1.2410266680589828,,,,,False,False,False,False,400.3247228800712,6.122448979591821,11.0,A급,-0.2132196162047073,2.142862190674691,0.0,-0.015223017202026234,0.010799369340158904,False,True,False,True,2026-09-04T03:37:26.037623+09:00,1788460646,230088.75000000003,0.0,,4,0.0,complete,1788460142996,1788460361769,8928672.49652095,16661195.44147997,-0.3021712719930154,4.62,4.72,2.1645021645021467,1.298701298701288,0.8474576271186449,40.0,complete_hourly_ordered,/v1/candles/minutes/60,120,False,11.99999999999999,4.25,2026-08-31T08:00:00,4.76,2026-08-31T09:00:00,D-4,1.6806722689075682,15.686274509803924,True,True,,-93.43571552019606,-100.0,2.142862190674691,-0.2132196162047073,0.0,-0.015223017202026234,0.010799369340158904,,,-93.43571552019606,-100.0,2.142862190674691,-0.2132196162047073,0.0,-0.015223017202026234,0.010799369340158904,,,1.2326056804672803,,2.387059184462032,-0.2132196162047073,0.0,0.015223017202026234,-0.01079969322729113,,,-91.82532185771727,-100.0,2.3881220589838676,0.21413276231263545,0.0,-0.03044603440400806,0.02159841480769842,,,-94.03036558228995,-100.0,3.0057949274492444,-0.2132196162047073,0.0,-0.015223017202026234,0.010799369340158904,,,203.50712307090834,-100.0,3.8677985765644394,-0.42553191489362874,0.0,-0.03044603440400806,0.02159841480769842,,,-3275072.40972585,-34237.00000000001,-0.2132196162047073,230088.75000000003,3467021.2427206635,0.06636496689574457,-0.42553191489362874,False,True,falling,falling,buy_only,accelerating,neutral,False,False,False,pass,S1,⚡ 선행 시동,가격 미급등 상태에서 선행조건 3개 개선,S1,False,,,2026-09-03T18:10:00Z,33790588802-1
KRW-G,그래비티,5.22,5.326,5.1057999999999995,5.0079166666666675,-0.5601194921583286,-4.312742371420741,-6.351609950911033,0.3851045083550969,0.34807259932087964,,11.198888296171415,,,False,False,False,False,-8.384038891582513,0.19193857965451588,3.0,-,-0.19120458891014325,0.02711678487491298,0.0,-0.012447099825751984,0.011542338758836479,False,False,False,False,2026-09-04T03:37:26.037623+09:00,1788460646,0.0,603623.4224697162,0.0,5,0.0,complete,1788460059434,1788460347788,10432492.8513497,12284394.65721693,-0.08152093041658416,5.13,5.26,2.5341130604288553,1.7543859649122862,0.7604562737642593,30.769230769230703,complete_hourly_ordered,/v1/candles/minutes/60,120,False,7.258064516129048,4.96,2026-08-31T08:00:00,5.32,2026-09-02T09:00:00,D-2,1.8796992481203145,27.777777777777846,True,False,,,,0.02711678487491298,-0.19120458891014325,0.0,-0.012447099825751984,0.011542338758836479,,,,,0.02711678487491298,-0.19120458891014325,0.0,-0.012447099825751984,0.011542338758836479,,-18.12470215724133,-100.0,742.9219278048524,0.02711678487491298,-0.19120458891014325,0.0,-0.012447099825751984,0.011542338758836479,,,-100.0,,0.5104936380664107,-0.19120458891014325,0.0,-0.012447099825751984,0.011542338758836479,,,-100.0,,0.5651356950759343,0.19193857965451588,0.0,0.012447099825740882,-0.011542722901602076,,-0.40429294723868936,-100.0,-46.06660466294984,0.609079648941524,0.19193857965451588,0.0,-0.012447099825751984,0.011542338758836479,,,0.0,603623.4224697162,-0.19120458891014325,603623.4224697162,1012125.4550314263,0.5963918993134836,0.19193857965451588,False,False,flat_or_na,rising,sell_only,accelerating,neutral,False,False,False,pass,S0,🌱 초발사 준비,발사 구조 관찰 또는 초기 준비,S0,False,,,2026-09-03T18:10:00Z,33790588802-1
KRW-CELO,셀로,106.0,103.30666666666666,95.50200000000001,102.50333333333333,1.3075313807531241,-8.172254682275394,-0.7837143507528153,-1.4134151875039038,-1.5616228031306005,,,,,False,False,True,False,102.44794001458617,3.9215686274509887,11.0,A급,0.952380952380949,0.07622636454276233,0.0,0.0653765690376451,-0.056849625644268875,False,False,False,False,2026-09-04T03:37:26.037623+09:00,1788460646,0.0,0.0,,0,0.0,complete,,,1188951.39441746,2316093.52536545,-0.3215770858131544,107.0,113.0,5.607476635514019,-0.9345794392523366,6.1946902654867255,116.66666666666666,complete_hourly_ordered,/v1/candles/minutes/60,120,False,13.682092555331993,99.4,2026-08-31T08:00:00,113.0,2026-09-03T13:00:00,D-1,6.194690265486724,51.470588235294215,False,False,,,-100.0,0.07622636454276233,0.952380952380949,0.0,0.0653765690376451,-0.056849625644268875,,,,-100.0,0.07622636454276233,0.952380952380949,0.0,0.0653765690376451,-0.056849625644268875,,,,,0.07815449684285625,0.952380952380949,0.0,0.0653765690376451,-0.056849625644268875,,,-100.0,-100.0,1.5359218115008417,0.952380952380949,0.0,0.0,0.0,,,,-100.0,1.5784857191815291,0.952380952380949,0.0,0.0653765690376451,-0.056849625644268875,,,-100.0,-100.0,1.7177325383204192,0.0,0.0,0.0653765690376451,-0.056849625644268875,,,0.0,-15854.8954221,0.952380952380949,0,5355988.01277497,0.0,0.0,False,False,flat_or_na,falling,unavailable,accelerating,neutral,False,False,False,pass,S1,⚡ 선행 시동,가격 미급등 상태에서 선행조건 4개 개선,S0,True,가격 미급등 상태에서 선행조건 4개 개선,2026-09-04T03:37:26.037623+09:00,2026-09-03T18:10:00Z,33790588802-1
KRW-AERO,에어로드롬파이낸스,695.0,680.2,630.64,658.0833333333334,0.8899436369030012,-7.858683242420408,-3.3607699126250488,-1.0751195086086367,-0.7975201546501121,,,,,False,False,False,False,12.901829970977774,1.9061583577712593,8.0,B급,0.7246376811594235,0.025857279342167416,0.0,0.06921783842579465,-0.06175645062385238,False,False,False,False,2026-09-04T03:37:26.037623+09:00,1788460646,22064.49999369,0.0,,1,0.0,complete,1788460735039,1788460735039,91804.03971128,144748.63447972,-0.22381735885890214,638.0,696.0,9.090909090909083,8.934169278996862,0.14367816091954022,1.724137931034432,complete_hourly_ordered,/v1/candles/minutes/60,120,False,11.538461538461542,624.0,2026-09-02T20:00:00,696.0,2026-09-04T03:00:00,D0,0.4310344827586188,4.166666666666643,False,True,,-53.65677091189027,-100.0,0.025857279342167416,0.7246376811594235,0.0,0.06921783842579465,-0.06175645062385238,,,-53.65677091189027,-100.0,0.025857279342167416,0.7246376811594235,0.0,0.06921783842579465,-0.06175645062385238,,,-99.76290070196322,,0.2063556033600431,1.1644832605531397,0.0,0.0889943636902979,-0.07940316195066055,,,-99.00656372107606,-100.0,0.6364808746634587,1.4598540145985384,0.0,0.06921783842579465,-0.06175645062385238,,,-92.4176975960789,,0.8893268637069287,1.6081871345029253,0.0,0.10877088895482334,-0.09705076724579831,,,-99.36947135651081,-100.0,1.3728115469402002,1.9061583577712593,0.0,0.1384356768515893,-0.12352385152773548,,,-25546.554367110002,-89271.11643008,0.7246376811594235,22064.49999369,5341381.98250827,0.004130859778601471,1.9061583577712593,False,False,falling,falling,buy_only,accelerating,neutral,False,False,False,pass,S0,🌱 초발사 준비,발사 구조 관찰 또는 초기 준비,S0,False,,,2026-09-03T18:10:00Z,33790588802-1
KRW-CTC,크레딧코인,137.0,123.06666666666666,109.67200000000001,141.24666666666664,2.328159645232808,-12.21338779876965,12.87110020295463,-1.9440443330667605,-2.0077812633721863,,,6.410608783815854,,False,False,False,False,111.09386439550705,13.223140495867769,13.0,A급,1.4814814814814836,2.8678241131491404,0.0,0.05543237250553723,-0.042060766092950175,False,False,False,True,2026-09-04T03:37:26.037623+09:00,1788460646,30646792.95422417,497327.51628377,61.62295861533916,49,0.0,complete,1788459845107,1788460666664,2818134.77452364,2773254.31522142,0.008026710104030046,125.0,138.0,10.40000000000001,9.600000000000009,0.7246376811594203,7.6923076923076925,complete_hourly_ordered,/v1/candles/minutes/60,120,False,16.94915254237288,118.0,2026-08-31T13:00:00,138.0,2026-09-04T03:00:00,D0,0.0,0.0,False,True,43.87887678262623,119.98615069348753,-36.655877165282426,2.8678241131491404,1.4814814814814836,0.0,0.05543237250553723,-0.042060766092950175,-0.04800903891101527,43.87887678262623,119.98615069348753,-36.655877165282426,2.8678241131491404,1.4814814814814836,0.0,0.05543237250553723,-0.042060766092950175,-0.04800903891101527,5.162502688376598,398.16612502794226,356.43193995305137,4.024737170309081,1.4814814814814836,-1.0,0.1662971175166339,-0.12619719003275698,-0.14526672241228145,,30546.792954555156,,4.229066979157807,3.007518796992481,-1.0,0.22172949002217113,-0.16827284963718014,-0.19452608209225541,61.585713387795266,510679.8826044548,208.7179418177017,4.69458300231986,2.238805970149249,-1.0,0.1662971175166339,-0.12619719003275698,-0.14526672241228145,61.205365505162106,1504.3183379798159,-89.12820319691203,4.757968734036169,2.238805970149249,-1.0,0.22172949002217113,-0.16827284963718014,-0.19452608209225541,43.87887678262623,16715555.5296805,-287792.70328488003,1.4814814814814836,31144120.47050794,9336992.15435885,3.33556245476427,2.238805970149249,False,True,rising,falling,buy_advantage_accelerating,accelerating,neutral,False,False,False,pass,S0,🌱 초발사 준비,발사 구조 관찰 또는 초기 준비,S0,False,,,2026-09-03T18:10:00Z,33790588802-1
KRW-ANIME,애니메코인,3.81,3.784,3.6666000000000003,4.542833333333333,0.6382978723404209,-3.2018763977526725,16.70396595369997,-0.9081912288989719,-1.089466492032655,,,,,False,False,False,False,2678.726388439756,4.670329670329676,10.0,A급,0.0,0.952851283988366,0.0,0.03546099290778759,-0.026295273185848345,False,True,False,False,2026-09-04T03:37:26.037623+09:00,1788460646,4115573.2693653046,5268373.5173512595,0.7811847918168225,5,0.0,complete,1788459824273,1788460400613,44207960.49473863,30494979.07370173,0.18356682481649225,3.8,3.85,1.3157894736842257,0.263157894736854,1.0389610389610398,79.99999999999933,complete_hourly_ordered,/v1/candles/minutes/60,120,False,24.861878453038667,3.62,2026-08-30T10:00:00,4.52,2026-08-31T09:00:00,D-4,15.707964601769897,78.88888888888891,True,False,-2.0732841566810953,370.6059886985292,1619.606162061725,0.952851283988366,0.0,0.0,0.03546099290778759,-0.026295273185848345,,-2.0732841566810953,370.6059886985292,1619.606162061725,0.952851283988366,0.0,0.0,0.03546099290778759,-0.026295273185848345,,0.7795403497130997,41055.732693784754,-13.364647699017452,1.056966047212427,0.5277044854881341,0.0,0.03546099290778759,-0.026295273185848345,,,1416.4350478506333,,1.5184568050349299,0.263157894736854,0.0,0.017730496453882694,-0.013147395409415452,,0.005004871672340538,154.5830448878402,152.95198974830785,1.730318165778499,0.263157894736854,0.0,0.017730496453882694,-0.013147395409415452,,0.7423920759497653,587.8214395761978,-65.84359814443701,2.9425979578163606,0.5277044854881341,0.0,0.03546099290778759,-0.026295273185848345,,-2.0732841566810953,3241046.941991739,4962002.580006238,0.0,9383946.786716564,5449502.26494623,1.7219823628808337,0.5277044854881341,False,True,rising,rising,sell_advantage_accelerating,accelerating,neutral,True,True,False,🔴 1차 급등 완료·상승분 반납 / 신규매수 금지,S3,🔴 1차 급등 완료·반납,당일/5D 급등 후 상승분 상당 부분 반납,S3,False,,,2026-09-03T18:10:00Z,33790588802-1
KRW-APT,앱토스,834.0,799.2,822.92,1016.5833333333334,0.5198725473754884,2.8824187041267577,21.383719977047296,-0.5453677976235409,-0.6419884907864993,5.285274848802949,,,,False,False,False,False,27.49102275770172,10.317460317460325,7.0,B급,0.7246376811594235,0.1916296908804469,0.0,0.05031024652022431,-0.035482541315772664,False,False,False,False,2026-09-04T03:37:26.037623+09:00,1788460646,11829636.388028929,3345764.34804942,3.5357051954138985,17,0.0,complete,1788459934792,1788460716416,179581.56435117,146740.05433377,0.10064153931863189,806.0,863.0,7.071960297766755,3.473945409429291,3.360370799536501,50.87719298245603,complete_hourly_ordered,/v1/candles/minutes/60,120,False,21.89265536723164,708.0,2026-08-31T08:00:00,863.0,2026-09-03T16:00:00,D-1,3.7079953650057895,20.6451612903226,False,False,3.1485577404047707,2763.8298760621556,213.57943799575736,0.1916296908804469,0.7246376811594235,0.0,0.05031024652022431,-0.035482541315772664,,3.1485577404047707,2763.8298760621556,213.57943799575736,0.1916296908804469,0.7246376811594235,0.0,0.05031024652022431,-0.035482541315772664,,0.6519780257236398,-15.986103318412393,-31.478123004572687,0.2642913852113793,0.9685230024213176,0.0,0.08385041086702572,-0.059139508114210315,,3.2573069751088264,1919.8236721481223,59.03908402359499,0.4027776881331704,1.2135922330097193,0.0,0.09223545195371496,-0.06505399224250041,,2.7445348750953418,-62.39269618457464,-91.58476712239457,0.786300520009231,1.831501831501825,1.0,0.13416065738722782,-0.09462786757533337,,3.2887256097592323,17.16961995871158,-91.81535151000347,1.5394830723246073,1.2135922330097193,0.0,0.08385041086702572,-0.059139508114210315,,3.1485577404047707,11416565.888034878,2278805.2484879596,0.7246376811594235,15175400.736078348,59820743.014011756,0.2536812478662097,1.2135922330097193,False,False,rising,rising,buy_advantage_accelerating,accelerating,neutral,False,False,False,pass,S0,🌱 초발사 준비,발사 구조 관찰 또는 초기 준비,S0,False,,,2026-09-03T18:10:00Z,33790588802-1
KRW-MOCA,모카네트워크,11.9,11.66,11.425999999999998,14.093333333333334,0.748847926267282,-2.047960791178031,17.26584673604541,-1.0380435262939047,-1.0859733417636825,,,,,False,False,False,False,15.662385415835978,0.0,8.0,B급,-0.8333333333333304,0.019701004873740047,0.0,-0.05760368663594306,0.04240914366085491,False,False,False,False,2026-09-04T03:37:26.037623+09:00,1788460646,0.0,110000.00000003501,0.0,2,0.0,complete,1788460162457,1788460261419,14009097.4106005,25111261.04860274,-0.28379503857512345,11.8,12.1,2.5423728813559254,0.8474576271186418,1.6528925619834651,66.66666666666666,complete_hourly_ordered,/v1/candles/minutes/60,120,False,8.547008547008538,11.7,2026-08-31T08:00:00,12.7,2026-08-31T14:00:00,D-4,6.299212598425186,79.99999999999979,False,True,,,,0.019701004873740047,-0.8333333333333304,0.0,-0.05760368663594306,0.04240914366085491,,,,,0.019701004873740047,-0.8333333333333304,0.0,-0.05760368663594306,0.04240914366085491,,,,,0.019701004873740047,-0.8333333333333304,0.0,-0.05760368663594306,0.04240914366085491,,,,,0.019701004873740047,-0.8333333333333304,0.0,-0.05760368663594306,0.04240914366085491,,0.0,,-92.67342058913802,0.2405657628725688,-0.8333333333333304,0.0,-0.05760368663594306,0.04240914366085491,,-2.559750064650649,-100.0,-97.55562644230353,1.050264853275662,-0.8333333333333304,0.0,-0.05760368663594306,0.04240914366085491,,,0.0,110000.00000003501,-0.8333333333333304,110000.00000003501,899999.999999906,0.12222222222227389,-0.8333333333333304,False,False,flat_or_na,rising,sell_only,accelerating,neutral,False,False,False,pass,S0,🌱 초발사 준비,발사 구조 관찰 또는 초기 준비,S0,False,,,2026-09-03T18:10:00Z,33790588802-1
KRW-API3,에이피아이쓰리,312.0,313.46666666666664,296.28,367.3666666666667,0.70678946241165,-5.800819045047478,14.671989837582805,-0.9005114713024929,-1.07295449491571,,,13.67438219151635,,False,False,False,False,-1.8950860190659613,-1.8867924528301883,11.0,A급,-0.31948881789137795,0.10263082527002254,0.0,0.021417862497319362,-0.016211963565037735,False,False,False,False,2026-09-04T03:37:26.037623+09:00,1788460646,0.0,771617.4914853601,0.0,2,0.0,complete,1788460222536,1788460227188,385782.43132995,312585.23202862,0.10481183929581168,304.0,313.0,2.960526315789469,2.6315789473684292,0.3194888178913738,11.111111111110695,complete_hourly_ordered,/v1/candles/minutes/60,120,False,13.14878892733564,289.0,2026-08-31T18:00:00,327.0,2026-09-01T18:00:00,D-3,4.587155963302747,39.47368421052624,True,True,0.0,,3760.7921353572247,0.10263082527002254,-0.31948881789137795,0.0,0.021417862497319362,-0.016211963565037735,-0.05660371665704034,0.0,,3760.7921353572247,0.10263082527002254,-0.31948881789137795,0.0,0.021417862497319362,-0.016211963565037735,-0.05660371665704034,,-100.0,,0.10263082527002254,0.3215434083601254,0.0,0.021417862497319362,-0.016211963565037735,-0.05660371665704034,,,,0.1059362911844497,0.6451612903225712,0.0,0.042835724994638724,-0.03242466266674171,-0.11355420997052867,,,,0.1378808764301076,0.6451612903225712,0.0,0.042835724994638724,-0.03242466266674171,-0.11355420997052867,0.0,,507.38250286871926,0.1378808764301076,0.6451612903225712,0.0,0.042835724994638724,-0.03242466266674171,-0.11355420997052867,0.0,0.0,751631.50248536,-0.31948881789137795,771617.4914853601,176036.56917479998,4.383279537328195,0.6451612903225712,False,False,flat_or_na,rising,sell_only,accelerating,neutral,False,False,False,pass,S1,⚡ 선행 시동,가격 미급등 상태에서 선행조건 4개 개선,S0,True,가격 미급등 상태에서 선행조건 4개 개선,2026-09-04T03:37:26.037623+09:00,2026-09-03T18:10:00Z,33790588802-1
KRW-AHT,아하토큰,1.33,1.296,1.3416,1.6158333333333335,0.7776049766718529,3.3989266547405985,19.793708096957197,-1.1497817630118334,-1.1718645925824744,2.956149387721344,,,,False,False,False,False,1221.5523490723126,3.100775193798455,8.0,B급,0.0,0.011568380477910978,0.0,0.0,0.0,False,True,False,False,2026-09-04T03:37:26.037623+09:00,1788460646,86712.6436781409,0.0,,2,0.0,complete,1788460160896,1788460270709,228784255.5010567,195706674.7924585,0.07792293862610122,1.35,1.4,3.703703703703698,-1.4814814814814836,4.999999999999989,140.0000000000001,complete_hourly_ordered,/v1/candles/minutes/60,120,False,37.00787401574803,1.27,2026-08-30T08:00:00,1.74,2026-09-01T18:00:00,D-3,23.563218390804597,87.23404255319144,False,False,,986.6246074955001,,0.011568380477910978,0.0,0.0,0.0,0.0,,,986.6246074955001,,0.011568380477910978,0.0,0.0,0.0,0.0,,,,,0.012632996574438948,0.7575757575757569,0.0,0.05184033177814129,-0.03712381804615461,,,,,0.012632996574438948,0.7575757575757569,0.0,0.05184033177814129,-0.03712381804615461,,,-56.64367816092912,-100.0,1.2224165475327027,0.7575757575757569,0.0,0.05184033177814129,-0.03712381804615461,,,,-100.0,1.263889799900653,1.526717557251911,0.0,0.10368066355623817,-0.07425146565883978,,,78732.6436781409,0.0,0.0,86712.6436781409,1301423.1440391776,0.06662909298586328,1.526717557251911,False,True,rising,flat_or_na,buy_only,accelerating,neutral,True,True,False,🔴 1차 급등 완료·상승분 반납 / 신규매수 금지,S3,🔴 1차 급등 완료·반납,당일/5D 급등 후 상승분 상당 부분 반납,S3,False,,,2026-09-03T18:10:00Z,33790588802-1
KRW-EGLD,멀티버스엑스,6425.0,5127.933333333333,4374.14,4703.616666666667,3.366302039938729,-17.23294941024597,-9.021072437167144,-2.895181172604542,-3.3519674232081074,,,,,False,False,False,False,2658.950937140928,28.25870646766169,8.0,B급,0.7818608287724738,4.934389693888079,0.0,0.053753325987049294,-0.04897138719143257,False,True,False,False,2026-09-04T03:37:26.037623+09:00,1788460646,2021269.4967104,24410811.141925793,0.08280222582357581,38,0.0,complete,1788459836350,1788460786391,5148.91555517,12781.47258916,-0.425677178461058,7305.0,7490.0,2.532511978097185,-12.046543463381242,14.218958611481977,575.6756756756772,complete_hourly_ordered,/v1/candles/minutes/60,120,False,52.98507462686568,4958.0,2026-08-30T04:00:00,7585.0,2026-09-03T07:00:00,D-1,15.952537903757413,46.06014465169398,False,True,-0.7023985172422533,-80.43452252167988,85.53640680080039,4.934389693888079,0.4691164972634887,0.0,0.053753325987049294,-0.04897138719143257,,-0.7023985172422533,-80.43452252167988,85.53640680080039,4.934389693888079,0.4691164972634887,0.0,0.053753325987049294,-0.04897138719143257,,,5648.401600927301,,6.4179171469713765,-1.1538461538461497,0.0,-0.07391082323218168,0.06732432521442178,,-0.06035000903818395,24.99821351703213,116.10256778382136,6.432904301209874,-0.695517774343124,0.0,-0.03359582874189471,0.030603592447064898,,-0.21942803082850187,71.4209076013463,525.6907273274751,26.942831518416824,-0.23291925465838137,0.0,0.04703416023865703,-0.042849584185464806,,-1.2216597779966107,-96.22176041592087,-40.477808057216066,31.70201088936892,0.07788161993769194,0.0,0.006719165748392264,-0.00612104381207601,,-0.7023985172422533,-8309526.155734598,11253926.429733293,0.4691164972634887,26432080.638636194,40538722.06355792,0.652020569301497,0.07788161993769194,False,True,falling,rising,sell_advantage_accelerating,accelerating,neutral,False,False,False,pass,S0,🌱 초발사 준비,발사 구조 관찰 또는 초기 준비,S0,False,,,2026-09-03T18:10:00Z,33790588802-1
KRW-BLEND,플루언트,85.8,89.5,91.44200000000001,106.03583333333333,-0.1932941788714615,2.123750574134432,15.59457101765912,-0.10806876701910988,-0.5938909147601873,,,,,False,False,False,False,-69.57294385558413,-6.126914660831517,4.0,-,-0.34843205574912606,0.034544443896407984,0.0,-0.02230317448517205,0.01687112925397294,False,False,False,False,2026-09-04T03:37:26.037623+09:00,1788460646,0.0,0.0,,0,0.0,complete,,,710735.77180994,494598.44993819,0.17931733619765644,85.2,86.4,1.4084507042253502,0.7042253521126751,0.6944444444444543,50.0,complete_hourly_ordered,/v1/candles/minutes/60,120,False,6.426155580608794,88.7,2026-08-30T09:00:00,94.4,2026-08-31T06:00:00,D-4,9.110169491525433,150.87719298245622,True,True,,,,0.034544443896407984,-0.34843205574912606,0.0,-0.02230317448517205,0.01687112925397294,,,,,0.034544443896407984,-0.34843205574912606,0.0,-0.02230317448517205,0.01687112925397294,,,,,0.034544443896407984,-0.34843205574912606,0.0,-0.02230317448517205,0.01687112925397294,,,,,0.034544443896407984,-0.34843205574912606,0.0,-0.02230317448517205,0.01687112925397294,,,-100.0,-100.0,0.05032946166762997,-0.34843205574912606,0.0,-0.02230317448517205,0.01687112925397294,,,-100.0,-100.0,0.1012914644091012,-0.46403712296984034,0.0,-0.029737565980236802,0.02249466222441221,,,0.0,0.0,-0.34843205574912606,0,2204618.55659361,0.0,-0.46403712296984034,False,False,flat_or_na,flat_or_na,unavailable,accelerating,neutral,False,False,False,pass,S0,🌱 초발사 준비,발사 구조 관찰 또는 초기 준비,S0,False,,,2026-09-03T18:10:00Z,33790588802-1
KRW-ERA,칼데라,81.4,81.78666666666666,95.08,132.325,0.16329196603526164,13.98120880661899,38.1925813968134,-0.6264460391107081,-0.44003222350467724,,,,,False,False,False,False,138.37439501826933,1.7478152309613026,7.0,B급,0.3694581280788034,0.03416795855244459,0.0,0.00816459830175198,-0.004648889919302235,False,False,False,False,2026-09-04T03:37:26.037623+09:00,1788460646,170044.6,0.0,,2,0.0,complete,1788460442388,1788460446068,1159416.85426083,635396.50688896,0.2919636986857358,80.7,81.5,0.9913258983890838,0.867410161090465,0.1226993865030605,12.49999999999832,complete_hourly_ordered,/v1/candles/minutes/60,120,False,28.14070351758795,79.6,2026-08-30T10:00:00,102.0,2026-08-31T01:00:00,D-4,20.196078431372545,91.96428571428571,True,True,,-98.66342803980518,-100.0,0.03416795855244459,0.24630541871921707,0.0,0.00816459830175198,-0.004648889919302235,,,-98.66342803980518,-100.0,0.03416795855244459,0.24630541871921707,0.0,0.00816459830175198,-0.004648889919302235,,,-62.21533388440036,-100.0,0.1682141222358382,0.4938271604938427,0.0,0.04082299150880431,-0.02324503515435339,,,-87.89947826513595,-100.0,0.17277191102647294,0.36991368680643344,0.0,0.03265839320705233,-0.018595911009697375,,,-83.19408576367807,-100.0,0.27022102205884835,1.243781094527363,0.0,0.06531678641410466,-0.03719275894732732,,,-75.03994571429578,-100.0,0.2817737869717405,1.243781094527363,0.0,0.0898105813193828,-0.051141009802073256,,,-12552397.966819536,-2676069.610890897,0.24630541871921707,170044.6,5598010.019430514,0.03037590133096951,1.243781094527363,False,False,falling,falling,buy_only,accelerating,neutral,True,True,False,🔴 1차 급등 완료·상승분 반납 / 신규매수 금지,S3,🔴 1차 급등 완료·반납,당일/5D 급등 후 상승분 상당 부분 반납,S3,False,,,2026-09-03T18:10:00Z,33790588802-1
KRW-FF,팔콘파이낸스,141.0,124.11999999999999,101.03200000000001,109.39333333333335,2.81643472498343,-22.852165650486953,-13.462124443902715,-2.012721390865772,-2.3992806613370545,,,,,False,False,False,False,58.88669650075602,9.302325581395344,10.0,A급,1.4388489208633004,0.20319660525451866,0.0,0.11044842058758331,-0.10461370120928493,False,False,False,False,2026-09-04T03:37:26.037623+09:00,1788460646,339530.53317639,1666314.6999996,0.20376135022782402,12,0.0,complete,1788459834052,1788460689734,2129497.05999184,2604594.69404774,-0.10035665946915828,145.0,158.0,8.965517241379306,-2.758620689655178,10.759493670886076,130.76923076923083,complete_hourly_ordered,/v1/candles/minutes/60,120,False,41.071428571428584,112.0,2026-09-01T16:00:00,158.0,2026-09-03T19:00:00,D-1,10.759493670886078,36.956521739130466,False,True,-3.618871202083194,-88.2586426678013,120.27187538851294,0.20319660525451866,1.4388489208633004,0.0,0.11044842058758331,-0.10461370120928493,,-3.618871202083194,-88.2586426678013,120.27187538851294,0.20319660525451866,1.4388489208633004,0.0,0.11044842058758331,-0.10461370120928493,,-1.497901165885604,-91.90206300024622,-32.37208216905816,0.2481446165540646,2.9197080291970767,0.0,0.22089684117516661,-0.20925928906243918,,-0.0707681542365888,-30.10108798642066,-5.824565570290419,0.29338894898431533,2.9197080291970767,0.0,0.22089684117516661,-0.20925928906243918,,-0.6483027807519471,-97.90324015191587,-91.23202778233684,0.4600027478271542,2.9197080291970767,0.0,0.22089684117516661,-0.20925928906243918,,-267.3425192746644,-95.63154268511954,5635.94798698617,0.5806312583348046,2.9197080291970767,0.0,0.22089684117516661,-0.20925928906243918,,-3.618871202083194,-2552218.0404343,909833.78428552,1.4388489208633004,2005845.23317599,36896295.55583878,0.05436440712971707,2.9197080291970767,False,False,falling,rising,sell_advantage_accelerating,accelerating,neutral,False,True,False,pass,S1,⚡ 선행 시동,가격 미급등 상태에서 선행조건 4개 개선,S0,True,가격 미급등 상태에서 선행조건 4개 개선,2026-09-04T03:37:26.037623+09:00,2026-09-03T18:10:00Z,33790588802-1
KRW-PLUME,플룸,19.9,19.52,17.484,17.436666666666667,0.687757909215958,-11.644932509723162,-11.948002294016433,-0.20227081402363165,-0.7165026257881303,,,,,False,False,False,False,10.67963784769821,1.0101010101010166,6.0,관찰,1.0101010101010166,0.12204495379679692,0.0,0.06877579092159358,-0.06577306162945895,False,False,False,False,2026-09-04T03:37:26.037623+09:00,1788460646,0.0,88803.075201984,0.0,8,0.0,complete,1788459772225,1788460659347,10579407.3552909,13430304.53963844,-0.11873933335075232,19.3,20.1,4.145077720207246,3.1088082901554293,0.9950248756219046,25.000000000000135,complete_hourly_ordered,/v1/candles/minutes/60,120,False,10.362694300518127,19.3,2026-08-30T13:00:00,21.3,2026-08-31T01:00:00,D-4,6.572769953051649,70.00000000000009,False,True,-0.1403934216550567,-100.0,-97.19962812977793,0.12204495379679692,0.5050505050504972,0.0,0.06877579092159358,-0.06577306162945895,,-0.1403934216550567,-100.0,-97.19962812977793,0.12204495379679692,0.5050505050504972,0.0,0.06877579092159358,-0.06577306162945895,,-1.602557275385842,-100.0,-96.95994651750462,0.2222441424311512,-0.9950248756219082,0.0,0.03438789546079679,-0.03288495902624966,,0.0,,-99.19513560577327,0.27660613099034315,1.0152284263959421,0.0,0.10316368638239037,-0.09866430826049033,,-1.3329976806881363,-100.0,-98.83878764486512,0.5020898296910445,1.5306122448979442,0.0,0.13755158184320937,-0.13155869937016895,,-0.14978740037060814,-100.0,-94.59811250023635,0.802880917859051,1.0152284263959421,0.0,0.10316368638239037,-0.09866430826049033,,-0.1403934216550567,-445203.99999980105,-3082314.166271457,0.5050505050504972,88803.075201984,5986201.058777935,0.014834629563897889,1.0152284263959421,False,False,falling,falling,sell_only,accelerating,neutral,False,False,False,pass,S0,🌱 초발사 준비,발사 구조 관찰 또는 초기 준비,S0,False,,,2026-09-03T18:10:00Z,33790588802-1
KRW-ESP,에스프레소,113.0,117.6,107.07600000000001,103.21166666666666,0.2272727272727204,-9.828533004594854,-13.940607489463403,-0.39205505596909856,-0.5437000142062296,,,,,False,False,False,False,-53.33312500253382,-0.8771929824561431,5.0,관찰,0.0,0.0,0.0,0.0,0.0,False,False,False,False,2026-09-04T03:37:26.037623+09:00,1788460646,684000.0,0.0,,1,0.0,complete,1788460666954,1788460666954,1315277.35596453,1927785.44914688,-0.1888671697066651,114.0,119.0,4.385964912280693,-0.8771929824561431,5.042016806722689,120.00000000000011,complete_hourly_ordered,/v1/candles/minutes/60,120,False,12.264150943396235,106.0,2026-09-01T07:00:00,119.0,2026-09-03T16:00:00,D-1,4.201680672268903,38.46153846153852,False,True,,-74.33421279719764,-100.0,0.0,0.0,0.0,0.0,0.0,,,-74.33421279719764,-100.0,0.0,0.0,0.0,0.0,0.0,,,-93.93493465086242,-100.0,0.12476156159711138,-0.8771929824561431,0.0,-0.056818181818196756,0.055388118622891724,,,,,0.3517554852152216,0.0,0.0,0.0,0.0,,,,-100.0,0.44426079536788166,0.0,0.0,0.0,0.0,,,-68.0373831775677,-100.0,0.5494170994813317,-0.8771929824561431,0.0,-0.056818181818196756,0.055388118622891724,,,-1981026.3816,-802080.15683664,0.0,684000.0,3467106.53843664,0.19728265988284968,-0.8771929824561431,False,False,falling,falling,buy_only,flat_or_na,neutral,False,False,False,pass,S0,🌱 초발사 준비,발사 구조 관찰 또는 초기 준비,S0,False,,,2026-09-03T18:10:00Z,33790588802-1
KRW-CC,캔톤,154.0,159.06666666666666,159.12,198.75,0.6751054852320637,0.03351768057650934,19.966457023060798,-1.5607493614349428,-1.0406370664344067,0.021475376767537746,,,,False,False,False,False,-41.64059162781201,-6.134969325153373,5.0,관찰,0.0,0.3187756779417157,0.0,0.0,0.0,False,False,False,False,2026-09-04T03:37:26.037623+09:00,1788460646,6599103.04722746,0.0,,9,0.0,complete,1788460504177,1788460817143,1904862.37677873,812536.05525195,0.4019750319464552,151.0,156.0,3.31125827814569,1.9867549668874274,1.282051282051282,39.999999999999595,complete_hourly_ordered,/v1/candles/minutes/60,120,False,8.125000000000004,160.0,2026-08-31T08:00:00,173.0,2026-09-01T05:00:00,D-3,10.982658959537572,146.1538461538461,True,True,,126.64051353718429,-100.0,0.3187756779417157,0.6535947712418277,0.0,0.0,0.0,,,126.64051353718429,-100.0,0.3187756779417157,0.6535947712418277,0.0,0.0,0.0,,,-48.1579360631928,-100.0,0.7700781368889267,0.6535947712418277,0.0,0.04219409282699704,-0.030188538597975878,,,-69.79147076493607,-100.0,1.7635476717467924,0.6535947712418277,0.0,0.0,0.0,,,843.2990288758463,-100.0,2.2714915883296456,0.0,0.0,-0.04219409282699704,0.030186007170478035,,,1036.209202348908,-100.0,2.4020286114497154,0.0,0.0,-0.04219409282699704,0.030186007170478035,,,3687398.09905421,-5004434.24937495,0.6535947712418277,6599103.04722746,7766947.3150235005,0.8496392185463786,0.0,False,False,rising,falling,buy_only,accelerating,neutral,False,False,False,pass,S0,🌱 초발사 준비,발사 구조 관찰 또는 초기 준비,S0,False,,,2026-09-03T18:10:00Z,33790588802-1
KRW-NEO,네오,2873.0,2909.6,2743.92,3229.9666666666667,0.8899882105457779,-6.038076911863313,9.91857501109403,-1.065148076656981,-1.1577076726153717,,,8.567426169584785,,False,False,False,False,-70.67536831403282,-0.7256392536281964,11.0,A급,-0.17373175816539632,0.2797265084231242,0.0,-0.011558288448654253,0.009157852727570415,False,False,False,False,2026-09-04T03:37:26.037623+09:00,1788460646,8751817.619533569,0.0,,11,0.0,complete,1788459962765,1788460734285,13394.53761917,9687.59390076,0.16059798096242892,2760.0,2886.0,4.565217391304355,4.094202898550714,0.45045045045045046,10.317460317460688,complete_hourly_ordered,/v1/candles/minutes/60,120,False,5.174927113702621,2744.0,2026-09-02T19:00:00,2886.0,2026-09-04T01:00:00,D0,0.45045045045044585,9.154929577464674,False,True,,8739.416236573616,,0.2797265084231242,-0.17373175816539632,0.0,-0.011558288448654253,0.009157852727570415,0.02143066592805276,,8739.416236573616,,0.2797265084231242,-0.17373175816539632,0.0,-0.011558288448654253,0.009157852727570415,0.02143066592805276,,174936.35296269017,,0.2818247124176878,0.06966213862764636,0.0,0.03236320765620526,-0.025643244655723763,-0.0603711886935141,,92495.95185398897,-100.0,0.3167773026176093,0.1045296167247356,0.0,0.011558288448632048,-0.009158089003753034,-0.021499138405948415,,,,0.3666643141051793,0.5600280014000703,0.0,0.036986523035675845,-0.029306716549301726,-0.06903988890520552,,102.94325982377148,-100.0,0.4688199062096885,0.5600280014000703,0.0,0.025428234587021592,-0.020148107705713514,-0.047388951102877996,,8652808.619557729,0.0,-0.17373175816539632,8751817.619533569,3803557.7381686307,2.3009556373258757,0.5600280014000703,False,False,rising,flat_or_na,buy_only,accelerating,neutral,False,False,False,pass,S0,🌱 초발사 준비,발사 구조 관찰 또는 초기 준비,S0,False,,,2026-09-03T18:10:00Z,33790588802-1
KRW-ETC,이더리움클래식,10420.0,10484.0,9772.4,10889.0,0.9079534152523383,-7.281732225451274,3.7193498025530354,-0.9836712253661531,-1.053568473638292,,,3.530240222269551,,False,False,False,False,-37.560029590117296,-0.7640878701050569,12.0,A급,-0.2879078694817627,0.23613909184742,0.0,-0.019249895729722688,0.016156286011491883,False,False,False,False,2026-09-04T03:37:26.037623+09:00,1788460646,1272670.378108,566770.8725953,2.245475975644825,8,0.0,complete,1788460047256,1788460803553,12376.41268803,19155.43061807,-0.21498958574136276,10010.0,10520.0,5.094905094905089,4.0959040959041015,0.9505703422053232,19.607843137254697,complete_hourly_ordered,/v1/candles/minutes/60,120,False,7.073791348600511,9825.0,2026-09-02T19:00:00,10520.0,2026-09-04T00:00:00,D0,1.1406844106463865,17.26618705035986,False,False,-3.8096011496472433,-86.63881988138868,-63.9706783859587,0.23613909184742,0.0,0.0,-0.019249895729722688,0.016156286011491883,0.02608195228590704,-3.8096011496472433,-86.63881988138868,-63.9706783859587,0.23613909184742,0.0,0.0,-0.019249895729722688,0.016156286011491883,0.02608195228590704,-3.265289497070594,-95.3195534430787,-88.51341828524134,0.3675081155180564,-0.2870813397129135,0.0,-0.03849979145946758,0.03231183019434125,0.05200370843226754,-0.5069503821371066,-89.05860933116311,-86.5884238378245,0.5823401779742383,0.19230769230769162,0.0,-0.025666527639645054,0.021541549828645756,0.034740264205877835,1.9510581770375455,-81.27742935279431,-97.54517167228359,0.9139146496037043,0.09606147934677622,0.0,-0.025666527639645054,0.021541549828645756,0.034740264205877835,1.4848029682636672,-94.1944236380418,-98.03331441586074,1.074248705391966,0.19230769230769162,0.0,-0.03208315954956742,0.026926731222320033,0.043380831423283084,-3.8096011496472433,-8252464.1295486,-1006311.4037427001,0.0,1839441.2507033,11339461.337511301,0.1622159286013322,0.19230769230769162,False,False,falling,falling,buy_advantage_weakening,accelerating,neutral,False,False,False,pass,S2,🚀 발사 진행,가격 상승 초입과 실제 매수수급·구조 동반,S2,False,,,2026-09-03T18:10:00Z,33790588802-1
KRW-IOTA,아이오타,55.8,57.413333333333334,51.406000000000006,63.604166666666664,0.8549010422766123,-11.686054805535012,9.733377006223384,-1.102930608834116,-1.204321964455812,,,8.082038934348866,,False,False,False,False,-5.972754568235472,1.086956521739113,11.0,A급,0.0,0.32903118656223374,0.0,0.0,0.0,False,False,False,False,2026-09-04T03:37:26.037623+09:00,1788460646,0.0,0.0,,0,0.0,complete,,,1354271.16399767,686329.4502905,0.3273260377509837,54.2,57.0,5.166051660516602,2.952029520295185,2.105263157894742,42.85714285714317,complete_hourly_ordered,/v1/candles/minutes/60,120,False,8.208955223880587,53.6,2026-08-30T04:00:00,58.0,2026-08-31T05:00:00,D-4,3.7931034482758696,50.000000000000135,True,True,,-100.0,-100.0,0.32903118656223374,0.0,0.0,0.0,0.0,0.0,,-100.0,-100.0,0.32903118656223374,0.0,0.0,0.0,0.0,0.0,,-100.0,-100.0,0.394495685970786,0.0,0.0,0.0,0.0,0.0,,,-100.0,0.41023209937073357,0.0,0.0,0.0,0.0,0.0,,-100.0,-100.0,0.6996423021232934,-0.357142857142867,0.0,0.0,0.0,0.0,,-100.0,-100.0,2.4124856868853692,0.540540540540535,0.0,0.0,0.0,0.0,,-5331889.170633794,-130754.557770464,0.0,0,4716058.931957174,0.0,0.540540540540535,False,True,falling,falling,unavailable,accelerating,neutral,False,False,False,pass,S1,⚡ 선행 시동,가격 미급등 상태에서 선행조건 3개 개선,S2,True,가격 미급등 상태에서 선행조건 3개 개선,2026-09-04T03:37:26.037623+09:00,2026-09-03T18:10:00Z,33790588802-1
KRW-IOST,아이오에스티,0.845,0.8181333333333334,0.8575400000000001,1.1278916666666667,0.6314063140631321,4.595315281697262,27.463482751741818,-0.8676906187306781,-0.7472029507022693,5.2960296936477524,,,,False,False,False,False,360.1191723426652,2.4242424242424176,8.0,B급,0.5952380952380931,1.4273366731142687,0.0,0.041000410004099486,-0.02687500859865466,False,True,False,False,2026-09-04T03:37:26.037623+09:00,1788460646,0.0,949559.7152785477,0.0,2,0.0,complete,1788460046854,1788460832383,84795050.18248133,53681976.55249697,0.22468039907824958,0.81,0.845,4.320987654320985,4.320987654320985,0.0,0.0,complete_hourly_ordered,/v1/candles/minutes/60,120,False,11.675126903553302,0.788,2026-08-31T08:00:00,0.88,2026-09-01T19:00:00,D-3,3.9772727272727293,38.04347826086956,False,True,,-100.0,,1.4273366731142687,0.5952380952380931,0.0,0.041000410004099486,-0.02687500859865466,,,-100.0,,1.4273366731142687,0.5952380952380931,0.0,0.041000410004099486,-0.02687500859865466,,,-100.0,,1.479353947026425,0.835322195704058,0.0,0.05740057400573928,-0.0376255680453923,,-2.380395273775251,-100.0,-46.96535659864806,1.8230379615445713,0.9557945041815952,0.0,0.06560065600655918,-0.04300096692021427,,-4.453910707865023,-100.0,-57.56585421892727,2.5959994641256117,0.9557945041815952,0.0,0.07380073800737907,-0.048376445231685494,,,-100.0,,3.2769043418292085,1.0765550239234534,0.0,0.07380073800737907,-0.048376445231685494,,,-2321495.9563527023,949559.7152785477,0.5952380952380931,949559.7152785477,5917962.462077925,0.16045382534331531,1.0765550239234534,False,True,falling,rising,sell_only,accelerating,neutral,False,False,False,pass,S0,🌱 초발사 준비,발사 구조 관찰 또는 초기 준비,S0,False,,,2026-09-03T18:10:00Z,33790588802-1
KRW-AKT,아카시네트워크,722.0,739.4,725.26,915.7083333333334,0.1897018970189679,-1.9496456443206558,19.25376530008646,-0.36597795384033216,-0.11351185722290147,,,,,False,False,False,False,-35.89744853355642,1.5471167369901506,7.0,B급,-0.13831258644536604,0.03495070626055252,0.0,-0.00903342366758153,0.006545454064220024,False,False,False,False,2026-09-04T03:37:26.037623+09:00,1788460646,18509.00409876,597203.36260635,0.030992799534788146,11,0.0,complete,1788460182783,1788460441634,93845.64750844,73990.89521209,0.11829814874946976,687.0,729.0,6.113537117903922,5.09461426491995,0.9602194787379973,16.666666666666423,complete_hourly_ordered,/v1/candles/minutes/60,120,False,7.52212389380531,678.0,2026-09-02T10:00:00,729.0,2026-09-04T00:00:00,D0,0.9602194787380003,13.725490196078402,False,True,0.030992799534788146,,-79.33019317786912,0.03495070626055252,-0.13831258644536604,0.0,-0.00903342366758153,0.006545454064220024,,0.030992799534788146,,-79.33019317786912,0.03495070626055252,-0.13831258644536604,0.0,-0.00903342366758153,0.006545454064220024,,-1.7091021570262896,-99.6586250496276,-80.8334568559217,0.1931846168405542,-0.2762430939226568,0.0,-0.00903342366758153,0.006545454064220024,,,-7.83745405473063,,0.3395868338871608,0.1386962552011095,0.0,0.009033423667559326,-0.006545573198096122,,-1.4679767566539688,-94.46195348661264,167.8481211420413,0.636268909661382,0.557103064066844,0.0,0.03613369467028171,-0.026183007628244326,,-0.32917416258695453,-99.00041918600155,-88.3838830122818,0.8055933055545523,0.9790209790209836,0.0,0.027100271002700183,-0.01963707700895867,,0.030992799534788146,18509.00409876,-2292051.3253810205,-0.13831258644536604,615712.36670511,5318418.31051624,0.11576982680878009,0.9790209790209836,False,False,rising,falling,sell_advantage_weakening,accelerating,leading_buy_inflow,False,False,False,pass,S0,🌱 초발사 준비,발사 구조 관찰 또는 초기 준비,S0,False,,,2026-09-03T18:10:00Z,33790588802-1
KRW-COW,카우프로토콜,180.0,166.73333333333332,169.76,206.45,1.1322280630812642,1.7829092051523745,19.237910712844116,-1.0564625750312573,-0.8522412977095243,1.6876217362452466,,,,False,False,False,False,-76.29586188486543,5.263157894736836,7.0,B급,1.1235955056179803,0.3529047318237559,0.0,0.08087343307723316,-0.05806861865919899,False,False,False,False,2026-09-04T03:37:26.037623+09:00,1788460646,0.0,917374.5173736,0.0,2,0.0,complete,1788460258131,1788460258131,294945.04682758,951272.3813241,-0.5266555575859246,173.0,180.0,4.046242774566466,4.046242774566466,0.0,0.0,complete_hourly_ordered,/v1/candles/minutes/60,120,False,12.5,160.0,2026-08-31T08:00:00,180.0,2026-09-04T03:00:00,D0,0.0,0.0,False,True,-0.8425613830841281,-100.0,-21.677966514168457,0.3529047318237559,1.1235955056179803,0.0,0.08087343307723316,-0.05806861865919899,,-0.8425613830841281,-100.0,-21.677966514168457,0.3529047318237559,1.1235955056179803,0.0,0.08087343307723316,-0.05806861865919899,,,,,0.3680652340644315,1.1235955056179803,0.0,0.08087343307723316,-0.05806861865919899,,,-100.0,,0.36814503076688254,1.1235955056179803,0.0,0.12131014961584974,-0.08710644431547365,,,,,0.4022166025289522,2.2727272727272707,1.0,0.16174686615446632,-0.1161466145680734,,0.0,,-92.37595005053456,0.4022166025289522,2.2727272727272707,1.0,0.16174686615446632,-0.1161466145680734,,-0.8425613830841281,-986879.81882424,-253910.84964837995,1.1235955056179803,917374.5173736,1880744.029875075,0.48777212783949925,2.2727272727272707,False,False,falling,falling,sell_only,accelerating,neutral,False,False,False,pass,S0,🌱 초발사 준비,발사 구조 관찰 또는 초기 준비,S0,False,,,2026-09-03T18:10:00Z,33790588802-1
KRW-VIRTUAL,버추얼프로토콜,973.0,978.0666666666667,877.78,935.2416666666667,0.9565097715386939,-11.425034367001611,-4.579030375393174,-0.8167990204315483,-1.1685842455608255,,,,,False,False,False,False,-45.43193029065657,0.7246376811594235,8.0,B급,0.10288065843622185,0.05224392574615422,0.0,0.0,0.0,False,False,False,False,2026-09-04T03:37:26.037623+09:00,1788460646,721846.83247138,38045.000365349995,18.973500474159856,10,0.0,complete,1788459749396,1788460634188,257662.52915325,184578.49590265,0.16525837520696338,929.0,981.0,5.597416576964487,4.736275565123793,0.8154943934760449,15.384615384615447,complete_hourly_ordered,/v1/candles/minutes/60,120,False,9.956236323851208,914.0,2026-08-31T08:00:00,1005.0,2026-09-01T14:00:00,D-3,3.184079601990053,35.16483516483528,True,True,13.261198331664957,-94.28711683496928,-98.28003721359313,0.05224392574615422,0.10288065843622185,0.0,0.0,0.0,,13.261198331664957,-94.28711683496928,-98.28003721359313,0.05224392574615422,0.10288065843622185,0.0,0.0,0.0,,10.840452754120246,-95.52731835070846,-98.0827716351142,0.15652707240185748,0.0,0.0,0.01376273052575705,-0.012393113415225976,,18.21872702202195,-96.07807460177924,-99.84398423602045,0.32062503948214527,0.8290155440414448,0.0,0.034406826314348216,-0.030983611777551268,,18.28340254340795,-87.64227356262094,-99.5505288307317,0.5849652804758563,0.9336099585062207,0.0,0.061932287365817906,-0.05577248909838861,,18.176362553690034,-98.57814972267525,-99.94026348618013,0.8225252085901715,1.248699271592102,0.0,0.061932287365817906,-0.05577248909838861,,13.261198331664957,-11913574.050803391,-2173921.4832135704,0.10288065843622185,759891.83283673,22232793.99441063,0.03417887257120128,1.248699271592102,False,False,falling,falling,buy_advantage_accelerating,accelerating,neutral,False,False,False,pass,S0,🌱 초발사 준비,발사 구조 관찰 또는 초기 준비,S0,False,,,2026-09-03T18:10:00Z,33790588802-1
KRW-ETH,이더리움,3417000.0,3381866.6666666665,2921280.0,2852916.6666666665,0.6348198698619134,-15.76660459342023,-18.54067474806485,-0.8525479627617626,-1.4086868462575368,,,,,False,False,False,False,-28.106029254153274,0.029274004683843557,6.0,관찰,-0.05849663644340586,0.18981086483993437,0.0,0.003967624186618224,-0.00398109131790747,False,False,False,False,2026-09-04T03:37:26.037623+09:00,1788460646,318033126.0511902,156633904.97586995,2.030423273302063,398,0.0,complete,1788459749506,1788460845847,392.99667565,430.41458449,-0.04544255179803837,3294000.0,3446000.0,4.614450516089863,3.73406193078325,0.8415554265815438,19.078947368420927,complete_hourly_ordered,/v1/candles/minutes/60,120,False,6.358024691358022,3240000.0,2026-09-02T19:00:00,3446000.0,2026-09-04T01:00:00,D0,0.870574579222283,14.563106796116577,False,True,1.6795511026307874,183.50999380222595,-51.00737455072106,0.18981086483993437,-0.05849663644340586,0.0,0.003967624186618224,-0.00398109131790747,,1.6795511026307874,183.50999380222595,-51.00737455072106,0.18981086483993437,-0.05849663644340586,0.0,0.003967624186618224,-0.00398109131790747,,0.5503415152691813,-43.019715822867774,-58.46408958810403,0.29179996640063166,-0.14611338398596851,0.0,-0.003967624186640428,0.003981044803303746,,0.708514401963682,-37.03246676982449,-59.00493169195455,0.45758349887728045,0.08787346221441616,0.0,0.0,0.0,,1.3540477682431087,-32.66324711336651,-77.56875088973084,0.9166533374779569,0.2052785923753575,0.0,0.01190287255989908,-0.011943413500780764,,1.3142145595144332,-67.16828308171104,-88.4189853146994,1.127010694891542,0.05856515373352522,0.0,-0.007935248373280857,0.007962043092849314,,1.6795511026307874,205856083.61753008,-163075242.14471012,-0.05849663644340586,474667031.02706015,810814504.7293808,0.5854200045243222,0.05856515373352522,False,False,rising,falling,buy_advantage_accelerating,accelerating,leading_buy_inflow,False,False,False,pass,S0,🌱 초발사 준비,발사 구조 관찰 또는 초기 준비,S0,False,,,2026-09-03T18:10:00Z,33790588802-1
KRW-IQ,아이큐,0.968,0.9558666666666666,0.96312,1.18855,0.8440005626670466,0.7531079547027716,19.57707570849635,-1.199582389768068,-1.1477947556199215,0.627808444944228,,,,False,False,False,False,3330.0997104894955,4.1980624327233595,8.0,B급,-0.8196721311475419,0.03735793659143383,0.0,-0.056266704177798665,0.040359357556166486,False,True,False,False,2026-09-04T03:37:26.037623+09:00,1788460646,52578.999999992,200838.13970054017,0.2617978839994731,6,0.0,complete,1788460313973,1788460315605,103561126.40440422,86026608.45007642,0.09248761776592007,0.992,0.992,0.0,-2.4193548387096753,2.4193548387096793,,complete_hourly_ordered,/v1/candles/minutes/60,120,False,45.21452145214522,0.909,2026-08-31T10:00:00,1.32,2026-09-01T19:00:00,D-3,26.66666666666667,85.64476885644771,False,True,-5.192695594832321,-99.39649486865247,-87.42612142967803,0.03735793659143383,-0.8196721311475419,0.0,-0.056266704177798665,0.040359357556166486,,-5.192695594832321,-99.39649486865247,-87.42612142967803,0.03735793659143383,-0.8196721311475419,0.0,-0.056266704177798665,0.040359357556166486,,0.2537423452999306,-7.289827623697742,-97.1473016893442,1.4994608596807666,-0.20618556701030855,0.0,-0.014066676044444115,0.0100902638431144,,,-90.70022056001501,,2.586142877205475,-0.20618556701030855,0.0,-0.00703333802223316,0.005045167294476016,,-0.6230699496650466,-48.134762430037945,75.30271715687486,3.199454519784922,0.5192107995846351,0.0,0.03516669011112139,-0.02522689771172182,,-3.2439896202192444,-95.56428890142725,-40.60051095855338,3.5764930161149096,0.20703933747412417,0.0,0.014066676044444115,-0.010090546832341118,,-5.192695594832321,-8659691.578808807,-1396426.6865606022,-0.8196721311475419,253417.13970053216,2683986.7989014224,0.09441817664835679,0.20703933747412417,False,True,falling,falling,sell_advantage_accelerating,accelerating,neutral,True,True,False,🔴 1차 급등 완료·상승분 반납 / 신규매수 금지,S3,🔴 1차 급등 완료·반납,당일/5D 급등 후 상승분 상당 부분 반납,S4,True,당일/5D 급등 후 상승분 상당 부분 반납,2026-09-04T03:37:26.037623+09:00,2026-09-03T18:10:00Z,33790588802-1
KRW-NEAR,니어프로토콜,2733.0,2619.9333333333334,2522.12,2805.633333333333,0.9063831972474734,-3.8782188529226804,6.6188264087728195,-1.1290986474246107,-0.6347451925231595,,,10.427532948240994,,False,False,False,False,10.49664580428782,5.000000000000004,12.0,A급,0.11001100110010764,0.30276892860816673,0.0,-0.0025676577825706204,0.0020988033824833607,False,False,False,False,2026-09-04T03:37:26.037623+09:00,1788460646,18977949.972392924,14061733.98393894,1.349616625806547,72,0.0,complete,1788459754104,1788460855444,48856.55784135,107890.02047165,-0.3766172331520935,2597.0,2755.0,6.083943011166726,5.236811705814404,0.7985480943738656,13.92405063291128,complete_hourly_ordered,/v1/candles/minutes/60,120,False,13.181089743589736,2496.0,2026-08-31T08:00:00,2825.0,2026-09-01T23:00:00,D-3,3.5752212389380533,30.69908814589669,True,True,0.5841251684204943,-19.837595313561284,-54.53254293283407,0.30276892860816673,0.22002200220021528,0.0,-0.0025676577825706204,0.0020988033824833607,0.01019557460531395,0.5841251684204943,-19.837595313561284,-54.53254293283407,0.30276892860816673,0.22002200220021528,0.0,-0.0025676577825706204,0.0020988033824833607,0.01019557460531395,-0.6971990032738871,-69.7283506077198,-54.09030689946191,0.43052946274693227,-0.1461454146876151,0.0,-0.0025676577825706204,0.0020988033824833607,0.01019557460531395,-2.330339082290493,-78.77970583607797,-42.13931486702317,0.8269916933914878,0.1465738365701741,0.0,-0.012838288912853102,0.010493892236396185,0.05084286751921141,-2.6976801006837805,-90.96907338365948,-72.9176130224047,1.403938235293456,1.1847463902258326,0.0,0.07959739125968923,-0.06506908945230894,-0.32292258759841097,0.009457597803665507,-88.51078540447924,-88.59129743185554,2.96039566700368,1.7119464086341685,0.0,0.07959739125968923,-0.06506908945230894,-0.32292258759841097,0.5841251684204943,-4696427.120742697,-16865295.78851241,0.22002200220021528,33039683.956331864,85200294.0291158,0.38778837952180184,1.7119464086341685,False,True,falling,falling,buy_advantage_accelerating,accelerating,neutral,False,False,False,pass,S2,🚀 발사 진행,가격 상승 초입과 실제 매수수급·구조 동반,S0,True,가격 상승 초입과 실제 매수수급·구조 동반,2026-09-04T03:37:26.037623+09:00,2026-09-03T18:10:00Z,33790588802-1
KRW-RVN,레이븐코인,4.01,3.715333333333333,4.4782,5.9232499999999995,1.1801016702977618,17.035118276688557,37.275425934523554,-1.4104138459901425,-1.026229472602156,12.078099151621357,,,,False,False,False,False,14.234381206890468,5.263157894736836,7.0,B급,0.0,0.040660292834360234,0.0,0.0,0.0,False,False,False,False,2026-09-04T03:37:26.037623+09:00,1788460646,95824.15733198529,4067472.4208176,0.023558649553848416,18,0.0,complete,1788459801459,1788460855812,15278130.4798784,51434788.01972345,-0.5419738538355331,3.86,4.05,4.922279792746109,3.886010362694292,0.9876543209876552,21.052631578947466,complete_hourly_ordered,/v1/candles/minutes/60,120,False,23.512747875354133,3.53,2026-08-31T09:00:00,4.36,2026-08-31T17:00:00,D-4,8.02752293577983,42.168674698795265,True,True,-1.5268230552157294,-98.59718078587274,-7.681242945996603,0.040660292834360234,0.24999999999999467,0.0,0.0,0.0,,-1.5268230552157294,-98.59718078587274,-7.681242945996603,0.040660292834360234,0.24999999999999467,0.0,0.0,0.0,,-2.576357879599882,-82.99706129342276,1776.4327423087216,0.11198111180586068,0.24999999999999467,0.0,-0.03631082062454105,0.020744655419441926,,-1.2021652045915387,-98.51467475709413,-22.720588154569278,0.12512916409179908,-0.24875621890546595,0.0,0.03631082062454105,-0.0207458228663171,,-3.4498162871292113,-99.19979876015331,17.977854563916452,0.25374357624748,-0.24875621890546595,0.0,-0.03631082062454105,0.020744655419441926,,-1.9080997054748363,-98.2640475594698,42.33698022537187,0.30392307479379,-0.987654320987652,0.0,-0.09077705156135263,0.051859449801249013,,-1.5268230552157294,-6735003.10586606,-338427.9082328272,0.24999999999999467,4163296.5781495855,9358390.838751715,0.4448731250793661,-0.987654320987652,False,False,falling,falling,sell_advantage_accelerating,accelerating,neutral,False,False,False,pass,S0,🌱 초발사 준비,발사 구조 관찰 또는 초기 준비,S0,False,,,2026-09-03T18:10:00Z,33790588802-1
KRW-PRL,펄,175.0,269.4,336.32,302.80833333333334,-6.045105789351323,19.897716460513802,11.032831549109732,6.746533313769089,7.22943279259094,,,,,False,False,False,False,66.56406598336662,-30.434782608695656,2.0,-,0.5714285714285783,0.9667961017850359,0.0,0.0,0.0,False,False,False,False,2026-09-04T03:37:26.037623+09:00,1788460646,2519414.57747141,31001578.146488253,0.08126730083116109,134,0.0,complete,1788459746961,1788460741221,1515008.38777379,1481352.06278481,0.011232401957082775,188.0,193.0,2.659574468085113,-6.914893617021278,9.32642487046632,359.9999999999994,complete_hourly_ordered,/v1/candles/minutes/60,120,False,6.190476190476191,210.0,2026-09-01T11:00:00,223.0,2026-09-01T12:00:00,D-3,21.52466367713004,369.23076923076917,False,False,-0.1385846865420387,-42.59844172733135,55.28812370406422,0.9667961017850359,0.0,0.0,0.0,0.0,,-0.1385846865420387,-42.59844172733135,55.28812370406422,0.9667961017850359,0.0,0.0,0.0,0.0,,-0.04446968697749874,-52.84841701495531,-27.04694318238903,1.444796719941138,0.0,0.0,0.02325040688212532,-0.019568274756416315,,-0.05642803022961847,-59.48545573727628,-31.35414209680174,2.326309297156712,-0.5681818181818232,0.0,-0.023250406882112884,0.019567197742009768,,-8.774384169128398,-33.975665698736215,7094.634091795693,3.6128013802193806,-2.2346368715083775,0.0,-0.06975122064637418,0.0586983625384736,,-0.35540325538087536,-80.99043788866757,2.143371018911555,4.099957667142284,-1.6853932584269704,0.0,-0.06975122064637418,0.0586983625384736,,-0.1385846865420387,-1869690.2713964498,11037670.149526037,0.0,33520992.723959662,23693649.144627325,1.4147669917514898,-1.6853932584269704,False,False,falling,rising,sell_advantage_accelerating,accelerating,neutral,False,False,False,pass,S0,🌱 초발사 준비,발사 구조 관찰 또는 초기 준비,S0,False,,,2026-09-03T18:10:00Z,33790588802-1
KRW-AGLD,어드벤처골드,227.0,230.93333333333334,223.18,265.85,0.20248770610356015,-3.4740269438719107,13.133972791674509,-0.3632334096012111,-0.5458530313837093,,,,,False,False,False,False,-25.114998794640364,-1.30434782608696,8.0,B급,-0.43859649122807154,0.016143914127162873,0.0,-0.028926815157648278,0.02235319477139086,False,False,False,False,2026-09-04T03:37:26.037623+09:00,1788460646,0.0,92645.76222197,0.0,1,0.0,complete,1788459766911,1788459766911,426320.17200239,679129.87063713,-0.22869391549445128,221.0,229.0,3.619909502262453,2.714932126696823,0.8733624454148471,25.000000000000462,complete_hourly_ordered,/v1/candles/minutes/60,120,False,5.882352941176472,221.0,2026-08-31T08:00:00,234.0,2026-08-31T12:00:00,D-4,2.991452991452992,53.846153846154024,True,False,,-100.0,,0.016143914127162873,-0.43859649122807154,0.0,-0.028926815157648278,0.02235319477139086,,,-100.0,,0.016143914127162873,-0.43859649122807154,0.0,-0.028926815157648278,0.02235319477139086,,,-100.0,,0.05818507240227433,0.0,0.0,0.0,0.0,,,-100.0,,0.059031682905651195,0.0,0.0,0.0,0.0,,-0.319902060651452,-100.0,-96.76178573167616,0.40572853999261227,0.0,0.0,0.0,0.0,,-3.7734550580653226,-100.0,361.145785608178,0.4061018562592764,0.0,0.0,0.0,0.0,,,-611305.73367676,92645.76222197,-0.43859649122807154,92645.76222197,503205.26602323505,0.18411127322680315,0.0,False,False,falling,rising,sell_only,accelerating,neutral,False,False,False,pass,S0,🌱 초발사 준비,발사 구조 관찰 또는 초기 준비,S0,False,,,2026-09-03T18:10:00Z,33790588802-1
KRW-ID,스페이스아이디,44.5,43.75333333333333,42.652,46.30083333333334,0.7522259748234505,-2.58213760980336,5.502060798041806,-1.1294887024765852,-0.7860099580211681,,,6.99998866667492,,False,False,False,False,-42.60591477136768,1.133786848072571,12.0,A급,0.0,0.04536559424206388,0.0,0.0,0.0,False,False,False,False,2026-09-04T03:37:26.037623+09:00,1788460646,2347274.3853817005,6207025.195534844,0.37816414650133245,24,0.0,complete,1788460045283,1788460862223,3275618.13426063,2009640.81983118,0.23952985566569812,43.9,45.0,2.505694760820054,1.3667425968109326,1.1111111111111112,45.454545454545695,complete_hourly_ordered,/v1/candles/minutes/60,120,False,8.47058823529412,42.5,2026-08-31T08:00:00,46.1,2026-09-02T00:00:00,D-2,3.253796095444683,41.666666666666515,True,True,-0.4184243682299813,283.0654747364185,706.9129778384583,0.04536559424206388,-0.22421524663677195,0.0,0.0,0.0,0.0,-0.4184243682299813,283.0654747364185,706.9129778384583,0.04536559424206388,-0.22421524663677195,0.0,0.0,0.0,0.0,,223.61985360079439,,0.056491863431439526,0.22522522522523403,0.0,0.030703101013185297,-0.02539649960573165,-0.07804987658787965,0.37816414650133245,,30935.125977882155,0.06721256246238738,0.4514672686230403,0.0,0.04605465151978905,-0.03809543508393176,-0.11745892874343777,-73.77574572772616,58.44927642873279,30970.193916152788,0.09615238099711831,0.4514672686230403,0.0,0.04605465151978905,-0.03809543508393176,-0.11745892874343777,0.37816414650133245,,118.87278336662538,0.1401140342389411,0.6787330316742057,0.0,0.0614062020263928,-0.050794827711923674,-0.15712742853401895,-0.4184243682299813,1734513.7634549073,5437794.142619808,-0.22421524663677195,8554299.580916544,2925318.4259433756,2.9242285233129444,0.6787330316742057,False,False,rising,rising,sell_advantage_accelerating,accelerating,neutral,False,False,False,pass,S1,⚡ 선행 시동,가격 미급등 상태에서 선행조건 3개 개선,S1,False,,,2026-09-03T18:10:00Z,33790588802-1
KRW-IN,인피닛,45.8,45.013333333333335,49.57,84.5,0.26730026730028555,9.192387869006788,46.72978303747534,-1.008898780309388,-0.4299004050525177,9.111308337777809,,,,False,False,False,False,151.18441247155752,2.460850111856816,7.0,B급,-0.21786492374727962,0.25989199528297036,0.0,-0.014850014849998594,0.00736412641923323,False,False,False,False,2026-09-04T03:37:26.037623+09:00,1788460646,1764169.296981912,0.0,,16,0.0,complete,1788459943805,1788460695194,2851823.85711845,1443466.64187809,0.32788404313267716,46.4,46.4,0.0,-1.2931034482758674,1.2931034482758652,,complete_hourly_ordered,/v1/candles/minutes/60,120,False,8.14479638009049,44.2,2026-08-31T08:00:00,47.8,2026-09-01T12:00:00,D-3,4.184100418410042,55.55555555555567,True,True,,17474.46760948349,-100.0,0.25989199528297036,-0.21786492374727962,0.0,-0.014850014849998594,0.00736412641923323,,,17474.46760948349,-100.0,0.25989199528297036,-0.21786492374727962,0.0,-0.014850014849998594,0.00736412641923323,,,-80.48549693047947,-100.0,0.3371615453414165,0.0,0.0,0.0,0.0,,,171.25087344443875,,0.613074039666202,0.2188183807439792,0.0,0.014850014850020798,-0.0073642716697150945,,,-60.85950982430788,-100.0,2.104876084014734,0.8810572687224738,0.0,0.0,0.0,,,451.3838493390872,-100.0,2.448665142482781,0.2188183807439792,0.0,0.0,0.0,,,1754131.045262526,-256945.158273096,-0.21786492374727962,1764169.296981912,9375317.85357035,0.18817167850048663,0.2188183807439792,False,False,rising,falling,buy_only,accelerating,neutral,False,False,False,pass,S0,🌱 초발사 준비,발사 구조 관찰 또는 초기 준비,S0,False,,,2026-09-03T18:10:00Z,33790588802-1
KRW-MANTRA,만트라,6.34,6.174666666666667,7.5684000000000005,10.177999999999999,-0.37646552651391385,18.41516480806159,39.333202331826804,-0.25797878655456474,-0.13318278452382515,,,,,False,False,False,False,-71.11344886525546,-10.578279266572643,4.0,-,1.1164274322169154,0.028014976780497136,0.0,0.07529310530279831,-0.04237595015371909,False,False,False,False,2026-09-04T03:37:26.037623+09:00,1788460646,1372395.8020988507,0.0,,3,0.0,complete,1788459942213,1788460568735,23048670.51099354,17177573.18235131,0.14595191570456187,6.14,6.34,3.2573289902280145,3.2573289902280145,0.0,0.0,complete_hourly_ordered,/v1/candles/minutes/60,120,False,27.160493827160504,5.67,2026-08-31T11:00:00,7.21,2026-08-31T18:00:00,D-4,12.066574202496538,56.49350649350649,True,True,,-88.92108569891349,-100.0,0.028014976780497136,1.1164274322169154,0.0,0.07529310530279831,-0.04237595015371909,,,-88.92108569891349,-100.0,0.028014976780497136,1.1164274322169154,0.0,0.07529310530279831,-0.04237595015371909,,,28.063632971290218,-100.0,0.04055460760010021,2.093397745571668,0.0,0.1398300527051921,-0.07870205964737664,,,13623.958021049304,-100.0,0.04158784664237203,1.7656500802568198,0.0,0.11831773690438308,-0.06659295988251301,,,8.884875617016142,-100.0,0.04371362732514683,1.9292604501607746,0.0,0.1290738948047765,-0.07264746018786639,,,-62.54382358483079,-100.0,0.0487854375022323,1.9292604501607746,0.0,0.15058621060557442,-0.08475675826343121,,,-11015061.712255776,-13367.058432000002,1.1164274322169154,1372395.8020988507,5616814.400012931,0.24433703953181918,1.9292604501607746,False,False,falling,falling,buy_only,accelerating,neutral,False,True,False,pass,S0,🌱 초발사 준비,발사 구조 관찰 또는 초기 준비,S4,True,발사 구조 관찰 또는 초기 준비,2026-09-04T03:37:26.037623+09:00,2026-09-03T18:10:00Z,33790588802-1
KRW-WAL,월러스,35.4,33.093333333333334,35.866,56.31583333333333,0.9148200853831945,7.730626963326453,41.23618283786383,-1.412458502814654,-1.1371964009938558,5.473171033287966,,,,False,False,False,False,128.4327015714892,8.25688073394495,8.0,B급,0.0,0.8973917810883023,0.0,0.0,0.0,False,False,False,False,2026-09-04T03:37:26.037623+09:00,1788460646,1004727.1499997651,4650730.0631424,0.21603643650753881,8,0.0,complete,1788460039461,1788460657251,2068594.29037898,3303788.14660631,-0.2299154743198919,35.4,35.6,0.5649717514124353,0.0,0.5617977528089967,100.0,complete_hourly_ordered,/v1/candles/minutes/60,120,False,13.968253968253963,31.5,2026-08-31T08:00:00,35.9,2026-09-01T16:00:00,D-3,1.114206128133699,9.090909090909062,True,True,,-85.72142430166811,,0.8973917810883023,0.0,0.0,0.0,0.0,,,-85.72142430166811,,0.8973917810883023,0.0,0.0,0.0,0.0,,0.21603643650753881,,317.7274436670604,1.302064543538748,0.5681818181818121,0.0,0.04065867046147975,-0.021937528533023,,0.20399458076798102,904.7271500003682,-43.99657949598116,1.7314389914587593,0.5681818181818121,0.0,0.04065867046147975,-0.021937528533023,,-176.29701066188747,-91.86721941718073,6544.906318874572,2.187095557955004,0.8547008547008517,0.0,0.06098800569218632,-0.03290677975189027,,0.17422562294436975,10.40500300149818,-78.63266460250247,2.6447646861187906,0.8547008547008517,0.0,0.06098800569218632,-0.03290677975189027,,,-6031879.0999999745,4650730.0631424,0.0,5655457.213142165,5043773.486865319,1.1212750191636787,0.8547008547008517,False,False,falling,rising,sell_advantage_weakening,accelerating,neutral,False,False,False,pass,S0,🌱 초발사 준비,발사 구조 관찰 또는 초기 준비,S0,False,,,2026-09-03T18:10:00Z,33790588802-1
KRW-PENDLE,펜들,2665.0,2411.733333333333,2162.18,2236.6,1.8812661935338593,-11.541746447258475,-7.830337714984048,-1.781489790021892,-2.050035322715522,,,,,False,False,False,False,110.82368570517099,12.833545108005072,10.0,A급,0.5283018867924483,0.24620102149822287,0.0,0.04224400135182105,-0.03868641848696175,False,False,False,False,2026-09-04T03:37:26.037623+09:00,1788460646,18045.16144278,6322.8385545,2.853965238435063,3,0.0,complete,1788459793477,1788460591551,21712.19382442,26111.06818254,-0.09198189695800772,2549.0,2667.0,4.629266378972141,4.550804236955663,0.07499062617172854,1.6949152542373045,complete_hourly_ordered,/v1/candles/minutes/60,120,False,13.92567278940624,2341.0,2026-08-30T10:00:00,2667.0,2026-09-04T03:00:00,D0,0.07499062617173369,0.6134969325154426,False,True,-28.030675720465535,-99.31693945889785,-92.608151185226,0.24620102149822287,0.5660377358490676,0.0,0.04224400135182105,-0.03868641848696175,,-28.030675720465535,-99.31693945889785,-92.608151185226,0.24620102149822287,0.5660377358490676,0.0,0.04224400135182105,-0.03868641848696175,,2.819987799775202,-87.0416086589311,-99.84572589007318,0.4395556366226572,0.9852216748768461,-1.0,0.05632533513573179,-0.051582852330714246,,-2.0972750837992247,-99.74727362916312,-99.56155422605441,0.8886010056325517,1.3307984790874583,-1.0,0.0873042694604198,-0.07995669836837749,,2.666061888265664,-98.94382868177007,-99.93046231734867,3.5806671161867456,2.975270479134462,-1.0,0.21403627351583854,-0.19605574894401467,,0.7181210547395898,-99.68707632101483,-99.76581487023732,7.656419488106451,3.054911059551424,-1.0,0.21966880702939395,-0.2012166106063331,,-28.030675720465535,-2623764.8036978203,-79215.14677148,0.5660377358490676,24367.99999728,2727347.95046658,0.008934686897251689,3.054911059551424,False,False,falling,falling,buy_advantage_weakening,accelerating,neutral,False,False,False,pass,S2,🚀 발사 진행,가격 상승 초입과 실제 매수수급·구조 동반,S2,False,,,2026-09-03T18:10:00Z,33790588802-1
KRW-BLUR,블러,22.8,22.113333333333333,20.921999999999997,25.558333333333334,1.1588899054589819,-5.6941656310741635,13.478969677209,-1.308700098349447,-1.3283249955802772,,,10.147343249624486,,False,False,False,False,34.17166891297833,2.2421524663677195,13.0,A급,0.0,0.34767528441759055,0.0,0.0,0.0,False,False,False,True,2026-09-04T03:37:26.037623+09:00,1788460646,2535599.4057767745,13620.0,186.16735725233292,9,0.0,complete,1788460336413,1788460357982,6062015.75916763,9177480.74786581,-0.20443359052317167,21.7,23.1,6.451612903225823,5.069124423963145,1.2987012987013018,21.428571428571452,complete_hourly_ordered,/v1/candles/minutes/60,120,False,11.057692307692314,20.8,2026-09-02T03:00:00,23.1,2026-09-03T17:00:00,D-1,1.2987012987012991,13.04347826086952,False,False,169.228386474768,65.86507299494535,-84.90829076618456,0.34767528441759055,0.0,0.0,0.0,0.0,0.0,169.228386474768,65.86507299494535,-84.90829076618456,0.34767528441759055,0.0,0.0,0.0,0.0,0.0,,,,0.45070626882541376,0.8849557522123908,0.0,0.060994205550457536,-0.04652921414355049,-0.106866375108714,186.1664202353403,48891.52675744329,-99.7534159922353,0.823321929188964,0.4405286343612369,0.0,0.030497102775228768,-0.02326384850099572,-0.053243619026236644,186.16735725233292,,-99.81390927138513,1.4225609090687783,1.7857142857143016,0.0,0.09149130832573071,-0.06979609707607182,-0.1608723323548542,185.69885610326648,-31.82745729355415,-99.82843977019311,1.7804589228199248,1.333333333333342,0.0,0.060994205550457536,-0.04652921414355049,-0.106866375108714,169.228386474768,1006887.3267400712,-76628.226950213,0.0,2549219.4057767745,5528648.145117586,0.46109271902716764,1.333333333333342,False,False,rising,falling,buy_advantage_accelerating,accelerating,leading_buy_inflow,False,False,False,pass,S2,🚀 발사 진행,가격 상승 초입과 실제 매수수급·구조 동반,S2,False,,,2026-09-03T18:10:00Z,33790588802-1
KRW-AWE,에이더블유이,85.5,87.06,84.234,83.6225,0.0,-3.3549398105278248,-4.110735746958055,-0.2781979534478636,-0.08042233137233028,,,,,False,False,False,False,-21.492382293319988,-1.7241379310344862,5.0,관찰,0.11709601873535203,0.019083737999782358,0.0,0.00765755417720948,-0.006934897895821912,False,False,False,False,2026-09-04T03:37:26.037623+09:00,1788460646,0.0,0.0,,0,0.0,complete,,,1551686.39772336,798910.87607394,0.3202486151246743,84.8,85.5,0.8254716981132004,0.8254716981132004,0.0,0.0,complete_hourly_ordered,/v1/candles/minutes/60,120,False,4.750593824228022,84.2,2026-08-31T08:00:00,88.2,2026-08-31T19:00:00,D-4,3.0612244897959218,67.50000000000009,True,True,,-100.0,-100.0,0.019083737999782358,0.11709601873535203,0.0,0.00765755417720948,-0.006934897895821912,,,-100.0,-100.0,0.019083737999782358,0.11709601873535203,0.0,0.00765755417720948,-0.006934897895821912,,,,-100.0,0.13978713412392807,0.35211267605632646,0.0,0.022972662531595134,-0.020805108354847945,,,,,0.15277149938175683,0.4700352526439522,0.0,0.030630216708793512,-0.02774042092633522,,,-100.0,-100.0,0.2618523397625374,0.588235294117645,0.0,0.015315108354396756,-0.013869934012721075,,,-100.0,-100.0,0.3600306901880863,0.7067137809187107,0.0,0.045945325063179165,-0.04161146077395639,,,-200006.80000000002,-2140364.5017105723,0.11709601873535203,0,3418303.048009128,0.0,0.7067137809187107,False,False,falling,falling,unavailable,accelerating,neutral,False,False,False,pass,S0,🌱 초발사 준비,발사 구조 관찰 또는 초기 준비,S0,False,,,2026-09-03T18:10:00Z,33790588802-1
KRW-THETA,쎄타토큰,245.0,243.6,208.44,234.925,1.0229471938070223,-16.86816350028785,-3.6926678727253304,-0.9514240190502743,-1.319229514774929,,,,,False,False,False,False,20.8196054477799,3.3755274261603407,10.0,A급,0.8230452674897082,0.21144273151516657,1.0,0.13823610727121682,-0.12352006885105737,False,False,False,False,2026-09-04T03:37:26.037623+09:00,1788460646,732128.0591502499,0.0,,3,0.0,complete,1788459752873,1788459753073,316337.70326294,312861.43890637,0.005524903204071037,231.0,245.0,6.060606060606055,6.060606060606055,0.0,0.0,complete_hourly_ordered,/v1/candles/minutes/60,120,False,7.456140350877183,228.0,2026-09-02T22:00:00,245.0,2026-09-04T03:00:00,D0,0.0,0.0,False,True,,,-100.0,0.21144273151516657,0.8230452674897082,1.0,0.13823610727121682,-0.12352006885105737,,,,-100.0,0.21144273151516657,0.8230452674897082,1.0,0.13823610727121682,-0.12352006885105737,,,1064.8911578202435,,0.21278433134992625,2.083333333333326,1.0,0.13823610727121682,-0.12352006885105737,,,,-100.0,0.2837871093770872,2.5104602510460206,1.0,0.16588332872546907,-0.14822934159175327,,,0.3933915917113451,-100.0,0.2837871093770872,2.5104602510460206,1.0,0.16588332872546907,-0.14822934159175327,,,554.7965827439094,-100.0,0.5221695669846085,2.083333333333326,1.0,0.13823610727121682,-0.12352006885105737,,,732128.0591502499,-149925.03747984,0.8230452674897082,732128.0591502499,1176022.47055663,0.6225459780574789,2.083333333333326,False,False,rising,falling,buy_only,accelerating,neutral,False,False,False,pass,S0,🌱 초발사 준비,발사 구조 관찰 또는 초기 준비,S0,False,,,2026-09-03T18:10:00Z,33790588802-1
KRW-AXL,엑셀라,59.5,57.440000000000005,55.292,66.79583333333333,0.8663076562865912,-3.8848296317731372,14.006612188884032,-1.154178389278433,-1.4109729758169136,,,9.926917403059827,,False,False,False,False,7736.5686036578,6.440071556350624,13.0,A급,0.0,0.5350618627462609,0.0,0.0,0.0,False,True,False,False,2026-09-04T03:37:26.037623+09:00,1788460646,0.0,2020028.649999535,0.0,4,0.0,complete,1788460047136,1788460511474,1638142.45008953,2344230.42606795,-0.17730333093763728,58.5,59.6,1.8803418803418737,1.7094017094017033,0.16778523489933125,9.090909090909092,complete_hourly_ordered,/v1/candles/minutes/60,120,False,34.67153284671534,54.8,2026-08-31T08:00:00,73.8,2026-08-31T20:00:00,D-4,19.37669376693767,75.26315789473685,False,True,-1.522316889755446,-100.0,-28.540912857038904,0.5350618627462609,0.0,0.0,0.0,0.0,0.0,-1.522316889755446,-100.0,-28.540912857038904,0.5350618627462609,0.0,0.0,0.0,0.0,0.0,,-100.0,,1.7441130435490777,0.16835016835017313,0.0,0.04682744088038149,-0.03563307318381881,-0.07577637481425192,-0.49999999999914996,-100.0,910.0143249977173,1.7769669632007208,0.6768189509306133,0.0,0.02341372044021295,-0.01781609202873291,-0.03779131596293439,-0.2541294121840243,-100.0,-54.924636530563454,3.144249795792348,0.8474576271186418,0.0,0.058534301100454655,-0.04454189720455837,-0.09484202400753361,-0.00785795641689502,-100.0,58.73297092924843,4.400455298774432,0.8474576271186418,0.0,0.058534301100454655,-0.04454189720455837,-0.09484202400753361,-1.522316889755446,-4303334.753678129,-806803.7806446801,0.0,2020028.649999535,3028682.082267209,0.6669662233044226,0.8474576271186418,False,True,falling,falling,sell_only,accelerating,neutral,True,True,False,🔴 1차 급등 완료·상승분 반납 / 신규매수 금지,S3,🔴 1차 급등 완료·반납,당일/5D 급등 후 상승분 상당 부분 반납,S3,False,,,2026-09-03T18:10:00Z,33790588802-1
KRW-HP,히포프로토콜,10.5,9.935333333333334,10.585999999999999,15.006666666666666,1.1538722595533901,6.146482775993429,33.7938693913816,-1.6431176795034936,-1.2270921210375776,3.7407441065637688,,,,False,False,False,False,-67.14299518777749,6.924643584521384,7.0,B급,-1.869158878504662,0.0005407090902167511,0.0,-0.13574967759448775,0.08148738138714862,False,False,False,False,2026-09-04T03:37:26.037623+09:00,1788460646,0.0,0.0,,0,0.0,complete,,,4836085.75411554,29420260.95203829,-0.7176531522407331,10.8,10.8,0.0,-2.777777777777779,2.7777777777777843,,complete_hourly_ordered,/v1/candles/minutes/60,120,False,10.882956878850102,9.74,2026-08-29T22:00:00,10.8,2026-09-03T09:00:00,D-1,2.777777777777779,28.301886792452883,True,True,,-100.0,,0.0005407090902167511,-1.869158878504662,0.0,-0.13574967759448775,0.08148738138714862,,,-100.0,,0.0005407090902167511,-1.869158878504662,0.0,-0.13574967759448775,0.08148738138714862,,,,-100.0,0.0010887866328914697,0.0,0.0,0.0,0.0,,,-100.0,-100.0,0.038399430188505335,-0.9433962264150941,0.0,-0.13574967759448775,0.08148738138714862,,,,,0.26087012465885095,-1.869158878504662,0.0,-0.13574967759448775,0.08148738138714862,,,-100.0,-100.0,0.32832569247719334,-0.9433962264150941,0.0,-0.13574967759448775,0.08148738138714862,,,-9999.999999974998,0.0,-1.869158878504662,0,803364.463301156,0.0,-0.9433962264150941,False,False,falling,flat_or_na,unavailable,accelerating,neutral,False,False,False,pass,S0,🌱 초발사 준비,발사 구조 관찰 또는 초기 준비,S0,False,,,2026-09-03T18:10:00Z,33790588802-1
KRW-SAND,샌드박스,51.9,53.03333333333333,58.922,76.43083333333334,-0.599775084343368,9.994003371689123,30.612645420151125,-0.10643969595286809,-0.05032093124888633,,,,,False,False,False,False,35.06828661131092,5.06072874493928,6.0,관찰,0.3868471953578201,0.07158063492427402,0.0,0.06247657128576334,-0.039831900155935074,False,False,False,False,2026-09-04T03:37:26.037623+09:00,1788460646,2436739.6559694964,200240.03107030998,12.169093477187324,17,0.0,complete,1788459788772,1788460803056,7716294.61513528,4047705.9582149,0.31184873156425147,51.1,52.1,1.9569471624266255,1.5655577299412915,0.38387715930902655,20.000000000000455,complete_hourly_ordered,/v1/candles/minutes/60,120,False,11.344537815126055,47.6,2026-08-31T08:00:00,53.0,2026-09-01T21:00:00,D-3,2.264150943396237,22.22222222222234,False,True,9.8337571609447,16.174712873099438,-77.70523938285035,0.07158063492427402,0.3868471953578201,0.0,0.06247657128576334,-0.039831900155935074,,9.8337571609447,16.174712873099438,-77.70523938285035,0.07158063492427402,0.3868471953578201,0.0,0.06247657128576334,-0.039831900155935074,,12.007493279931168,26.770414578096858,-98.31654477464001,0.08409019286299468,0.5813953488372103,0.0,0.03748594277145356,-0.023898618926871507,,8.579164414581335,-81.96193138733342,-94.67870085250921,0.18964052523768515,-0.19230769230769162,0.0,0.04998125702860845,-0.03186517267649336,,11.561982778205794,56.215678187011655,-92.20646880938324,0.5430523296511538,1.5655577299412915,0.0,0.11245782831437179,-0.07170054748528187,,10.740423291723026,-88.42718398558794,-98.64133370060398,0.5581085108549573,1.1695906432748648,0.0,0.07497188554291823,-0.047798801370827704,,9.8337571609447,339261.1292687603,-697908.3478644281,0.3868471953578201,2636979.6870398065,21005164.381471194,0.12553958822459418,1.1695906432748648,False,False,rising,falling,buy_advantage_accelerating,accelerating,leading_buy_inflow,False,False,False,pass,S0,🌱 초발사 준비,발사 구조 관찰 또는 초기 준비,S0,False,,,2026-09-03T18:10:00Z,33790588802-1
KRW-WCT,월렛커넥트,51.4,52.419999999999995,53.32,67.26166666666667,0.28057645708454704,1.6879219804951346,22.06556483385783,-0.8585610962471417,-0.7002823467091215,1.9659893604231709,,,,False,False,False,False,95.84449175875496,-0.1941747572815511,7.0,B급,0.0,0.07962117129771684,0.0,0.0,0.0,False,False,False,False,2026-09-04T03:37:26.037623+09:00,1788460646,189974.39999999997,0.0,,3,0.0,complete,1788460545310,1788460554649,869853.27230727,1185539.47068235,-0.15358923468607102,49.7,51.5,3.621730382293764,3.420523138832987,0.19417475728155617,5.5555555555558955,complete_hourly_ordered,/v1/candles/minutes/60,120,False,12.6953125,51.2,2026-08-30T10:00:00,57.7,2026-08-30T19:00:00,D-4,10.91854419410746,96.92307692307692,True,True,,-83.63075122928183,,0.07962117129771684,0.0,0.0,0.0,0.0,,,-83.63075122928183,,0.07962117129771684,0.0,0.0,0.0,0.0,,,1494.2179367435829,,0.13664180410228255,0.390625,0.0,0.02550695064404973,-0.01789239678941712,,,-98.18325156584777,-100.0,0.13722728548593466,0.19493177387914784,0.0,0.012753475322035968,-0.008946087555088411,,,-94.33660282119364,,2.067914130769026,0.19493177387914784,0.0,0.02550695064404973,-0.01789239678941712,,,187.0493107163925,-100.0,2.4815823312126923,0.5870841487279899,0.0,0.012753475322035968,-0.008946087555088411,,,-970582.2184554061,0.0,0.0,189974.39999999997,1362425.881463088,0.1394383375894103,0.5870841487279899,False,False,falling,flat_or_na,buy_only,accelerating,neutral,False,False,False,pass,S0,🌱 초발사 준비,발사 구조 관찰 또는 초기 준비,S0,False,,,2026-09-03T18:10:00Z,33790588802-1
KRW-YGG,일드길드게임즈,31.9,31.266666666666666,28.39,37.89416666666667,0.838529348527195,-10.132675824820941,17.48949926329911,-0.9405611307573611,-1.2329490824073086,,,14.185094512703808,,False,False,False,False,131.00026925773963,3.9087947882736174,12.0,A급,-0.31250000000000444,0.2364062143856529,0.0,-0.021500752526337763,0.015778015992964356,False,False,False,False,2026-09-04T03:37:26.037623+09:00,1788460646,0.0,763985.564887358,0.0,14,0.0,complete,1788459947256,1788460583591,1990440.98193798,1974167.49052058,0.004104690672597096,32.0,32.2,0.6250000000000089,-0.31250000000000444,0.9316770186335536,150.0,complete_hourly_ordered,/v1/candles/minutes/60,120,False,9.523809523809534,29.4,2026-08-31T08:00:00,32.2,2026-09-03T09:00:00,D-1,0.9316770186335588,10.714285714285822,True,True,,-100.0,,0.2364062143856529,-0.31250000000000444,0.0,-0.021500752526337763,0.015778015992964356,0.04897687575702214,,-100.0,,0.2364062143856529,-0.31250000000000444,0.0,-0.021500752526337763,0.015778015992964356,0.04897687575702214,,,,0.33275620360751645,0.3144654088050203,0.0,0.021500752526337763,-0.01577870995915731,-0.04923039211656466,0.0,,991.4837455889016,0.3538291928342687,0.0,0.0,0.0,0.0,0.0,,-100.0,,0.6548928027915508,-0.31250000000000444,0.0,-0.021500752526337763,0.015778015992964356,0.04897687575702214,0.0,,659.5602145417654,2.0532768087382465,0.3144654088050203,0.0,0.021500752526337763,-0.01577870995915731,-0.04923039211656466,,-380032.00000000006,763985.564887358,-0.31250000000000444,763985.564887358,1086065.7177181356,0.7034432193408333,0.3144654088050203,False,True,falling,rising,sell_only,accelerating,neutral,False,False,False,pass,S0,🌱 초발사 준비,발사 구조 관찰 또는 초기 준비,S1,True,발사 구조 관찰 또는 초기 준비,2026-09-04T03:37:26.037623+09:00,2026-09-03T18:10:00Z,33790588802-1
KRW-AXS,엑시인피니티,1305.0,1306.5333333333333,1276.66,1479.3166666666666,0.35332070254492365,-2.3399599997911125,11.679942315708828,-0.6220624854569524,-0.6226819518347607,,,,,False,False,False,False,47.75004392306954,4.150039904229841,9.0,B급,-0.15302218821728886,0.25826336170631237,0.0,-0.010241179783920806,0.008018025488018665,False,False,False,False,2026-09-04T03:37:26.037623+09:00,1788460646,0.0,5620519.479828441,0.0,6,0.0,complete,1788460308634,1788460692740,103180.36221947,119355.10198617,-0.07268387456550876,1271.0,1309.0,2.9897718332021928,2.675059008654612,0.30557677616501144,10.52631578947306,complete_hourly_ordered,/v1/candles/minutes/60,120,False,11.157368859283935,1201.0,2026-08-31T08:00:00,1335.0,2026-09-01T21:00:00,D-3,2.2471910112359605,22.388059701492526,True,False,,,,0.25826336170631237,-0.15302218821728886,0.0,-0.010241179783920806,0.008018025488018665,,,,,0.25826336170631237,-0.15302218821728886,0.0,-0.010241179783920806,0.008018025488018665,,-1.9112418051164268,-100.0,18.34484204096698,0.44724659310362114,0.07668711656441118,0.0,0.005120589891949301,-0.004009080495480433,,-0.6549245414639709,-100.0,-82.29382510143574,1.0719727440435136,0.15349194167306734,0.0,0.015361769675870107,-0.012027376993206218,,-0.6016796134824318,-100.0,-69.31587925608336,2.2457408263461005,0.15349194167306734,0.0,-0.010241179783920806,0.008018025488018665,,-0.42930887284669506,-100.0,-51.752061870610646,2.4738266638349558,0.3074558032282848,0.0,0.04608530902758812,-0.036083350595404795,,,0.0,5620519.479828441,-0.15302218821728886,5620519.479828441,10730612.120236838,0.5237836776551372,0.3074558032282848,False,False,flat_or_na,rising,sell_only,accelerating,neutral,False,False,False,pass,S0,🌱 초발사 준비,발사 구조 관찰 또는 초기 준비,S0,False,,,2026-09-03T18:10:00Z,33790588802-1
KRW-ARDR,아더,29.9,29.046666666666667,27.484,38.96083333333333,0.996754751970319,-5.6857323048561526,25.446495412059118,-1.2531836928601365,-1.233154790635701,,,,,False,False,False,False,50.836959340555474,3.092783505154628,9.0,B급,1.0101010101010166,0.07818574584745619,0.0,0.06954102920722072,-0.046552716283130735,False,False,False,False,2026-09-04T03:37:26.037623+09:00,1788460646,1592852.3225886,1835457.3356994512,0.8678231259358584,13,0.0,complete,1788459909151,1788460784415,5122649.39190696,6435819.5251002,-0.11361107968729654,30.1,30.2,0.33222591362125353,-0.6644518272425293,0.9933774834437109,300.0000000000067,complete_hourly_ordered,/v1/candles/minutes/60,120,False,25.830258302583033,27.1,2026-08-31T19:00:00,34.1,2026-09-02T13:00:00,D-2,12.316715542522005,60.00000000000004,True,False,0.8630192917657682,8788.652049049082,-50.796874198049366,0.07818574584745619,0.6734006734006703,0.0,0.06954102920722072,-0.046552716283130735,,0.8630192917657682,8788.652049049082,-50.796874198049366,0.07818574584745619,0.6734006734006703,0.0,0.06954102920722072,-0.046552716283130735,,-0.5674702151948385,86.83076760705828,208.99955146455403,0.1500804412718466,0.6734006734006703,0.0,0.06954102920722072,-0.046552716283130735,,-1.1830445853872804,18.870650773639785,180.91897093975953,0.178694325152847,0.6734006734006703,0.0,0.06954102920722072,-0.046552716283130735,,-6.036086074149484,-65.78382466715135,172.20450874415465,0.38223033771686943,0.0,0.0,0.046360686138147145,-0.031034480349600102,,0.2801406979583231,42.57941915866148,-3.4464319668499055,0.4875349390506045,0.3355704697986406,0.0,0.06954102920722072,-0.046552716283130735,,0.8630192917657682,1574932.2564886,-1894910.005366277,0.6734006734006703,3428309.6582880514,3142668.9923304725,1.090891107735072,0.3355704697986406,False,False,rising,falling,sell_advantage_weakening,accelerating,neutral,True,True,False,🔴 1차 급등 완료·상승분 반납 / 신규매수 금지,S3,🔴 1차 급등 완료·반납,당일/5D 급등 후 상승분 상당 부분 반납,S3,False,,,2026-09-03T18:10:00Z,33790588802-1
KRW-ME,매직에덴,86.8,89.6,89.34200000000001,104.2675,0.24614007607963728,-0.28877795437753945,14.067182966888057,-0.2943562241584837,-0.5454591469246406,,,,,True,False,False,False,-27.363420025127617,1.5204678362572999,8.0,B급,-0.11507479861910808,0.10237587099863887,0.0,-0.007458790184222686,0.005706967463472878,False,False,False,False,2026-09-04T03:37:26.037623+09:00,1788460646,5314232.989559847,1087737.7416784228,4.8855829727483515,11,0.0,complete,1788459991720,1788460354233,1140400.8522849,799019.7325081,0.17602222150964564,85.2,87.6,2.8169014084507005,1.8779342723004522,0.9132420091324169,33.33333333333386,complete_hourly_ordered,/v1/candles/minutes/60,120,False,6.6991473812423985,82.1,2026-08-31T08:00:00,87.6,2026-09-04T00:00:00,D0,0.91324200913242,14.54545454545455,False,True,-268.05280055595716,285.81582127880705,21454.018668195808,0.10237587099863887,-0.11507479861910808,0.0,-0.007458790184222686,0.005706967463472878,,-268.05280055595716,285.81582127880705,21454.018668195808,0.10237587099863887,-0.11507479861910808,0.0,-0.007458790184222686,0.005706967463472878,,,609.5268107902597,,0.1296095793942058,0.0,0.0,0.0,0.0,,,,,0.1313647550809982,0.0,0.0,0.0,0.0,,3.9779933238438736,492.81631444471145,10.126867907650116,0.13967531389883447,0.4629629629629539,0.0,0.02983516073693515,-0.02282878211488537,,4.738800669583306,499.90533499949885,-81.97646273875682,0.23834396048941642,0.3468208092485492,0.0,0.0,0.0,,-268.05280055595716,3936831.468817245,1082691.1758457439,-0.11507479861910808,6401970.73123827,6927673.994101018,0.9241154732006169,0.3468208092485492,False,False,rising,rising,buy_advantage_weakening,accelerating,neutral,False,False,False,pass,S0,🌱 초발사 준비,발사 구조 관찰 또는 초기 준비,S0,False,,,2026-09-03T18:10:00Z,33790588802-1
KRW-TRUST,인튜이션,74.0,72.57333333333332,72.11399999999999,80.47583333333334,0.26710877774704933,-0.6369544517476959,9.819718134843814,-0.29102918347219614,-0.5167778798835372,,,,,False,False,False,False,287.4401034340612,4.519774011299438,10.0,A급,-0.13495276653170407,0.0020414521464431346,0.0,-0.009210647508539616,0.007350160689805207,False,False,False,False,2026-09-04T03:37:26.037623+09:00,1788460646,0.0,0.0,,0,0.0,complete,,,563474.71499495,650540.70118379,-0.07171736456435676,71.2,74.1,4.073033707865159,3.93258426966292,0.13495276653170624,3.4482758620687775,complete_hourly_ordered,/v1/candles/minutes/60,120,False,9.40170940170939,70.2,2026-08-30T04:00:00,76.8,2026-09-01T09:00:00,D-3,3.645833333333326,42.42424242424248,True,False,,-100.0,-100.0,0.0020414521464431346,-0.13495276653170407,0.0,-0.009210647508539616,0.007350160689805207,,,-100.0,-100.0,0.0020414521464431346,-0.13495276653170407,0.0,-0.009210647508539616,0.007350160689805207,,,-100.0,,1.0356166280882348,0.13531799729362692,0.0,0.009210647508517411,-0.007350312914287116,,,,,1.1335509260204049,0.407055630936215,0.0,0.027631942525552233,-0.022051395435370935,,,-100.0,-100.0,1.1335509260204049,0.407055630936215,0.0,0.027631942525552233,-0.022051395435370935,,,-100.0,-100.0,1.1945493711768336,0.27100271002711285,0.0,0.009210647508517411,-0.007350312914287116,,,-3560914.251863649,-6464215.209980853,-0.13495276653170407,0,1664731.2039933524,0.0,0.27100271002711285,False,True,falling,falling,unavailable,accelerating,neutral,False,False,False,pass,S0,🌱 초발사 준비,발사 구조 관찰 또는 초기 준비,S0,False,,,2026-09-03T18:10:00Z,33790588802-1
KRW-SONIC,소닉SVM,30.0,28.793333333333333,28.581999999999997,38.901666666666664,0.9819967266775809,-0.739393091222923,25.98431943789897,-1.3772374233382323,-1.1768556759317073,,,,,True,False,False,False,77.29366650312224,3.806228373702436,9.0,B급,0.0,0.07243061813574059,0.0,0.0,0.0,False,False,False,False,2026-09-04T03:37:26.037623+09:00,1788460646,0.0,1673488.3149918,0.0,6,0.0,complete,1788460018272,1788460694301,3218023.41944658,4077687.83560333,-0.1178314746984691,29.6,30.2,2.0270270270270174,1.3513513513513375,0.6622516556291367,33.3333333333337,complete_hourly_ordered,/v1/candles/minutes/60,120,False,18.309859154929597,28.4,2026-08-31T08:00:00,33.6,2026-09-01T12:00:00,D-3,10.71428571428572,69.23076923076918,False,True,-0.7138657533988517,-100.0,461.89131072152287,0.07243061813574059,0.0,0.0,0.0,0.0,,-0.7138657533988517,-100.0,461.89131072152287,0.07243061813574059,0.0,0.0,0.0,0.0,,,-100.0,,0.07962111015915241,0.0,0.0,0.0,0.0,,,-100.0,,0.1577303787110793,0.0,0.0,0.0,0.0,,,-100.0,,0.16022254395832647,0.0,0.0,0.0,0.0,,-0.03424224820915703,-100.0,-77.96084679163371,0.2002682624237906,0.33444816053511683,0.0,0.0,0.0,,-0.7138657533988517,-212611.5805656,1375656.9936918002,0.0,1673488.3149918,2291689.23201505,0.7302422560672964,0.33444816053511683,False,False,falling,rising,sell_only,accelerating,neutral,True,True,False,🔴 1차 급등 완료·상승분 반납 / 신규매수 금지,S3,🔴 1차 급등 완료·반납,당일/5D 급등 후 상승분 상당 부분 반납,S3,False,,,2026-09-03T18:10:00Z,33790588802-1
KRW-ARB,아비트럼,190.0,138.73333333333332,123.16,134.975,3.2754342431761563,-12.644798094619459,-2.784466259183794,-2.5358004192980372,-2.850027386210693,,,,,False,False,True,False,304.071805483393,53.65853658536586,8.0,B급,3.8461538461538547,2.6094228836707885,0.0,0.34739454094290245,-0.30145205288359156,False,True,False,False,2026-09-04T03:37:26.037623+09:00,1788460646,207831709.20161527,87888033.33320637,2.364732732312615,245,0.0,complete,1788459818294,1788460898694,2711747.78306798,4397440.62911701,-0.23711466742951845,171.0,193.0,12.865497076023402,11.111111111111116,1.5544041450777202,13.636363636363669,complete_hourly_ordered,/v1/candles/minutes/60,120,False,66.37931034482759,116.0,2026-08-31T08:00:00,193.0,2026-09-03T18:00:00,D-1,2.072538860103623,5.194805194805177,False,False,2.0189107687666272,632.6395452685132,7.1422755959478,2.6094228836707885,4.395604395604402,0.0,0.34739454094290245,-0.30145205288359156,,2.0189107687666272,632.6395452685132,7.1422755959478,2.6094228836707885,4.395604395604402,0.0,0.34739454094290245,-0.30145205288359156,,1.3466615337925922,2300.3395492589884,933.4007426620477,3.7554583351652013,6.145251396648055,0.0,0.4962779156327368,-0.43072560310176566,,-21.02519625094448,124.20636213663295,2117.659026033642,3.828975954430348,6.741573033707859,0.0,0.4466501240694587,-0.3876290958529416,,1.4961545513147958,1041.8484437591185,319.40665458863924,4.837264755862805,6.145251396648055,0.0,0.4962779156327368,-0.43072560310176566,,1.8218780791023854,482.6767871086827,33.76091127651337,5.494120179497315,6.145251396648055,0.0,0.4962779156327368,-0.43072560310176566,,2.0189107687666272,179464183.78699344,5858756.986073822,4.395604395604402,295719742.5348216,180479735.7130852,1.6385204763649333,6.145251396648055,False,False,rising,rising,buy_advantage_accelerating,accelerating,neutral,False,False,False,pass,S0,🌱 초발사 준비,발사 구조 관찰 또는 초기 준비,S0,False,,,2026-09-03T18:10:00Z,33790588802-1
KRW-POL,폴리곤에코시스템토큰,130.0,141.0,118.96,122.225,0.7622677465459748,-18.527236045729666,-15.361014522397223,-0.7369421364495249,-0.9233493641419175,,,,,False,False,False,False,8.142048503211052,-13.422818791946312,7.0,B급,0.0,0.5166593075220494,0.0,-0.04764173415912065,0.0466756875836829,False,False,False,False,2026-09-04T03:37:26.037623+09:00,1788460646,117000.0,20012205.454964522,0.005846432081826107,3,0.0,complete,1788460002117,1788460532203,6506277.25084677,4821552.37948898,0.14872441821036242,128.0,132.0,3.125,1.5625,1.5151515151515151,50.0,complete_hourly_ordered,/v1/candles/minutes/60,120,False,10.924369747899165,119.0,2026-08-31T23:00:00,132.0,2026-09-04T00:00:00,D0,1.5151515151515138,15.384615384615532,False,True,-7.757795919843102,-97.08505880325731,3770.832776583566,0.5166593075220494,0.7751937984496138,0.0,-0.04764173415912065,0.0466756875836829,,-7.757795919843102,-97.08505880325731,3770.832776583566,0.5166593075220494,0.7751937984496138,0.0,-0.04764173415912065,0.0466756875836829,,-23.07843412842237,-97.3990935944283,10169.52033950195,0.5627952552494042,0.0,0.0,-0.04764173415912065,0.0466756875836829,,-0.018235064694265384,-78.75422149778386,-12.488481975682742,0.6725477748576791,0.0,0.0,-0.04764173415912065,0.0466756875836829,,-0.30081463168272765,-99.58741091599937,-78.35859450234918,1.5900583010803437,0.0,0.0,-0.04764173415912065,0.0466756875836829,,-0.6319577331608227,-99.51383004212387,-46.96231482562892,2.489392812674396,0.0,0.0,-0.04764173415912065,0.0466756875836829,,-7.757795919843102,-3896803.0959507003,19495205.45496381,0.7751937984496138,20129205.454964522,16242332.721505802,1.239305080132503,0.0,False,False,falling,rising,sell_advantage_accelerating,accelerating,neutral,False,False,False,pass,S0,🌱 초발사 준비,발사 구조 관찰 또는 초기 준비,S0,False,,,2026-09-03T18:10:00Z,33790588802-1
KRW-CVC,시빅,28.2,27.42,26.754,32.93416666666666,1.0813467682477373,-2.489347387306572,16.742997393790628,-1.152743021919897,-1.1898048605952258,,,14.072053282262251,,False,False,False,False,364.1216315019689,1.4285714285714235,13.0,A급,0.7092198581560183,0.3278544779232675,0.0,0.02457606291472736,-0.01813620944822958,False,True,False,True,2026-09-04T03:37:26.037623+09:00,1788460646,0.0,2016467.731814161,0.0,3,0.0,complete,1788460587749,1788460858946,3672310.83078102,7528112.24635899,-0.3442549793898085,27.9,29.8,6.810035842293916,1.0752688172043001,5.369127516778528,84.21052631578951,complete_hourly_ordered,/v1/candles/minutes/60,120,False,14.393939393939403,26.4,2026-08-31T08:00:00,30.2,2026-09-02T15:00:00,D-2,6.29139072847682,50.0,False,True,-0.017195942434426046,-100.0,140.13567224426592,0.3278544779232675,0.0,0.0,0.02457606291472736,-0.01813620944822958,-0.058320903628642284,-0.017195942434426046,-100.0,140.13567224426592,0.3278544779232675,0.0,0.0,0.02457606291472736,-0.01813620944822958,-0.058320903628642284,0.0,,70.82834777069718,0.38952505073302746,0.0,0.0,0.049152125829432514,-0.03627333674403488,-0.1170025619307502,0.0,,1545.1684293474032,0.48455455914569256,0.3558718861209842,0.0,0.07372818874418208,-0.05441138195713435,-0.1760483325627078,-0.18955769526693894,-100.0,-67.56065437917039,0.9669274566240915,-0.35335689045936647,0.0,0.02457606291472736,-0.01813620944822958,-0.058320903628642284,-0.025636756524633174,-100.0,-85.79657174845612,2.49722784928656,-0.35335689045936647,0.0,0.02457606291472736,-0.01813620944822958,-0.058320903628642284,-0.017195942434426046,-14439.780109755,1176747.538238335,0.0,2016467.731814161,7589737.290868394,0.2656834689443438,-0.35335689045936647,False,True,falling,rising,sell_only,accelerating,neutral,False,False,False,pass,S1,⚡ 선행 시동,가격 미급등 상태에서 선행조건 4개 개선,S1,False,,,2026-09-03T18:10:00Z,33790588802-1
KRW-T,쓰레스홀드,6.21,5.338,5.1608,6.00225,1.8961567828964299,-3.4335761897380253,11.066683327085675,-1.9609965180414257,-1.733471964402593,,,6.3841143983540505,,False,False,False,False,8975.939519670557,21.526418786692748,11.0,A급,0.9756097560975618,1.6114743945418013,0.0,0.02545176889794387,-0.019744996413104232,False,True,False,True,2026-09-04T03:37:26.037623+09:00,1788460646,8269388.471014295,18954757.83190364,0.43626980330477766,37,0.0,complete,1788459746166,1788460820587,34914604.81097278,22291208.78759593,0.22066631395122202,7.3,7.7,5.47945205479452,-14.931506849315069,19.350649350649356,372.5,complete_hourly_ordered,/v1/candles/minutes/60,120,False,72.04081632653059,4.9,2026-08-31T08:00:00,8.43,2026-09-02T20:00:00,D-2,26.571767497034394,63.456090651558064,True,False,-2.3552895522626924,249.94959269109702,2139.2222703788475,1.6114743945418013,0.9756097560975618,0.0,0.02545176889794387,-0.019744996413104232,-0.025993213446144026,-2.3552895522626924,249.94959269109702,2139.2222703788475,1.6114743945418013,0.9756097560975618,0.0,0.02545176889794387,-0.019744996413104232,-0.025993213446144026,0.34746514455097466,635.2102077269079,49.65530759847039,1.9935749929099984,0.8116883116883189,0.0,0.06362942224487078,-0.04936454717498151,-0.06520909264173458,-0.46053451240418913,-56.7611183948386,-11.117351381644058,3.5274087397629046,0.8116883116883189,0.0,0.10180707559175328,-0.07898656558152872,-0.10469876793487565,-0.010675834210189306,-74.47895820105714,-73.85444004955335,11.81850816534461,0.6482982171799101,0.0,0.05090353779588774,-0.03949108942016544,-0.05210685206376375,-0.7574228041018325,-52.369369088056786,30.323784903305807,18.300047023101797,0.4854368932038833,0.0,0.0,0.0,0.0,-2.3552895522626924,5906365.726103218,18108269.384434924,0.9756097560975618,27224146.302917935,205984126.75619096,0.13216623402802904,0.4854368932038833,False,True,rising,rising,sell_advantage_accelerating,accelerating,neutral,True,True,False,🔴 1차 급등 완료·상승분 반납 / 신규매수 금지,S3,🔴 1차 급등 완료·반납,당일/5D 급등 후 상승분 상당 부분 반납,S3,False,,,2026-09-03T18:10:00Z,33790588802-1
KRW-W,웜홀,13.5,13.020000000000001,12.552,14.961666666666668,0.8260196179659562,-3.728489483747624,12.977609446362926,-0.9639565389886812,-1.0013509831392704,,,12.960100569010944,,False,False,False,False,-38.30105478452638,6.299212598425208,11.0,A급,0.0,0.05258561873222334,0.0,0.0,0.0,False,False,False,False,2026-09-04T03:37:26.037623+09:00,1788460646,1459971.0,2640033.0,0.5530124055267491,19,0.0,complete,1788459781178,1788460596343,18119585.23516293,17902376.4769232,0.0060298980931637975,13.4,13.6,1.4925373134328401,0.746268656716409,0.7352941176470562,50.000000000000746,complete_hourly_ordered,/v1/candles/minutes/60,120,False,10.483870967741925,12.4,2026-08-31T08:00:00,13.7,2026-09-02T05:00:00,D-2,1.4598540145985384,15.384615384615369,True,False,0.5530124055267491,,475.1374839983476,0.05258561873222334,0.0,0.0,0.0,0.0,0.0,0.5530124055267491,,475.1374839983476,0.05258561873222334,0.0,0.0,0.0,0.0,0.0,0.5530124055267491,,157.86250002175692,0.07263366636719581,0.0,0.0,0.0,0.0,0.0,0.5530124055267491,,-51.13306239209008,0.1762364000733001,0.0,0.0,0.0,0.0,0.0,-6.862683889440038,-89.72964232651906,37.72178089688878,0.9764053213899189,0.0,0.0,0.0,0.0,0.0,-2.337825263193051,-64.47203934438002,85.7201862555566,1.0079400899538058,1.5037593984962294,0.0,0.051626226122891694,-0.03971356371896384,-0.14359848203447179,0.5530124055267491,1459971.0,2181006.5805,0.0,4100004.0,1571210.9947463488,2.6094547541413373,1.5037593984962294,False,False,rising,rising,sell_advantage_weakening,accelerating,leading_buy_inflow,False,False,False,pass,S1,⚡ 선행 시동,가격 미급등 상태에서 선행조건 3개 개선,S0,True,가격 미급등 상태에서 선행조건 3개 개선,2026-09-04T03:37:26.037623+09:00,2026-09-03T18:10:00Z,33790588802-1
KRW-ARK,아크,156.0,150.8,141.74,175.575,1.3440860215053752,-6.391985325243405,14.110778869429009,-1.4310360562926427,-1.496590754230473,,,9.428615558088612,,False,False,False,False,-34.54767008889351,1.298701298701288,12.0,A급,0.0,0.00618542351350726,0.0,0.0,0.0,False,False,False,True,2026-09-04T03:37:26.037623+09:00,1788460646,5924.05063224,0.0,,1,0.0,complete,1788459889720,1788459889720,1351871.98875837,1975476.23059304,-0.1874177875967028,152.0,169.0,11.184210526315796,2.6315789473684292,7.6923076923076925,76.47058823529404,complete_hourly_ordered,/v1/candles/minutes/60,120,False,13.422818791946312,149.0,2026-08-31T08:00:00,169.0,2026-09-03T14:00:00,D-1,7.692307692307687,64.99999999999999,False,False,,-1.2658227920506304,-100.0,0.00618542351350726,0.0,0.0,0.0,0.0,0.0,,-1.2658227920506304,-100.0,0.00618542351350726,0.0,0.0,0.0,0.0,0.0,,-99.49458098121858,,0.022928279921373473,0.6451612903225712,0.0,0.0,0.0,0.0,,-83.54430379819058,-100.0,0.026959029025306336,0.6451612903225712,0.0,0.04480286738353101,-0.033895518267978986,-0.06565466205630344,,-87.63854400122969,-100.0,0.2800796047465326,0.0,0.0,0.0,0.0,0.0,,-99.01265822795644,-100.0,0.29444865961156097,0.6451612903225712,0.0,0.04480286738353101,-0.033895518267978986,-0.06565466205630344,,-75.94936752000012,-7474.56626378,0.0,5924.05063224,16461467.951231334,0.00035987377612923486,0.6451612903225712,False,False,falling,falling,buy_only,accelerating,neutral,False,False,False,pass,S0,🌱 초발사 준비,발사 구조 관찰 또는 초기 준비,S0,False,,,2026-09-03T18:10:00Z,33790588802-1
KRW-AVNT,아반티스,147.0,140.86666666666667,132.38,159.26666666666668,1.1004784688995128,-6.410837488039492,11.5529510255337,-0.5351212605355572,-0.81184797818295,,,14.230436406814876,,False,False,False,False,-7.856855766484783,4.255319148936176,12.0,A급,0.6849315068493178,0.25627963539823817,0.0,0.04784688995214115,-0.037232638324800504,False,False,False,True,2026-09-04T03:37:26.037623+09:00,1788460646,0.0,60530.476922739996,0.0,1,0.0,complete,1788460813206,1788460813206,1702025.11219394,2817485.84667401,-0.2468100519352367,140.0,147.0,5.000000000000004,5.000000000000004,0.0,0.0,complete_hourly_ordered,/v1/candles/minutes/60,120,False,12.213740458015266,131.0,2026-08-31T08:00:00,147.0,2026-09-04T00:00:00,D0,0.6802721088435382,6.249999999999935,False,True,0.0,,-95.72881114530776,0.25627963539823817,0.6849315068493178,0.0,0.04784688995214115,-0.037232638324800504,-0.17802053516983385,0.0,,-95.72881114530776,0.25627963539823817,0.6849315068493178,0.0,0.04784688995214115,-0.037232638324800504,-0.17802053516983385,-1.9593383177658346,-100.0,-97.29534454056355,0.33067686619777703,0.6849315068493178,0.0,0.04784688995214115,-0.037232638324800504,-0.17802053516983385,-6.903762098826638,-100.0,-97.41469608792244,0.4606071019236264,0.0,0.0,0.0,0.0,0.0,-0.023975690029174664,-100.0,-99.54940590230765,1.1417815019760464,0.6849315068493178,0.0,0.0956937799043045,-0.07446917331507841,-0.3593869768663449,-0.382302012273059,-100.0,-99.27524971978843,1.7767737205274035,0.6849315068493178,0.0,0.04784688995214115,-0.037232638324800504,-0.17802053516983385,0.0,0.0,-1356650.5230754802,0.6849315068493178,60530.476922739996,3850747.62618417,0.01571914931821216,0.6849315068493178,False,False,flat_or_na,falling,sell_only,accelerating,neutral,False,False,False,pass,S0,🌱 초발사 준비,발사 구조 관찰 또는 초기 준비,S0,False,,,2026-09-03T18:10:00Z,33790588802-1
KRW-LA,라그랑주,87.1,80.83999999999999,78.29,109.73416666666667,0.8650806854100468,-3.257120960531336,26.331057631700862,-0.956323782279037,-1.3400066160638542,,,,,False,False,False,False,1180.3087918896729,13.168187744458915,9.0,B급,-0.572737686139746,1.3980047053705675,0.0,-0.06654466810851467,0.044124022971214316,False,True,False,False,2026-09-04T03:37:26.037623+09:00,1788460646,13009211.182480557,13236789.099930597,0.9828071660179859,55,0.0,complete,1788459770884,1788460866208,2774200.44903327,1065355.78150981,0.44506306586419114,90.8,98.8,8.81057268722467,-4.074889867841414,11.842105263157897,146.25000000000003,complete_hourly_ordered,/v1/candles/minutes/60,120,False,29.829172141918537,76.1,2026-08-30T11:00:00,98.8,2026-09-03T10:00:00,D-1,11.943319838056677,51.982378854625566,False,True,-0.954825776478501,-24.31700778869802,49.211222675028885,1.3980047053705675,-0.22909507445589838,0.0,-0.06654466810851467,0.044124022971214316,,-0.954825776478501,-24.31700778869802,49.211222675028885,1.3980047053705675,-0.22909507445589838,0.0,-0.06654466810851467,0.044124022971214316,,0.2525424270399329,-27.827813897730035,-46.37320069714966,1.6601244086962197,-0.11467889908257645,0.0,-0.01663616702713977,0.011031508359195641,,0.7341976020733435,-5.812441697096393,-76.17444336148958,2.163170629154365,-0.3432494279176357,0.0,-0.041590417567793914,0.02757814261317293,,0.2593364002763001,-3.4162871849812038,-28.90213351661911,3.4577967257102955,-0.22909507445589838,0.0,-0.058226584594933684,0.03860881328157362,,0.5919715353340907,-60.89050588328748,-84.44721983381052,4.027627727496338,0.11494252873562871,0.0,-0.033272334054257335,0.02206268163061509,,-0.954825776478501,-4179870.277406344,4365613.8206023425,-0.22909507445589838,26246000.282411154,154474430.14398515,0.16990514389952652,0.11494252873562871,False,True,falling,rising,sell_advantage_accelerating,accelerating,neutral,False,False,False,pass,S0,🌱 초발사 준비,발사 구조 관찰 또는 초기 준비,S0,False,,,2026-09-03T18:10:00Z,33790588802-1
KRW-HYPER,하이퍼레인,91.0,91.05333333333333,91.05799999999999,112.72916666666667,0.007322252324803991,0.00512493868376778,19.22823877287009,-0.38438539788124093,-0.5863994932221687,0.013332813140188984,,,,False,False,False,False,288.41494240659733,2.4774774774774855,7.0,B급,0.0,0.06269187310510915,0.0,0.0,0.0,False,False,False,False,2026-09-04T03:37:26.037623+09:00,1788460646,0.0,9100.0,0.0,1,0.0,complete,1788459933468,1788459933468,1286997.1735785,820291.50453905,0.2214721095812844,90.7,92.4,1.8743109151047488,0.330760749724357,1.5151515151515214,82.35294117647115,complete_hourly_ordered,/v1/candles/minutes/60,120,False,8.02325581395349,86.0,2026-08-31T08:00:00,92.9,2026-08-31T09:00:00,D-4,2.0452099031216475,27.53623188405786,True,False,,-100.0,,0.06269187310510915,0.0,0.0,0.0,0.0,,,-100.0,,0.06269187310510915,0.0,0.0,0.0,0.0,,-1.5744279476791172,-100.0,-98.52986772727,0.12537190843079316,0.0,0.0,0.0,0.0,,-1.0001000100282027,-100.0,-8.990899089908988,0.22270428500286243,-0.21929824561404132,-2.0,-0.014644504649630186,0.010633414974801525,,-0.014710158277838904,-100.0,-99.120126390683,0.3933350184794904,0.11001100110010764,-2.0,-0.014644504649630186,0.010633414974801525,,-1.0221931853231354,-100.0,-99.89465308600779,1.0068754077889253,0.11001100110010764,0.0,-0.007322252324826195,0.005316746790075655,,,-394268.18021591,9100.0,0.0,9100.0,1899004.919947089,0.004791983372140789,0.11001100110010764,False,False,falling,rising,sell_only,accelerating,neutral,False,False,False,pass,S0,🌱 초발사 준비,발사 구조 관찰 또는 초기 준비,S0,False,,,2026-09-03T18:10:00Z,33790588802-1
KRW-ATH,에이셔,6.53,6.600666666666667,6.1114,7.063666666666666,0.9687946155415128,-8.005803362022897,6.554669435137547,-1.1483784672095765,-1.2815863308905167,,,5.114496992631782,,False,False,False,False,-18.32688031674834,-2.9761904761904767,12.0,A급,-0.3058103975535187,0.03293112146154087,0.0,-0.020395676116646833,0.016670709233298275,False,False,False,False,2026-09-04T03:37:26.037623+09:00,1788460646,1022764.2439301595,2401011.4478251617,0.4259722480109706,13,0.0,complete,1788459750110,1788460740285,10344056.43098733,4839341.98623394,0.3625482447005967,6.37,6.61,3.767660910518056,2.511773940345363,1.2102874432677773,33.333333333333535,complete_hourly_ordered,/v1/candles/minutes/60,120,False,12.836767036450091,6.31,2026-08-31T09:00:00,7.12,2026-08-31T14:00:00,D-4,8.00561797752809,70.37037037037038,True,True,0.04472773338474595,1353.7090266840312,1201.067369702548,0.03293112146154087,-0.1529051987767538,0.0,-0.020395676116646833,0.016670709233298275,0.026245334553047783,0.04472773338474595,1353.7090266840312,1201.067369702548,0.03293112146154087,-0.1529051987767538,0.0,-0.020395676116646833,0.016670709233298275,0.026245334553047783,,2105.3122636427615,,0.03926284529281787,0.3072196620583778,1.0,0.010197838058356723,-0.00833564962821054,-0.013174410233490974,0.28757559512915176,1945.5284878618575,564.5838958203641,0.04132428310811065,0.4615384615384688,0.0,0.0,0.0,0.0,0.3336296137738586,-19.46682434254623,-82.54194817053475,0.128249054784213,0.6163328197226425,1.0,0.030593514175003556,-0.025007538942507068,-0.03962739848535701,0.20660703816623405,-68.51794559598828,-83.7875178420037,0.6709256245415958,0.4615384615384688,1.0,0.02039567611669124,-0.016671495940067338,-0.02638349736458334,0.04472773338474595,952408.744641342,2216469.7781363674,-0.1529051987767538,3423775.6917553213,3536174.989240679,0.968214441358997,0.4615384615384688,False,False,rising,rising,sell_advantage_weakening,accelerating,leading_buy_inflow,False,False,False,pass,S1,⚡ 선행 시동,가격 미급등 상태에서 선행조건 4개 개선,S1,False,,,2026-09-03T18:10:00Z,33790588802-1
KRW-TAIKO,타이코,104.0,103.07333333333332,105.016,127.97,0.1295252898128263,1.8498768441634437,19.45508061785315,-0.6831070115259892,-0.546044462217667,2.7080337530587095,,,,False,False,False,False,2.2235499310879536,2.970297029702973,5.0,관찰,0.0,0.9214030370647164,0.0,0.0,0.0,False,False,False,False,2026-09-04T03:37:26.037623+09:00,1788460646,3289711.99999832,20296.05901701,162.08624527753062,7,0.0,complete,1788460004857,1788460058584,1411592.8701604,1827998.06183307,-0.12853634931507746,102.0,104.0,1.9607843137254832,1.9607843137254832,0.0,0.0,complete_hourly_ordered,/v1/candles/minutes/60,120,False,8.384458077709622,97.8,2026-08-31T08:00:00,106.0,2026-09-01T21:00:00,D-3,1.8867924528301883,24.390243902439206,False,False,162.08624527753062,,-98.66559624840275,0.9214030370647164,0.0,0.0,0.0,0.0,,162.08624527753062,,-98.66559624840275,0.9214030370647164,0.0,0.0,0.0,0.0,,159.13056174176256,-76.53220809341246,-99.57205889962863,2.8321639644075525,0.0,0.0,0.0,0.0,,,-39.71999928583829,,2.8321639644075525,0.0,0.0,0.0,0.0,,,,,3.851467372055306,0.0,0.0,0.0,0.0,,,,,3.851467372055306,0.0,0.0,0.0,0.0,,162.08624527753062,3289711.99999832,-1500687.3009829903,0.0,3310008.05901533,1415010.49876014,2.3392109542053743,0.0,False,False,rising,falling,buy_advantage_accelerating,accelerating,leading_buy_inflow,False,False,False,pass,S0,🌱 초발사 준비,발사 구조 관찰 또는 초기 준비,S0,False,,,2026-09-03T18:10:00Z,33790588802-1
KRW-AVAX,아발란체,10270.0,10212.0,9565.6,10690.333333333334,0.6240557051829576,-6.757547879902982,4.4744473200087365,-0.6272187995262899,-0.8904267895279346,,,5.025059188056205,,False,False,False,False,-6.940218651956098,0.7850834151128527,12.0,A급,0.19512195121951237,0.438493959382825,0.0,-0.00656900742297406,0.005491479497375273,False,False,False,False,2026-09-04T03:37:26.037623+09:00,1788460646,18236593.6509839,26056282.310758498,0.6998923880807858,32,0.0,complete,1788459839385,1788460907788,22082.58795602,20365.19343627,0.040458993695768004,9910.0,10320.0,4.137235116044402,3.632694248234114,0.4844961240310077,12.195121951219393,complete_hourly_ordered,/v1/candles/minutes/60,120,False,6.666666666666665,9675.0,2026-09-02T19:00:00,10320.0,2026-09-04T01:00:00,D0,0.6782945736434121,10.852713178294508,False,False,-0.34302078943574743,59.620749135523845,137.85168336376242,0.438493959382825,0.19512195121951237,0.0,-0.00656900742297406,0.005491479497375273,0.012350164429708599,-0.34302078943574743,59.620749135523845,137.85168336376242,0.438493959382825,0.19512195121951237,0.0,-0.00656900742297406,0.005491479497375273,0.012350164429708599,-0.7632119204530406,38.7271789266122,190.00505885604957,0.5061131567481674,-0.09727626459143934,0.0,0.013138014845970325,-0.01098321584196782,-0.024792535885480582,-1.5711959728452136,-79.07208950728703,-32.09079745982974,0.627455975545244,0.0,0.0,0.0,0.0,0.0,0.10182262365542305,83.22518684439204,56.56899003189342,1.6836252214756495,0.0,0.0,-0.01970702226892218,0.01647418165488368,0.036958856401461126,0.014965887227141983,-36.91054066018762,-38.25959052811103,1.9283022901217972,0.29296875,0.0,0.013138014845970325,-0.01098321584196782,-0.024792535885480582,-0.34302078943574743,6811641.8513276,15101437.7024448,0.19512195121951237,44292875.9617424,25616715.0253166,1.7290615099542797,0.29296875,False,False,rising,rising,sell_advantage_accelerating,accelerating,neutral,False,False,False,pass,S0,🌱 초발사 준비,발사 구조 관찰 또는 초기 준비,S2,True,발사 구조 관찰 또는 초기 준비,2026-09-04T03:37:26.037623+09:00,2026-09-03T18:10:00Z,33790588802-1
KRW-XAUT,테더골드,6114000.0,6237066.666666667,6059400.0,6287216.666666667,-0.05127985983505168,-2.932083484613443,0.7976502585934951,0.13722748530447837,0.008721807261965985,,,,,False,False,False,False,3.4657652810490935,-1.4665592264302973,7.0,B급,-0.22845953002611497,0.15665430437776795,0.0,-0.014956625785222943,0.013003879630505755,False,False,False,False,2026-09-04T03:37:26.037623+09:00,1788460646,0.0,26911.35516,0.0,3,0.0,complete,1788459971508,1788460268788,28.55117123,18.09418891,0.2241805463311833,6042000.0,6170000.0,2.1185038066865225,1.1916583912611634,0.9076175040518639,43.75000000000026,complete_hourly_ordered,/v1/candles/minutes/60,120,False,4.487722269263328,5905000.0,2026-09-02T12:00:00,6170000.0,2026-09-04T00:00:00,D0,0.9076175040518608,21.132075471697803,False,False,,-100.0,,0.15665430437776795,-0.22845953002611497,0.0,-0.014956625785222943,0.013003879630505755,,,-100.0,,0.15665430437776795,-0.22845953002611497,0.0,-0.014956625785222943,0.013003879630505755,,-0.19836053062120432,-100.0,-99.19704071123837,0.1658586996554634,-0.09803921568627416,0.0,-0.013888295371988768,0.012075047089922908,,,,,0.30903412032259325,-0.21217561612534297,0.0,-0.013888295371988768,0.012075047089922908,,0.0,,-97.65955529009308,0.36945921268589643,-0.27727939977165716,0.0,-0.020298277851360513,0.017648005400915157,,-52.74549718269882,-100.0,-19.523603460154582,0.3722920186690182,-0.48828125,0.0,-0.032049912396903135,0.027864865430377028,,,-243219.75247,26911.35516,-0.22845953002611497,26911.35516,1207726.7010899999,0.022282653133123505,-0.48828125,False,False,falling,rising,sell_only,accelerating,neutral,False,False,False,pass,S0,🌱 초발사 준비,발사 구조 관찰 또는 초기 준비,S0,False,,,2026-09-03T18:10:00Z,33790588802-1
KRW-CPOOL,클리어풀,27.2,26.98,26.63,33.391666666666666,0.7719123505976144,-1.3143071723620032,19.201397554280007,-0.9655874477643405,-0.9723068140342512,,,,,False,False,False,False,1135.600407115952,4.615384615384621,10.0,A급,-0.3663003663003761,0.9852666168335418,0.0,-0.02490039840636893,0.01794817692482198,False,True,False,False,2026-09-04T03:37:26.037623+09:00,1788460646,32128.043360112,574746.156109264,0.05589953585353634,6,0.0,complete,1788460137168,1788460897609,4433233.158063,7434684.6977193,-0.25290464394257073,26.9,27.6,2.602230483271395,1.1152416356877248,1.4492753623188481,57.14285714285775,complete_hourly_ordered,/v1/candles/minutes/60,120,False,16.15384615384614,26.0,2026-08-30T08:00:00,30.2,2026-08-31T14:00:00,D-4,9.93377483443708,71.42857142857137,False,True,-0.13206629600138065,-97.81194966670094,-92.642538175691,0.9852666168335418,-0.3663003663003761,0.0,-0.02490039840636893,0.01794817692482198,,-0.13206629600138065,-97.81194966670094,-92.642538175691,0.9852666168335418,-0.3663003663003761,0.0,-0.02490039840636893,0.01794817692482198,,0.05589953585353634,,11169.532472922912,1.039242580390919,-0.3663003663003761,0.0,-0.02490039840636893,0.01794817692482198,,-44.150683590013735,-98.42006399084747,1149.4481654579638,1.1489228150173858,-0.7299270072992692,0.0,-0.04980079681276006,0.035895458053229135,,,,,1.373136252396307,-0.3663003663003761,0.0,-0.02490039840636893,0.01794817692482198,,-0.2168447825237761,-97.22687231261087,-86.46938996323787,1.3852770590258388,-0.3663003663003761,0.0,-0.02490039840636893,0.01794817692482198,,-0.13206629600138065,-1436213.103603841,-7236998.842829185,-0.3663003663003761,606874.199469376,1856064.118394664,0.3269683377071424,-0.3663003663003761,False,True,falling,falling,sell_advantage_accelerating,accelerating,neutral,True,True,False,🔴 1차 급등 완료·상승분 반납 / 신규매수 금지,S3,🔴 1차 급등 완료·반납,당일/5D 급등 후 상승분 상당 부분 반납,S3,False,,,2026-09-03T18:10:00Z,33790588802-1
KRW-IMX,이뮤터블엑스,174.0,174.0,168.0,200.68333333333334,1.2412723041117069,-3.571428571428571,13.296237853998838,-1.2853923909641218,-1.135385362651654,,,11.71077089011076,,False,False,False,False,-5.999897244327757,-3.3333333333333326,11.0,A급,0.0,0.6968412764844052,0.0,0.0,0.0,False,False,False,True,2026-09-04T03:37:26.037623+09:00,1788460646,0.0,7730441.34379653,0.0,26,0.0,complete,1788459753541,1788460657179,416767.29364245,559939.08913539,-0.14658632114776055,170.0,177.0,4.117647058823537,2.35294117647058,1.694915254237288,42.85714285714317,complete_hourly_ordered,/v1/candles/minutes/60,120,False,6.626506024096379,166.0,2026-09-02T19:00:00,177.0,2026-09-04T01:00:00,D0,1.6949152542372836,27.272727272727305,False,True,0.0,,7549.879695732799,0.6968412764844052,0.0,0.0,0.0,0.0,0.0,0.0,,7549.879695732799,0.6968412764844052,0.0,0.0,0.0,0.0,0.0,-0.35729857310068436,-100.0,26.621535183198453,0.6968412764844052,0.0,0.0,0.0,0.0,0.0,-0.03156325267376934,-100.0,143.9978734176628,2.2905531995007884,-0.5714285714285672,0.0,0.0,0.0,0.0,,,,2.5539380468827186,-1.1363636363636354,-1.0,-0.07757951900697613,0.05923403403537719,0.17256252012689366,-0.17830495440120336,-100.0,931.2554177232428,2.5539380468827186,-1.1363636363636354,-1.0,-0.07757951900697613,0.05923403403537719,0.17256252012689366,0.0,0.0,7629388.2337965295,0.0,7730441.34379653,701637.30820449,11.017717064645481,-1.1363636363636354,False,False,flat_or_na,rising,sell_only,accelerating,neutral,False,False,False,pass,S0,🌱 초발사 준비,발사 구조 관찰 또는 초기 준비,S0,False,,,2026-09-03T18:10:00Z,33790588802-1
KRW-SC,시아코인,0.979,0.9104666666666666,0.79744,1.0088416666666666,2.491557223264551,-14.17368913857677,9.751282411346345,-3.033523219994427,-2.9102562603793305,,,3.350661089231825,,False,False,False,False,1134.1892559584514,12.788018433179715,13.0,A급,0.41025641025640436,0.3605229208299079,0.0,0.030018761726080534,-0.023451804766722262,False,True,False,True,2026-09-04T03:37:26.037623+09:00,1788460646,390705.90737425804,1583249.622376299,0.24677467270628345,14,0.0,complete,1788459758644,1788460922334,30743343.35765204,405622217.9577189,-0.8590936311977511,1.05,1.05,0.0,-6.761904761904769,6.761904761904767,,complete_hourly_ordered,/v1/candles/minutes/60,120,False,84.14634146341464,0.82,2026-08-31T11:00:00,1.51,2026-09-01T18:00:00,D-3,35.099337748344375,76.81159420289858,True,True,-2.3212627607532452,-85.2853700080725,53.12641376188492,0.3605229208299079,0.41025641025640436,0.0,0.030018761726080534,-0.023451804766722262,-0.01348020181379539,-2.3212627607532452,-85.2853700080725,53.12641376188492,0.3605229208299079,0.41025641025640436,0.0,0.030018761726080534,-0.023451804766722262,-0.01348020181379539,-2.4006912337268314,-92.44102030296989,-18.90520685999967,0.3862493730703136,0.5133470225872738,0.0,0.03752345215761732,-0.029314998117046187,-0.016857194748014503,-0.7644224942518885,-89.4624499677078,-56.82076842619781,0.4935444371426456,0.7201646090535085,-1.0,0.06003752345216107,-0.04690515938712991,-0.027004890491660216,-2.342137634461535,-93.690629695373,-33.8084161839025,0.7411687381202228,2.085505735140769,-1.0,0.15009380863040267,-0.11727452390699611,-0.06784809087395605,-1.646004459483501,-93.92307555449662,-53.3895612049579,0.8558260779614102,2.4058577405857706,-1.0,0.17260787992494642,-0.13486904522101284,-0.07812246681191004,-2.3212627607532452,-2264514.832723188,549300.2314904858,0.41025641025640436,1973955.5297505572,16837493.760172173,0.11723570965292951,2.4058577405857706,False,True,falling,rising,sell_advantage_accelerating,accelerating,neutral,True,True,False,🔴 1차 급등 완료·상승분 반납 / 신규매수 금지,S3,🔴 1차 급등 완료·반납,당일/5D 급등 후 상승분 상당 부분 반납,S3,False,,,2026-09-03T18:10:00Z,33790588802-1
KRW-INJ,인젝티브,6720.0,7062.666666666667,6892.7,7320.083333333333,0.4027863336966364,-2.465893868392171,3.51658109538825,-0.8303091019454729,-0.47657756690207764,,,7.3788221259495455,,False,False,False,False,512.8953451396768,-6.341463414634141,13.0,A급,-0.29673590504450953,0.2762768781443583,0.0,-0.02369331374685313,0.020021873590385653,False,True,False,False,2026-09-04T03:37:26.037623+09:00,1788460646,3852603.9275618996,5985809.2163001,0.6436229068361855,13,0.0,complete,1788459779148,1788460940374,10684.74384699,15130.94821421,-0.17222874973406097,6470.0,6795.0,5.0231839258114475,3.863987635239563,1.1037527593818985,23.076923076923315,complete_hourly_ordered,/v1/candles/minutes/60,120,False,41.70324846356452,5695.0,2026-09-01T18:00:00,8070.0,2026-09-02T16:00:00,D-2,16.790582403965303,57.05263157894734,True,True,-580.0379863787036,-66.8268818356417,29829.04608598986,0.2762768781443583,-0.29673590504450953,0.0,-0.02369331374685313,0.020021873590385653,0.10314462127648039,-580.0379863787036,-66.8268818356417,29829.04608598986,0.2762768781443583,-0.29673590504450953,0.0,-0.02369331374685313,0.020021873590385653,0.10314462127648039,-2.857123440618499,-47.77235259499817,184.07277607312773,0.48707719068772803,-0.3706449221645647,0.0,-0.02369331374685313,0.020021873590385653,0.10314462127648039,0.5387195344693277,654.6751801264313,23.003657259480192,0.6590150780457407,-0.3706449221645647,0.0,-0.02369331374685313,0.020021873590385653,0.10314462127648039,-0.7401786184128177,110.87225591906949,353.37937210456784,0.9004513669334528,-0.14858841010401136,0.0,-0.004738662749370626,0.004004465890802944,0.020767828931093746,0.2919014033203234,-84.85039186300529,-91.72117260740052,1.7974312421208651,0.07446016381236209,1.0,0.04264796474433563,-0.03604224456722749,-0.19011073264879386,-580.0379863787036,-7761028.256406851,5965809.2163031,-0.29673590504450953,9838413.143862,20701753.584705025,0.47524539907241803,0.07446016381236209,False,True,falling,rising,sell_advantage_accelerating,accelerating,neutral,False,True,False,pass,S0,🌱 초발사 준비,발사 구조 관찰 또는 초기 준비,S2,True,발사 구조 관찰 또는 초기 준비,2026-09-04T03:37:26.037623+09:00,2026-09-03T18:10:00Z,33790588802-1
KRW-MVL,엠블,1.26,1.2113333333333332,1.167,1.42875,1.2256267409470611,-3.7989145958297437,15.217264508603101,-1.4021877640179996,-1.3825368349861598,,,11.006769674064733,,False,False,False,False,278.9560292806036,3.2520325203251987,13.0,A급,-0.78125,0.02130963165183175,0.0,-0.05571030640669772,0.041713359647069126,False,False,False,True,2026-09-04T03:37:26.037623+09:00,1788460646,0.0,505287.0727063783,0.0,3,0.0,complete,1788460588173,1788460626543,120608840.57072954,164472475.65962046,-0.15386359116375217,1.25,1.28,2.400000000000002,0.8000000000000007,1.5625000000000013,66.66666666666666,complete_hourly_ordered,/v1/candles/minutes/60,120,False,14.285714285714302,1.19,2026-08-30T12:00:00,1.36,2026-09-01T18:00:00,D-3,7.352941176470596,58.82352941176475,False,False,,,,0.02130963165183175,-1.5625,0.0,-0.05571030640669772,0.041713359647069126,0.09601063742505822,,,,0.02130963165183175,-1.5625,0.0,-0.05571030640669772,0.041713359647069126,0.09601063742505822,,-100.0,,0.02130963165183175,-1.5625,0.0,-0.05571030640669772,0.041713359647069126,0.09601063742505822,,-100.0,,0.02179888737117608,-0.7874015748031482,0.0,0.0,0.0,0.0,,,,0.9992193837577474,-0.7874015748031482,0.0,0.0,0.0,0.0,,-100.0,,0.9992193837577474,-0.7874015748031482,0.0,0.0,0.0,0.0,,0.0,505287.0727063783,-1.5625,505287.0727063783,142001.26344077958,3.5583280068286434,-0.7874015748031482,False,True,flat_or_na,rising,sell_only,accelerating,neutral,False,False,False,pass,S0,🌱 초발사 준비,발사 구조 관찰 또는 초기 준비,S0,False,,,2026-09-03T18:10:00Z,33790588802-1
KRW-HIVE,하이브,63.2,60.1,61.361999999999995,73.28500000000001,0.8953553441522155,2.056647436524223,17.991403424984657,-1.0632384838477815,-0.9157615838031056,1.9343237361775767,,,,False,False,False,False,2426.782776901896,6.218487394957983,8.0,B급,0.15847860538826808,1.2949336557762763,0.0,0.011191941801902416,-0.008164467124824881,False,True,False,False,2026-09-04T03:37:26.037623+09:00,1788460646,1068416.999715359,1078608.845063464,0.9905509347575344,32,0.0,complete,1788459829758,1788460909516,2540641.14786482,2526712.76889754,0.00274864933376889,60.9,76.4,25.451559934318556,3.776683087027921,17.277486910994767,85.16129032258061,complete_hourly_ordered,/v1/candles/minutes/60,120,False,31.951640759930932,57.9,2026-08-31T08:00:00,76.4,2026-09-03T13:00:00,D-1,17.015706806282726,70.2702702702703,True,True,-7.701121591582437,-92.56588012438603,-34.76868961189942,1.2949336557762763,0.15847860538826808,0.0,0.011191941801902416,-0.008164467124824881,,-7.701121591582437,-92.56588012438603,-34.76868961189942,1.2949336557762763,0.15847860538826808,0.0,0.011191941801902416,-0.008164467124824881,,-94.15701420496842,-91.26859369707772,738.6969521885993,2.795267486166722,0.797448165869219,0.0,0.0671516508114367,-0.0489895881157878,,-0.9486164503828024,-89.43368022922083,-79.31468038493752,3.4960601017342015,0.9584664536741228,0.0,0.044767767207609666,-0.032658982620695554,,0.6028058655243773,-90.21834771040075,-96.171032391006,7.798829279849542,0.4769475357710773,0.0,0.03357582540570725,-0.024493958428834617,,0.7077165804013541,-79.8885932108054,-94.25754238896488,10.347797365453062,0.4769475357710773,0.0,0.044767767207609666,-0.032658982620695554,,-7.701121591582437,-13303385.144881077,-574905.147904279,0.15847860538826808,2147025.8447788227,142293945.00629392,0.01508866624425836,0.4769475357710773,False,True,falling,falling,sell_advantage_accelerating,accelerating,neutral,True,True,False,🔴 1차 급등 완료·상승분 반납 / 신규매수 금지,S3,🔴 1차 급등 완료·반납,당일/5D 급등 후 상승분 상당 부분 반납,S3,False,,,2026-09-03T18:10:00Z,33790588802-1
KRW-CBK,코박토큰,246.0,241.4,241.38,285.6666666666667,0.6952169076752002,-0.008285690612316775,15.49591598599767,-0.8685113672949626,-0.9046279070231584,,,,,True,False,False,False,54.79207160653079,1.6528925619834656,9.0,B급,0.40816326530612734,0.054722214109645506,2.0,0.02780867630700623,-0.020872718456956818,False,False,False,False,2026-09-04T03:37:26.037623+09:00,1788460646,0.0,98491.22925252,0.0,2,0.0,complete,1788460429738,1788460780859,695732.10428004,919089.17888296,-0.13831690040982345,242.0,262.0,8.264462809917351,1.6528925619834656,6.106870229007633,80.00000000000006,complete_hourly_ordered,/v1/candles/minutes/60,120,False,11.016949152542367,236.0,2026-08-31T10:00:00,262.0,2026-09-03T14:00:00,D-1,6.106870229007633,61.53846153846142,False,True,0.0,,-32.999163773795914,0.054722214109645506,0.40816326530612734,2.0,0.02780867630700623,-0.020872718456956818,,0.0,,-32.999163773795914,0.054722214109645506,0.40816326530612734,2.0,0.02780867630700623,-0.020872718456956818,,-2.5222211132240857,-100.0,-18.943697087586354,0.054722214109645506,0.40816326530612734,2.0,0.02780867630700623,-0.020872718456956818,,0.0,,-90.40859956289745,0.08265372055718245,0.40816326530612734,2.0,0.02780867630700623,-0.020872718456956818,,-0.0995719333701384,-100.0,-80.41089789562957,0.21024776561237957,0.0,0.0,0.0,0.0,,-1.715758864196444,-100.0,-42.08450558426695,0.23620039292386963,0.0,0.0,-0.02780867630700623,0.02087150071427324,,0.0,0.0,-48508.77074748,0.40816326530612734,98491.22925252,4183593.55733825,0.02354225569540833,0.0,False,False,flat_or_na,falling,sell_only,accelerating,neutral,False,False,False,pass,S0,🌱 초발사 준비,발사 구조 관찰 또는 초기 준비,S0,False,,,2026-09-03T18:10:00Z,33790588802-1
KRW-XLM,스텔라루멘,255.0,255.66666666666666,248.84,267.06666666666666,0.5242463958060162,-2.743396024219038,4.268597104343487,-0.8017479297900877,-0.5149802294826589,,,8.288856270524509,,False,False,False,False,-40.09907929242953,2.0000000000000018,12.0,A급,0.0,0.1352229776902334,0.0,0.0,0.0,False,False,False,False,2026-09-04T03:37:26.037623+09:00,1788460646,27176039.130936917,41983675.971159756,0.6473001351669446,135,0.0,complete,1788459748421,1788460935298,10877217.26486571,10929020.23608278,-0.002375603366459553,242.0,257.0,6.198347107438007,5.371900826446274,0.7782101167315175,13.333333333333307,complete_hourly_ordered,/v1/candles/minutes/60,120,False,9.361702127659566,235.0,2026-09-02T19:00:00,257.0,2026-09-04T01:00:00,D0,1.5564202334630295,18.181818181817988,False,True,-0.03872420870079396,93.56552643661719,105.14542799353164,0.1352229776902334,0.0,0.0,0.0,0.0,0.0,-0.03872420870079396,93.56552643661719,105.14542799353164,0.1352229776902334,0.0,0.0,0.0,0.0,0.0,-3.330495117519608,-66.43064769755665,106.29071889500285,0.164736906849825,-0.390625,0.0,0.0,0.0,0.0,-4.243940137202276,-75.90240884749255,82.09035022344564,0.296644878091449,-0.390625,0.0,-0.026212319790297478,0.02197474483148998,0.11245020469372413,-0.7255607741045372,-71.1654248562114,-38.84465814278112,0.7153708384586182,0.0,0.0,0.0,0.0,0.0,-0.16168561762977285,-86.62783133673764,-83.28766928221954,1.1400656113449301,0.3937007874015741,0.0,0.026212319790297478,-0.021976116238786148,-0.11439327301640922,-0.03872420870079396,13136328.842010196,21518352.233853005,0.0,69159715.10209668,92671787.83336885,0.7462866177401398,0.3937007874015741,False,False,rising,rising,sell_advantage_accelerating,accelerating,neutral,False,False,False,pass,S0,🌱 초발사 준비,발사 구조 관찰 또는 초기 준비,S0,False,,,2026-09-03T18:10:00Z,33790588802-1
KRW-OP,옵티미즘,142.0,137.2,131.28,155.15,0.8823529411764675,-4.5094454600853044,11.569448920399623,-1.037420581541539,-0.9529144677937307,,,12.141120018028694,,False,False,False,False,160.08249678498322,14.516129032258075,12.0,A급,0.0,2.9380744066632474,0.0,0.0,0.0,False,False,False,False,2026-09-04T03:37:26.037623+09:00,1788460646,510058.00000016,20016.000500000002,25.482513352263354,8,0.0,complete,1788459867929,1788460698906,1001094.79139691,1578332.29252564,-0.22378515939707105,137.0,143.0,4.379562043795615,3.649635036496357,0.6993006993006993,16.666666666666412,complete_hourly_ordered,/v1/candles/minutes/60,120,False,21.18644067796611,118.0,2026-08-31T08:00:00,143.0,2026-09-04T01:00:00,D0,0.6993006993006978,4.000000000000097,False,True,,-82.9980666666611,,2.9380744066632474,0.0,0.0,0.0,0.0,0.0,,-82.9980666666611,,2.9380744066632474,0.0,0.0,0.0,0.0,0.0,23.00011985698307,-96.47974164438739,-99.65707203512942,3.1097421618008525,0.0,0.0,0.0,0.0,0.0,25.39102975374277,26.84454641024083,-99.54462123112008,3.99184405128824,0.0,0.0,0.0,0.0,0.0,24.786916282806267,-63.92991175836513,-99.01539352382164,4.812349512859015,0.7092198581560183,0.0,0.04901960784313708,-0.038221488366570355,-0.13861838447215824,11.96635639948665,-97.35982903509982,-98.59962929674732,5.739617059259956,1.4285714285714235,0.0,0.09803921568627416,-0.07644708303827841,-0.27951228984970555,,-2489941.9999997998,20016.000500000002,0.0,530074.00050016,7744518.14395836,0.0684450588980388,1.4285714285714235,False,True,falling,rising,buy_advantage_weakening,accelerating,neutral,False,False,False,pass,S2,🚀 발사 진행,가격 상승 초입과 실제 매수수급·구조 동반,S0,True,가격 상승 초입과 실제 매수수급·구조 동반,2026-09-04T03:37:26.037623+09:00,2026-09-03T18:10:00Z,33790588802-1
KRW-SAFE,세이프,132.0,127.06666666666666,125.16,149.88333333333333,0.5804749340369453,-1.5233834025780333,15.222951184254418,-1.0317664233867525,-0.7907981614703022,,,,,False,False,False,False,611.5504933468972,8.196721311475418,10.0,A급,0.0,0.6419170398295364,0.0,0.0,0.0,False,True,False,False,2026-09-04T03:37:26.037623+09:00,1788460646,649987.9999998,8962.739940000001,72.52112683744787,3,0.0,complete,1788460341274,1788460689048,1017740.9437868,2977926.85923042,-0.4905777987758239,132.0,133.0,0.7575757575757569,0.0,0.7518796992481203,100.0,complete_hourly_ordered,/v1/candles/minutes/60,120,False,27.499999999999993,120.0,2026-08-31T08:00:00,153.0,2026-09-02T20:00:00,D-2,13.725490196078427,63.636363636363605,False,False,-23.140308348012823,-88.9960197534594,-85.48482919334658,0.6419170398295364,0.0,0.0,0.0,0.0,,-23.140308348012823,-88.9960197534594,-85.48482919334658,0.6419170398295364,0.0,0.0,0.0,0.0,,69.51501094644483,-75.9444701088813,-99.00286007918385,1.5828240992871088,1.538461538461533,0.0,0.10554089709762238,-0.07953991894842893,,72.52112683744787,,-9.68315906308307,1.6999860762196022,1.538461538461533,0.0,0.10554089709762238,-0.07953991894842893,,,,,1.7210522330399272,1.538461538461533,0.0,0.10554089709762238,-0.07953991894842893,,72.52112683744787,,-98.55197007696964,1.7978216971456504,1.538461538461533,0.0,0.05277044854881119,-0.03976774818928419,,-23.140308348012823,-5256856.482060601,-52784.655660000004,0.0,658950.7399398,3600876.2813520906,0.1829973285536961,1.538461538461533,False,True,falling,falling,buy_advantage_weakening,accelerating,neutral,True,True,False,🔴 1차 급등 완료·상승분 반납 / 신규매수 금지,S3,🔴 1차 급등 완료·반납,당일/5D 급등 후 상승분 상당 부분 반납,S3,False,,,2026-09-03T18:10:00Z,33790588802-1
KRW-GLM,골렘,148.0,148.93333333333334,139.04,160.93333333333334,1.0402532790592556,-7.115458381281176,7.456503728251864,-1.045286310314871,-1.1177392383856515,,,6.671058393746002,,False,False,False,False,18.702584614319285,-5.128205128205132,12.0,A급,0.6802721088435382,0.28873114014718126,1.0,0.04522840343736956,-0.03663489740191039,False,False,False,True,2026-09-04T03:37:26.037623+09:00,1788460646,4538075.99384384,0.0,,10,0.0,complete,1788459928259,1788460144414,1404911.07950044,1580644.62741958,-0.05886125236645858,145.0,154.0,6.206896551724128,2.0689655172413834,3.896103896103896,66.66666666666656,complete_hourly_ordered,/v1/candles/minutes/60,120,False,8.450704225352123,142.0,2026-09-02T10:00:00,154.0,2026-09-03T09:00:00,D-1,3.8961038961038974,50.00000000000012,False,False,,,-100.0,0.28873114014718126,0.6802721088435382,1.0,0.04522840343736956,-0.03663489740191039,-0.07701068200527939,,,-100.0,0.28873114014718126,0.6802721088435382,1.0,0.04522840343736956,-0.03663489740191039,-0.07701068200527939,,597.0960296148983,,0.28873114014718126,0.6802721088435382,1.0,0.04522840343736956,-0.03663489740191039,-0.07701068200527939,,,-100.0,0.32728804114530163,0.0,0.0,0.0,0.0,0.0,,16.870460013688326,-100.0,0.37615692199866047,0.6802721088435382,1.0,0.04522840343736956,-0.03663489740191039,-0.07701068200527939,,268.7984902069309,-100.0,1.0038210093203723,0.6802721088435382,1.0,0.04522840343736956,-0.03663489740191039,-0.07701068200527939,,4538075.99384384,-352800.0,0.6802721088435382,4538075.99384384,7630612.989761076,0.5947197164805934,0.6802721088435382,False,False,rising,falling,buy_only,accelerating,neutral,False,False,False,pass,S1,⚡ 선행 시동,가격 미급등 상태에서 선행조건 6개 개선,S0,True,가격 미급등 상태에서 선행조건 6개 개선,2026-09-04T03:37:26.037623+09:00,2026-09-03T18:10:00Z,33790588802-1
KRW-SUPER,슈퍼버스,156.0,150.0,130.08,143.01666666666668,1.3970256872465114,-15.313653136531356,-4.882880783125501,-0.9764213892230682,-1.4513232820555113,,,,,False,False,False,False,-89.70911830624365,1.298701298701288,9.0,B급,1.298701298701288,0.21286234664025017,0.0,0.09013068949976777,-0.08101598126069298,False,False,False,False,2026-09-04T03:37:26.037623+09:00,1788460646,3224692.32257484,0.0,,5,0.0,complete,1788460074801,1788460445704,486802.55335245,530125.83035446,-0.042602092434560535,147.0,157.0,6.802721088435382,6.1224489795918435,0.6369426751592357,10.0,complete_hourly_ordered,/v1/candles/minutes/60,120,False,8.275862068965512,145.0,2026-09-03T04:00:00,157.0,2026-09-04T03:00:00,D0,0.6369426751592355,8.333333333333366,False,True,,,,0.21286234664025017,1.298701298701288,0.0,0.09013068949976777,-0.08101598126069298,,,,,0.21286234664025017,1.298701298701288,0.0,0.09013068949976777,-0.08101598126069298,,,,,0.21286234664025017,1.298701298701288,0.0,0.09013068949976777,-0.08101598126069298,,,636.5304444671212,-100.0,0.21286234664025017,1.298701298701288,0.0,0.09013068949976777,-0.08101598126069298,,,818.6879621862527,,0.23686223547883856,1.298701298701288,0.0,0.13519603424965165,-0.12153105412031184,,,4153.650339794533,-100.0,0.23686223547883856,1.9607843137254832,0.0,0.13519603424965165,-0.12153105412031184,,,3224692.32257484,0.0,1.298701298701288,3224692.32257484,245783.41946698504,13.120056387725528,1.9607843137254832,False,False,rising,flat_or_na,buy_only,accelerating,neutral,False,False,False,pass,S0,🌱 초발사 준비,발사 구조 관찰 또는 초기 준비,S0,False,,,2026-09-03T18:10:00Z,33790588802-1
KRW-LINEA,리네아,3.57,3.4386666666666668,3.3226,3.86275,1.0381978452497664,-3.4932482593952554,10.978793174120337,-1.0743926726047957,-1.1739651603510155,,,9.351890111319555,,False,False,False,False,22.52495936276442,3.4782608695651973,13.0,A급,0.2808988764044784,1.1115136459012973,0.0,0.019588638589618235,-0.015338686425049985,False,False,False,True,2026-09-04T03:37:26.037623+09:00,1788460646,0.0,2681520.7182621136,0.0,6,0.0,complete,1788459772848,1788460648592,38522951.57606276,15998623.31211366,0.413126882525797,3.47,3.59,3.458213256484144,2.881844380403442,0.5571030640668528,16.666666666666988,complete_hourly_ordered,/v1/candles/minutes/60,120,False,8.682634730538918,3.34,2026-08-31T08:00:00,3.63,2026-09-01T11:00:00,D-3,1.6528925619834767,20.689655172413836,True,True,,-100.0,,1.1115136459012973,0.2808988764044784,0.0,0.019588638589618235,-0.015338686425049985,-0.03760178093959077,,-100.0,,1.1115136459012973,0.2808988764044784,0.0,0.019588638589618235,-0.015338686425049985,-0.03760178093959077,,-100.0,,1.1622741345165721,0.5633802816901401,1.0,0.03917727717923647,-0.030678034699313628,-0.07540274718168227,-1.6453959460508945,-100.0,4802.351396118402,1.297020437621569,0.8474576271186418,1.0,0.05876591576887691,-0.04601804486563843,-0.11340448562508065,0.0,,69.16883302976804,1.3797156335986216,1.1331444759206777,1.0,0.07835455435849514,-0.06135871696685413,-0.15160860007041776,-0.7549791355732903,-100.0,-40.135814999464294,1.7228788171702618,1.4204545454545414,1.0,0.09794319294809117,-0.07670005104579758,-0.19001671144582133,,-731002.64,2681520.7182621136,0.2808988764044784,2681520.7182621136,2524760.6153003485,1.0620890955014826,1.4204545454545414,False,True,falling,rising,sell_only,accelerating,neutral,False,False,False,pass,S1,⚡ 선행 시동,가격 미급등 상태에서 선행조건 4개 개선,S1,False,,,2026-09-03T18:10:00Z,33790588802-1
KRW-DATA,데이터네트워크,265.0,260.53333333333336,307.28,460.1,0.43690567977385797,15.213052156556437,43.374628703904946,-1.0285244522496217,-0.6591573883946985,14.791142906988705,,,,False,False,False,False,83.3139029392353,3.9215686274509887,8.0,B급,0.0,0.08957416078865776,0.0,0.0,0.0,False,False,False,False,2026-09-04T03:37:26.037623+09:00,1788460646,987500.0000001,9622499.99999815,0.1026240581969644,11,0.0,complete,1788459845066,1788460928837,2546938.57128723,1602723.7965123,0.22754014449508708,265.0,272.0,2.6415094339622636,0.0,2.5735294117647056,100.0,complete_hourly_ordered,/v1/candles/minutes/60,120,False,11.244979919678721,249.0,2026-09-01T05:00:00,277.0,2026-09-02T09:00:00,D-2,4.332129963898912,42.857142857142975,True,False,-2.3413839444234252,-88.86902860911552,165.08582523649383,0.08957416078865776,0.0,0.0,0.0,0.0,,-2.3413839444234252,-88.86902860911552,165.08582523649383,0.08957416078865776,0.0,0.0,0.0,0.0,,-0.4012532243594422,-19.681206890311607,294.35991834044574,0.2316954593355831,0.37878787878788955,0.0,0.025700334104361566,-0.013464248586409155,,-0.41624278763107014,-55.03236870712929,127.35617186867412,0.2924859055567737,0.37878787878788955,0.0,0.025700334104361566,-0.013464248586409155,,-2.383894432625125,-93.52575673417383,56.86697522387936,0.7552722222121844,0.37878787878788955,0.0,0.025700334104361566,-0.013464248586409155,,-3.1281018647358514,-99.1772688825036,-74.09945781136788,1.1478151842767943,0.0,0.0,0.0,0.0,,-2.3413839444234252,-7884142.602628422,5992543.554226851,0.0,10609999.999998251,27001345.26152958,0.39294338475479396,0.0,False,False,falling,rising,sell_advantage_accelerating,accelerating,neutral,False,False,False,pass,S0,🌱 초발사 준비,발사 구조 관찰 또는 초기 준비,S0,False,,,2026-09-03T18:10:00Z,33790588802-1
KRW-KERNEL,커널다오,52.2,52.07333333333334,49.428000000000004,67.86583333333333,0.6572164948453585,-5.351892314747376,23.270177678998994,-0.908893572576061,-0.9356181087074418,,,,,False,False,False,False,-76.20070629487334,-1.6949152542372836,8.0,B급,-0.5714285714285672,0.08028220818241039,0.0,-0.03865979381443285,0.02664240236041593,False,False,False,False,2026-09-04T03:37:26.037623+09:00,1788460646,1000049.2000000001,12119980.687566679,0.0825124417092433,17,0.0,complete,1788459899493,1788460861637,2536567.53210425,1100920.54345153,0.3946808783512959,50.1,52.5,4.79041916167664,4.191616766467066,0.5714285714285661,12.499999999999883,complete_hourly_ordered,/v1/candles/minutes/60,120,False,11.439842209072971,50.7,2026-08-31T08:00:00,56.5,2026-08-31T18:00:00,D-4,7.2566371681416,70.68965517241382,False,True,,633.420950310341,,0.08028220818241039,-0.5714285714285672,0.0,-0.03865979381443285,0.02664240236041593,,,633.420950310341,,0.08028220818241039,-0.5714285714285672,0.0,-0.03865979381443285,0.02664240236041593,,-16.43213893603192,-80.80142843592763,3742.544345597182,0.11422652206802297,0.5780346820809301,0.0,0.03865979381443285,-0.026644365305742213,,,,,0.11616593166296241,0.7722007722007929,0.0,0.051546391752577136,-0.035526256655202815,,,2400.773201032269,,0.1184322376474114,0.7722007722007929,0.0,0.051546391752577136,-0.035526256655202815,,,,,0.11869077387272853,0.7722007722007929,0.0,0.051546391752577136,-0.035526256655202815,,,863695.145813678,12119980.687566679,-0.5714285714285672,13120029.887566678,1346187.7372682306,9.746062547108528,0.7722007722007929,False,False,rising,rising,sell_advantage_weakening,accelerating,neutral,False,False,False,pass,S0,🌱 초발사 준비,발사 구조 관찰 또는 초기 준비,S0,False,,,2026-09-03T18:10:00Z,33790588802-1
KRW-POKT,포켓네트워크,10.3,10.168000000000001,10.2552,12.371333333333332,0.5604272433572977,0.8503003354395747,17.80999083903647,-0.7656444347958058,-0.8162291220746859,1.1105681655824304,,,,False,False,False,False,264.79133555825996,3.3099297893681046,8.0,B급,-1.904761904761898,1.7061779931071896,0.0,-0.13186523373112102,0.09669037296787764,False,False,False,False,2026-09-04T03:37:26.037623+09:00,1788460646,2994706.999999995,0.0,,2,0.0,complete,1788460701845,1788460701845,14342695.95743048,59342720.55097385,-0.6107046241424285,10.8,11.5,6.481481481481466,-4.629629629629628,10.434782608695645,171.42857142857156,complete_hourly_ordered,/v1/candles/minutes/60,120,False,16.632860040567966,9.86,2026-08-30T12:00:00,11.5,2026-09-03T10:00:00,D-1,8.695652173913048,60.97560975609759,False,False,,45.77899123050586,,1.7061779931071896,-1.904761904761898,0.0,-0.13186523373112102,0.09669037296787764,,,45.77899123050586,,1.7061779931071896,-1.904761904761898,0.0,-0.13186523373112102,0.09669037296787764,,,,,1.7061779931071896,-1.904761904761898,0.0,-0.13186523373112102,0.09669037296787764,,,1896.9068097297857,,1.7105550318147493,-1.904761904761898,0.0,-0.13186523373112102,0.09669037296787764,,,-33.06062932061923,-100.0,2.9623378445971866,-0.9615384615384581,0.0,-0.06593261686556051,0.04834844279760375,,,2894.7070000002946,-100.0,4.363595830494489,-1.904761904761898,0.0,-0.13186523373112102,0.09669037296787764,,,940428.1394303248,0.0,-1.904761904761898,2994706.999999995,4404093.473671272,0.6799826156967539,-1.904761904761898,False,False,rising,flat_or_na,buy_only,accelerating,neutral,True,True,False,🔴 1차 급등 완료·상승분 반납 / 신규매수 금지,S3,🔴 1차 급등 완료·반납,당일/5D 급등 후 상승분 상당 부분 반납,S3,False,,,2026-09-03T18:10:00Z,33790588802-1
KRW-SENT,센티언트,18.1,17.726666666666667,18.528,20.83083333333333,0.45334340763130143,4.324985607369021,14.90178821458574,-0.43730174584882225,-0.4123497398350612,9.890163138896302,,,,False,False,False,False,31.276409622168288,2.259887005649719,8.0,B급,0.0,0.5858250255643682,0.0,0.0,0.0,False,False,False,False,2026-09-04T03:37:26.037623+09:00,1788460646,1552507.835432466,537480.3292936729,2.888492379754039,15,0.0,complete,1788459760515,1788460696410,8138151.75152977,13421784.13669287,-0.2450671659023506,18.0,18.2,1.1111111111111072,0.5555555555555536,0.5494505494505377,50.0,complete_hourly_ordered,/v1/candles/minutes/60,120,False,8.284023668639072,16.9,2026-08-31T08:00:00,18.3,2026-09-03T02:00:00,D-1,1.0928961748633892,14.285714285714315,True,True,,-64.71573101289216,,0.5858250255643682,0.0,0.0,0.0,0.0,,,-64.71573101289216,,0.5858250255643682,0.0,0.0,0.0,0.0,,,,,0.8148956031393197,0.5555555555555536,0.0,0.03777861730260845,-0.02860064763219583,,,,,0.8148956031393197,0.5555555555555536,0.0,0.03777861730260845,-0.02860064763219583,,2.888492379754039,,-44.434072175940784,0.9361326039407416,0.5555555555555536,0.0,0.03777861730260845,-0.02860064763219583,,2.2849824308887836,3.500522362193381,-78.37501826345358,1.2335969044256814,0.5555555555555536,0.0,0.03777861730260845,-0.02860064763219583,,,-2847492.164566743,537480.3292936729,0.0,2089988.1647261388,954702.86605,2.189150403803943,0.5555555555555536,False,False,falling,rising,buy_advantage_weakening,accelerating,neutral,False,False,False,pass,S0,🌱 초발사 준비,발사 구조 관찰 또는 초기 준비,S0,False,,,2026-09-03T18:10:00Z,33790588802-1
KRW-ZKC,바운드리스,66.6,61.32,57.878,73.0175,1.489572989076482,-5.946991948581499,16.020132160098605,-1.6725869217670055,-1.8085671839538016,,,8.857913768553608,,False,False,False,False,8842.55722471747,19.675090252707573,10.0,A급,-0.1506024096385672,0.3081373489821999,0.0,-0.011033873993149257,0.00817169354909808,False,True,False,True,2026-09-04T03:37:26.037623+09:00,1788460646,1726607.7994000951,3518694.078641538,0.49069562764225483,18,0.0,complete,1788459780541,1788460633057,1456391.13488686,2109343.40545836,-0.18311858697935599,66.1,68.2,3.177004538577921,0.7564296520423675,2.3460410557184876,76.19047619047602,complete_hourly_ordered,/v1/candles/minutes/60,120,False,83.63636363636364,55.0,2026-08-30T09:00:00,101.0,2026-08-30T18:00:00,D-4,34.05940594059407,74.7826086956522,True,False,-1.9474135468730673,-63.02171509455741,83.73323626093261,0.3081373489821999,0.30120481927709,0.0,-0.011033873993149257,0.00817169354909808,0.012511604164361145,-1.9474135468730673,-63.02171509455741,83.73323626093261,0.3081373489821999,0.30120481927709,0.0,-0.011033873993149257,0.00817169354909808,0.012511604164361145,-0.5739622027953594,-77.31775640439993,-50.786542827002904,0.6571967145919189,0.7564296520423675,0.0,0.022067747986320718,-0.01634394668188932,-0.02509202959807233,0.22853577778410422,359.29079036659715,145.3814500493623,1.1896870372384,0.15037593984961184,0.0,-0.022067747986320718,0.016343200578848638,0.025000351722283654,-5.58119397941392,-86.94563484190596,61.535297371624154,1.9754893785975582,0.0,0.0,-0.033101621979469975,0.024514521095600372,0.037466305249344245,0.319703431697144,-19.48388317596087,-71.94263235874413,2.284971563401996,0.30120481927709,0.0,-0.011033873993149257,0.00817169354909808,0.012511604164361145,-1.9474135468730673,-2942640.1222252995,1603583.8077679598,0.30120481927709,5245301.878041633,15999550.69056755,0.3278405737439848,0.30120481927709,False,True,falling,rising,sell_advantage_accelerating,accelerating,neutral,True,True,False,🔴 1차 급등 완료·상승분 반납 / 신규매수 금지,S3,🔴 1차 급등 완료·반납,당일/5D 급등 후 상승분 상당 부분 반납,S3,False,,,2026-09-03T18:10:00Z,33790588802-1
KRW-KNC,카이버네트워크,158.0,159.46666666666667,153.3,174.35,0.5887300252312988,-4.022613611654701,8.536468788834716,-0.7183025569355823,-0.877986026056455,,,9.722784344503697,,False,False,False,False,-63.73773903225282,-6.508875739644971,10.0,A급,1.2820512820512775,1.0119463843558378,0.0,0.0420521446593769,-0.033867237167862996,False,False,False,False,2026-09-04T03:37:26.037623+09:00,1788460646,0.0,1463039.89498798,0.0,4,0.0,complete,1788460015588,1788460385493,698185.22483347,1173852.42503894,-0.254090616306723,156.0,158.0,1.2820512820512775,1.2820512820512775,0.0,0.0,complete_hourly_ordered,/v1/candles/minutes/60,120,False,3.8709677419354938,155.0,2026-08-31T08:00:00,161.0,2026-08-31T16:00:00,D-4,1.8633540372670843,50.00000000000029,True,False,-26.007353892017946,-100.0,2244.6152163268907,1.0119463843558378,1.2820512820512775,0.0,0.0420521446593769,-0.033867237167862996,-0.11446575529356195,-26.007353892017946,-100.0,2244.6152163268907,1.0119463843558378,1.2820512820512775,0.0,0.0420521446593769,-0.033867237167862996,-0.11446575529356195,,-100.0,,1.0124438869754613,1.2820512820512775,0.0,0.0841042893187538,-0.06773771212130697,-0.23073654087256124,,,,1.0124438869754613,1.2820512820512775,0.0,0.0841042893187538,-0.06773771212130697,-0.23073654087256124,0.0,,206.63093850229765,1.0239993703927723,1.2820512820512775,0.0,0.0841042893187538,-0.06773771212130697,-0.23073654087256124,-2.715489474243252,-100.0,395.14380518804126,1.0401358150953257,1.2820512820512775,0.0,0.0841042893187538,-0.06773771212130697,-0.23073654087256124,-26.007353892017946,-1622858.88286192,1400639.89498798,1.2820512820512775,1463039.89498798,900447.375523135,1.6247922252402527,1.2820512820512775,False,False,falling,rising,sell_only,accelerating,neutral,False,False,False,pass,S1,⚡ 선행 시동,가격 미급등 상태에서 선행조건 3개 개선,S1,False,,,2026-09-03T18:10:00Z,33790588802-1
KRW-ZKP,지케이패스,63.1,61.36,63.01,79.14333333333335,0.7222586999343417,2.6186319631804453,22.469780566903943,-0.7505243583195835,-1.0147882102812134,3.489069920453396,,,,False,False,False,False,492.109045122386,-9.742120343839533,7.0,B급,-0.15847860538827918,0.05252255330645994,0.0,-0.010943313635380925,0.007607107078520414,False,True,False,False,2026-09-04T03:37:26.037623+09:00,1788460646,4529845.85459757,5901446.645903341,0.7675822770916846,12,0.0,complete,1788459834833,1788460859804,2811574.96994271,2247553.00617159,0.11148600439325532,65.0,65.1,0.15384615384614886,-2.923076923076917,3.0721966205837066,2000.000000000058,complete_hourly_ordered,/v1/candles/minutes/60,120,False,38.759689922480625,64.5,2026-08-30T04:00:00,89.5,2026-08-30T18:00:00,D-4,29.385474860335194,105.19999999999999,True,True,0.5275258930059133,556.6118601237943,105.3511051432506,0.05252255330645994,0.0,0.0,-0.010943313635380925,0.007607107078520414,,0.5275258930059133,556.6118601237943,105.3511051432506,0.05252255330645994,0.0,0.0,-0.010943313635380925,0.007607107078520414,,-11.915425232324845,-28.568269769824706,1080.2893291812086,0.06809903432719011,0.0,0.0,-0.010943313635380925,0.007607107078520414,,0.7675822770916846,,197.15778668171865,0.10448675863466406,0.0,0.0,-0.032829940906098365,0.022820840660195074,,0.73951143517421,2416.2287583058205,-7.980340595892654,0.22350942836845888,0.0,0.0,-0.032829940906098365,0.022820840660195074,,0.20487129171383123,-45.27440627099626,-59.88092261677185,0.23769682924358904,-0.15822784810126667,0.0,-0.021886627270739645,0.015214053963564567,,0.5275258930059133,3839964.0340432576,3027614.2203186047,0.0,10431292.50050091,14750558.702199284,0.7071794845944122,-0.15822784810126667,False,True,rising,rising,sell_advantage_weakening,accelerating,leading_buy_inflow,True,True,False,🔴 1차 급등 완료·상승분 반납 / 신규매수 금지,S3,🔴 1차 급등 완료·반납,당일/5D 급등 후 상승분 상당 부분 반납,S3,False,,,2026-09-03T18:10:00Z,33790588802-1
KRW-AUCTION,바운스토큰,4792.0,4503.266666666666,4397.8,5321.725,1.2288510242922657,-2.3981687813603676,15.379568341718782,-1.1470216295254425,-1.1402577214161653,,,13.4878002164439,,False,False,False,False,7301.260745097183,8.02272727272728,13.0,A급,-0.1260769069132195,1.4958101769580026,0.0,0.011988790480876865,-0.008961862681790222,False,True,False,True,2026-09-04T03:37:26.037623+09:00,1788460646,1371067.4199864801,521345.06994268,2.6298655133292503,12,0.0,complete,1788459807079,1788460757582,20434.38500627,16042.81172602,0.12039229090108597,4478.0,4798.0,7.146047342563655,7.012058954890565,0.12505210504376824,1.875000000000295,complete_hourly_ordered,/v1/candles/minutes/60,120,False,36.779505946935046,4372.0,2026-08-30T04:00:00,5980.0,2026-08-31T04:00:00,D-4,19.866220735785955,73.88059701492536,True,True,1.6664497202245034,-88.94195144411738,-95.94903291987362,1.4958101769580026,0.693422988022685,0.0,0.011988790480876865,-0.008961862681790222,-0.029106749184974134,1.6664497202245034,-88.94195144411738,-95.94903291987362,1.4958101769580026,0.693422988022685,0.0,0.011988790480876865,-0.008961862681790222,-0.029106749184974134,2.3498965150760656,-78.94945677097377,-97.75901107085319,4.5612840583089564,2.5904517233996893,0.0,0.09591032384719256,-0.07170118907240841,-0.23546969971755338,0.9912354081725421,-56.47330008721123,-72.87916036249113,7.822111512980882,2.700385769395619,0.0,0.11838930599887831,-0.08850823440630506,-0.2915351121131131,1.3483502181140756,-58.730776996797985,-79.8897927547263,8.91275862555267,3.298124595818064,0.0,0.19931364174496924,-0.14902013643382261,-0.4962034032001128,-0.37264419232216417,-18.702354121119935,-7.182717305974662,9.578448829330227,4.560331660484396,1.0,0.24726880366856552,-0.18488387163811737,-0.619623875696977,1.6664497202245034,-11027751.531275079,-12348299.625526315,0.693422988022685,1892412.48992916,5297167.16400535,0.35724990949657875,4.560331660484396,False,False,falling,falling,buy_advantage_accelerating,accelerating,neutral,True,True,False,🔴 1차 급등 완료·상승분 반납 / 신규매수 금지,S2,🚀 발사 진행,가격 상승 초입과 실제 매수수급·구조 동반,S3,True,가격 상승 초입과 실제 매수수급·구조 동반,2026-09-04T03:37:26.037623+09:00,2026-09-03T18:10:00Z,33790588802-1
KRW-ORDER,오덜리,47.1,44.86,43.368,55.80333333333333,0.9602400600150052,-3.44032466334624,19.61053700495788,-1.0901734987226634,-1.2060083800751382,,,,,False,False,False,False,52.407009280876274,1.2903225806451646,9.0,B급,0.641025641025661,0.39497668764243343,0.0,0.04501125281319851,-0.03224013397373682,False,False,False,False,2026-09-04T03:37:26.037623+09:00,1788460646,0.0,0.0,,0,0.0,complete,,,1015370.35083271,1879756.31906166,-0.2985658545504979,47.0,49.8,5.957446808510625,0.21276595744681437,5.421686746987944,96.42857142857132,complete_hourly_ordered,/v1/candles/minutes/60,120,False,15.753424657534264,43.8,2026-09-02T03:00:00,50.7,2026-09-02T19:00:00,D-2,7.100591715976334,52.17391304347826,True,True,,-100.0,,0.39497668764243343,0.641025641025661,0.0,0.04501125281319851,-0.03224013397373682,,,-100.0,,0.39497668764243343,0.641025641025661,0.0,0.04501125281319851,-0.03224013397373682,,,-100.0,-100.0,0.45273187286478844,1.5086206896551824,0.0,0.10502625656412246,-0.0752314733192101,,,-100.0,-100.0,0.5009959623816442,1.0729613733905685,0.0,0.07501875468867159,-0.053735161591792036,,,,,0.6406874290016518,1.5086206896551824,0.0,0.10502625656412246,-0.0752314733192101,,,-100.0,-100.0,0.6594020216284449,1.2903225806451646,0.0,0.09002250562639702,-0.06448315693464934,,,-2591033.019999912,0.0,0.641025641025661,0,3813416.5799506614,0.0,1.2903225806451646,False,False,falling,flat_or_na,unavailable,accelerating,neutral,False,True,False,pass,S0,🌱 초발사 준비,발사 구조 관찰 또는 초기 준비,S0,False,,,2026-09-03T18:10:00Z,33790588802-1
KRW-FCT2,피르마체인,9.88,9.392666666666665,9.8422,12.502583333333332,0.9602293084915781,4.567407016046563,24.874192666848856,-1.2021180358658503,-1.0966433202744992,3.799466341719758,,,,False,False,False,False,-3.5118125781663956,3.7815126050420256,6.0,관찰,0.20283975659229903,0.018265393981531375,0.0,0.014331780723741971,-0.009663121032151167,False,False,False,False,2026-09-04T03:37:26.037623+09:00,1788460646,1194000.0,0.0,,12,0.0,complete,1788460718756,1788460718756,16348544.93444093,31805256.41385257,-0.32098631980503867,10.1,10.2,0.990099009900991,-2.178217821782169,3.1372549019607696,319.99999999999886,complete_hourly_ordered,/v1/candles/minutes/60,120,False,12.07834602829163,9.19,2026-08-31T14:00:00,10.3,2026-09-02T19:00:00,D-2,3.398058252427194,31.531531531531513,False,True,,7377.500000046548,,0.018265393981531375,0.20283975659229903,0.0,0.014331780723741971,-0.009663121032151167,,,7377.500000046548,,0.018265393981531375,0.20283975659229903,0.0,0.014331780723741971,-0.009663121032151167,,,145394.76785487836,-100.0,0.09402944084619946,0.3045685279188026,0.0,0.02149767108563516,-0.01449477816140643,,,,-100.0,0.1315903421486686,0.3045685279188026,0.0,0.02149767108563516,-0.01449477816140643,,,,,0.13342932296558363,-0.7035175879396838,-1.0,-0.05016123253314131,0.0338188948710787,,,0.4438942235863941,-100.0,0.23406962157113131,-0.3027245206861706,0.0,-0.028663561447528352,0.01932546919497824,,,1178032.096288966,0.0,0.20283975659229903,1194000.0,1771656.6347855865,0.6739454906534431,-0.3027245206861706,False,False,rising,flat_or_na,buy_only,accelerating,neutral,False,False,False,pass,S0,🌱 초발사 준비,발사 구조 관찰 또는 초기 준비,S0,False,,,2026-09-03T18:10:00Z,33790588802-1
KRW-MTL,메탈,322.0,319.6,303.78,355.45,1.1605824013505073,-5.2077161103430285,10.085806723871139,-1.4077202229511354,-1.4262562171324134,,,7.071525159868786,,False,False,False,False,-81.76144158551539,-1.2269938650306789,12.0,A급,0.0,0.033027027274115994,0.0,0.0,0.0,False,False,False,True,2026-09-04T03:37:26.037623+09:00,1788460646,0.0,0.0,,0,0.0,complete,,,130436.54159321,259763.05136231,-0.3314368136305112,316.0,325.0,2.848101265822778,1.8987341772152,0.9230769230769231,33.33333333333282,complete_hourly_ordered,/v1/candles/minutes/60,120,False,4.968944099378891,322.0,2026-08-30T10:00:00,338.0,2026-08-31T14:00:00,D-4,4.7337278106508895,100.0,True,False,,,-100.0,0.033027027274115994,0.0,0.0,0.0,0.0,0.0,,,-100.0,0.033027027274115994,0.0,0.0,0.0,0.0,0.0,,-100.0,,0.033027027274115994,0.0,0.0,0.0,0.0,0.0,,-100.0,-100.0,0.0354406411531869,0.0,0.0,0.0,0.0,0.0,,,-100.0,0.042047156925320905,0.0,0.0,0.0,0.0,0.0,,-100.0,,0.1008002876150016,-0.6172839506172867,0.0,-0.042202996412732396,0.03329359558908074,0.056096069159250916,,0.0,-369150.0,0.0,0,652985.3759692,0.0,-0.6172839506172867,False,True,flat_or_na,falling,unavailable,accelerating,neutral,False,False,False,pass,S0,🌱 초발사 준비,발사 구조 관찰 또는 초기 준비,S0,False,,,2026-09-03T18:10:00Z,33790588802-1
KRW-VET,비체인,9.28,8.728666666666667,7.2886,7.893,2.057837711435062,-19.757795278471416,-10.587440347987679,-1.9554891186926184,-2.564717393338093,,,,,False,False,False,False,-77.64741469663336,-5.595116988809778,8.0,B급,-1.06609808102347,0.06676868165655492,0.0,-0.077948398160399,0.07277965496821537,False,False,False,False,2026-09-04T03:37:26.037623+09:00,1788460646,3749504.0283462717,2782090.3333723927,1.3477290738439827,10,0.0,complete,1788459937425,1788460214122,5367518.23925515,4599855.76093147,0.07701752520867647,8.96,9.39,4.79910714285714,3.5714285714285587,1.17145899893505,25.581395348837425,complete_hourly_ordered,/v1/candles/minutes/60,120,False,10.51502145922747,9.32,2026-08-30T04:00:00,10.3,2026-08-30T14:00:00,D-4,9.902912621359238,104.08163265306132,False,False,,705.7031274884795,,0.06676868165655492,-1.06609808102347,0.0,-0.077948398160399,0.07277965496821537,,,705.7031274884795,,0.06676868165655492,-1.06609808102347,0.0,-0.077948398160399,0.07277965496821537,,1.204378836629235,2440.205958924164,170.18718661867229,0.06898908355219646,-0.6423982869379063,0.0,-0.04676903889624384,0.04366963702108073,,-45.70863060219969,-45.884604050311125,1789.455073160249,0.07691533199630385,-1.06609808102347,0.0,-0.077948398160399,0.07277965496821537,,,3649.5040283465114,,0.14146591587382318,-0.7486631016042855,0.0,-0.05456387871227708,0.050947371995835766,,1.345478303839812,37254.62275166341,-37.616049072272475,0.14467335860585706,-0.7486631016042855,0.0,-0.05456387871227708,0.050947371995835766,,,3284133.608346272,2782090.3333723927,-1.06609808102347,6531594.361718664,4563031.353588772,1.4314156216747536,-0.7486631016042855,False,False,rising,rising,buy_advantage_weakening,accelerating,neutral,False,False,False,pass,S0,🌱 초발사 준비,발사 구조 관찰 또는 초기 준비,S0,False,,,2026-09-03T18:10:00Z,33790588802-1
KRW-TAO,비트텐서,313300.0,318353.3333333333,292098.0,331993.3333333333,0.6385669125395177,-8.988535811040581,4.108516235265769,-0.6556177088050078,-0.9209179603965684,,,4.461327080097936,,False,False,False,False,-56.21300963523383,-4.43154034229829,11.0,A급,-0.1277547109549637,0.09539047373976928,0.0,-0.00842992623815153,0.007069433591047947,False,False,False,False,2026-09-04T03:37:26.037623+09:00,1788460646,1714577.314742,4986754.5830500005,0.34382628745554383,9,0.0,complete,1788459983527,1788460637733,600.52189056,380.93903522,0.2237306137944209,299000.0,315200.0,5.418060200668906,4.7826086956521685,0.6027918781725888,11.728395061728653,complete_hourly_ordered,/v1/candles/minutes/60,120,False,6.630581867388363,295600.0,2026-09-02T20:00:00,315200.0,2026-09-04T00:00:00,D0,0.6027918781725927,9.693877551020554,False,True,,-59.67598034765198,,0.09539047373976928,0.06387735547748186,0.0,-0.00842992623815153,0.007069433591047947,0.014503721992289442,,-59.67598034765198,,0.09539047373976928,0.06387735547748186,0.0,-0.00842992623815153,0.007069433591047947,0.014503721992289442,-8.536538150476114,-91.91284955445809,108.87537061888959,0.13021970653042558,0.22392834293025743,0.0,-0.012644889357216194,0.010604097152626224,0.021738811790534385,0.30684196936693103,1621.714529694857,85.19944561322772,0.2636600909618707,-0.0956632653061229,0.0,-0.031612223393051586,0.02650964401611766,0.054159150702354886,-3.71172774387795,-78.9466590668697,148.33168611470683,0.3190502653151128,0.15984654731457937,0.0,0.02739726027396472,-0.022976639609657568,-0.04744824472171327,-0.7251366648520741,-55.15326912466486,39.4294025410781,0.39220662558446406,0.5455712451861272,0.0,0.004214963119064663,-0.003534770030553247,-0.007268684069140718,,-2537422.6830860004,4986754.5830500005,0.06387735547748186,6701331.897792,15271775.874716,0.4388050186675897,0.5455712451861272,False,True,falling,rising,sell_advantage_weakening,accelerating,neutral,False,False,False,pass,S0,🌱 초발사 준비,발사 구조 관찰 또는 초기 준비,S0,False,,,2026-09-03T18:10:00Z,33790588802-1
KRW-QTUM,퀀텀,1182.0,1161.3333333333333,1021.86,1112.775,1.1438193113859185,-13.648966916537809,-4.363715336283899,-0.8653212447834993,-1.1926364439855128,,,,,False,False,False,False,-74.9738763030184,3.4120734908136496,9.0,B급,-0.08453085376162184,0.20770158471772504,0.0,-0.005806189397916661,0.005209431939935172,False,False,False,False,2026-09-04T03:37:26.037623+09:00,1788460646,821949.36336678,4610387.991459719,0.178282037192826,13,0.0,complete,1788459789428,1788460456640,38226.61547005,42709.49607335,-0.05538789197818289,1122.0,1220.0,8.734402852049916,5.3475935828877,3.114754098360656,38.775510204081684,complete_hourly_ordered,/v1/candles/minutes/60,120,False,11.619396157365047,1093.0,2026-08-31T08:00:00,1220.0,2026-09-04T01:00:00,D0,3.1147540983606503,29.9212598425197,False,True,0.14999620496565969,775.943035286684,38.97517734709268,0.20770158471772504,-0.08453085376162184,0.0,-0.005806189397916661,0.005209431939935172,,0.14999620496565969,775.943035286684,38.97517734709268,0.20770158471772504,-0.08453085376162184,0.0,-0.005806189397916661,0.005209431939935172,,-3.1759423281618333,-82.97332675607298,220.34232475110173,0.4137775098316041,0.16949152542373724,0.0,0.011612378795766709,-0.010419097957225176,,-0.2657870421752153,447.9662422752061,1264.887167341094,0.4172919995226181,0.4248088360237823,0.0,0.029030946989472284,-0.026048330112910634,,-0.023625311464118476,540.3609177689948,625.219304906328,0.4814989254452655,1.112061591103508,0.0,0.07548046217265014,-0.06772971615208778,,-0.49590542995249765,-96.89018055932578,-88.23997456502143,0.5321921716057005,1.112061591103508,0.0,0.07548046217265014,-0.06772971615208778,,0.14999620496565969,728113.42538278,1292969.672974539,-0.08453085376162184,5432337.354826499,504599.281099875,10.765646243065653,1.112061591103508,False,False,rising,rising,sell_advantage_weakening,accelerating,leading_buy_inflow,False,False,False,pass,S0,🌱 초발사 준비,발사 구조 관찰 또는 초기 준비,S0,False,,,2026-09-03T18:10:00Z,33790588802-1
KRW-LINK,체인링크,16060.0,15804.666666666666,13362.6,13006.75,0.6666666666666599,-18.275385528764353,-21.51126658593935,-0.36483970896151946,-0.8953474314845493,,,,,False,False,False,False,-28.84755800236263,0.8160703075957398,6.0,관찰,0.06230529595014911,0.11738935811304074,0.0,0.004246284501063791,-0.004347057492395834,False,False,False,False,2026-09-04T03:37:26.037623+09:00,1788460646,2550215.133969,9532732.365254499,0.2675219481944321,29,0.0,complete,1788459870231,1788460719601,16943.98630017,14372.04089915,0.08212872548136778,15290.0,16270.0,6.409417920209282,5.035971223021574,1.290719114935464,21.4285714285715,complete_hourly_ordered,/v1/candles/minutes/60,120,False,8.539026017344886,14990.0,2026-09-02T19:00:00,16270.0,2026-09-04T00:00:00,D0,1.2292562999385415,15.625000000000016,False,False,-0.40277770436766613,-81.88695838451918,-54.61618912525432,0.11738935811304074,0.06230529595014911,0.0,0.004246284501063791,-0.004347057492395834,,-0.40277770436766613,-81.88695838451918,-54.61618912525432,0.11738935811304074,0.06230529595014911,0.0,0.004246284501063791,-0.004347057492395834,,-6.251432658401679,-94.69211679749819,29.342096556036967,0.22032613824652714,0.12468827930174342,0.0,0.008492569002105377,-0.008694170688098524,,-0.12146247346743339,-82.8589082742622,-75.07637150300972,0.4377802201963128,0.31230480949406836,0.0,0.008492569002105377,-0.008694170688098524,,-0.4864511261775678,-90.21594853969981,-72.42502378169384,0.6943349217754076,0.43777360850532077,0.0,0.02972399150742433,-0.030430572253525412,,-0.8519966720655386,-95.26476213028113,-80.18410451071625,1.0064507985090039,0.6265664160401085,0.0,0.03821656050955191,-0.039125522840269156,,-0.40277770436766613,-11529226.5639366,-11471965.524845101,0.06230529595014911,12082947.499223499,56330830.827264234,0.2144997210546259,0.6265664160401085,False,False,falling,falling,sell_advantage_accelerating,accelerating,neutral,False,False,False,pass,S0,🌱 초발사 준비,발사 구조 관찰 또는 초기 준비,S0,False,,,2026-09-03T18:10:00Z,33790588802-1
KRW-XRP,엑스알피(리플),1990.0,1947.6,1650.2,1749.2,1.6457325771545905,-18.022057932371823,-11.34232792133546,-1.4936356445707961,-1.8593444045939929,,,,,False,False,False,False,-39.74625948001766,2.679031427099443,9.0,B급,-0.25025025025025016,0.341186208240579,0.0,-0.006958700114823024,0.0065615815848936165,False,False,False,False,2026-09-04T03:37:26.037623+09:00,1788460646,719187351.9833508,1217055885.701025,0.5909238519224599,1330,0.0,complete,1788459746199,1788460991638,1703348.73690645,3083137.80263164,-0.2882676164087455,1859.0,2012.0,8.23023130715439,7.046799354491662,1.0934393638170974,14.379084967320335,complete_hourly_ordered,/v1/candles/minutes/60,120,False,11.65371809100999,1802.0,2026-09-02T19:00:00,2012.0,2026-09-04T00:00:00,D0,1.143141153081506,10.952380952380894,False,True,-1.0442091969671727,-39.94559456518997,66.17529100984791,0.341186208240579,-0.4004004004004025,0.0,-0.006958700114823024,0.0065615815848936165,,-1.0442091969671727,-39.94559456518997,66.17529100984791,0.341186208240579,-0.4004004004004025,0.0,-0.006958700114823024,0.0065615815848936165,,-0.8501601531295094,-40.15899279070777,45.934062493768415,0.4487007626295991,-0.25062656641604564,0.0,-0.006958700114823024,0.0065615815848936165,,-0.09383491409515288,-37.285973967850914,-27.327389243029078,0.6537952968209026,0.15098137896325525,0.0,0.013917400229646049,-0.013123538295927162,,-0.9082603354070052,-78.13148566027029,-44.519195168970015,1.0960197272189234,-0.20060180541624506,0.0,-0.0034793500574226144,0.0032808064223441846,,-0.251437074415481,-84.56183584614591,-77.99292376625178,1.6429263889584647,0.45431600201917277,0.0,0.027834800459269893,-0.02624757678388434,,-1.0442091969671727,-478372338.727499,484663074.28786516,-0.4004004004004025,1936243237.6843758,1986117730.730623,0.9748884508332242,0.45431600201917277,False,False,falling,rising,sell_advantage_accelerating,accelerating,neutral,False,False,False,pass,S0,🌱 초발사 준비,발사 구조 관찰 또는 초기 준비,S0,False,,,2026-09-03T18:10:00Z,33790588802-1
KRW-CHZ,칠리즈,18.9,19.186666666666667,19.317999999999998,33.15833333333333,0.48882681564248465,0.6798495358387536,42.1362151294295,-1.0730322296983041,-0.8483471081157724,0.6335779271326282,,,,False,False,False,False,10.326680225146534,-1.5625,6.0,관찰,0.0,0.024161368277519912,0.0,0.0,0.0,False,False,False,False,2026-09-04T03:37:26.037623+09:00,1788460646,0.0,748202.444947629,0.0,3,0.0,complete,1788459863929,1788460781167,16288254.87054782,12306768.4637652,0.13923703996439746,18.4,19.0,3.260869565217406,2.717391304347827,0.5263157894736916,16.666666666667005,complete_hourly_ordered,/v1/candles/minutes/60,120,False,5.555555555555558,18.0,2026-09-02T19:00:00,19.0,2026-09-04T00:00:00,D0,0.526315789473697,10.00000000000036,False,True,,-100.0,,0.024161368277519912,0.0,0.0,0.0,0.0,,,-100.0,,0.024161368277519912,0.0,0.0,0.0,0.0,,-0.12060098897371514,-100.0,-90.56303560280693,0.5129075806181937,0.5319148936170137,0.0,0.0,0.0,,-0.4019545247190512,-100.0,-61.75587854543583,0.5519504674057263,0.5319148936170137,0.0,0.03491620111732985,-0.01865179358942015,,-0.22778530261306992,-100.0,-85.26603178484693,0.7875698898009755,0.5319148936170137,0.0,0.03491620111732985,-0.01865179358942015,,,-100.0,,0.9639762715010658,0.5319148936170137,0.0,0.03491620111732985,-0.01865179358942015,,,-7571293.056048645,748202.444947629,0.0,748202.444947629,4623372.407296184,0.1618304516778454,0.5319148936170137,False,False,falling,rising,sell_only,accelerating,neutral,False,False,False,pass,S0,🌱 초발사 준비,발사 구조 관찰 또는 초기 준비,S0,False,,,2026-09-03T18:10:00Z,33790588802-1
KRW-ASTR,아스타,7.72,7.546666666666667,7.143199999999999,8.613583333333333,1.0804536119296548,-5.648262216746942,12.386443891914894,-1.1264903785209748,-1.3622909745852216,,,9.09236288208267,,False,False,False,False,-71.91650627321931,-0.7712082262210873,12.0,A급,0.12970168612191912,0.05291302531422559,0.0,0.008929368693633144,-0.006892150344331327,False,False,False,True,2026-09-04T03:37:26.037623+09:00,1788460646,955868.4682737933,1148596.0453367094,0.8322059545256242,8,0.0,complete,1788460113401,1788460713817,8352803.76054674,4971390.94188833,0.25377990146304596,7.49,7.74,3.337783711615483,3.0707610146862407,0.25839793281654344,8.000000000000107,complete_hourly_ordered,/v1/candles/minutes/60,120,False,5.298913043478248,7.36,2026-09-02T03:00:00,7.75,2026-09-04T03:00:00,D0,0.0,0.0,False,True,,,,0.05291302531422559,0.12970168612191912,0.0,0.008929368693633144,-0.006892150344331327,-0.014273758307474793,,,,0.05291302531422559,0.12970168612191912,0.0,0.008929368693633144,-0.006892150344331327,-0.014273758307474793,-0.7012950584394058,-89.82222480135607,-81.24547356099185,0.703651290677243,0.2597402597402487,0.0,0.026788106080899432,-0.020676851119155515,-0.04290902872899416,-3.357736458174874,-64.29628075537606,79.75902087779967,0.7597291901036272,0.2597402597402487,0.0,0.017858737387266288,-0.013784434049432193,-0.028576737942129782,0.6074636639195148,-37.19190080604109,-83.03828997533155,0.871717464899902,0.2597402597402487,0.0,0.017858737387266288,-0.013784434049432193,-0.028576737942129782,-8.833711988440886,-64.88982688262912,307.7981543755058,1.362698961263476,0.0,0.0,0.0,0.0,0.0,,955868.4682737933,1148596.0453367094,0.12970168612191912,2104464.5136105027,525000.9999998816,4.008496200218623,0.0,False,True,rising,rising,sell_advantage_weakening,accelerating,neutral,False,False,False,pass,S0,🌱 초발사 준비,발사 구조 관찰 또는 초기 준비,S1,True,발사 구조 관찰 또는 초기 준비,2026-09-04T03:37:26.037623+09:00,2026-09-03T18:10:00Z,33790588802-1
KRW-ZK,지케이싱크,13.0,12.253333333333334,12.072000000000001,16.1625,0.8781558726673966,-1.5020985199911605,24.18664604279454,-1.3193757167566194,-1.1423028463892444,,,,,False,False,False,False,1087.024911177427,13.043478260869556,9.0,B급,0.0,0.4273040836212658,0.0,0.0,0.0,False,True,False,False,2026-09-04T03:37:26.037623+09:00,1788460646,0.0,8704627.93193565,0.0,3,0.0,complete,1788460732119,1788460732119,20409148.34152406,36674612.49366448,-0.2849403037599756,12.2,13.1,7.377049180327866,6.557377049180335,0.7633587786259515,11.111111111110977,complete_hourly_ordered,/v1/candles/minutes/60,120,False,31.85840707964602,11.3,2026-08-30T07:00:00,14.9,2026-08-31T13:00:00,D-4,12.751677852348998,52.77777777777777,False,False,,-100.0,,0.4273040836212658,0.0,0.0,0.0,0.0,,,-100.0,,0.4273040836212658,0.0,0.0,0.0,0.0,,0.0,,2648.667289368326,0.4703115827996953,0.7751937984496138,0.0,0.05488474204171645,-0.037340757246724365,,-25.140840330938154,-100.0,4098.795341909309,0.48498525380909996,0.7751937984496138,0.0,0.05488474204171645,-0.037340757246724365,,,-100.0,,1.273238834050062,1.5625,-1.0,0.1097694840834107,-0.07468536544554283,,-0.4715233224625045,-100.0,693.7876098900848,1.3072966581287346,2.3622047244094446,-1.0,0.16465422612514935,-0.11203382519226679,,,-7904519.08901239,8704627.93193565,0.0,8704627.93193565,7018663.348946676,1.2402116327807622,2.3622047244094446,False,True,falling,rising,sell_only,accelerating,neutral,False,True,False,pass,S0,🌱 초발사 준비,발사 구조 관찰 또는 초기 준비,S0,False,,,2026-09-03T18:10:00Z,33790588802-1
KRW-STORJ,스토리지,68.5,64.68,75.384,108.53500000000001,1.167883211678844,14.199299586119063,40.40632054176072,-2.336524970120047,-1.4729970685658942,6.077101579355056,,,,False,False,False,False,1424.3079781600584,22.380106571936075,6.0,관찰,0.14534883720931369,0.07312345474656468,0.0,-0.03128258602711487,0.01705415917406583,False,True,False,False,2026-09-04T03:37:26.037623+09:00,1788460646,768495.4890717911,2496066.7267665807,0.3078825901690956,15,0.0,complete,1788459827153,1788460910338,1720853.74058319,852156.67686755,0.3376189454282577,72.1,88.0,22.052704576976435,-4.993065187239942,22.15909090909091,122.64150943396224,complete_hourly_ordered,/v1/candles/minutes/60,120,False,95.12195121951221,53.3,2026-08-31T14:00:00,104.0,2026-09-01T09:00:00,D-3,34.03846153846154,69.82248520710061,False,True,0.14636692007011926,194.74566023264558,54.62401688609515,0.07312345474656468,-0.43604651162790775,0.0,-0.03128258602711487,0.01705415917406583,,0.14636692007011926,194.74566023264558,54.62401688609515,0.07312345474656468,-0.43604651162790775,0.0,-0.03128258602711487,0.01705415917406583,,0.1383272976271211,-68.01768841539801,-82.3868891257623,0.084939095198024,-1.0115606936416222,0.0,-0.04171011470279762,0.022738704314647862,,-4.513258569075335,-95.25720211100268,-25.732409552406743,0.23325733036676866,-1.5804597701149392,0.0,-0.07299270072991249,0.039791816012346715,,0.3078825901690956,,-71.18154881425949,0.4111780273869954,-0.1457725947521804,0.0,0.03128258602711487,-0.017054944844673514,,-0.7780417810949103,-92.1645756679527,-72.3638863870412,0.47678174731049694,-0.5805515239477588,0.0,0.0,0.0,,0.14636692007011926,507763.74887747905,881785.3382515446,-0.43604651162790775,3264562.215838372,17257387.2727018,0.18916897235089256,-0.5805515239477588,False,True,rising,rising,sell_advantage_weakening,accelerating,leading_buy_inflow,True,True,False,🔴 1차 급등 완료·상승분 반납 / 신규매수 금지,S3,🔴 1차 급등 완료·반납,당일/5D 급등 후 상승분 상당 부분 반납,S3,False,,,2026-09-03T18:10:00Z,33790588802-1
KRW-ENA,에테나,239.0,211.6,149.82,142.84166666666667,3.691604050963737,-41.236150046722734,-48.13604807187445,-2.6615781447592326,-4.121445235622219,,,,,False,False,False,False,-39.78148528556438,8.558558558558559,7.0,B급,-1.2295081967213073,0.6570033798696215,0.0,-0.1306762495916436,0.15208257846093431,False,False,False,False,2026-09-04T03:37:26.037623+09:00,1788460646,120437204.63058789,281879364.44008756,0.427265063797128,293,0.0,complete,1788459746575,1788460995338,3338160.72740914,6395938.50702161,-0.31413053287937726,206.0,246.0,19.41747572815533,16.019417475728147,2.8455284552845526,17.500000000000004,complete_hourly_ordered,/v1/candles/minutes/60,120,False,22.388059701492537,201.0,2026-08-31T13:00:00,246.0,2026-09-04T02:00:00,D0,2.4390243902439046,13.33333333333338,False,True,-0.8131947228550263,-68.68408393802696,-9.081884177882182,0.6570033798696215,-2.049180327868849,0.0,-0.1306762495916436,0.15208257846093431,,-0.8131947228550263,-68.68408393802696,-9.081884177882182,0.6570033798696215,-2.049180327868849,0.0,-0.1306762495916436,0.15208257846093431,,-2.0869921870938617,-73.19523561174088,57.733638745630735,1.2236267123341307,-0.8298755186721962,0.0,-0.03266906239791645,0.03802729856074194,,-0.7984178746732498,-65.19164907543637,-0.1462898338330909,1.5580243953104045,0.0,0.0,0.03266906239791645,-0.038031735818449874,,-0.5566598889769945,-79.11152232790081,-51.89708649616569,2.6243334630816264,2.136752136752129,0.0,0.22868343678537073,-0.26631537664858485,,-0.7491449809676873,-87.10828895091532,-64.50461397997711,3.5589664458659698,2.136752136752129,0.0,0.22868343678537073,-0.26631537664858485,,-0.8131947228550263,-264150633.68219578,-28157157.86487013,-2.049180327868849,402316569.07067543,317082667.6167194,1.2688065610605508,2.136752136752129,False,False,falling,falling,sell_advantage_accelerating,accelerating,neutral,False,False,False,pass,S0,🌱 초발사 준비,발사 구조 관찰 또는 초기 준비,S0,False,,,2026-09-03T18:10:00Z,33790588802-1
KRW-MANA,디센트럴랜드,103.0,102.52666666666667,97.992,107.55166666666668,0.7468064199148472,-4.627588646692247,4.672173064108728,-0.8169265500601842,-0.937122328366027,,,4.985659740127162,,False,False,False,False,103.78863053273659,0.0,14.0,A급,0.0,1.6997856115143577,0.0,0.0,0.0,True,False,False,False,2026-09-04T03:37:26.037623+09:00,1788460646,6937716.1419280805,1810641.740266,3.8316338277437842,15,0.0,complete,1788460065561,1788460691370,1151641.72227232,2505839.39316984,-0.37025417989993054,101.0,104.0,2.970297029702973,1.980198019801982,0.9615384615384616,33.33333333333333,complete_hourly_ordered,/v1/candles/minutes/60,120,False,7.920792079207928,101.0,2026-08-30T10:00:00,109.0,2026-08-30T12:00:00,D-4,5.5045871559633035,75.0,False,False,,-38.35060420749126,,1.6997856115143577,0.0,0.0,0.0,0.0,0.0,,-38.35060420749126,,1.6997856115143577,0.0,0.0,0.0,0.0,0.0,,,,1.6997856115143577,0.0,0.0,0.0,0.0,0.0,,,,1.6997856115143577,0.0,0.0,0.0,0.0,0.0,,,,2.237071350897139,0.9803921568627416,0.0,0.06550933508024936,-0.05460373904038551,-0.1177398894671553,-1886.9446039694346,-27.399920786527055,35725.58010765286,2.237518590329529,0.9803921568627416,0.0,0.0,0.0,0.0,,-4315786.10694734,1810641.740266,0.0,8748357.88219408,1605920.3291856,5.447566559314047,0.9803921568627416,False,True,falling,rising,buy_advantage_weakening,accelerating,neutral,False,False,False,pass,S0,🌱 초발사 준비,발사 구조 관찰 또는 초기 준비,S0,False,,,2026-09-03T18:10:00Z,33790588802-1
KRW-OPEN,오픈렛저,166.0,206.2,238.66,263.175,-1.6221374045801595,13.60093857370318,21.649092808967424,1.1615840128709947,1.021916538086931,,,,,False,False,False,False,444.45542665933135,-20.952380952380956,4.0,-,0.60606060606061,1.4630242427371627,0.0,0.0,0.0,False,True,False,False,2026-09-04T03:37:26.037623+09:00,1788460646,570558.45999892,0.0,,4,0.0,complete,1788459938474,1788460119570,1780020.6623328,1935120.45071841,-0.04174802077927751,162.0,166.0,2.4691358024691468,2.4691358024691468,0.0,0.0,complete_hourly_ordered,/v1/candles/minutes/60,120,False,9.090909090909083,176.0,2026-08-31T22:00:00,192.0,2026-09-01T10:00:00,D-3,13.541666666666663,162.5,True,True,,1618.5495783099998,-100.0,1.4630242427371627,0.60606060606061,0.0,0.0,0.0,,,1618.5495783099998,-100.0,1.4630242427371627,0.60606060606061,0.0,0.0,0.0,,,-48.8116218458953,-100.0,1.5678938255293815,0.60606060606061,0.0,0.031806615776075464,-0.022851459556967768,,,-90.25399076948273,-100.0,1.7398841368526519,0.0,0.0,0.0,0.0,,,-90.11405859312327,,5.54881800908214,0.0,0.0,0.0,0.0,,,-78.40801276210235,-100.0,5.714332102426113,0.60606060606061,0.0,0.031806615776075464,-0.022851459556967768,,,537358.45999892,-2774380.189977,0.60606060606061,570558.45999892,7054639.541011525,0.08087705355915474,0.60606060606061,False,True,rising,falling,buy_only,accelerating,neutral,False,False,False,pass,S0,🌱 초발사 준비,발사 구조 관찰 또는 초기 준비,S0,False,,,2026-09-03T18:10:00Z,33790588802-1
KRW-PYTH,피스네트워크,76.6,69.32,63.21,62.17333333333333,1.8513076697031838,-9.666192058218623,-11.494745871756372,-1.8983098306913888,-2.058603169482617,,,,,False,False,False,False,-46.372547831624765,14.328358208955216,6.0,관찰,-0.1303780964797996,0.013892703343259427,0.0,-0.009795278675706065,0.009228179631536548,False,False,False,False,2026-09-04T03:37:26.037623+09:00,1788460646,105051.758331727,0.0,,4,0.0,complete,1788459875129,1788460956492,1253960.20735048,557006.45525397,0.38485178467845604,79.0,81.9,3.6708860759493644,-3.037974683544309,6.471306471306485,182.75862068965537,complete_hourly_ordered,/v1/candles/minutes/60,120,False,29.383886255924185,63.3,2026-08-31T11:00:00,81.9,2026-09-03T13:00:00,D-1,6.349206349206349,27.956989247311853,False,False,,-93.57146294215558,-100.0,0.013892703343259427,-0.1303780964797996,0.0,-0.009795278675706065,0.009228179631536548,,,-93.57146294215558,-100.0,0.013892703343259427,-0.1303780964797996,0.0,-0.009795278675706065,0.009228179631536548,,,,,0.037560756987808475,-0.1303780964797996,0.0,-0.009795278675706065,0.009228179631536548,,,-98.37592933722632,-100.0,0.05267038275037805,0.13071895424836555,0.0,0.019590557351345517,-0.018457101416199606,,,-99.22695923375034,-100.0,0.3054282286247272,-0.5194805194805308,0.0,-0.03918111470273544,0.03691123433916488,,,-98.97644775426834,-100.0,0.5927090609870973,-0.6485084306095956,0.0,-0.10774806543250026,0.10149637217616103,,,-1529095.441668273,-2376141.952022009,-0.1303780964797996,105051.758331727,15702980.438176133,0.006689924804104802,-0.6485084306095956,False,False,falling,falling,buy_only,accelerating,neutral,False,False,False,pass,S0,🌱 초발사 준비,발사 구조 관찰 또는 초기 준비,S0,False,,,2026-09-03T18:10:00Z,33790588802-1
KRW-ENS,이더리움네임서비스,7905.0,7822.333333333333,6626.4,7337.916666666667,1.8002776331771608,-18.0480099802809,-6.601555845778198,-1.7110652083561408,-2.2101047744994213,,,,,False,False,False,False,9.941744657302355,1.153106982703389,9.0,B급,-0.18963337547408532,0.383957715848517,0.0,-0.017352073572807214,0.015748854586347782,False,False,False,False,2026-09-04T03:37:26.037623+09:00,1788460646,1531922.71160895,14902482.61234235,0.1027964770339809,21,0.0,complete,1788459827480,1788460994439,17891.25851872,23929.94728933,-0.14439298566201644,7435.0,7985.0,7.397444519166108,6.321452589105592,1.0018785222291797,14.545454545454426,complete_hourly_ordered,/v1/candles/minutes/60,120,False,14.970453053184496,7615.0,2026-08-30T19:00:00,8755.0,2026-09-01T14:00:00,D-3,10.051399200456878,77.19298245614041,True,True,-0.3030863122957371,-58.236639561198174,64.89893151766151,0.383957715848517,-0.06321112515802474,0.0,-0.017352073572807214,0.015748854586347782,,-0.3030863122957371,-58.236639561198174,64.89893151766151,0.383957715848517,-0.06321112515802474,0.0,-0.017352073572807214,0.015748854586347782,,-0.6258519667427489,-58.005388662947155,197.6688411961542,0.4087035439366744,0.4447268106734459,0.0,0.026028110359188616,-0.02362462331875026,,-0.3537046178191031,-77.11433038938934,1.631238103969257,0.5059207999980728,1.0223642172523917,0.0,0.043380183931973626,-0.039375266561843425,,-0.6656079776719623,-96.33063906049178,-72.57149881790149,0.7908564279969461,1.151631477927073,0.0,0.056394239111567934,-0.051188718569898484,,-0.3851838535804226,-88.95039230269323,-47.546925995247726,1.4036835948307846,1.0223642172523917,0.0,0.06940829429116224,-0.06300257309429114,,-0.3030863122957371,-2136179.4131081495,5865139.2680367995,-0.06321112515802474,16434405.3239513,34208781.610520974,0.4804148101812801,1.0223642172523917,False,False,falling,rising,sell_advantage_accelerating,accelerating,neutral,False,False,False,pass,S0,🌱 초발사 준비,발사 구조 관찰 또는 초기 준비,S0,False,,,2026-09-03T18:10:00Z,33790588802-1
KRW-GRT,더그래프,23.6,23.3,22.046,28.239166666666666,1.2749927557229812,-5.688106686020146,17.490483076105875,-1.4540164843562915,-1.2492282688129304,,,14.001030486386666,,False,False,False,False,-59.93754165048762,2.164502164502169,11.0,A급,0.8547008547008739,0.0010788236935326267,0.0,0.057954216169231465,-0.04234856031141376,False,False,False,True,2026-09-04T03:37:26.037623+09:00,1788460646,0.0,0.0,,0,0.0,complete,,,5001458.86229739,3130685.49958849,0.2300467477528964,22.5,23.7,5.333333333333323,4.888888888888898,0.4219409282700332,8.333333333332986,complete_hourly_ordered,/v1/candles/minutes/60,120,False,8.219178082191792,21.9,2026-09-02T20:00:00,23.7,2026-09-04T01:00:00,D0,0.42194092827003704,5.5555555555554905,False,False,,,,0.0010788236935326267,0.8547008547008739,0.0,0.057954216169231465,-0.04234856031141376,-0.129705538785732,,,,0.0010788236935326267,0.8547008547008739,0.0,0.057954216169231465,-0.04234856031141376,-0.129705538785732,,,,0.0010788236935326267,0.8547008547008739,0.0,0.057954216169231465,-0.04234856031141376,-0.129705538785732,,,-100.0,0.004053529711150361,-0.42194092827003704,0.0,-0.02897710808460463,0.021172405662060356,0.06418978553172217,,-100.0,,0.09229291926229877,0.42553191489362874,0.0,0.028977108084626835,-0.021173655287622495,-0.06463025829896019,,-100.0,,0.10968016668949332,0.42553191489362874,0.0,0.028977108084626835,-0.021173655287622495,-0.06463025829896019,,0.0,0.0,0.8547008547008739,0,378917.45743913855,0.0,0.42553191489362874,False,False,flat_or_na,flat_or_na,unavailable,accelerating,neutral,False,False,False,pass,S0,🌱 초발사 준비,발사 구조 관찰 또는 초기 준비,S0,False,,,2026-09-03T18:10:00Z,33790588802-1
KRW-PUMP,펌프펀,6.07,6.314666666666667,4.1688,3.1505,2.090967881008843,-51.47444508411693,-100.43379357773898,-0.38738300200446574,-2.408460437401756,,,,,False,False,False,False,-48.390690771480315,-13.778409090909083,6.0,관찰,-0.1644736842105199,0.2743485733813813,0.0,-0.01077818495365257,0.015858603074121902,False,False,False,False,2026-09-04T03:37:26.037623+09:00,1788460646,3820769.255571478,66015140.92375692,0.05787716578510696,40,0.0,complete,1788459806483,1788460401088,50506970.36824594,40019724.91829082,0.115846993163295,5.62,6.23,10.854092526690406,8.007117437722421,2.5682182985553794,26.2295081967214,complete_hourly_ordered,/v1/candles/minutes/60,120,False,12.862318840579734,5.52,2026-09-03T07:00:00,6.23,2026-09-04T02:00:00,D0,2.5682182985553803,22.535211267605693,False,True,-4.797265708061485,-89.72127760661358,762.2513750204922,0.2743485733813813,-0.1644736842105199,0.0,-0.01077818495365257,0.015858603074121902,,-4.797265708061485,-89.72127760661358,762.2513750204922,0.2743485733813813,-0.1644736842105199,0.0,-0.01077818495365257,0.015858603074121902,,-4.528467946689795,-87.81285358310643,865.7428563739156,0.44044560641158625,-1.461038961038963,0.0,-0.09700366458287313,0.14269723278597723,,-1.2947732900048154,-42.49174438154684,1244.028635797517,0.49042325433845946,-1.620745542949753,0.0,-0.1077818495365257,0.15854828813786526,,-4.7859060326963965,-48.993838186642535,4168.7437482321275,0.6952346738464144,0.0,0.0,0.0,0.0,,-1.3921683921155437,-25.85684965629208,1757.5710186610181,0.7235444754786968,0.0,0.0,-0.01077818495365257,0.015858603074121902,,-4.797265708061485,-33350866.56980946,58359004.57695341,-0.1644736842105199,69835910.1793284,58190918.764530376,1.2001169883898808,0.0,False,False,falling,rising,sell_advantage_accelerating,accelerating,neutral,False,False,False,pass,S0,🌱 초발사 준비,발사 구조 관찰 또는 초기 준비,S0,False,,,2026-09-03T18:10:00Z,33790588802-1
KRW-XTZ,테조스,315.0,310.1333333333333,302.84,368.85833333333335,0.410101446147193,-2.4083124201998913,15.9207464473714,-0.5952326041045145,-0.7567824209165455,,,,,False,False,False,False,-43.41300722927247,3.2786885245901676,8.0,B급,0.0,0.3454500001269878,0.0,0.0,0.0,False,False,False,False,2026-09-04T03:37:26.037623+09:00,1788460646,0.0,0.0,,0,0.0,complete,,,150116.46849424,174226.57868233,-0.07433521513092477,300.0,315.0,5.000000000000004,5.000000000000004,0.0,0.0,complete_hourly_ordered,/v1/candles/minutes/60,120,False,8.62068965517242,290.0,2026-08-31T08:00:00,315.0,2026-09-04T02:00:00,D0,0.0,0.0,False,False,,-100.0,-100.0,0.3454500001269878,0.0,0.0,0.0,0.0,,,-100.0,-100.0,0.3454500001269878,0.0,0.0,0.0,0.0,,,,-100.0,0.6175465865599676,1.2861736334405238,1.0,0.08633714655730262,-0.0647028397792333,,,-100.0,,0.6880500791518358,0.9615384615384581,1.0,0.06475285991796031,-0.048526033423897275,,,-100.0,,0.6899621490265773,1.2861736334405238,1.0,0.08633714655730262,-0.0647028397792333,,,-100.0,-100.0,0.6995689326952998,0.6389776357827559,1.0,0.04316857327864021,-0.0323499580419373,,,-3180475.3057224397,-83914.58594997,0.0,0,1555897.133719035,0.0,0.6389776357827559,False,False,falling,falling,unavailable,accelerating,neutral,False,False,False,pass,S0,🌱 초발사 준비,발사 구조 관찰 또는 초기 준비,S0,False,,,2026-09-03T18:10:00Z,33790588802-1
KRW-CKB,너보스,1.4,1.3760000000000001,1.2698,1.5578333333333334,1.1764705882353121,-8.363521814458975,11.672194286936982,-1.1854715793209012,-1.4278479713942587,,,8.174675820381191,,False,False,False,False,157.24609695999868,-2.0979020979021046,14.0,A급,0.0,1.158237179845088,0.0,0.0,0.0,True,False,False,True,2026-09-04T03:37:26.037623+09:00,1788460646,4999.9999999998,3699756.5909731416,0.0013514402575020908,15,0.0,complete,1788460059435,1788460649535,20274421.51284814,142919116.5013453,-0.7515291137191374,1.37,1.41,2.9197080291970767,2.1897810218977964,0.7092198581560291,25.000000000000384,complete_hourly_ordered,/v1/candles/minutes/60,120,False,10.370370370370363,1.35,2026-08-31T08:00:00,1.49,2026-09-01T18:00:00,D-3,5.369127516778526,57.14285714285726,True,True,,251.7881391081176,,1.158237179845088,0.0,0.0,0.0,0.0,0.0,,251.7881391081176,,1.158237179845088,0.0,0.0,0.0,0.0,0.0,,-99.19838418865766,,1.1598004000971116,0.0,0.0,0.0,0.0,0.0,,,,1.2545472647896645,0.0,0.0,0.0,0.0,0.0,-6.263566071108966,-99.5644599303136,1919.0478967405174,1.6120172957052432,0.0,0.0,0.0,0.0,0.0,-1.192336968294916,-99.81773275794275,60.991425921191336,2.4145098819797397,0.7194244604316502,0.0,0.0,0.0,0.0,,3578.6899999878,3699756.5909731416,0.0,3704756.5909731416,813738.6048675437,4.552760024917563,0.7194244604316502,False,True,rising,rising,sell_advantage_weakening,accelerating,neutral,False,False,False,pass,S1,⚡ 선행 시동,가격 미급등 상태에서 선행조건 3개 개선,S0,True,가격 미급등 상태에서 선행조건 3개 개선,2026-09-04T03:37:26.037623+09:00,2026-09-03T18:10:00Z,33790588802-1
KRW-KAVA,카바,68.4,63.526666666666664,61.81,70.00583333333334,1.2323382556039597,-2.7773283718923496,9.255181115859408,-0.9736467563691724,-1.1311014286208576,,,8.182450204438492,,False,False,False,False,-55.58284264499047,6.3763608087091805,12.0,A급,0.0,0.05502070547041171,0.0,0.0,0.0,False,False,False,True,2026-09-04T03:37:26.037623+09:00,1788460646,0.0,0.0,,0,0.0,complete,,,475627.48521724,1132796.35251906,-0.4085794128907722,67.3,70.0,4.011887072808329,1.6344725111441472,2.2857142857142776,59.25925925925893,complete_hourly_ordered,/v1/candles/minutes/60,120,False,12.00000000000001,62.5,2026-08-31T21:00:00,70.0,2026-09-03T21:00:00,D-1,2.28571428571428,21.333333333333364,True,True,,-100.0,,0.05502070547041171,0.0,0.0,0.0,0.0,0.0,,-100.0,,0.05502070547041171,0.0,0.0,0.0,0.0,0.0,,-100.0,,0.07613657256543149,0.0,0.0,0.0,0.0,0.0,,-100.0,-100.0,0.08891373060229313,-0.14598540145984717,0.0,-0.01062360565176057,0.008442709993303765,0.019649821584556193,,-100.0,,0.1436765938007909,0.2932551319648091,0.0,0.02124721130352114,-0.016886023001367434,-0.03947758727269779,,-100.0,,0.14895455658403733,0.14641288433383526,0.0,0.02124721130352114,-0.016886023001367434,-0.03947758727269779,,-2555084.911386352,0.0,0.0,0,2719174.1217102073,0.0,0.14641288433383526,False,True,falling,flat_or_na,unavailable,accelerating,neutral,False,False,False,pass,S0,🌱 초발사 준비,발사 구조 관찰 또는 초기 준비,S1,True,발사 구조 관찰 또는 초기 준비,2026-09-04T03:37:26.037623+09:00,2026-09-03T18:10:00Z,33790588802-1
KRW-TOSHI,토시,0.168,0.17186666666666667,0.15732,0.186825,0.8607198748043832,-9.246546317484542,8.006601543333774,-1.0245096387944013,-1.2679925873869244,,,6.314391442803113,,False,False,False,False,-8.98803277383442,-1.17647058823529,11.0,A급,-1.17647058823529,0.6056595467697665,-1.0,-0.07824726134586513,0.06315566670027373,False,False,False,False,2026-09-04T03:37:26.037623+09:00,1788460646,66722.6386806594,130456.20989505216,0.5114562099752523,3,0.0,complete,1788460371027,1788460919484,324271249.3156516,528191577.08917093,-0.23921316150937993,0.16,0.17,6.25,5.000000000000004,1.176470588235295,19.99999999999993,complete_hourly_ordered,/v1/candles/minutes/60,120,False,7.594936708860756,0.158,2026-09-03T13:00:00,0.17,2026-09-04T02:00:00,D0,1.17647058823529,16.666666666666472,False,False,-0.46190393628984594,-31.99527001057463,29.420843149853336,0.6056595467697665,-1.17647058823529,-1.0,-0.07824726134586513,0.06315566670027373,0.11159686070354269,-0.46190393628984594,-31.99527001057463,29.420843149853336,0.6056595467697665,-1.17647058823529,-1.0,-0.07824726134586513,0.06315566670027373,0.11159686070354269,0.5114562099752523,,-20.53175116838878,0.6134013850541802,0.5988023952095745,0.0,0.03912363067291036,-0.03158205912852452,-0.05664397671469512,,,,0.6263547057207894,0.5988023952095745,0.0,0.03912363067291036,-0.03158205912852452,-0.05664397671469512,,-94.56598680524579,,0.976753635665208,0.5988023952095745,0.0,0.03912363067291036,-0.03158205912852452,-0.05664397671469512,0.5114562099752523,,53.28089701667753,1.0744597021685962,1.2048192771084265,0.0,0.07824726134584292,-0.06316693594534506,-0.11386309821371654,-0.46190393628984594,-31392.06406286251,29656.20989505216,-1.17647058823529,197178.84857571154,212003.90105016052,0.9300717939575021,1.2048192771084265,False,False,falling,rising,sell_advantage_accelerating,accelerating,neutral,False,False,False,pass,S0,🌱 초발사 준비,발사 구조 관찰 또는 초기 준비,S0,False,,,2026-09-03T18:10:00Z,33790588802-1
KRW-BARD,롬바드,167.0,166.86666666666667,166.0,225.35,0.6433453960595026,-0.5220883534136591,25.952222468752307,-1.0868316060291145,-1.3072778041746589,,,,,True,False,False,False,131.2008972858336,-0.5952380952380931,10.0,A급,0.0,0.33899914449892776,0.0,0.0,0.0,False,False,False,False,2026-09-04T03:37:26.037623+09:00,1788460646,1439497.19989894,0.0,,5,0.0,complete,1788460416117,1788460426423,905810.35387994,1348442.70111731,-0.19635432954438647,166.0,169.0,1.8072289156626509,0.6024096385542244,1.183431952662722,66.66666666666626,complete_hourly_ordered,/v1/candles/minutes/60,120,False,16.766467065868262,167.0,2026-08-30T06:00:00,195.0,2026-08-31T21:00:00,D-4,14.358974358974363,100.0,False,True,,1649.4041440395051,,0.33899914449892776,0.0,0.0,0.0,0.0,,,1649.4041440395051,,0.33899914449892776,0.0,0.0,0.0,0.0,,,284.2219211394827,-100.0,0.342366444851848,0.6024096385542244,0.0,0.04020908725370642,-0.026846352667014628,,,-75.44095713613781,,0.3629362542927197,0.0,0.0,0.0,0.0,,,-78.61283950345012,-100.0,0.8961141283315897,0.6024096385542244,0.0,0.04020908725370642,-0.026846352667014628,,,1021.6803028849129,-100.0,1.1252257238298,0.0,0.0,0.0,0.0,,,1357212.19990031,0.0,0.0,1439497.19989894,5861373.37630984,0.2455904286386219,0.0,False,False,rising,flat_or_na,buy_only,accelerating,neutral,True,True,False,🔴 1차 급등 완료·상승분 반납 / 신규매수 금지,S3,🔴 1차 급등 완료·반납,당일/5D 급등 후 상승분 상당 부분 반납,S3,False,,,2026-09-03T18:10:00Z,33790588802-1
KRW-ZRO,레이어제로,1516.0,1495.5333333333333,1253.12,1454.875,1.5389489883673724,-19.344782090568614,-2.7946272589283137,-1.405330304101264,-1.848429438592682,,,,,False,False,False,False,-80.4697229702323,-1.4257939079714843,9.0,B급,-0.3276539973787629,0.04708399254290896,0.0,-0.022631602770095682,0.01996693317889653,False,False,False,False,2026-09-04T03:37:26.037623+09:00,1788460646,1594651.3242921599,3160875.3438273305,0.504496745626572,14,0.0,complete,1788459818898,1788460912116,115145.61117606,104527.30868349,0.04833687511122861,1393.0,1556.0,11.701363962670497,8.829863603732946,2.570694087403599,24.539877300613547,complete_hourly_ordered,/v1/candles/minutes/60,120,False,14.918759231905465,1354.0,2026-09-01T17:00:00,1556.0,2026-09-04T01:00:00,D0,2.3136246786632397,17.821782178217877,False,False,-4.88024920894848,-10.831047918834791,851.7447994563659,0.04708399254290896,-0.6553079947575369,0.0,-0.022631602770095682,0.01996693317889653,,-4.88024920894848,-10.831047918834791,851.7447994563659,0.04708399254290896,-0.6553079947575369,0.0,-0.022631602770095682,0.01996693317889653,,0.3859972226007223,-49.52417109382665,-88.14390439270873,0.07915176592389628,-1.0443864229765065,0.0,-0.049789526094223824,0.0439257434314162,,-0.26656594780973386,-48.79695846537436,-21.74229970743339,0.12940037509167723,-2.1935483870967776,0.0,-0.11315801385054503,0.09982323073437138,,-0.5809957234733819,-90.98106754724043,-80.5945561757137,0.3302137921988191,-0.7853403141361293,0.0,-0.08600009052639468,0.07586826236558464,,-1.0328859258677832,-96.61839621578454,-89.6950394531172,0.4670034380319663,-0.3942181340341633,0.0,0.009052641108042714,-0.007987093505558374,,-4.88024920894848,-193696.84743542015,2828761.5938354405,-0.6553079947575369,4755526.66811949,40198689.68849628,0.11830053927057196,-0.3942181340341633,False,False,falling,rising,sell_advantage_accelerating,accelerating,neutral,False,False,False,pass,S0,🌱 초발사 준비,발사 구조 관찰 또는 초기 준비,S0,False,,,2026-09-03T18:10:00Z,33790588802-1
KRW-RAY,레이디움,1147.0,1082.2,960.22,996.05,1.5895863320608328,-12.7033388181875,-8.649164198584417,-1.4409035496679226,-1.6842075331252127,,,,,False,False,False,False,-81.42686336927953,3.6133694670279937,9.0,B급,-0.5203816131829964,0.009388458463646998,0.0,-0.03754928343449038,0.03470288303388358,False,False,False,False,2026-09-04T03:37:26.037623+09:00,1788460646,415925.8481274,249975.65615744,1.6638654120201248,11,0.0,complete,1788459913056,1788460984113,22732.67184218,35502.15096394,-0.21927565855696285,1097.0,1174.0,7.0191431175934405,4.557885141294449,2.2998296422487225,35.064935064934964,complete_hourly_ordered,/v1/candles/minutes/60,120,False,11.174242424242431,1056.0,2026-08-31T08:00:00,1174.0,2026-09-04T00:00:00,D0,2.3850085178875657,23.728813559322106,False,True,0.07915372871354998,-74.01371020587605,-75.24993503378352,0.009388458463646998,-0.5203816131829964,0.0,-0.03754928343449038,0.03470288303388358,,0.07915372871354998,-74.01371020587605,-75.24993503378352,0.009388458463646998,-0.5203816131829964,0.0,-0.03754928343449038,0.03470288303388358,,1.433103376197072,49.421187490522534,-79.27672684862925,0.04904471213971817,-0.17406440382942145,0.0,-0.006258213905740995,0.005784055784893383,,-9.575883749432663,-15.515844752415697,470.70764632770505,0.0779490336769868,0.17467248908296096,0.0,0.012516427811504194,-0.011568401924336058,,1.3655312946161988,-94.85582627532577,-99.07764022448194,0.10747917891929148,0.7023705004389758,0.0,0.043807497340253576,-0.040491100583261996,,-1.300791422341906,-87.86986555951887,-78.38666173903997,0.6586050409524233,0.4378283712784592,0.0,-0.006258213905740995,0.005784055784893383,,0.07915372871354998,-1184632.9520036199,-760024.34383712,-0.5203816131829964,665901.50428484,1422709.3686464499,0.46805167587978375,0.4378283712784592,False,False,falling,falling,buy_advantage_accelerating,accelerating,neutral,False,False,False,pass,S0,🌱 초발사 준비,발사 구조 관찰 또는 초기 준비,S0,False,,,2026-09-03T18:10:00Z,33790588802-1
KRW-ONDO,온도파이낸스,502.0,501.8666666666667,517.84,528.45,0.31982942430703876,3.084607858283129,5.030434919733819,-0.14945390113726184,-0.12227776253623457,,,,,False,False,False,False,-23.757758760956406,2.0325203252032464,7.0,B급,-0.1988071570576566,0.48206468108022804,0.0,-0.013326226012799758,0.011117723486868236,False,False,False,False,2026-09-04T03:37:26.037623+09:00,1788460646,36175304.06006581,99378423.77506524,0.36401567549456804,81,0.0,complete,1788459768203,1788460973393,4176796.39498332,2987535.60994141,0.16599744180258783,479.0,510.0,6.471816283924836,4.801670146137793,1.5686274509803921,25.806451612903047,complete_hourly_ordered,/v1/candles/minutes/60,120,False,10.151187904967607,463.0,2026-09-02T10:00:00,510.0,2026-09-04T00:00:00,D0,1.5686274509803977,17.021276595744776,False,False,-1.8675124854956082,-62.326526018281726,130.94999411306821,0.48206468108022804,-0.1988071570576566,0.0,-0.013326226012799758,0.011117723486868236,,-1.8675124854956082,-62.326526018281726,130.94999411306821,0.48206468108022804,-0.1988071570576566,0.0,-0.013326226012799758,0.011117723486868236,,-2.787270248629784,-77.24034666958357,97.03045776983717,0.5914842242513245,-0.3968253968253954,0.0,-0.02665245202557731,0.022235096345395,,-0.5212100669945287,-44.64680403201346,34.6097910023563,0.7519484896639987,0.0,0.0,-0.013326226012799758,0.011117723486868236,,-1.4890891168689988,-60.87242490452741,99.18784218419623,1.0778723166275022,-0.3968253968253954,0.0,-0.03997867803837707,0.03335211859216525,,0.0009284589846179636,-69.43690277350596,-69.51485705989523,1.3214761968611342,0.1996007984031989,0.0,-0.013326226012799758,0.011117723486868236,,-1.8675124854956082,-59847972.36413794,56348146.09235109,-0.1988071570576566,135553727.83513105,184034904.8252107,0.7365653160408608,0.1996007984031989,False,False,falling,rising,sell_advantage_accelerating,accelerating,neutral,False,False,False,pass,S0,🌱 초발사 준비,발사 구조 관찰 또는 초기 준비,S0,False,,,2026-09-03T18:10:00Z,33790588802-1
KRW-ZRX,제로엑스,138.0,133.73333333333332,121.44,133.43333333333334,1.466868993424364,-10.122968818620985,-0.22483137646763648,-1.383641620938302,-1.5182240867276737,,,,,False,False,True,False,19.846732923100173,3.759398496240607,9.0,B급,0.0,1.1611382415012805,0.0,0.0,0.0,False,False,False,False,2026-09-04T03:37:26.037623+09:00,1788460646,0.0,7983285.40883358,0.0,16,0.0,complete,1788460376743,1788460517878,914232.98136532,2257729.59874485,-0.4235537410825531,133.0,142.0,6.766917293233088,3.759398496240607,2.8169014084507045,44.44444444444441,complete_hourly_ordered,/v1/candles/minutes/60,120,False,10.077519379844958,129.0,2026-08-31T08:00:00,142.0,2026-09-03T15:00:00,D-1,2.8169014084507005,30.769230769230845,False,True,0.0,,2100.959175289383,1.1611382415012805,0.0,0.0,0.0,0.0,,0.0,,2100.959175289383,1.1611382415012805,0.0,0.0,0.0,0.0,,,,,1.2138942514508422,-0.7194244604316502,0.0,-0.050581689428441656,0.04370044143033283,,,-100.0,,1.2138942514508422,-0.7194244604316502,0.0,-0.050581689428441656,0.04370044143033283,,,-100.0,,2.2349981436357886,0.0,0.0,0.0,0.0,,-0.12273860155525944,-100.0,43.01190902205727,4.158375313323681,0.0,0.0,0.0,0.0,,0.0,0.0,7620566.94051924,0.0,7983285.40883358,1947066.7726771203,4.100160056584479,0.0,False,False,flat_or_na,rising,sell_only,accelerating,neutral,False,False,False,pass,S0,🌱 초발사 준비,발사 구조 관찰 또는 초기 준비,S0,False,,,2026-09-03T18:10:00Z,33790588802-1
KRW-GMT,스테픈,10.3,9.915333333333335,9.7384,12.066,1.1012167765617642,-1.8168624551603372,17.82418918172274,-1.2423527793382632,-1.144583362177522,,,,,False,False,False,False,-46.31531348697441,7.403545359749741,9.0,B급,0.0,0.018693482415727658,0.0,0.0,0.0,False,False,False,True,2026-09-04T03:37:26.037623+09:00,1788460646,876809.595202384,0.0,,1,0.0,complete,1788460296068,1788460296068,9463288.50338494,40990285.3762398,-0.6248714302791298,9.93,10.8,8.761329305135956,3.7260825780463414,4.62962962962963,57.47126436781591,complete_hourly_ordered,/v1/candles/minutes/60,120,False,17.136659436008685,9.22,2026-08-31T08:00:00,10.8,2026-09-03T14:00:00,D-1,4.629629629629628,31.64556962025325,False,True,,516.0225913715517,,0.018693482415727658,0.0,0.0,0.0,0.0,,,516.0225913715517,,0.018693482415727658,0.0,0.0,0.0,0.0,,,,-100.0,0.021207863196735843,0.9803921568627638,0.0,0.06797634423221233,-0.049579656945045514,,,,,0.021207863196735843,0.9803921568627638,0.0,0.06797634423221233,-0.049579656945045514,,,-95.68229887141285,-100.0,0.23007922387711943,0.9803921568627638,0.0,0.06797634423221233,-0.049579656945045514,,,-51.85538196028317,-100.0,0.4554933996161665,0.9803921568627638,0.0,0.06797634423221233,-0.049579656945045514,,,734475.595202449,0.0,0.0,876809.595202384,3394513.987204688,0.2583019538312224,0.9803921568627638,False,False,rising,flat_or_na,buy_only,accelerating,neutral,False,False,False,pass,S0,🌱 초발사 준비,발사 구조 관찰 또는 초기 준비,S0,False,,,2026-09-03T18:10:00Z,33790588802-1
KRW-TFUEL,쎄타퓨엘,12.6,12.293333333333333,11.272,12.734166666666665,1.1519473395501745,-9.06079962148095,3.4618153262220965,-1.102433238407221,-1.3736416932820474,,,2.520173450727728,,False,False,False,False,-50.52681022928979,-1.562500000000011,13.0,A급,0.0,0.08302138015505989,0.0,0.0,0.0,False,False,False,True,2026-09-04T03:37:26.037623+09:00,1788460646,0.0,0.0,,0,0.0,complete,,,5901757.26570908,25713151.15983932,-0.6266472016132872,12.2,12.6,3.2786885245901676,3.2786885245901676,0.0,0.0,complete_hourly_ordered,/v1/candles/minutes/60,120,False,7.563025210084029,11.9,2026-08-31T13:00:00,12.8,2026-09-01T02:00:00,D-3,1.562500000000011,22.222222222222157,True,False,,,,0.08302138015505989,0.0,0.0,0.0,0.0,0.0,,,,0.08302138015505989,0.0,0.0,0.0,0.0,0.0,,-100.0,,0.22076916039470973,0.8000000000000007,0.0,0.05485463521666123,-0.04603807691925521,-0.05074841348202952,,-100.0,,0.22076916039470973,0.8000000000000007,0.0,0.05485463521666123,-0.04603807691925521,-0.05074841348202952,,-100.0,,0.27897533604785707,0.8000000000000007,0.0,0.05485463521666123,-0.04603807691925521,-0.05074841348202952,,-100.0,,0.32309848211485104,0.8000000000000007,0.0,0.05485463521666123,-0.04603807691925521,-0.05074841348202952,,0.0,0.0,0.0,0,405231.96694213804,0.0,0.8000000000000007,False,False,flat_or_na,flat_or_na,unavailable,accelerating,neutral,False,False,False,pass,S0,🌱 초발사 준비,발사 구조 관찰 또는 초기 준비,S0,False,,,2026-09-03T18:10:00Z,33790588802-1
KRW-CFG,센트리퓨즈,142.0,176.0,220.86,297.125,-1.6026835631755554,20.311509553563347,40.76567101388305,1.0338567116417656,1.0932209745972798,,,,,False,False,False,False,11.621194698635783,-17.441860465116278,2.0,-,0.7092198581560183,0.07331328828268369,0.0,0.0372717107715248,-0.020776509536482024,False,False,False,False,2026-09-04T03:37:26.037623+09:00,1788460646,5004.999999539999,0.0,,1,0.0,complete,1788460039075,1788460039075,1239393.8241347,973919.55335358,0.11994427607101282,142.0,144.0,1.4084507042253502,0.0,1.3888888888888888,100.0,complete_hourly_ordered,/v1/candles/minutes/60,120,False,8.904109589041088,146.0,2026-09-01T04:00:00,159.0,2026-09-01T23:00:00,D-3,10.691823899371066,130.7692307692308,False,False,,-98.25965791834538,,0.07331328828268369,0.7092198581560183,0.0,0.0372717107715248,-0.020776509536482024,,,-98.25965791834538,,0.07331328828268369,0.7092198581560183,0.0,0.0372717107715248,-0.020776509536482024,,,-99.54790580791965,,0.0789345406871913,1.4285714285714235,0.0,0.0745434215430385,-0.0415541845574694,,,-99.52326976934638,-100.0,0.10215050198032394,2.158273381294973,0.0,0.1118151323145633,-0.062333025161038336,,,-99.82491272129042,-100.0,0.24609607521035493,2.158273381294973,0.0,0.1118151323145633,-0.062333025161038336,,,-98.18271359349006,-100.0,0.985946857296204,1.4285714285714235,0.0,0.0372717107715248,-0.020776509536482024,,,-282582.13889108,0.0,0.7092198581560183,5004.999999539999,9391151.24494505,0.0005329485032236094,1.4285714285714235,False,False,falling,flat_or_na,buy_only,accelerating,neutral,False,False,False,pass,S0,🌱 초발사 준비,발사 구조 관찰 또는 초기 준비,S0,False,,,2026-09-03T18:10:00Z,33790588802-1
KRW-AZTEC,아즈텍,19.1,19.113333333333333,19.218,23.58833333333333,0.27981811822315183,0.5446282998577723,18.9712428460397,-0.7057629575415688,-0.6688111716952598,0.7716872840066761,,,,False,False,False,False,-55.33679661667612,2.6881720430107503,5.0,관찰,0.0,0.0734384620269779,0.0,0.0,0.0,False,False,False,False,2026-09-04T03:37:26.037623+09:00,1788460646,5403194.568750012,173232.94,31.190341564081354,16,0.0,complete,1788460713187,1788460790781,5586941.2737753,6335615.84084092,-0.06279479811824909,17.5,19.2,9.714285714285719,9.142857142857142,0.5208333333333223,5.88235294117652,complete_hourly_ordered,/v1/candles/minutes/60,120,False,12.790697674418606,17.2,2026-09-02T19:00:00,19.4,2026-09-04T03:00:00,D0,0.5154639175257603,4.545454545454567,False,True,29.668070717462044,54.45280139624546,-92.46180115529903,0.0734384620269779,0.0,0.0,0.0,0.0,,29.668070717462044,54.45280139624546,-92.46180115529903,0.0734384620269779,0.0,0.0,0.0,0.0,,26.34329336255368,33.76049474725542,-79.21332268298191,0.362534614481028,0.0,0.0,0.0,0.0,,30.99925598155739,99.76980360225043,-98.7761233966096,0.6139053204225604,0.5263157894736858,0.0,0.10493179433368471,-0.07620795422883475,,30.176688379461634,-1.235134385418879,-96.7902460973993,2.0285419671658858,0.5263157894736858,0.0,0.10493179433368471,-0.07620795422883475,,30.998931185432234,192.8124235491319,-98.20305472610632,2.461224700935553,2.1390374331550888,0.0,0.13990905911156482,-0.10161419586545861,,29.668070717462044,1904912.556442428,-2124835.120671751,0.0,5576427.508750012,2341273.6617168384,2.381792269708813,2.1390374331550888,False,False,rising,falling,buy_advantage_accelerating,accelerating,leading_buy_inflow,False,False,False,pass,S0,🌱 초발사 준비,발사 구조 관찰 또는 초기 준비,S0,False,,,2026-09-03T18:10:00Z,33790588802-1
KRW-XPL,플라즈마,131.0,124.86666666666666,117.04,128.34916666666666,1.0793308148947522,-6.6871724766461496,2.713301605646058,-0.8812605816726817,-0.6461752435811762,,,4.199018196068042,,False,False,False,False,-21.10370581314729,8.264462809917351,13.0,A급,-1.5037593984962405,0.24321685068220233,0.0,-0.10793308148948633,0.09123836192205959,False,False,False,True,2026-09-04T03:37:26.037623+09:00,1788460646,5597622.791871859,38002005.28310091,0.1472980899342452,35,0.0,complete,1788459748553,1788461027539,8803769.42839457,9239453.35233425,-0.024146679849512017,115.0,135.0,17.391304347826097,13.913043478260878,2.9629629629629632,19.999999999999996,complete_hourly_ordered,/v1/candles/minutes/60,120,False,22.72727272727273,110.0,2026-09-01T18:00:00,135.0,2026-09-04T01:00:00,D0,3.703703703703709,19.999999999999986,False,False,-7.523820602408515,-82.8680259886964,792.2139189551523,0.24321685068220233,-1.5037593984962405,0.0,-0.10793308148948633,0.09123836192205959,0.2526413015965083,-7.523820602408515,-82.8680259886964,792.2139189551523,0.24321685068220233,-1.5037593984962405,0.0,-0.10793308148948633,0.09123836192205959,0.2526413015965083,-1.1472156163012892,-92.54733982073589,-34.50308314058985,0.37052935769541406,-0.7575757575757569,0.0,0.0,0.0,0.0,-0.35956447494211774,-95.2139399030989,-83.53084756597573,0.9096398420108223,-1.5037593984962405,0.0,-0.1618996222342295,0.13684865885639663,0.3738052688370965,-3.326054173219618,-97.69838054829228,-45.7268241897997,3.4832914893276445,1.5503875968992276,1.0,0.10793308148946412,-0.09126206035177997,-0.26739634606588325,-1.9955754669690506,-88.55699628178151,66.47133774961233,3.622919325732486,1.5503875968992276,1.0,0.16189962223420729,-0.1369019803243563,-0.4070375870569345,-7.523820602408515,-27075919.604226656,33742712.25081959,-1.5037593984962405,43599628.07497277,126816642.14881042,0.34380052441233755,1.5503875968992276,False,False,falling,rising,sell_advantage_accelerating,accelerating,neutral,False,False,False,pass,S0,🌱 초발사 준비,발사 구조 관찰 또는 초기 준비,S0,False,,,2026-09-03T18:10:00Z,33790588802-1
KRW-ZAMA,자마,76.3,72.96000000000001,69.46600000000001,56.708333333333336,1.1179894668761126,-5.029798750467854,-28.658339456282157,-0.5863874645157686,-0.9585471992610671,,,,,False,False,False,False,12.907082002640479,5.532503457814664,7.0,B급,-0.3916449086161844,0.3941096621541398,0.0,-0.02771874711262612,0.029594947785266612,False,False,False,False,2026-09-04T03:37:26.037623+09:00,1788460646,1285981.99999984,49999.999999425,25.719640000292575,2,0.0,complete,1788460108422,1788460483577,1460297.56635089,1917635.39403206,-0.13538984729564388,73.8,82.0,11.111111111111116,3.387533875338744,6.9512195121951255,69.51219512195131,complete_hourly_ordered,/v1/candles/minutes/60,120,False,22.205663189269753,67.1,2026-09-02T19:00:00,82.0,2026-09-03T20:00:00,D-1,6.951219512195128,38.255033557046985,False,True,22.422746440561653,-77.57955021925432,-97.12601589728432,0.3941096621541398,-0.3916449086161844,0.0,-0.02771874711262612,0.029594947785266612,,22.422746440561653,-77.57955021925432,-97.12601589728432,0.3941096621541398,-0.3916449086161844,0.0,-0.02771874711262612,0.029594947785266612,,25.077030020904072,327.1793384551902,-89.32684493730234,0.4061134940930291,-1.1658031088082943,0.0,-0.08315624133785615,0.08877701619026013,,23.713990904856793,-63.77457052502873,-97.17509654655267,0.5203925146801218,-0.7802340702210753,0.0,-0.03695832948349409,0.03945935054770899,,,,,0.6354513504694506,0.0,0.0,0.0,0.0,,20.546437771513176,-70.5604917559574,-94.0785901489866,0.6696785647703809,0.6596306068601621,0.0,0.046197911854384266,-0.049330712068748284,,22.422746440561653,-4449772.690810244,-1689745.1834265783,-0.3916449086161844,1335981.999999265,14515996.611029612,0.09203515513252138,0.6596306068601621,False,False,falling,falling,buy_advantage_accelerating,accelerating,neutral,False,False,False,pass,S0,🌱 초발사 준비,발사 구조 관찰 또는 초기 준비,S0,False,,,2026-09-03T18:10:00Z,33790588802-1
KRW-MASK,마스크네트워크,614.0,591.4,543.34,592.8833333333333,1.0709809729976039,-8.845290241837512,0.2501897506535881,-1.112651812259928,-1.2369882914220958,,,0.2022571696017907,,False,False,False,False,-87.10711970725097,3.367003367003374,13.0,A급,1.1532125205930832,0.4350579497859002,1.0,0.07975390224450596,-0.06890385482303063,False,False,False,True,2026-09-04T03:37:26.037623+09:00,1788460646,6823769.97741492,5237514.70946125,1.3028641170378379,45,0.0,complete,1788459806675,1788460277521,68645.63530669,44168.71199716,0.2169664044911306,597.0,614.0,2.8475711892797406,2.8475711892797406,0.0,0.0,complete_hourly_ordered,/v1/candles/minutes/60,120,False,9.171075837742503,567.0,2026-08-31T08:00:00,619.0,2026-09-02T04:00:00,D-2,0.8077544426494332,9.615384615384546,True,True,-1.6000246442982833,238.64130349365712,654.5207678840404,0.4350579497859002,1.1532125205930832,1.0,0.07975390224450596,-0.06890385482303063,-0.058609118529985293,-1.6000246442982833,238.64130349365712,654.5207678840404,0.4350579497859002,1.1532125205930832,1.0,0.07975390224450596,-0.06890385482303063,-0.058609118529985293,,,,0.5228528197396258,1.4876033057851235,1.0,0.10254073145721243,-0.08859316119256666,-0.07560007821408815,1.3028641170378379,,93172709.52093843,0.5228528197396258,1.4876033057851235,1.0,0.10254073145721243,-0.08859316119256666,-0.07560007821408815,-15.997715401945417,963.8688246622964,14026.989114324331,0.6123817585812361,1.655629139072845,1.0,0.10254073145721243,-0.08859316119256666,-0.07560007821408815,1.3028641170378379,,1580.9493856007168,0.6281321638542039,0.9868421052631637,0.0,0.06836048763814162,-0.05905961679089394,-0.05015495285301386,-1.6000246442982833,4808726.35839497,4543363.5432648305,1.1532125205930832,12061284.68687617,495033.0604117949,24.364604410143738,0.9868421052631637,False,True,rising,rising,buy_advantage_weakening,accelerating,neutral,False,False,False,pass,S2,🚀 발사 진행,가격 상승 초입과 실제 매수수급·구조 동반,S1,True,가격 상승 초입과 실제 매수수급·구조 동반,2026-09-04T03:37:26.037623+09:00,2026-09-03T18:10:00Z,33790588802-1
KRW-COMP,컴파운드,27270.0,26586.0,24820.2,26473.416666666668,0.6206948754825525,-7.114366524040899,-0.425269373994663,-0.4574494263822614,-0.8070753623464111,,,,,False,False,True,False,128.59541236658546,6.815511163337251,10.0,A급,-0.3653635367190322,1.3393629291438174,0.0,-0.025231499003353086,0.02202060274374462,False,False,False,False,2026-09-04T03:37:26.037623+09:00,1788460646,5000121.878224,5045393.279077,0.9910271809651117,25,0.0,complete,1788460070567,1788460892777,1362.0438291,1568.29180295,-0.0703837374784653,26410.0,29620.0,12.154486936766373,3.2563422945853793,7.933828494260635,73.20872274143306,complete_hourly_ordered,/v1/candles/minutes/60,120,False,19.291180024164323,24830.0,2026-08-31T08:00:00,29620.0,2026-09-03T17:00:00,D-1,7.697501688048614,47.59916492693117,False,False,0.9827026601947572,33251.798694171724,180.15148957663877,1.3393629291438174,-0.3653635367190322,0.0,-0.025231499003353086,0.02202060274374462,,0.9827026601947572,33251.798694171724,180.15148957663877,1.3393629291438174,-0.3653635367190322,0.0,-0.025231499003353086,0.02202060274374462,,-0.05648822158576605,1978.4072708735725,2096.875797991303,1.538898341558948,-0.3653635367190322,0.0,-0.025231499003353086,0.02202060274374462,,-80.01007672294111,242.046101817194,27856.964617498204,1.5898240882340247,-0.5470459518599591,0.0,-0.03784724850504073,0.03303038426480054,,0.8550822777620417,21.20262747137387,-83.37393789390552,3.384947589597772,-0.3289473684210509,0.0,-0.02270834910302888,0.019818604852636368,,0.9084094821641073,8589.404799221993,624.3985253391321,5.771910513740195,-0.8002910149145115,0.0,-0.07064819720941085,0.06165419442801767,,0.9827026601947572,4985129.8176036,3244441.4844955998,-0.3653635367190322,10045515.157301001,9502686.16943945,1.057123741453999,-0.8002910149145115,False,False,rising,rising,sell_advantage_weakening,accelerating,leading_buy_inflow,False,False,False,pass,S0,🌱 초발사 준비,발사 구조 관찰 또는 초기 준비,S0,False,,,2026-09-03T18:10:00Z,33790588802-1
KRW-ZETA,제타체인,47.0,45.62,44.006,55.755833333333335,1.048434731246295,-3.6676816797709337,18.178964831781435,-1.25769657139902,-1.3086190246890204,,,13.891716755456368,,False,False,False,False,24.231880208671086,0.42735042735042583,12.0,A급,0.0,0.5093495342561205,0.0,0.0,0.0,False,False,False,True,2026-09-04T03:37:26.037623+09:00,1788460646,1070765.93511614,0.0,,5,0.0,complete,1788460361418,1788460943613,1049776.28582413,1346505.70591141,-0.12382909069577809,46.1,48.0,4.121475054229928,1.9522776572667988,2.083333333333333,52.63157894736865,complete_hourly_ordered,/v1/candles/minutes/60,120,False,8.843537414965974,44.1,2026-09-02T10:00:00,48.0,2026-09-03T19:00:00,D-1,1.4583333333333393,17.94871794871791,False,True,,1780.9027455360037,,0.5093495342561205,0.0,0.0,0.0,0.0,0.0,,1780.9027455360037,,0.5093495342561205,0.0,0.0,0.0,0.0,0.0,,2.797344805740276,-100.0,1.0779443399544064,0.0,0.0,0.0,0.0,0.0,,174.20852537272654,-100.0,1.1157373016565941,0.2132196162046851,0.0,0.014766686355560665,-0.010734148877993732,-0.03104337023068382,,-62.29255417894498,-100.0,1.5756753491357642,0.0,0.0,0.0,0.0,0.0,,22.419962080887746,-100.0,1.8905701229309457,0.2132196162046851,0.0,0.014766686355560665,-0.010734148877993732,-0.03104337023068382,,1013837.63631614,0.0,0.0,1070765.93511614,3953237.4192596674,0.2708579884171654,0.2132196162046851,False,False,rising,flat_or_na,buy_only,accelerating,neutral,False,False,False,pass,S1,⚡ 선행 시동,가격 미급등 상태에서 선행조건 3개 개선,S1,False,,,2026-09-03T18:10:00Z,33790588802-1
KRW-RED,레드스톤,168.0,155.0,139.02,156.4,1.572739187418093,-11.4947489569846,0.8951406649616405,-1.5770887290175446,-1.5524159876709611,,,0.5766113413355081,,False,False,False,False,48.91817863132124,9.80392156862746,14.0,A급,0.5988023952095745,0.8298248460569368,0.0,0.0436871996505106,-0.03734721269595598,True,False,False,True,2026-09-04T03:37:26.037623+09:00,1788460646,101818.18181808,0.0,,2,0.0,complete,1788460845147,1788460875737,1231163.25910859,2170298.72033075,-0.2760975918293101,158.0,175.0,10.759493670886066,6.329113924050622,4.0,41.17647058823534,complete_hourly_ordered,/v1/candles/minutes/60,120,False,22.377622377622373,143.0,2026-09-01T08:00:00,175.0,2026-09-03T13:00:00,D-1,4.0000000000000036,21.874999999999996,False,True,,-99.49482085074412,-100.0,0.8298248460569368,0.5988023952095745,0.0,0.0436871996505106,-0.03734721269595598,-0.026961565828127032,,-99.49482085074412,-100.0,0.8298248460569368,0.5988023952095745,0.0,0.0436871996505106,-0.03734721269595598,-0.026961565828127032,,,-100.0,1.2394448557949431,1.2048192771084265,0.0,0.087374399300999,-0.07469840569805353,-0.054188018979654196,,-74.79255324776575,,1.3158103192321136,0.5988023952095745,0.0,0.0436871996505106,-0.03734721269595598,-0.026961565828127032,,-97.16549940598223,-100.0,1.4299867924175942,1.2048192771084265,0.0,0.0436871996505106,-0.03734721269595598,-0.026961565828127032,,-27.9153651830747,-100.0,2.757484972284942,0.0,0.0,0.0,0.0,0.0,,-20053048.0607926,-1581875.08602287,0.5988023952095745,101818.18181808,53783887.681284696,0.001893098215983184,0.0,False,True,falling,falling,buy_only,accelerating,neutral,False,False,False,pass,S0,🌱 초발사 준비,발사 구조 관찰 또는 초기 준비,S2,True,발사 구조 관찰 또는 초기 준비,2026-09-04T03:37:26.037623+09:00,2026-09-03T18:10:00Z,33790588802-1
KRW-TIA,셀레스티아,507.0,492.06666666666666,481.84,540.575,0.8333333333333304,-2.122419613703032,8.973469607979165,-1.2387331620210706,-0.7735672613688127,,,11.600115537594986,,False,False,False,False,45.7173251781571,7.643312101910826,12.0,A급,-0.19685039370078705,0.010130397044093797,0.0,-0.013661202185799581,0.01092914243267984,False,False,False,False,2026-09-04T03:37:26.037623+09:00,1788460646,0.0,0.0,,0,0.0,complete,,,109791.5048502,81129.90603784,0.15012249636667369,491.0,515.0,4.887983706720989,3.258655804480659,1.5533980582524272,33.33333333333333,complete_hourly_ordered,/v1/candles/minutes/60,120,False,15.470852017937208,446.0,2026-08-31T08:00:00,515.0,2026-09-03T19:00:00,D-1,1.553398058252431,11.594202898550618,True,False,,,-100.0,0.010130397044093797,-0.19685039370078705,0.0,-0.013661202185799581,0.01092914243267984,0.04677391027682454,,,-100.0,0.010130397044093797,-0.19685039370078705,0.0,-0.013661202185799581,0.01092914243267984,0.04677391027682454,,-100.0,,0.010130397044093797,-0.19685039370078705,0.0,-0.013661202185799581,0.01092914243267984,0.04677391027682454,,-100.0,-100.0,0.030715363838403675,-0.19685039370078705,0.0,-0.013661202185799581,0.01092914243267984,0.04677391027682454,,-100.0,-100.0,2.201091749317527,0.19762845849802257,0.0,0.027322404371576958,-0.021859295777742815,-0.09434971515349311,,,-100.0,2.913964816652978,1.1976047904191711,0.0,0.08196721311475308,-0.06558193141925095,-0.28632162166071673,,0.0,-99999.99999639,-0.19685039370078705,0,1628588.56133034,0.0,1.1976047904191711,False,False,flat_or_na,falling,unavailable,accelerating,neutral,False,False,False,pass,S0,🌱 초발사 준비,발사 구조 관찰 또는 초기 준비,S0,False,,,2026-09-03T18:10:00Z,33790588802-1
KRW-ADA,에이다,303.0,290.1333333333333,264.76,282.90833333333336,1.0917537746806039,-9.583522183612834,-2.5538307461191665,-0.46209701541012455,-1.02684981263178,,,,,False,False,False,False,-20.48684746159498,7.829181494661919,9.0,B급,-0.6557377049180357,0.4327677385986952,0.0,-0.046457607433203485,0.04108545664362939,False,False,False,False,2026-09-04T03:37:26.037623+09:00,1788460646,59215066.713600606,112904153.21182638,0.5244719970797141,125,0.0,complete,1788459747826,1788461064573,4771570.61311861,6679927.80249434,-0.1666469417464075,277.0,307.0,10.83032490974729,9.386281588447654,1.3029315960912053,13.333333333333314,complete_hourly_ordered,/v1/candles/minutes/60,120,False,16.287878787878785,264.0,2026-09-02T19:00:00,307.0,2026-09-04T01:00:00,D0,1.6286644951140072,11.627906976744114,False,True,-0.6818763838046035,-24.306259457138434,74.1046649876334,0.4327677385986952,-0.6557377049180357,0.0,-0.046457607433203485,0.04108545664362939,,-0.6818763838046035,-24.306259457138434,74.1046649876334,0.4327677385986952,-0.6557377049180357,0.0,-0.046457607433203485,0.04108545664362939,,-2.133890433104331,-44.502079959518284,181.2992617536285,0.643303512799644,-0.3289473684210509,0.0,-0.023228803716612845,0.020543333409541287,,0.11337163072876233,-23.60704648751113,-40.12040423419945,0.9592798008034933,0.0,0.0,0.023228803716612845,-0.020544543691917827,,-1.0528429737418339,-50.54954991073897,48.71897007649044,1.5764304220949228,-0.3289473684210509,0.0,-0.023228803716612845,0.020543333409541287,,-0.7474205068205392,-89.39141092054295,-74.27320237829835,2.2679456985480044,0.3311258278145601,0.0,0.0,0.0,,-0.6818763838046035,-19014739.72603503,48055716.65796039,-0.6557377049180357,172119219.925427,147360646.78858915,1.1680134667999775,0.3311258278145601,False,False,falling,rising,sell_advantage_accelerating,accelerating,neutral,False,False,False,pass,S0,🌱 초발사 준비,발사 구조 관찰 또는 초기 준비,S0,False,,,2026-09-03T18:10:00Z,33790588802-1
KRW-ELF,엘프,90.0,88.29333333333334,86.404,95.29333333333334,0.7761375741896392,-2.18662716232274,7.345739471106757,-0.9596418156567934,-1.0388963892225087,,,7.070714218772265,,False,False,False,False,-54.48604380859325,-0.11098779134294245,12.0,A급,0.11123470522802492,0.020591219785629278,0.0,0.007609191903834578,-0.006185741615484908,False,False,False,False,2026-09-04T03:37:26.037623+09:00,1788460646,220256.563486179,199204.934311516,1.1056782516327759,6,0.0,complete,1788459807455,1788460442345,1256833.04446325,1177101.98832061,0.032758087240909686,88.7,90.0,1.465614430665152,1.465614430665152,0.0,0.0,complete_hourly_ordered,/v1/candles/minutes/60,120,False,6.62790697674418,86.0,2026-09-01T18:00:00,91.7,2026-09-03T00:00:00,D-1,1.8538713195201728,29.824561403508582,True,True,-5.108948620586383,-87.63136989065539,-30.480299366871055,0.020591219785629278,0.11123470522802492,0.0,0.007609191903834578,-0.006185741615484908,-0.014391298478095393,-5.108948620586383,-87.63136989065539,-30.480299366871055,0.020591219785629278,0.11123470522802492,0.0,0.007609191903834578,-0.006185741615484908,-0.014391298478095393,,,,0.07320584803526486,0.11123470522802492,0.0,0.007609191903834578,-0.006185741615484908,-0.014391298478095393,,-68.53477664482277,,0.07320584803526486,0.11123470522802492,0.0,0.007609191903834578,-0.006185741615484908,-0.014391298478095393,-8.717136147738342,-67.67901325739368,187.1387345354068,0.11876012949385739,0.44642857142858094,0.0,0.030436767615293903,-0.0247436156109746,-0.057773352089610874,0.3962723371663225,-95.32855035936495,-97.0027862994457,0.13611765627991446,0.44642857142858094,0.0,0.007609191903834578,-0.006185741615484908,-0.014391298478095393,-5.108948620586383,-1560511.084499132,-87339.64585399005,0.11123470522802492,419461.497797695,1620220.8421908885,0.2588915577894261,0.44642857142858094,False,True,falling,falling,buy_advantage_weakening,accelerating,neutral,False,False,False,pass,S1,⚡ 선행 시동,가격 미급등 상태에서 선행조건 5개 개선,S1,False,,,2026-09-03T18:10:00Z,33790588802-1
KRW-SOON,쑨,265.0,272.73333333333335,281.86,263.4916666666667,-0.26816187225742194,3.2380141441377512,-3.5073848002783166,0.4171042856759885,0.395718577958406,,,,8.86333115410866,False,False,False,False,-32.23714993523543,-5.017921146953408,0.0,-,0.0,0.0,0.0,0.0,0.0,False,False,False,False,2026-09-04T03:37:26.037623+09:00,1788460646,0.0,0.0,,0,0.0,complete,,,430572.60102684,1028252.6052086,-0.40969953194330844,260.0,266.0,2.3076923076922995,1.9230769230769162,0.37593984962406013,16.666666666666664,complete_hourly_ordered,/v1/candles/minutes/60,120,False,6.827309236947787,249.0,2026-09-02T10:00:00,266.0,2026-09-04T00:00:00,D0,0.3759398496240629,5.8823529411765465,False,False,,,,0.0,0.0,0.0,0.0,0.0,,,,,0.0,0.0,0.0,0.0,0.0,,,,,0.0,0.0,0.0,0.0,0.0,,,-100.0,-100.0,0.0,0.0,0.0,0.0,0.0,,,,-100.0,0.05103212336786811,0.0,0.0,0.0,0.0,,,,-100.0,0.29041316658337024,0.0,0.0,0.0,0.0,,,0.0,0.0,0.0,0,2803963.19413515,0.0,0.0,False,False,flat_or_na,flat_or_na,unavailable,flat_or_na,neutral,False,False,False,pass,S0,🌱 초발사 준비,발사 구조 관찰 또는 초기 준비,S0,False,,,2026-09-03T18:10:00Z,33790588802-1
KRW-STEEM,스팀,60.9,60.31333333333334,55.558,64.43583333333333,1.1855497147970073,-8.559223394170669,6.397837642098721,-1.1997730711925834,-1.343999290110586,,,4.760298379006063,,False,False,False,False,5.350808608559654,-4.395604395604402,12.0,A급,0.6611570247933907,0.6996983000161272,0.0,0.04473772508670759,-0.03654459253958908,False,False,False,True,2026-09-04T03:37:26.037623+09:00,1788460646,1405304.1731949989,2676555.96819429,0.5250419531272019,30,0.0,complete,1788459748864,1788460218622,639264.62961162,1219914.67623866,-0.3123152483463582,58.6,63.3,8.020477815699657,3.924914675767921,3.7914691943127945,51.06382978723399,complete_hourly_ordered,/v1/candles/minutes/60,120,False,8.762886597938135,58.2,2026-09-03T08:00:00,63.3,2026-09-03T13:00:00,D-1,3.791469194312791,47.05882352941189,False,False,0.35236344396923097,389.20174342398434,60.891195891670336,0.6996983000161272,0.6611570247933907,0.0,0.04473772508670759,-0.03654459253958908,-0.053368548903053536,0.35236344396923097,389.20174342398434,60.891195891670336,0.6996983000161272,0.6611570247933907,0.0,0.04473772508670759,-0.03654459253958908,-0.053368548903053536,0.5250419531272019,,-50.806003907143406,0.7514111078186669,0.6611570247933907,0.0,0.04473772508670759,-0.03654459253958908,-0.053368548903053536,-3.3815559452295108,-80.0528019694191,48.41801010422013,0.8744749948816244,0.6611570247933907,0.0,0.04473772508670759,-0.03654459253958908,-0.053368548903053536,,,,1.2714096627077565,0.995024875621886,0.0,0.06710658763002808,-0.054818306787022486,-0.08027437816852245,0.5250419531272019,,-60.82010942028422,1.2714096627077565,0.995024875621886,0.0,0.06710658763002808,-0.054818306787022486,-0.08027437816852245,0.35236344396923097,1118039.4215694019,1012974.593613395,0.6611570247933907,4081860.141389289,9232940.759403514,0.44209751234805866,0.995024875621886,False,True,rising,rising,sell_advantage_weakening,accelerating,neutral,False,False,False,pass,S0,🌱 초발사 준비,발사 구조 관찰 또는 초기 준비,S0,False,,,2026-09-03T18:10:00Z,33790588802-1
KRW-ELSA,헤이엘사,63.5,62.64,69.206,76.555,0.2774813233724638,9.48761668063463,18.176474430148264,-0.7505763434226818,-0.7337132069337564,12.640441926760468,,,,False,False,False,False,13.66667116591833,-1.3975155279503215,5.0,관찰,0.0,0.06663559486710291,0.0,0.0,0.0,False,False,False,False,2026-09-04T03:37:26.037623+09:00,1788460646,199999.996363825,889223.807786445,0.2249152514952195,8,0.0,complete,1788459840525,1788460218856,596367.2178483,1031909.43216973,-0.26748661802440465,63.3,64.4,1.7377567140600458,0.3159557661927437,1.3975155279503193,81.81818181818136,complete_hourly_ordered,/v1/candles/minutes/60,120,False,6.581059390048161,62.3,2026-08-31T08:00:00,66.4,2026-08-31T14:00:00,D-4,4.367469879518082,70.73170731707307,True,True,,-72.41512528859641,,0.06663559486710291,0.0,0.0,0.0,0.0,,,-72.41512528859641,,0.06663559486710291,0.0,0.0,0.0,0.0,,,17.578100586788214,,0.09525358700268427,-0.15723270440252124,0.0,-0.010672358591246045,0.00781756750988194,,,-64.77804996905157,,0.10418429001817131,-0.31397174254317317,0.0,-0.02134471718249209,0.01563496482846105,,0.19813231665561323,511.4420081390917,-27.189413108628745,1.1707464719054919,-0.470219435736674,0.0,-0.032017075773738135,0.023452191961286672,,0.0507120018165329,-82.14872517766325,-86.17368068957086,1.2020110207170855,-0.470219435736674,0.0,-0.032017075773738135,0.023452191961286672,,,-525035.0036361751,889223.807786445,0.0,1089223.80415027,1893000.0,0.5753955647914791,-0.470219435736674,False,False,falling,rising,sell_advantage_weakening,accelerating,neutral,False,False,False,pass,S0,🌱 초발사 준비,발사 구조 관찰 또는 초기 준비,S0,False,,,2026-09-03T18:10:00Z,33790588802-1
KRW-SPK,스파크,28.2,26.32,23.598000000000003,29.535833333333336,2.2003624126326615,-11.534875836935322,10.887904522754855,-2.1133721685602596,-2.4343086413265396,,,4.472688605673953,,False,False,False,False,76.15519433296704,7.6335877862595325,13.0,A급,-1.0526315789473717,0.28902503165997473,0.0,-0.07765984985763641,0.060166555142146194,False,False,False,True,2026-09-04T03:37:26.037623+09:00,1788460646,1768756.889086165,1905765.3407740241,0.9281084356208235,18,0.0,complete,1788459827340,1788461014679,3765647.83056955,6551572.49208442,-0.2700266713697772,27.7,32.9,18.772563176895307,1.8050541516245522,14.285714285714285,90.38461538461536,complete_hourly_ordered,/v1/candles/minutes/60,120,False,29.01960784313724,25.5,2026-08-31T08:00:00,32.9,2026-09-03T20:00:00,D-1,13.981762917933127,62.16216216216212,False,True,0.4709274066751397,-37.45822344450993,-69.19227036374922,0.28902503165997473,-1.0526315789473717,0.0,-0.07765984985763641,0.060166555142146194,0.04659520642966708,0.4709274066751397,-37.45822344450993,-69.19227036374922,0.28902503165997473,-1.0526315789473717,0.0,-0.07765984985763641,0.060166555142146194,0.04659520642966708,0.6484295093977593,4.669157654354472,-68.45868812531492,0.3149581743886216,0.0,0.0,0.0,0.0,0.0,-4.832089974846723,-83.06861111844486,5.08272048761631,0.4662987548980482,-0.35335689045936647,0.0,0.0,0.0,0.0,0.7620512625308131,-60.971754172448236,-93.0170657608019,1.280704412639409,-0.35335689045936647,0.0,-0.05177323323841687,0.04011216840303433,0.031115362242950084,0.5607543503102139,-59.89915579088749,-84.12770708762292,1.5692340046202133,-1.7421602787456414,0.0,-0.15531969971525061,0.12032292665904798,0.09272649116129728,0.4709274066751397,-1059363.7472325666,-4280232.015329595,-1.0526315789473717,3674522.2298601894,14338920.421859622,0.2562621258611908,-1.7421602787456414,False,False,falling,falling,sell_advantage_weakening,accelerating,neutral,True,True,False,🔴 1차 급등 완료·상승분 반납 / 신규매수 금지,S3,🔴 1차 급등 완료·반납,당일/5D 급등 후 상승분 상당 부분 반납,S3,False,,,2026-09-03T18:10:00Z,33790588802-1
KRW-SOPH,소폰,5.73,5.356,5.6722,7.873166666666666,1.0820332159033663,5.574556609428445,31.97146425622896,-1.3745493381134701,-1.2196060504410204,4.055552212537795,,,,False,False,False,False,823.0170789672135,6.505576208178443,9.0,B급,0.0,0.7738288613903705,0.0,0.0,0.0,False,True,False,False,2026-09-04T03:37:26.037623+09:00,1788460646,1020983.3549110928,14060497.479954915,0.07261360107397612,26,0.0,complete,1788459747452,1788460702811,32991997.65037417,22416643.84798448,0.19086109163501072,6.28,6.96,10.828025477707005,-8.757961783439484,17.67241379310344,180.88235294117644,complete_hourly_ordered,/v1/candles/minutes/60,120,False,47.83427495291903,5.31,2026-08-30T09:00:00,7.85,2026-09-02T10:00:00,D-2,27.006369426751586,83.46456692913384,True,True,-0.4601537446886799,-92.86419757066919,-47.64448445012071,0.7738288613903705,0.0,0.0,0.0,0.0,,-0.4601537446886799,-92.86419757066919,-47.64448445012071,0.7738288613903705,0.0,0.0,0.0,0.0,,-0.5763736944851499,-92.79365640621015,-35.59298298621868,1.277277895861289,1.0582010582010692,0.0,0.07549068948162763,-0.04648815295047726,,-0.08357332135693803,-32.750224840727796,44.64969731492923,1.4194281385272234,0.7029876977152849,0.0,0.05032712632107028,-0.030991445868973955,,-1.9448484898085356,-95.31783152317855,30.087163636039005,1.8678220345016143,0.3502626970227851,0.0,0.025163563160512936,-0.015495394899364356,,-0.45216467561166535,-86.08691191569406,0.5498457626321507,2.1640301540395512,0.5263157894736858,0.0,0.03774534474081381,-0.02324333837278658,,-0.4601537446886799,-13286914.951164063,-12795311.945814995,0.0,15081480.834866008,32178613.720579114,0.46868025346974423,0.5263157894736858,False,True,falling,falling,sell_advantage_accelerating,accelerating,neutral,True,True,False,🔴 1차 급등 완료·상승분 반납 / 신규매수 금지,S3,🔴 1차 급등 완료·반납,당일/5D 급등 후 상승분 상당 부분 반납,S3,False,,,2026-09-03T18:10:00Z,33790588802-1
KRW-MED,메디블록,2.05,1.988,1.9298,2.3205833333333334,0.7772896248732675,-3.0158565654471983,14.33188494272274,-1.119802652071757,-1.210243612403276,,,11.842148800325239,,False,False,False,False,243.24845166773517,2.0000000000000018,13.0,A급,0.0,0.08051293431793738,0.0,0.0,0.0,False,False,False,False,2026-09-04T03:37:26.037623+09:00,1788460646,523889.99133879994,372984.7048637794,1.4045884040476506,7,0.0,complete,1788459789518,1788460859678,67762364.80276911,73491701.66347387,-0.04056050918770517,2.07,2.07,0.0,-0.9661835748792313,0.966183574879228,,complete_hourly_ordered,/v1/candles/minutes/60,120,False,14.583333333333348,1.92,2026-09-01T01:00:00,2.2,2026-09-02T14:00:00,D-2,6.818181818181834,53.57142857142867,False,True,1.4045884040476506,,280.29356920715503,0.08051293431793738,0.4901960784313708,0.0,0.0,0.0,0.0,1.4045884040476506,,280.29356920715503,0.08051293431793738,0.4901960784313708,0.0,0.0,0.0,0.0,1.4045884040476506,,245.2624792776457,0.0931928289599,0.4901960784313708,0.0,0.0,0.0,0.0,1.4045884040476506,,3648.1306126077025,0.09447935893680892,0.4901960784313708,0.0,0.0,0.0,0.0,,288.31690892569316,,0.13170180235624684,-0.4854368932038944,0.0,-0.06759040216290924,0.05130036158877438,0.1415822556219659,,-53.31483368234791,,0.1385235834132743,-0.4854368932038944,0.0,-0.06759040216290924,0.05130036158877438,0.1415822556219659,1.4045884040476506,523889.99133879994,274906.6054519522,0.4901960784313708,896874.6962025794,990773.091678845,0.9052271440707411,-0.4854368932038944,False,True,rising,rising,buy_advantage_accelerating,accelerating,leading_buy_inflow,False,False,False,pass,S1,⚡ 선행 시동,가격 미급등 상태에서 선행조건 4개 개선,S1,False,,,2026-09-03T18:10:00Z,33790588802-1
KRW-1INCH,1인치네트워크,125.0,123.93333333333334,119.22,119.29166666666667,0.3237992444684368,-3.9534753676676213,-3.8910234020258465,-0.031205870204217723,-0.40765637888209644,,,,,False,False,False,False,153.33095197258086,2.4590163934426146,9.0,B급,0.0,3.9342143300505654,0.0,0.0,0.0,False,False,False,False,2026-09-04T03:37:26.037623+09:00,1788460646,0.0,1909698.5166949998,0.0,26,0.0,complete,1788459832149,1788460345501,1607633.35650014,1196597.3476492,0.14657710160677645,120.0,125.0,4.166666666666674,4.166666666666674,0.0,0.0,complete_hourly_ordered,/v1/candles/minutes/60,120,False,5.042016806722693,119.0,2026-09-02T19:00:00,125.0,2026-09-03T23:00:00,D-1,0.0,0.0,False,True,-14.559784082836916,-100.0,31.57555398279346,3.9342143300505654,0.0,0.0,0.0,0.0,,-14.559784082836916,-100.0,31.57555398279346,3.9342143300505654,0.0,0.0,0.0,0.0,,-1261.7622085401717,-100.0,34402.2315572719,9.844698817801088,0.0,0.0,0.05396654074474316,-0.04863133831200406,,-461.854435710347,-100.0,34402.2315572719,11.867150548226533,0.8064516129032251,0.0,0.05396654074474316,-0.04863133831200406,,-0.005580014117990833,-100.0,-74.2880216703536,15.546441946983606,1.6260162601626105,0.0,0.10793308148948633,-0.09726947203214165,,-28.870964427585243,-100.0,660.3347139159075,18.19740819970633,0.0,0.0,0.0,0.0,,-14.559784082836916,-21132191.523988754,458290.2125773998,0.0,1909698.5166949998,903395.4173473499,2.1139121142571975,0.0,False,False,falling,rising,sell_only,accelerating,neutral,False,False,False,pass,S0,🌱 초발사 준비,발사 구조 관찰 또는 초기 준비,S0,False,,,2026-09-03T18:10:00Z,33790588802-1
KRW-KAT,카타나,6.24,6.3340000000000005,6.468,8.416916666666667,0.09481668773705376,2.0717377860234922,24.746789699315862,-0.44451710699920194,-0.6783836589076578,4.660648045716746,,,,False,False,False,False,200.8474872728081,-0.31948881789136685,7.0,B급,-0.31948881789136685,0.07724298112105998,0.0,-0.02107037505265641,0.014350711146970951,False,False,False,False,2026-09-04T03:37:26.037623+09:00,1788460646,646063.2999999225,36028.9730799568,17.931771148907174,8,0.0,complete,1788459776069,1788460247757,16779501.20813261,10989995.78157923,0.20848434628464102,6.14,6.26,1.9543973941368087,1.6286644951140072,0.319488817891367,16.666666666666664,complete_hourly_ordered,/v1/candles/minutes/60,120,False,10.327868852459021,6.1,2026-08-31T08:00:00,6.73,2026-08-31T12:00:00,D-4,7.28083209509659,77.77777777777763,True,False,,477.1409593474451,,0.07724298112105998,-0.31948881789136685,0.0,-0.02107037505265641,0.014350711146970951,,,477.1409593474451,,0.07724298112105998,-0.31948881789136685,0.0,-0.02107037505265641,0.014350711146970951,,,47.72382295773934,,0.08998614511807546,-0.15999999999999348,0.0,0.010535187526361511,-0.0071755686986314515,,,-39.620297480157895,,0.16597890450751152,0.3215434083601254,0.0,0.021070375052700818,-0.014351279486334079,,17.931771148907174,,-96.34001074195734,0.33222109136892186,0.48309178743961567,0.0,0.031605562579040125,-0.021527132367303636,,17.930563651270305,11646.605454548744,-99.20900182085538,0.40819075261106263,0.48309178743961567,0.0,0.031605562579040125,-0.021527132367303636,,,534121.2710144203,36028.9730799568,-0.31948881789136685,682092.2730798793,2768232.1042916216,0.24639995758391212,0.48309178743961567,False,False,rising,rising,buy_advantage_weakening,accelerating,neutral,False,False,False,pass,S0,🌱 초발사 준비,발사 구조 관찰 또는 초기 준비,S0,False,,,2026-09-03T18:10:00Z,33790588802-1
KRW-MEW,캣인어독스월드,0.591,0.5778,0.5140399999999999,0.6032666666666666,1.3447146866230275,-12.403703991907253,4.22146093490993,-1.339447000677366,-1.6707066108061537,,,2.526751799271914,,False,False,False,False,-83.92862536861251,0.6814310051107331,13.0,A급,-0.16891891891891442,0.03274581654655151,0.0,-0.011693171188009721,0.009727756287682965,False,False,False,True,2026-09-04T03:37:26.037623+09:00,1788460646,1152859.4352823526,1470523.7723642995,0.7839787815390376,9,0.0,complete,1788459915029,1788460413736,59657995.0265276,55850296.9717707,0.032964716115904465,0.56,0.601,7.321428571428568,5.535714285714266,1.6638935108153095,24.390243902439256,complete_hourly_ordered,/v1/candles/minutes/60,120,False,10.275229357798143,0.545,2026-09-02T10:00:00,0.601,2026-09-04T01:00:00,D0,1.6638935108153063,17.857142857142772,False,True,0.6250440926943086,1798.6806625473012,284.9163107770066,0.03274581654655151,-0.16891891891891442,0.0,-0.011693171188009721,0.009727756287682965,0.00875476788322338,0.6250440926943086,1798.6806625473012,284.9163107770066,0.03274581654655151,-0.16891891891891442,0.0,-0.011693171188009721,0.009727756287682965,0.00875476788322338,0.48834354255013723,-74.31744688243461,-90.31521272316667,0.05867266096561252,-0.16891891891891442,0.0,-0.011693171188009721,0.009727756287682965,0.00875476788322338,,1667.9801136784813,,0.24783028297402154,0.339558573853993,0.0,0.02338634237606385,-0.01945631885439436,-0.017571578424088408,-42.37497889909528,-89.63638186947728,470.5294159051326,0.40408433550372536,0.16949152542373724,0.0,0.0467726847521055,-0.03891371282174649,-0.03522637008116414,-0.37497593584039435,-78.58360784846403,-68.34017795157057,0.4589277857837146,0.6814310051107331,0.0,0.0467726847521055,-0.03891371282174649,-0.03522637008116414,0.6250440926943086,1092140.4603634393,1088486.5005750514,-0.16891891891891442,2623383.207646652,2894787.924060382,0.9062436615277008,0.6814310051107331,False,True,rising,rising,sell_advantage_weakening,accelerating,leading_buy_inflow,False,False,False,pass,S0,🌱 초발사 준비,발사 구조 관찰 또는 초기 준비,S0,False,,,2026-09-03T18:10:00Z,33790588802-1
KRW-ORBS,오브스,8.36,8.291333333333334,8.083400000000001,9.36825,0.7778948221376147,-2.5723499187635532,11.495387790320132,-1.000795951198247,-1.0260782628217928,,,11.203227089819588,,False,False,False,False,-87.03772431720608,-2.1077283372365363,11.0,A급,0.0,0.005925124756885225,0.0,0.0,0.0,False,False,False,False,2026-09-04T03:37:26.037623+09:00,1788460646,371479.76884007995,597067.977386011,0.6221733251654764,11,0.0,complete,1788460312819,1788460995528,6519660.30039868,6370712.31059657,0.011554979386325893,8.27,8.52,3.022974607013307,1.0882708585247869,1.8779342723004713,64.00000000000011,complete_hourly_ordered,/v1/candles/minutes/60,120,False,4.92610837438423,8.12,2026-09-02T20:00:00,8.52,2026-09-03T14:00:00,D-1,1.8779342723004744,40.0,True,True,,,,0.005925124756885225,0.0,0.0,0.0,0.0,0.0,,,,0.005925124756885225,0.0,0.0,0.0,0.0,0.0,0.6221733251654764,,198.53398869321214,0.007370781644311819,0.0,0.0,0.0,0.0,0.0,,,,0.007370781644311819,0.0,0.0,0.0,0.0,0.0,0.5972077671372522,2108.2084098117684,-11.392608837889407,0.007370781644311819,0.0,0.0,0.0,0.0,0.0,,,,0.012363054745023305,0.0,0.0,0.0,0.0,0.0,,371479.76884007995,597067.977386011,0.0,968547.7462260909,1583607.3107422367,0.6116085342976427,0.0,False,True,rising,rising,sell_advantage_weakening,accelerating,neutral,False,False,False,pass,S1,⚡ 선행 시동,가격 미급등 상태에서 선행조건 3개 개선,S1,False,,,2026-09-03T18:10:00Z,33790588802-1
KRW-RENDER,렌더토큰,2033.0,2024.7333333333333,1988.88,2366.0666666666666,0.48969327995236345,-1.802689620959195,14.42619255585923,-0.8193647649792826,-0.6970127809687933,,,,,False,False,False,False,-44.842752719789814,0.19743336623889718,9.0,B급,-0.14756517461879115,0.29815563189198,0.0,-0.01985243026834116,0.01509701957262699,False,False,False,False,2026-09-04T03:37:26.037623+09:00,1788460646,2626386.62122098,6186795.997804521,0.42451482514584177,16,0.0,complete,1788459799339,1788460819174,26925.96319956,43631.17898542,-0.23676151369713724,1940.0,2039.0,5.103092783505159,4.793814432989696,0.2942618930848455,6.060606060606035,complete_hourly_ordered,/v1/candles/minutes/60,120,False,6.753926701570689,1910.0,2026-09-02T19:00:00,2039.0,2026-09-04T02:00:00,D0,0.3923491907797949,6.201550387597029,False,True,-0.2642990728425452,299.3982567588497,548.0599823417608,0.29815563189198,0.0,0.0,-0.01985243026834116,0.01509701957262699,,-0.2642990728425452,299.3982567588497,548.0599823417608,0.29815563189198,0.0,0.0,-0.01985243026834116,0.01509701957262699,,-9.722907034277176,-80.44235650948266,367.49759329676476,0.31035958907442307,-0.19636720667648433,0.0,-0.02316116864640172,0.017613127468932177,,0.265206821437904,-18.947896507481644,-69.58351501791186,0.6283969482042906,-0.14734774066798018,0.0,-0.01985243026834116,0.01509701957262699,,-44.45510874162732,165.76154321246563,27996.25791938496,1.231286667401342,0.5937654626422484,0.0,0.029778645402500636,-0.022646725766866993,,-1.5616996204795794,-54.51156700139377,112.83068900987425,1.3223914903474423,0.9935419771485376,0.0,0.03639612215862176,-0.027679526474688743,,-0.2642990728425452,1968800.7212387598,5232131.897816651,0.0,8813182.6190255,7841974.60398304,1.123847380804979,0.9935419771485376,False,False,rising,rising,sell_advantage_accelerating,accelerating,neutral,False,False,False,pass,S0,🌱 초발사 준비,발사 구조 관찰 또는 초기 준비,S0,False,,,2026-09-03T18:10:00Z,33790588802-1
KRW-ORCA,오르카,1754.0,1739.0666666666666,1641.64,1788.1666666666667,0.9012493714462444,-5.934715690813242,2.745829061422321,-0.9147539171451378,-1.202232369804673,,,2.283942048464754,,False,False,False,False,313.8281989138659,-1.9564002235885947,14.0,A급,-0.05698005698006048,0.6300345746327594,0.0,-0.003868023053432701,0.0032749676302414876,True,True,True,False,2026-09-04T03:37:26.037623+09:00,1788460646,0.0,0.0,,0,0.0,complete,,,32883.59186852,20758.94137292,0.22602680676969691,1714.0,1766.0,3.033838973162184,2.333722287047846,0.6795016987542469,23.076923076922682,complete_hourly_ordered,/v1/candles/minutes/60,120,False,19.323943661971832,1775.0,2026-08-30T10:00:00,2118.0,2026-08-30T22:00:00,D-4,17.186024551463642,106.12244897959182,True,True,,,,0.6300345746327594,-0.05698005698006048,0.0,-0.003868023053432701,0.0032749676302414876,0.00396623576844668,,,,0.6300345746327594,-0.05698005698006048,0.0,-0.003868023053432701,0.0032749676302414876,0.00396623576844668,,-100.0,-100.0,1.116592346318157,0.057045065601823985,0.0,0.0038680230534104965,-0.0032749981548030327,-0.00397059687716439,,-100.0,-100.0,1.124283790391985,0.400686891814539,0.0,0.027076161373917884,-0.022925628123899866,-0.027886165561795462,,-100.0,,1.3465449100189062,0.9205983889528202,0.0,0.06188836885465676,-0.05240363371758905,-0.06405781495672036,,-100.0,-100.0,1.3471254501506564,0.9205983889528202,0.0,0.05028429969440307,-0.04257735708565136,-0.05196056150459061,,0.0,0.0,-0.05698005698006048,0,1281596.8562951451,0.0,0.9205983889528202,False,True,flat_or_na,flat_or_na,unavailable,accelerating,neutral,True,True,False,🔴 1차 급등 완료·상승분 반납 / 신규매수 금지,S3,🔴 1차 급등 완료·반납,당일/5D 급등 후 상승분 상당 부분 반납,S3,False,,,2026-09-03T18:10:00Z,33790588802-1
KRW-BERA,베라체인,254.0,247.4,237.82,345.975,1.0345766403484946,-4.028256664704403,28.491943059469616,-1.2820791507695273,-1.1893347038070252,,,,,False,False,False,False,190.2998432779021,6.72268907563025,11.0,A급,0.39525691699604515,1.6395716860507434,0.0,0.027225701061817098,-0.017547257516596915,False,False,False,True,2026-09-04T03:37:26.037623+09:00,1788460646,28420802.229521383,2630597.5482276003,10.803933976396454,21,0.0,complete,1788459929232,1788461034851,437573.6486947,869549.60761299,-0.33047836677508025,245.0,256.0,4.489795918367356,3.6734693877551017,0.78125,18.18181818181836,complete_hourly_ordered,/v1/candles/minutes/60,120,False,14.601769911504414,226.0,2026-08-31T08:00:00,259.0,2026-09-01T01:00:00,D-3,1.9305019305019266,15.151515151515117,False,True,10.144518811582586,26.555112129927494,-92.27574323338946,1.6395716860507434,0.39525691699604515,0.0,0.027225701061817098,-0.017547257516596915,,10.144518811582586,26.555112129927494,-92.27574323338946,1.6395716860507434,0.39525691699604515,0.0,0.027225701061817098,-0.017547257516596915,,10.27676004641582,1025.873505543787,-45.06342209464733,3.874164914629688,0.7936507936507908,1.0,0.05445140212361199,-0.03509536037862304,,10.800481083943165,249533.7481732225,-20.218090277424462,4.0856955076105805,0.7936507936507908,0.0,0.027225701061817098,-0.017547257516596915,,8.937063236747141,53.71423454639985,-73.4388781559382,4.520123669886942,0.7936507936507908,1.0,0.08167710318542909,-0.05264430864716374,,7.622910183623349,31.065170802107044,-61.41022079214581,5.407208274236808,1.6000000000000014,1.0,0.10890280424722398,-0.07019410238329726,,10.144518811582586,5963548.823319003,-31425721.75486473,0.39525691699604515,31051399.777748983,12682451.786601562,2.4483751486091503,1.6000000000000014,False,True,rising,falling,buy_advantage_accelerating,accelerating,leading_buy_inflow,False,False,False,pass,S2,🚀 발사 진행,가격 상승 초입과 실제 매수수급·구조 동반,S0,True,가격 상승 초입과 실제 매수수급·구조 동반,2026-09-04T03:37:26.037623+09:00,2026-09-03T18:10:00Z,33790588802-1
KRW-SIGN,사인,12.7,11.376,10.7794,13.788916666666667,1.8077680329335877,-5.534630869992752,17.498957496056622,-1.8764056333562003,-1.9133432982812,,,9.145748968194226,,False,False,False,False,140.01466155905447,8.547008547008538,13.0,A급,0.7936507936507908,0.6144040404944349,0.0,0.05966231131793176,-0.04336467828474255,False,False,False,True,2026-09-04T03:37:26.037623+09:00,1788460646,22958302.527091365,0.0,,38,0.0,complete,1788460137410,1788460984748,20895268.87946123,37219000.18619356,-0.28089024553144676,12.1,13.3,9.917355371900838,4.958677685950419,4.511278195488732,50.0,complete_hourly_ordered,/v1/candles/minutes/60,120,False,15.652173913043477,11.5,2026-08-30T04:00:00,13.3,2026-09-02T19:00:00,D-2,3.007518796992481,22.222222222222232,False,True,,490.76866596658306,-100.0,0.6144040404944349,0.7936507936507908,0.0,0.05966231131793176,-0.04336467828474255,-0.06441281023108836,,490.76866596658306,-100.0,0.6144040404944349,0.7936507936507908,0.0,0.05966231131793176,-0.04336467828474255,-0.06441281023108836,,43.658857094539,,1.3319981791951818,1.6000000000000014,0.0,0.11932462263588572,-0.08673459869276101,-0.12942280627222935,,8278.205690897581,-100.0,1.3325486121486279,1.6000000000000014,0.0,0.11932462263588572,-0.08673459869276101,-0.12942280627222935,,4271.8551928410625,-100.0,1.3686200655031655,2.4193548387096753,0.0,0.17898693395381748,-0.13010976217460524,-0.19503833176942464,,,-100.0,1.807022849717356,1.6000000000000014,0.0,0.11932462263588572,-0.08673459869276101,-0.12942280627222935,,19072127.81104947,-327258.447989125,0.7936507936507908,22958302.527091365,24200828.35626522,0.9486577148979206,1.6000000000000014,False,False,rising,falling,buy_only,accelerating,neutral,False,False,False,pass,S0,🌱 초발사 준비,발사 구조 관찰 또는 초기 준비,S2,True,발사 구조 관찰 또는 초기 준비,2026-09-04T03:37:26.037623+09:00,2026-09-03T18:10:00Z,33790588802-1
KRW-VANA,바나,1247.0,1306.0666666666666,1395.44,1701.3666666666666,0.03063569057950577,6.40467045041947,23.234262651593816,-0.8853974776801792,-0.4327374547406677,7.23366692572954,,,,False,False,False,False,26.003676175093958,-0.5582137161084577,6.0,관찰,0.2411575562700996,0.9039176230270165,0.0,0.015317845289763987,-0.010627410660980274,False,False,False,False,2026-09-04T03:37:26.037623+09:00,1788460646,623500.0,0.0,,1,0.0,complete,1788460574132,1788460574132,29072.0140707,35040.03027151,-0.09308728589209539,1215.0,1254.0,3.2098765432098775,2.6337448559670795,0.5582137161084529,17.94871794871793,complete_hourly_ordered,/v1/candles/minutes/60,120,False,4.470198675496695,1208.0,2026-08-31T08:00:00,1262.0,2026-08-31T16:00:00,D-4,1.188589540412044,27.777777777777946,True,True,,-92.85047526590475,-100.0,0.9039176230270165,0.2411575562700996,0.0,0.015317845289763987,-0.010627410660980274,,,-92.85047526590475,-100.0,0.9039176230270165,0.2411575562700996,0.0,0.015317845289763987,-0.010627410660980274,,,2436.7917216751025,-100.0,1.0902661579223363,0.08025682182986049,0.0,0.005105948429906526,-0.003542435517950082,,,46.26844662946017,-100.0,1.3218921039795255,-0.16012810248198228,0.0,-0.010211896859857461,0.007084766931331643,,,309.8160835916523,-100.0,1.3311010240658163,-0.23999999999999577,0.0,-0.015317845289763987,0.010627098345739938,,,-55.72732304891921,-100.0,2.1665969883264395,0.08025682182986049,0.0,0.0,0.0,,,-8097359.40239636,-2911695.34866476,0.2411575562700996,623500.0,2824347.295189065,0.22075897006790102,0.08025682182986049,False,False,falling,falling,buy_only,accelerating,neutral,False,False,False,pass,S0,🌱 초발사 준비,발사 구조 관찰 또는 초기 준비,S0,False,,,2026-09-03T18:10:00Z,33790588802-1
KRW-DOT,폴카닷,1220.0,1208.0,1166.34,1398.9583333333333,0.7394229165508248,-3.5718572628907594,13.650037230081901,-0.7990537526253019,-0.9161505738742383,,,14.89933818668946,,False,False,False,False,-31.704673557331343,3.4834324553950635,11.0,A급,0.164473684210531,0.346984373012301,0.0,0.011119141602278226,-0.008502261081064333,False,False,False,False,2026-09-04T03:37:26.037623+09:00,1788460646,20577104.2705101,4087274.0,5.034432306351397,23,0.0,complete,1788460084507,1788460935335,79231.34794825,44414.62777999,0.2815839331866591,1195.0,1226.0,2.594142259414234,2.092050209205021,0.48939641109298526,19.35483870967767,complete_hourly_ordered,/v1/candles/minutes/60,120,False,9.236234458259318,1126.0,2026-08-31T08:00:00,1230.0,2026-09-02T13:00:00,D-2,0.9756097560975618,11.538461538461547,False,False,4.261380808320957,1674.5829711224346,172.4922971900529,0.346984373012301,0.328947368421062,0.0,0.011119141602278226,-0.008502261081064333,-0.03700352038815602,4.261380808320957,1674.5829711224346,172.4922971900529,0.346984373012301,0.328947368421062,0.0,0.011119141602278226,-0.008502261081064333,-0.03700352038815602,4.929648655733358,731.425803892371,-82.69520262692356,0.6401264830550168,0.4115226337448652,0.0,0.016678712403406237,-0.012753467592524714,-0.05555726749390821,5.005766165392225,3329.5173784952285,-80.47227122910195,1.0328267864666678,0.49423393739702615,0.0,0.022238283204534248,-0.017004724752462508,-0.07414580250661196,4.563529491679045,140.83152601020927,-77.47347932020647,1.5213797130828048,0.577081615828523,0.0,0.02779785400566226,-0.021256032561808524,-0.09276922335814142,4.8312928699039475,251.32964569192686,-85.82384231423636,1.802957699732655,0.4115226337448652,0.0,0.016678712403406237,-0.012753467592524714,-0.05555726749390821,4.261380808320957,19417558.35998584,2587314.5361369597,0.328947368421062,24664378.2705101,8959801.392646749,2.7527818072788977,0.4115226337448652,False,False,rising,rising,buy_advantage_accelerating,accelerating,leading_buy_inflow,False,False,False,pass,S2,🚀 발사 진행,가격 상승 초입과 실제 매수수급·구조 동반,S1,True,가격 상승 초입과 실제 매수수급·구조 동반,2026-09-04T03:37:26.037623+09:00,2026-09-03T18:10:00Z,33790588802-1
KRW-EDGE,디피니티브,94.8,96.09333333333333,93.12200000000001,108.855,0.39701887580969597,-3.1907963030576227,11.723546613997216,-0.4898727298354137,-0.7367159233270936,,,,,False,False,False,False,-39.26165019162593,-0.8368200836820106,8.0,B급,0.21141649048626032,0.020330146783763325,0.0,0.01393048687050591,-0.010897286051772426,False,False,False,False,2026-09-04T03:37:26.037623+09:00,1788460646,6999.999999312,0.0,,1,0.0,complete,1788460045670,1788460045670,261595.15329723,366173.59894157,-0.16658752967774174,93.0,94.8,1.9354838709677358,1.9354838709677358,0.0,0.0,complete_hourly_ordered,/v1/candles/minutes/60,120,False,3.267973856209161,91.8,2026-09-03T08:00:00,94.8,2026-09-04T03:00:00,D0,0.0,0.0,False,True,,-96.81061535197536,-100.0,0.020330146783763325,0.21141649048626032,0.0,0.01393048687050591,-0.010897286051772426,,,-96.81061535197536,-100.0,0.020330146783763325,0.21141649048626032,0.0,0.01393048687050591,-0.010897286051772426,,,39.77635783422442,-100.0,0.02094953647625175,0.9584664536741228,0.0,0.0626871909173099,-0.04904041525626113,,,-94.32343808382018,-100.0,0.5945793298917863,0.8510638297872353,0.0,0.01393048687050591,-0.010897286051772426,,,-87.0424387004728,-100.0,0.9985131328538515,0.9584664536741228,0.0,0.0626871909173099,-0.04904041525626113,,,-82.9465872071004,-100.0,1.0579623941635532,0.5302226935312904,0.0,0.034826217176275875,-0.027243840830111665,,,-212478.07404382597,-10194.048524044,0.21141649048626032,6999.999999312,1081079.009470304,0.006475012407041173,0.5302226935312904,False,False,falling,falling,buy_only,accelerating,neutral,False,False,False,pass,S0,🌱 초발사 준비,발사 구조 관찰 또는 초기 준비,S0,False,,,2026-09-03T18:10:00Z,33790588802-1
KRW-MET2,메테오라,276.0,290.1333333333333,250.72,229.88333333333333,0.045977011494247044,-15.72005956179536,-26.208946567099257,-0.2467498696363803,-0.63393339374364,,,,,False,False,False,False,-61.76103143211266,-2.473498233215543,5.0,관찰,0.0,0.0020436747784273734,0.0,0.0,0.0,False,False,False,False,2026-09-04T03:37:26.037623+09:00,1788460646,0.0,82800.0,0.0,4,0.0,complete,1788460427079,1788460633774,215355.90127156,455152.14499728,-0.3576336556438187,268.0,280.0,4.477611940298498,2.9850746268656803,1.4285714285714286,33.333333333333,complete_hourly_ordered,/v1/candles/minutes/60,120,False,11.111111111111116,252.0,2026-08-31T11:00:00,280.0,2026-09-03T23:00:00,D-1,1.4285714285714235,14.28571428571423,False,False,,,,0.0020436747784273734,0.0,0.0,0.0,0.0,,,,,0.0020436747784273734,0.0,0.0,0.0,0.0,,0.0,,-62.79574336300215,0.0020436747784273734,0.0,0.0,0.0,0.0,,,,,0.010283356053470527,-0.3610108303249149,0.0,-0.022988505747134624,0.024424223490502328,,,,,0.010283356053470527,-0.3610108303249149,0.0,-0.022988505747134624,0.024424223490502328,,-16.662983203570327,-100.0,-5.552740653636922,0.06156034098319907,0.0,0.0,0.0,0.0,,,0.0,82800.0,0.0,82800.0,2523784.30443272,0.03280787500523396,0.0,False,False,flat_or_na,rising,sell_only,accelerating,neutral,False,False,False,pass,S0,🌱 초발사 준비,발사 구조 관찰 또는 초기 준비,S0,False,,,2026-09-03T18:10:00Z,33790588802-1
KRW-MBL,무비블록,0.947,0.9192666666666667,0.9272400000000001,1.076975,0.9665373068755923,0.859899630444479,14.643639205490688,-1.1805937885774909,-1.1426215536281457,0.7283619808643755,,12.815826166584205,,False,False,False,False,1119.657039215594,4.872646733111852,11.0,A급,0.10570824524311906,0.004280645865947008,0.0,0.007322252324803991,-0.005529756717978174,False,True,False,False,2026-09-04T03:37:26.037623+09:00,1788460646,0.0,0.0,,0,0.0,complete,,,69137373.73553292,18654655.31892805,0.5750262177593412,0.982,0.982,0.0,-3.5641547861507195,3.564154786150716,,complete_hourly_ordered,/v1/candles/minutes/60,120,False,29.54545454545454,0.88,2026-08-31T11:00:00,1.14,2026-09-02T09:00:00,D-2,16.929824561403507,74.23076923076921,True,True,,,-100.0,0.004280645865947008,0.10570824524311906,0.0,0.007322252324803991,-0.005529756717978174,-0.017260768794370662,,,-100.0,0.004280645865947008,0.10570824524311906,0.0,0.007322252324803991,-0.005529756717978174,-0.017260768794370662,,,-100.0,0.00440860530898135,0.10570824524311906,0.0,0.007322252324803991,-0.005529756717978174,-0.017260768794370662,,-100.0,,0.005045366885042313,0.10570824524311906,0.0,0.007322252324803991,-0.005529756717978174,-0.017260768794370662,,-100.0,-100.0,1.2216510501327775,0.3177966101694851,0.0,0.02196675697445638,-0.016589526886255257,-0.051883644477948465,,-100.0,-100.0,1.565076599497388,0.2116402116402183,0.0,0.014644504649630186,-0.01105959901274467,-0.03455528393287999,,0.0,-1673.2826739406798,0.10570824524311906,0,5120297.8219205085,0.0,0.2116402116402183,False,True,flat_or_na,falling,unavailable,accelerating,neutral,True,True,False,🔴 1차 급등 완료·상승분 반납 / 신규매수 금지,S0,🌱 초발사 준비,발사 구조 관찰 또는 초기 준비,S0,False,,,2026-09-03T18:10:00Z,33790588802-1
KRW-FLUID,플루이드,1742.0,1825.7333333333333,1693.68,1790.2083333333333,0.3186929924173132,-7.796828995638686,-1.9844059117886705,-0.14354314279445957,-0.7402024641559073,,,,,False,False,False,False,-95.27354460354522,-4.704595185995619,6.0,관찰,-0.6274957216200749,0.00016281624081670998,0.0,-0.04029451628264624,0.03573968764532065,False,False,False,False,2026-09-04T03:37:26.037623+09:00,1788460646,0.0,0.0,,0,0.0,complete,,,21303.1563668,35848.1347368,-0.2544995587874619,1732.0,1772.0,2.3094688221708903,0.5773672055427337,1.6930022573363432,74.99999999999952,complete_hourly_ordered,/v1/candles/minutes/60,120,False,6.552706552706544,1755.0,2026-08-31T08:00:00,1870.0,2026-08-31T16:00:00,D-4,6.844919786096259,111.304347826087,False,False,,-100.0,-100.0,0.00016281624081670998,-0.6274957216200749,0.0,-0.04029451628264624,0.03573968764532065,,,-100.0,-100.0,0.00016281624081670998,-0.6274957216200749,0.0,-0.04029451628264624,0.03573968764532065,,,-100.0,-100.0,0.013539535018708193,-0.05737234652897216,0.0,-0.0036631378438567452,0.0032492137547883715,,,-100.0,-100.0,0.01472575227563766,-0.28620492272467546,0.0,-0.018315689219372544,0.016245766282358964,,,-100.0,-100.0,0.01823128084669179,0.17251293847038163,0.0,-0.018315689219372544,0.016245766282358964,,,-100.0,-100.0,0.0248851724152388,-0.9664582148948275,0.0,-0.062273343345897736,0.05523252017528346,,,-229643.0,-68871.2,-0.6274957216200749,0,510655.17997893994,0.0,-0.9664582148948275,False,False,falling,falling,unavailable,accelerating,neutral,False,False,False,pass,S0,🌱 초발사 준비,발사 구조 관찰 또는 초기 준비,S0,False,,,2026-09-03T18:10:00Z,33790588802-1
KRW-BIGTIME,빅타임,9.17,8.871333333333332,8.4854,12.136416666666666,1.2632219770184694,-4.548204366716149,26.90319081002767,-1.51849469423542,-1.380691863516806,,,,,False,False,False,False,249.54661198498687,1.7758046614872347,11.0,A급,0.3282275711159688,0.9428023942920731,0.0,-0.007609770945893324,0.004991164330789388,False,False,False,True,2026-09-04T03:37:26.037623+09:00,1788460646,0.0,5490732.160014479,0.0,43,0.0,complete,1788459747677,1788461057971,25500575.3992738,14563821.91808706,0.2729793585699986,8.95,9.48,5.921787709497228,2.4581005586592264,3.270042194092832,58.49056603773586,complete_hourly_ordered,/v1/candles/minutes/60,120,False,9.921082299887264,8.87,2026-08-30T04:00:00,9.75,2026-08-30T23:00:00,D-4,5.9487179487179525,65.90909090909078,True,True,-3.0347118444054,-100.0,264.38525771864374,0.9428023942920731,0.3282275711159688,0.0,-0.007609770945893324,0.004991164330789388,,-3.0347118444054,-100.0,264.38525771864374,0.9428023942920731,0.3282275711159688,0.0,-0.007609770945893324,0.004991164330789388,,,-100.0,,1.1600905654410951,0.4381161007666945,0.0,0.030439083783573295,-0.019965342767378047,,0.0,,94.78389171946613,1.2230016638591223,0.4381161007666945,0.0,0.022829312837657767,-0.014973904256077475,,-1.1974993827863076,-100.0,119.28119822828891,1.6101877431552793,0.21857923497268228,0.0,0.007609770945871119,-0.004991232873809537,,-4.888847839058576,-100.0,180.43133634173563,1.8216744339896707,0.21857923497268228,0.0,0.0,0.0,,-3.0347118444054,-4572849.633044042,3983884.107381656,0.3282275711159688,5490732.160014479,12189083.126332438,0.45046309907860815,0.21857923497268228,False,True,falling,rising,sell_only,accelerating,neutral,False,False,False,pass,S0,🌱 초발사 준비,발사 구조 관찰 또는 초기 준비,S2,True,발사 구조 관찰 또는 초기 준비,2026-09-04T03:37:26.037623+09:00,2026-09-03T18:10:00Z,33790588802-1
KRW-SNT,스테이터스네트워크토큰,10.0,9.149333333333335,8.8558,10.940750000000001,1.9689427149119698,-3.314588555899346,16.37380130856355,-1.874000323663981,-1.5833723728452846,,,10.341093219367089,,False,False,False,False,-42.4749176870313,-0.990099009900991,11.0,A급,0.40160642570279403,0.033973021530322,0.0,0.029719890036417063,-0.02182652401442553,False,False,False,True,2026-09-04T03:37:26.037623+09:00,1788460646,1849583.0007634962,2398863.105222858,0.771024822857354,28,0.0,complete,1788459836552,1788461085529,7361141.58123401,74487902.66225998,-0.8201288323090192,8.93,11.6,29.899216125419926,11.982082866741317,13.79310344827586,59.92509363295881,complete_hourly_ordered,/v1/candles/minutes/60,120,False,31.818181818181813,8.8,2026-09-02T10:00:00,11.6,2026-09-03T14:00:00,D-1,13.793103448275856,57.142857142857174,True,True,-1.3021363121863119,-20.981495412321195,112.46798780530708,0.033973021530322,0.40160642570279403,0.0,0.029719890036417063,-0.02182652401442553,-0.042411810097236824,-1.3021363121863119,-20.981495412321195,112.46798780530708,0.033973021530322,0.40160642570279403,0.0,0.029719890036417063,-0.02182652401442553,-0.042411810097236824,0.18745718239551157,-18.044803233198426,-37.97034883579008,0.047114306165248365,0.30090270812437314,0.0,0.022289917527307246,-0.01636976832200787,-0.031786645535353486,-1.4601107272628364,-77.0458138707311,-33.57684580466144,0.09865543938577304,0.40160642570279403,0.0,0.022289917527307246,-0.01636976832200787,-0.031786645535353486,0.36848357802818316,-58.701590417982615,-78.43867965106246,0.1771541190407575,0.10010010010010895,0.0,0.007429972509132021,-0.005456506316726006,-0.010580771464740124,0.33995503301810975,-44.88610579024005,-69.18655004364369,0.2586907809555399,0.10010010010010895,0.0,0.0,0.0,0.0,-1.3021363121863119,-491113.03039361327,1269816.2638600864,0.40160642570279403,4248446.105986354,161139262.76181653,0.026365058603166597,0.10010010010010895,False,False,falling,rising,sell_advantage_accelerating,accelerating,neutral,False,True,False,pass,S0,🌱 초발사 준비,발사 구조 관찰 또는 초기 준비,S0,False,,,2026-09-03T18:10:00Z,33790588802-1
KRW-SOL,솔라나,143100.0,137746.66666666666,116994.0,116867.91666666667,1.2644579494216712,-17.73823159022399,-17.865253865653163,-1.2370710170370078,-1.649830306338843,,,,,False,False,False,False,-34.273941705393575,-2.586793737236215,7.0,B급,-0.2787456445992986,0.11289359874196947,0.0,-0.019603999215855872,0.019455447658145886,False,False,False,False,2026-09-04T03:37:26.037623+09:00,1788460646,73601409.02284,55333797.96692501,1.330134777063996,176,0.0,complete,1788459758631,1788461114017,6476.09025459,11523.86098992,-0.28043246710846365,138200.0,145000.0,4.920405209840806,3.54558610709117,1.3103448275862069,27.941176470588214,complete_hourly_ordered,/v1/candles/minutes/60,120,False,8.451757666417347,133700.0,2026-09-02T20:00:00,145000.0,2026-09-04T00:00:00,D0,1.3103448275862073,16.814159292035274,False,False,-2.310645007234353,-71.85559628971492,-22.964516200595952,0.11289359874196947,-0.2787456445992986,0.0,-0.019603999215855872,0.019455447658145886,,-2.310645007234353,-71.85559628971492,-22.964516200595952,0.11289359874196947,-0.2787456445992986,0.0,-0.019603999215855872,0.019455447658145886,,-2.69531408334715,-80.94067808006416,-42.319885904972764,0.21824746922786886,-0.3481894150417775,0.0,-0.02450499901982539,0.02431913616863568,,-0.6997519530474339,-60.939641612395604,-40.3909253922318,0.35034347041226255,0.06993006993007977,0.0,0.004900999803947315,-0.00486403532596924,,0.00694442734118117,-77.34862468021078,-77.4668839970849,0.5304981291199553,0.2803083391730965,0.0,0.019603999215811463,-0.019456557515177053,,1.002672350902442,-70.53884523776335,-92.74703482510414,0.7701142358304409,0.49157303370785943,1.0,0.034306998627697816,-0.03404970405241059,,-2.310645007234353,-187912069.04009414,-16495176.471673995,-0.2787456445992986,128935206.989765,439078974.6232296,0.29364923952553945,0.49157303370785943,False,False,falling,falling,buy_advantage_weakening,accelerating,neutral,False,False,False,pass,S0,🌱 초발사 준비,발사 구조 관찰 또는 초기 준비,S0,False,,,2026-09-03T18:10:00Z,33790588802-1
KRW-QKC,쿼크체인,3.09,2.9859999999999998,2.8582,3.3755,0.6743088334457026,-4.471345602127202,11.539031254628956,-0.499801151985067,-0.8553503907707517,,,13.490414430314571,,False,False,False,False,355.3578713154402,5.102040816326525,13.0,A급,0.32467532467532756,0.483360814277944,0.0,0.02247696111483677,-0.01756669624130147,False,True,False,False,2026-09-04T03:37:26.037623+09:00,1788460646,4521532.435417014,51853.0275560836,87.19900550698954,18,0.0,complete,1788459906381,1788460902347,59400009.07116238,21833554.27061975,0.46244991916069855,3.04,3.57,17.434210526315773,1.6447368421052655,13.445378151260504,90.56603773584904,complete_hourly_ordered,/v1/candles/minutes/60,120,False,24.825174825174834,2.86,2026-08-30T02:00:00,3.57,2026-09-03T14:00:00,D-1,13.4453781512605,67.60563380281693,True,True,,55.08897386571996,,0.483360814277944,0.32467532467532756,0.0,0.02247696111483677,-0.01756669624130147,-0.07626235395433056,,55.08897386571996,,0.483360814277944,0.32467532467532756,0.0,0.02247696111483677,-0.01756669624130147,-0.07626235395433056,,1068.8983081063584,,0.7999337660837114,0.6514657980456029,0.0,0.044953922229717946,-0.035134259888129904,-0.15316020275899156,86.65137707038225,335.90071716005207,-97.26245010632353,0.7999337660837114,0.6514657980456029,0.0,0.044953922229717946,-0.035134259888129904,-0.15316020275899156,,,,1.14981937751827,0.9803921568627416,0.0,0.06743088334455472,-0.052702691004697044,-0.23070152302446623,,323.6960778025827,,1.2008529820898275,0.9803921568627416,0.0,0.06743088334455472,-0.052702691004697044,-0.23070152302446623,,1606088.2728088629,51853.0275560836,0.32467532467532756,4573385.462973097,13992071.775796305,0.3268554890408873,0.9803921568627416,False,True,rising,rising,buy_advantage_weakening,accelerating,neutral,True,True,False,🔴 1차 급등 완료·상승분 반납 / 신규매수 금지,S3,🔴 1차 급등 완료·반납,당일/5D 급등 후 상승분 상당 부분 반납,S3,False,,,2026-09-03T18:10:00Z,33790588802-1
KRW-META,메타디움,10.4,10.196666666666665,10.2596,11.793166666666668,0.8572370590174572,0.613409229729573,13.53750052996794,-1.133272032410001,-0.9807345597243058,0.5412727149236227,,13.803429680069055,,False,False,False,False,-61.15301687800624,4.0000000000000036,9.0,B급,0.9708737864077666,0.0035289050340878703,0.0,0.06594131223212063,-0.05042382766555775,False,False,False,False,2026-09-04T03:37:26.037623+09:00,1788460646,70838.580709624,0.0,,1,0.0,complete,1788459943550,1788459943550,5336743.01967237,30675276.48546519,-0.7036132328590449,10.2,10.5,2.941176470588247,1.9607843137255054,0.952380952380949,33.33333333333308,complete_hourly_ordered,/v1/candles/minutes/60,120,False,7.86290322580645,9.92,2026-08-29T15:00:00,10.7,2026-08-30T09:00:00,D-4,2.8037383177569986,38.4615384615385,True,False,,,,0.0035289050340878703,0.9708737864077666,0.0,0.06594131223212063,-0.05042382766555775,-0.19536209730498832,,,,0.0035289050340878703,0.9708737864077666,0.0,0.06594131223212063,-0.05042382766555775,-0.19536209730498832,,,,0.0035289050340878703,0.9708737864077666,0.0,0.06594131223212063,-0.05042382766555775,-0.19536209730498832,,,,0.0035289050340878703,0.9708737864077666,0.0,0.06594131223212063,-0.05042382766555775,-0.19536209730498832,,,,0.0035289050340878703,0.9708737864077666,0.0,0.06594131223212063,-0.05042382766555775,-0.19536209730498832,,,-100.0,0.0035289050340878703,0.9708737864077666,0.0,0.06594131223212063,-0.05042382766555775,-0.19536209730498832,,70838.580709624,0.0,0.9708737864077666,70838.580709624,290334.86766437005,0.24398922967638215,0.9708737864077666,False,False,rising,flat_or_na,buy_only,accelerating,neutral,False,False,False,pass,S0,🌱 초발사 준비,발사 구조 관찰 또는 초기 준비,S0,False,,,2026-09-03T18:10:00Z,33790588802-1
KRW-SAHARA,사하라에이아이,12.5,11.626666666666667,11.822000000000001,24.914166666666667,1.1014492753623317,1.6522866971183725,53.33311034551962,-1.1096278547490714,-0.7091794104639995,1.4890458003976628,,,,False,False,False,False,31.36682670859767,5.932203389830493,8.0,B급,0.0,0.7081186523848686,0.0,0.0,0.0,False,False,False,False,2026-09-04T03:37:26.037623+09:00,1788460646,36116351.761882916,38469813.37044,0.9388231602296914,80,0.0,complete,1788459779548,1788461047409,72577569.78568685,89677434.61558606,-0.1053888284863592,11.7,12.7,8.547008547008538,6.8376068376068355,1.5748031496062938,19.99999999999994,complete_hourly_ordered,/v1/candles/minutes/60,120,False,14.414414414414424,11.1,2026-08-31T08:00:00,12.7,2026-09-03T23:00:00,D-1,2.3622047244094446,18.749999999999957,False,True,0.06671270915850436,664.9633101525206,610.6050699759082,0.7081186523848686,0.0,0.0,0.0,0.0,,0.06671270915850436,664.9633101525206,610.6050699759082,0.7081186523848686,0.0,0.0,0.0,0.0,,0.7585615508694283,390.2140024115874,-5.874962667059835,0.7682985234298094,0.8064516129032251,0.0,0.05797101449276365,-0.025198458333740348,,-1006.4229816096121,-41.63839014110825,62522.29046665485,1.3148683844020432,0.8064516129032251,0.0,0.05797101449276365,-0.025198458333740348,,0.9388231602296914,,161.84650218854375,1.761757908399339,1.6260162601625883,1.0,0.1159420289855273,-0.050398602464994724,,0.6857018343453203,130.05252152348743,-37.97426209977483,2.195350324460385,1.6260162601625883,1.0,0.1159420289855273,-0.050398602464994724,,0.06671270915850436,31395033.591122292,33056143.387513444,0.0,74586165.1323229,59510149.29939713,1.2533352043376322,1.6260162601625883,False,False,rising,rising,sell_advantage_weakening,accelerating,leading_buy_inflow,False,False,False,pass,S0,🌱 초발사 준비,발사 구조 관찰 또는 초기 준비,S0,False,,,2026-09-03T18:10:00Z,33790588802-1
KRW-MLK,밀크,49.5,48.5,46.99,55.769999999999996,0.7757307106247335,-3.213449670142579,13.03568226645149,-0.7598310291588207,-0.9252876783451279,,,14.088247981174609,,False,False,False,False,-92.42461215837072,1.0204081632652962,11.0,A급,-1.0000000000000009,0.008394650899177236,0.0,-0.06926167059149169,0.053268066328969965,False,False,False,False,2026-09-04T03:37:26.037623+09:00,1788460646,0.0,89850.107086114,0.0,4,0.0,complete,1788460084336,1788460471361,2212174.26726699,1310997.94640301,0.25578548711510396,48.9,50.0,2.249488752556239,1.2269938650306678,1.0,45.454545454545816,complete_hourly_ordered,/v1/candles/minutes/60,120,False,5.708245243128962,47.3,2026-08-31T14:00:00,50.0,2026-09-04T01:00:00,D0,1.0000000000000009,18.518518518518345,False,False,-1.2376118055460053,-100.0,-95.57437240366035,0.008394650899177236,-1.0000000000000009,0.0,-0.06926167059149169,0.053268066328969965,0.21727731614767265,-1.2376118055460053,-100.0,-95.57437240366035,0.008394650899177236,-1.0000000000000009,0.0,-0.06926167059149169,0.053268066328969965,0.21727731614767265,-0.4499226241222125,-100.0,-92.6563416506204,0.015258053469509036,0.0,0.0,-0.027704668236605556,0.021308181641401802,0.08751248562684211,-0.11294854836465373,-100.0,-96.77743963079487,0.02008096407281812,-0.4024144869215318,0.0,-0.05540933647318891,0.042615089784019844,0.1742210503175432,-9.649823508034574,-100.0,-90.85848294361868,0.04140301826780046,-0.8016032064128265,0.0,-0.05540933647318891,0.042615089784019844,0.1742210503175432,-1.4675738628825132,-100.0,-96.91197332783857,0.06487492807075057,-0.6024096385542133,0.0,-0.041557002354908334,0.031961794892918505,0.13096656414191088,-1.2376118055460053,-2512627.88923583,-1940372.841641591,-1.0000000000000009,89850.107086114,1875851.7049279716,0.047898299663066406,-0.6024096385542133,False,True,falling,falling,sell_only,accelerating,neutral,False,False,False,pass,S0,🌱 초발사 준비,발사 구조 관찰 또는 초기 준비,S2,True,발사 구조 관찰 또는 초기 준비,2026-09-04T03:37:26.037623+09:00,2026-09-03T18:10:00Z,33790588802-1
KRW-VTHO,비토르토큰,0.55,0.5349333333333334,0.50234,0.5954,1.2108980827447269,-6.488301416039607,10.155637666554696,-1.3160261980562815,-1.4590797811879146,,,6.960303197599278,,False,False,False,False,-81.53057460630083,-3.677758318739044,11.0,A급,-0.36231884057971175,0.022576517505285665,0.0,-0.02522704339049664,0.019878394336359406,False,False,False,True,2026-09-04T03:37:26.037623+09:00,1788460646,0.0,10000.000000001,0.0,2,0.0,complete,1788460426616,1788460426616,77045517.40478587,178522480.74025136,-0.3970644371439509,0.526,0.553,5.133079847908739,4.562737642585546,0.5424954792043404,11.11111111111111,complete_hourly_ordered,/v1/candles/minutes/60,120,False,5.534351145038174,0.524,2026-09-03T06:00:00,0.553,2026-09-04T02:00:00,D0,0.5424954792043413,10.344827586206952,False,True,-191.15095721089196,-100.0,96.29593304846395,0.022576517505285665,-0.36231884057971175,0.0,-0.02522704339049664,0.019878394336359406,0.032500698686477314,-191.15095721089196,-100.0,96.29593304846395,0.022576517505285665,-0.36231884057971175,0.0,-0.02522704339049664,0.019878394336359406,0.032500698686477314,-122.80272393734903,-100.0,96.29593304846395,0.04379998316593969,0.73260073260073,0.0,0.05045408678105989,-0.03976012752179692,-0.06554118732459902,,-100.0,,0.04845336313888993,0.73260073260073,0.0,0.05045408678105989,-0.03976012752179692,-0.06554118732459902,-0.2999999999999065,-100.0,-74.99999999999612,0.05154274530929115,0.36496350364962904,0.0,0.025227043390518844,-0.01987950725487586,-0.03268013198207864,-2.8872973160742457,-100.0,-90.16295072129977,0.05341594581344111,0.73260073260073,0.0,0.05045408678105989,-0.03976012752179692,-0.06554118732459902,-191.15095721089196,-973789.6972308509,4905.650950226201,-0.36231884057971175,10000.000000001,562462.451516191,0.017778964574514607,0.73260073260073,False,True,falling,rising,sell_only,accelerating,neutral,False,False,False,pass,S0,🌱 초발사 준비,발사 구조 관찰 또는 초기 준비,S2,True,발사 구조 관찰 또는 초기 준비,2026-09-04T03:37:26.037623+09:00,2026-09-03T18:10:00Z,33790588802-1
KRW-KITE,카이트,185.0,163.13333333333333,152.14,212.75833333333333,2.171189979123178,-7.225800797511068,23.32458579765775,-2.153416918850543,-1.6081110181663665,,,14.504338030252034,,False,False,False,False,-34.738071077423385,5.1136363636363535,11.0,A급,1.0928961748633892,0.014277744389012526,0.0,0.08350730688935215,-0.05666689535803826,False,False,False,True,2026-09-04T03:37:26.037623+09:00,1788460646,1119819.9999998002,0.0,,11,0.0,complete,1788460342135,1788461042254,1189471.98043445,1520008.840883,-0.12199269241840607,195.0,196.0,0.512820512820511,-5.128205128205132,5.612244897959184,1100.0000000000043,complete_hourly_ordered,/v1/candles/minutes/60,120,False,27.848101265822777,158.0,2026-08-31T09:00:00,202.0,2026-09-03T02:00:00,D-1,8.415841584158413,38.63636363636361,False,False,,-80.62005495588747,-100.0,0.014277744389012526,1.0928961748633892,0.0,0.08350730688935215,-0.05666689535803826,-0.13843509016254707,,-80.62005495588747,-100.0,0.014277744389012526,1.0928961748633892,0.0,0.08350730688935215,-0.05666689535803826,-0.13843509016254707,,,-100.0,0.18337585262075606,0.5434782608695565,0.0,0.041753653444676075,-0.02833233786908096,-0.06897006137048933,,-80.06923671861117,-100.0,0.18337585262075606,0.5434782608695565,0.0,0.041753653444676075,-0.02833233786908096,-0.06897006137048933,,-53.182237480376095,-100.0,0.28654232157638404,0.5434782608695565,0.0,0.041753653444676075,-0.02833233786908096,-0.06897006137048933,,-60.62152458826564,-100.0,0.3474043045794204,-0.5376344086021501,0.0,-0.041753653444676075,0.028330118510005775,0.06848036544336011,,-4658421.3595648,-14003569.98075796,1.0928961748633892,1119819.9999998002,9586283.638987914,0.11681482023392611,-0.5376344086021501,False,False,falling,falling,buy_only,accelerating,neutral,False,False,False,pass,S0,🌱 초발사 준비,발사 구조 관찰 또는 초기 준비,S0,False,,,2026-09-03T18:10:00Z,33790588802-1
KRW-MINA,미나,101.0,85.67333333333333,67.95,71.40083333333334,3.486873892736364,-26.08290409614912,-19.9892624969363,-2.90552605028602,-3.735840859788933,,,,,False,False,False,False,-70.22759375474178,16.305587229190422,8.0,B급,0.990099009900991,0.07849721640522489,0.0,0.08052826542117586,-0.07937467025050182,False,False,False,False,2026-09-04T03:37:26.037623+09:00,1788460646,5169835.570723141,3048912.25509747,1.6956327825045485,10,0.0,complete,1788459979066,1788460788962,514447.07224586,3368166.62031869,-0.7349996095511337,97.6,103.0,5.5327868852458995,3.4836065573770503,1.9417475728155338,37.03703703703699,complete_hourly_ordered,/v1/candles/minutes/60,120,False,21.176470588235286,85.0,2026-08-31T08:00:00,103.0,2026-09-03T13:00:00,D-1,1.9417475728155331,11.111111111111075,True,True,1.595460710849772,1225.731437431728,-21.680409864896856,0.07849721640522489,0.0,0.0,0.08052826542117586,-0.07937467025050182,,1.595460710849772,1225.731437431728,-21.680409864896856,0.07849721640522489,0.0,0.0,0.08052826542117586,-0.07937467025050182,,-3.08146857809109,2523.863098630208,7292.201960125426,0.08151725357598139,2.020202020202011,0.0,0.24158479626350537,-0.23817961407445765,,1.3345259684318669,1048.8569444773648,144.66386550555157,0.0817820880501614,1.814516129032251,0.0,0.22547914317927464,-0.22229578240207104,,1.3706579131928307,-51.48447683478816,-90.70180409173469,0.29460499861556855,1.5075376884422065,0.0,0.20132066355291744,-0.1984714256745299,,1.6014983248669956,479.2541712246226,-67.84222515326735,0.48166657134999014,1.0000000000000009,0.0,0.16105653084235172,-0.15876787277830218,,1.595460710849772,4779874.570723141,-843999.1478325301,0.0,8218747.82582061,9306842.960479422,0.8830865483301589,1.0000000000000009,False,False,rising,falling,buy_advantage_accelerating,accelerating,leading_buy_inflow,False,False,False,pass,S0,🌱 초발사 준비,발사 구조 관찰 또는 초기 준비,S0,False,,,2026-09-03T18:10:00Z,33790588802-1
KRW-MMT,모멘텀,226.0,229.33333333333334,251.24,228.375,-0.8073817762399016,8.719418351642519,-0.4196314541142169,0.40790294582288267,0.7181328752775722,,,,0.5843367830111122,False,False,False,False,-37.338361214891826,-0.8733624454148492,1.0,-,0.0,0.20202624972977645,0.0,0.0,0.0,False,False,False,False,2026-09-04T03:37:26.037623+09:00,1788460646,3092124.0,107030.7851248,28.89004314407787,24,0.0,complete,1788459929400,1788460916441,1419434.38609974,1685929.52823306,-0.08581768497512073,217.0,227.0,4.608294930875578,4.147465437788012,0.4405286343612335,10.000000000000192,complete_hourly_ordered,/v1/candles/minutes/60,120,False,6.074766355140193,214.0,2026-08-31T08:00:00,227.0,2026-09-04T02:00:00,D0,0.0,0.0,False,False,26.84159210824921,-74.3933951352033,-98.1843614425304,0.20202624972977645,-0.4405286343612369,0.0,0.0,0.0,,26.84159210824921,-74.3933951352033,-98.1843614425304,0.20202624972977645,-0.4405286343612369,0.0,0.0,0.0,,-6.733430575844146,-68.04038818439533,-60.5915302398749,0.40230077584198654,0.4444444444444473,0.0,0.05767012687428741,-0.0510586701124644,,26.54039702498973,-29.372601688411358,-94.25582746565976,0.5663585315737478,0.8928571428571397,0.0,0.08650519031142556,-0.07659080014735398,,28.189203679422096,-26.931821994890836,-98.22744941912727,0.6168211731424904,0.8928571428571397,0.0,0.08650519031142556,-0.07659080014735398,,28.664243679414643,-23.209793308985915,-99.39982133374681,1.0042980160552588,1.3452914798206317,0.0,0.11534025374856371,-0.10212479377335587,,26.84159210824921,-8983369.86701778,-5787908.198434,-0.4405286343612369,3199154.7851248,8541475.890191259,0.37454355971414743,1.3452914798206317,False,False,falling,falling,buy_advantage_accelerating,accelerating,neutral,False,False,False,pass,S0,🌱 초발사 준비,발사 구조 관찰 또는 초기 준비,S0,False,,,2026-09-03T18:10:00Z,33790588802-1
KRW-CHIP,유에스디에이아이,74.6,52.0,42.316,52.21583333333333,4.7823750671681875,-22.88496077133944,0.413348441564651,-2.7750950867809845,-3.2666765295500246,,,0.12653485517330623,,False,False,False,False,24.699962332925107,33.33333333333335,11.0,A급,2.3383768913342484,1.0759675948302636,0.0,0.2552391187533587,-0.2124497704404601,False,False,False,True,2026-09-04T03:37:26.037623+09:00,1788460646,213087971.4505114,175776671.5391918,1.212265368234604,593,0.0,complete,1788459749548,1788461136256,2740486.99008226,2861846.03542419,-0.02166223335696097,58.7,77.4,31.85689948892676,27.086882453151606,3.6175710594315387,14.973262032085637,complete_hourly_ordered,/v1/candles/minutes/60,120,False,48.846153846153854,52.0,2026-08-31T08:00:00,77.4,2026-09-04T00:00:00,D0,2.5839793281653756,7.874015748031482,False,True,0.12587423121707642,-18.63932279164773,-27.087318554997864,1.0759675948302636,2.6134800550206227,0.0,0.2552391187533587,-0.2124497704404601,-0.067560057561529,0.12587423121707642,-18.63932279164773,-27.087318554997864,1.0759675948302636,2.6134800550206227,0.0,0.2552391187533587,-0.2124497704404601,-0.067560057561529,0.8266063199486242,303.4741050710644,28.35757206884997,1.8087634506397379,0.40376850605652326,0.0,0.013433637829129985,-0.011178354694414583,-0.0035109366318119006,0.3810858879617681,69.69646736728352,16.350945301588936,2.1354552256936934,0.8108108108108025,0.0,0.026867275658237766,-0.022357066199842957,-0.007026797828246556,0.5505872636429487,44.64594648354001,-21.049418539874807,3.0170219272364314,0.2688172043010528,0.0,0.026867275658237766,-0.022357066199842957,-0.007026797828246556,0.4461948343301648,-32.6934449097645,-57.46676433697577,3.8717457993115545,-0.2673796791443861,0.0,-0.09403546480386549,0.07823849358645929,0.02443953348258751,0.12587423121707642,-48817384.75101778,-65301654.00803107,2.6134800550206227,388864642.9897032,971389139.6409714,0.4003180879018565,-0.2673796791443861,False,False,falling,falling,buy_advantage_accelerating,accelerating,neutral,False,False,False,pass,S0,🌱 초발사 준비,발사 구조 관찰 또는 초기 준비,S0,False,,,2026-09-03T18:10:00Z,33790588802-1
KRW-ZORA,조라,10.4,9.514000000000001,8.5278,11.594416666666666,2.4847396768402197,-11.564530125002955,17.943262921089875,-2.9360252027930005,-2.7237241944560155,,,6.58776793832957,,False,False,False,False,1764.422349983714,22.352941176470598,10.0,A급,0.0,0.11599641366615288,0.0,0.0,0.0,False,True,False,True,2026-09-04T03:37:26.037623+09:00,1788460646,316803.64552704,10389600.0,0.030492381374358973,8,0.0,complete,1788460442605,1788460769510,19733087.6481663,37916312.13355408,-0.3154104735562809,10.2,11.0,7.843137254901977,1.9607843137255054,5.4545454545454515,74.99999999999986,complete_hourly_ordered,/v1/candles/minutes/60,120,False,103.88349514563106,8.24,2026-08-30T05:00:00,16.8,2026-08-31T13:00:00,D-4,37.5,73.5981308411215,True,True,-1.9341770873360487,962.9826273117153,68389.55114424232,0.11599641366615288,0.0,0.0,0.0,0.0,0.0,-1.9341770873360487,962.9826273117153,68389.55114424232,0.11599641366615288,0.0,0.0,0.0,0.0,0.0,-0.7023044494509255,-94.27409966672539,37.605573219460744,0.11636034759385439,0.0,0.0,0.0,0.0,0.0,0.030492381374358973,,-36.19773325667208,0.3629020492901418,0.0,0.0,0.0,0.0,0.0,-0.4330010922376253,-87.90041550849855,83.9173653371504,0.6158052594064429,-1.8867924528301772,0.0,-0.1436265709156226,0.103187608304669,0.08713968367388425,-0.23560948246302907,-88.95105449755984,-3.5777181342280695,0.6616080319531648,0.0,0.0,0.0,0.0,0.0,-1.9341770873360487,287000.36959503,10374430.386786856,0.0,10706403.64552704,21287948.244677365,0.5029326228376174,0.0,False,True,rising,rising,sell_advantage_accelerating,accelerating,neutral,True,True,False,🔴 1차 급등 완료·상승분 반납 / 신규매수 금지,S3,🔴 1차 급등 완료·반납,당일/5D 급등 후 상승분 상당 부분 반납,S1,True,당일/5D 급등 후 상승분 상당 부분 반납,2026-09-04T03:37:26.037623+09:00,2026-09-03T18:10:00Z,33790588802-1
KRW-XCN,오닉스코인,4.81,4.891333333333334,4.726,5.672083333333333,0.8383727322704759,-3.4983777683735457,13.764783662675374,-1.093960488735404,-0.975808586019477,,,14.106028436196432,,False,False,False,False,14.557554487246783,0.41753653444676075,11.0,A급,2.3404255319148914,0.19312882407527354,0.0,0.15118196811434448,-0.11537033268124297,False,False,False,False,2026-09-04T03:37:26.037623+09:00,1788460646,758078.2829885593,59992.81823999999,12.636150546485135,13,0.0,complete,1788459942114,1788461134478,5485136.97010394,5008931.64806178,0.045378521845933634,4.51,4.85,7.538802660753885,6.651884700665178,0.8247422680412378,11.76470588235313,complete_hourly_ordered,/v1/candles/minutes/60,120,False,8.744394618834072,4.46,2026-09-03T00:00:00,4.85,2026-09-03T14:00:00,D-1,0.6185567010309145,7.692307692307596,False,True,,,,0.19312882407527354,2.3404255319148914,0.0,0.15118196811434448,-0.11537033268124297,-0.4627246755154584,,,,0.19312882407527354,2.3404255319148914,0.0,0.15118196811434448,-0.11537033268124297,-0.4627246755154584,12.53615054661959,1491.5365364159732,-87.40489416914413,0.30226535492208306,2.5586353944562656,0.0,0.16492578339746267,-0.12586039416266281,-0.5059120392879741,,25663.878283785125,,0.30226535492208306,2.5586353944562656,0.0,0.16492578339746267,-0.12586039416266281,-0.5059120392879741,11.554953965291928,7480.782829910153,548.6402997744367,0.7931957294877279,3.663793103448265,1.0,0.23364485981309802,-0.17831532627360325,-0.7247596503191929,12.603413281487635,2109.4711398448508,-94.27578502303068,0.8003424325629958,3.663793103448265,1.0,0.23364485981309802,-0.17831532627360325,-0.7247596503191929,,758078.2829885593,59992.81823999999,2.3404255319148914,818071.1012285594,799653.7071375358,1.0230317122607373,3.663793103448265,False,False,rising,rising,buy_advantage_weakening,accelerating,neutral,False,False,False,pass,S2,🚀 발사 진행,가격 상승 초입과 실제 매수수급·구조 동반,S0,True,가격 상승 초입과 실제 매수수급·구조 동반,2026-09-04T03:37:26.037623+09:00,2026-09-03T18:10:00Z,33790588802-1
KRW-GAS,가스,1692.0,1710.9333333333334,1490.02,1732.1,1.2866050990606892,-14.826199200905585,1.222023362777352,-1.321443030282032,-1.633626439267971,,,0.7480433307169915,,False,False,False,False,-87.19074696345032,-6.1564059900166335,12.0,A급,0.059136605558851585,0.0106223311023399,0.0,0.003946641408170137,-0.003373676447870233,False,False,False,True,2026-09-04T03:37:26.037623+09:00,1788460646,490762.00527380995,1140415.1183034999,0.430336284916913,11,0.0,complete,1788459832572,1788460884538,25826.58938747,32260.39196504,-0.11076152397256542,1640.0,1695.0,3.3536585365853577,3.170731707317076,0.17699115044247787,5.4545454545451415,complete_hourly_ordered,/v1/candles/minutes/60,120,False,4.897218863361541,1654.0,2026-09-01T11:00:00,1735.0,2026-09-01T20:00:00,D-3,2.3054755043227626,49.382716049382516,True,True,-1.5963588635934747,-93.74215311709493,-70.5282859888209,0.0106223311023399,0.059136605558851585,0.0,0.003946641408170137,-0.003373676447870233,-0.0023750902563660636,-1.5963588635934747,-93.74215311709493,-70.5282859888209,0.0106223311023399,0.059136605558851585,0.0,0.003946641408170137,-0.003373676447870233,-0.0023750902563660636,-1.2075013843582834,-86.99778597759597,-50.51424512347798,0.03429423293574985,0.7142857142857117,0.0,0.047359696897930625,-0.04048626000940092,-0.02863274048300657,0.3125564491504354,-0.02335620334016353,-72.63713728177086,0.04123933827669646,0.8944543828264706,0.0,0.05919962112241883,-0.050608555504754626,-0.03583607302145164,-1.7413263543619253,-94.10666502169882,-70.25968796565016,0.0772182148780729,0.9546539379474916,0.0,0.06314626253058897,-0.05398271894093387,-0.03824122398123164,0.2647896728170803,-74.82063076557755,-90.31371646391798,0.09190089815541569,1.0752688172043001,0.0,0.055252979714248696,-0.04723442453776916,-0.033432943816546934,-1.5963588635934747,-7351584.003773709,-2729109.124063,0.059136605558851585,1631177.1235773098,5996308.87931969,0.2720302033144054,1.0752688172043001,False,False,falling,falling,sell_advantage_accelerating,accelerating,neutral,False,False,False,pass,S0,🌱 초발사 준비,발사 구조 관찰 또는 초기 준비,S2,True,발사 구조 관찰 또는 초기 준비,2026-09-04T03:37:26.037623+09:00,2026-09-03T18:10:00Z,33790588802-1
KRW-MEGA,메가이더,54.5,53.88666666666666,54.184,79.1225,0.8232505924909317,0.5487474777302052,31.89463595479584,-1.4235643198695724,-1.4231148840462424,0.3854743126608298,,,,False,False,False,False,58.96027299251683,2.0599250936329527,7.0,B급,0.7393715341959206,0.39178150412946167,0.0,0.04989397530246187,-0.030835117321103667,False,False,False,False,2026-09-04T03:37:26.037623+09:00,1788460646,4096105.4332614387,21313.205047693,192.18627250549594,7,0.0,complete,1788459935652,1788461131947,1643098.64027549,2179262.50642191,-0.14027033175807496,50.7,56.7,11.834319526627212,7.495069033530566,3.880070546737218,36.66666666666668,complete_hourly_ordered,/v1/candles/minutes/60,120,False,13.400000000000013,50.0,2026-09-03T02:00:00,56.7,2026-09-03T18:00:00,D-1,3.3509700176366897,28.358208955224047,False,True,143.95269068295798,160.05507827707564,-34.73317457632079,0.39178150412946167,0.7393715341959206,0.0,0.04989397530246187,-0.030835117321103667,,143.95269068295798,160.05507827707564,-34.73317457632079,0.39178150412946167,0.7393715341959206,0.0,0.04989397530246187,-0.030835117321103667,,191.8349100289762,42262.529926397074,-22.551162304504114,0.39319285166419604,0.18382352941177516,0.0,0.012473493825604365,-0.007708535756684398,,187.34296337335758,747.2936116149881,-78.64725282800819,0.41046098553712085,0.92592592592593,0.0,0.06236746912808844,-0.03854430262448716,,191.77225095377705,243.35365501515525,-99.26032275258544,0.4592815296047732,1.3011152416356975,0.0,0.08731445677931937,-0.0539631604348223,,191.9874159186382,-1.3670644106794416,-99.89794375702618,0.9911343444109804,1.1131725417439675,0.0,0.0748409629536928,-0.04625365032733697,,143.95269068295798,2521013.933261103,-11342.290158850996,0.7393715341959206,4117418.638309132,21898774.67680115,0.1880205033878444,1.1131725417439675,False,False,rising,falling,buy_advantage_accelerating,accelerating,neutral,False,False,False,pass,S0,🌱 초발사 준비,발사 구조 관찰 또는 초기 준비,S0,False,,,2026-09-03T18:10:00Z,33790588802-1
KRW-MNT,맨틀,784.0,724.6666666666666,639.86,748.0666666666667,1.3330847394425138,-13.253940966253024,3.1280634524552298,-0.9840527722730366,-1.4436470487646562,,,2.166778545442909,,False,False,False,False,-60.88965212615975,8.737864077669899,13.0,A급,-0.2544529262086481,0.0035874340705959185,0.0,-0.01864454181039754,0.01566510111289965,False,False,False,True,2026-09-04T03:37:26.037623+09:00,1788460646,0.0,0.0,,0,0.0,complete,,,391528.6529584,320130.94647769,0.10032564239600594,775.0,788.0,1.6774193548387162,1.1612903225806548,0.5076142131979695,30.769230769230465,complete_hourly_ordered,/v1/candles/minutes/60,120,False,14.405594405594414,715.0,2026-08-30T13:00:00,818.0,2026-08-31T03:00:00,D-4,4.1564792176039145,33.009708737864095,True,True,,-100.0,-100.0,0.0035874340705959185,-0.2544529262086481,0.0,-0.01864454181039754,0.01566510111289965,0.015519748021787017,,-100.0,-100.0,0.0035874340705959185,-0.2544529262086481,0.0,-0.01864454181039754,0.01566510111289965,0.015519748021787017,,-100.0,-100.0,0.009385584987022355,-0.2544529262086481,0.0,-0.01864454181039754,0.01566510111289965,0.015519748021787017,,-100.0,-100.0,0.03748541377532888,-0.5076142131979711,0.0,-0.03728908362077288,0.03132950423082903,0.0309717378303489,,-100.0,-100.0,0.24395760666548227,0.9009009009008917,0.0,0.06525589633632478,-0.05483335127912481,-0.05485919838324094,,-100.0,-100.0,0.25019509308113186,0.7712082262210762,0.0,0.055933625431148215,-0.046999491775068236,-0.046970279732342135,,-50449.293962820004,-644580.3105217001,-0.2544529262086481,0,2387134.25363608,0.0,0.7712082262210762,False,True,falling,falling,unavailable,accelerating,neutral,False,False,False,pass,S1,⚡ 선행 시동,가격 미급등 상태에서 선행조건 3개 개선,S1,False,,,2026-09-03T18:10:00Z,33790588802-1
KRW-MOC,모스코인,24.9,24.06,24.344,29.2325,1.0358342665173659,1.1666118961551202,17.69434704524075,-1.23125836864662,-1.240278145006258,0.9474956076338727,,14.26643460298292,,False,False,False,False,1978.8858298960943,6.41025641025641,11.0,A급,0.0,0.2831136478980625,0.0,0.0,0.0,False,True,False,False,2026-09-04T03:37:26.037623+09:00,1788460646,1227055.9999997038,184069.930069746,6.666249069224721,4,0.0,complete,1788459769306,1788461085212,8342681.24371505,6508167.51732432,0.12352921748173114,26.2,26.3,0.3816793893129722,-4.961832061068705,5.323193916349818,1400.0000000000175,complete_hourly_ordered,/v1/candles/minutes/60,120,False,45.887445887445885,23.1,2026-08-31T10:00:00,33.7,2026-09-02T15:00:00,D-2,27.002967359050444,85.8490566037736,True,True,5.22900406922419,184.5852075788998,-38.64335664337014,0.2831136478980625,0.0,0.0,0.0,0.0,0.0,5.22900406922419,184.5852075788998,-38.64335664337014,0.2831136478980625,0.0,0.0,0.0,0.0,0.0,,21.49550477244031,,0.3755436549320166,0.0,0.0,0.0,0.0,0.0,5.600792590124188,-51.594256501845834,-92.26338342593837,0.5399017981408178,1.21951219512193,1.0,0.08398656215005129,-0.06138336871750383,-0.1926119286958965,6.666249069224721,,-97.38607087764987,1.0972260851463034,1.21951219512193,1.0,0.08398656215005129,-0.06138336871750383,-0.1926119286958965,5.959859305265229,-5.5430079097034675,-89.99085517896077,1.3729195634368807,1.21951219512193,1.0,0.08398656215005129,-0.06138336871750383,-0.1926119286958965,5.22900406922419,795882.4999998808,-115930.06993001999,0.0,1411125.9300694498,10676746.153977737,0.13216816338222293,1.21951219512193,False,True,rising,falling,buy_advantage_accelerating,accelerating,leading_buy_inflow,True,True,False,🔴 1차 급등 완료·상승분 반납 / 신규매수 금지,S3,🔴 1차 급등 완료·반납,당일/5D 급등 후 상승분 상당 부분 반납,S3,False,,,2026-09-03T18:10:00Z,33790588802-1
KRW-MOODENG,무뎅,57.6,58.74666666666667,54.332,62.214166666666664,0.5936073059360725,-8.125352769393118,5.573489424970187,-0.6257396913237026,-0.9257284654207736,,,6.0206525273443505,,False,False,False,False,-13.007277763036228,0.0,12.0,A급,-0.34602076124566894,0.019679705421294713,0.0,-0.022831050228311334,0.01890123064666671,False,False,False,False,2026-09-04T03:37:26.037623+09:00,1788460646,7683853.730335488,5085.59616,1510.905209259771,5,0.0,complete,1788460054408,1788461142910,1929389.15137736,2318718.36654296,-0.09164768394473166,53.5,58.5,9.345794392523366,7.663551401869162,1.538461538461536,17.999999999999982,complete_hourly_ordered,/v1/candles/minutes/60,120,False,10.795454545454541,52.8,2026-09-02T10:00:00,58.5,2026-09-04T00:00:00,D0,1.538461538461533,15.789473684210373,False,False,1509.2833767087175,83.57677327930762,-99.80294542324887,0.019679705421294713,-0.34602076124566894,0.0,-0.022831050228311334,0.01890123064666671,0.044820213669374276,1509.2833767087175,83.57677327930762,-99.80294542324887,0.019679705421294713,-0.34602076124566894,0.0,-0.022831050228311334,0.01890123064666671,0.044820213669374276,1503.5865632513778,-61.73637996723944,-99.8146555533046,0.3429052811283917,-0.17331022530329143,0.0,0.0,0.0,0.0,1503.4425639190247,1370.9172686584177,-92.73486262784492,1.1080422224465156,0.34843205574912606,0.0,0.022831050228311334,-0.01890224337084412,-0.04519019562783555,1506.917445305495,-69.33485551878216,-99.91906483804183,2.481426344793171,-0.17331022530329143,0.0,-0.011415525114144565,0.009450741908750615,0.022456070016749763,1510.5999381287104,138.56832020990745,-99.95179841825987,3.13208564546499,0.6993006993006867,0.0,0.0342465753424559,-0.028353744853263585,-0.06792547125900583,1509.2833767087175,3498218.6997836162,-2575720.312460263,-0.34602076124566894,7688939.326495488,1533479.2620087932,5.014048456334064,0.6993006993006867,False,False,rising,falling,buy_advantage_accelerating,accelerating,leading_buy_inflow,False,False,False,pass,S2,🚀 발사 진행,가격 상승 초입과 실제 매수수급·구조 동반,S0,True,가격 상승 초입과 실제 매수수급·구조 동반,2026-09-04T03:37:26.037623+09:00,2026-09-03T18:10:00Z,33790588802-1
KRW-XEC,이캐시,0.00984,0.009763333333333334,0.009755,0.009445833333333332,0.5837912087912178,-0.08542627712285136,-3.3612704014115766,-0.3367692177268937,-0.5688097985398591,,,,,True,False,False,False,-33.767858438228885,1.6528925619834656,6.0,관찰,0.10172939979653517,0.2610263668837973,0.0,0.006868131868142946,-0.0061459627310593845,False,False,False,False,2026-09-04T03:37:26.037623+09:00,1788460646,0.0,2207187.79233546,0.0,8,0.0,complete,1788460346459,1788460791140,6679851319.873227,39688385396.04915,-0.7118781393048127,0.00953,0.00986,3.462749213011551,3.2528856243441817,0.2028397565923014,6.060606060606139,complete_hourly_ordered,/v1/candles/minutes/60,120,False,6.364617044228704,0.00927,2026-09-02T19:00:00,0.00986,2026-09-04T01:00:00,D0,0.40567951318458695,6.779661016949294,False,True,-7.646919679161837,-100.0,636.097128743876,0.2610263668837973,0.10172939979653517,0.0,0.006868131868142946,-0.0061459627310593845,,-7.646919679161837,-100.0,636.097128743876,0.2610263668837973,0.10172939979653517,0.0,0.006868131868142946,-0.0061459627310593845,,-4.1311741177278405,-100.0,22376.454097102443,0.27087665744469547,0.20366598778003286,0.0,0.013736263736285892,-0.012292033906193822,,0.0,,107.31129325811568,0.2862266087579215,0.20366598778003286,0.0,0.013736263736285892,-0.012292033906193822,,-7.323978241498833,-100.0,12.606918691577196,0.8305770706520264,0.3058103975535298,0.0,0.020604395604406633,-0.018438213528350733,,-12.790996046825832,-100.0,72.4626084614119,1.093672347778913,0.10172939979653517,0.0,0.006868131868142946,-0.0061459627310593845,,-7.646919679161837,-2292929.4390290356,1907337.7173729413,0.10172939979653517,2207187.79233546,4851885.20672942,0.45491344050641513,0.10172939979653517,False,False,falling,rising,sell_only,accelerating,neutral,False,False,False,pass,S0,🌱 초발사 준비,발사 구조 관찰 또는 초기 준비,S0,False,,,2026-09-03T18:10:00Z,33790588802-1
KRW-MON,모나드,36.9,38.44666666666667,32.976,34.3825,0.9805638241989101,-16.589843118227417,-11.820451295474943,-1.009867029610882,-1.3864231452782316,,,,,False,False,False,False,-47.34414129604436,-1.3440860215053752,8.0,B급,-0.8108108108108025,0.15434139509010691,-1.0,-0.05253020486779558,0.050034866126543065,False,False,False,False,2026-09-04T03:37:26.037623+09:00,1788460646,4334563.999999211,7209498.319986649,0.6012296289719141,25,0.0,complete,1788459837853,1788461125116,5108351.76938305,2914450.03331353,0.27345829923557596,34.9,37.3,6.876790830945545,5.730659025787976,1.0723860589812295,16.666666666666345,complete_hourly_ordered,/v1/candles/minutes/60,120,False,10.029498525073732,33.9,2026-09-03T09:00:00,37.3,2026-09-04T00:00:00,D0,1.8766756032171483,20.588235294117414,False,True,0.26441844092883987,936.1430626717874,480.4513934514973,0.15434139509010691,-0.2702702702702786,-1.0,-0.05253020486779558,0.050034866126543065,,0.26441844092883987,936.1430626717874,480.4513934514973,0.15434139509010691,-0.2702702702702786,-1.0,-0.05253020486779558,0.050034866126543065,,0.21794601944741432,114.17398973364179,36.53581908753223,0.16726488116680827,0.0,-1.0,-0.03502013657852299,0.0333573858463847,,0.15396421262646304,31.511811840349836,-2.166023690980734,0.30631293423650874,0.0,-1.0,-0.03502013657852299,0.0333573858463847,,-42.80449032068444,9.212107389239588,7784.558444924167,0.39641649413550084,-0.2702702702702786,-1.0,-0.05253020486779558,0.050034866126543065,,-3.7992079090386475,-84.73105979954889,11.754335425212915,0.8002153358246247,-0.8064516129032362,-1.0,-0.08755034144634077,0.08338740169452485,,0.26441844092883987,3916227.5601622113,5967448.012015586,-0.2702702702702786,11544062.31998586,7130686.493458908,1.618927200147617,-0.8064516129032362,False,False,rising,rising,sell_advantage_weakening,accelerating,leading_buy_inflow,False,False,False,pass,S0,🌱 초발사 준비,발사 구조 관찰 또는 초기 준비,S0,False,,,2026-09-03T18:10:00Z,33790588802-1
KRW-ZIL,질리카,3.42,3.318,3.359,4.389833333333333,0.7082152974504208,1.2206013694551927,24.41626485439841,-1.3342439248501468,-1.0238638303374246,0.914826252322852,,,,False,False,False,False,344.6667508436079,4.587155963302747,8.0,B급,-0.291545189504383,0.020346479955719587,0.0,-0.020234722784295833,0.013751518913689864,False,True,False,False,2026-09-04T03:37:26.037623+09:00,1788460646,3016810.0449752235,0.0,,107,0.0,complete,1788460379473,1788460928477,22594585.91764476,44214973.70950752,-0.32361218832336003,3.43,3.45,0.5830903790087438,-0.291545189504383,0.8695652173913114,150.0000000000019,complete_hourly_ordered,/v1/candles/minutes/60,120,False,27.35849056603772,3.18,2026-08-30T18:00:00,4.05,2026-09-01T21:00:00,D-3,15.308641975308635,71.2643678160919,False,True,,40.792033990812456,,0.020346479955719587,-0.291545189504383,0.0,-0.020234722784295833,0.013751518913689864,,,40.792033990812456,,0.020346479955719587,-0.291545189504383,0.0,-0.020234722784295833,0.013751518913689864,,,-30.491697548839745,-100.0,0.10631788870381342,-0.291545189504383,0.0,-0.020234722784295833,0.013751518913689864,,,58467.46350202559,,0.13311801310823057,-0.291545189504383,0.0,-0.020234722784295833,0.013751518913689864,,,-15.087238120297286,-100.0,0.5621321003350772,-0.8695652173913104,0.0,-0.0607041683528875,0.0412529905385739,,,50.84050224876131,-100.0,0.5621321003350772,-0.8695652173913104,0.0,-0.0607041683528875,0.0412529905385739,,,874068.0449753595,0.0,-0.291545189504383,3016810.0449752235,2234717.4183978215,1.3499738356799145,-0.8695652173913104,False,True,rising,flat_or_na,buy_only,accelerating,neutral,True,True,False,🔴 1차 급등 완료·상승분 반납 / 신규매수 금지,S3,🔴 1차 급등 완료·반납,당일/5D 급등 후 상승분 상당 부분 반납,S3,False,,,2026-09-03T18:10:00Z,33790588802-1
KRW-GAME2,게임빌드,1.16,1.0874,1.1305800000000001,1.408075,1.2413878716404758,3.8192786003644335,22.77399996449053,-1.2820589323623808,-1.1890001337714111,2.979019531751832,,,,False,False,False,False,308.0342345135282,8.411214953271017,9.0,B급,0.0,1.1002528108370484,0.0,0.0,0.0,False,True,False,False,2026-09-04T03:37:26.037623+09:00,1788460646,10634242.961429726,332515.510701408,31.98119371634081,132,0.0,complete,1788460586508,1788460861919,98243457.41364475,195014180.67798385,-0.3299853463121155,1.15,1.24,7.826086956521738,0.8695652173912993,6.451612903225811,88.88888888888896,complete_hourly_ordered,/v1/candles/minutes/60,120,False,18.691588785046733,1.07,2026-08-30T04:00:00,1.27,2026-09-01T18:00:00,D-3,7.874015748031504,50.00000000000012,False,True,,26488.93102022332,,1.1002528108370484,0.0,0.0,0.0,0.0,,,26488.93102022332,,1.1002528108370484,0.0,0.0,0.0,0.0,,,35347.47653810902,,1.1051017810617623,0.0,0.0,0.0,0.0,,,,,1.1051017810617623,0.0,0.0,0.0,0.0,,31.98119371634081,,5.491642761627391,1.1456902775856292,-0.8547008547008517,0.0,-0.062069393582042665,0.04277300729467015,,31.837955153616686,6960.092820018414,-68.37899306673987,1.2053222542867275,0.0,0.0,0.0,0.0,,,10594247.961430134,332515.510701408,0.0,10966758.472131135,1463443.1467798208,7.493805616065464,0.0,False,True,rising,rising,buy_advantage_weakening,accelerating,neutral,False,True,False,pass,S0,🌱 초발사 준비,발사 구조 관찰 또는 초기 준비,S0,False,,,2026-09-03T18:10:00Z,33790588802-1
KRW-STX,스택스,377.0,330.1333333333333,239.82,277.7083333333333,4.208754208754195,-37.65879965529703,-18.87771942985747,-4.06475392785058,-4.446207283932905,,,,,False,False,False,False,-68.24728023140332,11.209439528023601,9.0,B급,-1.049868766404205,0.16204798013987443,1.0,-0.08417508417508657,0.08174530055747198,False,False,False,False,2026-09-04T03:37:26.037623+09:00,1788460646,30594241.908685345,73635197.83199011,0.41548393715856863,103,0.0,complete,1788459797609,1788461161329,1325486.29455088,1978800.44301611,-0.19771714755792583,359.0,388.0,8.077994428969347,5.013927576601662,2.8350515463917527,37.93103448275864,complete_hourly_ordered,/v1/candles/minutes/60,120,False,20.123839009287934,323.0,2026-08-31T09:00:00,388.0,2026-09-03T13:00:00,D-1,2.0618556701030966,12.30769230769232,False,True,-0.3229718654064178,61.25404417997442,186.60310053412857,0.16204798013987443,-1.049868766404205,1.0,-0.08417508417508657,0.08174530055747198,,-0.3229718654064178,61.25404417997442,186.60310053412857,0.16204798013987443,-1.049868766404205,1.0,-0.08417508417508657,0.08174530055747198,,-0.39072364287822453,-8.357288941751628,77.82407862878262,0.20032598089235876,-1.049868766404205,1.0,-0.06313131313131493,0.06131081498168811,,-0.14877715248026652,-18.63260595422005,10.503560593298866,0.2611690605937014,-0.527704485488123,0.0,-0.042087542087543284,0.040875103103775956,,-1.6951776868031323,-66.3889608247426,70.74433975437768,0.45857814434053523,-0.7894736842105288,0.0,-0.042087542087543284,0.040875103103775956,,-0.9564091494711706,-51.912200879723514,58.78187641985579,0.5707838484880625,1.8918918918918948,0.0,0.1473063973063793,-0.14310150561230017,,-0.3229718654064178,11621544.470759794,47942803.82272793,-1.049868766404205,104229439.74067545,136796256.35076565,0.7619319601365105,1.8918918918918948,False,False,rising,rising,sell_advantage_accelerating,accelerating,neutral,False,False,False,pass,S0,🌱 초발사 준비,발사 구조 관찰 또는 초기 준비,S0,False,,,2026-09-03T18:10:00Z,33790588802-1
KRW-FLOCK,플록,56.0,47.39333333333333,44.336000000000006,60.20583333333333,2.038179991387956,-6.8958258149885525,21.281160463410245,-1.546919151036893,-1.6747465417875635,,,12.707093242118601,,False,False,False,False,3412.57209388084,25.67567567567568,10.0,A급,-1.2389380530973493,4.430858263651771,0.0,-0.143533802210416,0.09982163118638354,False,True,False,True,2026-09-04T03:37:26.037623+09:00,1788460646,27126526.12902801,21577420.25855959,1.2571718863503685,117,0.0,complete,1788459746264,1788461136001,1478639.71936737,5703931.8435027,-0.5882701045371769,52.7,59.4,12.713472485768484,6.261859582542684,5.723905723905721,50.746268656716445,complete_hourly_ordered,/v1/candles/minutes/60,120,False,58.468677494199525,43.1,2026-08-30T11:00:00,68.3,2026-08-31T16:00:00,D-4,17.8623718887262,48.412698412698425,False,True,-0.13180354227076396,-90.1161369186611,-89.0798998061517,4.430858263651771,-0.8849557522123908,0.0,-0.143533802210416,0.09982163118638354,0.20859616402386294,-0.13180354227076396,-90.1161369186611,-89.0798998061517,4.430858263651771,-0.8849557522123908,0.0,-0.143533802210416,0.09982163118638354,0.20859616402386294,0.10009977145704885,-91.29248268444826,-91.9858011580067,17.056410557800064,-2.0979020979021046,0.0,-0.2153007033156351,0.14972208639327889,0.31104088750755565,-0.2536120952988694,-92.77048982726743,-91.3120645770704,37.379230198491314,9.161793372319703,0.0,0.4880149275154233,-0.3396003414309945,-0.7484734674143798,0.48951386278993547,-52.81833122453008,-71.18978956361576,44.7546032016312,3.8961038961039085,0.0,0.2727142241997882,-0.18973724938812353,-0.41052016500061406,0.8791499463273025,-56.09421179743499,-86.79786637389864,47.507053808468754,2.0036429872495543,0.0,0.12918042198937219,-0.08986309759642808,-0.19208586359049384,-0.13180354227076396,-247326143.90283346,-176016190.38170704,-0.8849557522123908,48703946.3875876,211390291.84429324,0.2303982172627973,2.0036429872495543,False,True,falling,falling,buy_advantage_weakening,accelerating,neutral,False,True,False,pass,S2,🚀 발사 진행,가격 상승 초입과 실제 매수수급·구조 동반,S2,False,,,2026-09-03T18:10:00Z,33790588802-1
KRW-PROVE,서싱트,246.0,238.06666666666666,242.5,290.8833333333333,0.6198929275852416,1.8281786941580773,18.157336847533376,-1.138626474380739,-0.8833133339953886,1.6056000236182482,,,,False,False,False,False,148.21120083457663,4.680851063829783,8.0,B급,0.40816326530612734,0.08550866522824663,0.0,0.028176951253877647,-0.020574626467485757,False,False,False,False,2026-09-04T03:37:26.037623+09:00,1788460646,0.0,0.0,,0,0.0,complete,,,199578.50848642,273996.25119922,-0.157140432826696,241.0,246.0,2.0746887966804906,2.0746887966804906,0.0,0.0,complete_hourly_ordered,/v1/candles/minutes/60,120,False,9.361702127659566,235.0,2026-08-30T02:00:00,257.0,2026-09-01T14:00:00,D-3,4.280155642023342,50.0,False,True,,-100.0,,0.08550866522824663,0.40816326530612734,0.0,0.028176951253877647,-0.020574626467485757,,,-100.0,,0.08550866522824663,0.40816326530612734,0.0,0.028176951253877647,-0.020574626467485757,,,-100.0,,0.15324407780462934,1.2345679012345734,0.0,0.08453085376163294,-0.06172741628348888,,,-100.0,-100.0,0.15324407780462934,1.2345679012345734,0.0,0.08453085376163294,-0.06172741628348888,,,-100.0,,0.9588687228086599,1.2345679012345734,0.0,0.08453085376163294,-0.06172741628348888,,,-100.0,-100.0,1.0500824716757222,1.2345679012345734,0.0,0.08453085376163294,-0.06172741628348888,,,-15113.07565215,0.0,0.40816326530612734,0,1182116.941526745,0.0,1.2345679012345734,False,False,falling,flat_or_na,unavailable,accelerating,neutral,False,False,False,pass,S0,🌱 초발사 준비,발사 구조 관찰 또는 초기 준비,S0,False,,,2026-09-03T18:10:00Z,33790588802-1
KRW-BSV,비트코인에스브이,22700.0,22952.666666666668,20603.8,20468.916666666668,0.5461129606915582,-11.400162429584197,-12.134252341965663,-0.15991881936812363,-0.4221743581712616,,,,,False,False,False,False,-44.700981837756096,-2.865697177074422,6.0,관찰,0.5312084993359889,0.12609557544647032,1.0,0.035044681969509384,-0.033607023072272924,False,False,False,False,2026-09-04T03:37:26.037623+09:00,1788460646,1897461.4974607998,2168412.7701975,0.8750462658859817,40,0.0,complete,1788459763911,1788461173472,1305.60332263,1367.15846358,-0.02303053765120072,22220.0,22800.0,2.6102610261026005,2.160216021602168,0.43859649122807015,17.24137931034421,complete_hourly_ordered,/v1/candles/minutes/60,120,False,6.791569086651061,21350.0,2026-09-02T10:00:00,22800.0,2026-09-04T00:00:00,D0,0.6140350877193002,9.655172413793299,False,False,-2.3244423507348255,-36.14084518989728,133.4923841713438,0.12609557544647032,0.48694112439131576,1.0,0.035044681969509384,-0.033607023072272924,,-2.3244423507348255,-36.14084518989728,133.4923841713438,0.12609557544647032,0.48694112439131576,1.0,0.035044681969509384,-0.033607023072272924,,-7.399422499983909,-87.92715659204575,14.161238769713469,0.21289239700428197,0.26501766784452485,1.0,0.020442731148895277,-0.019603697718444835,,0.8006791676294056,3946.5887672622757,243.90531814252884,0.5539702236334918,1.023587004895421,1.0,0.07008936393901877,-0.06721733017834808,,-1.158766289721221,-51.4413189335131,12.861752671732575,0.7296142692113605,0.8888888888888946,1.0,0.06132819344664142,-0.05881444549733672,,0.7381458746989746,82.3393810343407,-71.47312826125408,0.8532372957573671,0.6651884700665134,1.0,0.046726242626027314,-0.044810093857876154,,-2.3244423507348255,-1073861.1000638003,1239726.0475478,0.48694112439131576,4065874.2676582998,3650060.26202885,1.113919764546113,0.6651884700665134,False,False,falling,rising,sell_advantage_accelerating,accelerating,neutral,False,False,False,pass,S0,🌱 초발사 준비,발사 구조 관찰 또는 초기 준비,S0,False,,,2026-09-03T18:10:00Z,33790588802-1
KRW-SUI,수이,1077.0,1060.7333333333333,1022.96,1172.95,0.6834145415427484,-3.692552331795311,9.567046051977211,-0.6618039011721428,-0.6869517790103441,,,13.926808757610265,,False,False,False,False,-28.056984376248305,3.9575289575289663,11.0,A급,-0.37002775208140326,0.22342467806339883,0.0,-0.0316395621084542,0.025205032930475824,False,False,False,False,2026-09-04T03:37:26.037623+09:00,1788460646,48506042.87000918,86511053.07944994,0.560691855472644,120,0.0,complete,1788459752272,1788461157338,591307.67869802,470939.64996146,0.11331450358972467,1027.0,1088.0,5.939629990262896,4.868549172346648,1.0110294117647058,18.0327868852457,complete_hourly_ordered,/v1/candles/minutes/60,120,False,12.280701754385959,969.0,2026-09-02T19:00:00,1088.0,2026-09-04T02:00:00,D0,1.0110294117647078,9.243697478991587,False,False,-0.34304629649932106,-41.50338039936805,-5.713581571613446,0.22342467806339883,-0.37002775208140326,0.0,-0.0316395621084542,0.025205032930475824,0.13787740217355093,-0.34304629649932106,-41.50338039936805,-5.713581571613446,0.22342467806339883,-0.37002775208140326,0.0,-0.0316395621084542,0.025205032930475824,0.13787740217355093,-0.6019113507803845,-20.97207225440717,63.8656265179896,0.47067920092341,-0.37002775208140326,0.0,-0.01898373726507696,0.01512323463954246,0.08296937665076243,0.09986283976662141,-36.25987682739985,-47.61240432527902,0.5987976322492834,0.0,0.0,0.0,0.0,0.0,-0.5499003164735802,-36.475965608676475,25.82543269863622,1.28683381531334,0.5602240896358524,0.0,0.03796747453015392,-0.030248403361420984,-0.1681609579532921,0.07451221044303474,-54.91094648503787,-60.902981167532076,1.5032187277308502,1.1267605633802802,0.0,0.07593494906030784,-0.06049938577412206,-0.33935158257725107,-0.34304629649932106,-34415061.291512586,-5242408.89467071,-0.37002775208140326,135017095.9494591,232552768.2821737,0.5805869220427115,1.1267605633802802,False,False,falling,falling,sell_advantage_accelerating,accelerating,neutral,False,False,False,pass,S0,🌱 초발사 준비,발사 구조 관찰 또는 초기 준비,S0,False,,,2026-09-03T18:10:00Z,33790588802-1
KRW-SYRUP,메이플파이낸스,287.0,265.0,244.62,250.625,1.5585079202861563,-8.331289346741883,-5.7356608478802995,-1.3064824397562094,-1.544987234727951,,,,,False,False,False,False,166.7982818013357,16.666666666666675,10.0,A급,0.34965034965035446,0.5535797265408462,0.0,0.025549310168626604,-0.023085201142254874,False,False,False,False,2026-09-04T03:37:26.037623+09:00,1788460646,941111.20000162,614028.12999514,1.5326841785067222,15,0.0,complete,1788459802679,1788461164642,507757.72647148,673236.57767034,-0.14011824664904432,281.0,289.0,2.8469750889679624,2.1352313167259718,0.6920415224913495,25.0,complete_hourly_ordered,/v1/candles/minutes/60,120,False,28.870292887029294,239.0,2026-08-31T08:00:00,308.0,2026-09-02T23:00:00,D-2,6.818181818181824,30.43478260869564,True,False,1.4774113406918494,819.9252296828522,-66.8249475429377,0.5535797265408462,0.34965034965035446,0.0,0.025549310168626604,-0.023085201142254874,,1.4774113406918494,819.9252296828522,-66.8249475429377,0.5535797265408462,0.34965034965035446,0.0,0.025549310168626604,-0.023085201142254874,,-0.32107579517706886,-66.04243770145332,-58.928805636755335,0.926216390775096,0.7017543859649145,0.0,0.05109862033725321,-0.0461719375620655,,,-44.29261154164692,,1.0583446718160587,1.0563380281690238,0.0,0.07664793050587981,-0.06926020941261513,,1.5251394949295287,946.8189806992161,-94.84700234873517,1.7400537461153363,2.1352313167259718,0.0,0.17884517118036403,-0.1616286541859946,,0.8913656600575027,-84.32827247408657,-93.44250484254961,2.7037269560325115,2.499999999999991,0.0,0.17884517118036403,-0.1616286541859946,,1.4774113406918494,838808.18997046,-1236844.99459106,0.34965034965035446,1555139.32999676,4578543.7791867405,0.33965806706187923,2.499999999999991,False,True,rising,falling,buy_advantage_accelerating,accelerating,leading_buy_inflow,False,False,False,pass,S2,🚀 발사 진행,가격 상승 초입과 실제 매수수급·구조 동반,S1,True,가격 상승 초입과 실제 매수수급·구조 동반,2026-09-04T03:37:26.037623+09:00,2026-09-03T18:10:00Z,33790588802-1
KRW-BTC,비트코인,110567000.0,107723133.33333333,96907600.0,99900816.66666667,0.9501205456070805,-11.16066576133691,-7.83008280379422,-0.8241178681993023,-1.1831448476013837,,,,,False,False,False,False,-33.51378259780135,1.663509462417001,8.0,B급,-0.14722086742896545,0.33344729453495603,0.0,-0.01018343299146185,0.00941118119659734,False,False,False,False,2026-09-04T03:37:26.037623+09:00,1788460646,460350026.2389712,872223803.1615599,0.5277888823606224,1075,0.0,complete,1788459752341,1788461160627,7.77623742,2.29718241,0.5439121075528527,106400000.0,111445000.0,4.741541353383449,3.9163533834586373,0.7878325631477411,17.403369672943544,complete_hourly_ordered,/v1/candles/minutes/60,120,False,6.339634163796148,104801000.0,2026-09-02T20:00:00,111445000.0,2026-09-04T01:00:00,D0,0.7689891874915866,12.898856110776777,False,True,-0.523237349228327,-34.74898034620316,29.939329125935508,0.33344729453495603,-0.1363825213605785,0.0,-0.01018343299146185,0.00941118119659734,,-0.523237349228327,-34.74898034620316,29.939329125935508,0.33344729453495603,-0.1363825213605785,0.0,-0.01018343299146185,0.00941118119659734,,-1.215526144184782,-40.61216248301533,96.16121710319803,0.4916757103450564,-0.26699620252023104,0.0,-0.01843013946305483,0.017032318307633076,,-0.08814942650267776,-3.8109630429663977,12.254188624654262,0.6148595895136424,-0.17064538264293105,0.0,-0.009308782305095242,0.008602868931752994,,-0.7956371409779796,-59.492088123317274,1.5732360426629288,0.9238895950885393,0.038000452386333095,0.0,0.00424830333385362,-0.003926212594497436,,-0.09465492640660078,-72.14075835793633,-67.14441501781374,1.2779859367782933,0.06063348416289749,0.0,-0.002186626715983131,0.0020208273550288425,,-0.523237349228327,-245156230.49304026,200969142.21420968,-0.1363825213605785,1332573829.400531,1237700920.8727484,1.0766525312600432,0.06063348416289749,False,False,falling,rising,sell_advantage_accelerating,accelerating,neutral,False,False,False,pass,S0,🌱 초발사 준비,발사 구조 관찰 또는 초기 준비,S0,False,,,2026-09-03T18:10:00Z,33790588802-1
KRW-HOLO,홀로월드에이아이,85.9,90.38666666666667,93.87,100.28333333333333,0.39244724176230594,3.7108057242285444,9.868705334884488,-0.9143905775271491,-0.6170790688919338,4.058228305746476,,,,False,False,False,False,-52.28895929338178,-6.630434782608685,5.0,관찰,-0.11627906976743319,0.004369428445855306,0.0,-0.007404664938936989,0.0058988100924537434,False,False,False,False,2026-09-04T03:37:26.037623+09:00,1788460646,230986.06691617004,8269608.942245292,0.0279319213918542,13,0.0,complete,1788459932421,1788461127422,2503089.09643791,1543592.66712641,0.237106964513655,85.0,87.0,2.35294117647058,1.0588235294117787,1.2643678160919474,54.99999999999925,complete_hourly_ordered,/v1/candles/minutes/60,120,False,5.820721769499415,85.9,2026-08-31T22:00:00,90.9,2026-09-01T03:00:00,D-3,5.500550055005505,100.0,True,True,-0.02665323290163723,-29.46832845440405,37.834491221824315,0.004369428445855306,-0.11627906976743319,0.0,-0.007404664938936989,0.0058988100924537434,,-0.02665323290163723,-29.46832845440405,37.834491221824315,0.004369428445855306,-0.11627906976743319,0.0,-0.007404664938936989,0.0058988100924537434,,-3.5582749751598697,-3.544632500349909,12283.999628380516,0.06505898438373237,0.3504672897196359,0.0,0.022213994816744353,-0.017697018506412476,,0.010729467895648132,130.03693452509702,41.67302037917886,0.10640491271128383,0.2333722287047868,0.0,0.014809329877829569,-0.01179791429699506,,-0.19677462994162798,-75.58103280045283,96.44555881271626,0.13097516656452513,0.3504672897196359,0.0,0.022213994816744353,-0.017697018506412476,,-0.8444469370367103,-97.07049049975379,-8.504605976525237,0.18408092093191186,0.8215962441314506,0.0,0.05183265457238129,-0.041294415807342943,,-0.02665323290163723,-96506.62091392998,2269943.061129531,-0.11627906976743319,8500595.009161461,9539968.037061542,0.8910506802682933,0.8215962441314506,False,False,falling,rising,sell_advantage_accelerating,accelerating,neutral,False,False,False,pass,S0,🌱 초발사 준비,발사 구조 관찰 또는 초기 준비,S0,False,,,2026-09-03T18:10:00Z,33790588802-1
KRW-MIRA,미라네트워크,61.8,59.53333333333333,59.576,78.47083333333333,0.7218587863749182,0.07161720603375364,24.133170498592897,-0.8271851798859826,-1.0626805440097047,0.0865794114488671,,,,False,False,False,False,1163.202463832635,7.66550522648084,8.0,B급,-0.6430868167202619,0.5802243412986172,0.0,-0.04511617414841851,0.030758876933962398,False,True,False,False,2026-09-04T03:37:26.037623+09:00,1788460646,7642214.177148823,2555125.122161158,2.9909353991576504,33,0.0,complete,1788460050578,1788460904820,4581759.53948693,1847822.16884165,0.4252123224600856,63.7,65.0,2.0408163265306145,-2.982731554160134,4.923076923076927,246.1538461538464,complete_hourly_ordered,/v1/candles/minutes/60,120,False,26.408450704225352,56.8,2026-08-30T09:00:00,71.8,2026-08-31T14:00:00,D-4,14.06685236768801,67.33333333333327,True,True,-5.9009951715887,-6.838988964406156,176.96393652043955,0.5802243412986172,-0.6430868167202619,0.0,-0.04511617414841851,0.030758876933962398,,-5.9009951715887,-6.838988964406156,176.96393652043955,0.5802243412986172,-0.6430868167202619,0.0,-0.04511617414841851,0.030758876933962398,,-7.017928098241797,-38.08178344696771,107.20306351526565,0.9362695012214317,-0.48309178743961567,0.0,-0.03383713061131388,0.02306940267920865,,1.6802709045131554,-41.80132724900102,-74.49662937165036,1.1477837693751098,-0.1615508885298933,0.0,-0.011279043537104627,0.007689964217433953,,2.906450815535825,504.8692463194973,-82.914332942349,2.1454622707422004,0.0,0.0,0.0,0.0,,2.889211486275358,156.81694265762172,-91.2654668807096,2.821175714519086,0.4878048780487809,0.0,0.011279043537126832,-0.007690127548730885,,-5.9009951715887,-561018.1538409917,1632577.1708784848,-0.6430868167202619,10197339.29930998,30163292.613273945,0.33807115920834324,0.4878048780487809,False,True,falling,rising,buy_advantage_weakening,accelerating,neutral,True,True,False,🔴 1차 급등 완료·상승분 반납 / 신규매수 금지,S3,🔴 1차 급등 완료·반납,당일/5D 급등 후 상승분 상당 부분 반납,S3,False,,,2026-09-03T18:10:00Z,33790588802-1
KRW-SUN,썬,22.7,23.5,25.178,26.3925,-0.28288543140028155,6.664548415283186,10.959552903286914,0.2347298646215786,0.35507863910978144,,,,,False,False,False,False,19.53309777306458,-3.404255319148941,3.0,-,0.0,0.002356626525124028,0.0,0.0,0.0,False,False,False,False,2026-09-04T03:37:26.037623+09:00,1788460646,5099.999999904,691382.5858264581,0.007376523656301833,6,0.0,complete,1788460389147,1788460672741,2602685.53899736,4575304.34562338,-0.2748149326390763,22.3,22.7,1.7937219730941534,1.7937219730941534,0.0,0.0,complete_hourly_ordered,/v1/candles/minutes/60,120,False,3.65296803652968,21.9,2026-09-02T19:00:00,22.7,2026-09-04T00:00:00,D0,0.4405286343612258,12.499999999999847,False,False,,-74.38766519854072,,0.002356626525124028,0.0,0.0,0.0,0.0,,,-74.38766519854072,,0.002356626525124028,0.0,0.0,0.0,0.0,,,-74.38766519854072,,0.005928077192418613,0.4424778761061843,0.0,0.028288543140031486,-0.022448991250502814,,0.007376523656301833,,2204.6086194190684,0.005928077192418613,0.4424778761061843,0.0,0.028288543140031486,-0.022448991250502814,,,-96.35732499096189,,4.353895994136115,0.4424778761061843,0.0,0.028288543140031486,-0.022448991250502814,,0.007376523656301833,,6813.825858361373,4.380801129126645,0.4424778761061843,0.0,0.028288543140031486,-0.022448991250502814,,,-14812.280701710999,691382.5858264581,0.0,696482.585826362,320552.050580499,2.1727597267435264,0.4424778761061843,False,False,falling,rising,sell_advantage_weakening,accelerating,neutral,False,False,False,pass,S0,🌱 초발사 준비,발사 구조 관찰 또는 초기 준비,S0,False,,,2026-09-03T18:10:00Z,33790588802-1
KRW-ZBT,제로베이스,115.0,111.4,137.92,171.8,0.5415162454873723,19.228538283062633,35.15715948777648,-0.9710435343153069,-0.7758167963389958,,,,,False,False,False,False,41.8659950110678,3.603603603603611,7.0,B급,-0.8620689655172376,0.0749322706952853,0.0,-0.060168471720811745,0.03565781440013893,False,False,False,False,2026-09-04T03:37:26.037623+09:00,1788460646,0.0,11256618.690654501,0.0,4,0.0,complete,1788461014503,1788461014503,3865466.32365352,7421545.99895537,-0.31505943057922475,113.0,116.0,2.6548672566371723,1.7699115044247815,0.8620689655172413,33.33333333333333,complete_hourly_ordered,/v1/candles/minutes/60,120,False,9.090909090909083,110.0,2026-08-30T04:00:00,120.0,2026-08-30T18:00:00,D-4,4.1666666666666625,50.0,False,True,-1854.1612524275706,-100.0,223030.07499571267,0.0749322706952853,-0.8620689655172376,0.0,-0.060168471720811745,0.03565781440013893,,-1854.1612524275706,-100.0,223030.07499571267,0.0749322706952853,-0.8620689655172376,0.0,-0.060168471720811745,0.03565781440013893,,-7.085396745170028,-100.0,1792.4170552417288,0.14769637946281478,-0.8620689655172376,0.0,-0.060168471720811745,0.03565781440013893,,0.0,,1776.2064104763547,0.19682360522663345,0.0,0.0,0.0,0.0,,,-100.0,,0.5300403503949696,0.0,0.0,0.0,0.0,,-3.0704718961082023,-100.0,119.756263135945,0.5841132859452074,0.8771929824561431,0.0,0.06016847172083395,-0.035661273804890925,,-1854.1612524275706,-9353999.54935012,11251573.822233751,-0.8620689655172376,11256618.690654501,8543624.16732366,1.3175460987278778,0.8771929824561431,False,False,falling,rising,sell_only,accelerating,neutral,False,False,False,pass,S0,🌱 초발사 준비,발사 구조 관찰 또는 초기 준비,S0,False,,,2026-09-03T18:10:00Z,33790588802-1
KRW-ONG,온톨로지가스,136.0,140.89333333333335,87.896,84.51333333333334,2.5573834134032136,-60.295500743302696,-66.71136704267572,-2.1931618612885466,-4.329533486514354,,,,,False,False,False,False,-71.42528667610924,-22.285714285714285,6.0,관찰,0.7407407407407307,0.003556609187072013,0.0,0.04852719949530737,-0.06245080497775746,False,False,False,False,2026-09-04T03:37:26.037623+09:00,1788460646,2634248.2716745203,11153413.19409032,0.23618315091834732,57,0.0,complete,1788459746399,1788461191283,7290209.91102691,10354673.98572236,-0.17367436887810964,140.0,143.0,2.1428571428571352,-2.857142857142858,4.895104895104895,233.33333333333383,complete_hourly_ordered,/v1/candles/minutes/60,120,False,36.36363636363635,121.0,2026-09-01T09:00:00,165.0,2026-09-01T19:00:00,D-3,18.181818181818176,68.18181818181816,False,True,-1.0717839647248448,-88.49703520723433,-36.29732001272018,0.003556609187072013,0.7407407407407307,0.0,0.04852719949530737,-0.06245080497775746,,-1.0717839647248448,-88.49703520723433,-36.29732001272018,0.003556609187072013,0.7407407407407307,0.0,0.04852719949530737,-0.06245080497775746,,-3.3659412967991904,-96.35722613406442,-44.44258725073284,0.02263311801540624,1.4925373134328401,0.0,0.09705439899061474,-0.12491392815441316,,-0.22122502637186273,-87.23752276426228,-75.28332809767294,0.029765655096383625,1.4925373134328401,0.0,0.09705439899061474,-0.12491392815441316,,-0.534141374136176,-93.3561718334406,-78.33078372843761,0.06464313578467795,3.0303030303030276,0.0,0.1941087979812739,-0.24987714368582203,,-0.1177521918547135,-95.31854247314858,-92.98454073459071,0.0999156605862197,2.2556390977443552,0.0,0.14558159848594432,-0.1873893731749945,,-1.0717839647248448,-20266354.478420194,-6355133.065372294,0.7407407407407307,13787661.46576484,90652680.22193927,0.15209325782767122,2.2556390977443552,False,False,falling,falling,sell_advantage_accelerating,accelerating,neutral,True,True,False,🔴 1차 급등 완료·상승분 반납 / 신규매수 금지,S3,🔴 1차 급등 완료·반납,당일/5D 급등 후 상승분 상당 부분 반납,S3,False,,,2026-09-03T18:10:00Z,33790588802-1
KRW-BTT,비트토렌트,0.000411,0.0004038,0.00038716,0.00041294166666666664,0.5979073243647326,-4.297964665771258,2.2137912941698725,-0.594779893165666,-0.7186892855382274,,,3.0803176542585593,,False,False,False,False,-26.06591664749266,1.4814814814814836,12.0,A급,-0.4842615012106477,0.14474269182207422,0.0,-0.03321707357581971,0.028340784635008553,False,False,False,False,2026-09-04T03:37:26.037623+09:00,1788460646,585675.1414138497,13226239.681059958,0.044281304099799385,6,0.0,complete,1788459849913,1788460935138,431036020982.1139,473601868788.11426,-0.04705291286971387,0.000405,0.000415,2.4691358024691468,1.4814814814814836,0.9638554216867443,40.00000000000018,complete_hourly_ordered,/v1/candles/minutes/60,120,False,4.534005037783384,0.000397,2026-08-31T12:00:00,0.000415,2026-09-04T00:00:00,D0,0.7228915662650603,16.666666666666664,False,True,-4.361790985059151,-94.30780980441584,466.38353353055936,0.14474269182207422,-0.4842615012106477,0.0,-0.03321707357581971,0.028340784635008553,0.06322915428118714,-4.361790985059151,-94.30780980441584,466.38353353055936,0.14474269182207422,-0.4842615012106477,0.0,-0.03321707357581971,0.028340784635008553,0.06322915428118714,-3.7854529883489954,460.6662851220243,48390.055620593565,0.5673362405289382,-0.4842615012106477,0.0,-0.03321707357581971,0.028340784635008553,0.06322915428118714,-1.3349027890603464,201.09152820159056,9277.787188584503,0.5721987874448011,-0.24271844660193054,0.0,-0.01660853678788765,0.014170678276101079,0.03173939431038919,-0.6034802839682033,-75.43251623725602,259.38129241008505,0.9534760164927611,-0.4842615012106477,0.0,-0.03321707357581971,0.028340784635008553,0.06322915428118714,-145.69946797598485,-93.64303852182245,20822.766813068265,1.3427923609376258,-0.4842615012106477,0.0,-0.03321707357581971,0.028340784635008553,0.06322915428118714,-4.361790985059151,-9703424.858586151,10891030.604868421,-0.4842615012106477,13811914.822473807,1417330.7543231938,9.74501878290879,-0.4842615012106477,False,True,falling,rising,sell_advantage_accelerating,accelerating,neutral,False,False,False,pass,S0,🌱 초발사 준비,발사 구조 관찰 또는 초기 준비,S1,True,발사 구조 관찰 또는 초기 준비,2026-09-04T03:37:26.037623+09:00,2026-09-03T18:10:00Z,33790588802-1
KRW-ENSO,엔소,1190.0,1181.3333333333333,1199.54,1118.175,0.19224245165667675,1.51780404710695,-5.648340674164,-0.1290718287960837,-0.5358790894604402,11.759375080249916,,,,False,False,False,False,24.193592104655327,-1.7341040462427793,4.0,-,0.0841042893187538,0.062450533901749594,0.0,0.005654189754600303,-0.005174777607145131,False,False,False,False,2026-09-04T03:37:26.037623+09:00,1788460646,0.0,5513347.326319,0.0,4,0.0,complete,1788459756876,1788460528437,172301.43172223,78562.44745433,0.37366473234644415,1184.0,1201.0,1.4358108108108114,0.5067567567567544,0.9159034138218152,64.70588235294136,complete_hourly_ordered,/v1/candles/minutes/60,120,False,15.378006872852223,1164.0,2026-08-31T08:00:00,1343.0,2026-08-31T20:00:00,D-4,11.392405063291145,85.47486033519557,True,True,,-100.0,,0.062450533901749594,0.0841042893187538,0.0,0.005654189754600303,-0.005174777607145131,,,-100.0,,0.062450533901749594,0.0841042893187538,0.0,0.005654189754600303,-0.005174777607145131,,,,,0.06285808930088876,0.0841042893187538,0.0,0.005654189754600303,-0.005174777607145131,,-0.07271312033135252,-100.0,-53.043093706833446,0.06285808930088876,0.0841042893187538,0.0,0.005654189754600303,-0.005174777607145131,,,-100.0,,0.19532649454914264,-0.6677796327211993,0.0,-0.045233518036869036,0.04139544429578468,,-0.7179784146348283,-100.0,-2.111508684768526,0.20651914170300145,-0.335008375209378,0.0,-0.022616759018423416,0.020698339138529143,,,-90406.0,5513347.326319,0.0841042893187538,5513347.326319,8503924.441492839,0.6483297640108322,-0.335008375209378,False,False,falling,rising,sell_only,accelerating,neutral,True,True,False,🔴 1차 급등 완료·상승분 반납 / 신규매수 금지,S3,🔴 1차 급등 완료·반납,당일/5D 급등 후 상승분 상당 부분 반납,S3,False,,,2026-09-03T18:10:00Z,33790588802-1
KRW-BIRB,문버드,79.0,78.54666666666667,77.594,112.225,0.5204334101185815,-1.2277581599951966,30.00965322640528,-1.0001557580313871,-1.0021302532310208,,,,,False,False,False,False,-16.153425250474797,2.199223803363526,8.0,B급,-0.2525252525252597,0.019903536735764504,0.0,-0.017063390495697384,0.010841298164809388,False,False,False,False,2026-09-04T03:37:26.037623+09:00,1788460646,702279.8715556801,9717325.93068001,0.07227089803980004,25,0.0,complete,1788460117638,1788461038131,1131230.37199114,607213.35197632,0.3014288083015499,78.0,79.8,2.3076923076922995,1.2820512820512775,1.0025062656641568,44.44444444444444,complete_hourly_ordered,/v1/candles/minutes/60,120,False,14.99348109517602,76.7,2026-08-30T09:00:00,88.2,2026-08-31T16:00:00,D-4,10.430839002267579,80.00000000000009,True,True,-24.209405949059008,-96.09638581378073,1211.541723936064,0.019903536735764504,-0.2525252525252597,0.0,-0.017063390495697384,0.010841298164809388,,-24.209405949059008,-96.09638581378073,1211.541723936064,0.019903536735764504,-0.2525252525252597,0.0,-0.017063390495697384,0.010841298164809388,,-56.04493291437752,-83.57943952618747,12650.304255463921,0.38185647462274375,0.6369426751592355,0.0,0.04265847623921015,-0.027104654261556504,,-0.4557648801010571,32.59855499258138,868.81017207372,0.39110270946156334,1.2820512820512775,0.0,0.08531695247844251,-0.05421132134460649,,0.05192046173645069,259.887291649498,1.3390396929164883,0.6251644031537644,1.5424164524421524,0.0,0.10238034297413989,-0.06505455181806141,,-0.27576319954422723,88.2131287991419,806.375708781173,0.6403335644093211,1.1523687580025754,0.0,0.07678525723060492,-0.04878982689152167,,-24.209405949059008,-17288224.262661867,8976417.292141438,-0.2525252525252597,10419605.80223569,4353045.029937156,2.3936361169197733,1.1523687580025754,False,False,falling,rising,sell_advantage_accelerating,accelerating,neutral,False,True,False,pass,S0,🌱 초발사 준비,발사 구조 관찰 또는 초기 준비,S0,False,,,2026-09-03T18:10:00Z,33790588802-1
KRW-ONT,온톨로지,75.6,74.1,61.702,69.80833333333334,1.8696728072587376,-20.093351917279822,-6.147785603437971,-1.8777605031120168,-2.239375585906416,,,,,False,False,False,False,-80.56382897621354,-6.435643564356441,8.0,B급,0.3984063745019917,0.007035712301757258,0.0,0.027495188342041565,-0.0248493636299445,False,False,False,False,2026-09-04T03:37:26.037623+09:00,1788460646,13258.34943678,112485.55979329199,0.1178671241103665,2,0.0,complete,1788460401761,1788460759580,1592511.08091034,1285202.06773493,0.10678931404962329,72.0,75.6,4.999999999999982,4.999999999999982,0.0,0.0,complete_hourly_ordered,/v1/candles/minutes/60,120,False,20.396600566572243,70.6,2026-09-01T09:00:00,85.0,2026-09-01T21:00:00,D-3,11.058823529411777,65.27777777777777,False,True,,-99.91101180365798,,0.007035712301757258,0.3984063745019917,0.0,0.027495188342041565,-0.0248493636299445,,,-99.91101180365798,,0.007035712301757258,0.3984063745019917,0.0,0.027495188342041565,-0.0248493636299445,,,-99.70161559092776,,0.01871263417571356,0.665778961384822,0.0,0.04582531390340261,-0.041416594902182524,,-16.96687639258331,-99.85757590834885,-79.35574406499025,0.022067500964894293,1.749663526244949,0.0,0.11914581614884678,-0.10769343203736792,,0.0151031553943997,-99.37917740429178,-99.45872783199677,0.05219920871178374,1.612903225806428,0.0,0.10998075336816626,-0.0994081350170477,,-3.839080355846573,-99.96338637507348,-98.77083459888752,0.09001540946898956,1.4765100671140896,0.0,0.10081569058748574,-0.09112303583328707,,,-14885739.474750549,112485.55979329199,0.3984063745019917,125743.909230072,11656646.161243267,0.010787314592095372,1.4765100671140896,False,True,falling,rising,sell_advantage_weakening,accelerating,neutral,True,True,False,🔴 1차 급등 완료·상승분 반납 / 신규매수 금지,S3,🔴 1차 급등 완료·반납,당일/5D 급등 후 상승분 상당 부분 반납,S0,True,당일/5D 급등 후 상승분 상당 부분 반납,2026-09-04T03:37:26.037623+09:00,2026-09-03T18:10:00Z,33790588802-1
KRW-SOMI,솜니아,154.0,153.13333333333333,137.92,171.58333333333334,1.055873295204579,-11.03054911059552,10.75279261777563,-1.2046982335643972,-1.4975978296995325,,,7.180026843343512,,False,False,False,False,1242.8796898605267,-3.1446540880503138,13.0,A급,0.0,3.7663948375563905,0.0,0.0,0.0,False,True,False,True,2026-09-04T03:37:26.037623+09:00,1788460646,1069500.0,7793926.1713621,0.13722223902116967,13,0.0,complete,1788459791353,1788461069847,719582.57837384,875888.42177218,-0.0979684640987111,151.0,158.0,4.635761589403975,1.9867549668874274,2.5316455696202533,57.14285714285694,complete_hourly_ordered,/v1/candles/minutes/60,120,False,30.666666666666664,150.0,2026-08-31T08:00:00,196.0,2026-09-01T16:00:00,D-3,20.918367346938773,89.13043478260866,True,True,-70.06284796097883,167.3750000002674,136683.54109094595,3.7663948375563905,0.0,0.0,0.0,0.0,0.0,-70.06284796097883,167.3750000002674,136683.54109094595,3.7663948375563905,0.0,0.0,0.0,0.0,0.0,-16.703283003838123,167.3750000002674,32713.413637853246,3.7945223958838596,0.0,0.0,0.0,0.0,0.0,,-66.58634456731383,,3.7945223958838596,0.0,0.0,0.0,0.0,0.0,,-20.183827206008566,,4.166353966520319,0.0,0.0,0.0,0.0,0.0,0.13722223902116967,,184.03706665826155,4.166353966520319,0.0,0.0,0.0,0.0,0.0,-70.06284796097883,669500.0000004,7788228.1713621,0.0,8863426.1713621,1748858.6132127051,5.068120489786034,0.0,False,True,rising,rising,sell_advantage_accelerating,accelerating,neutral,True,True,False,🔴 1차 급등 완료·상승분 반납 / 신규매수 금지,S3,🔴 1차 급등 완료·반납,당일/5D 급등 후 상승분 상당 부분 반납,S3,False,,,2026-09-03T18:10:00Z,33790588802-1
KRW-DEEP,딥북,20.9,19.639999999999997,21.912,29.333333333333332,0.5117707267144223,10.368747718145318,33.045454545454554,-0.7623073953837212,-0.6367611831510338,13.601793424719462,,,,False,False,False,False,5.694243919676079,8.290155440414493,6.0,관찰,-0.4761904761904856,0.16898295333420688,0.0,-0.03411804844763999,0.020824563351773406,False,False,False,False,2026-09-04T03:37:26.037623+09:00,1788460646,0.0,4664958.89999964,0.0,11,0.0,complete,1788459948876,1788460777744,5859602.28257416,11211451.81920122,-0.31350433925872634,20.4,21.2,3.9215686274509887,2.450980392156854,1.4150943396226447,37.500000000000355,complete_hourly_ordered,/v1/candles/minutes/60,120,False,16.483516483516492,18.2,2026-08-31T08:00:00,21.2,2026-09-03T17:00:00,D-1,1.4150943396226467,10.0000000000001,False,True,-2.7667034616956467,-100.0,1747.8174194512208,0.16898295333420688,-0.4761904761904856,0.0,-0.03411804844763999,0.020824563351773406,,-2.7667034616956467,-100.0,1747.8174194512208,0.16898295333420688,-0.4761904761904856,0.0,-0.03411804844763999,0.020824563351773406,,,-100.0,,0.1895333233797869,0.0,0.0,0.0,0.0,,,-100.0,,0.1983583732974692,0.0,0.0,0.0,0.0,,-0.951070669143014,-100.0,615.9208321112733,0.33325252332458977,0.9661835748792313,0.0,0.06823609689525778,-0.041652676546704015,,-0.5678560690516674,-100.0,164.90252232415548,0.36252707384494265,0.9661835748792313,0.0,0.06823609689525778,-0.041652676546704015,,-2.7667034616956467,-698475.823500463,4412501.116514458,-0.4761904761904856,4664958.89999964,6538889.563634869,0.713417600129411,0.9661835748792313,False,False,falling,rising,sell_only,accelerating,neutral,False,False,False,pass,S0,🌱 초발사 준비,발사 구조 관찰 또는 초기 준비,S0,False,,,2026-09-03T18:10:00Z,33790588802-1
KRW-STRAX,저트라,13.1,13.0,12.777999999999999,14.94,0.6711409395973034,-1.737361089372369,12.985274431057562,-0.8512125873688821,-0.8788871583305958,,,14.77467762269103,,False,False,False,False,150.84094078901273,0.7692307692307665,13.0,A급,0.7692307692307665,1.1684110857346184,0.0,0.051626226122847285,-0.039771588912312694,False,False,False,False,2026-09-04T03:37:26.037623+09:00,1788460646,0.0,5640805.804558015,0.0,14,0.0,complete,1788460217133,1788460871041,24415689.71712637,47245533.3260952,-0.31858015589825056,12.8,13.2,3.124999999999978,2.34375,0.7575757575757549,24.999999999999467,complete_hourly_ordered,/v1/candles/minutes/60,120,False,17.599999999999994,12.5,2026-08-31T19:00:00,14.7,2026-09-01T18:00:00,D-3,10.8843537414966,72.72727272727269,False,True,-2.3364878958192508,-100.0,-34.53378358204843,1.1684110857346184,0.7692307692307665,0.0,0.051626226122847285,-0.039771588912312694,-0.18060413218272764,-2.3364878958192508,-100.0,-34.53378358204843,1.1684110857346184,0.7692307692307665,0.0,0.051626226122847285,-0.039771588912312694,-0.18060413218272764,0.0,,4210.011696752882,1.1733435787644169,0.7692307692307665,0.0,0.051626226122847285,-0.039771588912312694,-0.18060413218272764,,,,1.1733435787644169,0.7692307692307665,0.0,0.051626226122847285,-0.039771588912312694,-0.18060413218272764,-2.3550942806662367,-100.0,56388.217085152675,1.2469042833831736,0.7692307692307665,0.0,0.051626226122847285,-0.039771588912312694,-0.18060413218272764,-213.95449999712775,-100.0,112716.11608964857,1.248166958988861,0.0,0.0,0.0,0.0,0.0,-2.3364878958192508,-20132024.128100917,-2975555.6001484944,0.7692307692307665,5640805.804558015,5761511.63701489,0.9790496244628929,0.0,False,True,falling,falling,sell_only,accelerating,neutral,True,True,False,🔴 1차 급등 완료·상승분 반납 / 신규매수 금지,S3,🔴 1차 급등 완료·반납,당일/5D 급등 후 상승분 상당 부분 반납,S1,True,당일/5D 급등 후 상승분 상당 부분 반납,2026-09-04T03:37:26.037623+09:00,2026-09-03T18:10:00Z,33790588802-1
KRW-ICP,인터넷컴퓨터,3455.0,3353.266666666667,3173.36,3498.6916666666666,0.5617977528090012,-5.669280090083279,4.156553759381476,-0.41343673309827145,-0.5692471996014008,,,7.301843140013661,,False,False,False,False,18.96174127992314,0.17396346767177828,12.0,A급,-0.115640358485114,0.03732503595870185,0.0,-0.007997121036407151,0.006708696775337586,False,False,False,False,2026-09-04T03:37:26.037623+09:00,1788460646,635131.19755255,962967.99996686,0.659555870573485,7,0.0,complete,1788460183915,1788460814719,25217.28893246,24079.74576589,0.02307528583677825,3377.0,3492.0,3.4053893988747364,2.3097423748889456,1.0595647193585338,32.173913043478436,complete_hourly_ordered,/v1/candles/minutes/60,120,False,9.938271604938276,3240.0,2026-08-31T08:00:00,3562.0,2026-09-02T14:00:00,D-2,3.1443009545199296,34.78260869565214,False,True,,,,0.03732503595870185,-0.115640358485114,0.0,-0.007997121036407151,0.006708696775337586,0.028927772611594627,,,,0.03732503595870185,-0.115640358485114,0.0,-0.007997121036407151,0.006708696775337586,0.028927772611594627,-8.85681825758127,29.809352023122248,1772.9487740155598,0.03972113648571707,-0.14450867052022698,0.0,-0.009996401295508939,0.008385850995587418,0.03613838504714373,,75.84893891910369,,0.06860773199157677,-0.31736872475476297,0.0,-0.021992082850164074,0.01844860854332797,0.0792240402076354,,-23.13171155393443,,0.30795623256183546,0.0,0.0,0.0,0.0,0.0,0.659555870573485,,-93.9897660862963,0.3563439304444138,0.20301624129930307,0.0,0.013994961813756923,-0.011740526958895714,-0.050954437043439604,,635131.19755255,962967.99996686,-0.115640358485114,1598099.19751941,1195014.9177007847,1.337304810047193,0.20301624129930307,False,False,rising,rising,sell_advantage_weakening,accelerating,neutral,False,False,False,pass,S1,⚡ 선행 시동,가격 미급등 상태에서 선행조건 3개 개선,S1,False,,,2026-09-03T18:10:00Z,33790588802-1
KRW-BREV,브레비스,105.0,100.73333333333333,101.374,123.18916666666668,0.8341675008341598,0.6319832172614882,18.228740351897834,-0.8947867306280337,-1.0005635202942318,0.7062948025815171,,,,False,False,False,False,183.35073635303746,5.95358224016147,8.0,B급,0.0,0.3448050472399302,0.0,0.0,0.0,False,False,False,False,2026-09-04T03:37:26.037623+09:00,1788460646,318255.0,3246043.42216245,0.09804397495951697,6,0.0,complete,1788459946958,1788460309114,948252.60771662,3788897.75252482,-0.5996527297612356,105.0,107.0,1.904761904761898,0.0,1.8691588785046727,100.0,complete_hourly_ordered,/v1/candles/minutes/60,120,False,11.566018423746161,97.7,2026-08-30T10:00:00,109.0,2026-08-31T01:00:00,D-4,3.669724770642202,35.39823008849568,False,True,,-97.68441565092772,,0.3448050472399302,0.0,0.0,0.0,0.0,,,-97.68441565092772,,0.3448050472399302,0.0,0.0,0.0,0.0,,,-91.29065787677011,,1.5789734608615618,0.0,0.0,0.0,0.0,,,-95.84475233014383,,1.873806355241129,0.0,0.0,0.0,0.0,,,-89.08560207737605,,2.8391133465682117,0.0,0.0,0.0,0.0,,,-96.08898390733174,,3.0413304536571104,0.0,0.0,0.0,0.0,,,-13425791.94553695,3246043.42216245,0.0,3564298.42216245,2469932.08305167,1.4430754783178734,0.0,False,False,falling,rising,sell_advantage_weakening,accelerating,neutral,False,False,False,pass,S0,🌱 초발사 준비,발사 구조 관찰 또는 초기 준비,S0,False,,,2026-09-03T18:10:00Z,33790588802-1
KRW-ICX,아이콘,20.4,21.39333333333333,28.016,38.723333333333336,-1.5644171779141236,23.638873024938135,44.75337866919171,0.22492042791259514,0.32210918062241944,,,,,False,False,False,False,639.494613684375,10.270270270270254,5.0,관찰,0.0,0.22430787771304495,0.0,0.0,0.0,False,True,False,False,2026-09-04T03:37:26.037623+09:00,1788460646,9995002.498750411,272800.00000004395,36.63857220948974,11,0.0,complete,1788460001011,1788461193613,12971580.32816162,14884540.14102108,-0.06867287262688906,21.9,22.8,4.109589041095907,-6.849315068493156,10.526315789473694,266.6666666666662,complete_hourly_ordered,/v1/candles/minutes/60,120,False,64.20454545454544,17.6,2026-08-31T11:00:00,28.9,2026-09-01T21:00:00,D-3,29.41176470588236,75.22123893805312,False,True,36.17302114955883,447.87956021481585,-93.03832287693727,0.22430787771304495,0.0,0.0,0.0,0.0,,36.17302114955883,447.87956021481585,-93.03832287693727,0.22430787771304495,0.0,0.0,0.0,0.0,,,125362.90715886065,,0.24497397492029904,0.0,0.0,0.0,0.0,,11.777220485348131,232.71425856670035,125.76551724145179,0.24499700960382143,0.0,0.0,0.0,0.0,,35.40675689267321,397.71942966456277,-83.2663125235214,0.3306372282895609,0.49261083743841194,0.0,0.030674846625755592,-0.016027576100640317,,16.12120209085067,32.848749886897636,-25.605535181799343,0.36123479011882864,0.0,0.0,0.0,0.0,,36.17302114955883,8170695.986050519,-3645795.9816537,0.0,10267802.498750456,8818303.889944416,1.1643738554370886,0.0,False,True,rising,falling,buy_advantage_accelerating,accelerating,leading_buy_inflow,True,True,False,🔴 1차 급등 완료·상승분 반납 / 신규매수 금지,S3,🔴 1차 급등 완료·반납,당일/5D 급등 후 상승분 상당 부분 반납,S3,False,,,2026-09-03T18:10:00Z,33790588802-1
KRW-POLYX,폴리매쉬,48.2,47.693333333333335,47.378,57.735,0.9169135280011398,-0.6655691108390709,17.39268496867873,-1.2150261075442277,-1.0877156752708526,,,,,True,False,False,False,-56.31543690407241,-0.20703933747411307,8.0,B급,-0.4132231404958553,0.4811995714014685,0.0,-0.028212723938492168,0.020708754834274146,False,False,False,False,2026-09-04T03:37:26.037623+09:00,1788460646,4507455.50721541,1553656.2599265748,2.901192254346164,18,0.0,complete,1788459761065,1788460468791,1490225.61255428,1191037.85028747,0.1115846191219547,48.0,49.6,3.3333333333333437,0.4166666666666652,2.8225806451612874,87.50000000000007,complete_hourly_ordered,/v1/candles/minutes/60,120,False,9.251101321585908,45.4,2026-08-31T08:00:00,49.6,2026-09-03T13:00:00,D-1,2.822580645161288,33.33333333333333,True,False,-1.4966342895074107,323.5239616123797,542.0067189779235,0.4811995714014685,-0.4132231404958553,0.0,-0.028212723938492168,0.020708754834274146,,-1.4966342895074107,323.5239616123797,542.0067189779235,0.4811995714014685,-0.4132231404958553,0.0,-0.028212723938492168,0.020708754834274146,,,347.0439162392388,,0.5066541025190787,-0.6185567010309256,0.0,-0.042319085907749354,0.03106268391292133,,-51.86626175022137,313.8817549574389,7713.080964904788,0.508284405628892,-0.6185567010309256,0.0,-0.042319085907749354,0.03106268391292133,,-16.334577640457532,-49.44591632126827,235.18865198607566,0.644425950157256,-0.20703933747411307,0.0,-0.014106361969257186,0.01035452686761218,,-1.528572190570768,-49.63362190838123,-23.09672323326325,0.8405459580554933,0.0,0.0,0.0,0.0,,-1.4966342895074107,3443181.483602844,1311656.2599265748,-0.4132231404958553,6061111.767141985,6826917.783540581,0.8878255106213636,0.0,False,False,rising,rising,buy_advantage_weakening,accelerating,neutral,False,False,False,pass,S0,🌱 초발사 준비,발사 구조 관찰 또는 초기 준비,S0,False,,,2026-09-03T18:10:00Z,33790588802-1
