market,snapshot_kst,snapshot_epoch,price,value_accel_pct,launch_score,bid_trade_value_15m,ask_trade_value_15m,buy_sell_ratio_15m,trade_count_15m,trade_unknown_value_15m,trade_coverage_15m,trade_oldest_timestamp,trade_newest_timestamp,total_bid_size,total_ask_size,orderbook_imbalance,day_open,day_high,day_high_return_pct,current_day_return_pct,drawdown_from_day_high_pct,gain_retrace_pct,path_5d_status,path_5d_source,path_5d_points,stage_provisional,max_rally_5d_pct,max_rally_5d_base_price,max_rally_5d_base_time_kst,high_5d,high_5d_time_kst,max_rally_day,drawdown_from_5d_high_pct,gain_retrace_5d_pct,post_surge_higher_low,slope15,gap120,f120up,higher_low,buy_sell_ratio_change_15m,bid_trade_value_change_15m,ask_trade_value_change_15m,value_accel_change_15m,price_change_15m,launch_score_change_15m,slope15_change_15m,gap120_change_15m,f120up_change_15m,buy_sell_ratio_change_30m,bid_trade_value_change_30m,ask_trade_value_change_30m,value_accel_change_30m,price_change_30m,launch_score_change_30m,slope15_change_30m,gap120_change_30m,f120up_change_30m,buy_sell_ratio_change_45m,bid_trade_value_change_45m,ask_trade_value_change_45m,value_accel_change_45m,price_change_45m,launch_score_change_45m,slope15_change_45m,gap120_change_45m,f120up_change_45m,buy_sell_ratio_change_60m,bid_trade_value_change_60m,ask_trade_value_change_60m,value_accel_change_60m,price_change_60m,launch_score_change_60m,slope15_change_60m,gap120_change_60m,f120up_change_60m,buy_sell_ratio_change_90m,bid_trade_value_change_90m,ask_trade_value_change_90m,value_accel_change_90m,price_change_90m,launch_score_change_90m,slope15_change_90m,gap120_change_90m,f120up_change_90m,buy_sell_ratio_change_120m,bid_trade_value_change_120m,ask_trade_value_change_120m,value_accel_change_120m,price_change_120m,launch_score_change_120m,slope15_change_120m,gap120_change_120m,f120up_change_120m,delta_buy_sell_ratio,delta_bid_trade_value_15m,delta_ask_trade_value_15m,delta_value_accel_pct,delta_price_pct_15m,delta_launch_score,delta_slope15,delta_gap120,trade_value_15m,normal_trade_value_15m_median,trade_value_anomaly_ratio,surge_return_from_120m,surge_success_15_120m,signal_failure_120m,buy_pressure_trend,sell_pressure_trend,buy_sell_state,value_accel_direction,flow_signal,first_surge_retrace_gate,first_surge_retrace_seen,second_ignition_reentry,candidate_gate,stage,stage_label,stage_reason,stage_previous,stage_changed,stage_change_reason,stage_change_kst,scan_cycle,scan_run_id
KRW-0G,2026-09-06T08:57:39.324580+09:00,1788652659,270.0,-28.15347889291623,7.0,8762202.92448002,4611557.623230441,1.9000527891792907,27,0.0,complete,1788651790854,1788652641664,912880.72190287,1726519.70144644,-0.3082665943165568,269.0,277.0,2.973977695167296,0.3717472118959009,2.527075812274368,87.50000000000038,complete_hourly_ordered,/v1/candles/minutes/60,120,False,18.15181518151816,303.0,2026-09-01T09:00:00,358.0,2026-09-01T11:00:00,D-4,24.581005586592177,159.99999999999997,True,0.8808147536471411,36.56014020814851,,True,-3.632499434994358,309.9347519089254,1093.6433747293056,0.10238946148148642,-0.36900369003689537,0.0,0.02752546105146969,-0.01593734075230202,,-3.632499434994358,309.9347519089254,1093.6433747293056,0.10238946148148642,-0.36900369003689537,0.0,0.02752546105146969,-0.01593734075230202,,-3.632499434994358,309.9347519089254,1093.6433747293056,0.10238946148148642,-0.36900369003689537,0.0,0.02752546105146969,-0.01593734075230202,,-3.632499434994358,309.9347519089254,1093.6433747293056,0.10238946148148642,-0.36900369003689537,0.0,0.02752546105146969,-0.01593734075230202,,-1.9155445647445297,-32.65149195376756,35.246131347181866,0.11410265974987865,-0.36900369003689537,0.0,0.0,0.0,,-2.012640153136064,-77.86627500722699,-54.421019216113976,0.14612186607078925,0.0,0.0,0.02752546105146969,-0.01593734075230202,,-3.632499434994358,6624740.100536099,4225214.623230441,0.10238946148148642,-0.36900369003689537,0.0,0.02752546105146969,-0.01593734075230202,13373760.54771046,26774828.896946106,0.4994900471328819,0.0,False,True,rising,rising,buy_advantage_weakening,accelerating,neutral,True,True,False,🔴 1차 급등 완료·상승분 반납 / 신규매수 금지,S3,🔴 1차 급등 완료·반납,당일/5D 급등 후 상승분 상당 부분 반납,S3,False,,,2026-09-05T23:40:00Z,33999614992-1
KRW-1INCH,2026-09-06T08:57:39.324580+09:00,1788652659,129.0,557.1103704299155,7.0,0.0,2001180.5788392602,0.0,3,0.0,complete,1788652923553,1788652970989,1428747.94252309,1331949.80490157,0.03506292483913489,125.0,130.0,4.0000000000000036,3.200000000000003,0.7692307692307693,20.0,complete_hourly_ordered,/v1/candles/minutes/60,120,False,9.243697478991585,119.0,2026-09-02T19:00:00,130.0,2026-09-06T04:00:00,D0,0.7692307692307665,9.09090909090907,False,0.0,-4.321030884515734,,False,,-100.0,,38.174511952783405,0.0,0.0,0.05370569280344073,-0.04872383871100361,,,-100.0,,38.174511952783405,0.0,0.0,0.05370569280344073,-0.04872383871100361,,,-100.0,,38.174511952783405,0.0,0.0,0.05370569280344073,-0.04872383871100361,,,-100.0,,38.174511952783405,0.0,0.0,0.05370569280344073,-0.04872383871100361,,-0.23844356318165355,-100.0,-71.40475847448339,39.081430126578766,0.0,0.0,0.05370569280344073,-0.04872383871100361,,-0.9219849626581448,-100.0,-34.773666004839185,46.2493644227398,0.0,0.0,0.05370569280344073,-0.04872383871100361,,,-6981600.3438678,2001180.5788392602,38.174511952783405,0.0,0.0,0.05370569280344073,-0.04872383871100361,2001180.5788392602,2396577.664571005,0.8350159514640548,0.0,False,True,falling,rising,sell_only,accelerating,neutral,False,False,False,pass,S0,🌱 초발사 준비,발사 구조 관찰 또는 초기 준비,S0,False,,,2026-09-05T23:40:00Z,33999614992-1
KRW-2Z,2026-09-06T08:57:39.324580+09:00,1788652659,71.8,5.6506835599909655,4.0,320714.642678324,0.0,,1,0.0,complete,1788652245487,1788652245487,1324343.47256497,1102965.76372166,0.09120292772501461,70.9,72.4,2.115655853314524,1.2693935119887145,0.8287292817679676,40.0,complete_hourly_ordered,/v1/candles/minutes/60,120,False,4.022988505747138,69.6,2026-09-04T23:00:00,72.4,2026-09-05T16:00:00,D-1,0.8287292817679703,21.42857142857182,False,-0.7317710601968841,25.678925784912398,,False,,3093.7460935268937,-100.0,0.04731299123161836,0.0,0.0,0.02613468072131253,-0.017749415244129096,,,3093.7460935268937,-100.0,0.04731299123161836,0.0,0.0,0.02613468072131253,-0.017749415244129096,,,3093.7460935268937,-100.0,0.04731299123161836,0.0,0.0,0.02613468072131253,-0.017749415244129096,,,3093.7460935268937,-100.0,0.04731299123161836,0.0,0.0,0.02613468072131253,-0.017749415244129096,,,1503.5732134980976,-100.0,0.08662658960683078,0.27932960893854997,0.0,0.017423120480886123,-0.011832847022709814,,,,-100.0,0.09365441652400275,0.5602240896358524,0.0,0.034846240961761143,-0.02366607994211023,,,310672.68463637604,-521587.362525515,0.04731299123161836,0.0,0.0,0.02613468072131253,-0.017749415244129096,320714.642678324,1491073.7139749206,0.21508973008675702,0.5602240896358524,False,False,rising,falling,buy_only,accelerating,neutral,False,False,False,pass,S0,🌱 초발사 준비,발사 구조 관찰 또는 초기 준비,S0,False,,,2026-09-05T23:40:00Z,33999614992-1
KRW-A,2026-09-06T08:57:39.324580+09:00,1788652659,110.0,-21.96872211333617,7.0,3265287.2462836998,0.0,,6,0.0,complete,1788652046733,1788652778833,1419889.79019582,3711339.25315924,-0.446569319670274,106.0,111.0,4.716981132075482,3.7735849056603765,0.9009009009009009,20.00000000000019,complete_hourly_ordered,/v1/candles/minutes/60,120,False,8.823529411764696,102.0,2026-09-01T18:00:00,111.0,2026-09-06T00:00:00,D0,0.9009009009009028,11.111111111111075,False,0.25461489497136114,-0.7758138046868788,,True,,,-100.0,0.2237894011978483,0.917431192660545,0.0,0.06365372374284028,-0.055928986257827495,,,,-100.0,0.2237894011978483,0.917431192660545,0.0,0.06365372374284028,-0.055928986257827495,,,,-100.0,0.2237894011978483,0.917431192660545,0.0,0.06365372374284028,-0.055928986257827495,,,,-100.0,0.2237894011978483,0.917431192660545,0.0,0.06365372374284028,-0.055928986257827495,,,65205.74493220457,,0.3359203878553494,0.0,0.0,0.0,0.0,,,1086.9500919802522,,0.35871801751462584,0.0,0.0,0.0,0.0,,,3265287.2462836998,-1969832.30006837,0.2237894011978483,0.917431192660545,0.0,0.06365372374284028,-0.055928986257827495,3265287.2462836998,1121462.78604392,2.911632277877316,0.0,False,False,rising,falling,buy_only,accelerating,neutral,False,False,False,pass,S0,🌱 초발사 준비,발사 구조 관찰 또는 초기 준비,S0,False,,,2026-09-05T23:40:00Z,33999614992-1
KRW-AAVE,2026-09-06T08:57:39.324580+09:00,1788652659,183600.0,56.69993062187471,7.0,3940306.3829759997,1330252.641171,2.9620737151909817,16,0.0,complete,1788651767321,1788652720600,611.37545959,599.50000713,0.009807327661999836,178700.0,185200.0,3.637381085618352,2.7420257414661364,0.8639308855291578,24.615384615384777,complete_hourly_ordered,/v1/candles/minutes/60,120,False,9.256004686584651,170700.0,2026-09-01T11:00:00,186500.0,2026-09-02T14:00:00,D-4,1.7694369973190294,20.886075949367058,True,0.570802147123306,-32.675069504182716,,True,-6.741275640978122,-63.42803147414915,19.804779141450624,0.1836107136494931,-0.5417118093174467,0.0,-0.015120586678762926,0.016638822397759157,,-6.741275640978122,-63.42803147414915,19.804779141450624,0.1836107136494931,-0.5417118093174467,0.0,-0.015120586678762926,0.016638822397759157,,-6.741275640978122,-63.42803147414915,19.804779141450624,0.1836107136494931,-0.5417118093174467,0.0,-0.015120586678762926,0.016638822397759157,,-6.741275640978122,-63.42803147414915,19.804779141450624,0.1836107136494931,-0.5417118093174467,0.0,-0.015120586678762926,0.016638822397759157,,1.3594468510616715,-8.808680955307713,-50.66103286798593,0.8747020945605755,0.49261083743843415,0.0,0.0037801466696851804,-0.004159835249083699,,0.7908129735854397,0.008900425278768331,-26.69142628324326,1.0813353096855494,0.16366612111293755,0.0,0.007560293339370361,-0.00831972235999956,,-6.741275640978122,-6833809.809842002,219902.41081799986,0.1836107136494931,-0.5417118093174467,0.0,-0.015120586678762926,0.016638822397759157,5270559.024147,19670182.022167,0.2679466320244229,0.16366612111293755,False,False,falling,rising,buy_advantage_weakening,accelerating,neutral,False,False,False,pass,S0,🌱 초발사 준비,발사 구조 관찰 또는 초기 준비,S0,False,,,2026-09-05T23:40:00Z,33999614992-1
KRW-ADA,2026-09-06T08:57:39.324580+09:00,1788652659,298.0,42.8865760727948,8.0,11596387.296711622,7629778.172597241,1.519885248874033,26,0.0,complete,1788652800846,1788653004651,6308229.57672427,5503549.97926773,0.06812517907586024,290.0,303.0,4.482758620689653,2.758620689655178,1.65016501650165,38.46153846153831,complete_hourly_ordered,/v1/candles/minutes/60,120,False,17.42424242424243,264.0,2026-09-02T19:00:00,310.0,2026-09-04T13:00:00,D-2,3.8709677419354827,26.08695652173909,True,-0.3665521191294374,-3.0935166528386824,,False,-5.914060451475142,-96.661079355296,-83.66892843463502,1.139052506307685,-0.666666666666671,0.0,-0.02290950744558984,0.02064969283081597,,-5.914060451475142,-96.661079355296,-83.66892843463502,1.139052506307685,-0.666666666666671,0.0,-0.02290950744558984,0.02064969283081597,,-5.914060451475142,-96.661079355296,-83.66892843463502,1.139052506307685,-0.666666666666671,0.0,-0.02290950744558984,0.02064969283081597,,-5.914060451475142,-96.661079355296,-83.66892843463502,1.139052506307685,-0.666666666666671,0.0,-0.02290950744558984,0.02064969283081597,,0.7677415708434971,-78.72249296359894,-89.4704271828842,1.4032734447628314,-0.33444816053511683,0.0,-0.02290950744558984,0.02064969283081597,,-1.3988685798758957,-90.1111964728303,-81.00976163952855,1.8649760442829333,-0.9966777408637828,0.0,-0.02290950744558984,0.02064969283081597,,-5.914060451475142,-335713073.77434236,-39089618.910803676,1.139052506307685,-0.666666666666671,0.0,-0.02290950744558984,0.02064969283081597,19226165.46930886,164782219.5972873,0.11667621370980348,-0.9966777408637828,False,False,falling,falling,buy_advantage_weakening,accelerating,neutral,False,False,False,pass,S0,🌱 초발사 준비,발사 구조 관찰 또는 초기 준비,S0,False,,,2026-09-05T23:40:00Z,33999614992-1
KRW-AERO,2026-09-06T08:57:39.324580+09:00,1788652659,753.0,111.29911875065304,9.0,4999.99999872,0.0,,1,0.0,complete,1788652810438,1788652810438,92581.48807628,130640.23958699,-0.17049752239227192,685.0,756.0,10.364963503649637,9.927007299270073,0.3968253968253968,4.225352112676071,complete_hourly_ordered,/v1/candles/minutes/60,120,False,21.153846153846146,624.0,2026-09-02T20:00:00,756.0,2026-09-06T08:00:00,D0,0.3968253968253954,2.27272727272727,False,0.8704156479217628,-4.342547864134147,,True,,-99.85774503654152,-100.0,2.720622760792807,1.75675675675675,0.0,0.17603911980439424,-0.15838393800210504,,,-99.85774503654152,-100.0,2.720622760792807,1.75675675675675,0.0,0.17603911980439424,-0.15838393800210504,,,-99.85774503654152,-100.0,2.720622760792807,1.75675675675675,0.0,0.17603911980439424,-0.15838393800210504,,,-99.85774503654152,-100.0,2.720622760792807,1.75675675675675,0.0,0.17603911980439424,-0.15838393800210504,,,-99.20781553732346,-100.0,3.373896672794217,1.6194331983805599,0.0,0.12713936430317485,-0.11438116584792457,,,-99.39186207752981,-100.0,3.4867249579176587,1.75675675675675,0.0,0.15647921760391093,-0.1407821612680502,,,-3509815.8469570004,-2860755.4263148406,2.720622760792807,1.75675675675675,0.0,0.17603911980439424,-0.15838393800210504,4999.99999872,3640169.9860014403,0.0013735622286728073,1.75675675675675,False,False,falling,falling,buy_only,accelerating,neutral,False,False,False,pass,S0,🌱 초발사 준비,발사 구조 관찰 또는 초기 준비,S0,False,,,2026-09-05T23:40:00Z,33999614992-1
KRW-AGLD,2026-09-06T08:57:39.324580+09:00,1788652659,235.0,-13.839776846008933,8.0,18676.65916916,10351198.290452998,0.0018042992361942914,14,0.0,complete,1788651907635,1788652775448,376555.29602473,642514.63948817,-0.2609824254402934,233.0,238.0,2.145922746781115,0.8583690987124415,1.2605042016806722,60.000000000000206,complete_hourly_ordered,/v1/candles/minutes/60,120,False,8.675799086757996,219.0,2026-09-03T07:00:00,238.0,2026-09-05T15:00:00,D-1,1.2605042016806678,15.78947368421058,True,-0.3170942634765139,12.414120626879841,,True,,,,0.014178327416836112,0.0,0.0,0.0,0.0,,,,,0.014178327416836112,0.0,0.0,0.0,0.0,,,,,0.014178327416836112,0.0,0.0,0.0,0.0,,,,,0.014178327416836112,0.0,0.0,0.0,0.0,,,-98.6774097908937,,0.2030086230320638,-0.4237288135593209,0.0,-0.028826751225141667,0.02255474326052287,,0.0018042992361942914,,51655.99145756999,0.3828945154024215,-0.4237288135593209,0.0,-0.028826751225141667,0.02255474326052287,,,18676.65916916,10351198.290452998,0.014178327416836112,0.0,0.0,0.0,0.0,10369874.949622158,615677.47354799,16.84303128692244,-0.4237288135593209,False,False,rising,rising,sell_advantage_weakening,accelerating,neutral,False,False,False,pass,S0,🌱 초발사 준비,발사 구조 관찰 또는 초기 준비,S0,False,,,2026-09-05T23:40:00Z,33999614992-1
KRW-AHT,2026-09-06T08:57:39.324580+09:00,1788652659,1.34,994.0018254989657,7.0,92206.7058823404,0.0,,4,0.0,complete,1788651834497,1788652552567,174415656.2516393,195469764.92858163,-0.05692062317504541,1.33,1.34,0.7518796992481258,0.7518796992481258,0.0,0.0,complete_hourly_ordered,/v1/candles/minutes/60,120,False,33.84615384615384,1.3,2026-09-01T03:00:00,1.74,2026-09-01T18:00:00,D-4,22.988505747126432,90.90909090909088,False,0.15329586101175963,18.307804522246517,,False,,-89.6631179772667,,0.8794657125105232,0.7518796992481258,0.0,0.05109862033725321,-0.037425509535903956,,,-89.6631179772667,,0.8794657125105232,0.7518796992481258,0.0,0.05109862033725321,-0.037425509535903956,,,-89.6631179772667,,0.8794657125105232,0.7518796992481258,0.0,0.05109862033725321,-0.037425509535903956,,,-89.6631179772667,,0.8794657125105232,0.7518796992481258,0.0,0.05109862033725321,-0.037425509535903956,,,743.6343713218555,-100.0,0.8806800275790465,1.5151515151515138,0.0,0.10219724067450642,-0.0748549191874055,,,,,0.8885126092037581,0.7518796992481258,0.0,0.05109862033725321,-0.037425509535903956,,,-799809.9165339307,0.0,0.8794657125105232,0.7518796992481258,0.0,0.05109862033725321,-0.037425509535903956,92206.7058823404,860000.8430784506,0.10721699475581695,0.7518796992481258,False,True,falling,flat_or_na,buy_only,accelerating,neutral,True,True,False,🔴 1차 급등 완료·상승분 반납 / 신규매수 금지,S3,🔴 1차 급등 완료·반납,당일/5D 급등 후 상승분 상당 부분 반납,S3,False,,,2026-09-05T23:40:00Z,33999614992-1
KRW-AI,2026-09-06T08:57:39.324580+09:00,1788652659,27.9,,,3310003.1867801626,92365.33320000001,35.83599032347953,11,0.0,complete,1788652086335,1788652648873,6948324.40907097,4762454.93749903,0.18665448360720457,27.1,28.0,3.3210332103321027,2.952029520295185,0.3571428571428622,11.111111111111631,complete_hourly_ordered,/v1/candles/minutes/60,120,False,8.52713178294573,25.8,2026-09-04T21:00:00,28.0,2026-09-06T07:00:00,D0,0.357142857142867,4.5454545454545565,False,,,,True,-89.15481873783926,10.646654526136112,285.919706538395,,0.0,,,,,-89.15481873783926,10.646654526136112,285.919706538395,,0.0,,,,,-89.15481873783926,10.646654526136112,285.919706538395,,0.0,,,,,-89.15481873783926,10.646654526136112,285.919706538395,,0.0,,,,,35.270033831233164,43.628110355471186,-97.73168647521658,,0.3597122302158251,,,,,32.805226995077774,399.7447595073068,-57.735001125855945,,1.4545454545454417,,,,,-89.15481873783926,318495.48963754484,68431.511828582,,0.0,,,,3402368.519980163,1014677.0468882176,3.3531541197413,1.4545454545454417,False,False,rising,rising,buy_advantage_weakening,flat_or_na,neutral,False,False,False,pass,S0,🌱 초발사 준비,발사 구조 관찰 또는 초기 준비,S0,False,,,2026-09-05T23:40:00Z,33999614992-1
KRW-AKT,2026-09-06T08:57:39.324580+09:00,1788652659,739.0,0.6760497153125211,7.0,45093.7799939,505471.95622155996,0.08921123998842453,3,0.0,complete,1788652826063,1788652833571,107027.97120223,90683.00920806,0.08267098752052573,695.0,744.0,7.050359712230225,6.330935251798553,0.6720430107526881,10.204081632653299,complete_hourly_ordered,/v1/candles/minutes/60,120,False,9.734513274336276,678.0,2026-09-02T10:00:00,744.0,2026-09-06T07:00:00,D0,0.40322580645161255,4.545454545454451,False,-0.5702389572773248,19.613618484842934,,False,-0.8830114894893574,-98.66983045059744,-85.50383258705756,0.9822620315857455,-0.26990553306343035,0.0,0.018102824040555632,-0.013165269273414992,,-0.8830114894893574,-98.66983045059744,-85.50383258705756,0.9822620315857455,-0.26990553306343035,0.0,0.018102824040555632,-0.013165269273414992,,-0.8830114894893574,-98.66983045059744,-85.50383258705756,0.9822620315857455,-0.26990553306343035,0.0,0.018102824040555632,-0.013165269273414992,,-0.8830114894893574,-98.66983045059744,-85.50383258705756,0.9822620315857455,-0.26990553306343035,0.0,0.018102824040555632,-0.013165269273414992,,-2.118252326292399,-99.9136918225194,-97.86437048419833,1.5253857884723887,-0.26990553306343035,0.0,-0.03620564808110016,0.026329093481326282,,,-95.65876444368826,,4.304748412274706,1.0943912448700521,0.0,0.08146270818247814,-0.05924750547843871,,-0.8830114894893574,-3344983.82433509,-2981463.18892767,0.9822620315857455,-0.26990553306343035,0.0,0.018102824040555632,-0.013165269273414992,550565.73621546,3903347.9271832947,0.1410496185546942,1.0943912448700521,False,False,falling,falling,sell_advantage_accelerating,accelerating,neutral,False,False,False,pass,S0,🌱 초발사 준비,발사 구조 관찰 또는 초기 준비,S0,False,,,2026-09-05T23:40:00Z,33999614992-1
KRW-ALGO,2026-09-06T08:57:39.324580+09:00,1788652659,129.0,74.81091603324717,11.0,553690.00499544,0.0,,8,0.0,complete,1788651927878,1788652393993,6809647.16928813,5861232.08543957,0.07484998197695643,124.0,134.0,8.064516129032251,4.0322580645161255,3.731343283582089,50.0,complete_hourly_ordered,/v1/candles/minutes/60,120,False,14.529914529914523,117.0,2026-09-01T09:00:00,134.0,2026-09-05T23:00:00,D-1,3.731343283582089,29.411764705882266,False,-0.26652452025586193,8.781766103967339,12.589895959497383,False,,-99.44420755236493,-100.0,1.7189216856299652,-0.7692307692307665,0.0,-0.05330490405117683,0.043192063747957476,0.21517512399132777,,-99.44420755236493,-100.0,1.7189216856299652,-0.7692307692307665,0.0,-0.05330490405117683,0.043192063747957476,0.21517512399132777,,-99.44420755236493,-100.0,1.7189216856299652,-0.7692307692307665,0.0,-0.05330490405117683,0.043192063747957476,0.21517512399132777,,-99.44420755236493,-100.0,1.7189216856299652,-0.7692307692307665,0.0,-0.05330490405117683,0.043192063747957476,0.21517512399132777,,,,4.791373625960347,-1.526717557251911,0.0,-0.10660980810234255,0.08637886370166292,0.42512416468595227,,-69.40939198918056,-100.0,4.79182190800347,-1.526717557251911,0.0,-0.10660980810234255,0.08637886370166292,0.42512416468595227,,-99068031.61994173,-98248502.5483832,1.7189216856299652,-0.7692307692307665,0.0,-0.05330490405117683,0.043192063747957476,553690.00499544,5987978.404191926,0.09246693418396858,-1.526717557251911,False,True,falling,falling,buy_only,accelerating,neutral,False,False,False,pass,S0,🌱 초발사 준비,발사 구조 관찰 또는 초기 준비,S2,True,발사 구조 관찰 또는 초기 준비,2026-09-06T08:57:39.324580+09:00,2026-09-05T23:40:00Z,33999614992-1
KRW-ALT,2026-09-06T08:57:39.324580+09:00,1788652659,8.92,-17.006744986077905,9.0,2058441.64,0.0,,2,0.0,complete,1788652476509,1788652476509,6788199.14574787,5459194.42534344,0.10851326959406342,8.83,8.92,1.0192525481313774,1.0192525481313774,0.0,0.0,complete_hourly_ordered,/v1/candles/minutes/60,120,False,8.121212121212128,8.25,2026-09-02T03:00:00,8.92,2026-09-06T07:00:00,D0,0.0,0.0,False,-0.4497636834883356,7.06660973526901,,False,,2115.2529758898454,-100.0,0.10809969654532736,0.22471910112358273,0.0,0.0,0.0,,,2115.2529758898454,-100.0,0.10809969654532736,0.22471910112358273,0.0,0.0,0.0,,,2115.2529758898454,-100.0,0.10809969654532736,0.22471910112358273,0.0,0.0,0.0,,,2115.2529758898454,-100.0,0.10809969654532736,0.22471910112358273,0.0,0.0,0.0,,,409.9956484315704,,0.1494134771442326,0.3374578177727683,0.0,0.007623113279453531,-0.006289788815860398,,,112.68190019087592,,0.24257094595833095,0.22471910112358273,0.0,0.030492453117836327,-0.025159826699446164,,,1965520.3500884878,-1071388.627701425,0.10809969654532736,0.22471910112358273,0.0,0.0,0.0,2058441.64,1104436.9211678016,1.86379285276289,0.22471910112358273,False,False,rising,falling,buy_only,accelerating,neutral,False,False,False,pass,S0,🌱 초발사 준비,발사 구조 관찰 또는 초기 준비,S0,False,,,2026-09-05T23:40:00Z,33999614992-1
KRW-ANIME,2026-09-06T08:57:39.324580+09:00,1788652659,3.95,-78.5196927495217,7.0,0.0,7029479.0296658,0.0,11,0.0,complete,1788651814848,1788652787848,42309249.04202911,40399190.39772383,0.02309387841486986,3.86,3.97,2.849740932642497,2.3316062176165886,0.5037783375314866,18.181818181818183,complete_hourly_ordered,/v1/candles/minutes/60,120,False,7.880434782608692,3.68,2026-09-02T03:00:00,3.97,2026-09-06T03:00:00,D0,0.7556675062972307,10.344827586206877,True,0.0,15.37890044576522,,False,-0.34804743820842443,-100.0,2964.7861763808583,0.03237282187583901,0.2538071065989911,0.0,0.0,0.0,,-0.34804743820842443,-100.0,2964.7861763808583,0.03237282187583901,0.2538071065989911,0.0,0.0,0.0,,-0.34804743820842443,-100.0,2964.7861763808583,0.03237282187583901,0.2538071065989911,0.0,0.0,0.0,,-0.34804743820842443,-100.0,2964.7861763808583,0.03237282187583901,0.2538071065989911,0.0,0.0,0.0,,-32.296970820209644,-100.0,2061.5864174866665,0.03506325618441508,-0.2525252525252486,0.0,-0.017559262510968843,0.013286879895350268,,,-100.0,,0.07567266416694451,0.0,0.0,0.0,0.0,,-0.34804743820842443,-79829.1308891295,6800116.241363003,0.03237282187583901,0.2538071065989911,0.0,0.0,0.0,7029479.0296658,4701717.819222918,1.495087391447836,0.0,False,False,falling,rising,sell_only,accelerating,neutral,False,True,False,pass,S0,🌱 초발사 준비,발사 구조 관찰 또는 초기 준비,S0,False,,,2026-09-05T23:40:00Z,33999614992-1
KRW-ANKR,2026-09-06T08:57:39.324580+09:00,1788652659,5.81,10092.946554528056,14.0,11067429.316577565,373961.70954637195,29.595086967600846,19,0.0,complete,1788651777157,1788652723659,25958862.84245557,16015746.27960345,0.23688407756075303,5.75,5.85,1.7391304347825987,1.043478260869568,0.6837606837606843,39.99999999999949,complete_hourly_ordered,/v1/candles/minutes/60,120,False,32.706766917293216,5.32,2026-09-02T10:00:00,7.06,2026-09-03T09:00:00,D-3,17.70538243626062,71.83908045977012,False,0.4677941705649502,1.990668285333997,1.7263516978296816,True,-14.613233709185888,1151.7360020854196,1769.808547731299,2.2515997629525373,0.17241379310344307,0.0,0.0,0.0,0.0,-14.613233709185888,1151.7360020854196,1769.808547731299,2.2515997629525373,0.17241379310344307,0.0,0.0,0.0,0.0,-14.613233709185888,1151.7360020854196,1769.808547731299,2.2515997629525373,0.17241379310344307,0.0,0.0,0.0,0.0,-14.613233709185888,1151.7360020854196,1769.808547731299,2.2515997629525373,0.17241379310344307,0.0,0.0,0.0,0.0,28.72144157427874,551.1860289328202,-80.77702305806086,3.429713766614441,0.17241379310344307,0.0,0.0,0.0,0.0,,26091.038895082318,,5.913033073764382,0.519031141868509,0.0,0.023989444644345603,-0.02053595062777691,-0.024043872094374752,-14.613233709185888,10183262.903041566,353961.70954636595,2.2515997629525373,0.17241379310344307,0.0,0.0,0.0,11441391.026123937,36233676.98578508,0.3157667666633043,0.519031141868509,False,True,rising,rising,buy_advantage_weakening,accelerating,neutral,True,True,False,🔴 1차 급등 완료·상승분 반납 / 신규매수 금지,S1,⚡ 선행 시동,가격 미급등 상태에서 선행조건 3개 개선,S1,False,,,2026-09-05T23:40:00Z,33999614992-1
KRW-API3,2026-09-06T08:57:39.324580+09:00,1788652659,326.0,8.140965634756437,10.0,19999.9999995,0.0,,1,0.0,complete,1788652148469,1788652148469,415084.0927767,307016.16774872,0.14965778429348137,314.0,326.0,3.821656050955413,3.821656050955413,0.0,0.0,complete_hourly_ordered,/v1/candles/minutes/60,120,False,9.731543624161066,298.0,2026-09-01T00:00:00,327.0,2026-09-01T18:00:00,D-4,0.3058103975535187,3.448275862068801,True,0.2541296060991183,13.1973412789365,14.50073111195975,True,,100.00000000780003,,1.413393414177989,0.9287925696594534,0.0,0.06353240152479067,-0.04904284098924094,-0.21245447265687822,,100.00000000780003,,1.413393414177989,0.9287925696594534,0.0,0.06353240152479067,-0.04904284098924094,-0.21245447265687822,,100.00000000780003,,1.413393414177989,0.9287925696594534,0.0,0.06353240152479067,-0.04904284098924094,-0.21245447265687822,,100.00000000780003,,1.413393414177989,0.9287925696594534,0.0,0.06353240152479067,-0.04904284098924094,-0.21245447265687822,,-99.6705050187726,-100.0,2.8851124724428754,1.8750000000000044,0.0,0.12706480304955914,-0.09809242728027101,-0.4296193809723441,,,,2.9312543135047173,1.8750000000000044,0.0,0.12706480304955914,-0.09809242728027101,-0.4296193809723441,,10000.00000014,0.0,1.413393414177989,0.9287925696594534,0.0,0.06353240152479067,-0.04904284098924094,19999.9999995,875026.42062132,0.022856452706078095,1.8750000000000044,False,True,rising,flat_or_na,buy_only,accelerating,neutral,False,False,False,pass,S0,🌱 초발사 준비,발사 구조 관찰 또는 초기 준비,S1,True,발사 구조 관찰 또는 초기 준비,2026-09-06T08:57:39.324580+09:00,2026-09-05T23:40:00Z,33999614992-1
KRW-APT,2026-09-06T08:57:39.324580+09:00,1788652659,839.0,20.786750042825886,5.0,0.0,493796.3952189,0.0,2,0.0,complete,1788652815645,1788652815645,129962.05067531,118202.11040448,0.047387746158273576,794.0,854.0,7.5566750629722845,5.66750629722923,1.756440281030445,24.99999999999978,complete_hourly_ordered,/v1/candles/minutes/60,120,False,18.057455540355672,731.0,2026-09-01T17:00:00,863.0,2026-09-03T16:00:00,D-3,2.780996523754342,18.18181818181813,True,-0.4257805977625595,20.776492664336303,,False,-0.6084233092928699,-100.0,-99.15181622585159,0.6350418895241035,-0.7100591715976323,0.0,-0.050091835030885434,0.03590567442389059,,-0.6084233092928699,-100.0,-99.15181622585159,0.6350418895241035,-0.7100591715976323,0.0,-0.050091835030885434,0.03590567442389059,,-0.6084233092928699,-100.0,-99.15181622585159,0.6350418895241035,-0.7100591715976323,0.0,-0.050091835030885434,0.03590567442389059,,-0.6084233092928699,-100.0,-99.15181622585159,0.6350418895241035,-0.7100591715976323,0.0,-0.050091835030885434,0.03590567442389059,,-4.491647283179213,-100.0,-89.72015012849975,1.3996978142604597,-0.7100591715976323,1.0,-0.06678911337451021,0.04787343762247431,,-0.8252130867352342,-100.0,-98.8180962494319,2.3116620340476004,-0.9445100354191216,1.0,-0.10853230923358881,0.07779110686943014,,-0.6084233092928699,-35421243.137740456,-57724293.86649086,0.6350418895241035,-0.7100591715976323,0.0,-0.050091835030885434,0.03590567442389059,493796.3952189,24793550.839917064,0.019916324144418185,-0.9445100354191216,False,False,falling,falling,sell_only,accelerating,neutral,False,False,False,pass,S0,🌱 초발사 준비,발사 구조 관찰 또는 초기 준비,S0,False,,,2026-09-05T23:40:00Z,33999614992-1
KRW-ARB,2026-09-06T08:57:39.324580+09:00,1788652659,243.0,267.9859939732212,8.0,129938600.68841524,64612929.796654016,2.011030936027051,210,0.0,complete,1788652800593,1788652888798,1479743.66768727,5625183.0765035,-0.5834598382320666,180.0,250.0,38.888888888888886,35.00000000000001,2.8000000000000003,9.999999999999973,complete_hourly_ordered,/v1/candles/minutes/60,120,False,72.41379310344827,145.0,2026-09-01T17:00:00,250.0,2026-09-06T07:00:00,D0,2.400000000000002,5.714285714285698,False,5.002337540906954,-10.735856033526428,,False,1.3598703478665661,-78.54033710444467,-93.0514809780094,12.312594451754421,-1.2195121951219523,0.0,-0.2337540906965918,0.21232953729484372,,1.3598703478665661,-78.54033710444467,-93.0514809780094,12.312594451754421,-1.2195121951219523,0.0,-0.2337540906965918,0.21232953729484372,,1.3598703478665661,-78.54033710444467,-93.0514809780094,12.312594451754421,-1.2195121951219523,0.0,-0.2337540906965918,0.21232953729484372,,1.3598703478665661,-78.54033710444467,-93.0514809780094,12.312594451754421,-1.2195121951219523,0.0,-0.2337540906965918,0.21232953729484372,,0.09000952395722428,-87.34175263371463,-87.90830921877793,27.34171995156126,1.2499999999999956,0.0,-0.09350163627865893,0.0849475158943438,,0.5251122006045068,-75.041125976969,-81.55828542392251,39.383815844126815,4.29184549356223,0.0,0.3740065451145247,-0.3399995777365792,,1.3598703478665661,-475562992.32741827,-865267661.9117033,12.312594451754421,-1.2195121951219523,0.0,-0.2337540906965918,0.21232953729484372,194551530.48506927,106241301.45795953,1.8312231478268812,4.29184549356223,False,False,falling,falling,buy_advantage_accelerating,accelerating,neutral,False,False,False,pass,S0,🌱 초발사 준비,발사 구조 관찰 또는 초기 준비,S0,False,,,2026-09-05T23:40:00Z,33999614992-1
KRW-ARDR,2026-09-06T08:57:39.324580+09:00,1788652659,30.5,112.52649811020015,10.0,20338924.140264023,1288982.580243568,15.779052759906772,17,0.0,complete,1788651803848,1788652678700,7761537.53721648,6431414.9801054,0.09371711456708695,30.2,30.5,0.9933774834437026,0.9933774834437026,0.0,0.0,complete_hourly_ordered,/v1/candles/minutes/60,120,False,20.921985815602852,28.2,2026-09-01T08:00:00,34.1,2026-09-02T13:00:00,D-4,10.557184750733139,61.01694915254243,True,0.47825096788887134,23.431025880209123,,False,15.779052759906772,,-77.54463448089514,0.5017431496177096,0.9933774834437026,0.0,0.04554771122753376,-0.03138869837858138,,15.779052759906772,,-77.54463448089514,0.5017431496177096,0.9933774834437026,0.0,0.04554771122753376,-0.03138869837858138,,15.779052759906772,,-77.54463448089514,0.5017431496177096,0.9933774834437026,0.0,0.04554771122753376,-0.03138869837858138,,15.779052759906772,,-77.54463448089514,0.5017431496177096,0.9933774834437026,0.0,0.04554771122753376,-0.03138869837858138,,14.41910645399539,647.7840872045479,-35.55087098782551,0.6249937770272567,0.660066006600668,0.0,0.022773855613755778,-0.015694008718323715,,,7510.619561274223,,0.6451610131619674,0.660066006600668,0.0,0.022773855613755778,-0.015694008718323715,,15.779052759906772,20338924.140264023,-4451216.033521643,0.5017431496177096,0.9933774834437026,0.0,0.04554771122753376,-0.03138869837858138,21627906.720507592,4360384.470597957,4.9600916768565755,0.660066006600668,False,True,rising,falling,buy_advantage_accelerating,accelerating,neutral,True,True,False,🔴 1차 급등 완료·상승분 반납 / 신규매수 금지,S1,⚡ 선행 시동,가격 미급등 상태에서 선행조건 6개 개선,S3,True,가격 미급등 상태에서 선행조건 6개 개선,2026-09-06T08:57:39.324580+09:00,2026-09-05T23:40:00Z,33999614992-1
KRW-ARK,2026-09-06T08:57:39.324580+09:00,1788652659,161.0,105.30489971918917,13.0,499749.99999988003,0.0,,2,0.0,complete,1788652634563,1788652634563,1846188.07585183,2134219.07460381,-0.07236219508826099,161.0,162.0,0.6211180124223503,0.0,0.6172839506172839,100.0,complete_hourly_ordered,/v1/candles/minutes/60,120,False,14.093959731543615,149.0,2026-09-02T03:00:00,170.0,2026-09-04T16:00:00,D-2,5.294117647058827,42.85714285714274,False,0.5681818181818121,11.733397266842475,8.368421837664801,False,,,-100.0,0.541735296364493,0.6250000000000089,0.0,0.04370629370626933,-0.03412934675682777,-0.06539993893033547,,,-100.0,0.541735296364493,0.6250000000000089,0.0,0.04370629370626933,-0.03412934675682777,-0.06539993893033547,,,-100.0,0.541735296364493,0.6250000000000089,0.0,0.04370629370626933,-0.03412934675682777,-0.06539993893033547,,,-100.0,0.541735296364493,0.6250000000000089,0.0,0.04370629370626933,-0.03412934675682777,-0.06539993893033547,,113.57476186487023,-100.0,0.541735296364493,0.6250000000000089,0.0,0.04370629370626933,-0.03412934675682777,-0.06539993893033547,,-42.71813461194125,,0.6068598424063083,0.0,0.0,0.0,0.0,0.0,,499749.99999988003,-9809869.0654672,0.541735296364493,0.6250000000000089,0.0,0.04370629370626933,-0.03412934675682777,499749.99999988003,9456694.4048172,0.052846161523979196,0.0,False,True,rising,falling,buy_only,accelerating,neutral,False,False,False,pass,S1,⚡ 선행 시동,가격 미급등 상태에서 선행조건 5개 개선,S0,True,가격 미급등 상태에서 선행조건 5개 개선,2026-09-06T08:57:39.324580+09:00,2026-09-05T23:40:00Z,33999614992-1
KRW-ARKM,2026-09-06T08:57:39.324580+09:00,1788652659,148.0,-14.688672426917526,10.0,0.0,0.0,,0,0.0,complete,,,536418.75823606,1410441.15915749,-0.44893954265161945,146.0,149.0,2.0547945205479534,1.3698630136986356,0.6711409395973155,33.33333333333333,complete_hourly_ordered,/v1/candles/minutes/60,120,False,4.827586206896561,145.0,2026-09-02T19:00:00,152.0,2026-09-03T21:00:00,D-3,2.631578947368418,57.14285714285714,True,0.0,10.257924788344166,12.86372810456428,True,,,,0.04713656645403219,-0.6711409395973145,0.0,-0.04387889425185865,0.03495879927097434,0.15526540685980272,,,,0.04713656645403219,-0.6711409395973145,0.0,-0.04387889425185865,0.03495879927097434,0.15526540685980272,,,,0.04713656645403219,-0.6711409395973145,0.0,-0.04387889425185865,0.03495879927097434,0.15526540685980272,,,,0.04713656645403219,-0.6711409395973145,0.0,-0.04387889425185865,0.03495879927097434,0.15526540685980272,,-100.0,,0.04713656645403219,-0.6711409395973145,0.0,-0.04387889425185865,0.03495879927097434,0.15526540685980272,,-100.0,,1.0015687388815753,0.0,0.0,0.0,0.0,0.0,,0.0,0.0,0.04713656645403219,-0.6711409395973145,0.0,-0.04387889425185865,0.03495879927097434,0,1620049.99999906,0.0,0.0,False,True,flat_or_na,flat_or_na,unavailable,accelerating,neutral,False,False,False,pass,S0,🌱 초발사 준비,발사 구조 관찰 또는 초기 준비,S0,False,,,2026-09-05T23:40:00Z,33999614992-1
KRW-ARX,2026-09-06T08:57:39.324580+09:00,1788652659,180.0,,,5022.999999,0.0,,1,0.0,complete,1788652869820,1788652869820,1088553.67152898,1251191.03218238,-0.06951072926692424,187.0,189.0,1.0695187165775444,-3.7433155080213942,4.761904761904762,449.99999999999903,complete_hourly_ordered,/v1/candles/minutes/60,120,False,13.855421686746983,166.0,2026-09-02T03:00:00,189.0,2026-09-05T06:00:00,D-1,4.761904761904767,39.13043478260871,False,,,,True,,-99.10768070240525,-100.0,,-0.5524861878453025,,,,,,-99.10768070240525,-100.0,,-0.5524861878453025,,,,,,-99.10768070240525,-100.0,,-0.5524861878453025,,,,,,-99.10768070240525,-100.0,,-0.5524861878453025,,,,,,-82.16896380731676,-100.0,,0.0,,,,,,-86.2005494532967,-100.0,,-0.5524861878453025,,,,,,-557892.09245048,-1426093.992,,-0.5524861878453025,,,,5022.999999,3523361.58822826,0.0014256271669027987,-0.5524861878453025,False,False,falling,falling,buy_only,flat_or_na,neutral,False,True,False,pass,S0,🌱 초발사 준비,발사 구조 관찰 또는 초기 준비,S0,False,,,2026-09-05T23:40:00Z,33999614992-1
KRW-ASTR,2026-09-06T08:57:39.324580+09:00,1788652659,8.13,-61.85727500796781,11.0,10037.0370369999,0.0,,1,0.0,complete,1788652960862,1788652960862,8103510.21142132,9192457.17713944,-0.06295958712539723,7.91,8.14,2.9077117572692934,2.7812895069532217,0.12285012285012023,4.3478260869570535,complete_hourly_ordered,/v1/candles/minutes/60,120,False,10.59782608695652,7.36,2026-09-02T03:00:00,8.14,2026-09-06T08:00:00,D0,0.12285012285011554,1.2820512820512096,False,0.5252560623303815,10.159214489692125,8.076690603143726,True,,-66.50195612798208,,0.04312361334967818,0.37037037037037646,0.0,0.01750853541102604,-0.013890644782209804,-0.02894568483681148,,-66.50195612798208,,0.04312361334967818,0.37037037037037646,0.0,0.01750853541102604,-0.013890644782209804,-0.02894568483681148,,-66.50195612798208,,0.04312361334967818,0.37037037037037646,0.0,0.01750853541102604,-0.013890644782209804,-0.02894568483681148,,-66.50195612798208,,0.04312361334967818,0.37037037037037646,0.0,0.01750853541102604,-0.013890644782209804,-0.02894568483681148,,,-100.0,0.09037190016904617,0.6188118811881305,0.0,0.026262803116527955,-0.020836170950028432,-0.04346706118683663,,-99.38505419738195,-100.0,0.11693269243802007,0.2466091245376223,0.0,0.008754267705501917,-0.006945254466856454,-0.014456700528517885,,-19926.017150125896,0.0,0.04312361334967818,0.37037037037037646,0.0,0.01750853541102604,-0.013890644782209804,10037.0370369999,792021.657386408,0.012672680025090621,0.2466091245376223,False,True,falling,flat_or_na,buy_only,accelerating,neutral,False,False,False,pass,S1,⚡ 선행 시동,가격 미급등 상태에서 선행조건 4개 개선,S1,False,,,2026-09-05T23:40:00Z,33999614992-1
KRW-ATH,2026-09-06T08:57:39.324580+09:00,1788652659,6.4,-8.515973085464633,10.0,107478.29351709,0.0,,1,0.0,complete,1788652875322,1788652875322,13125995.65139379,15113150.15316348,-0.07036878932255097,6.29,6.45,2.5437201907790197,1.7488076311605871,0.7751937984496096,31.249999999999563,complete_hourly_ordered,/v1/candles/minutes/60,120,False,6.612903225806455,6.2,2026-09-02T19:00:00,6.61,2026-09-04T00:00:00,D-2,2.874432677760974,46.34146341463429,True,-0.1808863430810992,5.414638210753093,5.669455105841528,True,,-97.10868037838414,-100.0,0.8271231379538673,-0.15600624024960652,0.0,0.0,0.0,0.0,,-97.10868037838414,-100.0,0.8271231379538673,-0.15600624024960652,0.0,0.0,0.0,0.0,,-97.10868037838414,-100.0,0.8271231379538673,-0.15600624024960652,0.0,0.0,0.0,0.0,,-97.10868037838414,-100.0,0.8271231379538673,-0.15600624024960652,0.0,0.0,0.0,0.0,,-92.74002291542483,-100.0,0.9337329912325067,-0.15600624024960652,0.0,-0.010049241282272803,0.008396393913044697,0.01872724816655591,,-89.25217064829032,-100.0,1.0826563082898435,0.31347962382446415,0.0,0.010049241282283905,-0.008396593798642549,-0.018793668847195022,,-3609796.4316142695,-3721195.5069710626,0.8271231379538673,-0.15600624024960652,0.0,0.0,0.0,107478.29351709,4520245.351752075,0.023777092868516692,0.31347962382446415,False,True,falling,falling,buy_only,accelerating,neutral,False,False,False,pass,S1,⚡ 선행 시동,가격 미급등 상태에서 선행조건 3개 개선,S1,False,,,2026-09-05T23:40:00Z,33999614992-1
KRW-ATOM,2026-09-06T08:57:39.324580+09:00,1788652659,2124.0,7.87272079096244,8.0,407646.68011488003,50569.068681,8.061186229993645,5,0.0,complete,1788651828450,1788652755878,26208.3813519,23693.55804339,0.05039530204606361,2046.0,2135.0,4.349951124144669,3.8123167155425186,0.5152224824355972,12.359550561797752,complete_hourly_ordered,/v1/candles/minutes/60,120,False,7.99190692969145,1977.0,2026-09-02T21:00:00,2135.0,2026-09-05T18:00:00,D-1,0.37470725995316645,5.063291139240595,False,-0.24548874577567936,14.061866996257766,,False,7.6430771180627834,-39.37993268179557,-96.85582223404067,0.9450129336001201,-0.3284842796808962,0.0,-0.012752662118209468,0.009806050206961459,,7.6430771180627834,-39.37993268179557,-96.85582223404067,0.9450129336001201,-0.3284842796808962,0.0,-0.012752662118209468,0.009806050206961459,,7.6430771180627834,-39.37993268179557,-96.85582223404067,0.9450129336001201,-0.3284842796808962,0.0,-0.012752662118209468,0.009806050206961459,,7.6430771180627834,-39.37993268179557,-96.85582223404067,0.9450129336001201,-0.3284842796808962,0.0,-0.012752662118209468,0.009806050206961459,,7.741972452684347,-57.13537980264165,-98.30260994650934,1.1063915119819967,-0.14104372355430161,0.0,-0.022317158706885998,0.017160411117162155,,7.066057473304995,-76.85524446176483,-97.14285079819514,1.3044849272945802,-0.37523452157598447,0.0,-0.02550532423644114,0.019611831089097365,,7.6430771180627834,-264814.92896759993,-1557770.9313180398,0.9450129336001201,-0.3284842796808962,0.0,-0.012752662118209468,0.009806050206961459,458215.74879588,3066274.6085303053,0.14943728377136684,-0.37523452157598447,False,False,falling,falling,buy_advantage_accelerating,accelerating,neutral,False,False,False,pass,S0,🌱 초발사 준비,발사 구조 관찰 또는 초기 준비,S0,False,,,2026-09-05T23:40:00Z,33999614992-1
KRW-AUCTION,2026-09-06T08:57:39.324580+09:00,1788652659,4746.0,-91.99473167348941,10.0,301872.70587158,0.0,,2,0.0,complete,1788652109736,1788652109736,20204.58785898,14202.36507946,0.1744479608600918,4622.0,4746.0,2.682821289485071,2.682821289485071,0.0,0.0,complete_hourly_ordered,/v1/candles/minutes/60,120,False,8.79818594104309,4410.0,2026-09-02T03:00:00,4798.0,2026-09-04T03:00:00,D-2,1.0837849103793262,13.402061855670224,False,0.389780399193973,13.74577232394622,13.071570650345175,True,,,,0.003972884939344112,0.23231256599789418,0.0,0.016179563740137404,-0.012402773207121243,-0.04272961588666924,,,,0.003972884939344112,0.23231256599789418,0.0,0.016179563740137404,-0.012402773207121243,-0.04272961588666924,,,,0.003972884939344112,0.23231256599789418,0.0,0.016179563740137404,-0.012402773207121243,-0.04272961588666924,,,,0.003972884939344112,0.23231256599789418,0.0,0.016179563740137404,-0.012402773207121243,-0.04272961588666924,,,-100.0,0.00860545504900756,0.21114864864864025,0.0,0.01470869430921784,-0.011275230558302596,-0.0388366958504438,,-85.00403909764812,-100.0,0.01481127824715145,0.5508474576271238,0.0,0.03824260520395306,-0.029316340440328048,-0.10132638443167075,,301872.70587158,0.0,0.003972884939344112,0.23231256599789418,0.0,0.016179563740137404,-0.012402773207121243,301872.70587158,2858157.133367795,0.10561795303251238,0.5508474576271238,False,True,rising,flat_or_na,buy_only,accelerating,neutral,False,True,False,pass,S1,⚡ 선행 시동,가격 미급등 상태에서 선행조건 5개 개선,S1,False,,,2026-09-05T23:40:00Z,33999614992-1
KRW-AVAX,2026-09-06T08:57:39.324580+09:00,1788652659,10370.0,24.633236870114807,12.0,9999.999929399999,1731796.7108114997,0.00577434976459455,5,0.0,complete,1788652803288,1788652898144,28692.02716734,19066.69443405,0.20154083716114074,10120.0,10440.0,3.1620553359683834,2.4703557312252933,0.6704980842911877,21.875000000000195,complete_hourly_ordered,/v1/candles/minutes/60,120,False,7.906976744186056,9675.0,2026-09-02T19:00:00,10440.0,2026-09-06T02:00:00,D0,0.5747126436781658,7.843137254902022,True,-0.24145131819367505,4.060499560687826,7.242768953230403,False,-0.21396835572959164,-99.51480675329695,-81.5359856841786,0.9605431066156882,-0.28846153846153744,0.0,-0.006525711302518555,0.005523212755322859,0.024075300030842683,-0.21396835572959164,-99.51480675329695,-81.5359856841786,0.9605431066156882,-0.28846153846153744,0.0,-0.006525711302518555,0.005523212755322859,0.024075300030842683,-0.21396835572959164,-99.51480675329695,-81.5359856841786,0.9605431066156882,-0.28846153846153744,0.0,-0.006525711302518555,0.005523212755322859,0.024075300030842683,-0.21396835572959164,-99.51480675329695,-81.5359856841786,0.9605431066156882,-0.28846153846153744,0.0,-0.006525711302518555,0.005523212755322859,0.024075300030842683,-0.7073308298533343,-99.92354197443727,-90.55779156530286,1.0440809653304868,-0.09633911368015502,0.0,0.0,0.0,0.0,-0.27639753596817696,-99.72495995772199,-86.55977373288609,1.5026659771661315,-0.28846153846153744,0.0,-0.013051422605048213,0.01104633885434314,0.04805572264957991,-0.21396835572959164,-2051034.4430171002,-7647510.958634801,0.9605431066156882,-0.28846153846153744,0.0,-0.006525711302518555,0.005523212755322859,1741796.7107408997,22504013.594802547,0.07739938048842893,-0.28846153846153744,False,True,falling,falling,sell_advantage_accelerating,accelerating,neutral,False,False,False,pass,S0,🌱 초발사 준비,발사 구조 관찰 또는 초기 준비,S1,True,발사 구조 관찰 또는 초기 준비,2026-09-06T08:57:39.324580+09:00,2026-09-05T23:40:00Z,33999614992-1
KRW-AVNT,2026-09-06T08:57:39.324580+09:00,1788652659,147.0,4.430954098593753,10.0,99999.99999948,0.0,,1,0.0,complete,1788652808980,1788652808980,2220667.60716144,2358376.02917064,-0.030073620813866605,140.0,148.0,5.714285714285716,5.000000000000004,0.6756756756756757,12.499999999999952,complete_hourly_ordered,/v1/candles/minutes/60,120,False,9.558823529411775,136.0,2026-09-01T09:00:00,149.0,2026-09-04T04:00:00,D-2,1.342281879194629,15.384615384615536,True,0.18876828692777625,10.251532445571755,11.0467980161722,True,,-80.75679838530856,-100.0,1.5816600731234365,0.6849315068493178,0.0,0.04719207173193851,-0.0375337701445666,-0.1308625951631086,,-80.75679838530856,-100.0,1.5816600731234365,0.6849315068493178,0.0,0.04719207173193851,-0.0375337701445666,-0.1308625951631086,,-80.75679838530856,-100.0,1.5816600731234365,0.6849315068493178,0.0,0.04719207173193851,-0.0375337701445666,-0.1308625951631086,,-80.75679838530856,-100.0,1.5816600731234365,0.6849315068493178,0.0,0.04719207173193851,-0.0375337701445666,-0.1308625951631086,,1314.427157118097,,1.5984869626943343,0.6849315068493178,0.0,0.04719207173193851,-0.0375337701445666,-0.1308625951631086,,1566.6666666968886,-100.0,1.6148495988072442,1.379310344827589,0.0,0.09438414346387702,-0.07507150749874292,-0.26389129887055063,,-419664.04552574,-3440779.2480562003,1.5816600731234365,0.6849315068493178,0.0,0.04719207173193851,-0.0375337701445666,99999.99999948,4655821.031593305,0.021478488825258435,1.379310344827589,False,False,falling,falling,buy_only,accelerating,neutral,False,False,False,pass,S0,🌱 초발사 준비,발사 구조 관찰 또는 초기 준비,S0,False,,,2026-09-05T23:40:00Z,33999614992-1
KRW-AWE,2026-09-06T08:57:39.324580+09:00,1788652659,84.1,-18.263810377738576,2.0,0.0,5004.999999433,0.0,1,0.0,complete,1788652824579,1788652824579,2462628.29798985,1094665.96347144,0.3845513567259598,84.2,84.4,0.23752969121140222,-0.11876484560571221,0.3554502369668381,150.00000000000466,complete_hourly_ordered,/v1/candles/minutes/60,120,False,3.4482758620689724,84.1,2026-09-02T19:00:00,87.0,2026-09-02T20:00:00,D-4,3.3333333333333437,100.0,False,-0.5999538497038603,-2.9608309846530836,,True,-2.0277494095734863,-100.0,-99.69588295218043,0.6151623076084967,0.35799522673030104,0.0,0.030766864087372614,-0.027768548767123313,,-2.0277494095734863,-100.0,-99.69588295218043,0.6151623076084967,0.35799522673030104,0.0,0.030766864087372614,-0.027768548767123313,,-2.0277494095734863,-100.0,-99.69588295218043,0.6151623076084967,0.35799522673030104,0.0,0.030766864087372614,-0.027768548767123313,,-2.0277494095734863,-100.0,-99.69588295218043,0.6151623076084967,0.35799522673030104,0.0,0.030766864087372614,-0.027768548767123313,,-0.10886001183696709,-100.0,-99.94789803395653,0.8268843388514071,0.5980861244019087,0.0,0.038458580109235196,-0.03471103166223832,,,,,1.5304678818804724,0.11904761904761862,0.0,0.015383432043691858,-0.013883997829190253,,-2.0277494095734863,-3337164.380139144,-1640742.9234784874,0.6151623076084967,0.35799522673030104,0.0,0.030766864087372614,-0.027768548767123313,5004.999999433,2441669.006244286,0.002049827387182002,0.11904761904761862,False,False,falling,falling,sell_only,accelerating,neutral,False,False,False,pass,S0,🌱 초발사 준비,발사 구조 관찰 또는 초기 준비,S0,False,,,2026-09-05T23:40:00Z,33999614992-1
KRW-AXL,2026-09-06T08:57:39.324580+09:00,1788652659,60.0,-78.60892572855276,10.0,2338755.8626572,0.0,,9,0.0,complete,1788652441921,1788652771010,1012906.3251353,1544998.6277807,-0.20801879367676163,59.3,60.5,2.023608768971341,1.180438448566612,0.8264462809917356,41.66666666666685,complete_hourly_ordered,/v1/candles/minutes/60,120,False,7.757166947723437,59.3,2026-09-01T09:00:00,63.9,2026-09-01T10:00:00,D-4,6.103286384976525,84.78260869565216,True,0.08093421204764528,12.575591157570463,11.987061888900607,True,,95.51866589551014,-100.0,0.019631711925796935,-0.16638935108153063,0.0,-0.011562030292533443,0.008996030692541623,0.029083009963946083,,95.51866589551014,-100.0,0.019631711925796935,-0.16638935108153063,0.0,-0.011562030292533443,0.008996030692541623,0.029083009963946083,,95.51866589551014,-100.0,0.019631711925796935,-0.16638935108153063,0.0,-0.011562030292533443,0.008996030692541623,0.029083009963946083,,95.51866589551014,-100.0,0.019631711925796935,-0.16638935108153063,0.0,-0.011562030292533443,0.008996030692541623,0.029083009963946083,,,-100.0,0.024777580648688513,0.16694490818029983,0.0,0.011562030292511238,-0.008996257842127875,-0.02918367445806247,,28.581184117167147,,0.026387028643299004,0.0,0.0,0.0,0.0,0.0,,1142575.5123334683,-5720964.448687711,0.019631711925796935,-0.16638935108153063,0.0,-0.011562030292533443,0.008996030692541623,2338755.8626572,2833568.7606010097,0.8253746636312936,0.0,False,True,rising,falling,buy_only,accelerating,neutral,False,True,False,pass,S1,⚡ 선행 시동,가격 미급등 상태에서 선행조건 4개 개선,S1,False,,,2026-09-05T23:40:00Z,33999614992-1
KRW-AXS,2026-09-06T08:57:39.324580+09:00,1788652659,1297.0,64.26801879732129,9.0,10138778.1648,2646001.99898064,3.8317348848209174,7,0.0,complete,1788652830587,1788652859039,184121.95356253,88960.22467353,0.34847286448235193,1276.0,1306.0,2.351097178683381,1.6457680250783646,0.6891271056661562,30.000000000000092,complete_hourly_ordered,/v1/candles/minutes/60,120,False,7.4014481094127005,1243.0,2026-09-01T17:00:00,1335.0,2026-09-01T21:00:00,D-4,2.921348314606742,42.391304347825915,False,-0.8646712714249105,11.89222986415051,,False,1.940730972082424,603.08838910711,246.9819637233821,0.24186739382523115,-0.38402457757296116,0.0,-0.025581990278833455,0.02023168300405942,,1.940730972082424,603.08838910711,246.9819637233821,0.24186739382523115,-0.38402457757296116,0.0,-0.025581990278833455,0.02023168300405942,,1.940730972082424,603.08838910711,246.9819637233821,0.24186739382523115,-0.38402457757296116,0.0,-0.025581990278833455,0.02023168300405942,,1.940730972082424,603.08838910711,246.9819637233821,0.24186739382523115,-0.38402457757296116,0.0,-0.025581990278833455,0.02023168300405942,,3.410297078040802,2426.4015865495644,177.86920955806522,0.28200551305410215,-0.3074558032282848,0.0,-0.03581478639037572,0.028324034222755756,,,1678.8200312171978,,0.3676458449068889,-0.38402457757296116,0.0,-0.025581990278833455,0.02023168300405942,,1.940730972082424,8696743.51853372,1883425.7628596,0.24186739382523115,-0.38402457757296116,0.0,-0.025581990278833455,0.02023168300405942,12784780.163780639,8441021.80579382,1.5146010113379063,-0.38402457757296116,False,False,rising,rising,buy_advantage_accelerating,accelerating,leading_buy_inflow,False,False,False,pass,S0,🌱 초발사 준비,발사 구조 관찰 또는 초기 준비,S0,False,,,2026-09-05T23:40:00Z,33999614992-1
KRW-AZTEC,2026-09-06T08:57:39.324580+09:00,1788652659,20.4,2578.762254521354,9.0,0.0,9662015.555354996,0.0,12,0.0,complete,1788652852343,1788652912249,19051294.50741979,20410939.7612135,-0.03445434043440435,20.6,21.0,1.9417475728155331,-0.9708737864077777,2.857142857142864,150.00000000000057,complete_hourly_ordered,/v1/candles/minutes/60,120,False,54.06976744186047,17.2,2026-09-02T19:00:00,26.5,2026-09-04T20:00:00,D-2,23.396226415094333,66.66666666666666,False,0.1386001386001201,17.44920912628985,,True,-1.1041445236326841,-100.0,216.2729229079881,8.281658806141877,0.990099009900991,0.0,0.06930006930006005,-0.05123722257641461,,-1.1041445236326841,-100.0,216.2729229079881,8.281658806141877,0.990099009900991,0.0,0.06930006930006005,-0.05123722257641461,,-1.1041445236326841,-100.0,216.2729229079881,8.281658806141877,0.990099009900991,0.0,0.06930006930006005,-0.05123722257641461,,-1.1041445236326841,-100.0,216.2729229079881,8.281658806141877,0.990099009900991,0.0,0.06930006930006005,-0.05123722257641461,,-4.24596379909802,-100.0,-14.1779006133415,11.20593582997708,0.49261083743841194,0.0,0.06930006930006005,-0.05123722257641461,,-2.1892634030616427,-100.0,-16.891328057654476,15.680409508102457,1.492537313432818,0.0,0.10395010395010118,-0.07685857832377607,,-1.1041445236326841,-3373118.8445122433,6607054.205354786,8.281658806141877,0.990099009900991,0.0,0.06930006930006005,-0.05123722257641461,9662015.555354996,6112215.133745894,1.5807715114624235,1.492537313432818,False,True,falling,rising,sell_only,accelerating,neutral,True,True,False,🔴 1차 급등 완료·상승분 반납 / 신규매수 금지,S3,🔴 1차 급등 완료·반납,당일/5D 급등 후 상승분 상당 부분 반납,S3,False,,,2026-09-05T23:40:00Z,33999614992-1
KRW-B3,2026-09-06T08:57:39.324580+09:00,1788652659,0.631,,,1316907.1600338414,2009241.5083390202,0.6554250221131899,16,0.0,complete,1788651864067,1788652655480,137586170.94809216,75711547.13361888,0.29008572792499393,0.63,0.635,0.7936507936507908,0.15873015873015817,0.6299212598425202,80.0,complete_hourly_ordered,/v1/candles/minutes/60,120,False,5.546492659053848,0.613,2026-09-02T19:00:00,0.647,2026-09-03T09:00:00,D-3,2.472952086553326,47.05882352941174,False,,,,True,0.6554250221131899,,286.60661133545585,,-0.3159557661927326,,,,,0.6554250221131899,,286.60661133545585,,-0.3159557661927326,,,,,0.6554250221131899,,286.60661133545585,,-0.3159557661927326,,,,,0.6554250221131899,,286.60661133545585,,-0.3159557661927326,,,,,-0.5640919097420116,-40.22508264643966,11.220233212767305,,-0.15822784810126667,,,,,0.2315374275268049,661.3712565836471,392.4069415291868,,0.0,,,,,0.6554250221131899,1316907.1600338414,1489529.364410986,,-0.3159557661927326,,,,3326148.6683728616,1103315.6892149746,3.0146844650958107,0.0,False,False,rising,rising,sell_advantage_weakening,flat_or_na,neutral,False,False,False,pass,S0,🌱 초발사 준비,발사 구조 관찰 또는 초기 준비,S0,False,,,2026-09-05T23:40:00Z,33999614992-1
KRW-BABY,2026-09-06T08:57:39.324580+09:00,1788652659,15.6,,,414092.999999796,842084.3715914199,0.4917476371366672,4,0.0,complete,1788652936010,1788653056071,4432985.2254995,7752717.84431238,-0.2724284844127693,15.1,15.8,4.635761589403975,3.31125827814569,1.2658227848101333,28.571428571428708,complete_hourly_ordered,/v1/candles/minutes/60,120,False,6.756756756756754,14.8,2026-09-04T21:00:00,15.8,2026-09-05T15:00:00,D-1,1.898734177215189,30.0000000000002,False,,,,True,,1289.1581410450992,,,0.0,,,,,,1289.1581410450992,,,0.0,,,,,,1289.1581410450992,,,0.0,,,,,,1289.1581410450992,,,0.0,,,,,0.4917476371366672,,550.7893562215933,,0.0,,,,,,,,,0.6451612903225712,,,,,,384284.08280277596,842084.3715914199,,0.0,,,,1256177.371591216,1010843.341282082,1.242702326156662,0.6451612903225712,False,False,rising,rising,sell_advantage_weakening,flat_or_na,neutral,False,False,False,pass,S0,🌱 초발사 준비,발사 구조 관찰 또는 초기 준비,S0,False,,,2026-09-05T23:40:00Z,33999614992-1
KRW-BARD,2026-09-06T08:57:39.324580+09:00,1788652659,176.0,-26.392036818506416,6.0,601473.76811456,0.0,,2,0.0,complete,1788652876863,1788652922917,963300.173461,1422892.19098319,-0.1926047641298365,167.0,176.0,5.389221556886237,5.389221556886237,0.0,0.0,complete_hourly_ordered,/v1/candles/minutes/60,120,False,9.316770186335411,161.0,2026-09-04T21:00:00,176.0,2026-09-06T08:00:00,D0,0.0,0.0,False,0.3974562798092274,23.92139146148633,,True,,7.775212612203286,-100.0,0.5896386037129275,0.5714285714285783,0.0,0.03974562798092496,-0.02725505031668618,,,7.775212612203286,-100.0,0.5896386037129275,0.5714285714285783,0.0,0.03974562798092496,-0.02725505031668618,,,7.775212612203286,-100.0,0.5896386037129275,0.5714285714285783,0.0,0.03974562798092496,-0.02725505031668618,,,7.775212612203286,-100.0,0.5896386037129275,0.5714285714285783,0.0,0.03974562798092496,-0.02725505031668618,,,-88.7125879068147,-100.0,0.7123340682494081,0.5714285714285783,0.0,0.03974562798092496,-0.02725505031668618,,,-95.5017515805322,-100.0,1.2006534239146767,1.7341040462427681,0.0,0.07949125596182771,-0.054512152971497585,,,43392.04084506014,-3912560.7461025603,0.5896386037129275,0.5714285714285783,0.0,0.03974562798092496,-0.02725505031668618,601473.76811456,4451931.93160701,0.13510399021250233,1.7341040462427681,False,False,rising,falling,buy_only,accelerating,neutral,False,True,False,pass,S0,🌱 초발사 준비,발사 구조 관찰 또는 초기 준비,S0,False,,,2026-09-05T23:40:00Z,33999614992-1
KRW-BAT,2026-09-06T08:57:39.324580+09:00,1788652659,98.5,18.620951736586953,5.0,0.0,0.0,,0,0.0,complete,,,690342.8616684,1097215.04375928,-0.2276134277135678,97.1,99.1,2.059732234809486,1.4418125643666402,0.6054490413723455,30.0,complete_hourly_ordered,/v1/candles/minutes/60,120,False,7.36728060671723,92.3,2026-09-03T10:00:00,99.1,2026-09-04T04:00:00,D-2,0.6054490413723412,8.82352941176476,False,0.0,21.522036682179028,,True,,-100.0,,2.2521987538262707,-0.20263424518743856,0.0,0.013952839402819883,-0.00987588163925679,,,-100.0,,2.2521987538262707,-0.20263424518743856,0.0,0.013952839402819883,-0.00987588163925679,,,-100.0,,2.2521987538262707,-0.20263424518743856,0.0,0.013952839402819883,-0.00987588163925679,,,-100.0,,2.2521987538262707,-0.20263424518743856,0.0,0.013952839402819883,-0.00987588163925679,,,-100.0,-100.0,2.2819057251994614,-0.10141987829613841,0.0,-0.020929259104218723,0.014813315563230844,,,-100.0,-100.0,3.3980693208044404,-0.30364372469635637,0.0,-0.020929259104218723,0.014813315563230844,,,-1038451.6690691279,0.0,2.2521987538262707,-0.20263424518743856,0.0,0.013952839402819883,-0.00987588163925679,0,1142061.3517980129,0.0,-0.30364372469635637,False,False,falling,flat_or_na,unavailable,accelerating,neutral,False,False,False,pass,S0,🌱 초발사 준비,발사 구조 관찰 또는 초기 준비,S0,False,,,2026-09-05T23:40:00Z,33999614992-1
KRW-BCH,2026-09-06T08:57:39.324580+09:00,1788652659,351100.0,-3.0998705719546105,11.0,12249795.622554,17501262.172723997,0.6999378388631596,42,0.0,complete,1788651764854,1788652746986,521.07864443,516.84976148,0.004074349373155861,340500.0,354800.0,4.199706314243756,3.113069016152714,1.0428410372040586,25.87412587412588,complete_hourly_ordered,/v1/candles/minutes/60,120,False,9.090909090909083,330000.0,2026-09-03T00:00:00,360000.0,2026-09-04T18:00:00,D-2,2.5555555555555554,30.666666666666647,True,-0.8502325581395187,4.181593437464883,3.5480730069843736,False,-1.7341195009767136,-8.047641796195325,219.7674135821553,0.4606399292536034,-0.1137980085348489,0.0,-0.018604651162779096,0.015825728007848205,0.02289538081788489,-1.7341195009767136,-8.047641796195325,219.7674135821553,0.4606399292536034,-0.1137980085348489,0.0,-0.018604651162779096,0.015825728007848205,0.02289538081788489,-1.7341195009767136,-8.047641796195325,219.7674135821553,0.4606399292536034,-0.1137980085348489,0.0,-0.018604651162779096,0.015825728007848205,0.02289538081788489,-1.7341195009767136,-8.047641796195325,219.7674135821553,0.4606399292536034,-0.1137980085348489,0.0,-0.018604651162779096,0.015825728007848205,0.02289538081788489,-1.1435764377347086,-70.77954253527159,-23.038407821413653,0.6817309240330194,-0.538243626062318,0.0,-0.05767441860463629,0.049057441545951264,0.07057539360096543,-3.0804823596837583,271.67312424857704,1907.4362438363003,1.454877772164609,0.08551881413911833,0.0,-0.014883720930225497,0.012660639313152977,0.018326203882176095,-1.7341195009767136,-1072098.3036499992,12028139.700152997,0.4606399292536034,-0.1137980085348489,0.0,-0.018604651162779096,0.015825728007848205,29751057.795277998,27376952.618219502,1.0867191177252693,0.08551881413911833,False,True,falling,rising,sell_advantage_accelerating,accelerating,neutral,False,False,False,pass,S0,🌱 초발사 준비,발사 구조 관찰 또는 초기 준비,S2,True,발사 구조 관찰 또는 초기 준비,2026-09-06T08:57:39.324580+09:00,2026-09-05T23:40:00Z,33999614992-1
KRW-BEAM,2026-09-06T08:57:39.324580+09:00,1788652659,2.17,-92.83376961539726,11.0,0.0,0.0,,0,0.0,complete,,,109658066.70265412,83171038.03780688,0.13736011843490922,2.11,2.17,2.8436018957346043,2.8436018957346043,0.0,0.0,complete_hourly_ordered,/v1/candles/minutes/60,120,False,10.294117647058831,2.04,2026-09-01T12:00:00,2.25,2026-09-03T05:00:00,D-3,3.5555555555555562,38.09523809523815,True,-0.03130870381965467,5.797315238235737,6.900551122832246,True,,-100.0,-100.0,0.023776334426102608,0.0,0.0,0.0,0.0,0.0,,-100.0,-100.0,0.023776334426102608,0.0,0.0,0.0,0.0,0.0,,-100.0,-100.0,0.023776334426102608,0.0,0.0,0.0,0.0,0.0,,-100.0,-100.0,0.023776334426102608,0.0,0.0,0.0,0.0,0.0,,,-100.0,0.028886016889600796,0.4629629629629539,0.0,0.03130870381966577,-0.026029773750232188,-0.0742034110681038,,,-100.0,0.04054848504563324,0.4629629629629539,0.0,0.03130870381966577,-0.026029773750232188,-0.0742034110681038,,-2015000.9999999746,-30000.0000000024,0.023776334426102608,0.0,0.0,0.0,0.0,0,3678717.8922780408,0.0,0.4629629629629539,False,True,falling,falling,unavailable,accelerating,neutral,False,False,False,pass,S1,⚡ 선행 시동,가격 미급등 상태에서 선행조건 3개 개선,S2,True,가격 미급등 상태에서 선행조건 3개 개선,2026-09-06T08:57:39.324580+09:00,2026-09-05T23:40:00Z,33999614992-1
KRW-BERA,2026-09-06T08:57:39.324580+09:00,1788652659,254.0,10.903351278671414,7.0,2675742.1289343,8133952.92117342,0.32895962822320984,10,0.0,complete,1788652804618,1788653037835,715608.04538382,811414.75355146,-0.06274084986448236,250.0,255.0,2.0000000000000018,1.6000000000000014,0.39215686274509803,20.0,complete_hourly_ordered,/v1/candles/minutes/60,120,False,8.05084745762712,236.0,2026-09-04T21:00:00,255.0,2026-09-06T03:00:00,D0,0.7843137254901933,10.526315789473657,True,-0.3762429454447713,27.415130822135747,,True,-87.55614036882325,-78.3911693313288,5673.031342456456,0.4262762797317752,0.39525691699604515,0.0,0.05374899220639273,-0.03560960131303048,,-87.55614036882325,-78.3911693313288,5673.031342456456,0.4262762797317752,0.39525691699604515,0.0,0.05374899220639273,-0.03560960131303048,,-87.55614036882325,-78.3911693313288,5673.031342456456,0.4262762797317752,0.39525691699604515,0.0,0.05374899220639273,-0.03560960131303048,,-87.55614036882325,-78.3911693313288,5673.031342456456,0.4262762797317752,0.39525691699604515,0.0,0.05374899220639273,-0.03560960131303048,,,-20.010792393858466,,0.43567335136363106,0.0,0.0,0.026874496103201917,-0.017804364862481492,,0.15026279837222012,51.48903436932129,-17.708411985992868,0.5096398730844331,0.0,0.0,0.026874496103201917,-0.017804364862481492,,-87.55614036882325,-9706890.554719558,7993057.22117342,0.4262762797317752,0.39525691699604515,0.0,0.05374899220639273,-0.03560960131303048,10809695.05010772,10831036.79141136,0.9980295754031078,0.0,False,False,falling,rising,sell_advantage_accelerating,accelerating,neutral,False,False,False,pass,S0,🌱 초발사 준비,발사 구조 관찰 또는 초기 준비,S0,False,,,2026-09-05T23:40:00Z,33999614992-1
KRW-BIGTIME,2026-09-06T08:57:39.324580+09:00,1788652659,9.34,10.734557252909504,8.0,1936560.8899065212,4656770.056221837,0.4158592471876752,12,0.0,complete,1788652871204,1788652981778,6117849.85019515,15563111.88500113,-0.4356477424833419,9.1,9.37,2.9670329670329565,2.63736263736265,0.3201707577374532,11.111111111110363,complete_hourly_ordered,/v1/candles/minutes/60,120,False,8.418657565415245,8.79,2026-09-02T03:00:00,9.53,2026-09-02T11:00:00,D-4,2.413431269674693,31.081081081080846,True,0.7078986587183422,24.479803306627936,,True,-1.3378683766831945,-54.434173372150156,92.15647939098997,0.20117897799802797,0.1071811361200492,0.0,0.0,0.0,,-1.3378683766831945,-54.434173372150156,92.15647939098997,0.20117897799802797,0.1071811361200492,0.0,0.0,0.0,,-1.3378683766831945,-54.434173372150156,92.15647939098997,0.20117897799802797,0.1071811361200492,0.0,0.0,0.0,,-1.3378683766831945,-54.434173372150156,92.15647939098997,0.20117897799802797,0.1071811361200492,0.0,0.0,0.0,,0.37668846304794057,1699.374139349032,69.48738419480944,0.234992640631269,0.6465517241379448,0.0,0.037257824143077656,-0.025302796947041628,,-20.097837640880638,68.71683866536111,8222.542090142357,0.30031960988812045,0.3222341568206222,0.0,0.01490312965721774,-0.010120906692364429,,-1.3378683766831945,-2313468.206949355,2233344.069764995,0.20117897799802797,0.1071811361200492,0.0,0.0,0.0,6593330.946128358,6860082.040953962,0.9611154657869792,0.3222341568206222,False,False,falling,rising,sell_advantage_accelerating,accelerating,neutral,False,False,False,pass,S0,🌱 초발사 준비,발사 구조 관찰 또는 초기 준비,S0,False,,,2026-09-05T23:40:00Z,33999614992-1
KRW-BIO,2026-09-06T08:57:39.324580+09:00,1788652659,38.0,-2.0677238398903564,8.0,261200.09560548002,0.0,,4,0.0,complete,1788652038967,1788652690299,2301679.90949882,4473055.2131871,-0.32051073058446217,37.1,38.5,3.7735849056603765,2.425876010781658,1.2987012987012987,35.71428571428605,complete_hourly_ordered,/v1/candles/minutes/60,120,False,14.285714285714302,34.3,2026-09-02T19:00:00,39.2,2026-09-04T03:00:00,D-2,3.0612244897959218,24.489795918367374,True,-1.0450573924961404,12.026653974297956,,False,,,,0.03127717724128454,0.0,0.0,0.0,0.0,,,,,0.03127717724128454,0.0,0.0,0.0,0.0,,,,,0.03127717724128454,0.0,0.0,0.0,0.0,,,,,0.03127717724128454,0.0,0.0,0.0,0.0,,,-97.90884020321961,-100.0,0.03156970984725671,0.0,0.0,0.0,0.0,,,,-100.0,0.8556128523201534,-0.2624671916010568,0.0,-0.017132088401572432,0.013555699158027679,,,261200.09560548002,0.0,0.03127717724128454,0.0,0.0,0.0,0.0,261200.09560548002,4064839.0061571663,0.06425841102435553,-0.2624671916010568,False,False,rising,flat_or_na,buy_only,accelerating,neutral,False,False,False,pass,S0,🌱 초발사 준비,발사 구조 관찰 또는 초기 준비,S0,False,,,2026-09-05T23:40:00Z,33999614992-1
KRW-BIRB,2026-09-06T08:57:39.324580+09:00,1788652659,83.4,-18.887144077382523,7.0,12567.716141616,0.0,,1,0.0,complete,1788652934322,1788652934322,1434461.52872736,767078.35287361,0.30314380467567364,83.6,84.4,0.9569377990430672,-0.23923444976075015,1.1848341232227488,124.99999999999827,complete_hourly_ordered,/v1/candles/minutes/60,120,False,10.286458333333348,76.8,2026-09-02T02:00:00,84.7,2026-09-04T20:00:00,D-2,1.0625737898465215,11.392405063291347,False,0.2107925801011934,28.04764535389691,,True,,-78.39152727739274,-100.0,0.6577106268525021,0.48192771084338837,0.0,0.03372681281619272,-0.02203884229043851,,,-78.39152727739274,-100.0,0.6577106268525021,0.48192771084338837,0.0,0.03372681281619272,-0.02203884229043851,,,-78.39152727739274,-100.0,0.6577106268525021,0.48192771084338837,0.0,0.03372681281619272,-0.02203884229043851,,,-78.39152727739274,-100.0,0.6577106268525021,0.48192771084338837,0.0,0.03372681281619272,-0.02203884229043851,,,-15.208795960943721,-100.0,0.7032624838711143,0.7246376811594235,0.0,0.05059021922428908,-0.0330587637991151,,,,-100.0,0.7856634409331811,0.7246376811594235,0.0,0.05059021922428908,-0.0330587637991151,,,-45593.34087963001,-10280351.372973977,0.6577106268525021,0.48192771084338837,0.0,0.03372681281619272,-0.02203884229043851,12567.716141616,4976498.4157743305,0.002525413471805656,0.7246376811594235,False,False,falling,falling,buy_only,accelerating,neutral,False,True,False,pass,S0,🌱 초발사 준비,발사 구조 관찰 또는 초기 준비,S0,False,,,2026-09-05T23:40:00Z,33999614992-1
KRW-BLAST,2026-09-06T08:57:39.324580+09:00,1788652659,0.402,-30.59059266155356,9.0,0.0,0.0,,0,0.0,complete,,,330134829.8382203,232516620.1584607,0.17349677083447565,0.396,0.402,1.5151515151515138,1.5151515151515138,0.0,0.0,complete_hourly_ordered,/v1/candles/minutes/60,120,False,15.58441558441559,0.385,2026-09-01T09:00:00,0.445,2026-09-01T12:00:00,D-4,9.662921348314601,71.6666666666666,False,0.2904989747094966,16.146661189791587,13.765387894958463,True,,-100.0,-100.0,0.02510468177632319,0.7518796992481258,0.0,0.051264524948724244,-0.03837185182297631,-0.12358243849743644,,-100.0,-100.0,0.02510468177632319,0.7518796992481258,0.0,0.051264524948724244,-0.03837185182297631,-0.12358243849743644,,-100.0,-100.0,0.02510468177632319,0.7518796992481258,0.0,0.051264524948724244,-0.03837185182297631,-0.12358243849743644,,-100.0,-100.0,0.02510468177632319,0.7518796992481258,0.0,0.051264524948724244,-0.03837185182297631,-0.12358243849743644,,-100.0,,0.14951709994948104,0.24937655860348684,0.0,0.051264524948724244,-0.03837185182297631,-0.12358243849743644,,-100.0,-100.0,0.1950391513550045,0.7518796992481258,0.0,0.08544087491455521,-0.06395537090000047,-0.2068864921608835,,-196497.32101923611,-2935852.703968268,0.02510468177632319,0.7518796992481258,0.0,0.051264524948724244,-0.03837185182297631,0,1375453.517213271,0.0,0.7518796992481258,False,False,falling,falling,unavailable,accelerating,neutral,True,True,False,🔴 1차 급등 완료·상승분 반납 / 신규매수 금지,S0,🌱 초발사 준비,발사 구조 관찰 또는 초기 준비,S3,True,발사 구조 관찰 또는 초기 준비,2026-09-06T08:57:39.324580+09:00,2026-09-05T23:40:00Z,33999614992-1
KRW-BLEND,2026-09-06T08:57:39.324580+09:00,1788652659,87.7,-74.6073046120901,6.0,80402.5882682,1406929.9792240001,0.057147540713111025,16,0.0,complete,1788652509497,1788652782627,268526.22309779,654011.19097462,-0.4178529369070915,86.3,88.5,2.549246813441486,1.6222479721900385,0.9039548022598838,36.36363636363629,complete_hourly_ordered,/v1/candles/minutes/60,120,False,5.1068883610451365,84.2,2026-09-02T11:00:00,88.5,2026-09-05T09:00:00,D-1,0.9039548022598876,18.604651162790738,False,-0.3281378178835337,14.811568799298868,,True,,168.4941836324423,,0.14477046752999456,-0.3409090909090917,0.0,0.0,0.0,,,168.4941836324423,,0.14477046752999456,-0.3409090909090917,0.0,0.0,0.0,,,168.4941836324423,,0.14477046752999456,-0.3409090909090917,0.0,0.0,0.0,,,168.4941836324423,,0.14477046752999456,-0.3409090909090917,0.0,0.0,0.0,,-9.831252269341359,-93.60098476469159,1007.2396160495199,0.19055617273535574,-0.4540295119182636,0.0,-0.00745767767916794,0.005695210529744088,,-0.05890906669703569,4.157282094064074,111.52512682186844,0.23827986012629765,-0.1138952164009055,0.0,0.02237303303750382,-0.017086176120834295,,,50456.841518516994,1406929.9792240001,0.14477046752999456,-0.3409090909090917,0.0,0.0,0.0,1487332.5674922,1500678.8904858753,0.9911064764898811,-0.1138952164009055,False,False,rising,rising,sell_advantage_weakening,accelerating,neutral,False,False,False,pass,S0,🌱 초발사 준비,발사 구조 관찰 또는 초기 준비,S0,False,,,2026-09-05T23:40:00Z,33999614992-1
KRW-BLUR,2026-09-06T08:57:39.324580+09:00,1788652659,23.0,32.56511006362119,11.0,0.0,0.0,,0,0.0,complete,,,4055535.03214946,7682485.89054457,-0.30899168456778286,22.4,23.2,3.571428571428581,2.6785714285714413,0.8620689655172384,24.999999999999844,complete_hourly_ordered,/v1/candles/minutes/60,120,False,11.538461538461542,20.8,2026-09-02T03:00:00,23.2,2026-09-05T20:00:00,D-1,0.8620689655172376,8.3333333333333,False,0.1796407185628901,11.811023622047244,10.285621846686198,False,,,,0.40169223291410106,0.0,0.0,0.0,0.0,0.0,,,,0.40169223291410106,0.0,0.0,0.0,0.0,0.0,,,,0.40169223291410106,0.0,0.0,0.0,0.0,0.0,,,,0.40169223291410106,0.0,0.0,0.0,0.0,0.0,,-100.0,-100.0,0.5409791261748964,-0.43290043290044045,0.0,-0.029940119760474282,0.02345032034070549,0.06217770794059696,,,-100.0,1.2917097785415343,-0.43290043290044045,0.0,-0.029940119760474282,0.02345032034070549,0.06217770794059696,,0.0,0.0,0.40169223291410106,0.0,0.0,0.0,0.0,0,2792050.2377592037,0.0,-0.43290043290044045,False,False,flat_or_na,flat_or_na,unavailable,accelerating,neutral,False,False,False,pass,S0,🌱 초발사 준비,발사 구조 관찰 또는 초기 준비,S0,False,,,2026-09-05T23:40:00Z,33999614992-1
KRW-BONK,2026-09-06T08:57:39.324580+09:00,1788652659,0.0065,123.22706700203088,10.0,701143508.7798558,601596221.3994944,1.1654719292431466,1815,0.0,complete,1788651762268,1788652762293,21799028154.884655,35386696775.623184,-0.23760595213666136,0.00621,0.00667,7.407407407407396,4.669887278582929,2.5487256371814095,36.95652173913035,complete_hourly_ordered,/v1/candles/minutes/60,120,False,62.93859649122808,0.00456,2026-09-01T09:00:00,0.00743,2026-09-01T11:00:00,D-4,12.247644683714675,31.70731707317075,True,2.970157657657646,22.022199421695724,8.23174128634903,False,0.2550404366516532,1419.0141093619843,1086.6079724048418,1.3411435830964251,5.691056910569103,0.0,0.4222972972973027,-0.2887434312576076,-0.2919224490421861,0.2550404366516532,1419.0141093619843,1086.6079724048418,1.3411435830964251,5.691056910569103,0.0,0.4222972972973027,-0.2887434312576076,-0.2919224490421861,0.2550404366516532,1419.0141093619843,1086.6079724048418,1.3411435830964251,5.691056910569103,0.0,0.4222972972973027,-0.2887434312576076,-0.2919224490421861,0.2550404366516532,1419.0141093619843,1086.6079724048418,1.3411435830964251,5.691056910569103,0.0,0.4222972972973027,-0.2887434312576076,-0.2919224490421861,0.8261345821515922,2139.7884257365513,552.1339925616057,1.5365678755330663,5.863192182410426,0.0,0.46452702702703963,-0.3176304767232523,-0.32183789644349226,0.22995825595129626,2110.7620300734984,1674.558490543215,1.688312477594863,5.691056910569103,0.0,0.38006756756756577,-0.2598586961395206,-0.2621411463119827,0.2550404366516532,654985707.8444617,550897402.969995,1.3411435830964251,5.691056910569103,0.0,0.4222972972973027,-0.2887434312576076,1302739730.1793504,109714564.57533123,11.873899652446553,5.691056910569103,False,False,rising,rising,buy_advantage_accelerating,accelerating,neutral,False,True,False,pass,S2,🚀 발사 진행,가격 상승 초입과 실제 매수수급·구조 동반,S1,True,가격 상승 초입과 실제 매수수급·구조 동반,2026-09-06T08:57:39.324580+09:00,2026-09-05T23:40:00Z,33999614992-1
KRW-BORA,2026-09-06T08:57:39.324580+09:00,1788652659,32.2,-64.14432223800699,7.0,14974.040247082,617025.5651471559,0.024268103451290234,5,0.0,complete,1788651918750,1788652465442,3236194.83075146,5038795.26255789,-0.21783717097908098,31.3,32.7,4.472843450479247,2.8753993610223683,1.5290519877675839,35.71428571428582,complete_hourly_ordered,/v1/candles/minutes/60,120,False,10.472972972972983,29.6,2026-09-01T09:00:00,32.7,2026-09-05T09:00:00,D-1,1.5290519877675823,16.129032258064505,True,0.39534372940919216,18.23812185578535,,True,-0.05209494671594749,-49.1447689707504,60.02324063550111,0.06826516800016691,1.2578616352201255,0.0,0.0439270810454806,-0.03211940709953254,,-0.05209494671594749,-49.1447689707504,60.02324063550111,0.06826516800016691,1.2578616352201255,0.0,0.0439270810454806,-0.03211940709953254,,-0.05209494671594749,-49.1447689707504,60.02324063550111,0.06826516800016691,1.2578616352201255,0.0,0.0439270810454806,-0.03211940709953254,,-0.05209494671594749,-49.1447689707504,60.02324063550111,0.06826516800016691,1.2578616352201255,0.0,0.0439270810454806,-0.03211940709953254,,-0.07168500877815323,-96.2655677874224,-85.23451187992788,0.22046782612775928,1.2578616352201255,0.0,0.0219635405227514,-0.01605934446507007,,-0.0595922175013655,-5.555161546482578,226.36149260409596,0.29002588635601967,-0.3095975232197956,-1.0,-0.021963540522706992,0.016058626343859572,,-0.05209494671594749,-14470.404196538002,231440.594678642,0.06826516800016691,1.2578616352201255,0.0,0.0439270810454806,-0.03211940709953254,631999.6053942379,1903573.7548597301,0.3320068916587939,-0.3095975232197956,False,False,falling,rising,sell_advantage_accelerating,accelerating,neutral,False,False,False,pass,S0,🌱 초발사 준비,발사 구조 관찰 또는 초기 준비,S0,False,,,2026-09-05T23:40:00Z,33999614992-1
KRW-BOUNTY,2026-09-06T08:57:39.324580+09:00,1788652659,16.7,106.14672009794486,7.0,0.0,0.0,,0,0.0,complete,,,7634417.66504735,9625664.28487773,-0.115367159067227,16.5,16.8,1.81818181818183,1.2121212121211977,0.5952380952381037,33.33333333333455,complete_hourly_ordered,/v1/candles/minutes/60,120,False,15.923566878980889,15.7,2026-09-01T13:00:00,18.2,2026-09-02T13:00:00,D-4,8.241758241758246,60.0,False,0.374999999999992,27.182044887780556,,True,,,,0.029427936518857223,-0.5952380952381042,-1.0,-0.04166666666667318,0.02747504609090967,,,,,0.029427936518857223,-0.5952380952381042,-1.0,-0.04166666666667318,0.02747504609090967,,,,,0.029427936518857223,-0.5952380952381042,-1.0,-0.04166666666667318,0.02747504609090967,,,,,0.029427936518857223,-0.5952380952381042,-1.0,-0.04166666666667318,0.02747504609090967,,,,-100.0,0.03501641684572121,0.0,0.0,0.0,0.0,,,,,0.03501641684572121,0.0,0.0,0.0,0.0,,,0.0,0.0,0.029427936518857223,-0.5952380952381042,-1.0,-0.04166666666667318,0.02747504609090967,0,993549.34951926,0.0,0.0,False,False,flat_or_na,flat_or_na,unavailable,accelerating,neutral,True,True,False,🔴 1차 급등 완료·상승분 반납 / 신규매수 금지,S0,🌱 초발사 준비,발사 구조 관찰 또는 초기 준비,S0,False,,,2026-09-05T23:40:00Z,33999614992-1
KRW-BREV,2026-09-06T08:57:39.324580+09:00,1788652659,111.0,-4.315913302880247,8.0,451825.5,0.0,,2,0.0,complete,1788652801382,1788653096797,1309907.73260769,3301732.91950484,-0.43191248780078345,108.0,112.0,3.703703703703698,2.777777777777768,0.8928571428571428,25.00000000000015,complete_hourly_ordered,/v1/candles/minutes/60,120,False,10.8910891089109,101.0,2026-09-01T17:00:00,112.0,2026-09-06T05:00:00,D0,0.8928571428571397,9.090909090909092,False,0.5252100840336116,16.21741777069498,,True,,-93.87348627712623,,0.10438360850620931,0.0,0.0,0.0,0.0,,,-93.87348627712623,,0.10438360850620931,0.0,0.0,0.0,0.0,,,-93.87348627712623,,0.10438360850620931,0.0,0.0,0.0,0.0,,,-93.87348627712623,,0.10438360850620931,0.0,0.0,0.0,0.0,,,,,0.35743677813423513,0.0,0.0,0.0,0.0,,,-91.57759915271852,-100.0,0.38549492576444067,0.9090909090909038,0.0,0.0656512605041959,-0.048989884728875666,,,-6923094.730947629,0.0,0.10438360850620931,0.0,0.0,0.0,0.0,451825.5,3867775.579161425,0.11681792046940856,0.9090909090909038,False,False,falling,flat_or_na,buy_only,accelerating,neutral,False,False,False,pass,S0,🌱 초발사 준비,발사 구조 관찰 또는 초기 준비,S0,False,,,2026-09-05T23:40:00Z,33999614992-1
KRW-BSB,2026-09-06T08:57:39.324580+09:00,1788652659,152.0,,,1400847.5068788799,6214273.33768967,0.2254241857020863,11,0.0,complete,1788652825533,1788653088100,481970.76591949,950317.643677,-0.32699201824125246,152.0,157.0,3.289473684210531,0.0,3.1847133757961785,100.0,complete_hourly_ordered,/v1/candles/minutes/60,120,False,15.441176470588225,136.0,2026-09-03T18:00:00,157.0,2026-09-05T09:00:00,D-1,3.1847133757961776,23.809523809523743,False,,,,True,,,,,0.0,,,,,,,,,0.0,,,,,,,,,0.0,,,,,,,,,0.0,,,,,,,,,0.0,,,,,-0.2525497559730474,129.04093534784192,385.6426489118922,,0.0,,,,,,1400847.5068788799,6214273.33768967,,0.0,,,,7615120.84456855,1788201.6481854352,4.2585358604808015,0.0,False,False,rising,rising,sell_advantage_weakening,flat_or_na,neutral,False,False,False,pass,S0,🌱 초발사 준비,발사 구조 관찰 또는 초기 준비,S0,False,,,2026-09-05T23:40:00Z,33999614992-1
KRW-BSV,2026-09-06T08:57:39.324580+09:00,1788652659,23070.0,-38.0679373625458,5.0,0.0,328974.9999235,0.0,2,0.0,complete,1788653020009,1788653020009,1427.47732735,2700.69775903,-0.30842210057434555,23040.0,23150.0,0.477430555555558,0.13020833333332593,0.34557235421166305,72.72727272727441,complete_hourly_ordered,/v1/candles/minutes/60,120,False,8.430913348946145,21350.0,2026-09-02T10:00:00,23150.0,2026-09-05T22:00:00,D-1,0.4319654427645814,5.555555555555555,False,-0.5420132749775375,-11.83437014947263,,True,0.0,,-43.6310097355131,0.11770323362166124,0.043365134431927466,0.0,0.0028984667111209284,-0.0028035526063234784,,0.0,,-43.6310097355131,0.11770323362166124,0.043365134431927466,0.0,0.0028984667111209284,-0.0028035526063234784,,0.0,,-43.6310097355131,0.11770323362166124,0.043365134431927466,0.0,0.0028984667111209284,-0.0028035526063234784,,0.0,,-43.6310097355131,0.11770323362166124,0.043365134431927466,0.0,0.0028984667111209284,-0.0028035526063234784,,-7.356006502968611,-100.0,-35.10873009655252,0.13548853533001903,-0.21626297577854725,0.0,-0.014492333555538028,0.014017420393898306,,-0.00830412479729465,-100.0,-82.80850148480091,0.26606542120089216,0.4790940766550511,0.0,0.03188313382220809,-0.030840335089356685,,0.0,0.0,-254634.88625670003,0.11770323362166124,0.043365134431927466,0.0,0.0028984667111209284,-0.0028035526063234784,328974.9999235,3469007.2572654,0.09483260642781971,0.4790940766550511,False,False,flat_or_na,falling,sell_only,accelerating,neutral,False,False,False,pass,S0,🌱 초발사 준비,발사 구조 관찰 또는 초기 준비,S0,False,,,2026-09-05T23:40:00Z,33999614992-1
KRW-BTC,2026-09-06T08:57:39.324580+09:00,1788652659,108997000.0,7.367586153305794,7.0,118862131.3873005,172446490.20134997,0.689269646767041,1446,0.0,complete,1788652800081,1788653104486,0.49953062,4.97563567,-0.8175286033184574,109147000.0,109602000.0,0.416868993192665,-0.13742933841516258,0.5519972263279868,132.96703296703257,complete_hourly_ordered,/v1/candles/minutes/60,120,False,6.869209263270393,104801000.0,2026-09-02T20:00:00,112000000.0,2026-09-04T06:00:00,D-2,2.6339285714285676,40.977913599111055,True,0.09398351626370705,-8.685135447500079,,False,0.41594191926599244,-42.43045870144429,-77.17097804869648,0.2595389842697582,0.05232237929135852,0.0,0.005416207878994328,-0.005082139745205438,,0.41594191926599244,-42.43045870144429,-77.17097804869648,0.2595389842697582,0.05232237929135852,0.0,0.005416207878994328,-0.005082139745205438,,0.41594191926599244,-42.43045870144429,-77.17097804869648,0.2595389842697582,0.05232237929135852,0.0,0.005416207878994328,-0.005082139745205438,,0.41594191926599244,-42.43045870144429,-77.17097804869648,0.2595389842697582,0.05232237929135852,0.0,0.005416207878994328,-0.005082139745205438,,0.5081254812572239,-36.15281531236706,-83.22057986357063,0.4842759615376613,0.009175406241102024,0.0,0.0015386954201668246,-0.0014437821018074004,,0.20826864382553473,-32.42285891895397,-52.8418627044392,0.6674912538371602,-0.10173406166367194,0.0,-0.004800729710918716,0.004504561398352536,,0.41594191926599244,-87604914.73849948,-582936243.9744496,0.2595389842697582,0.05232237929135852,0.0,0.005416207878994328,-0.005082139745205438,291308621.58865047,1406969559.3983293,0.20704685445591622,-0.10173406166367194,False,False,falling,falling,sell_advantage_weakening,accelerating,neutral,False,False,False,pass,S0,🌱 초발사 준비,발사 구조 관찰 또는 초기 준비,S0,False,,,2026-09-05T23:40:00Z,33999614992-1
KRW-BTT,2026-09-06T08:57:39.324580+09:00,1788652659,0.000411,-27.92032252113511,11.0,22793.62981947283,0.0,,1,0.0,complete,1788652853338,1788652853338,656944414712.8918,472460991854.5126,0.16334561689329852,0.000409,0.000413,0.9779951100244544,0.4889975550122161,0.48426150121065237,50.00000000000113,complete_hourly_ordered,/v1/candles/minutes/60,120,False,4.271356783919589,0.000398,2026-09-02T21:00:00,0.000415,2026-09-04T00:00:00,D-2,0.9638554216867434,23.529411764706033,False,0.0,1.5606339695969897,2.816964660991695,True,,-98.84938743927883,-100.0,0.19362757058052438,0.24390243902439046,0.0,0.016450074025342598,-0.014201057325006872,-0.04028110323788825,,-98.84938743927883,-100.0,0.19362757058052438,0.24390243902439046,0.0,0.016450074025342598,-0.014201057325006872,-0.04028110323788825,,-98.84938743927883,-100.0,0.19362757058052438,0.24390243902439046,0.0,0.016450074025342598,-0.014201057325006872,-0.04028110323788825,,-98.84938743927883,-100.0,0.19362757058052438,0.24390243902439046,0.0,0.016450074025342598,-0.014201057325006872,-0.04028110323788825,,-89.5668270319808,-100.0,0.3121669384690726,0.0,0.0,0.0,0.0,0.0,,,-100.0,0.456009900495836,0.24390243902439046,0.0,0.016450074025342598,-0.014201057325006872,-0.04028110323788825,,-1958205.9348981688,-2287074.869290825,0.19362757058052438,0.24390243902439046,0.0,0.016450074025342598,-0.014201057325006872,22793.62981947283,1999023.0594478922,0.011402384635707091,0.24390243902439046,False,True,falling,falling,buy_only,accelerating,neutral,False,False,False,pass,S1,⚡ 선행 시동,가격 미급등 상태에서 선행조건 5개 개선,S1,False,,,2026-09-05T23:40:00Z,33999614992-1
KRW-CAP,2026-09-06T08:57:39.324580+09:00,1788652659,61.3,,,2301887.7740113204,37765385.54199734,0.06095231760447633,46,0.0,complete,1788652802222,1788652913819,3910689.79927266,3694076.86696964,0.02848383675788096,62.0,66.4,7.096774193548394,-1.1290322580645218,7.680722891566277,115.90909090909098,complete_hourly_ordered,/v1/candles/minutes/60,120,False,27.288135593220318,59.0,2026-09-04T10:00:00,75.1,2026-09-04T12:00:00,D-2,18.641810918774958,86.95652173913044,True,,,,True,-0.9660925304112956,-77.44907569298012,279.9824442740712,,0.4918032786885185,,,,,-0.9660925304112956,-77.44907569298012,279.9824442740712,,0.4918032786885185,,,,,-0.9660925304112956,-77.44907569298012,279.9824442740712,,0.4918032786885185,,,,,-0.9660925304112956,-77.44907569298012,279.9824442740712,,0.4918032786885185,,,,,-0.5943138841403963,-83.26229928167844,79.93818786033376,,0.4918032786885185,,,,,-0.9677834832311906,-85.65369251590108,142.13287859632348,,0.4918032786885185,,,,,-0.9660925304112956,-7905621.872476938,27826667.027212966,,0.4918032786885185,,,,40067273.316008665,121144714.6817914,0.33073893005776306,0.4918032786885185,False,False,falling,rising,sell_advantage_accelerating,flat_or_na,neutral,True,True,False,🔴 1차 급등 완료·상승분 반납 / 신규매수 금지,S3,🔴 1차 급등 완료·반납,당일/5D 급등 후 상승분 상당 부분 반납,S3,False,,,2026-09-05T23:40:00Z,33999614992-1
KRW-CARV,2026-09-06T08:57:39.324580+09:00,1788652659,48.2,35.942364324048896,8.0,26461.800000000003,0.0,,2,0.0,complete,1788651922013,1788651962927,2034175.28430474,1625086.36760867,0.1117954810589069,47.1,48.5,2.972399150743099,2.3354564755838636,0.618556701030922,21.428571428571427,complete_hourly_ordered,/v1/candles/minutes/60,120,False,16.455696202531644,47.4,2026-09-02T03:00:00,55.2,2026-09-02T13:00:00,D-4,12.681159420289855,89.74358974358974,False,0.1006036217303885,17.828016929906067,,True,,,-100.0,0.007629758744066351,0.0,0.0,0.0,0.0,,,,-100.0,0.007629758744066351,0.0,0.0,0.0,0.0,,,,-100.0,0.007629758744066351,0.0,0.0,0.0,0.0,,,,-100.0,0.007629758744066351,0.0,0.0,0.0,0.0,,,-12.299632591801245,-100.0,0.03424233186733261,0.4166666666666652,0.0,0.0,0.0,,,-87.19043378374776,-100.0,0.04556398578963439,-0.20703933747411307,0.0,-0.014371945961499932,0.01058587253990595,,,26461.800000000003,-19812.201470778,0.007629758744066351,0.0,0.0,0.0,0.0,26461.800000000003,1654581.0556989978,0.01599305147901678,-0.20703933747411307,False,False,rising,falling,buy_only,accelerating,neutral,True,True,False,🔴 1차 급등 완료·상승분 반납 / 신규매수 금지,S3,🔴 1차 급등 완료·반납,당일/5D 급등 후 상승분 상당 부분 반납,S3,False,,,2026-09-05T23:40:00Z,33999614992-1
KRW-CBK,2026-09-06T08:57:39.324580+09:00,1788652659,247.0,48.724305944376866,9.0,1439499.99999702,0.0,,3,0.0,complete,1788651821793,1788652625700,402459.27468707,700533.63514291,-0.2702414111635463,247.0,252.0,2.0242914979757165,0.0,1.984126984126984,100.0,complete_hourly_ordered,/v1/candles/minutes/60,120,False,10.084033613445387,238.0,2026-09-01T07:00:00,262.0,2026-09-03T14:00:00,D-3,5.72519083969466,62.49999999999994,False,0.13721185510429112,14.158849648601748,,True,,,-100.0,0.10865666083405756,0.0,0.0,0.0,0.0,,,,-100.0,0.10865666083405756,0.0,0.0,0.0,0.0,,,,-100.0,0.10865666083405756,0.0,0.0,0.0,0.0,,,,-100.0,0.10865666083405756,0.0,0.0,0.0,0.0,,,-61.49400965376481,-100.0,0.29105582789479456,-0.40322580645161255,0.0,-0.027442371020858225,0.02099973093532803,,,20.224640970935305,-100.0,2.9556045312147035,-1.5936254980079667,0.0,-0.1097694840834107,0.08399151446866959,,,1439499.99999702,-23087.25797976,0.10865666083405756,0.0,0.0,0.0,0.0,1439499.99999702,1442147.99363059,0.9981638544412467,-1.5936254980079667,False,False,rising,falling,buy_only,accelerating,neutral,False,False,False,pass,S0,🌱 초발사 준비,발사 구조 관찰 또는 초기 준비,S0,False,,,2026-09-05T23:40:00Z,33999614992-1
KRW-CC,2026-09-06T08:57:39.324580+09:00,1788652659,149.0,-32.055571000155304,6.0,731051.4742602101,71412.26179224,10.237058117372914,6,0.0,complete,1788651813409,1788652798122,1649796.20580554,2015560.09538424,-0.09978945006245978,147.0,152.0,3.401360544217691,1.3605442176870763,1.9736842105263157,60.0,complete_hourly_ordered,/v1/candles/minutes/60,120,False,5.555555555555558,144.0,2026-09-05T04:00:00,152.0,2026-09-06T01:00:00,D0,2.631578947368418,50.0000000000002,False,-0.20859407592824786,19.311856974194633,,True,10.235800892318325,14503.505281582553,-98.20652647329722,0.09443066644472964,0.6756756756756799,0.0,0.04171881518564291,-0.030331514103909996,,10.235800892318325,14503.505281582553,-98.20652647329722,0.09443066644472964,0.6756756756756799,0.0,0.04171881518564291,-0.030331514103909996,,10.235800892318325,14503.505281582553,-98.20652647329722,0.09443066644472964,0.6756756756756799,0.0,0.04171881518564291,-0.030331514103909996,,10.235800892318325,14503.505281582553,-98.20652647329722,0.09443066644472964,0.6756756756756799,0.0,0.04171881518564291,-0.030331514103909996,,-33.65263116790469,-87.66180350361749,-47.102028301672206,0.2289650700193704,0.0,0.0,0.0,0.0,,,-81.62956581587328,,0.38253086622118815,0.0,0.0,0.0,0.0,,10.235800892318325,726045.4742611401,-3910372.84565388,0.09443066644472964,0.6756756756756799,0.0,0.04171881518564291,-0.030331514103909996,802463.73605245,5486828.954942835,0.14625273407321127,0.0,False,False,rising,falling,buy_advantage_accelerating,accelerating,neutral,False,False,False,pass,S0,🌱 초발사 준비,발사 구조 관찰 또는 초기 준비,S0,False,,,2026-09-05T23:40:00Z,33999614992-1
KRW-CELO,2026-09-06T08:57:39.324580+09:00,1788652659,107.0,157.5250149090297,9.0,2516384.9258611198,1266240.5235843,1.987288259214831,4,0.0,complete,1788652027083,1788652762911,1136459.05011253,2789171.90072384,-0.4210056603153676,103.0,108.0,4.854368932038833,3.8834951456310662,0.9259259259259258,20.0,complete_hourly_ordered,/v1/candles/minutes/60,120,False,13.682092555331993,99.4,2026-09-01T18:00:00,113.0,2026-09-03T13:00:00,D-3,4.424778761061942,36.764705882352935,True,0.32094486167277836,-2.2723182881541826,,False,-250.96331490520365,-50.259361029636395,6231.202617937328,1.817052800896505,-0.92592592592593,0.0,-0.06418897233455567,0.05706730367988255,,-250.96331490520365,-50.259361029636395,6231.202617937328,1.817052800896505,-0.92592592592593,0.0,-0.06418897233455567,0.05706730367988255,,-250.96331490520365,-50.259361029636395,6231.202617937328,1.817052800896505,-0.92592592592593,0.0,-0.06418897233455567,0.05706730367988255,,-250.96331490520365,-50.259361029636395,6231.202617937328,1.817052800896505,-0.92592592592593,0.0,-0.06418897233455567,0.05706730367988255,,1.987288259214831,,113.01242452841302,1.8208069783867131,0.0,0.0,0.0,0.0,,,-55.96032409541763,,2.611125324791601,0.0,0.0,0.06418897233455567,-0.05707664030232307,,-250.96331490520365,-2542627.137414602,1246240.52358435,1.817052800896505,-0.92592592592593,0.0,-0.06418897233455567,0.05706730367988255,3782625.44944542,4466316.19286223,0.8469228971049028,0.0,False,False,falling,rising,buy_advantage_weakening,accelerating,neutral,False,False,False,pass,S0,🌱 초발사 준비,발사 구조 관찰 또는 초기 준비,S0,False,,,2026-09-05T23:40:00Z,33999614992-1
KRW-CFG,2026-09-06T08:57:39.324580+09:00,1788652659,142.0,-8.817472577453444,2.0,1115145.59999872,302539.96285986004,3.6859447904251517,3,0.0,complete,1788652877966,1788652984542,1684112.54853782,1421368.95690983,0.08460639394151409,136.0,142.0,4.4117647058823595,4.4117647058823595,0.0,0.0,complete_hourly_ordered,/v1/candles/minutes/60,120,False,10.294117647058831,136.0,2026-09-03T22:00:00,150.0,2026-09-04T11:00:00,D-2,5.333333333333334,57.14285714285712,False,-2.2762345679012363,42.228304253620706,,False,3.6326339817218756,184.49804263251406,-95.88522845848459,0.37580460571263785,0.0,0.0,0.0,0.0,,3.6326339817218756,184.49804263251406,-95.88522845848459,0.37580460571263785,0.0,0.0,0.0,0.0,,3.6326339817218756,184.49804263251406,-95.88522845848459,0.37580460571263785,0.0,0.0,0.0,0.0,,3.6326339817218756,184.49804263251406,-95.88522845848459,0.37580460571263785,0.0,0.0,0.0,0.0,,3.5607914226166857,2020.0486692063425,-28.015408272453723,0.39974144984922333,0.0,0.0,0.0,0.0,,3.6859447904251517,,-95.91379329120223,0.5437652136507491,0.0,0.0,0.0,0.0,,3.6326339817218756,723176.08425792,-7049993.702920261,0.37580460571263785,0.0,0.0,0.0,0.0,1417685.5628585801,8298632.076540146,0.17083364460346573,0.0,False,False,rising,falling,buy_advantage_accelerating,accelerating,leading_buy_inflow,False,False,False,pass,S0,🌱 초발사 준비,발사 구조 관찰 또는 초기 준비,S0,False,,,2026-09-05T23:40:00Z,33999614992-1
KRW-CFX,2026-09-06T08:57:39.324580+09:00,1788652659,67.0,,,10014.925372914,0.0,,1,0.0,complete,1788652894135,1788652894135,612005.00319222,1388988.62396344,-0.3882988982207175,64.8,68.0,4.938271604938271,3.395061728395077,1.4705882352941175,31.249999999999687,complete_hourly_ordered,/v1/candles/minutes/60,120,False,11.111111111111116,61.2,2026-08-31T21:00:00,68.0,2026-09-06T07:00:00,D0,1.3235294117647123,13.235294117647214,False,,,,True,,-90.04459870061282,-100.0,,-0.4457652303120341,,,,,,-90.04459870061282,-100.0,,-0.4457652303120341,,,,,,-90.04459870061282,-100.0,,-0.4457652303120341,,,,,,-90.04459870061282,-100.0,,-0.4457652303120341,,,,,,-98.99800671643959,-100.0,,-1.0339734121122657,,,,,,-98.56787560772288,-100.0,,-0.7407407407407418,,,,,,-90582.981951329,-200165.88551879898,,-0.4457652303120341,,,,10014.925372914,800368.6155000001,0.012512891159103676,-0.7407407407407418,False,False,falling,falling,buy_only,flat_or_na,neutral,False,False,False,pass,S0,🌱 초발사 준비,발사 구조 관찰 또는 초기 준비,S0,False,,,2026-09-05T23:40:00Z,33999614992-1
KRW-CHIP,2026-09-06T08:57:39.324580+09:00,1788652659,81.0,139.54598102361095,8.0,110004251.6145921,56815248.50211654,1.9361747860786724,177,0.0,complete,1788652800209,1788653068312,2085065.0328043,3977482.07187083,-0.3121488388283521,75.0,82.4,9.866666666666667,8.000000000000007,1.699029126213599,18.918918918918852,complete_hourly_ordered,/v1/candles/minutes/60,120,False,61.71428571428572,52.5,2026-09-01T14:00:00,84.9,2026-09-04T11:00:00,D-2,4.004711425206131,10.493827160493835,True,4.467902295323434,-9.22566052264306,,True,0.9572042721701242,318.6900194490927,111.69844089262067,0.35176604718654403,0.8717310087173136,0.0,0.08592119798700448,-0.0775777374673865,,0.9572042721701242,318.6900194490927,111.69844089262067,0.35176604718654403,0.8717310087173136,0.0,0.08592119798700448,-0.0775777374673865,,0.9572042721701242,318.6900194490927,111.69844089262067,0.35176604718654403,0.8717310087173136,0.0,0.08592119798700448,-0.0775777374673865,,0.9572042721701242,318.6900194490927,111.69844089262067,0.35176604718654403,0.8717310087173136,0.0,0.08592119798700448,-0.0775777374673865,,0.9064298078612396,98.4864556759646,5.564039179775082,0.5710358581299317,2.015113350125941,0.0,0.19639130968456264,-0.17734615028062173,,0.4531459775898721,279.8222517708236,190.92793973525568,0.7999045251629013,0.496277915632759,0.0,0.0613722842764286,-0.055410891634906534,,0.9572042721701242,83730816.25558011,29977427.56089628,0.35176604718654403,0.8717310087173136,0.0,0.08592119798700448,-0.0775777374673865,166819500.11670864,457742429.59753054,0.364439670282225,0.496277915632759,False,False,rising,rising,buy_advantage_accelerating,accelerating,neutral,False,False,False,pass,S0,🌱 초발사 준비,발사 구조 관찰 또는 초기 준비,S0,False,,,2026-09-05T23:40:00Z,33999614992-1
KRW-CHZ,2026-09-06T08:57:39.324580+09:00,1788652659,18.8,7.111560782064874,7.0,499999.999999878,285832.659459368,1.7492752610761564,2,0.0,complete,1788652851881,1788652932740,16158136.92375645,14809253.29249675,0.043558195309327044,18.3,19.0,3.825136612021862,2.732240437158473,1.0526315789473648,28.57142857142857,complete_hourly_ordered,/v1/candles/minutes/60,120,False,6.145251396648055,17.9,2026-09-04T21:00:00,19.0,2026-09-06T07:00:00,D0,0.526315789473697,9.090909090909156,False,-0.3473428273706114,40.91540956597848,,True,1.7444030548003668,1575.4385964932208,-95.33344887098427,0.44599727440168824,-1.0526315789473606,0.0,-0.06946856547412894,0.038144327098741826,,1.7444030548003668,1575.4385964932208,-95.33344887098427,0.44599727440168824,-1.0526315789473606,0.0,-0.06946856547412894,0.038144327098741826,,1.7444030548003668,1575.4385964932208,-95.33344887098427,0.44599727440168824,-1.0526315789473606,0.0,-0.06946856547412894,0.038144327098741826,,1.7444030548003668,1575.4385964932208,-95.33344887098427,0.44599727440168824,-1.0526315789473606,0.0,-0.06946856547412894,0.038144327098741826,,-60.25915671915581,-95.95433269452091,43.41109801788152,0.533877039244568,-1.0526315789473606,0.0,-0.06946856547412894,0.038144327098741826,,,-66.66666666667507,,1.0892610023063298,-0.5291005291005124,0.0,-0.03473428273707002,0.019072654505272624,,1.7444030548003668,470157.068062748,-5839304.546948046,0.44599727440168824,-1.0526315789473606,0.0,-0.06946856547412894,0.038144327098741826,785832.659459246,5659073.013787523,0.1388624351629104,-0.5291005291005124,False,False,rising,falling,buy_advantage_accelerating,accelerating,leading_buy_inflow,False,False,False,pass,S0,🌱 초발사 준비,발사 구조 관찰 또는 초기 준비,S0,False,,,2026-09-05T23:40:00Z,33999614992-1
KRW-CKB,2026-09-06T08:57:39.324580+09:00,1788652659,1.51,81.59520925747185,13.0,15100.0,2601701.13135726,0.005803894927824629,6,0.0,complete,1788652867177,1788652973039,48261541.48706361,155213931.36475065,-0.5256279215312482,1.46,1.54,5.47945205479452,3.424657534246589,1.9480519480519498,37.499999999999744,complete_hourly_ordered,/v1/candles/minutes/60,120,False,13.235294117647056,1.36,2026-09-03T08:00:00,1.54,2026-09-06T00:00:00,D0,2.5974025974025983,22.22222222222232,False,0.7190795781399695,9.190123723593944,6.822356760743432,True,-37.60449684477448,-97.14959113048187,18371.170851101848,0.31058871790236253,0.0,0.0,0.0,0.0,0.0,-37.60449684477448,-97.14959113048187,18371.170851101848,0.31058871790236253,0.0,0.0,0.0,0.0,0.0,-37.60449684477448,-97.14959113048187,18371.170851101848,0.31058871790236253,0.0,0.0,0.0,0.0,0.0,-37.60449684477448,-97.14959113048187,18371.170851101848,0.31058871790236253,0.0,0.0,0.0,0.0,0.0,-0.255287738831853,-98.84595632089857,-48.084664978668314,0.5421263887282919,0.0,0.0,0.0,0.0,0.0,,,,0.9988703925362756,0.6666666666666599,0.0,0.04793863854266611,-0.03831803132285394,-0.06764382037153638,-37.60449684477448,-514648.5620914673,2587615.9325773353,0.31058871790236253,0.0,0.0,0.0,0.0,2616801.13135726,2241276.361819071,1.167549515952332,0.6666666666666599,False,True,falling,rising,sell_advantage_accelerating,accelerating,neutral,False,False,False,pass,S0,🌱 초발사 준비,발사 구조 관찰 또는 초기 준비,S2,True,발사 구조 관찰 또는 초기 준비,2026-09-06T08:57:39.324580+09:00,2026-09-05T23:40:00Z,33999614992-1
KRW-COMP,2026-09-06T08:57:39.324580+09:00,1788652659,27550.0,110.27627330289734,9.0,10017.794168,0.0,,2,0.0,complete,1788652920382,1788652920382,1215.24635444,1020.7984712,0.08696063737646458,26740.0,28210.0,5.497382198952883,3.029169783096486,2.339595887982985,44.89795918367348,complete_hourly_ordered,/v1/candles/minutes/60,120,False,14.895267649340571,25780.0,2026-09-02T19:00:00,29620.0,2026-09-03T17:00:00,D-3,6.752194463200545,52.08333333333333,False,-0.02252477725498414,-1.0267823272046646,,False,,,,0.760562905713698,0.0,0.0,0.0,0.0,,,,,0.760562905713698,0.0,0.0,0.0,0.0,,,,,0.760562905713698,0.0,0.0,0.0,0.0,,,,,0.760562905713698,0.0,0.0,0.0,0.0,,,-95.14674807325734,-100.0,1.2623726145311167,0.0,0.0,0.010011012113309015,-0.008838699784668336,,,,,1.6260035263687058,-1.041666666666663,0.0,-0.07257983782161803,0.06407388903206468,,,10017.794168,0.0,0.760562905713698,0.0,0.0,0.0,0.0,10017.794168,2292502.2228442,0.004369807831885716,-1.041666666666663,False,False,rising,flat_or_na,buy_only,accelerating,neutral,False,True,False,pass,S0,🌱 초발사 준비,발사 구조 관찰 또는 초기 준비,S0,False,,,2026-09-05T23:40:00Z,33999614992-1
KRW-COW,2026-09-06T08:57:39.324580+09:00,1788652659,179.0,-39.12435940289677,8.0,0.0,0.0,,0,0.0,complete,,,384665.10537233,913657.73659883,-0.40744305971183914,173.0,180.0,4.046242774566466,3.4682080924855585,0.5555555555555556,14.285714285713894,complete_hourly_ordered,/v1/candles/minutes/60,120,False,10.303030303030303,165.0,2026-09-01T18:00:00,182.0,2026-09-04T04:00:00,D-2,1.6483516483516536,17.64705882352931,False,0.4368546465448597,17.72599731609126,,True,,-100.0,,1.192848922286899,-0.5555555555555536,0.0,-0.03971405877680745,0.029185344718449358,,,-100.0,,1.192848922286899,-0.5555555555555536,0.0,-0.03971405877680745,0.029185344718449358,,,-100.0,,1.192848922286899,-0.5555555555555536,0.0,-0.03971405877680745,0.029185344718449358,,,-100.0,,1.192848922286899,-0.5555555555555536,0.0,-0.03971405877680745,0.029185344718449358,,,,,1.1939972718049106,-0.5555555555555536,0.0,-0.03971405877680745,0.029185344718449358,,,-100.0,-100.0,1.2290276585512245,0.0,0.0,0.0,0.0,,,-19672.1311464,0.0,1.192848922286899,-0.5555555555555536,0.0,-0.03971405877680745,0.029185344718449358,0,1402734.648536925,0.0,0.0,False,False,falling,flat_or_na,unavailable,accelerating,neutral,False,False,False,pass,S0,🌱 초발사 준비,발사 구조 관찰 또는 초기 준비,S0,False,,,2026-09-05T23:40:00Z,33999614992-1
KRW-CPOOL,2026-09-06T08:57:39.324580+09:00,1788652659,27.8,-81.5574446259787,7.0,257169.38380742804,0.0,,4,0.0,complete,1788652053498,1788652746317,3922332.96654223,6706400.63613425,-0.2619378539030227,27.3,28.0,2.564102564102555,1.831501831501825,0.7142857142857117,28.57142857142857,complete_hourly_ordered,/v1/candles/minutes/60,120,False,8.108108108108114,25.9,2026-09-02T09:00:00,28.0,2026-09-06T02:00:00,D0,0.7142857142857117,9.523809523809499,False,0.12278978388997608,17.91619479048697,,True,,1121.5912208219079,-100.0,0.004558632043142552,1.090909090909098,0.0,0.07367387033396788,-0.054206900844942396,,,1121.5912208219079,-100.0,0.004558632043142552,1.090909090909098,0.0,0.07367387033396788,-0.054206900844942396,,,1121.5912208219079,-100.0,0.004558632043142552,1.090909090909098,0.0,0.07367387033396788,-0.054206900844942396,,,1121.5912208219079,-100.0,0.004558632043142552,1.090909090909098,0.0,0.07367387033396788,-0.054206900844942396,,,714.3941472146051,,0.008276869736889125,0.3610108303249149,0.0,0.024557956777981893,-0.018068057451813502,,,,,0.008534922348047758,0.3610108303249149,0.0,0.024557956777981893,-0.018068057451813502,,,236117.38380742804,-358116.51325175,0.004558632043142552,1.090909090909098,0.0,0.07367387033396788,-0.054206900844942396,257169.38380742804,1636197.308299019,0.15717504392839993,0.3610108303249149,False,False,rising,falling,buy_only,accelerating,neutral,False,True,False,pass,S0,🌱 초발사 준비,발사 구조 관찰 또는 초기 준비,S0,False,,,2026-09-05T23:40:00Z,33999614992-1
KRW-CRO,2026-09-06T08:57:39.324580+09:00,1788652659,77.4,-24.347600691864624,10.0,0.0,759936.8305303741,0.0,6,0.0,complete,1788652652033,1788652744951,992824.3709669,526879.81813727,0.3066021375543443,76.4,78.0,2.0942408376963373,1.308900523560208,0.769230769230762,37.500000000000135,complete_hourly_ordered,/v1/candles/minutes/60,120,False,8.991825613079008,73.4,2026-09-03T00:00:00,80.0,2026-09-04T05:00:00,D-2,3.2499999999999973,39.39393939393941,False,-0.17579105976898157,8.027803754085257,11.639080621003409,False,0.0,,665.1940623149812,0.04797318532153483,0.1293661060802087,0.0,0.02511300853841325,-0.02047822501311458,-0.09939398734331206,0.0,,665.1940623149812,0.04797318532153483,0.1293661060802087,0.0,0.02511300853841325,-0.02047822501311458,-0.09939398734331206,0.0,,665.1940623149812,0.04797318532153483,0.1293661060802087,0.0,0.02511300853841325,-0.02047822501311458,-0.09939398734331206,0.0,,665.1940623149812,0.04797318532153483,0.1293661060802087,0.0,0.02511300853841325,-0.02047822501311458,-0.09939398734331206,-4.296247229441199,-100.0,200.23579536947355,0.09405373154156393,-0.1290322580645098,0.0,0.008371002846130349,-0.006825943386921551,-0.03299927433250893,-0.08038730444054497,-100.0,-91.43556290548561,0.13570502380457583,0.3891050583657796,0.0,0.04185501423069615,-0.03413103313442711,-0.1663222252134151,0.0,0.0,660623.876084374,0.04797318532153483,0.1293661060802087,0.0,0.02511300853841325,-0.02047822501311458,759936.8305303741,3559078.209148084,0.21352068874942645,0.3891050583657796,False,False,flat_or_na,rising,sell_only,accelerating,neutral,False,False,False,pass,S1,⚡ 선행 시동,가격 미급등 상태에서 선행조건 3개 개선,S0,True,가격 미급등 상태에서 선행조건 3개 개선,2026-09-06T08:57:39.324580+09:00,2026-09-05T23:40:00Z,33999614992-1
KRW-CRV,2026-09-06T08:57:39.324580+09:00,1788652659,516.0,,,7014058.406159219,20208940.27332738,0.3470770021234944,37,0.0,complete,1788651770061,1788652726295,173619.89619612,466254.90851695,-0.4573316688911547,481.0,529.0,9.97920997920998,7.2765072765072825,2.4574669187145557,27.083333333333275,complete_hourly_ordered,/v1/candles/minutes/60,120,False,110.08583690987126,466.0,2026-09-01T09:00:00,979.0,2026-09-01T21:00:00,D-4,47.293156281920325,90.25341130604289,True,,,,False,-2.4185908538704703,-55.26939705571119,256.43384604961807,,-0.9596928982725572,,,,,-2.4185908538704703,-55.26939705571119,256.43384604961807,,-0.9596928982725572,,,,,-2.4185908538704703,-55.26939705571119,256.43384604961807,,-0.9596928982725572,,,,,-2.4185908538704703,-55.26939705571119,256.43384604961807,,-0.9596928982725572,,,,,-1.478074880649551,-60.16296622336791,109.48849032539125,,-1.1494252873563204,,,,,-0.22061423104378725,-30.3547765866253,13.914153118338145,,-1.526717557251911,,,,,-2.4185908538704703,-8666611.972675394,14539181.215004351,,-0.9596928982725572,,,,27222998.6794866,9479527.689357419,2.871767409894231,-1.526717557251911,False,False,falling,rising,sell_advantage_accelerating,flat_or_na,neutral,True,True,False,🔴 1차 급등 완료·상승분 반납 / 신규매수 금지,S3,🔴 1차 급등 완료·반납,당일/5D 급등 후 상승분 상당 부분 반납,S3,False,,,2026-09-05T23:40:00Z,33999614992-1
KRW-CTC,2026-09-06T08:57:39.324580+09:00,1788652659,132.0,67.53360171947213,12.0,0.0,19565.37523664,0.0,1,0.0,complete,1788652802425,1788652802425,2283132.50146468,2098723.7675201,0.04208461497239048,135.0,135.0,0.0,-2.2222222222222254,2.2222222222222223,,complete_hourly_ordered,/v1/candles/minutes/60,120,False,14.049586776859503,121.0,2026-09-01T10:00:00,138.0,2026-09-04T03:00:00,D-2,5.072463768115942,41.17647058823532,False,0.6929637526652543,9.809257800377182,5.085075427886511,True,-0.0030119870610897667,-100.0,-98.82279949930647,0.6087973732465173,0.7633587786259444,0.0,-0.05330490405117683,0.04235998101049354,0.04409841457651975,-0.0030119870610897667,-100.0,-98.82279949930647,0.6087973732465173,0.7633587786259444,0.0,-0.05330490405117683,0.04235998101049354,0.04409841457651975,-0.0030119870610897667,-100.0,-98.82279949930647,0.6087973732465173,0.7633587786259444,0.0,-0.05330490405117683,0.04235998101049354,0.04409841457651975,-0.0030119870610897667,-100.0,-98.82279949930647,0.6087973732465173,0.7633587786259444,0.0,-0.05330490405117683,0.04235998101049354,0.04409841457651975,-3.191112814780163,-100.0,-97.05162339681183,0.7861189637561949,0.0,0.0,-0.05330490405117683,0.04235998101049354,0.04409841457651975,0.0,,-96.81406283553527,0.8998113231160261,0.7633587786259444,0.0,0.0,0.0,0.0,-0.0030119870610897667,-5005.99999944,-1642460.3565833298,0.6087973732465173,0.7633587786259444,0.0,-0.05330490405117683,0.04235998101049354,19565.37523664,4005012.6760483794,0.0048852218005823005,0.7633587786259444,False,False,falling,falling,sell_only,accelerating,neutral,False,False,False,pass,S1,⚡ 선행 시동,가격 미급등 상태에서 선행조건 3개 개선,S0,True,가격 미급등 상태에서 선행조건 3개 개선,2026-09-06T08:57:39.324580+09:00,2026-09-05T23:40:00Z,33999614992-1
KRW-CVC,2026-09-06T08:57:39.324580+09:00,1788652659,29.2,389.9422357474454,12.0,22636467.490943626,8276232.293335478,2.735117465126236,39,0.0,complete,1788651819724,1788652701447,2027412.16246671,5748382.25759475,-0.4785324680817153,28.4,29.3,3.169014084507049,2.8169014084507005,0.3412969283276499,11.111111111111423,complete_hourly_ordered,/v1/candles/minutes/60,120,False,11.029411764705888,27.2,2026-09-01T09:00:00,30.2,2026-09-02T15:00:00,D-4,2.980132450331119,30.00000000000008,True,0.36162005785922435,14.947518962126827,13.333819804226858,True,2.726205669978957,64259.4158995594,109.70138855404682,2.4177862498229388,-0.34129692832765013,0.0,-0.02410800385725942,0.018258019279890902,0.05952641376956258,2.726205669978957,64259.4158995594,109.70138855404682,2.4177862498229388,-0.34129692832765013,0.0,-0.02410800385725942,0.018258019279890902,0.05952641376956258,2.726205669978957,64259.4158995594,109.70138855404682,2.4177862498229388,-0.34129692832765013,0.0,-0.02410800385725942,0.018258019279890902,0.05952641376956258,2.726205669978957,64259.4158995594,109.70138855404682,2.4177862498229388,-0.34129692832765013,0.0,-0.02410800385725942,0.018258019279890902,0.05952641376956258,-1.0898999516204553,185.54471260505102,299.3296496038568,2.734098547854103,-0.34129692832765013,0.0,-0.02410800385725942,0.018258019279890902,0.05952641376956258,2.7249852589982164,33129.06160364582,23.096615008913957,4.040006793150326,-0.34129692832765013,0.0,-0.02410800385725942,0.018258019279890902,0.05952641376956258,2.726205669978957,22601295.531760108,4329557.285409898,2.4177862498229388,-0.34129692832765013,0.0,-0.02410800385725942,0.018258019279890902,30912699.784279104,5079935.610262973,6.085254254370135,-0.34129692832765013,False,True,rising,rising,buy_advantage_accelerating,accelerating,leading_buy_inflow,False,False,False,pass,S2,🚀 발사 진행,가격 상승 초입과 실제 매수수급·구조 동반,S0,True,가격 상승 초입과 실제 매수수급·구조 동반,2026-09-06T08:57:39.324580+09:00,2026-09-05T23:40:00Z,33999614992-1
KRW-CYBER,2026-09-06T08:57:39.324580+09:00,1788652659,425.0,86.58429684328112,7.0,13422772.767608117,4192281.87762864,3.2017820269281834,35,0.0,complete,1788651774206,1788652701086,152096.16999509,42034.30621023,0.5669478895650277,416.0,431.0,3.605769230769229,2.163461538461542,1.3921113689095126,39.99999999999987,complete_hourly_ordered,/v1/candles/minutes/60,120,False,6.157635467980294,406.0,2026-09-02T19:00:00,431.0,2026-09-05T10:00:00,D-1,1.1600928074245953,20.000000000000075,True,-0.8921820656283108,18.727718014694485,,True,,,,3.3825866706551864,0.47281323877068626,0.0,0.015121729925904326,-0.011140819958995962,,,,,3.3825866706551864,0.47281323877068626,0.0,0.015121729925904326,-0.011140819958995962,,,,,3.3825866706551864,0.47281323877068626,0.0,0.015121729925904326,-0.011140819958995962,,,,,3.3825866706551864,0.47281323877068626,0.0,0.015121729925904326,-0.011140819958995962,,,,,3.3825866706551864,0.47281323877068626,0.0,0.015121729925904326,-0.011140819958995962,,,,,3.3825866706551864,0.47281323877068626,0.0,0.015121729925904326,-0.011140819958995962,,,13422772.767608117,4192281.87762864,3.3825866706551864,0.47281323877068626,0.0,0.015121729925904326,-0.011140819958995962,17615054.645236757,962542.381961595,18.30054964368269,0.47281323877068626,False,False,rising,rising,buy_advantage_weakening,accelerating,neutral,False,False,False,pass,S0,🌱 초발사 준비,발사 구조 관찰 또는 초기 준비,S0,False,,,2026-09-05T23:40:00Z,33999614992-1
KRW-DATA,2026-09-06T08:57:39.324580+09:00,1788652659,261.0,129.9615138137476,7.0,7130405.349308081,918509.9999976,7.763013303422622,21,0.0,complete,1788652808908,1788652935400,2461416.20737602,1649010.99444926,0.19764495830652415,259.0,272.0,5.019305019305009,0.7722007722007707,4.044117647058823,84.61538461538461,complete_hourly_ordered,/v1/candles/minutes/60,120,False,8.203125,256.0,2026-09-02T00:00:00,277.0,2026-09-02T09:00:00,D-4,5.415162454873645,71.42857142857143,False,-0.33222591362126463,42.319424673235844,,False,7.4628194632651015,386.5747026370692,-81.18427435339748,0.7873447263247328,-0.3816793893129722,0.0,-0.02555583950932805,0.013723275616968067,,7.4628194632651015,386.5747026370692,-81.18427435339748,0.7873447263247328,-0.3816793893129722,0.0,-0.02555583950932805,0.013723275616968067,,7.4628194632651015,386.5747026370692,-81.18427435339748,0.7873447263247328,-0.3816793893129722,0.0,-0.02555583950932805,0.013723275616968067,,7.4628194632651015,386.5747026370692,-81.18427435339748,0.7873447263247328,-0.3816793893129722,0.0,-0.02555583950932805,0.013723275616968067,,7.602146259165562,736.9854053409559,-82.65578545587005,1.01014920901045,-0.3816793893129722,0.0,-0.02555583950932805,0.013723275616968067,,5.265100088739045,9.415768409447178,-64.79316946626689,1.277042028266436,0.0,0.0,0.0,0.0,,7.4628194632651015,5664976.647268351,-3963098.1678141598,0.7873447263247328,-0.3816793893129722,0.0,-0.02555583950932805,0.013723275616968067,8048915.349305681,26083663.418931305,0.30858070893001344,0.0,False,False,rising,falling,buy_advantage_accelerating,accelerating,leading_buy_inflow,False,False,False,pass,S0,🌱 초발사 준비,발사 구조 관찰 또는 초기 준비,S0,False,,,2026-09-05T23:40:00Z,33999614992-1
KRW-DEEP,2026-09-06T08:57:39.324580+09:00,1788652659,21.5,51.967052111418276,6.0,4286823.507793722,15007673.37881364,0.2856421111779684,35,0.0,complete,1788652845472,1788653102353,7152732.19508992,12432491.48544384,-0.2695787077275816,20.1,22.4,11.442786069651723,6.965174129353224,4.017857142857137,39.13043478260868,complete_hourly_ordered,/v1/candles/minutes/60,120,False,16.0621761658031,19.3,2026-09-02T19:00:00,22.4,2026-09-05T21:00:00,D-1,4.01785714285714,29.03225806451611,False,0.03401360544217358,32.14316615233756,,True,-0.13038785975269396,90.38973077326231,177.29746791342956,1.2753316417663854,0.0,0.0,-0.03401360544217358,0.02111504776352291,,-0.13038785975269396,90.38973077326231,177.29746791342956,1.2753316417663854,0.0,0.0,-0.03401360544217358,0.02111504776352291,,-0.13038785975269396,90.38973077326231,177.29746791342956,1.2753316417663854,0.0,0.0,-0.03401360544217358,0.02111504776352291,,-0.13038785975269396,90.38973077326231,177.29746791342956,1.2753316417663854,0.0,0.0,-0.03401360544217358,0.02111504776352291,,-4.619474551445726,-67.50023361461713,458.09399031151906,1.7404817715221057,0.4672897196261738,0.0,0.03401360544217358,-0.021116265751956576,,-1.075910835464503,11.633683886797197,432.1175180151319,2.0327257519936026,0.0,0.0,0.0,0.0,,-0.13038785975269396,2035219.1327137668,9595552.7807637,1.2753316417663854,0.0,0.0,-0.03401360544217358,0.02111504776352291,19294496.88660736,4537538.610037601,4.252194536466429,0.0,False,False,rising,rising,sell_advantage_accelerating,accelerating,neutral,False,False,False,pass,S0,🌱 초발사 준비,발사 구조 관찰 또는 초기 준비,S0,False,,,2026-09-05T23:40:00Z,33999614992-1
KRW-DKA,2026-09-06T08:57:39.324580+09:00,1788652659,5.05,-87.16394563909272,5.0,554337.9999999545,0.0,,6,0.0,complete,1788652093552,1788652186965,14050169.85061521,21200729.17814008,-0.20284757338222578,5.0,5.06,1.200000000000001,1.0000000000000009,0.19762845849801955,16.666666666666664,complete_hourly_ordered,/v1/candles/minutes/60,120,False,7.724425887265141,4.79,2026-09-01T11:00:00,5.16,2026-09-04T11:00:00,D-2,2.131782945736438,29.72972972972976,False,0.34597287572655233,19.945901933453847,,True,,,,0.03340524937772216,0.1984126984126977,0.0,0.013838915029085186,-0.009935770106739739,,,,,0.03340524937772216,0.1984126984126977,0.0,0.013838915029085186,-0.009935770106739739,,,,,0.03340524937772216,0.1984126984126977,0.0,0.013838915029085186,-0.009935770106739739,,,,,0.03340524937772216,0.1984126984126977,0.0,0.013838915029085186,-0.009935770106739739,,,,-100.0,0.03354973916270865,0.7984031936127733,0.0,0.013838915029085186,-0.009935770106739739,,,33.01633825318093,-100.0,0.05440021385862792,0.1984126984126977,0.0,0.013838915029085186,-0.009935770106739739,,,554337.9999999545,0.0,0.03340524937772216,0.1984126984126977,0.0,0.013838915029085186,-0.009935770106739739,554337.9999999545,1311580.8779743959,0.42264873581877277,0.1984126984126977,False,False,rising,flat_or_na,buy_only,accelerating,neutral,False,True,False,pass,S0,🌱 초발사 준비,발사 구조 관찰 또는 초기 준비,S0,False,,,2026-09-05T23:40:00Z,33999614992-1
KRW-DOGE,2026-09-06T08:57:39.324580+09:00,1788652659,123.0,23.313045852629433,12.0,27811593.974566896,64917033.09795837,0.42841751459281596,97,0.0,complete,1788651763568,1788652743521,123222683.24504423,97462800.86418346,0.11672667318758034,116.0,130.0,12.06896551724137,6.034482758620685,5.384615384615385,50.0,complete_hourly_ordered,/v1/candles/minutes/60,120,False,18.181818181818187,110.0,2026-09-02T10:00:00,130.0,2026-09-06T02:00:00,D0,6.153846153846154,39.99999999999999,False,-0.2220988339811214,1.7495899398578514,2.241260890145955,False,-2.547843794475043,-71.31461936170996,99.28034130623888,0.6524761136490689,0.0,0.0,-0.05552470849528035,0.0479566452497715,0.08789124132449055,-2.547843794475043,-71.31461936170996,99.28034130623888,0.6524761136490689,0.0,0.0,-0.05552470849528035,0.0479566452497715,0.08789124132449055,-2.547843794475043,-71.31461936170996,99.28034130623888,0.6524761136490689,0.0,0.0,-0.05552470849528035,0.0479566452497715,0.08789124132449055,-2.547843794475043,-71.31461936170996,99.28034130623888,0.6524761136490689,0.0,0.0,-0.05552470849528035,0.0479566452497715,0.08789124132449055,-2.8802069510569535,-65.32707808902519,167.77541492263475,1.3944348845240633,0.0,0.0,-0.1110494169905718,0.09590673635915059,0.17366291468697836,0.2632971243031659,-77.9578309578599,-91.50452203494099,2.183717365523563,-0.8064516129032251,0.0,-0.05552470849528035,0.0479566452497715,0.08789124132449055,-2.547843794475043,-69142301.54893614,32341299.499530412,0.6524761136490689,0.0,0.0,-0.05552470849528035,0.0479566452497715,92728627.07252526,137185642.42644104,0.6759353634418876,-0.8064516129032251,False,False,falling,rising,sell_advantage_accelerating,accelerating,neutral,False,False,False,pass,S0,🌱 초발사 준비,발사 구조 관찰 또는 초기 준비,S2,True,발사 구조 관찰 또는 초기 준비,2026-09-06T08:57:39.324580+09:00,2026-09-05T23:40:00Z,33999614992-1
KRW-DOOD,2026-09-06T08:57:39.324580+09:00,1788652659,2.01,163.95706779498357,7.0,5670299.626572235,4290340.3857395295,1.3216433002424446,31,0.0,complete,1788652019605,1788652690451,121457918.01782146,119919136.51197979,0.006375011530566544,1.88,2.09,11.170212765957444,6.914893617021267,3.827751196172252,38.095238095238166,complete_hourly_ordered,/v1/candles/minutes/60,120,False,17.41573033707864,1.78,2026-09-02T19:00:00,2.09,2026-09-05T17:00:00,D-1,4.784688995215303,32.25806451612901,False,0.17921146953405742,24.71633951718797,,False,-2.9803124093754554,-31.882221470250926,121.72371790390488,2.785938138705717,0.0,0.0,0.03584229390680704,-0.02440122355277552,,-2.9803124093754554,-31.882221470250926,121.72371790390488,2.785938138705717,0.0,0.0,0.03584229390680704,-0.02440122355277552,,-2.9803124093754554,-31.882221470250926,121.72371790390488,2.785938138705717,0.0,0.0,0.03584229390680704,-0.02440122355277552,,-2.9803124093754554,-31.882221470250926,121.72371790390488,2.785938138705717,0.0,0.0,0.03584229390680704,-0.02440122355277552,,1.249845531080846,669.4241824325412,-58.201324194274406,3.327396711440116,0.49999999999998934,0.0,0.03584229390680704,-0.02440122355277552,,-160.36777625467371,50.904190090260435,18361.5704552227,3.8363591856130483,0.0,0.0,0.03584229390680704,-0.02440122355277552,,-2.9803124093754554,-2653958.370326247,2355346.4995198497,2.785938138705717,0.0,0.0,0.03584229390680704,-0.02440122355277552,9960640.012311764,3704158.6930357413,2.6890424622030777,0.0,False,False,falling,rising,buy_advantage_weakening,accelerating,neutral,False,False,False,pass,S0,🌱 초발사 준비,발사 구조 관찰 또는 초기 준비,S0,False,,,2026-09-05T23:40:00Z,33999614992-1
KRW-DOS,2026-09-06T08:57:39.324580+09:00,1788652659,336.0,,,23579543.63422001,1689160.49975005,13.959326918732202,25,0.0,complete,1788652802729,1788653036093,830624.02715961,1031280.9070454,-0.10776966976107502,331.0,340.0,2.7190332326284095,1.5105740181268867,1.1764705882352942,44.44444444444471,complete_hourly_ordered,/v1/candles/minutes/60,120,False,12.011173184357538,358.0,2026-09-01T10:00:00,401.0,2026-09-01T19:00:00,D-4,15.710723192019948,146.51162790697683,True,,,,True,13.823861614744457,1044.8426551241005,-88.89011918716426,,0.9009009009008917,,,,,13.823861614744457,1044.8426551241005,-88.89011918716426,,0.9009009009008917,,,,,13.823861614744457,1044.8426551241005,-88.89011918716426,,0.9009009009008917,,,,,13.823861614744457,1044.8426551241005,-88.89011918716426,,0.9009009009008917,,,,,13.94823233607818,146538.95294912942,16.545589430275044,,0.5988023952095745,,,,,-727.3123343051453,300.00076484451984,21140.940424514967,,0.29850746268655914,,,,,13.823861614744457,21519911.81244237,-13514967.50312185,,0.9009009009008917,,,,25268704.133970063,27984977.828005563,0.9029381509347766,0.29850746268655914,False,False,rising,falling,buy_advantage_accelerating,flat_or_na,neutral,False,True,False,pass,S0,🌱 초발사 준비,발사 구조 관찰 또는 초기 준비,S0,False,,,2026-09-05T23:40:00Z,33999614992-1
KRW-DOT,2026-09-06T08:57:39.324580+09:00,1788652659,1251.0,23.818042583339082,9.0,112590.0,85127.34852,1.3226066823113594,3,0.0,complete,1788652816697,1788652920885,51574.08016603,65451.89492599,-0.11858747384115004,1230.0,1264.0,2.764227642276418,1.7073170731707332,1.0284810126582278,38.235294117646895,complete_hourly_ordered,/v1/candles/minutes/60,120,False,9.817549956559525,1151.0,2026-09-02T22:00:00,1264.0,2026-09-06T07:00:00,D0,1.0284810126582333,11.504424778761049,False,-0.21455685756724963,12.795980672612325,,False,0.10266864198840686,-97.51734807682323,-97.71006636933708,0.8189985768314081,-0.4773269689737458,0.0,-0.03300874731803072,0.0257014692373545,,0.10266864198840686,-97.51734807682323,-97.71006636933708,0.8189985768314081,-0.4773269689737458,0.0,-0.03300874731803072,0.0257014692373545,,0.10266864198840686,-97.51734807682323,-97.71006636933708,0.8189985768314081,-0.4773269689737458,0.0,-0.03300874731803072,0.0257014692373545,,0.10266864198840686,-97.51734807682323,-97.71006636933708,0.8189985768314081,-0.4773269689737458,0.0,-0.03300874731803072,0.0257014692373545,,-1.7562126165668204,-96.87990712891713,-92.73691697293214,1.5798313070463976,-0.7930214115781098,0.0,-0.05501457886338823,0.042834752393092757,,1.0913819870597876,-93.06470325711899,-98.7875368412252,1.8439505320940945,-0.7142857142857117,0.0,-0.05501457886338823,0.042834752393092757,,0.10266864198840686,-4422479.89638448,-3632331.85554246,0.8189985768314081,-0.4773269689737458,0.0,-0.03300874731803072,0.0257014692373545,197717.34852,8400607.867655542,0.02353607639290743,-0.7142857142857117,False,False,falling,falling,buy_advantage_accelerating,accelerating,neutral,False,False,False,pass,S0,🌱 초발사 준비,발사 구조 관찰 또는 초기 준비,S0,False,,,2026-09-05T23:40:00Z,33999614992-1
KRW-DRV,2026-09-06T08:57:39.324580+09:00,1788652659,238.0,,,89027189.92118223,69462559.3382179,1.2816572088526543,285,0.0,complete,1788652805298,1788653057499,1583745.87023792,2959511.42762735,-0.302814801626106,206.0,305.0,48.05825242718447,15.533980582524265,21.9672131147541,67.6767676767677,complete_hourly_ordered,/v1/candles/minutes/60,120,False,62.23404255319149,188.0,2026-09-01T11:00:00,305.0,2026-09-05T09:00:00,D-1,21.63934426229508,56.41025641025643,False,,,,True,0.3328467360975793,98.89910886553106,47.24495458673268,,1.2765957446808418,,,,,0.3328467360975793,98.89910886553106,47.24495458673268,,1.2765957446808418,,,,,0.3328467360975793,98.89910886553106,47.24495458673268,,1.2765957446808418,,,,,0.3328467360975793,98.89910886553106,47.24495458673268,,1.2765957446808418,,,,,0.5928079053111317,159.98725208411645,39.7347405303029,,1.2765957446808418,,,,,0.7461593503825434,123.83113631941383,-6.4796005280711615,,1.7094017094017033,,,,,0.3328467360975793,44267215.66641043,22287727.75694161,,1.2765957446808418,,,,158489749.25940013,6959570.176418621,22.77292206872445,1.7094017094017033,False,False,rising,rising,buy_advantage_accelerating,flat_or_na,neutral,False,True,False,pass,S0,🌱 초발사 준비,발사 구조 관찰 또는 초기 준비,S0,False,,,2026-09-05T23:40:00Z,33999614992-1
KRW-EDGE,2026-09-06T08:57:39.324580+09:00,1788652659,97.0,25.380383016337625,9.0,8899775.09436598,1093230.3652590278,8.140804881738978,41,0.0,complete,1788652832835,1788653044786,541102.35066486,3805810.19218045,-0.7510406085553879,93.9,101.0,7.561235356762497,3.301384451544198,3.9603960396039604,56.33802816901397,complete_hourly_ordered,/v1/candles/minutes/60,120,False,10.382513661202175,91.5,2026-09-04T22:00:00,101.0,2026-09-05T09:00:00,D-1,3.267326732673259,34.73684210526298,False,0.11082634896444343,10.552740494333353,,True,-27.033314858519013,909.2463364102018,4260.668508827598,0.35662850651938527,0.5181347150259086,0.0,0.04155988086165241,-0.03298274350695607,,-27.033314858519013,909.2463364102018,4260.668508827598,0.35662850651938527,0.5181347150259086,0.0,0.04155988086165241,-0.03298274350695607,,-27.033314858519013,909.2463364102018,4260.668508827598,0.35662850651938527,0.5181347150259086,0.0,0.04155988086165241,-0.03298274350695607,,-27.033314858519013,909.2463364102018,4260.668508827598,0.35662850651938527,0.5181347150259086,0.0,0.04155988086165241,-0.03298274350695607,,7.189578736564491,521.3082190738393,-27.402188016992778,0.457632843099006,0.10319917440659854,0.0,0.013853293620558205,-0.01099390762236041,,5.115176723490159,-2.669205665241947,-63.82583831918811,0.7809415440203722,0.6224066390041472,0.0,0.04155988086165241,-0.03298274350695607,,-27.033314858519013,8017951.225079352,1068160.1182763479,0.35662850651938527,0.5181347150259086,0.0,0.04155988086165241,-0.03298274350695607,9993005.459625008,1452748.62542991,6.8786886352535985,0.6224066390041472,False,False,rising,rising,buy_advantage_weakening,accelerating,neutral,False,False,False,pass,S0,🌱 초발사 준비,발사 구조 관찰 또는 초기 준비,S0,False,,,2026-09-05T23:40:00Z,33999614992-1
KRW-EGLD,2026-09-06T08:57:39.324580+09:00,1788652659,6240.0,402.0007000706852,10.0,3492736.5978306,49641.7197484,70.35889601594985,10,0.0,complete,1788652801102,1788652812961,5531.36193615,14862.99453022,-0.45755955131301784,6480.0,6585.0,1.620370370370372,-3.703703703703709,5.239179954441914,328.57142857142867,complete_hourly_ordered,/v1/candles/minutes/60,120,False,43.11320754716981,5300.0,2026-09-01T10:00:00,7585.0,2026-09-03T07:00:00,D-3,17.798286090969018,59.08096280087529,True,2.2072827718426336,-14.94776262314616,,True,68.26880166975457,8637.071202855595,159.54504913286937,0.34238354293546536,-0.31948881789137795,0.0,-0.025226088821073134,0.024293321703344972,,68.26880166975457,8637.071202855595,159.54504913286937,0.34238354293546536,-0.31948881789137795,0.0,-0.025226088821073134,0.024293321703344972,,68.26880166975457,8637.071202855595,159.54504913286937,0.34238354293546536,-0.31948881789137795,0.0,-0.025226088821073134,0.024293321703344972,,68.26880166975457,8637.071202855595,159.54504913286937,0.34238354293546536,-0.31948881789137795,0.0,-0.025226088821073134,0.024293321703344972,,70.35379140732766,55252.402501277335,-95.98412756500497,0.37805417415250986,-0.5577689243027928,2.0,-0.08829131087371156,0.08501908859461338,,70.35889601594985,,-16.504269782012628,0.387316053692075,-0.16000000000000458,0.0,-0.012613044410536567,0.012146876227918213,,68.26880166975457,3452760.5404455,30515.2829644,0.34238354293546536,-0.31948881789137795,0.0,-0.025226088821073134,0.024293321703344972,3542378.3175790003,9055241.497173801,0.3911964488947754,-0.16000000000000458,False,True,rising,rising,buy_advantage_accelerating,accelerating,leading_buy_inflow,False,True,False,pass,S0,🌱 초발사 준비,발사 구조 관찰 또는 초기 준비,S0,False,,,2026-09-05T23:40:00Z,33999614992-1
KRW-ELF,2026-09-06T08:57:39.324580+09:00,1788652659,91.5,90.09698852982804,13.0,365612.126136475,440653.675851085,0.8297040196710633,13,0.0,complete,1788652801022,1788652960380,532070.74820706,1127205.7095714,-0.35867137062930593,88.3,98.9,12.004530011325043,3.624009060022648,7.482305358948437,69.81132075471702,complete_hourly_ordered,/v1/candles/minutes/60,120,False,15.000000000000014,86.0,2026-09-01T18:00:00,98.9,2026-09-05T09:00:00,D-1,7.583417593528818,58.13953488372099,True,0.3754035588257487,6.020052195460556,7.224900391508941,True,0.825415760969797,554.5094806852203,-96.61722022665089,1.0267542455144678,1.104972375690605,0.0,0.07508071176516307,-0.062044242808931394,-0.18480968508751694,0.825415760969797,554.5094806852203,-96.61722022665089,1.0267542455144678,1.104972375690605,0.0,0.07508071176516307,-0.062044242808931394,-0.18480968508751694,0.825415760969797,554.5094806852203,-96.61722022665089,1.0267542455144678,1.104972375690605,0.0,0.07508071176516307,-0.062044242808931394,-0.18480968508751694,0.825415760969797,554.5094806852203,-96.61722022665089,1.0267542455144678,1.104972375690605,0.0,0.07508071176516307,-0.062044242808931394,-0.18480968508751694,0.7582720793645542,-19.862569149326525,-93.10070574430658,1.6687100584647254,-0.10917030567685337,0.0,-0.007508071176509645,0.00620382457729729,0.018176916752592476,-7.7302586719459265,-71.4890080042661,194.14468533155699,1.7290096007092046,0.5494505494505475,0.0,0.037540355882592635,-0.031020758369911583,-0.09170755846584555,0.825415760969797,309751.647881262,-12585724.196061572,1.0267542455144678,1.104972375690605,0.0,0.07508071176516307,-0.062044242808931394,806265.80198756,1384053.0620599366,0.5825396612956192,0.5494505494505475,False,True,rising,falling,sell_advantage_weakening,accelerating,neutral,False,True,False,pass,S0,🌱 초발사 준비,발사 구조 관찰 또는 초기 준비,S3,True,발사 구조 관찰 또는 초기 준비,2026-09-06T08:57:39.324580+09:00,2026-09-05T23:40:00Z,33999614992-1
KRW-ELSA,2026-09-06T08:57:39.324580+09:00,1788652659,72.4,1113.8329287955241,7.0,235197840.8489782,248723256.6470506,0.9456206227740674,852,0.0,complete,1788652803860,1788653013423,1223957.84223408,1042853.54281451,0.07989385469567332,68.2,81.5,19.50146627565983,6.158357771260992,11.165644171779133,68.42105263157899,complete_hourly_ordered,/v1/candles/minutes/60,120,False,32.952691680261026,61.3,2026-09-02T10:00:00,81.5,2026-09-05T09:00:00,D-1,8.834355828220863,35.64356435643567,False,0.7393324883819163,16.202859715785536,,True,0.7323529779429088,2147.650126249681,406.91687267088605,9.26740751019679,0.6954102920723182,0.0,0.08449514152935045,-0.06292831277020738,,0.7323529779429088,2147.650126249681,406.91687267088605,9.26740751019679,0.6954102920723182,0.0,0.08449514152935045,-0.06292831277020738,,0.7323529779429088,2147.650126249681,406.91687267088605,9.26740751019679,0.6954102920723182,0.0,0.08449514152935045,-0.06292831277020738,,0.7323529779429088,2147.650126249681,406.91687267088605,9.26740751019679,0.6954102920723182,0.0,0.08449514152935045,-0.06292831277020738,,-0.05155028368720238,1390.7597205056104,1472.028132647548,12.635822103484543,0.13831258644538824,0.0,0.02112378538232651,-0.015731041550612446,,0.20735574151950265,3230.9687267476547,2500.553723438174,13.94377511687253,-0.13793103448275223,0.0,0.02112378538232651,-0.015731041550612446,,0.7323529779429088,224733674.8249975,199657370.2944112,9.26740751019679,0.6954102920723182,0.0,0.08449514152935045,-0.06292831277020738,483921097.4960288,7980458.92917459,60.63825423960677,-0.13793103448275223,False,True,rising,rising,sell_advantage_weakening,accelerating,neutral,False,True,False,pass,S0,🌱 초발사 준비,발사 구조 관찰 또는 초기 준비,S3,True,발사 구조 관찰 또는 초기 준비,2026-09-06T08:57:39.324580+09:00,2026-09-05T23:40:00Z,33999614992-1
KRW-ENA,2026-09-06T08:57:39.324580+09:00,1788652659,234.0,-33.56719431469435,6.0,10677852.75511486,31228362.75734451,0.341928036320238,27,0.0,complete,1788652800227,1788652954053,7620922.0969396,6390651.40053541,0.08780389273380994,223.0,239.0,7.17488789237668,4.932735426008961,2.092050209205021,31.250000000000096,complete_hourly_ordered,/v1/candles/minutes/60,120,False,21.78217821782178,202.0,2026-09-03T07:00:00,246.0,2026-09-04T02:00:00,D-2,4.0650406504065035,22.727272727272748,True,1.2089274643521275,-51.69289738080026,,True,-1.035164807912481,-94.07163050884742,-76.12387889541834,0.5153733043863156,0.8620689655172376,0.0,0.09299442033476879,-0.1129717302426343,,-1.035164807912481,-94.07163050884742,-76.12387889541834,0.5153733043863156,0.8620689655172376,0.0,0.09299442033476879,-0.1129717302426343,,-1.035164807912481,-94.07163050884742,-76.12387889541834,0.5153733043863156,0.8620689655172376,0.0,0.09299442033476879,-0.1129717302426343,,-1.035164807912481,-94.07163050884742,-76.12387889541834,0.5153733043863156,0.8620689655172376,0.0,0.09299442033476879,-0.1129717302426343,,-0.4676643676908446,-91.86014644735701,-80.72704514990265,0.711996553194048,0.42918454935623185,0.0,0.030998140111582195,-0.037652869242577935,,-1.5597150584035746,-97.84490073836464,-88.01435040706933,1.1191108802452234,-0.42553191489361764,0.0,0.0,0.0,,-1.035164807912481,-169436641.98159695,-99564920.71009445,0.5153733043863156,0.8620689655172376,0.0,0.09299442033476879,-0.1129717302426343,41906215.51245937,262946390.82096714,0.159371708360858,-0.42553191489361764,False,False,falling,falling,sell_advantage_accelerating,accelerating,neutral,False,False,False,pass,S0,🌱 초발사 준비,발사 구조 관찰 또는 초기 준비,S0,False,,,2026-09-05T23:40:00Z,33999614992-1
KRW-ENS,2026-09-06T08:57:39.324580+09:00,1788652659,8085.0,103.5944980781648,9.0,2990667.4879354998,2732423.7316269,1.0945108744736454,7,0.0,complete,1788652803193,1788652890074,24328.92885746,20869.56938781,0.0765370444583747,8060.0,8190.0,1.6129032258064502,0.31017369727046606,1.282051282051282,80.76923076923109,complete_hourly_ordered,/v1/candles/minutes/60,120,False,15.185444366690003,7145.0,2026-09-03T04:00:00,8230.0,2026-09-04T10:00:00,D-2,1.518833535844466,11.52073732718906,False,-0.012591286829510828,-8.663599199493698,,False,0.5202883059563368,-88.20938172997927,-93.8141874463565,1.3457221016495566,0.12383900928791824,0.0,0.01259128682952193,-0.011825397707921681,,0.5202883059563368,-88.20938172997927,-93.8141874463565,1.3457221016495566,0.12383900928791824,0.0,0.01259128682952193,-0.011825397707921681,,0.5202883059563368,-88.20938172997927,-93.8141874463565,1.3457221016495566,0.12383900928791824,0.0,0.01259128682952193,-0.011825397707921681,,0.5202883059563368,-88.20938172997927,-93.8141874463565,1.3457221016495566,0.12383900928791824,0.0,0.01259128682952193,-0.011825397707921681,,0.7674447653869085,-85.53184337841728,-95.6765676776357,1.7719841958052172,0.0,0.0,0.01678838243934777,-0.01576728684437434,,0.6154955479974027,-88.39994245631225,-94.92320681226217,2.751551948258367,-1.040391676866581,0.0,-0.04197095609836943,0.03941507082710416,,0.5202883059563368,-22374138.830488753,-41440006.4532722,1.3457221016495566,0.12383900928791824,0.0,0.01259128682952193,-0.011825397707921681,5723091.2195624,40964221.3434209,0.13970950824582348,-1.040391676866581,False,False,falling,falling,buy_advantage_accelerating,accelerating,neutral,False,False,False,pass,S0,🌱 초발사 준비,발사 구조 관찰 또는 초기 준비,S0,False,,,2026-09-05T23:40:00Z,33999614992-1
KRW-ENSO,2026-09-06T08:57:39.324580+09:00,1788652659,1241.0,-19.63108775324357,3.0,1162395.6195871502,5156591.809245579,0.2254193588685879,14,0.0,complete,1788652811578,1788653068898,88014.78850029,103232.42575127,-0.07957050412751761,1153.0,1269.0,10.060711188204685,7.632263660017347,2.206461780929866,24.137931034482765,complete_hourly_ordered,/v1/candles/minutes/60,120,False,11.511423550087873,1138.0,2026-09-04T17:00:00,1269.0,2026-09-05T21:00:00,D-1,2.127659574468088,20.610687022900763,True,0.27091093802913413,-6.2170706006322485,,True,-1.0376144356440948,-98.07086672396287,-89.19098814767594,0.451300626187912,0.5672609400324102,0.0,0.03950784512924965,-0.03629602327166381,,-1.0376144356440948,-98.07086672396287,-89.19098814767594,0.451300626187912,0.5672609400324102,0.0,0.03950784512924965,-0.03629602327166381,,-1.0376144356440948,-98.07086672396287,-89.19098814767594,0.451300626187912,0.5672609400324102,0.0,0.03950784512924965,-0.03629602327166381,,-1.0376144356440948,-98.07086672396287,-89.19098814767594,0.451300626187912,0.5672609400324102,0.0,0.03950784512924965,-0.03629602327166381,,-5.732662683079098,-93.79010018371142,64.13449476312523,1.0279941373928168,-0.3212851405622441,0.0,-0.02257591150240934,0.02073887976203892,,0.18433421621481355,569.1951905896276,21.968139766658922,1.2506896705065778,-0.08051529790660261,0.0,-0.005643977875591233,0.005184836181153507,,-1.0376144356440948,-59092415.9077413,-42549820.94796541,0.451300626187912,0.5672609400324102,0.0,0.03950784512924965,-0.03629602327166381,6318987.428832729,9624210.11474446,0.65657205666696,-0.08051529790660261,False,False,falling,falling,sell_advantage_accelerating,accelerating,neutral,False,True,False,pass,S0,🌱 초발사 준비,발사 구조 관찰 또는 초기 준비,S0,False,,,2026-09-05T23:40:00Z,33999614992-1
KRW-ERA,2026-09-06T08:57:39.324580+09:00,1788652659,80.7,-80.2073088737365,4.0,55554.999998985,0.0,,2,0.0,complete,1788652487981,1788652622786,1292795.76816438,646341.82585974,0.33337187845608807,79.8,81.4,2.0050125313283207,1.1278195488721776,0.8599508599508634,43.75000000000014,complete_hourly_ordered,/v1/candles/minutes/60,120,False,4.458598726114649,78.5,2026-09-02T03:00:00,82.0,2026-09-04T09:00:00,D-2,1.585365853658538,37.142857142857146,False,-0.6041309494652647,37.62727493948436,,True,,-96.21791499544149,-100.0,0.016327979122195302,0.0,0.0,-0.02449179524858236,0.01417051520429169,,,-96.21791499544149,-100.0,0.016327979122195302,0.0,0.0,-0.02449179524858236,0.01417051520429169,,,-96.21791499544149,-100.0,0.016327979122195302,0.0,0.0,-0.02449179524858236,0.01417051520429169,,,-96.21791499544149,-100.0,0.016327979122195302,0.0,0.0,-0.02449179524858236,0.01417051520429169,,,825.9166666818484,-100.0,0.03317496006496867,0.0,0.0,-0.02449179524858236,0.01417051520429169,,,,-100.0,0.033869097633782985,0.0,0.0,-0.02449179524858236,0.01417051520429169,,,-1413343.7670045358,-2932355.6058096993,0.016327979122195302,0.0,0.0,-0.02449179524858236,0.01417051520429169,55554.999998985,4304209.071409685,0.012907133244991282,0.0,False,False,falling,falling,buy_only,accelerating,neutral,False,True,False,pass,S0,🌱 초발사 준비,발사 구조 관찰 또는 초기 준비,S0,False,,,2026-09-05T23:40:00Z,33999614992-1
KRW-ESP,2026-09-06T08:57:39.324580+09:00,1788652659,120.0,6.904562679591897,5.0,27914163.57992991,645176.9881628,43.26590081803448,33,0.0,complete,1788652296701,1788652557028,1825588.60996235,2127000.22924673,-0.07625676020091506,117.0,125.0,6.8376068376068355,2.564102564102555,4.0,62.50000000000012,complete_hourly_ordered,/v1/candles/minutes/60,120,False,16.82242990654206,107.0,2026-09-01T09:00:00,125.0,2026-09-05T13:00:00,D-1,4.0000000000000036,27.77777777777784,False,0.0,-14.042580624365408,,True,41.776461914985084,9432.465010075543,228.15737011178828,1.058565697768965,2.564102564102555,0.0,0.056529112492942346,-0.05528169783178072,,41.776461914985084,9432.465010075543,228.15737011178828,1.058565697768965,2.564102564102555,0.0,0.056529112492942346,-0.05528169783178072,,41.776461914985084,9432.465010075543,228.15737011178828,1.058565697768965,2.564102564102555,0.0,0.056529112492942346,-0.05528169783178072,,41.776461914985084,9432.465010075543,228.15737011178828,1.058565697768965,2.564102564102555,0.0,0.056529112492942346,-0.05528169783178072,,,,,1.3507774380831838,3.4482758620689724,0.0,0.16958733747880483,-0.1658718289050043,,,300.01621836817554,,1.3841310699978626,2.564102564102555,0.0,0.11305822498587359,-0.11057230674849983,,41.776461914985084,27621330.99622333,448571.01586876996,1.058565697768965,2.564102564102555,0.0,0.056529112492942346,-0.05528169783178072,28559340.56809271,3122758.82528282,9.145547948457457,2.564102564102555,False,False,rising,rising,buy_advantage_accelerating,accelerating,neutral,False,False,False,pass,S0,🌱 초발사 준비,발사 구조 관찰 또는 초기 준비,S0,False,,,2026-09-05T23:40:00Z,33999614992-1
KRW-ETC,2026-09-06T08:57:39.324580+09:00,1788652659,10540.0,-17.282054820977088,11.0,19143.9998862,510856.9297813999,0.037474288338208275,6,0.0,complete,1788652805840,1788652837165,15347.90550552,19261.41845322,-0.11307683884162403,10190.0,10700.0,5.004906771344464,3.4347399411187363,1.4953271028037385,31.372549019608115,complete_hourly_ordered,/v1/candles/minutes/60,120,False,8.905852417302796,9825.0,2026-09-02T19:00:00,10700.0,2026-09-06T06:00:00,D0,1.495327102803734,18.285714285714217,False,-0.5447175069673182,3.333641148767199,4.768421426967945,True,-1.7890038924055076,-99.55317059365021,-78.22175690577535,0.8151300704107989,-0.8466603951081897,0.0,-0.019001773498850127,0.016236896395151135,0.045164847066959446,-1.7890038924055076,-99.55317059365021,-78.22175690577535,0.8151300704107989,-0.8466603951081897,0.0,-0.019001773498850127,0.016236896395151135,0.045164847066959446,-1.7890038924055076,-99.55317059365021,-78.22175690577535,0.8151300704107989,-0.8466603951081897,0.0,-0.019001773498850127,0.016236896395151135,0.045164847066959446,-1.7890038924055076,-99.55317059365021,-78.22175690577535,0.8151300704107989,-0.8466603951081897,0.0,-0.019001773498850127,0.016236896395151135,0.045164847066959446,-0.44167828104701295,-99.3712874046357,-91.96117474587219,0.9252495712071784,-0.9398496240601517,0.0,-0.03166962249809835,0.027061077510678988,0.07504228735589624,-0.3721753260537265,-99.46459758067768,-94.14725657655057,1.0757534469708645,-1.4031805425631427,0.0,-0.05700532049657259,0.04870844025592236,0.13424697460092805,-1.7890038924055076,-4265265.1312383,-1834864.5665355998,0.8151300704107989,-0.8466603951081897,0.0,-0.019001773498850127,0.016236896395151135,530000.9296675998,11566169.319219,0.04582337635217914,-1.4031805425631427,False,False,falling,falling,sell_advantage_accelerating,accelerating,neutral,False,False,False,pass,S0,🌱 초발사 준비,발사 구조 관찰 또는 초기 준비,S2,True,발사 구조 관찰 또는 초기 준비,2026-09-06T08:57:39.324580+09:00,2026-09-05T23:40:00Z,33999614992-1
KRW-ETH,2026-09-06T08:57:39.324580+09:00,1788652659,3383000.0,-7.158445334880669,5.0,8375405.819330002,3798863.4088800005,2.2047135992708093,29,0.0,complete,1788652800834,1788652846365,404.32835031,361.00034165,0.0566135950672872,3364000.0,3399000.0,1.0404280618311557,0.5648038049940629,0.4707266843189173,45.71428571428504,complete_hourly_ordered,/v1/candles/minutes/60,120,False,7.222222222222219,3240000.0,2026-09-02T19:00:00,3474000.0,2026-09-04T18:00:00,D-2,2.590673575129532,38.46153846153834,True,-0.12771643022753132,-18.78293586343083,,True,1.266620996318387,-95.08472538477226,-97.90857970869776,0.22718334902404091,-0.05908419497784312,0.0,0.003929736314700616,-0.003979885281097495,,1.266620996318387,-95.08472538477226,-97.90857970869776,0.22718334902404091,-0.05908419497784312,0.0,0.003929736314700616,-0.003979885281097495,,1.266620996318387,-95.08472538477226,-97.90857970869776,0.22718334902404091,-0.05908419497784312,0.0,0.003929736314700616,-0.003979885281097495,,1.266620996318387,-95.08472538477226,-97.90857970869776,0.22718334902404091,-0.05908419497784312,0.0,0.003929736314700616,-0.003979885281097495,,1.9453021048163894,-94.32810632528759,-99.33263240403181,0.3610568649037864,-0.05908419497784312,0.0,-0.003929736314689514,0.003979838778125355,,1.620158456549885,-96.5101957089746,-99.07471743899836,0.5731618855117864,-0.3534609720176718,0.0,-0.02161354973081453,0.021888537827557286,,1.266620996318387,-162020075.10420993,-177841499.58647978,0.22718334902404091,-0.05908419497784312,0.0,0.003929736314700616,-0.003979885281097495,12174269.228210002,664016950.7863653,0.018334274770836143,-0.3534609720176718,False,False,falling,falling,buy_advantage_accelerating,accelerating,neutral,False,False,False,pass,S0,🌱 초발사 준비,발사 구조 관찰 또는 초기 준비,S0,False,,,2026-09-05T23:40:00Z,33999614992-1
KRW-ETHFI,2026-09-06T08:57:39.324580+09:00,1788652659,784.0,58.603179724255284,6.0,198607.44978078,1067307.31765504,0.18608272097031672,5,0.0,complete,1788651921302,1788652551826,160069.67177444,104933.78439148,0.2080572388778173,767.0,800.0,4.30247718383312,2.2164276401564598,2.0,48.48484848484839,complete_hourly_ordered,/v1/candles/minutes/60,120,False,12.195121951219523,738.0,2026-09-03T00:00:00,828.0,2026-09-04T02:00:00,D-2,5.31400966183575,48.88888888888893,True,-0.3892367574885869,-30.408773678963115,,True,-0.42851309806829185,-95.19174651092742,-84.11925365314707,0.705837325280072,0.0,0.0,-0.025385005923173054,0.027815030379290562,,-0.42851309806829185,-95.19174651092742,-84.11925365314707,0.705837325280072,0.0,0.0,-0.025385005923173054,0.027815030379290562,,-0.42851309806829185,-95.19174651092742,-84.11925365314707,0.705837325280072,0.0,0.0,-0.025385005923173054,0.027815030379290562,,-0.42851309806829185,-95.19174651092742,-84.11925365314707,0.705837325280072,0.0,0.0,-0.025385005923173054,0.027815030379290562,,-0.010745259371013283,-93.43513550229726,-93.05605048357258,0.9705052834713115,-0.75949367088608,0.0,-0.07615501776950806,0.08343815904311214,,-0.8067502613475952,-68.19540149054522,69.69149110090022,1.8655869336914535,-1.6311166875784155,0.0,-0.13538669825691185,0.14832012987508136,,-0.42851309806829185,-3931945.3638789603,-5653455.63859322,0.705837325280072,0.0,0.0,-0.025385005923173054,0.027815030379290562,1265914.7674358198,4126660.523320335,0.3067649399028485,-1.6311166875784155,False,False,falling,falling,sell_advantage_accelerating,accelerating,neutral,False,True,False,pass,S0,🌱 초발사 준비,발사 구조 관찰 또는 초기 준비,S0,False,,,2026-09-05T23:40:00Z,33999614992-1
KRW-EUL,2026-09-06T08:57:39.324580+09:00,1788652659,1801.0,,,10200069.72275431,2611988.450795,3.9050975587773977,28,0.0,complete,1788651921025,1788652757920,57232.24995933,32282.83321931,0.27871746139396325,1771.0,1891.0,6.775832862789377,1.6939582156973554,4.759386567953464,74.99999999999983,complete_hourly_ordered,/v1/candles/minutes/60,120,False,9.007981755986316,1754.0,2026-09-01T22:00:00,1912.0,2026-09-03T22:00:00,D-3,5.805439330543938,70.25316455696196,True,,,,False,3.3437368489048755,2475.118397074663,270.1752055178363,,-0.05549389567147678,,,,,3.3437368489048755,2475.118397074663,270.1752055178363,,-0.05549389567147678,,,,,3.3437368489048755,2475.118397074663,270.1752055178363,,-0.05549389567147678,,,,,3.3437368489048755,2475.118397074663,270.1752055178363,,-0.05549389567147678,,,,,3.5078734110946694,1923.98399139568,105.8784201430663,,0.05555555555556424,,,,,3.9050975587773977,,175.5229305110137,,0.3342618384401197,,,,,3.3437368489048755,9803968.72272489,1906379.75203272,,-0.05549389567147678,,,,12812058.173549311,4541521.3845967,2.8210938777043895,0.3342618384401197,False,False,rising,rising,buy_advantage_accelerating,flat_or_na,neutral,False,False,False,pass,S0,🌱 초발사 준비,발사 구조 관찰 또는 초기 준비,S0,False,,,2026-09-05T23:40:00Z,33999614992-1
KRW-EURC,2026-09-06T08:57:39.324580+09:00,1788652659,1590.0,,,6360.0,0.0,,1,0.0,complete,1788651891705,1788651891705,21691.69185897,105437.22040566,-0.6587449468014509,1584.0,1592.0,0.5050505050504972,0.37878787878788955,0.12562814070351758,24.999999999996703,complete_hourly_ordered,/v1/candles/minutes/60,120,False,2.6434558349452075,1551.0,2026-09-05T09:00:00,1592.0,2026-09-05T10:00:00,D-1,0.12562814070351536,4.878048780488173,False,,,,False,,,,,0.2522068095838659,,,,,,,,,0.2522068095838659,,,,,,,,,0.2522068095838659,,,,,,,,,0.2522068095838659,,,,,,,,,0.2522068095838659,,,,,,,-100.0,,0.2522068095838659,,,,,,6360.0,0.0,,0.2522068095838659,,,,6360.0,502499.99999025,0.012656716418156026,0.2522068095838659,False,False,rising,flat_or_na,buy_only,flat_or_na,neutral,False,False,False,pass,S0,🌱 초발사 준비,발사 구조 관찰 또는 초기 준비,S0,False,,,2026-09-05T23:40:00Z,33999614992-1
KRW-F,2026-09-06T08:57:39.324580+09:00,1788652659,4.65,-32.90502916710116,7.0,4452395.91452087,5645087.930093529,0.7887203830405352,20,0.0,complete,1788651921020,1788652773060,7702385.29348083,22889541.47225968,-0.49644327064049926,4.59,4.7,2.3965141612200425,1.3071895424836777,1.0638297872340388,45.4545454545447,complete_hourly_ordered,/v1/candles/minutes/60,120,False,9.76744186046512,4.3,2026-09-02T19:00:00,4.72,2026-09-03T19:00:00,D-3,1.2711864406779627,14.285714285714343,False,0.2239808869643145,18.468242761050117,,True,,2107.5518547212882,,0.11085433412292645,-0.21459227467810482,0.0,-0.014932059130945419,0.010909022817504166,,,2107.5518547212882,,0.11085433412292645,-0.21459227467810482,0.0,-0.014932059130945419,0.010909022817504166,,,2107.5518547212882,,0.11085433412292645,-0.21459227467810482,0.0,-0.014932059130945419,0.010909022817504166,,,2107.5518547212882,,0.11085433412292645,-0.21459227467810482,0.0,-0.014932059130945419,0.010909022817504166,,,20.332493844731058,,0.12223801545362534,-0.21459227467810482,0.0,-0.014932059130945419,0.010909022817504166,,0.4061983522687836,-37.84204278884615,-69.85397039014747,0.29526439360004986,-0.21459227467810482,0.0,0.014932059130967623,-0.01090935410674021,,,4250706.613089579,5645087.930093529,0.11085433412292645,-0.21459227467810482,0.0,-0.014932059130945419,0.010909022817504166,10097483.844614398,3375082.5595331457,2.991773880047284,-0.21459227467810482,False,False,rising,rising,sell_advantage_weakening,accelerating,neutral,False,False,False,pass,S0,🌱 초발사 준비,발사 구조 관찰 또는 초기 준비,S0,False,,,2026-09-05T23:40:00Z,33999614992-1
KRW-FCT2,2026-09-06T08:57:39.324580+09:00,1788652659,9.9,-22.175511444647523,6.0,499749.99999992107,0.0,,4,0.0,complete,1788652653389,1788652653389,4896002.15228727,51981576.99486929,-0.8278406983665714,9.8,9.91,1.122448979591839,1.0204081632652962,0.10090817356205638,9.09090909091017,complete_hourly_ordered,/v1/candles/minutes/60,120,False,10.99137931034484,9.28,2026-09-01T07:00:00,10.3,2026-09-02T19:00:00,D-4,3.8834951456310662,39.215686274509785,True,0.4083931840585864,23.05357516238475,,True,,526.775660639093,,0.034698050527868673,0.10111223458038054,0.0,0.007041261794094034,-0.00487699534029673,,,526.775660639093,,0.034698050527868673,0.10111223458038054,0.0,0.007041261794094034,-0.00487699534029673,,,526.775660639093,,0.034698050527868673,0.10111223458038054,0.0,0.007041261794094034,-0.00487699534029673,,,526.775660639093,,0.034698050527868673,0.10111223458038054,0.0,0.007041261794094034,-0.00487699534029673,,,,,0.03742698674680156,0.7121057985757906,1.0,0.04928883255876926,-0.034140349041731355,,,,,0.03742698674680156,0.7121057985757906,1.0,0.04928883255876926,-0.034140349041731355,,,420016.52734235965,0.0,0.034698050527868673,0.10111223458038054,0.0,0.007041261794094034,-0.00487699534029673,499749.99999992107,1061013.0655698597,0.4710121074065287,0.7121057985757906,False,False,rising,flat_or_na,buy_only,accelerating,neutral,False,False,False,pass,S0,🌱 초발사 준비,발사 구조 관찰 또는 초기 준비,S0,False,,,2026-09-05T23:40:00Z,33999614992-1
KRW-FF,2026-09-06T08:57:39.324580+09:00,1788652659,163.0,452.3347472005829,8.0,0.0,155765.01357912,0.0,2,0.0,complete,1788652804184,1788652810979,948040.03747474,2620659.75176518,-0.46869162806397996,148.0,172.0,16.216216216216207,10.135135135135132,5.232558139534884,37.499999999999986,complete_hourly_ordered,/v1/candles/minutes/60,120,False,53.571428571428584,112.0,2026-09-01T16:00:00,172.0,2026-09-06T04:00:00,D0,5.232558139534882,15.000000000000036,False,3.1770833333333304,-19.66173361522199,,True,-0.2310981697643382,-100.0,-98.46111241460312,0.8486728457962727,0.0,0.0,-0.05208333333333037,0.05136566752620908,,-0.2310981697643382,-100.0,-98.46111241460312,0.8486728457962727,0.0,0.0,-0.05208333333333037,0.05136566752620908,,-0.2310981697643382,-100.0,-98.46111241460312,0.8486728457962727,0.0,0.0,-0.05208333333333037,0.05136566752620908,,-0.2310981697643382,-100.0,-98.46111241460312,0.8486728457962727,0.0,0.0,-0.05208333333333037,0.05136566752620908,,-0.01100903282097374,-100.0,-99.14511789054686,2.1184142319735315,0.6172839506172867,0.0,0.0,0.0,,-0.39748351142819255,-100.0,-96.55958309724572,2.4993272490397658,0.6172839506172867,0.0,0.0,0.0,,-0.2310981697643382,-2339157.83667644,-9966157.79983732,0.8486728457962727,0.0,0.0,-0.05208333333333037,0.05136566752620908,155765.01357912,15219534.681652218,0.010234545065750347,0.6172839506172867,False,True,falling,falling,sell_only,accelerating,neutral,False,True,False,pass,S0,🌱 초발사 준비,발사 구조 관찰 또는 초기 준비,S0,False,,,2026-09-05T23:40:00Z,33999614992-1
KRW-FIL,2026-09-06T08:57:39.324580+09:00,1788652659,1075.0,167.7397723442177,9.0,1308653.8063542899,73092.18092608,17.904155954489376,9,0.0,complete,1788651847736,1788652684888,82227.96625547,128658.23875941,-0.22016742394631222,1039.0,1089.0,4.812319538017329,3.464870067372483,1.285583103764922,27.99999999999987,complete_hourly_ordered,/v1/candles/minutes/60,120,False,22.305229455709718,937.0,2026-09-01T11:00:00,1146.0,2026-09-03T10:00:00,D-3,6.195462478184988,33.971291866028714,True,-0.2291175700445014,13.060095262542426,,True,16.263095491339072,27.61955542937553,-88.30263726073875,0.20195229003405757,-0.6469500924214389,0.0,-0.03927729772190691,0.030505244717115687,,16.263095491339072,27.61955542937553,-88.30263726073875,0.20195229003405757,-0.6469500924214389,0.0,-0.03927729772190691,0.030505244717115687,,16.263095491339072,27.61955542937553,-88.30263726073875,0.20195229003405757,-0.6469500924214389,0.0,-0.03927729772190691,0.030505244717115687,,16.263095491339072,27.61955542937553,-88.30263726073875,0.20195229003405757,-0.6469500924214389,0.0,-0.03927729772190691,0.030505244717115687,,16.563156181760995,12.485140726119326,-91.57499808801526,0.4542698584021707,-0.09293680297397522,0.0,-0.0458235140088914,0.0355891984145309,,16.33762386186019,-84.0034418818896,-98.60037402895028,0.4779664773643333,-0.8302583025830312,0.0,-0.05236973029587588,0.04067307961455491,,16.263095491339072,283220.20258460985,-551768.16200192,0.20195229003405757,-0.6469500924214389,0.0,-0.03927729772190691,0.030505244717115687,1381745.98728037,4836670.870426,0.28568121013342174,-0.8302583025830312,False,False,rising,falling,buy_advantage_accelerating,accelerating,leading_buy_inflow,False,False,False,pass,S0,🌱 초발사 준비,발사 구조 관찰 또는 초기 준비,S0,False,,,2026-09-05T23:40:00Z,33999614992-1
KRW-FLOCK,2026-09-06T08:57:39.324580+09:00,1788652659,87.8,129.22999900637836,11.0,1374466748.331475,1238261757.392204,1.1099969292648757,2820,0.0,complete,1788652800022,1788653090519,2399222.07184811,3443255.09425643,-0.1786969795047444,71.7,89.4,24.68619246861925,22.454672245467222,1.789709172259517,9.039548022598892,complete_hourly_ordered,/v1/candles/minutes/60,120,False,95.93147751605994,46.7,2026-09-02T10:00:00,91.5,2026-09-06T09:00:00,D0,2.1857923497267784,4.464285714285726,False,5.328258801141761,13.376650597359054,4.660271429335215,True,0.7223369262672701,672.4625676658063,169.77808082332717,3.2061689011792964,1.7381228273464666,0.0,0.10873997553348946,-0.07975478576209305,-0.0539833794061515,0.7223369262672701,672.4625676658063,169.77808082332717,3.2061689011792964,1.7381228273464666,0.0,0.10873997553348946,-0.07975478576209305,-0.0539833794061515,0.7223369262672701,672.4625676658063,169.77808082332717,3.2061689011792964,1.7381228273464666,0.0,0.10873997553348946,-0.07975478576209305,-0.0539833794061515,0.7223369262672701,672.4625676658063,169.77808082332717,3.2061689011792964,1.7381228273464666,0.0,0.10873997553348946,-0.07975478576209305,-0.0539833794061515,-0.36326733350118534,8.640454495086324,44.195082777638376,5.311077343607977,1.7381228273464666,0.0,0.13592496941687848,-0.09969626868804582,-0.06757552966357316,0.6593106597365408,630.7695346635315,196.7105464702352,6.875384341644818,5.27577937649879,0.0,0.5029223868424637,-0.36901543552317584,-0.25494141896687683,0.7223369262672701,1196533628.221231,779269035.072736,3.2061689011792964,1.7381228273464666,0.0,0.10873997553348946,-0.07975478576209305,2612728505.723679,234190779.6303266,11.156410640281857,5.27577937649879,False,False,rising,rising,buy_advantage_accelerating,accelerating,neutral,False,True,False,pass,S0,🌱 초발사 준비,발사 구조 관찰 또는 초기 준비,S0,False,,,2026-09-05T23:40:00Z,33999614992-1
KRW-FLUID,2026-09-06T08:57:39.324580+09:00,1788652659,1716.0,-59.781667503521476,6.0,318680.00395225,981755.8197361201,0.3246021032377542,9,0.0,complete,1788652506285,1788652563385,27531.76739591,28519.54588774,-0.01762275375835189,1690.0,1726.0,2.130177514792897,1.538461538461533,0.5793742757821553,27.777777777777953,complete_hourly_ordered,/v1/candles/minutes/60,120,False,5.854241338112298,1674.0,2026-09-02T23:00:00,1772.0,2026-09-04T00:00:00,D-2,3.160270880361171,57.14285714285725,True,-0.8180184145849423,-1.4925653261262206,,False,,59.34000198369367,,0.05731227849556575,0.5861664712778492,0.0,0.03668244011592048,-0.03277638786342352,,,59.34000198369367,,0.05731227849556575,0.5861664712778492,0.0,0.03668244011592048,-0.03277638786342352,,,59.34000198369367,,0.05731227849556575,0.5861664712778492,0.0,0.03668244011592048,-0.03277638786342352,,,59.34000198369367,,0.05731227849556575,0.5861664712778492,0.0,0.03668244011592048,-0.03277638786342352,,0.3246021032377542,,341.7369728208889,0.0654492988780504,0.8225616921269108,0.0,0.05135541616229089,-0.045887804294673096,,0.3246021032377542,,2705.0166264534464,0.07591549895732186,-0.11641443538998875,0.0,-0.007336488023190757,0.006554908477884869,,,118680.00396175002,981755.8197361201,0.05731227849556575,0.5861664712778492,0.0,0.03668244011592048,-0.03277638786342352,1300435.8236883702,922407.2218473,1.4098283197349586,-0.11641443538998875,False,False,rising,rising,sell_advantage_weakening,accelerating,neutral,False,False,False,pass,S0,🌱 초발사 준비,발사 구조 관찰 또는 초기 준비,S0,False,,,2026-09-05T23:40:00Z,33999614992-1
KRW-FOLD,2026-09-06T08:57:39.324580+09:00,1788652659,76.4,,,15001603.088515628,32122374.849091295,0.46701413450880036,101,0.0,complete,1788651824699,1788652717779,2439328.94134442,890000.57124759,0.46535747340028794,77.0,78.2,1.558441558441559,-0.7792207792207684,2.3017902813299194,149.9999999999993,complete_hourly_ordered,/v1/candles/minutes/60,120,False,13.5831381733021,85.4,2026-09-02T19:00:00,97.0,2026-09-03T09:00:00,D-3,21.54639175257732,180.17241379310357,True,,,,False,-1.6261688199398026,8.14414983943259,384.70800847457076,,1.192052980132452,,,,,-1.6261688199398026,8.14414983943259,384.70800847457076,,1.192052980132452,,,,,-1.6261688199398026,8.14414983943259,384.70800847457076,,1.192052980132452,,,,,-1.6261688199398026,8.14414983943259,384.70800847457076,,1.192052980132452,,,,,0.11069279459286613,80.77465231926561,37.92701671650167,,1.4608233731739917,,,,,-0.7481213744013215,103.20762339775254,428.73088976537474,,1.5957446808510634,,,,,-1.6261688199398026,1129744.915152287,25495214.932715263,,1.192052980132452,,,,47123977.93760692,28857673.26908058,1.632979121296577,1.5957446808510634,False,False,rising,rising,sell_advantage_accelerating,flat_or_na,neutral,False,True,False,pass,S0,🌱 초발사 준비,발사 구조 관찰 또는 초기 준비,S0,False,,,2026-09-05T23:40:00Z,33999614992-1
KRW-G,2026-09-06T08:57:39.324580+09:00,1788652659,5.27,-13.590417279194389,3.0,1791366.1126124505,0.0,,20,0.0,complete,1788651941440,1788652519770,16274179.36130425,16102526.72192383,0.005301732638865936,5.17,5.28,2.1276595744680993,1.934235976789167,0.18939393939395216,9.090909090909754,complete_hourly_ordered,/v1/candles/minutes/60,120,False,5.138339920948631,5.06,2026-09-01T18:00:00,5.32,2026-09-02T09:00:00,D-4,0.9398496240601628,19.230769230769496,True,-0.6922592825676421,-5.212274765389324,,False,,,,0.10275173161122808,-0.18939393939395588,0.0,-0.012586532410296947,0.011580953515888837,,,,,0.10275173161122808,-0.18939393939395588,0.0,-0.012586532410296947,0.011580953515888837,,,,,0.10275173161122808,-0.18939393939395588,0.0,-0.012586532410296947,0.011580953515888837,,,,,0.10275173161122808,-0.18939393939395588,0.0,-0.012586532410296947,0.011580953515888837,,,,,0.10707144864960938,-0.18939393939395588,0.0,-0.012586532410296947,0.011580953515888837,,,,,0.10707144864960938,-0.18939393939395588,0.0,-0.012586532410296947,0.011580953515888837,,,1791366.1126124505,0.0,0.10275173161122808,-0.18939393939395588,0.0,-0.012586532410296947,0.011580953515888837,1791366.1126124505,1329648.5391377239,1.3472478327048365,-0.18939393939395588,False,False,rising,flat_or_na,buy_only,accelerating,neutral,False,False,False,pass,S0,🌱 초발사 준비,발사 구조 관찰 또는 초기 준비,S0,False,,,2026-09-05T23:40:00Z,33999614992-1
KRW-GAME2,2026-09-06T08:57:39.324580+09:00,1788652659,1.15,185.31240766421456,8.0,0.0,1826667.6661669032,0.0,3,0.0,complete,1788652839883,1788652844806,86937186.68629318,214473600.42064413,-0.42313155066046926,1.14,1.17,2.6315789473684292,0.8771929824561431,1.7094017094017109,66.66666666666666,complete_hourly_ordered,/v1/candles/minutes/60,120,False,16.5137614678899,1.09,2026-09-01T09:00:00,1.27,2026-09-01T18:00:00,D-4,9.4488188976378,66.66666666666671,False,0.5451241671714069,20.578437763517517,,True,0.0,,7614.963142598114,0.12200981216582818,0.0,0.0,0.0,0.0,,0.0,,7614.963142598114,0.12200981216582818,0.0,0.0,0.0,0.0,,0.0,,7614.963142598114,0.12200981216582818,0.0,0.0,0.0,0.0,,0.0,,7614.963142598114,0.12200981216582818,0.0,0.0,0.0,0.0,,-0.26506909522101907,-100.0,-74.73978603445381,0.6484702775557878,-0.8620689655172376,0.0,-0.06056935190792423,0.043091899710173465,,0.0,,58.84066662320897,0.9820506168958616,0.0,0.0,0.0,0.0,,0.0,0.0,1802990.7200505831,0.12200981216582818,0.0,0.0,0.0,0.0,1826667.6661669032,1558569.6290553836,1.1720154378178202,0.0,False,False,flat_or_na,rising,sell_only,accelerating,neutral,True,True,False,🔴 1차 급등 완료·상승분 반납 / 신규매수 금지,S3,🔴 1차 급등 완료·반납,당일/5D 급등 후 상승분 상당 부분 반납,S3,False,,,2026-09-05T23:40:00Z,33999614992-1
KRW-GAS,2026-09-06T08:57:39.324580+09:00,1788652659,1689.0,-87.31600503273268,7.0,5577945.4477084,5816285.801293571,0.9590218978695713,21,0.0,complete,1788652815650,1788653063980,34612.56637814,44010.80902386,-0.11953496778365137,1690.0,1710.0,1.183431952662728,-0.059171597633134176,1.2280701754385965,104.9999999999998,complete_hourly_ordered,/v1/candles/minutes/60,120,False,5.230769230769239,1625.0,2026-09-03T10:00:00,1710.0,2026-09-06T00:00:00,D0,1.2865497076023358,25.882352941176777,False,0.19729206963250423,-0.4717918878948781,,True,-1.1321085118176495,19.94833027276197,161.54522809310433,0.1081552265330572,-0.2362669816893037,0.0,-0.015473887814310139,0.01356733126347881,,-1.1321085118176495,19.94833027276197,161.54522809310433,0.1081552265330572,-0.2362669816893037,0.0,-0.015473887814310139,0.01356733126347881,,-1.1321085118176495,19.94833027276197,161.54522809310433,0.1081552265330572,-0.2362669816893037,0.0,-0.015473887814310139,0.01356733126347881,,-1.1321085118176495,19.94833027276197,161.54522809310433,0.1081552265330572,-0.2362669816893037,0.0,-0.015473887814310139,0.01356733126347881,,0.07665410548754126,34.68760142387699,23.92209374324432,0.11863743557368878,-0.2951593860684776,0.0,-0.019342359767882122,0.0169590818491015,,-2.582818170338337,8.632773125511118,301.2003369591489,0.18431121237107106,0.05924170616113944,0.0,0.0038684719535719836,-0.0033919150484890692,,-1.1321085118176495,927655.2477329802,3592469.3532935707,0.1081552265330572,-0.2362669816893037,0.0,-0.015473887814310139,0.01356733126347881,11394231.24900197,4515994.083569869,2.5230837415081138,0.05924170616113944,False,False,rising,rising,sell_advantage_accelerating,accelerating,neutral,False,False,False,pass,S0,🌱 초발사 준비,발사 구조 관찰 또는 초기 준비,S0,False,,,2026-09-05T23:40:00Z,33999614992-1
KRW-GEOD,2026-09-06T08:57:39.324580+09:00,1788652659,319.0,,,14862107.207568,42297969.3451683,0.3513669199172962,64,0.0,complete,1788651793195,1788652629704,322783.62178499,559211.29893349,-0.26806013458207234,308.0,370.0,20.12987012987013,3.571428571428581,13.783783783783784,82.258064516129,complete_hourly_ordered,/v1/candles/minutes/60,120,False,27.147766323024047,291.0,2026-09-03T12:00:00,370.0,2026-09-05T09:00:00,D-1,13.783783783783788,64.5569620253164,False,,,,False,-83.93593275205046,494.3115488743732,142465.82728469814,,-0.9316770186335366,,,,,-83.93593275205046,494.3115488743732,142465.82728469814,,-0.9316770186335366,,,,,-83.93593275205046,494.3115488743732,142465.82728469814,,-0.9316770186335366,,,,,-83.93593275205046,494.3115488743732,142465.82728469814,,-0.9316770186335366,,,,,0.16094398401587243,1157.7371795949887,581.6293531196033,,-0.9316770186335366,,,,,0.2837242261436556,125453.06161089966,24070.594377205787,,-0.9316770186335366,,,,,-83.93593275205046,12361380.570887819,42268300.26517152,,-0.9316770186335366,,,,57160076.5527363,607988.9523765,94.01499209699398,-0.9316770186335366,False,False,rising,rising,sell_advantage_accelerating,flat_or_na,neutral,True,True,False,🔴 1차 급등 완료·상승분 반납 / 신규매수 금지,S3,🔴 1차 급등 완료·반납,당일/5D 급등 후 상승분 상당 부분 반납,S3,False,,,2026-09-05T23:40:00Z,33999614992-1
KRW-GLM,2026-09-06T08:57:39.324580+09:00,1788652659,152.0,164.26358029066196,14.0,1250154.64123616,49776.43077248,25.11539340677949,4,0.0,complete,1788652823779,1788652899613,1344504.1835106,1914859.02510211,-0.17498965444672598,148.0,153.0,3.378378378378377,2.7027027027026973,0.6535947712418301,20.00000000000013,complete_hourly_ordered,/v1/candles/minutes/60,120,False,8.450704225352123,142.0,2026-09-02T10:00:00,154.0,2026-09-03T09:00:00,D-3,1.2987012987012991,16.666666666666877,False,0.40000000000000036,5.801407349491794,5.655911787123813,True,25.11539340677949,,-21.90531267142095,0.2459710054556865,0.6622516556291425,1.0,0.04444444444444695,-0.03679114925716931,-0.076994544785423,25.11539340677949,,-21.90531267142095,0.2459710054556865,0.6622516556291425,1.0,0.04444444444444695,-0.03679114925716931,-0.076994544785423,25.11539340677949,,-21.90531267142095,0.2459710054556865,0.6622516556291425,1.0,0.04444444444444695,-0.03679114925716931,-0.076994544785423,25.11539340677949,,-21.90531267142095,0.2459710054556865,0.6622516556291425,1.0,0.04444444444444695,-0.03679114925716931,-0.076994544785423,,,,0.2499079351457283,0.6622516556291425,1.0,0.04444444444444695,-0.03679114925716931,-0.076994544785423,,,,0.2499079351457283,0.6622516556291425,1.0,0.04444444444444695,-0.03679114925716931,-0.076994544785423,25.11539340677949,1250154.64123616,-13962.131318239997,0.2459710054556865,0.6622516556291425,1.0,0.04444444444444695,-0.03679114925716931,1299931.07200864,2938510.0854278905,0.44237761117615865,0.6622516556291425,False,False,rising,falling,buy_advantage_accelerating,accelerating,neutral,False,False,False,pass,S2,🚀 발사 진행,가격 상승 초입과 실제 매수수급·구조 동반,S0,True,가격 상승 초입과 실제 매수수급·구조 동반,2026-09-06T08:57:39.324580+09:00,2026-09-05T23:40:00Z,33999614992-1
KRW-GMT,2026-09-06T08:57:39.324580+09:00,1788652659,10.2,51.59552685624524,8.0,0.0,6516114.311615273,0.0,3,0.0,complete,1788652284409,1788652636419,7905246.59578192,33215646.48757155,-0.6155119209226457,10.1,10.3,1.980198019801982,0.990099009900991,0.9708737864077808,50.0,complete_hourly_ordered,/v1/candles/minutes/60,120,False,9.97963340122201,9.82,2026-09-01T17:00:00,10.8,2026-09-03T14:00:00,D-3,5.55555555555557,61.22448979591859,True,-0.06685385746760808,16.58016630392322,,True,,,,0.4866378066109789,0.0,0.0,0.0,0.0,,,,,0.4866378066109789,0.0,0.0,0.0,0.0,,,,,0.4866378066109789,0.0,0.0,0.0,0.0,,,,,0.4866378066109789,0.0,0.0,0.0,0.0,,,,,0.5407351995812633,-0.9708737864077777,0.0,-0.06685385746760808,0.04998396829732954,,,-100.0,,0.5490467176274549,-0.9708737864077777,0.0,0.0,0.0,,,0.0,6516114.311615273,0.4866378066109789,0.0,0.0,0.0,0.0,6516114.311615273,2547506.181223123,2.557840432201315,-0.9708737864077777,False,False,flat_or_na,rising,sell_only,accelerating,neutral,False,False,False,pass,S0,🌱 초발사 준비,발사 구조 관찰 또는 초기 준비,S0,False,,,2026-09-05T23:40:00Z,33999614992-1
KRW-GRT,2026-09-06T08:57:39.324580+09:00,1788652659,24.8,46.78234269917576,10.0,6026999.999999892,0.0,,10,0.0,complete,1788652818623,1788652895803,4400079.48935905,5261558.31337822,-0.08916488504413839,23.2,24.9,7.3275862068965525,6.896551724137945,0.4016064257028027,5.8823529411762925,complete_hourly_ordered,/v1/candles/minutes/60,120,False,13.698630136986312,21.9,2026-09-02T20:00:00,24.9,2026-09-06T07:00:00,D0,0.0,0.0,False,0.34100596760444635,15.868477483917076,14.475765465868985,True,,-7.559301779244909,-100.0,1.4486849044809773,-0.40160642570280514,0.0,-0.028417163967042747,0.021320203635932344,0.07546335601459475,,-7.559301779244909,-100.0,1.4486849044809773,-0.40160642570280514,0.0,-0.028417163967042747,0.021320203635932344,0.07546335601459475,,-7.559301779244909,-100.0,1.4486849044809773,-0.40160642570280514,0.0,-0.028417163967042747,0.021320203635932344,0.07546335601459475,,-7.559301779244909,-100.0,1.4486849044809773,-0.40160642570280514,0.0,-0.028417163967042747,0.021320203635932344,0.07546335601459475,,131.71282292534855,-100.0,2.8572024708066053,0.4048582995951566,0.0,0.028417163967020542,-0.021321473640629307,-0.07605727174757071,,414.42460861915913,,3.1263615685112924,1.2244897959183598,0.0,0.08525149190110604,-0.06396823138987706,-0.22998183052228072,,-492855.55713467114,-3973011.9445929006,1.4486849044809773,-0.40160642570280514,0.0,-0.028417163967042747,0.021320203635932344,6026999.999999892,1819960.8916670745,3.311609621720603,1.2244897959183598,False,False,falling,falling,buy_only,accelerating,neutral,False,False,False,pass,S0,🌱 초발사 준비,발사 구조 관찰 또는 초기 준비,S2,True,발사 구조 관찰 또는 초기 준비,2026-09-06T08:57:39.324580+09:00,2026-09-05T23:40:00Z,33999614992-1
KRW-GRVT,2026-09-06T08:57:39.324580+09:00,1788652659,222.0,,,10009.99500108,7588382.70643488,0.0013191210022382785,13,0.0,complete,1788652827254,1788653095111,686314.67070757,2144321.64216643,-0.5150809960388438,221.0,225.0,1.8099547511312153,0.4524886877828038,1.3333333333333335,75.0,complete_hourly_ordered,/v1/candles/minutes/60,120,False,12.5,200.0,2026-09-02T10:00:00,225.0,2026-09-03T15:00:00,D-3,1.3333333333333308,11.999999999999915,False,,,,False,0.0013191210022382785,,51.71444065290984,,0.0,,,,,0.0013191210022382785,,51.71444065290984,,0.0,,,,,0.0013191210022382785,,51.71444065290984,,0.0,,,,,0.0013191210022382785,,51.71444065290984,,0.0,,,,,,80.19792982215293,,,-0.4484304932735439,,,,,-0.010663956934484,0.09995000489411154,809.321813795197,,-0.4484304932735439,,,,,0.0013191210022382785,10009.99500108,2586628.968440041,,0.0,,,,7598392.701435961,8595398.2653263,0.8840070543429914,-0.4484304932735439,False,False,rising,rising,sell_advantage_weakening,flat_or_na,neutral,False,False,False,pass,S0,🌱 초발사 준비,발사 구조 관찰 또는 초기 준비,S0,False,,,2026-09-05T23:40:00Z,33999614992-1
KRW-HBAR,2026-09-06T08:57:39.324580+09:00,1788652659,110.0,7.851436475858642,11.0,230282723.07595384,114402.23513398001,2012.9215378201536,54,0.0,complete,1788651837937,1788652664115,9486169.8431962,13541231.74501349,-0.1760972416398701,107.0,112.0,4.672897196261672,2.8037383177569986,1.7857142857142856,40.0000000000001,complete_hourly_ordered,/v1/candles/minutes/60,120,False,12.00000000000001,100.0,2026-09-02T10:00:00,112.0,2026-09-05T22:00:00,D-1,1.7857142857142905,16.666666666666664,False,0.0,5.323345596383147,8.967634674608494,False,2008.0527004632486,8414.062581406015,-79.40625842760477,1.8233641944011003,0.0,0.0,0.0,0.0,0.0,2008.0527004632486,8414.062581406015,-79.40625842760477,1.8233641944011003,0.0,0.0,0.0,0.0,0.0,2008.0527004632486,8414.062581406015,-79.40625842760477,1.8233641944011003,0.0,0.0,0.0,0.0,0.0,2008.0527004632486,8414.062581406015,-79.40625842760477,1.8233641944011003,0.0,0.0,0.0,0.0,0.0,2012.2839543539194,583.9283541286102,-99.78336889814723,1.8677275155568829,0.0,0.0,0.0,0.0,0.0,2012.8921667427555,193604.67225042632,-97.17360323581894,2.7462326361512357,-0.9009009009009028,0.0,-0.062421972534321135,0.052101062640085516,0.2409546613736353,2008.0527004632486,227577989.33839744,-441117.19163851993,1.8233641944011003,0.0,0.0,0.0,0.0,230397125.31108782,19393418.399430607,11.880170920143316,-0.9009009009009028,False,False,rising,falling,buy_advantage_accelerating,accelerating,leading_buy_inflow,False,False,False,pass,S2,🚀 발사 진행,가격 상승 초입과 실제 매수수급·구조 동반,S2,False,,,2026-09-05T23:40:00Z,33999614992-1
KRW-HIVE,2026-09-06T08:57:39.324580+09:00,1788652659,63.7,3503.8782441683225,7.0,184440.0,10179978.644137243,0.01811791620075951,21,0.0,complete,1788652836554,1788652869312,1498499.7852582,3434232.29983822,-0.39242603919815,63.6,64.3,1.1006289308175932,0.15723270440251014,0.9331259720062121,85.71428571428599,complete_hourly_ordered,/v1/candles/minutes/60,120,False,29.272419627749578,59.1,2026-09-02T20:00:00,76.4,2026-09-03T13:00:00,D-3,16.753926701570688,73.98843930635842,False,0.18743109151047044,16.674117121144384,,True,-6.090607614960656,-97.1691054323495,854.4783036753333,3.6764026088853825,-0.15673981191222097,0.0,-0.01102535832413487,0.00821459489615961,,-6.090607614960656,-97.1691054323495,854.4783036753333,3.6764026088853825,-0.15673981191222097,0.0,-0.01102535832413487,0.00821459489615961,,-6.090607614960656,-97.1691054323495,854.4783036753333,3.6764026088853825,-0.15673981191222097,0.0,-0.01102535832413487,0.00821459489615961,,-6.090607614960656,-97.1691054323495,854.4783036753333,3.6764026088853825,-0.15673981191222097,0.0,-0.01102535832413487,0.00821459489615961,,0.01811791620075951,,71.75332826416661,5.698671737218319,-0.312989045383405,0.0,-0.022050716648291946,0.016429001481366612,,0.01811791620075951,,831.8272959141918,6.141285547420011,-0.6240249609984261,0.0,-0.04410143329658389,0.03285724974478299,,-6.090607614960656,-6330815.004819052,9113429.660788117,3.6764026088853825,-0.15673981191222097,0.0,-0.01102535832413487,0.00821459489615961,10364418.644137243,39684275.87279865,0.2611719230397113,-0.6240249609984261,False,True,falling,rising,sell_advantage_accelerating,accelerating,neutral,True,True,False,🔴 1차 급등 완료·상승분 반납 / 신규매수 금지,S3,🔴 1차 급등 완료·반납,당일/5D 급등 후 상승분 상당 부분 반납,S4,True,당일/5D 급등 후 상승분 상당 부분 반납,2026-09-06T08:57:39.324580+09:00,2026-09-05T23:40:00Z,33999614992-1
KRW-HOLO,2026-09-06T08:57:39.324580+09:00,1788652659,91.5,64.54086843109302,7.0,3900345.1541719483,373542.360839149,10.441506942907274,26,0.0,complete,1788652833064,1788653109854,1142676.03745246,1561423.43889624,-0.15485650772330592,87.7,91.8,4.675028506271373,4.332953249714944,0.326797385620912,7.31707317073143,complete_hourly_ordered,/v1/candles/minutes/60,120,False,13.477737665463296,83.1,2026-09-03T10:00:00,94.3,2026-09-04T09:00:00,D-2,3.6055143160127145,30.357142857142684,True,-0.18425707547170544,9.708818774272043,,False,8.613989127316598,-74.60043415313979,-95.55445786252754,1.2358652860633015,0.4390779363337094,0.0,0.02948113207545955,-0.02365893220348525,,8.613989127316598,-74.60043415313979,-95.55445786252754,1.2358652860633015,0.4390779363337094,0.0,0.02948113207545955,-0.02365893220348525,,8.613989127316598,-74.60043415313979,-95.55445786252754,1.2358652860633015,0.4390779363337094,0.0,0.02948113207545955,-0.02365893220348525,,8.613989127316598,-74.60043415313979,-95.55445786252754,1.2358652860633015,0.4390779363337094,0.0,0.02948113207545955,-0.02365893220348525,,-11.763011036323714,-66.83474168317647,-29.472002594224765,1.6006072843563217,0.6600660066006458,0.0,0.044221698113200425,-0.03548898983769355,,-2.8142252788856528,-56.0675308866917,-44.22672420825348,1.829872040757067,0.7709251101321701,0.0,0.05159198113207086,-0.04140416654655965,,8.613989127316598,-11455606.90299321,-8029085.46919485,1.2358652860633015,0.4390779363337094,0.0,0.02948113207545955,-0.02365893220348525,4273887.515011097,12133454.86622266,0.35223994831915734,0.7709251101321701,False,False,falling,falling,buy_advantage_accelerating,accelerating,neutral,False,False,False,pass,S0,🌱 초발사 준비,발사 구조 관찰 또는 초기 준비,S0,False,,,2026-09-05T23:40:00Z,33999614992-1
KRW-HOME,2026-09-06T08:57:39.324580+09:00,1788652659,8.34,,,4081711.4543778007,4557727.057708888,0.8955585542302362,17,0.0,complete,1788652932534,1788653120952,17405834.74251664,18092758.02762235,-0.019350718760985392,8.25,8.43,2.1818181818181737,1.090909090909098,1.0676156583629877,49.99999999999949,complete_hourly_ordered,/v1/candles/minutes/60,120,False,12.132352941176471,8.16,2026-09-02T03:00:00,9.15,2026-09-02T11:00:00,D-4,8.633879781420772,79.79797979797986,True,,,,False,-1.200228171523062,16.319241677385566,172.21036693317296,,0.12004801920768582,,,,,-1.200228171523062,16.319241677385566,172.21036693317296,,0.12004801920768582,,,,,-1.200228171523062,16.319241677385566,172.21036693317296,,0.12004801920768582,,,,,-1.200228171523062,16.319241677385566,172.21036693317296,,0.12004801920768582,,,,,0.30964313106043295,187.7513056601564,88.26008330460282,,-0.11976047904190823,,,,,-5.202331879487032,-53.213907684188065,218.56818676566024,,0.12004801920768582,,,,,-1.200228171523062,572651.907980023,2883387.0577088883,,0.12004801920768582,,,,8639438.51208669,16006798.828895796,0.5397355588982977,0.12004801920768582,False,False,rising,rising,sell_advantage_accelerating,flat_or_na,neutral,False,False,False,pass,S0,🌱 초발사 준비,발사 구조 관찰 또는 초기 준비,S0,False,,,2026-09-05T23:40:00Z,33999614992-1
KRW-HP,2026-09-06T08:57:39.324580+09:00,1788652659,10.4,-58.790588429632194,6.0,10004.999999925,15503.137254903999,0.6453532491793033,4,0.0,complete,1788652801382,1788652840171,8717841.3867707,28107688.9455971,-0.5265327446427485,10.6,10.7,0.943396226415083,-1.8867924528301772,2.8037383177569994,300.0000000000012,complete_hourly_ordered,/v1/candles/minutes/60,120,False,14.228456913827658,9.98,2026-09-01T10:00:00,11.4,2026-09-04T14:00:00,D-2,8.771929824561408,70.42253521126767,True,0.5776125348559313,31.668921966621554,,True,,,,0.21359015136018655,-1.8867924528301772,0.0,-0.06639224538573796,0.04125099633345286,,,,,0.21359015136018655,-1.8867924528301772,0.0,-0.06639224538573796,0.04125099633345286,,,,,0.21359015136018655,-1.8867924528301772,0.0,-0.06639224538573796,0.04125099633345286,,,,,0.21359015136018655,-1.8867924528301772,0.0,-0.06639224538573796,0.04125099633345286,,,-55.127987134178724,,0.21359015136018655,-1.8867924528301772,0.0,-0.06639224538573796,0.04125099633345286,,-8.051250840573378,-97.52999150169279,-66.7148402283255,0.24271779437052743,-0.952380952380949,0.0,0.0,0.0,,,10004.999999925,15503.137254903999,0.21359015136018655,-1.8867924528301772,0.0,-0.06639224538573796,0.04125099633345286,25508.137254829,541424.0051957549,0.04711305189655635,-0.952380952380949,False,False,rising,rising,sell_advantage_weakening,accelerating,neutral,False,True,False,pass,S0,🌱 초발사 준비,발사 구조 관찰 또는 초기 준비,S0,False,,,2026-09-05T23:40:00Z,33999614992-1
KRW-HUNT,2026-09-06T08:57:39.324580+09:00,1788652659,125.0,194.20468090110057,14.0,1760499.0,0.0,,8,0.0,complete,1788652460834,1788652647929,1993609.30407652,4223828.81508187,-0.35870393372041137,122.0,125.0,2.4590163934426146,2.4590163934426146,0.0,0.0,complete_hourly_ordered,/v1/candles/minutes/60,120,False,10.344827586206895,116.0,2026-09-01T07:00:00,128.0,2026-09-03T13:00:00,D-3,2.34375,24.999999999999893,True,0.44543429844097204,4.20815080313288,4.522404126868435,True,,46.104136251315374,-100.0,1.1645978299523847,0.8064516129032251,1.0,0.11135857461024301,-0.09349550594836664,-0.19528175178167917,,46.104136251315374,-100.0,1.1645978299523847,0.8064516129032251,1.0,0.11135857461024301,-0.09349550594836664,-0.19528175178167917,,46.104136251315374,-100.0,1.1645978299523847,0.8064516129032251,1.0,0.11135857461024301,-0.09349550594836664,-0.19528175178167917,,46.104136251315374,-100.0,1.1645978299523847,0.8064516129032251,1.0,0.11135857461024301,-0.09349550594836664,-0.19528175178167917,,-45.35636280300669,,5.895666286371494,2.4590163934426146,1.0,0.16703786191536452,-0.14025256936928532,-0.29597757497744137,,143.9386445969602,,6.214102008170556,2.4590163934426146,1.0,0.16703786191536452,-0.14025256936928532,-0.29597757497744137,,555537.2205663598,-2707123.1314430796,1.1645978299523847,0.8064516129032251,1.0,0.11135857461024301,-0.09349550594836664,1760499.0,1820142.14876026,0.9672315984765891,2.4590163934426146,False,True,rising,falling,buy_only,accelerating,neutral,False,False,False,pass,S1,⚡ 선행 시동,가격 미급등 상태에서 선행조건 7개 개선,S1,False,,,2026-09-05T23:40:00Z,33999614992-1
KRW-HYPER,2026-09-06T08:57:39.324580+09:00,1788652659,94.1,-37.08648834471748,7.0,883921.354014435,134670.999999653,6.563561227114319,5,0.0,complete,1788652816872,1788652825864,590633.79711044,909555.40149954,-0.21258758874187403,90.4,94.3,4.31415929203538,4.092920353982299,0.21208907741251626,5.1282051282047725,complete_hourly_ordered,/v1/candles/minutes/60,120,False,7.525655644241724,87.7,2026-09-02T10:00:00,94.3,2026-09-06T06:00:00,D0,0.8483563096500446,12.12121212121195,False,-0.29299736302372814,18.659057635423824,,False,,357.11734046056887,,0.10902693177823863,0.10638297872340718,0.0,0.0073249340756031955,-0.005368134884303544,,,357.11734046056887,,0.10902693177823863,0.10638297872340718,0.0,0.0073249340756031955,-0.005368134884303544,,,357.11734046056887,,0.10902693177823863,0.10638297872340718,0.0,0.0073249340756031955,-0.005368134884303544,,,357.11734046056887,,0.10902693177823863,0.10638297872340718,0.0,0.0073249340756031955,-0.005368134884303544,,6.563561227114319,,-39.250455956439254,0.11516956132629019,0.31982942430703876,0.0,0.02197480222677628,-0.016104645245153648,,6.174383450384352,-20.996607156477054,-95.31559717094554,0.3399822315863261,0.31982942430703876,0.0,-0.014649868151184187,0.010736029185313356,,,690552.764425635,134670.999999653,0.10902693177823863,0.10638297872340718,0.0,0.0073249340756031955,-0.005368134884303544,1018592.3540140879,1503712.3456421336,0.6773851108997287,0.31982942430703876,False,False,rising,rising,buy_advantage_weakening,accelerating,neutral,False,False,False,pass,S0,🌱 초발사 준비,발사 구조 관찰 또는 초기 준비,S0,False,,,2026-09-05T23:40:00Z,33999614992-1
KRW-ICP,2026-09-06T08:57:39.324580+09:00,1788652659,3641.0,165.88694656427487,13.0,1182613.0639172401,468165.94520926,2.5260552930406712,12,0.0,complete,1788652812198,1788653114255,19026.57102873,33233.93676137,-0.2718566338793092,3382.0,3719.0,9.964518036664693,7.658190419869904,2.0973379940844312,23.145400593471745,complete_hourly_ordered,/v1/candles/minutes/60,120,False,13.522588522588519,3276.0,2026-09-04T21:00:00,3719.0,2026-09-05T16:00:00,D-1,2.151115891368649,18.058690744920934,True,0.3395754314196697,3.0621617149448546,4.761768729847158,True,1.111042029375624,-89.09453745312096,-93.89111782598347,1.5942779106514138,-0.4102844638949721,0.0,-0.031773139781954285,0.02697542400149633,0.08121544559773408,1.111042029375624,-89.09453745312096,-93.89111782598347,1.5942779106514138,-0.4102844638949721,0.0,-0.031773139781954285,0.02697542400149633,0.08121544559773408,1.111042029375624,-89.09453745312096,-93.89111782598347,1.5942779106514138,-0.4102844638949721,0.0,-0.031773139781954285,0.02697542400149633,0.08121544559773408,1.111042029375624,-89.09453745312096,-93.89111782598347,1.5942779106514138,-0.4102844638949721,0.0,-0.031773139781954285,0.02697542400149633,0.08121544559773408,2.2971904811471378,-61.196835596372246,-96.48436875211063,1.7402075687287777,-0.6819421713038731,0.0,-0.04964553090929247,0.04214819034878614,0.12630533945984634,0.24469675002222502,-56.536577761128484,-60.746841169057895,3.1156887159080213,-0.43751709051135235,0.0,-0.031773139781954285,0.02697542400149633,0.08121544559773408,1.111042029375624,-9661613.47698894,-7195526.558151722,1.5942779106514138,-0.4102844638949721,0.0,-0.031773139781954285,0.02697542400149633,1650779.0091265002,3215722.50922991,0.5133462244918088,-0.43751709051135235,False,False,falling,falling,buy_advantage_accelerating,accelerating,neutral,False,False,False,pass,S2,🚀 발사 진행,가격 상승 초입과 실제 매수수급·구조 동반,S0,True,가격 상승 초입과 실제 매수수급·구조 동반,2026-09-06T08:57:39.324580+09:00,2026-09-05T23:40:00Z,33999614992-1
KRW-ICX,2026-09-06T08:57:39.324580+09:00,1788652659,20.1,106.72564761581818,5.0,110074.999999909,10010691.521783553,0.010995743876472733,16,0.0,complete,1788652873719,1788653129146,11658265.40709415,16000817.83872582,-0.15700276083040263,20.4,21.0,2.941176470588247,-1.4705882352941013,4.2857142857142785,149.99999999999923,complete_hourly_ordered,/v1/candles/minutes/60,120,False,48.20512820512819,19.5,2026-09-01T18:00:00,28.9,2026-09-01T21:00:00,D-4,30.795847750865047,94.6808510638298,False,-1.2860727728983723,44.91751629982935,,True,-1.0050074071968456,-98.33323559613109,54.00848777962539,0.09536583526018205,0.0,0.0,0.0,0.0,,-1.0050074071968456,-98.33323559613109,54.00848777962539,0.09536583526018205,0.0,0.0,0.0,0.0,,-1.0050074071968456,-98.33323559613109,54.00848777962539,0.09536583526018205,0.0,0.0,0.0,0.0,,-1.0050074071968456,-98.33323559613109,54.00848777962539,0.09536583526018205,0.0,0.0,0.0,0.0,,-277.538189729276,-99.54446935022209,11398.281719205803,0.2336530176972218,1.005025125628145,0.0,0.06273525721456341,-0.032597475770160145,,-0.2674392569067777,-92.0277715844823,101.87332935868474,0.24597192037884952,0.5000000000000115,0.0,0.0313676286072595,-0.016298381277742635,,-1.0050074071968456,-6494037.719494376,3510600.737106735,0.09536583526018205,0.0,0.0,0.0,0.0,10120766.521783462,12230495.865003262,0.8275025504684035,0.5000000000000115,False,False,falling,rising,sell_advantage_accelerating,accelerating,neutral,True,True,False,🔴 1차 급등 완료·상승분 반납 / 신규매수 금지,S3,🔴 1차 급등 완료·반납,당일/5D 급등 후 상승분 상당 부분 반납,S3,False,,,2026-09-05T23:40:00Z,33999614992-1
KRW-ID,2026-09-06T08:57:39.324580+09:00,1788652659,44.8,-13.750383334240224,11.0,1269891.8237823998,7629343.937604927,0.16644836491419937,20,0.0,complete,1788652076425,1788652774575,3564560.83612861,3220053.4359543,0.05077774304603827,43.8,46.1,5.251141552511429,2.2831050228310446,2.81995661605207,56.521739130435,complete_hourly_ordered,/v1/candles/minutes/60,120,False,7.9625292740046705,42.7,2026-09-04T22:00:00,46.1,2026-09-05T10:00:00,D-1,2.819956616052066,38.235294117647165,False,-0.01519295047098801,5.054913346918902,9.7923616998199,True,-1.008448325983042,-87.02768272014798,-8.433269060806225,0.5255299553372783,0.0,0.0,-0.01519295047098801,0.012714688619835712,0.0725124897489593,-1.008448325983042,-87.02768272014798,-8.433269060806225,0.5255299553372783,0.0,0.0,-0.01519295047098801,0.012714688619835712,0.0725124897489593,-1.008448325983042,-87.02768272014798,-8.433269060806225,0.5255299553372783,0.0,0.0,-0.01519295047098801,0.012714688619835712,0.0725124897489593,-1.008448325983042,-87.02768272014798,-8.433269060806225,0.5255299553372783,0.0,0.0,-0.01519295047098801,0.012714688619835712,0.0725124897489593,0.14761154627001938,1352.8573960782649,64.41862495849125,0.7698260609156353,-0.4444444444444473,0.0,-0.030385900941953814,0.025428918664335498,0.1443149545820006,,-41.800431953459196,,0.8764837193777186,-0.6651884700665245,0.0,-0.04557885141294182,0.03814269015833904,0.21541777228156178,-1.008448325983042,-8519352.429090872,-702660.3387859212,0.5255299553372783,0.0,0.0,-0.01519295047098801,0.012714688619835712,8899235.761387328,2795972.556339622,3.1828766492035454,-0.6651884700665245,False,True,falling,falling,sell_advantage_accelerating,accelerating,neutral,False,False,False,pass,S1,⚡ 선행 시동,가격 미급등 상태에서 선행조건 3개 개선,S2,True,가격 미급등 상태에서 선행조건 3개 개선,2026-09-06T08:57:39.324580+09:00,2026-09-05T23:40:00Z,33999614992-1
KRW-IMX,2026-09-06T08:57:39.324580+09:00,1788652659,175.0,84.30788451696097,12.0,3400570.4060141104,2263272.43113664,1.5025015809989377,12,0.0,complete,1788652802514,1788652897311,509614.71244103,459772.27435726,0.051416450563660454,171.0,175.0,2.3391812865497075,2.3391812865497075,0.0,0.0,complete_hourly_ordered,/v1/candles/minutes/60,120,False,6.626506024096379,166.0,2026-09-02T19:00:00,177.0,2026-09-04T01:00:00,D-2,0.5649717514124242,9.090909090908877,True,0.22831050228311334,11.803114013058764,11.213270260762807,False,,861.9568595208136,,0.12135992483815983,0.0,0.0,0.0,0.0,0.0,,861.9568595208136,,0.12135992483815983,0.0,0.0,0.0,0.0,0.0,,861.9568595208136,,0.12135992483815983,0.0,0.0,0.0,0.0,0.0,,861.9568595208136,,0.12135992483815983,0.0,0.0,0.0,0.0,0.0,1.257516536687695,3498.4872021313336,486.7385151644692,0.233350368307768,0.5747126436781658,0.0,0.03805175038051889,-0.029793776485417922,-0.09230545679315227,1.3617758779608868,1659.4623698776616,64.79289080375636,0.44423361619759305,1.1560693641618602,0.0,0.07610350076103778,-0.059590047217504605,-0.18567581996233784,,3047064.9060161104,2263272.43113664,0.12135992483815983,0.0,0.0,0.0,0.0,5663842.837150751,999999.9999996399,5.6638428371527905,1.1560693641618602,False,True,rising,rising,buy_advantage_weakening,accelerating,neutral,False,False,False,pass,S2,🚀 발사 진행,가격 상승 초입과 실제 매수수급·구조 동반,S1,True,가격 상승 초입과 실제 매수수급·구조 동반,2026-09-06T08:57:39.324580+09:00,2026-09-05T23:40:00Z,33999614992-1
KRW-IN,2026-09-06T08:57:39.324580+09:00,1788652659,47.1,50.22245962843925,6.0,463950.888652299,131765.111347608,3.521045016448668,4,0.0,complete,1788651895729,1788652089958,3413789.07608041,2191016.00621675,0.21816513721874156,46.9,47.9,2.1321961620469176,0.4264392324093924,1.6701461377870506,79.99999999999959,complete_hourly_ordered,/v1/candles/minutes/60,120,False,7.640449438202235,44.5,2026-09-02T03:00:00,47.9,2026-09-05T21:00:00,D-1,1.6701461377870541,23.529411764705745,True,-0.04430005906674861,46.027727666869325,,True,3.270169123344846,18.6595864527656,-91.54545608261134,0.4821692624002978,0.21276595744681437,0.0,0.01476668635558287,-0.00743559111417369,,3.270169123344846,18.6595864527656,-91.54545608261134,0.4821692624002978,0.21276595744681437,0.0,0.01476668635558287,-0.00743559111417369,,3.270169123344846,18.6595864527656,-91.54545608261134,0.4821692624002978,0.21276595744681437,0.0,0.01476668635558287,-0.00743559111417369,,3.270169123344846,18.6595864527656,-91.54545608261134,0.4821692624002978,0.21276595744681437,0.0,0.01476668635558287,-0.00743559111417369,,2.8222618968612863,-92.26641860979134,-98.46520106837954,0.7454410033485033,0.0,0.0,-0.01476668635558287,0.007435442897396172,,3.49431155072266,680.4721270509817,-94.07428057262776,1.0099659332716726,0.0,0.0,-0.01476668635558287,0.007435442897396172,,3.270169123344846,72957.710164371,-1426747.2417150277,0.4821692624002978,0.21276595744681437,0.0,0.01476668635558287,-0.00743559111417369,595715.999999907,8678772.20862674,0.06864058482924146,0.0,False,False,rising,falling,buy_advantage_accelerating,accelerating,leading_buy_inflow,False,False,False,pass,S0,🌱 초발사 준비,발사 구조 관찰 또는 초기 준비,S0,False,,,2026-09-05T23:40:00Z,33999614992-1
KRW-INJ,2026-09-06T08:57:39.324580+09:00,1788652659,6580.0,775.6336869328095,10.0,11945019.057412751,109619.4824379,108.96803005961705,57,0.0,complete,1788652823266,1788652920410,11096.65400341,8041.0547965,0.15966379459825253,6370.0,6720.0,5.494505494505497,3.296703296703307,2.083333333333333,39.99999999999984,complete_hourly_ordered,/v1/candles/minutes/60,120,False,41.70324846356452,5695.0,2026-09-01T18:00:00,8070.0,2026-09-02T16:00:00,D-4,18.463444857496903,62.73684210526314,True,-0.35976331360947356,4.251459893443419,,True,106.91395729723418,11262.361181393857,114.18315634676208,0.1704674534670403,0.15220700152207556,0.0,0.004733727810646293,-0.0040044320734420324,,106.91395729723418,11262.361181393857,114.18315634676208,0.1704674534670403,0.15220700152207556,0.0,0.004733727810646293,-0.0040044320734420324,,106.91395729723418,11262.361181393857,114.18315634676208,0.1704674534670403,0.15220700152207556,0.0,0.004733727810646293,-0.0040044320734420324,,106.91395729723418,11262.361181393857,114.18315634676208,0.1704674534670403,0.15220700152207556,0.0,0.004733727810646293,-0.0040044320734420324,,,2350.9727058038366,,0.1730433392353916,0.15220700152207556,0.0,0.004733727810646293,-0.0040044320734420324,,,254.2390942362336,,0.2705105238027272,0.15220700152207556,0.0,0.004733727810646293,-0.0040044320734420324,,106.91395729723418,11839891.0926639,58439.228907400015,0.1704674534670403,0.15220700152207556,0.0,0.004733727810646293,-0.0040044320734420324,12054638.53985065,8275386.14773985,1.4566859267519472,0.15220700152207556,False,True,rising,rising,buy_advantage_accelerating,accelerating,leading_buy_inflow,True,True,False,🔴 1차 급등 완료·상승분 반납 / 신규매수 금지,S2,🚀 발사 진행,가격 상승 초입과 실제 매수수급·구조 동반,S2,False,,,2026-09-05T23:40:00Z,33999614992-1
KRW-IO,2026-09-06T08:57:39.324580+09:00,1788652659,177.0,,,0.0,209438.89999842,0.0,1,0.0,complete,1788652731549,1788652731549,231070.83160299,222962.34870595,0.017858789288313033,174.0,179.0,2.8735632183908066,1.724137931034475,1.1173184357541899,40.000000000000306,complete_hourly_ordered,/v1/candles/minutes/60,120,False,9.883720930232553,172.0,2026-09-02T19:00:00,189.0,2026-09-03T12:00:00,D-3,6.349206349206349,70.58823529411757,True,,,,True,0.0,,2018.0544127056912,,-1.1173184357541888,,,,,0.0,,2018.0544127056912,,-1.1173184357541888,,,,,0.0,,2018.0544127056912,,-1.1173184357541888,,,,,0.0,,2018.0544127056912,,-1.1173184357541888,,,,,,,,,-1.1173184357541888,,,,,,-100.0,,,-0.5617977528089901,,,,,0.0,0.0,199550.63184336,,-1.1173184357541888,,,,209438.89999842,2253991.22126118,0.09291912853202342,-0.5617977528089901,False,False,flat_or_na,rising,sell_only,flat_or_na,neutral,False,False,False,pass,S0,🌱 초발사 준비,발사 구조 관찰 또는 초기 준비,S0,False,,,2026-09-05T23:40:00Z,33999614992-1
KRW-IOST,2026-09-06T08:57:39.324580+09:00,1788652659,0.932,597.8297948625876,7.0,5467371.142208795,2126044.9057084583,2.5716160216225123,19,0.0,complete,1788652804679,1788652832624,44808456.62645966,97278032.96732245,-0.3692791375933812,0.83,0.967,16.506024096385552,12.289156626506026,3.61944157187176,25.54744525547449,complete_hourly_ordered,/v1/candles/minutes/60,120,False,21.177944862155385,0.798,2026-09-01T17:00:00,0.967,2026-09-06T08:00:00,D0,3.5160289555325686,20.11834319526625,False,0.7966831964880683,25.862700399865474,,True,0.688380160801364,-95.26487461823871,-96.53239136424766,33.46340669871972,-3.219106957424711,2.0,-0.20323550930818612,0.13560430062769058,,0.688380160801364,-95.26487461823871,-96.53239136424766,33.46340669871972,-3.219106957424711,2.0,-0.20323550930818612,0.13560430062769058,,0.688380160801364,-95.26487461823871,-96.53239136424766,33.46340669871972,-3.219106957424711,2.0,-0.20323550930818612,0.13560430062769058,,0.688380160801364,-95.26487461823871,-96.53239136424766,33.46340669871972,-3.219106957424711,2.0,-0.20323550930818612,0.13560430062769058,,-0.6127032869029843,-95.19090588877022,-94.0451097262789,49.67138998633368,-1.894736842105249,2.0,-0.09755304446794621,0.0650963881172153,,-0.43764031656108493,-88.45784222524038,-86.49358568776681,60.636178867432704,-0.6396588486140664,0.0,-0.016258840744676206,0.010850208904535918,,0.688380160801364,-109996754.96663624,-59185513.8379208,33.46340669871972,-3.219106957424711,2.0,-0.20323550930818612,0.13560430062769058,7593416.047917253,4875262.390102676,1.5575399722756935,-0.6396588486140664,False,True,falling,falling,buy_advantage_accelerating,accelerating,neutral,False,False,False,pass,S0,🌱 초발사 준비,발사 구조 관찰 또는 초기 준비,S0,False,,,2026-09-05T23:40:00Z,33999614992-1
KRW-IOTA,2026-09-06T08:57:39.324580+09:00,1788652659,54.9,40.80954354927706,11.0,0.0,376649.005934214,0.0,2,0.0,complete,1788652583840,1788652583854,1529328.87457335,1594164.16888136,-0.02075730389215132,53.5,55.5,3.738317757009346,2.616822429906529,1.0810810810810836,30.000000000000355,complete_hourly_ordered,/v1/candles/minutes/60,120,False,7.34463276836157,53.1,2026-09-02T10:00:00,57.0,2026-09-04T00:00:00,D-2,3.68421052631579,53.84615384615389,False,-0.6376072339438932,9.351947330847937,13.253847064506191,True,-6.38760390984216,-100.0,147.3168893380984,1.3560397080295985,-0.5434782608695676,0.0,-0.023185717597951072,0.018755008918899918,0.09652481429602666,-6.38760390984216,-100.0,147.3168893380984,1.3560397080295985,-0.5434782608695676,0.0,-0.023185717597951072,0.018755008918899918,0.09652481429602666,-6.38760390984216,-100.0,147.3168893380984,1.3560397080295985,-0.5434782608695676,0.0,-0.023185717597951072,0.018755008918899918,0.09652481429602666,-6.38760390984216,-100.0,147.3168893380984,1.3560397080295985,-0.5434782608695676,0.0,-0.023185717597951072,0.018755008918899918,0.09652481429602666,-0.00962146101189359,-100.0,-71.27525581885993,1.4750837627208497,0.0,0.0,-0.03477857639693216,0.02813214147652232,0.14440352567597614,-0.031039895967731695,-100.0,-62.41105524100969,1.985690265057677,-0.9025270758122761,0.0,-0.057964293994894334,0.04688566283730644,0.23940367148435904,-6.38760390984216,-972794.3244727401,224354.91597446598,1.3560397080295985,-0.5434782608695676,0.0,-0.023185717597951072,0.018755008918899918,376649.005934214,4517427.390922279,0.08337688098564375,-0.9025270758122761,False,False,falling,rising,sell_only,accelerating,neutral,False,False,False,pass,S0,🌱 초발사 준비,발사 구조 관찰 또는 초기 준비,S2,True,발사 구조 관찰 또는 초기 준비,2026-09-06T08:57:39.324580+09:00,2026-09-05T23:40:00Z,33999614992-1
KRW-IQ,2026-09-06T08:57:39.324580+09:00,1788652659,0.976,3932.264223944094,9.0,1108260.214313118,355739.7856868819,3.11536763360114,6,0.0,complete,1788652835830,1788652843138,82937090.40148963,276708533.0663041,-0.538784375565095,0.966,0.981,1.552795031055898,1.0351966873705987,0.5096839959225284,33.33333333333333,complete_hourly_ordered,/v1/candles/minutes/60,120,False,44.57831325301205,0.913,2026-09-01T09:00:00,1.32,2026-09-01T19:00:00,D-4,26.060606060606062,84.52088452088454,True,0.09004017176894585,18.14609486182798,,True,-8.91453767668449,-80.93484817635034,-26.380447465967126,1.9182594078770308,-0.3064351378958108,0.0,0.013852334118302778,-0.010169520230313367,,-8.91453767668449,-80.93484817635034,-26.380447465967126,1.9182594078770308,-0.3064351378958108,0.0,0.013852334118302778,-0.010169520230313367,,-8.91453767668449,-80.93484817635034,-26.380447465967126,1.9182594078770308,-0.3064351378958108,0.0,0.013852334118302778,-0.010169520230313367,,-8.91453767668449,-80.93484817635034,-26.380447465967126,1.9182594078770308,-0.3064351378958108,0.0,0.013852334118302778,-0.010169520230313367,,,1007.1270239100039,,1.9267361481388434,-0.2044989775051076,0.0,0.020778501177454167,-0.015254388352577308,,2.1904575884292257,-42.590232018246944,-82.95582501255754,2.3856325851684232,0.2053388090349051,0.0,0.048483169414059724,-0.03559458092497536,,-8.91453767668449,-4704755.200221162,-127473.94414722756,1.9182594078770308,-0.3064351378958108,0.0,0.013852334118302778,-0.010169520230313367,1464000.0,1864218.5082076576,0.7853156663526287,0.2053388090349051,False,True,falling,falling,buy_advantage_weakening,accelerating,neutral,True,True,False,🔴 1차 급등 완료·상승분 반납 / 신규매수 금지,S3,🔴 1차 급등 완료·반납,당일/5D 급등 후 상승분 상당 부분 반납,S3,False,,,2026-09-05T23:40:00Z,33999614992-1
KRW-IRYS,2026-09-06T08:57:39.324580+09:00,1788652659,19.8,,,9999.999999990001,9177304.353457442,0.0010896445856917252,8,0.0,complete,1788652956513,1788653019882,8546669.4145608,13799241.63891722,-0.23505742109981617,19.3,20.2,4.663212435233155,2.590673575129543,1.9801980198019733,44.44444444444418,complete_hourly_ordered,/v1/candles/minutes/60,120,False,10.989010989010994,18.2,2026-09-04T21:00:00,20.2,2026-09-05T13:00:00,D-1,2.4752475247524774,25.00000000000011,True,,,,False,-9.474448379794351,-99.91619136589264,628.7990136264976,,0.0,,,,,-9.474448379794351,-99.91619136589264,628.7990136264976,,0.0,,,,,-9.474448379794351,-99.91619136589264,628.7990136264976,,0.0,,,,,-9.474448379794351,-99.91619136589264,628.7990136264976,,0.0,,,,,-1.4644926071059017,-95.37277855598042,6123.6565133729255,,0.5076142131979822,,,,,,,,,0.0,,,,,-9.474448379794351,-11921944.84852317,7918067.693985133,,0.0,,,,9187304.353457432,2289453.1169086853,4.012881629068916,0.0,False,False,falling,rising,sell_advantage_accelerating,flat_or_na,neutral,False,False,False,pass,S0,🌱 초발사 준비,발사 구조 관찰 또는 초기 준비,S0,False,,,2026-09-05T23:40:00Z,33999614992-1
KRW-JST,2026-09-06T08:57:39.324580+09:00,1788652659,151.0,-36.48674157394425,1.0,0.0,0.0,,0,0.0,complete,,,662634.92654593,4333129.84919853,-0.7347213264470862,149.0,151.0,1.342281879194629,1.342281879194629,0.0,0.0,complete_hourly_ordered,/v1/candles/minutes/60,120,False,11.029411764705888,136.0,2026-09-01T04:00:00,151.0,2026-09-06T07:00:00,D0,0.0,0.0,False,0.1896633475581,-2.1760154738878144,,False,,-100.0,-100.0,0.30598431940308046,0.0,0.0,0.0,0.0,,,-100.0,-100.0,0.30598431940308046,0.0,0.0,0.0,0.0,,,-100.0,-100.0,0.30598431940308046,0.0,0.0,0.0,0.0,,,-100.0,-100.0,0.30598431940308046,0.0,0.0,0.0,0.0,,,-100.0,,1.3748129860453133,0.6666666666666599,0.0,0.04741583688951945,-0.04218243272234856,,,,,1.5898069544581475,1.342281879194629,0.0,0.0948316737790611,-0.08436996548496634,,,-296283.95167483,-139459.2703635,0.30598431940308046,0.0,0.0,0.0,0.0,0,1309070.5070299201,0.0,1.342281879194629,False,False,falling,falling,unavailable,accelerating,neutral,False,False,False,pass,S0,🌱 초발사 준비,발사 구조 관찰 또는 초기 준비,S0,False,,,2026-09-05T23:40:00Z,33999614992-1
KRW-JTO,2026-09-06T08:57:39.324580+09:00,1788652659,570.0,-32.82932300730148,2.0,5208190.81320366,1790637.74831777,2.9085675302536984,28,0.0,complete,1788652208847,1788652748562,312927.32741513,284986.17081108,0.04673110188504043,555.0,582.0,4.86486486486486,2.7027027027026973,2.0618556701030926,44.4444444444445,complete_hourly_ordered,/v1/candles/minutes/60,120,False,12.169312169312164,567.0,2026-09-03T00:00:00,636.0,2026-09-04T02:00:00,D-2,10.377358490566035,95.65217391304343,False,-3.1016657093624334,20.077380129888088,,False,0.9908686429993028,8233.335337199836,5394.398097015111,0.3161193836936462,-0.34965034965035446,0.0,-0.009573042312849278,0.007107032048587314,,0.9908686429993028,8233.335337199836,5394.398097015111,0.3161193836936462,-0.34965034965035446,0.0,-0.009573042312849278,0.007107032048587314,,0.9908686429993028,8233.335337199836,5394.398097015111,0.3161193836936462,-0.34965034965035446,0.0,-0.009573042312849278,0.007107032048587314,,0.9908686429993028,8233.335337199836,5394.398097015111,0.3161193836936462,-0.34965034965035446,0.0,-0.009573042312849278,0.007107032048587314,,2.8815873577665134,4383.307198010816,-58.412379889003404,0.32268636694856667,0.35211267605634866,0.0,0.028719126938536732,-0.021321937920227185,,1.908015175446681,91221.32687881106,31314.697338908245,0.3903434793270435,-0.34965034965035446,0.0,-0.009573042312849278,0.007107032048587314,,0.9908686429993028,5145692.5384738,1758047.5042782899,0.3161193836936462,-0.34965034965035446,0.0,-0.009573042312849278,0.007107032048587314,6998828.56152143,7155092.987290686,0.9781603920386747,-0.34965034965035446,False,False,rising,rising,buy_advantage_accelerating,accelerating,leading_buy_inflow,False,False,False,pass,S0,🌱 초발사 준비,발사 구조 관찰 또는 초기 준비,S0,False,,,2026-09-05T23:40:00Z,33999614992-1
KRW-JUP,2026-09-06T08:57:39.324580+09:00,1788652659,302.0,-21.020157853315236,8.0,48619.2658,1810512.24067222,0.02685387301327954,11,0.0,complete,1788651885038,1788652694361,845047.33929452,386630.93879441,0.37218842668183455,297.0,310.0,4.377104377104368,1.683501683501687,2.5806451612903225,61.538461538461384,complete_hourly_ordered,/v1/candles/minutes/60,120,False,13.636363636363647,286.0,2026-09-02T21:00:00,325.0,2026-09-04T03:00:00,D-2,7.3846153846153895,61.53846153846153,True,0.4004449388208986,-2.834031160101405,,True,-0.8431119366294401,-99.25867266349606,-75.98374595005276,0.2025955374500441,0.0,0.0,0.0,0.0,,-0.8431119366294401,-99.25867266349606,-75.98374595005276,0.2025955374500441,0.0,0.0,0.0,0.0,,-0.8431119366294401,-99.25867266349606,-75.98374595005276,0.2025955374500441,0.0,0.0,0.0,0.0,,-0.8431119366294401,-99.25867266349606,-75.98374595005276,0.2025955374500441,0.0,0.0,0.0,0.0,,-1.0406096876997006,-60.67648973477875,1463.1419075635272,0.4519915940720658,0.0,0.0,0.0,0.0,,0.02685387301327954,,-32.42639085287442,0.4974316877255802,-0.330033003300334,0.0,0.0,0.0,,-0.8431119366294401,-6509787.986424761,-5728183.16497618,0.2025955374500441,0.0,0.0,0.0,0.0,1859131.50647222,8678786.89192592,0.21421559598402098,-0.330033003300334,False,False,falling,falling,sell_advantage_accelerating,accelerating,neutral,False,True,False,pass,S0,🌱 초발사 준비,발사 구조 관찰 또는 초기 준비,S0,False,,,2026-09-05T23:40:00Z,33999614992-1
KRW-KAITO,2026-09-06T08:57:39.324580+09:00,1788652659,424.0,-50.52444364443562,1.0,0.0,0.0,,0,0.0,complete,,,570760.5479115,631045.24224376,-0.0501617605989999,415.0,429.0,3.3734939759036076,2.168674698795181,1.1655011655011656,35.71428571428557,complete_hourly_ordered,/v1/candles/minutes/60,120,False,6.982543640897765,401.0,2026-09-04T21:00:00,429.0,2026-09-05T18:00:00,D-1,1.1655011655011704,17.857142857142836,False,-1.652395974162546,48.47569673300346,,False,,-100.0,-100.0,0.09400161578145827,-0.46948356807511304,0.0,-0.015021781583313132,0.0073629733875080206,,,-100.0,-100.0,0.09400161578145827,-0.46948356807511304,0.0,-0.015021781583313132,0.0073629733875080206,,,-100.0,-100.0,0.09400161578145827,-0.46948356807511304,0.0,-0.015021781583313132,0.0073629733875080206,,,-100.0,-100.0,0.09400161578145827,-0.46948356807511304,0.0,-0.015021781583313132,0.0073629733875080206,,,-100.0,-100.0,0.11191379851967298,0.0,0.0,0.0,0.0,,,-100.0,,0.1525879412075426,-0.23529411764705577,0.0,-0.015021781583313132,0.0073629733875080206,,,-2181299.66535893,-288123.59252368,0.09400161578145827,-0.46948356807511304,0.0,-0.015021781583313132,0.0073629733875080206,0,6774349.099233925,0.0,-0.23529411764705577,False,False,falling,falling,unavailable,accelerating,neutral,False,False,False,pass,S0,🌱 초발사 준비,발사 구조 관찰 또는 초기 준비,S0,False,,,2026-09-05T23:40:00Z,33999614992-1
KRW-KAT,2026-09-06T08:57:39.324580+09:00,1788652659,6.37,-0.49888062405264444,5.0,9187.1868795434,101130.1692,0.0908451647240337,2,0.0,complete,1788652805560,1788652867863,11765211.00524089,11428498.60363276,0.014517401799292494,6.38,6.5,1.8808777429467183,-0.15673981191222097,1.9999999999999982,108.33333333333303,complete_hourly_ordered,/v1/candles/minutes/60,120,False,7.973421926910307,6.02,2026-09-02T19:00:00,6.5,2026-09-05T20:00:00,D-1,2.0000000000000018,27.083333333333275,True,-0.34762456546929554,23.910639239106402,,False,0.0908451647240337,,-41.79119814337696,0.3876237830862217,0.15723270440251014,0.0,0.010534077741497505,-0.0072783366267969996,,0.0908451647240337,,-41.79119814337696,0.3876237830862217,0.15723270440251014,0.0,0.010534077741497505,-0.0072783366267969996,,0.0908451647240337,,-41.79119814337696,0.3876237830862217,0.15723270440251014,0.0,0.010534077741497505,-0.0072783366267969996,,0.0908451647240337,,-41.79119814337696,0.3876237830862217,0.15723270440251014,0.0,0.010534077741497505,-0.0072783366267969996,,-3.6248288124104775,-99.69361027933452,-87.46830042747413,0.4059403108617854,-0.15673981191222097,0.0,-0.010534077741486403,0.007278190274170981,,-2.7153568537231525,-99.67782377562573,-90.04799458638011,0.6031112469704447,-0.15673981191222097,0.0,-0.010534077741486403,0.007278190274170981,,0.0908451647240337,9187.1868795434,-72606.73308,0.3876237830862217,0.15723270440251014,0.0,0.010534077741497505,-0.0072783366267969996,110317.3560795434,3396448.5699655144,0.032480208019361675,-0.15673981191222097,False,False,rising,falling,sell_advantage_weakening,accelerating,leading_buy_inflow,False,False,False,pass,S0,🌱 초발사 준비,발사 구조 관찰 또는 초기 준비,S0,False,,,2026-09-05T23:40:00Z,33999614992-1
KRW-KAVA,2026-09-06T08:57:39.324580+09:00,1788652659,70.0,-58.9062468760488,12.0,9985.714285215001,0.0,,1,0.0,complete,1788652924724,1788652924724,723100.41818022,461930.81601807,0.22039047969806402,68.0,70.5,3.6764705882353033,2.941176470588225,0.7092198581560284,20.000000000000483,complete_hourly_ordered,/v1/candles/minutes/60,120,False,10.501567398119139,63.8,2026-09-02T01:00:00,70.5,2026-09-05T23:00:00,D-1,0.8510638297872242,8.95522388059695,True,0.8000831255195351,6.97496014479726,5.693689665815114,True,,-66.61918367510505,-100.0,0.16127890571289782,0.2865329512893977,0.0,0.020781379883616502,-0.016948755412507843,-0.029672274275340804,,-66.61918367510505,-100.0,0.16127890571289782,0.2865329512893977,0.0,0.020781379883616502,-0.016948755412507843,-0.029672274275340804,,-66.61918367510505,-100.0,0.16127890571289782,0.2865329512893977,0.0,0.020781379883616502,-0.016948755412507843,-0.029672274275340804,,-66.61918367510505,-100.0,0.16127890571289782,0.2865329512893977,0.0,0.020781379883616502,-0.016948755412507843,-0.029672274275340804,,,,0.16866416954164265,0.14306151645206988,0.0,0.010390689941797149,-0.008474276126676727,-0.014815404561980827,,-17.405175473554902,,0.1805098286296598,0.14306151645206988,0.0,0.010390689941797149,-0.008474276126676727,-0.014815404561980827,,-19928.815629285004,-51023.391812392,0.16127890571289782,0.2865329512893977,0.0,0.020781379883616502,-0.016948755412507843,9985.714285215001,1159532.6958837057,0.008611843651036217,0.14306151645206988,False,True,falling,falling,buy_only,accelerating,neutral,False,False,False,pass,S1,⚡ 선행 시동,가격 미급등 상태에서 선행조건 5개 개선,S1,False,,,2026-09-05T23:40:00Z,33999614992-1
KRW-KERNEL,2026-09-06T08:57:39.324580+09:00,1788652659,55.5,-91.51871343495202,7.0,0.0,5336.538461325001,0.0,1,0.0,complete,1788652826385,1788652826385,2304103.53218438,4738415.66460548,-0.34565928248100686,53.8,55.7,3.5315985130111693,3.1598513011152463,0.3590664272890536,10.526315789473982,complete_hourly_ordered,/v1/candles/minutes/60,120,False,11.40000000000001,50.0,2026-09-03T07:00:00,55.7,2026-09-06T08:00:00,D0,0.35906642728905647,3.508771929824546,False,0.28025477707007695,21.76894409937887,,False,,-100.0,,0.14366346270549002,0.0,0.0,0.0,0.0,,,-100.0,,0.14366346270549002,0.0,0.0,0.0,0.0,,,-100.0,,0.14366346270549002,0.0,0.0,0.0,0.0,,,-100.0,,0.14366346270549002,0.0,0.0,0.0,0.0,,,-100.0,,0.15559907470141354,0.0,0.0,0.0,0.0,,,,,0.16937096767446747,0.0,0.0,0.0,0.0,,,-2991908.5981892548,5336.538461325001,0.14366346270549002,0.0,0.0,0.0,0.0,5336.538461325001,1018816.2762277231,0.005237979197862944,0.0,False,False,falling,rising,sell_only,accelerating,neutral,False,False,False,pass,S0,🌱 초발사 준비,발사 구조 관찰 또는 초기 준비,S0,False,,,2026-09-05T23:40:00Z,33999614992-1
KRW-KITE,2026-09-06T08:57:39.324580+09:00,1788652659,172.0,5.046205179380592,10.0,70279.99999888,6768168.812688241,0.010383901753030531,30,0.0,complete,1788652801091,1788653066262,1651717.70988661,2137443.14754939,-0.12818812817343792,184.0,189.0,2.717391304347827,-6.521739130434778,8.994708994708994,339.9999999999998,complete_hourly_ordered,/v1/candles/minutes/60,120,False,27.0440251572327,159.0,2026-09-01T13:00:00,202.0,2026-09-03T02:00:00,D-3,14.851485148514854,69.76744186046511,False,0.9619238476953784,20.702002911895487,12.642350294457767,False,-0.14304324312282535,-98.82254924870686,-82.6025985896762,1.5300957223599365,-0.5780346820809301,0.0,0.0,0.0,0.0,-0.14304324312282535,-98.82254924870686,-82.6025985896762,1.5300957223599365,-0.5780346820809301,0.0,0.0,0.0,0.0,-0.14304324312282535,-98.82254924870686,-82.6025985896762,1.5300957223599365,-0.5780346820809301,0.0,0.0,0.0,0.0,-0.14304324312282535,-98.82254924870686,-82.6025985896762,1.5300957223599365,-0.5780346820809301,0.0,0.0,0.0,0.0,-0.5003753370375454,-99.69630406525312,-85.06192487714549,2.00274869309347,-0.5780346820809301,-1.0,-0.04008016032064354,0.028358463953409796,0.06089518713456599,-0.2412506882873369,-97.1217178544038,-30.250173301550088,2.8630538068670663,-1.1494252873563204,-1.0,-0.08016032064128709,0.056714696274791976,0.12136670001338068,-0.14304324312282535,-5898547.139624159,-32135163.08762613,1.5300957223599365,-0.5780346820809301,0.0,0.0,0.0,6838448.81268712,10684049.370861828,0.640061513693239,-1.1494252873563204,False,False,falling,falling,sell_advantage_accelerating,accelerating,neutral,True,True,False,🔴 1차 급등 완료·상승분 반납 / 신규매수 금지,S3,🔴 1차 급등 완료·반납,당일/5D 급등 후 상승분 상당 부분 반납,S3,False,,,2026-09-05T23:40:00Z,33999614992-1
KRW-KMNO,2026-09-06T08:57:39.324580+09:00,1788652659,34.3,,,0.0,0.0,,0,0.0,complete,,,1937245.19704936,2496520.89411757,-0.12614009976358795,34.1,34.4,0.8797653958944274,0.586510263929596,0.29069767441860883,33.33333333333586,complete_hourly_ordered,/v1/candles/minutes/60,120,False,7.1651090342679025,32.1,2026-09-02T19:00:00,34.4,2026-09-05T21:00:00,D-1,0.29069767441860517,4.347826086956683,False,,,,True,,,,,0.0,,,,,,,,,0.0,,,,,,,,,0.0,,,,,,,,,0.0,,,,,,,,,0.0,,,,,,,,,0.0,,,,,,0.0,0.0,,0.0,,,,0,850006.0906338601,0.0,0.0,False,False,flat_or_na,flat_or_na,unavailable,flat_or_na,neutral,False,False,False,pass,S0,🌱 초발사 준비,발사 구조 관찰 또는 초기 준비,S0,False,,,2026-09-05T23:40:00Z,33999614992-1
KRW-KNC,2026-09-06T08:57:39.324580+09:00,1788652659,161.0,-79.7518168137485,11.0,9187.18687944,0.0,,1,0.0,complete,1788652867838,1788652867838,714160.97739836,1204993.82631037,-0.255754693661754,159.0,161.0,1.2578616352201255,1.2578616352201255,0.0,0.0,complete_hourly_ordered,/v1/candles/minutes/60,120,False,5.882352941176472,153.0,2026-09-02T19:00:00,162.0,2026-09-06T09:00:00,D0,0.0,0.0,False,-0.08329862557266976,7.686387686387684,11.891508745757925,False,,-98.144447701874,,0.38064458083638897,0.0,0.0,0.0,0.0,0.0,,-98.144447701874,,0.38064458083638897,0.0,0.0,0.0,0.0,0.0,,-98.144447701874,,0.38064458083638897,0.0,0.0,0.0,0.0,0.0,,-98.144447701874,,0.38064458083638897,0.0,0.0,0.0,0.0,0.0,,-83.6156088518991,,0.3828412415104907,0.0,0.0,0.0,0.0,0.0,,,,0.3932763760983846,0.6250000000000089,0.0,0.04164931278634043,-0.034041386679803054,-0.17981215190684274,,-485931.53808016004,0.0,0.38064458083638897,0.0,0.0,0.0,0.0,9187.18687944,713638.779801775,0.012873721467311366,0.6250000000000089,False,False,falling,flat_or_na,buy_only,accelerating,neutral,False,False,False,pass,S0,🌱 초발사 준비,발사 구조 관찰 또는 초기 준비,S0,False,,,2026-09-05T23:40:00Z,33999614992-1
KRW-LA,2026-09-06T08:57:39.324580+09:00,1788652659,94.3,356.534913314567,9.0,13727972.03094027,74666937.0176529,0.18385610257046806,182,0.0,complete,1788652800510,1788652902160,2058274.88270515,1654870.46562833,0.10864223703439849,92.4,99.8,8.008658008658,2.056277056277045,5.511022044088176,74.32432432432444,complete_hourly_ordered,/v1/candles/minutes/60,120,False,28.94056847545219,77.4,2026-09-02T03:00:00,99.8,2026-09-05T10:00:00,D-1,6.813627254509013,30.35714285714286,True,0.5226623111473927,23.878139470164882,,True,-1.719419550018074,-81.85168413956238,87.87109717730748,1.293727283552073,0.6403415154749181,-1.0,0.1143323805634866,-0.07834966371530427,,-1.719419550018074,-81.85168413956238,87.87109717730748,1.293727283552073,0.6403415154749181,-1.0,0.1143323805634866,-0.07834966371530427,,-1.719419550018074,-81.85168413956238,87.87109717730748,1.293727283552073,0.6403415154749181,-1.0,0.1143323805634866,-0.07834966371530427,,-1.719419550018074,-81.85168413956238,87.87109717730748,1.293727283552073,0.6403415154749181,-1.0,0.1143323805634866,-0.07834966371530427,,-1.0555127399321698,-31.88960608068333,359.13025944748387,1.511520542992173,1.2889366272824887,0.0,0.13883217639851786,-0.09514108401620902,,-0.45120268186464263,-7.569226196243406,219.26584995302122,1.70214003653291,1.5069967707211918,0.0,0.15516537362187943,-0.10633579695639739,,-1.719419550018074,-61915256.445518665,34923230.75336024,1.293727283552073,0.6403415154749181,-1.0,0.1143323805634866,-0.07834966371530427,88394909.04859316,119437578.26170246,0.7400929450772102,1.5069967707211918,False,True,falling,rising,sell_advantage_accelerating,accelerating,neutral,False,False,False,pass,S0,🌱 초발사 준비,발사 구조 관찰 또는 초기 준비,S1,True,발사 구조 관찰 또는 초기 준비,2026-09-06T08:57:39.324580+09:00,2026-09-05T23:40:00Z,33999614992-1
KRW-LAYER,2026-09-06T08:57:39.324580+09:00,1788652659,95.9,-49.36756001075965,8.0,1972959.1213467286,0.0,,4,0.0,complete,1788652126199,1788652767117,1271078.19142359,671557.51086752,0.30861199547038387,94.7,96.5,1.9007391763463444,1.2671594508975703,0.6217616580310822,33.333333333332945,complete_hourly_ordered,/v1/candles/minutes/60,120,False,5.349344978165949,91.6,2026-09-03T10:00:00,96.5,2026-09-05T16:00:00,D-1,0.7253886010362698,14.285714285714345,False,-0.08451894633048074,9.463825577777618,,True,,-11.730534185319963,,0.21667636696828652,0.0,0.0,0.007043245527538211,-0.005659862988236952,,,-11.730534185319963,,0.21667636696828652,0.0,0.0,0.007043245527538211,-0.005659862988236952,,,-11.730534185319963,,0.21667636696828652,0.0,0.0,0.007043245527538211,-0.005659862988236952,,,-11.730534185319963,,0.21667636696828652,0.0,0.0,0.007043245527538211,-0.005659862988236952,,,,,0.318841624245394,0.2089864158829613,0.0,0.01408649105506532,-0.011319816282162165,,,3022.0714355504647,,0.318841624245394,0.2089864158829613,0.0,0.01408649105506532,-0.011319816282162165,,,-262195.58717831946,0.0,0.21667636696828652,0.0,0.0,0.007043245527538211,-0.005659862988236952,1972959.1213467286,1348916.379734505,1.4626252234664452,0.2089864158829613,False,False,falling,flat_or_na,buy_only,accelerating,neutral,False,False,False,pass,S0,🌱 초발사 준비,발사 구조 관찰 또는 초기 준비,S0,False,,,2026-09-05T23:40:00Z,33999614992-1
KRW-LINEA,2026-09-06T08:57:39.324580+09:00,1788652659,3.67,7.155895461309636,10.0,76976.8363199728,0.0,,4,0.0,complete,1788652848143,1788652917202,22396815.42761958,30707317.67857348,-0.15649445278271046,3.5,3.68,5.142857142857138,4.857142857142849,0.27173913043478887,5.555555555555627,complete_hourly_ordered,/v1/candles/minutes/60,120,False,9.198813056379818,3.37,2026-09-04T21:00:00,3.68,2026-09-06T08:00:00,D0,0.0,0.0,False,0.3088803088803216,9.28968903436989,8.711616873334517,True,,-96.62191557345582,-100.0,0.6210196895225284,0.0,0.0,0.019305019305027038,-0.015478563395472378,-0.03992174622640299,,-96.62191557345582,-100.0,0.6210196895225284,0.0,0.0,0.019305019305027038,-0.015478563395472378,-0.03992174622640299,,-96.62191557345582,-100.0,0.6210196895225284,0.0,0.0,0.019305019305027038,-0.015478563395472378,-0.03992174622640299,,-96.62191557345582,-100.0,0.6210196895225284,0.0,0.0,0.019305019305027038,-0.015478563395472378,-0.03992174622640299,,-98.08461948837349,-100.0,0.9549481113817926,0.2732240437158362,0.0,0.019305019305027038,-0.015478563395472378,-0.03992174622640299,,1409.3497317705653,,1.1556995198618747,1.1019283746556585,0.0,0.07722007722008595,-0.06191830724202063,-0.16110474537050834,,-2201735.788950948,-2593177.6782566584,0.6210196895225284,0.0,0.0,0.019305019305027038,-0.015478563395472378,76976.8363199728,1322861.3374214433,0.05818964856136631,1.1019283746556585,False,False,falling,falling,buy_only,accelerating,neutral,False,False,False,pass,S0,🌱 초발사 준비,발사 구조 관찰 또는 초기 준비,S0,False,,,2026-09-05T23:40:00Z,33999614992-1
KRW-LINK,2026-09-06T08:57:39.324580+09:00,1788652659,16420.0,11.327280424329643,5.0,5290477.174240401,1545257.721018,3.423685966606974,17,0.0,complete,1788652803790,1788652943585,21508.2409551,15922.25324848,0.14923627981608997,15960.0,16700.0,4.63659147869675,2.8822055137844638,1.6766467065868262,37.83783783783789,complete_hourly_ordered,/v1/candles/minutes/60,120,False,11.4076050700467,14990.0,2026-09-02T19:00:00,16700.0,2026-09-06T02:00:00,D0,1.377245508982039,13.450292397660924,True,0.0,-21.971373386715094,,False,0.8588791993128089,-75.42064074859563,-81.586714564761,0.9382307071945206,0.12195121951219523,0.0,0.029363647804014903,-0.030356060314879585,,0.8588791993128089,-75.42064074859563,-81.586714564761,0.9382307071945206,0.12195121951219523,0.0,0.029363647804014903,-0.030356060314879585,,0.8588791993128089,-75.42064074859563,-81.586714564761,0.9382307071945206,0.12195121951219523,0.0,0.029363647804014903,-0.030356060314879585,,0.8588791993128089,-75.42064074859563,-81.586714564761,0.9382307071945206,0.12195121951219523,0.0,0.029363647804014903,-0.030356060314879585,,3.147100696805333,-78.84743429106038,-98.29117268620226,1.3453527480511198,0.18303843807199183,0.0,0.029363647804014903,-0.030356060314879585,,2.09129720501579,-73.19351425892846,-89.56777558236311,1.8278611242265033,-0.364077669902918,0.0,-0.0041948068291608465,0.004336358166884935,,0.8588791993128089,-16233587.469300399,-6846822.695335699,0.9382307071945206,0.12195121951219523,0.0,0.029363647804014903,-0.030356060314879585,6835734.895258401,54618552.799472496,0.12515408308885878,-0.364077669902918,False,False,falling,falling,buy_advantage_accelerating,accelerating,neutral,False,False,False,pass,S0,🌱 초발사 준비,발사 구조 관찰 또는 초기 준비,S0,False,,,2026-09-05T23:40:00Z,33999614992-1
KRW-LIT,2026-09-06T08:57:39.324580+09:00,1788652659,6485.0,,,1695067.56,847345.7979616,2.000443696160062,7,0.0,complete,1788652838273,1788652894269,20109.28900968,27821.47938426,-0.16090270682067911,6605.0,6640.0,0.5299015897047621,-1.8168054504163478,2.33433734939759,442.8571428571468,complete_hourly_ordered,/v1/candles/minutes/60,120,False,46.74378748928878,4668.0,2026-09-02T11:00:00,6850.0,2026-09-05T01:00:00,D-1,5.474452554744524,17.186067827681043,True,,,,True,0.762218565645181,-80.5280485558161,-87.94734404940489,,0.1544401544401497,,,,,0.762218565645181,-80.5280485558161,-87.94734404940489,,0.1544401544401497,,,,,0.762218565645181,-80.5280485558161,-87.94734404940489,,0.1544401544401497,,,,,0.762218565645181,-80.5280485558161,-87.94734404940489,,0.1544401544401497,,,,,1.940971607100188,-51.66258234143392,-98.56295520167215,,0.1544401544401497,,,,,1.2051624139893293,-93.97743366408893,-97.6057140289549,,0.0,,,,,0.762218565645181,-7010108.009376749,-6183019.9690108,,0.1544401544401497,,,,2542413.3579616,39631871.090098575,0.06415072738255811,0.0,False,False,falling,falling,buy_advantage_accelerating,flat_or_na,neutral,False,False,False,pass,S0,🌱 초발사 준비,발사 구조 관찰 또는 초기 준비,S0,False,,,2026-09-05T23:40:00Z,33999614992-1
KRW-LPT,2026-09-06T08:57:39.324580+09:00,1788652659,2000.0,3564.8575659902044,9.0,2551997.48693468,359324.73550704005,7.102203758206565,8,0.0,complete,1788651917095,1788652639686,14793.46666498,31837.72536818,-0.36551196656263096,1995.0,2059.0,3.2080200501253042,0.25062656641603454,2.8654686741136475,92.18750000000016,complete_hourly_ordered,/v1/candles/minutes/60,120,False,36.0601001669449,1797.0,2026-09-02T19:00:00,2445.0,2026-09-04T09:00:00,D-2,18.20040899795501,68.67283950617285,False,0.0939686075244417,19.850346439631718,,True,7.03831986143785,690.7143125971276,-92.88757219037376,1.9177982255196184,0.6036217303822866,0.0,0.041763825566421,-0.030092924801781606,,7.03831986143785,690.7143125971276,-92.88757219037376,1.9177982255196184,0.6036217303822866,0.0,0.041763825566421,-0.030092924801781606,,7.03831986143785,690.7143125971276,-92.88757219037376,1.9177982255196184,0.6036217303822866,0.0,0.041763825566421,-0.030092924801781606,,7.03831986143785,690.7143125971276,-92.88757219037376,1.9177982255196184,0.6036217303822866,0.0,0.041763825566421,-0.030092924801781606,,6.938568270346282,558.1663987469026,-84.83578007350901,4.303412271096931,0.2004008016031955,0.0,0.010440956391599698,-0.007522995329605209,,,,,4.911768576382656,0.2004008016031955,0.0,0.013921275188799598,-0.010030695382340582,,7.03831986143785,2229251.65493468,-4692743.91284839,1.9177982255196184,0.6036217303822866,0.0,0.041763825566421,-0.030092924801781606,2911322.22244172,3356564.5110200504,0.8673517856973878,0.2004008016031955,False,True,rising,falling,buy_advantage_accelerating,accelerating,neutral,True,True,True,⚡ 2차 시동/재점화,S4,⚡ 2차 시동·재점화,Higher Low·BID 증가·ASK 감소·ratio 및 거래대금 재가속 확인,S3,True,Higher Low·BID 증가·ASK 감소·ratio 및 거래대금 재가속 확인,2026-09-06T08:57:39.324580+09:00,2026-09-05T23:40:00Z,33999614992-1
KRW-LSK,2026-09-06T08:57:39.324580+09:00,1788652659,139.0,-81.44672504941173,12.0,863799.9700484,27592.14383827,31.30601141801526,6,0.0,complete,1788651923129,1788652271366,973036.70319462,3987583.82388386,-0.6076955703895849,139.0,141.0,1.4388489208633004,0.0,1.4184397163120568,100.0,complete_hourly_ordered,/v1/candles/minutes/60,120,False,7.575757575757569,132.0,2026-09-03T08:00:00,142.0,2026-09-04T01:00:00,D-2,2.1126760563380254,30.0,True,0.7936507936507908,1.3831594273234693,0.9456794847350249,True,,17175.99940304112,,0.0883383289654347,-0.7142857142857117,0.0,-0.049603174603163325,0.04254674913117196,0.03439142948141516,,17175.99940304112,,0.0883383289654347,-0.7142857142857117,0.0,-0.049603174603163325,0.04254674913117196,0.03439142948141516,,17175.99940304112,,0.0883383289654347,-0.7142857142857117,0.0,-0.049603174603163325,0.04254674913117196,0.03439142948141516,,17175.99940304112,,0.0883383289654347,-0.7142857142857117,0.0,-0.049603174603163325,0.04254674913117196,0.03439142948141516,31.279295341343996,71.53474582562586,-99.85361484220805,0.088412416544557,-0.7142857142857117,0.0,-0.049603174603163325,0.04254674913117196,0.03439142948141516,31.30601141801526,,-99.06861219711102,0.38937542936564284,-0.7142857142857117,0.0,-0.049603174603163325,0.04254674913117196,0.03439142948141516,,858799.970049,27592.14383827,0.0883383289654347,-0.7142857142857117,0.0,-0.049603174603163325,0.04254674913117196,891392.11388667,1125055.166633055,0.7923096931809425,-0.7142857142857117,False,True,rising,rising,buy_advantage_weakening,accelerating,neutral,False,False,False,pass,S1,⚡ 선행 시동,가격 미급등 상태에서 선행조건 3개 개선,S1,False,,,2026-09-05T23:40:00Z,33999614992-1
KRW-MANA,2026-09-06T08:57:39.324580+09:00,1788652659,104.0,-33.694711298448446,11.0,9904.76190392,0.0,,1,0.0,complete,1788652929638,1788652929638,1209278.86405681,2575878.70873008,-0.3610417316569166,101.0,104.0,2.970297029702973,2.970297029702973,0.0,0.0,complete_hourly_ordered,/v1/candles/minutes/60,120,False,6.275303643724706,98.8,2026-09-01T09:00:00,105.0,2026-09-04T08:00:00,D-2,0.952380952380949,16.129032258064733,False,-0.1295504599041375,3.901770132136636,5.52052475959011,False,,-66.66666666900001,-100.0,0.5959982168968523,0.0,0.0,0.0647752299520632,-0.05484578471054036,-0.16585265982441388,,-66.66666666900001,-100.0,0.5959982168968523,0.0,0.0,0.0647752299520632,-0.05484578471054036,-0.16585265982441388,,-66.66666666900001,-100.0,0.5959982168968523,0.0,0.0,0.0647752299520632,-0.05484578471054036,-0.16585265982441388,,-66.66666666900001,-100.0,0.5959982168968523,0.0,0.0,0.0647752299520632,-0.05484578471054036,-0.16585265982441388,,-99.89536567125468,,0.5978796009346752,0.0,0.0,0.0,0.0,0.0,,-99.85466665075619,,1.0640590391708784,0.0,0.0,0.0,0.0,0.0,,-19809.52380992,-51100.059963060005,0.5959982168968523,0.0,0.0,0.0647752299520632,-0.05484578471054036,9904.76190392,1895867.4359553,0.0052243958180172734,0.0,False,True,falling,falling,buy_only,accelerating,neutral,False,False,False,pass,S1,⚡ 선행 시동,가격 미급등 상태에서 선행조건 4개 개선,S0,True,가격 미급등 상태에서 선행조건 4개 개선,2026-09-06T08:57:39.324580+09:00,2026-09-05T23:40:00Z,33999614992-1
KRW-MANTRA,2026-09-06T08:57:39.324580+09:00,1788652659,6.23,-90.85045643925373,5.0,0.0,593038.598968805,0.0,2,0.0,complete,1788652800477,1788652800477,19989849.51001124,9534761.94397163,0.3541143151819266,6.3,6.33,0.4761904761904745,-1.111111111111096,1.5797788309636593,333.333333333331,complete_hourly_ordered,/v1/candles/minutes/60,120,False,13.833333333333343,6.0,2026-09-01T09:00:00,6.83,2026-09-01T11:00:00,D-4,8.345534407027822,68.67469879518083,False,0.02155636990730514,38.280431637929595,,True,0.0,,-93.6727598562231,0.011011841594637417,0.646203554119551,0.0,0.09700366458287313,-0.05524351193280097,,0.0,,-93.6727598562231,0.011011841594637417,0.646203554119551,0.0,0.09700366458287313,-0.05524351193280097,,0.0,,-93.6727598562231,0.011011841594637417,0.646203554119551,0.0,0.09700366458287313,-0.05524351193280097,,0.0,,-93.6727598562231,0.011011841594637417,0.646203554119551,0.0,0.09700366458287313,-0.05524351193280097,,-0.13864128147066962,-100.0,-81.0046857753911,0.02298521133639042,-0.1602564102564097,0.0,0.04311273981461028,-0.024551651340622982,,-0.8261372646405507,-100.0,-61.80935889056751,0.02521727261053286,0.1607717041800738,0.0,0.05389092476826285,-0.030689819324656753,,0.0,0.0,-8779746.145926364,0.011011841594637417,0.646203554119551,0.0,0.09700366458287313,-0.05524351193280097,593038.598968805,6863536.723231679,0.08640422902692277,0.1607717041800738,False,False,flat_or_na,falling,sell_only,accelerating,neutral,False,True,False,pass,S0,🌱 초발사 준비,발사 구조 관찰 또는 초기 준비,S0,False,,,2026-09-05T23:40:00Z,33999614992-1
KRW-MASK,2026-09-06T08:57:39.324580+09:00,1788652659,624.0,-59.88621865020254,7.0,199999.99999823997,0.0,,1,0.0,complete,1788652890296,1788652890296,41521.60501748,51290.95229876,-0.10525889560388828,603.0,624.0,3.482587064676612,3.482587064676612,0.0,0.0,complete_hourly_ordered,/v1/candles/minutes/60,120,False,8.333333333333325,576.0,2026-09-01T03:00:00,624.0,2026-09-06T08:00:00,D0,0.0,0.0,False,0.3250756641631991,-1.1270868054574692,,True,,-77.32064787249719,,0.25769903035795494,0.6451612903225712,0.0,0.056047528303992955,-0.04935752314324415,,,-77.32064787249719,,0.25769903035795494,0.6451612903225712,0.0,0.056047528303992955,-0.04935752314324415,,,-77.32064787249719,,0.25769903035795494,0.6451612903225712,0.0,0.056047528303992955,-0.04935752314324415,,,-77.32064787249719,,0.25769903035795494,0.6451612903225712,0.0,0.056047528303992955,-0.04935752314324415,,,-93.9429621804179,-100.0,0.3771301963434013,1.1345218800648205,0.0,0.07846653962557681,-0.06910248453084877,,,43.02218115345067,,0.8618503412677114,0.8077544426494443,0.0,0.056047528303992955,-0.04935752314324415,,,-681859.4061869299,0.0,0.25769903035795494,0.6451612903225712,0.0,0.056047528303992955,-0.04935752314324415,199999.99999823997,510016.0,0.3921445601672104,0.8077544426494443,False,False,falling,flat_or_na,buy_only,accelerating,neutral,False,False,False,pass,S0,🌱 초발사 준비,발사 구조 관찰 또는 초기 준비,S0,False,,,2026-09-05T23:40:00Z,33999614992-1
KRW-MBL,2026-09-06T08:57:39.324580+09:00,1788652659,0.941,317.53217580723367,8.0,0.0,7365199.933002496,0.0,1,0.0,complete,1788652826811,1788652826811,151655941.5635245,20419634.60134908,0.7626666717444656,0.927,0.95,2.481121898597616,1.5102481121898492,0.9473684210526325,39.13043478260885,complete_hourly_ordered,/v1/candles/minutes/60,120,False,25.55066079295152,0.908,2026-09-01T09:00:00,1.14,2026-09-02T09:00:00,D-4,17.45614035087719,85.77586206896551,False,0.057908070937395806,13.824382032979035,,True,-44.71547087098964,-100.0,61276.666108332254,0.12566043149382722,-0.9473684210526301,0.0,-0.06514657980456473,0.050060541234906,,-44.71547087098964,-100.0,61276.666108332254,0.12566043149382722,-0.9473684210526301,0.0,-0.06514657980456473,0.050060541234906,,-44.71547087098964,-100.0,61276.666108332254,0.12566043149382722,-0.9473684210526301,0.0,-0.06514657980456473,0.050060541234906,,-44.71547087098964,-100.0,61276.666108332254,0.12566043149382722,-0.9473684210526301,0.0,-0.06514657980456473,0.050060541234906,,,,,0.12822472287956543,-0.8429926238145424,0.0,-0.0579080709373736,0.04449860561875063,,,,,0.14747420821743162,-0.9473684210526301,0.0,-0.06514657980456473,0.050060541234906,,-44.71547087098964,-536585.650452067,7353199.9330024915,0.12566043149382722,-0.9473684210526301,0.0,-0.06514657980456473,0.050060541234906,7365199.933002496,2892560.1615414643,2.5462564377840056,-0.9473684210526301,False,True,falling,rising,sell_only,accelerating,neutral,True,True,False,🔴 1차 급등 완료·상승분 반납 / 신규매수 금지,S3,🔴 1차 급등 완료·반납,당일/5D 급등 후 상승분 상당 부분 반납,S3,False,,,2026-09-05T23:40:00Z,33999614992-1
KRW-ME,2026-09-06T08:57:39.324580+09:00,1788652659,88.1,-44.885904686671616,6.0,2568123.514584684,256702.002849936,10.004298704618868,7,0.0,complete,1788652820939,1788652865944,1037721.09881222,1181888.61004028,-0.06495173933195314,86.8,88.5,1.9585253456221308,1.497695852534564,0.45197740112994994,23.529411764706214,complete_hourly_ordered,/v1/candles/minutes/60,120,False,7.013301088270851,82.7,2026-09-02T10:00:00,88.5,2026-09-06T07:00:00,D0,0.3389830508474523,5.172413793103235,False,-0.6557377049180246,13.674514977620575,,True,7.563067046216746,24.639215677368973,-69.58575426686092,0.5745623696998621,-0.11337868480726376,0.0,0.0074515648286421765,-0.005776402387528634,,7.563067046216746,24.639215677368973,-69.58575426686092,0.5745623696998621,-0.11337868480726376,0.0,0.0074515648286421765,-0.005776402387528634,,7.563067046216746,24.639215677368973,-69.58575426686092,0.5745623696998621,-0.11337868480726376,0.0,0.0074515648286421765,-0.005776402387528634,,7.563067046216746,24.639215677368973,-69.58575426686092,0.5745623696998621,-0.11337868480726376,0.0,0.0074515648286421765,-0.005776402387528634,,9.95443578607983,437.8854171899058,-97.31909876618394,0.7686243837727034,-0.33936651583711397,0.0,-0.00745156482860887,0.005776308881902281,,8.696114314872604,-19.917436351606156,-89.52822554095444,0.8513091007388454,-0.33936651583711397,0.0,0.0,0.0,,7.563067046216746,507677.6905092809,-587316.9647821819,0.5745623696998621,-0.11337868480726376,0.0,0.0074515648286421765,-0.005776402387528634,2824825.51743462,5607164.745833837,0.5037885714939061,-0.33936651583711397,False,False,rising,falling,buy_advantage_accelerating,accelerating,leading_buy_inflow,False,False,False,pass,S0,🌱 초발사 준비,발사 구조 관찰 또는 초기 준비,S0,False,,,2026-09-05T23:40:00Z,33999614992-1
KRW-MED,2026-09-06T08:57:39.324580+09:00,1788652659,2.04,216.65732390538594,12.0,0.0,0.0,,0,0.0,complete,,,71147116.70110118,68068691.58186197,0.02211261175873186,2.02,2.04,0.990099009900991,0.990099009900991,0.0,0.0,complete_hourly_ordered,/v1/candles/minutes/60,120,False,12.820512820512842,1.95,2026-09-01T05:00:00,2.2,2026-09-02T14:00:00,D-4,7.272727272727275,64.00000000000003,False,0.16672224074694153,12.968529315901916,13.766340976529085,True,,-100.0,-100.0,0.4332194675107246,0.990099009900991,0.0,0.06668889629879438,-0.05164380350702302,-0.20803844098391622,,-100.0,-100.0,0.4332194675107246,0.990099009900991,0.0,0.06668889629879438,-0.05164380350702302,-0.20803844098391622,,-100.0,-100.0,0.4332194675107246,0.990099009900991,0.0,0.06668889629879438,-0.05164380350702302,-0.20803844098391622,,-100.0,-100.0,0.4332194675107246,0.990099009900991,0.0,0.06668889629879438,-0.05164380350702302,-0.20803844098391622,,-100.0,-100.0,0.4927259188921198,0.990099009900991,0.0,0.06668889629879438,-0.05164380350702302,-0.20803844098391622,,-100.0,-100.0,0.49816326514527987,0.49261083743843415,0.0,0.03334444814939719,-0.025820966583955496,-0.10344206754509422,,-304855.07496249885,-388552.98709090776,0.4332194675107246,0.990099009900991,0.0,0.06668889629879438,-0.05164380350702302,0,1111013.3152590017,0.0,0.49261083743843415,False,True,falling,falling,unavailable,accelerating,neutral,False,False,False,pass,S1,⚡ 선행 시동,가격 미급등 상태에서 선행조건 5개 개선,S1,False,,,2026-09-05T23:40:00Z,33999614992-1
KRW-MEGA,2026-09-06T08:57:39.324580+09:00,1788652659,54.6,104.78635947401264,9.0,1230519.888743857,7555285.813296584,0.16286874105785104,20,0.0,complete,1788652917719,1788653072458,1998318.65369163,2205688.72855158,-0.049326762777780774,52.9,55.1,4.15879017013232,3.2136105860113506,0.9074410163339384,22.727272727272435,complete_hourly_ordered,/v1/candles/minutes/60,120,False,13.400000000000013,50.0,2026-09-03T02:00:00,56.7,2026-09-03T18:00:00,D-3,3.527336860670194,29.850746268656714,True,-0.44482886445075254,30.275626325126552,,False,-0.4520935390911967,-88.36499192128797,-56.06835878288115,1.0213608823183193,0.0,0.0,0.0,0.0,,-0.4520935390911967,-88.36499192128797,-56.06835878288115,1.0213608823183193,0.0,0.0,0.0,0.0,,-0.4520935390911967,-88.36499192128797,-56.06835878288115,1.0213608823183193,0.0,0.0,0.0,0.0,,-0.4520935390911967,-88.36499192128797,-56.06835878288115,1.0213608823183193,0.0,0.0,0.0,0.0,,,134.92506837036746,,1.7842706987723318,-0.7272727272727209,0.0,-0.04942542938340955,0.031597249321784204,,-1.0606175564067812,255.59870388035932,2571.2930840379368,1.9098394945660573,0.18348623853210455,0.0,0.012356357345855162,-0.007899739583585585,,-0.4520935390911967,-9345492.439045364,-9642536.99499976,1.0213608823183193,0.0,0.0,0.0,0.0,8785805.702040441,5671398.778693467,1.5491426445002068,0.18348623853210455,False,False,falling,falling,sell_advantage_accelerating,accelerating,neutral,False,False,False,pass,S0,🌱 초발사 준비,발사 구조 관찰 또는 초기 준비,S0,False,,,2026-09-05T23:40:00Z,33999614992-1
KRW-MET2,2026-09-06T08:57:39.324580+09:00,1788652659,261.0,-40.28979137209916,2.0,986297.999999,0.0,,1,0.0,complete,1788652991413,1788652991413,456326.31228177,368599.72750468,0.10634478795189922,254.0,267.0,5.118110236220463,2.7559055118110187,2.247191011235955,46.15384615384615,complete_hourly_ordered,/v1/candles/minutes/60,120,False,8.108108108108114,259.0,2026-09-02T19:00:00,280.0,2026-09-03T23:00:00,D-3,7.14285714285714,95.23809523809526,False,-0.8350730688935215,-24.029883223326323,,False,,,-100.0,0.032836987629167425,0.7722007722007707,0.0,0.04639294827185614,-0.04903308550534646,,,,-100.0,0.032836987629167425,0.7722007722007707,0.0,0.04639294827185614,-0.04903308550534646,,,,-100.0,0.032836987629167425,0.7722007722007707,0.0,0.04639294827185614,-0.04903308550534646,,,,-100.0,0.032836987629167425,0.7722007722007707,0.0,0.04639294827185614,-0.04903308550534646,,,-41.52796532962695,-100.0,0.45242847437199174,0.7722007722007707,0.0,0.04639294827185614,-0.04903308550534646,,,1380.6569906326508,,0.8745112313096683,1.1627906976744207,0.0,0.06958942240778976,-0.0735522959025694,,,986297.999999,-170762.51428264,0.032836987629167425,0.7722007722007707,0.0,0.04639294827185614,-0.04903308550534646,986297.999999,1861371.7549198,0.529876956278138,1.1627906976744207,False,False,rising,falling,buy_only,accelerating,neutral,False,False,False,pass,S0,🌱 초발사 준비,발사 구조 관찰 또는 초기 준비,S0,False,,,2026-09-05T23:40:00Z,33999614992-1
KRW-META,2026-09-06T08:57:39.324580+09:00,1788652659,10.5,-74.49092040142756,8.0,299850.074962515,0.0,,1,0.0,complete,1788652711867,1788652711867,6844920.00434792,31832501.93151371,-0.6460508657635569,10.4,10.5,0.9615384615384581,0.9615384615384581,0.0,0.0,complete_hourly_ordered,/v1/candles/minutes/60,120,False,6.639839034205242,9.94,2026-09-01T01:00:00,10.6,2026-09-04T13:00:00,D-2,0.9433962264150941,15.15151515151506,False,0.25982461838258697,12.268735612584207,,False,,,,0.0,0.0,0.0,0.0,0.0,,,,,0.0,0.0,0.0,0.0,0.0,,,,,0.0,0.0,0.0,0.0,0.0,,,,,0.0,0.0,0.0,0.0,0.0,,,5045.432431789189,,0.0,0.0,0.0,0.0,0.0,,,8.453420438471193,-100.0,0.009585625243801132,0.0,0.0,0.0,0.0,,,299850.074962515,0.0,0.0,0.0,0.0,0.0,0.0,299850.074962515,251423.78860557,1.1926082119179082,0.0,False,False,rising,flat_or_na,buy_only,flat_or_na,neutral,False,False,False,pass,S0,🌱 초발사 준비,발사 구조 관찰 또는 초기 준비,S0,False,,,2026-09-05T23:40:00Z,33999614992-1
KRW-META2,2026-09-06T08:57:39.324580+09:00,1788652659,7845.0,,,17834203.5947714,8154594.174598802,2.187013015353253,75,0.0,complete,1788651781747,1788652690665,5575.88941512,8469.28522029,-0.2060063958105094,7870.0,8580.0,9.021601016518431,-0.31766200762388674,8.566433566433567,103.52112676056338,complete_hourly_ordered,/v1/candles/minutes/60,120,False,29.936753338018264,7115.0,2026-09-02T14:00:00,9245.0,2026-09-04T14:00:00,D-2,14.440237966468361,62.676056338028154,True,,,,True,0.4289409256026757,633.6763883311633,489.77974624704393,,1.0953608247422641,,,,,0.4289409256026757,633.6763883311633,489.77974624704393,,1.0953608247422641,,,,,0.4289409256026757,633.6763883311633,489.77974624704393,,1.0953608247422641,,,,,0.4289409256026757,633.6763883311633,489.77974624704393,,1.0953608247422641,,,,,-0.5014644355465063,478.8254616940077,611.5454690239355,,1.0953608247422641,,,,,2.0372869851845845,1167.7560304722172,-13.207614068846741,,0.7060333761232274,,,,,0.4289409256026757,15403403.8745654,6771943.409378552,,1.0953608247422641,,,,25988797.769370202,7368270.2416102495,3.5271233162168403,0.7060333761232274,False,False,rising,rising,buy_advantage_accelerating,flat_or_na,neutral,True,True,False,🔴 1차 급등 완료·상승분 반납 / 신규매수 금지,S3,🔴 1차 급등 완료·반납,당일/5D 급등 후 상승분 상당 부분 반납,S3,False,,,2026-09-05T23:40:00Z,33999614992-1
KRW-MEW,2026-09-06T08:57:39.324580+09:00,1788652659,0.587,-23.042987664983283,11.0,608943.8398868816,0.0,,2,0.0,complete,1788652989236,1788652989479,139327998.8338616,85665434.95094483,0.23850724432359208,0.572,0.592,3.4965034965035002,2.622377622377625,0.8445945945945953,25.0,complete_hourly_ordered,/v1/candles/minutes/60,120,False,10.275229357798143,0.545,2026-09-02T10:00:00,0.601,2026-09-04T01:00:00,D-2,2.4958402662229595,26.785714285714175,True,-0.1953125,3.000865365826429,2.5259993679649377,False,,-45.113986831714634,-100.0,0.7234220214842644,0.17064846416381396,0.0,0.011488970588235947,-0.009812280903972237,-0.012452853567100686,,-45.113986831714634,-100.0,0.7234220214842644,0.17064846416381396,0.0,0.011488970588235947,-0.009812280903972237,-0.012452853567100686,,-45.113986831714634,-100.0,0.7234220214842644,0.17064846416381396,0.0,0.011488970588235947,-0.009812280903972237,-0.012452853567100686,,-45.113986831714634,-100.0,0.7234220214842644,0.17064846416381396,0.0,0.011488970588235947,-0.009812280903972237,-0.012452853567100686,,,-100.0,0.8742411472978482,0.17064846416381396,0.0,0.011488970588235947,-0.009812280903972237,-0.012452853567100686,,-86.34916708002478,-100.0,1.035506056647563,-0.170068027210879,0.0,-0.011488970588235947,0.009812006997712786,0.012411433502768965,,-500526.14114418,-1790050.7021894741,0.7234220214842644,0.17064846416381396,0.0,0.011488970588235947,-0.009812280903972237,608943.8398868816,2334163.41634437,0.26088312224538834,-0.170068027210879,False,True,falling,falling,buy_only,accelerating,neutral,False,False,False,pass,S1,⚡ 선행 시동,가격 미급등 상태에서 선행조건 4개 개선,S1,False,,,2026-09-05T23:40:00Z,33999614992-1
KRW-MINA,2026-09-06T08:57:39.324580+09:00,1788652659,103.0,-74.02530164392532,9.0,3634042.3909315,663990.36557183,5.473034820018593,16,0.0,complete,1788652824832,1788652923751,537128.8355091,3225451.45447776,-0.7144891036937975,101.0,104.0,2.970297029702973,1.980198019801982,0.9615384615384616,33.33333333333333,complete_hourly_ordered,/v1/candles/minutes/60,120,False,17.647058823529417,90.1,2026-09-01T13:00:00,106.0,2026-09-04T17:00:00,D-2,2.8301886792452824,18.867924528301856,True,1.987558792292532,-25.40752314544905,,True,-1.1948473747692745,-0.056291474933423125,21.7629517206499,0.02239773434124004,0.0,0.0,0.0,0.0,,-1.1948473747692745,-0.056291474933423125,21.7629517206499,0.02239773434124004,0.0,0.0,0.0,0.0,,-1.1948473747692745,-0.056291474933423125,21.7629517206499,0.02239773434124004,0.0,0.0,0.0,0.0,,-1.1948473747692745,-0.056291474933423125,21.7629517206499,0.02239773434124004,0.0,0.0,0.0,0.0,,3.838012495686469,-9.269217545396124,-72.89495504856029,0.1385312317079439,-0.9615384615384581,1.0,-0.07586102260657146,0.07864949830415568,,3.6879089484290257,-45.76898677203343,-82.31160810421625,0.1881383979486344,-0.9615384615384581,1.0,-0.07586102260657146,0.07864949830415568,,-1.1948473747692745,-2046.8082401086576,118676.41236283991,0.02239773434124004,0.0,0.0,0.0,0.0,4298032.756503331,5865875.655930469,0.7327180132360919,-0.9615384615384581,False,False,falling,rising,buy_advantage_weakening,accelerating,neutral,False,False,False,pass,S0,🌱 초발사 준비,발사 구조 관찰 또는 초기 준비,S0,False,,,2026-09-05T23:40:00Z,33999614992-1
KRW-MIRA,2026-09-06T08:57:39.324580+09:00,1788652659,64.2,69.54416051674706,8.0,12561267.028229607,9650904.973939253,1.3015636421816739,33,0.0,complete,1788652807100,1788653096291,1801265.23155102,1724404.6330344,0.021800282348800673,63.3,64.8,2.369668246445489,1.4218009478673022,0.9259259259259172,39.99999999999962,complete_hourly_ordered,/v1/candles/minutes/60,120,False,16.37931034482758,58.0,2026-09-02T03:00:00,67.5,2026-09-02T21:00:00,D-4,4.8888888888888875,34.736842105263065,False,0.3779037456929979,22.23705170706505,,True,1.2041564602965413,445.9277811375661,-59.1435370887602,0.29052218764988424,0.0,0.0,0.0,0.0,,1.2041564602965413,445.9277811375661,-59.1435370887602,0.29052218764988424,0.0,0.0,0.0,0.0,,1.2041564602965413,445.9277811375661,-59.1435370887602,0.29052218764988424,0.0,0.0,0.0,0.0,,1.2041564602965413,445.9277811375661,-59.1435370887602,0.29052218764988424,0.0,0.0,0.0,0.0,,0.11266383800193847,8.705066122470416,-0.7044852530454615,0.3434535729133188,-0.31055900621118626,-1.0,-0.022229632099612928,0.015547025114784674,,-1.2732710961692386,-63.97671093958219,-28.736472765214614,0.6839633297766028,0.9433962264151052,0.0,0.04445926419918145,-0.031096058370241764,,1.2041564602965413,10260364.333361192,-13970584.225714995,0.29052218764988424,0.0,0.0,0.0,0.0,22212172.00216886,25423617.590339087,0.8736825875877487,0.9433962264151052,False,False,rising,falling,buy_advantage_accelerating,accelerating,leading_buy_inflow,False,True,True,⚡ 2차 시동/재점화,S0,🌱 초발사 준비,발사 구조 관찰 또는 초기 준비,S0,False,,,2026-09-05T23:40:00Z,33999614992-1
KRW-MLK,2026-09-06T08:57:39.324580+09:00,1788652659,50.2,-94.66781878422455,10.0,218623.68,2128880.8036765,0.1026941854247757,7,0.0,complete,1788652906792,1788652952658,2462242.61339211,1976346.57224397,0.10947082976738878,48.8,50.3,3.073770491803285,2.868852459016402,0.1988071570576428,6.666666666666571,complete_hourly_ordered,/v1/candles/minutes/60,120,False,6.553911205074003,47.3,2026-09-01T10:00:00,50.4,2026-09-04T13:00:00,D-2,0.7936507936507908,12.903225806451744,True,0.28727770177838785,11.581486506859637,12.993612740818163,False,-12.164027626829792,-95.64476606046593,420.2285109188368,0.006566229636234766,0.0,0.0,0.0,0.0,0.0,-12.164027626829792,-95.64476606046593,420.2285109188368,0.006566229636234766,0.0,0.0,0.0,0.0,0.0,-12.164027626829792,-95.64476606046593,420.2285109188368,0.006566229636234766,0.0,0.0,0.0,0.0,0.0,-12.164027626829792,-95.64476606046593,420.2285109188368,0.006566229636234766,0.0,0.0,0.0,0.0,0.0,-15.353737563484179,-98.17424185701252,174.79361183279477,0.0247673730148108,0.0,0.0,-0.013679890560869268,0.010727736450624192,0.04320936828345623,0.06349955562178099,992.6211026939433,317.01367470701183,0.07259984557096288,0.8032128514056325,0.0,0.054719562243499276,-0.04291418065355046,-0.17495124482124957,-12.164027626829792,-4801168.2079964625,1719660.478570436,0.006566229636234766,0.0,0.0,0.0,0.0,2347504.4836765,1911265.8042109145,1.2282459501469976,0.8032128514056325,False,False,falling,rising,sell_advantage_accelerating,accelerating,neutral,False,False,False,pass,S0,🌱 초발사 준비,발사 구조 관찰 또는 초기 준비,S2,True,발사 구조 관찰 또는 초기 준비,2026-09-06T08:57:39.324580+09:00,2026-09-05T23:40:00Z,33999614992-1
KRW-MMT,2026-09-06T08:57:39.324580+09:00,1788652659,227.0,-45.66602199532218,3.0,3570360.6459558,0.0,,1,0.0,complete,1788653054780,1788653054780,1629610.24463147,2161630.19003994,-0.1403287273851258,226.0,231.0,2.212389380530966,0.4424778761061843,1.7316017316017316,80.0000000000004,complete_hourly_ordered,/v1/candles/minutes/60,120,False,8.878504672897192,214.0,2026-09-02T10:00:00,233.0,2026-09-04T09:00:00,D-2,2.5751072961373356,31.578947368420945,True,-0.9351256575102274,1.14096161557248,,False,,-15.010313278973186,,0.3144401562264605,0.0,0.0,0.0,0.0,,,-15.010313278973186,,0.3144401562264605,0.0,0.0,0.0,0.0,,,-15.010313278973186,,0.3144401562264605,0.0,0.0,0.0,0.0,,,-15.010313278973186,,0.3144401562264605,0.0,0.0,0.0,0.0,,,8776.85697993334,-100.0,0.40255643949290487,0.0,0.0,0.0,0.0,,,1091.63398769796,-100.0,0.5392858801028595,0.4424778761061843,0.0,0.029222676797191482,-0.02555923598773746,,,-630573.3540426698,0.0,0.3144401562264605,0.0,0.0,0.0,0.0,3570360.6459558,8721636.22050464,0.4093682143680623,0.4424778761061843,False,False,falling,flat_or_na,buy_only,accelerating,neutral,False,False,False,pass,S0,🌱 초발사 준비,발사 구조 관찰 또는 초기 준비,S0,False,,,2026-09-05T23:40:00Z,33999614992-1
KRW-MNT,2026-09-06T08:57:39.324580+09:00,1788652659,802.0,-79.12010819587626,12.0,203431.30999764,0.0,,1,0.0,complete,1788652862845,1788652862845,385313.42971998,397737.69474839,-0.01586648002944266,788.0,805.0,2.15736040609138,1.7766497461928932,0.37267080745341613,17.647058823529775,complete_hourly_ordered,/v1/candles/minutes/60,120,False,10.20408163265305,735.0,2026-09-02T03:00:00,810.0,2026-09-04T20:00:00,D-2,0.7407407407407418,7.999999999999896,True,0.8318859127891098,1.2588821126839365,1.006628384214889,True,,36.824055567421254,,0.023751906207607476,0.0,0.0,0.0,0.0,0.0,,36.824055567421254,,0.023751906207607476,0.0,0.0,0.0,0.0,0.0,,36.824055567421254,,0.023751906207607476,0.0,0.0,0.0,0.0,0.0,,36.824055567421254,,0.023751906207607476,0.0,0.0,0.0,0.0,0.0,,-18.62747600054364,-100.0,0.04274029053489414,-0.12453300124533051,0.0,-0.009141603437234913,0.007847043418213184,0.0075284618916483526,,-90.81577161788073,,0.053299939334237934,-0.12453300124533051,0.0,-0.009141603437234913,0.007847043418213184,0.0075284618916483526,,54750.356817299995,0.0,0.023751906207607476,0.0,0.0,0.0,0.0,203431.30999764,2653455.8936911295,0.07666655039615293,-0.12453300124533051,False,True,rising,flat_or_na,buy_only,accelerating,neutral,False,False,False,pass,S1,⚡ 선행 시동,가격 미급등 상태에서 선행조건 3개 개선,S1,False,,,2026-09-05T23:40:00Z,33999614992-1
KRW-MOC,2026-09-06T08:57:39.324580+09:00,1788652659,24.7,3217.929480018961,11.0,476826.98547139997,9504331.662251242,0.05016943877971283,11,0.0,complete,1788653006593,1788653046034,9599126.74458728,7761350.7535722,0.10585976055151228,24.5,24.7,0.8163265306122325,0.8163265306122325,0.0,0.0,complete_hourly_ordered,/v1/candles/minutes/60,120,False,41.59663865546219,23.8,2026-09-01T09:00:00,33.7,2026-09-02T15:00:00,D-4,27.596439169139476,93.93939393939397,False,0.22008253094911723,16.12996057440501,14.917006706369015,True,-0.029630597205712844,36.3807959711056,116.92872575278024,1.3465086881305979,0.40650406504063596,0.0,0.02751031636867296,-0.020609242562880326,-0.07621195834118133,-0.029630597205712844,36.3807959711056,116.92872575278024,1.3465086881305979,0.40650406504063596,0.0,0.02751031636867296,-0.020609242562880326,-0.07621195834118133,-0.029630597205712844,36.3807959711056,116.92872575278024,1.3465086881305979,0.40650406504063596,0.0,0.02751031636867296,-0.020609242562880326,-0.07621195834118133,-0.029630597205712844,36.3807959711056,116.92872575278024,1.3465086881305979,0.40650406504063596,0.0,0.02751031636867296,-0.020609242562880326,-0.07621195834118133,,-91.92175991806923,,1.9256613895672672,0.40650406504063596,0.0,0.02751031636867296,-0.020609242562880326,-0.07621195834118133,0.03241613296042385,235.2294206839167,18.62660954125024,3.3461224795473754,0.8163265306122325,0.0,0.02751031636867296,-0.020609242562880326,-0.07621195834118133,-0.029630597205712844,127197.85911520594,5123016.265099682,1.3465086881305979,0.40650406504063596,0.0,0.02751031636867296,-0.020609242562880326,9981158.647722641,5902609.734736116,1.6909738397551135,0.8163265306122325,False,True,rising,rising,sell_advantage_accelerating,accelerating,neutral,True,True,False,🔴 1차 급등 완료·상승분 반납 / 신규매수 금지,S3,🔴 1차 급등 완료·반납,당일/5D 급등 후 상승분 상당 부분 반납,S3,False,,,2026-09-05T23:40:00Z,33999614992-1
KRW-MOCA,2026-09-06T08:57:39.324580+09:00,1788652659,12.2,-58.43258262265043,7.0,148800.000000056,0.0,,4,0.0,complete,1788652227728,1788652621474,11581498.99229479,31048964.3721,-0.4566561994272046,12.0,12.3,2.5000000000000133,1.6666666666666607,0.8130081300813123,33.333333333333925,complete_hourly_ordered,/v1/candles/minutes/60,120,False,8.695652173913038,11.5,2026-09-01T22:00:00,12.5,2026-09-04T08:00:00,D-2,2.400000000000002,30.000000000000103,False,0.22662889518412221,15.449874536981714,,False,,,,0.006424795497864011,0.0,0.0,0.0,0.0,,,,,0.006424795497864011,0.0,0.0,0.0,0.0,,,,,0.006424795497864011,0.0,0.0,0.0,0.0,,,,,0.006424795497864011,0.0,0.0,0.0,0.0,,,,-100.0,0.010412881226578463,0.8264462809917328,0.0,0.05665722379601945,-0.04274660181257239,,,,-100.0,0.012174417109221736,0.8264462809917328,0.0,0.0,0.0,,,148800.000000056,0.0,0.006424795497864011,0.0,0.0,0.0,0.0,148800.000000056,957908.6,0.15533841120129416,0.8264462809917328,False,False,rising,flat_or_na,buy_only,accelerating,neutral,False,False,False,pass,S0,🌱 초발사 준비,발사 구조 관찰 또는 초기 준비,S0,False,,,2026-09-05T23:40:00Z,33999614992-1
KRW-MON,2026-09-06T08:57:39.324580+09:00,1788652659,34.0,18.024260779902733,6.0,2493880.008637193,501822.848178914,4.969642210766885,6,0.0,complete,1788652874413,1788653039099,3978451.66021101,5230948.81240424,-0.1360020292219468,34.2,35.8,4.678362573099393,-0.5847953216374324,5.027932960893847,112.50000000000017,complete_hourly_ordered,/v1/candles/minutes/60,120,False,12.979351032448383,33.9,2026-09-03T09:00:00,38.3,2026-09-04T19:00:00,D-2,10.966057441253252,95.45454545454538,True,-0.9227019498607048,-11.141490088858536,,True,3.752059454219523,-33.710177817108864,-83.75872125168064,1.3091738833051352,-1.1627906976744096,0.0,-0.05222841225626107,0.05044488319213691,,3.752059454219523,-33.710177817108864,-83.75872125168064,1.3091738833051352,-1.1627906976744096,0.0,-0.05222841225626107,0.05044488319213691,,3.752059454219523,-33.710177817108864,-83.75872125168064,1.3091738833051352,-1.1627906976744096,0.0,-0.05222841225626107,0.05044488319213691,,3.752059454219523,-33.710177817108864,-83.75872125168064,1.3091738833051352,-1.1627906976744096,0.0,-0.05222841225626107,0.05044488319213691,,4.7680587113260415,60.278017349579116,-93.49864592851995,1.5007529879154085,-1.1627906976744096,0.0,-0.05222841225626107,0.05044488319213691,,4.157062655323341,-94.87394687966443,-99.16184590579218,1.887545713772031,-1.7341040462427793,0.0,-0.034818941504166645,0.033630743050846235,,3.752059454219523,-1268205.8237198037,-2587976.027607528,1.3091738833051352,-1.1627906976744096,0.0,-0.05222841225626107,0.05044488319213691,2995702.856816107,8376398.165561826,0.3576361578813724,-1.7341040462427793,False,False,falling,falling,buy_advantage_accelerating,accelerating,neutral,False,False,False,pass,S0,🌱 초발사 준비,발사 구조 관찰 또는 초기 준비,S0,False,,,2026-09-05T23:40:00Z,33999614992-1
KRW-MOODENG,2026-09-06T08:57:39.324580+09:00,1788652659,62.0,421.8515965722381,12.0,4200867.852930591,18736557.676233415,0.22420702487198205,37,0.0,complete,1788652811008,1788653081231,817937.25952927,1595700.43019797,-0.32223691815012767,57.1,66.0,15.586690017513138,8.581436077057791,6.0606060606060606,44.943820224719126,complete_hourly_ordered,/v1/candles/minutes/60,120,False,25.0,52.8,2026-09-02T10:00:00,66.0,2026-09-06T02:00:00,D0,6.515151515151507,32.57575757575752,True,-0.6041262965918115,5.62770562770563,11.661436163989693,False,-0.06854554488129674,27.75009555069421,66.80640929982837,9.098783702603157,0.1615508885298933,0.0,0.0,0.0,0.0,-0.06854554488129674,27.75009555069421,66.80640929982837,9.098783702603157,0.1615508885298933,0.0,0.0,0.0,0.0,-0.06854554488129674,27.75009555069421,66.80640929982837,9.098783702603157,0.1615508885298933,0.0,0.0,0.0,0.0,-0.06854554488129674,27.75009555069421,66.80640929982837,9.098783702603157,0.1615508885298933,0.0,0.0,0.0,0.0,-0.536960715015767,-80.90229725087735,-35.16458618146407,12.723419417450998,-0.16103059581320522,0.0,-0.022797218739312175,0.01909114216682184,0.13078936191123702,-0.5462807761564596,-68.14373734933584,9.474097757237377,16.110222799650217,-1.4308426073131986,0.0,-0.11398609369657198,0.09544538152681525,0.6339724466331322,-0.06854554488129674,912519.7426439817,7504041.039204713,9.098783702603157,0.1615508885298933,0.0,0.0,0.0,22937425.529164005,4652796.53381438,4.929814867782284,-1.4308426073131986,False,True,rising,rising,sell_advantage_accelerating,accelerating,neutral,False,False,False,pass,S0,🌱 초발사 준비,발사 구조 관찰 또는 초기 준비,S0,False,,,2026-09-05T23:40:00Z,33999614992-1
KRW-MORPHO,2026-09-06T08:57:39.324580+09:00,1788652659,3412.0,,,0.0,697336.8863404099,0.0,4,0.0,complete,1788652854127,1788652931275,12743.52070556,7880.96321051,0.23576626279900448,3490.0,3526.0,1.0315186246418362,-2.2349570200573043,3.2331253545093595,316.66666666666595,complete_hourly_ordered,/v1/candles/minutes/60,120,False,7.776761207685268,3279.0,2026-09-03T21:00:00,3534.0,2026-09-05T07:00:00,D-1,3.7068477645727183,51.37254901960793,False,,,,True,-0.3736956037541445,-100.0,12.719740800215963,,-0.6117098747451255,,,,,-0.3736956037541445,-100.0,12.719740800215963,,-0.6117098747451255,,,,,-0.3736956037541445,-100.0,12.719740800215963,,-0.6117098747451255,,,,,-0.3736956037541445,-100.0,12.719740800215963,,-0.6117098747451255,,,,,-577.0506486856158,-100.0,3440.717850911988,,-0.7562536358347915,,,,,-0.1510726766277791,-100.0,-87.30186781124993,,-0.4667444574095736,,,,,-0.3736956037541445,-231185.52873793998,78690.24876840983,,-0.6117098747451255,,,,697336.8863404099,10822565.52546835,0.06443360261477672,-0.4667444574095736,False,False,falling,rising,sell_only,flat_or_na,neutral,False,False,False,pass,S0,🌱 초발사 준비,발사 구조 관찰 또는 초기 준비,S0,False,,,2026-09-05T23:40:00Z,33999614992-1
KRW-MOVE,2026-09-06T08:57:39.324580+09:00,1788652659,12.4,-19.430153990905563,11.0,4820088.540975069,1840290.3695692557,2.619200002716568,21,0.0,complete,1788651891896,1788652689134,35895159.04971167,37382962.97784625,-0.020303521528227217,12.6,12.7,0.7936507936507908,-1.5873015873015817,2.3622047244094406,300.0,complete_hourly_ordered,/v1/candles/minutes/60,120,False,21.62162162162162,11.1,2026-09-01T09:00:00,13.5,2026-09-04T07:00:00,D-2,8.148148148148149,45.83333333333327,False,1.3023782559456576,28.15838085294353,14.579731917584,True,2.156293764855193,242.80634044777517,-39.41386942306085,0.2345657304373212,0.0,0.0,0.0,0.0,0.0,2.156293764855193,242.80634044777517,-39.41386942306085,0.2345657304373212,0.0,0.0,0.0,0.0,0.0,2.156293764855193,242.80634044777517,-39.41386942306085,0.2345657304373212,0.0,0.0,0.0,0.0,0.0,2.156293764855193,242.80634044777517,-39.41386942306085,0.2345657304373212,0.0,0.0,0.0,0.0,0.0,-28.351937885925604,-40.21353061185183,606.9544079776005,0.4480080957638428,0.0,0.0,0.056625141562882675,-0.036553034589978495,-0.07439591153363523,,419.68595605499036,,0.48027990299239676,0.0,0.0,0.0,0.0,0.0,2.156293764855193,3414021.040975201,-1197187.6011228093,0.2345657304373212,0.0,0.0,0.0,0.0,6660378.910544325,18076518.814802635,0.3684547328377311,0.0,False,True,rising,falling,buy_advantage_accelerating,accelerating,leading_buy_inflow,False,False,False,pass,S1,⚡ 선행 시동,가격 미급등 상태에서 선행조건 5개 개선,S1,False,,,2026-09-05T23:40:00Z,33999614992-1
KRW-MTL,2026-09-06T08:57:39.324580+09:00,1788652659,333.0,-44.661799661445,10.0,378102.06039573,59491.09024911,6.355608189604267,5,0.0,complete,1788652924610,1788652948635,193877.65813583,287302.32217063,-0.19415742104502876,322.0,333.0,3.416149068322971,3.416149068322971,0.0,0.0,complete_hourly_ordered,/v1/candles/minutes/60,120,False,6.38977635782747,313.0,2026-09-03T05:00:00,333.0,2026-09-06T08:00:00,D0,0.0,0.0,False,0.3730569948186435,8.510437328799462,7.802459068604405,True,,-45.651920582026975,,0.055492548205755554,0.3012048192771122,0.0,0.02072538860102835,-0.01673106565586302,-0.03939680580676974,,-45.651920582026975,,0.055492548205755554,0.3012048192771122,0.0,0.02072538860102835,-0.01673106565586302,-0.03939680580676974,,-45.651920582026975,,0.055492548205755554,0.3012048192771122,0.0,0.02072538860102835,-0.01673106565586302,-0.03939680580676974,,-45.651920582026975,,0.055492548205755554,0.3012048192771122,0.0,0.02072538860102835,-0.01673106565586302,-0.03939680580676974,,,,0.09788122193569393,0.6042296072507503,0.0,0.0414507772020567,-0.03346292151933383,-0.07903870838409865,,2066.4916756812618,,0.10592929164864984,0.3012048192771122,0.0,0.02072538860102835,-0.01673106565586302,-0.03939680580676974,,-317602.48785126995,59491.09024911,0.055492548205755554,0.3012048192771122,0.0,0.02072538860102835,-0.01673106565586302,437593.15064484003,968410.3759692,0.4518674742687366,0.3012048192771122,False,False,falling,rising,buy_advantage_weakening,accelerating,neutral,False,False,False,pass,S2,🚀 발사 진행,가격 상승 초입과 실제 매수수급·구조 동반,S0,True,가격 상승 초입과 실제 매수수급·구조 동반,2026-09-06T08:57:39.324580+09:00,2026-09-05T23:40:00Z,33999614992-1
KRW-MVL,2026-09-06T08:57:39.324580+09:00,1788652659,1.26,338.5462407959843,13.0,99212.598425178,0.0,,3,0.0,complete,1788652022849,1788652432199,72434155.36605676,205602583.21017212,-0.4789598256908225,1.25,1.26,0.8000000000000007,0.8000000000000007,0.0,0.0,complete_hourly_ordered,/v1/candles/minutes/60,120,False,13.333333333333353,1.2,2026-08-31T22:00:00,1.36,2026-09-01T18:00:00,D-4,7.352941176470596,62.500000000000036,True,0.4359673024523003,13.321575543797772,11.306449395987414,False,,,,0.3670871704651404,0.8000000000000007,1.0,0.05449591280652921,-0.04193789026655281,-0.11691476168003767,,,,0.3670871704651404,0.8000000000000007,1.0,0.05449591280652921,-0.04193789026655281,-0.11691476168003767,,,,0.3670871704651404,0.8000000000000007,1.0,0.05449591280652921,-0.04193789026655281,-0.11691476168003767,,,,0.3670871704651404,0.8000000000000007,1.0,0.05449591280652921,-0.04193789026655281,-0.11691476168003767,,27.114562731050395,,3.3601691427342075,0.8000000000000007,1.0,0.05449591280652921,-0.04193789026655281,-0.11691476168003767,,-88.26644577288782,,3.381341209193124,0.8000000000000007,1.0,0.05449591280652921,-0.04193789026655281,-0.11691476168003767,,99212.598425178,0.0,0.3670871704651404,0.8000000000000007,1.0,0.05449591280652921,-0.04193789026655281,99212.598425178,266222.08,0.37266855711283603,0.8000000000000007,False,True,rising,flat_or_na,buy_only,accelerating,neutral,False,False,False,pass,S1,⚡ 선행 시동,가격 미급등 상태에서 선행조건 5개 개선,S0,True,가격 미급등 상태에서 선행조건 5개 개선,2026-09-06T08:57:39.324580+09:00,2026-09-05T23:40:00Z,33999614992-1
KRW-NCT,2026-09-06T08:57:39.324580+09:00,1788652659,15.8,,,3333649.1298380066,1576264.042672176,2.114905269415781,15,0.0,complete,1788651794104,1788652487720,21523357.78277612,23129537.45141599,-0.03597033653060792,15.6,16.0,2.564102564102577,1.2820512820512997,1.2499999999999956,49.99999999999957,complete_hourly_ordered,/v1/candles/minutes/60,120,False,9.27152317880795,15.1,2026-09-02T20:00:00,16.5,2026-09-04T05:00:00,D-2,4.242424242424237,50.0,False,,,,False,,-5.892680879875812,,,0.0,,,,,,-5.892680879875812,,,0.0,,,,,,-5.892680879875812,,,0.0,,,,,,-5.892680879875812,,,0.0,,,,,1.9034762689133233,713.9184505140773,-18.63183331599655,,1.2820512820512997,,,,,2.1099465634306545,21715.647731660843,-48.85001019157444,,0.6369426751592355,,,,,,-208741.79257551813,1576264.042672176,,0.0,,,,4909913.1725101825,4512740.379778161,1.0880114430051804,0.6369426751592355,False,False,falling,rising,buy_advantage_weakening,flat_or_na,neutral,False,True,False,pass,S0,🌱 초발사 준비,발사 구조 관찰 또는 초기 준비,S0,False,,,2026-09-05T23:40:00Z,33999614992-1
KRW-NEAR,2026-09-06T08:57:39.324580+09:00,1788652659,2992.0,139.46147462612194,13.0,3264227.75419059,7531664.130754251,0.4334006001225784,26,0.0,complete,1788652807876,1788652852140,67673.53478905,69005.48935583,-0.009745127865180859,2977.0,3129.0,5.105811219348344,0.5038629492778002,4.378395653563439,90.13157894736837,complete_hourly_ordered,/v1/candles/minutes/60,120,False,24.562101910828016,2512.0,2026-09-02T19:00:00,3129.0,2026-09-05T15:00:00,D-1,4.506232023010548,22.85251215559158,True,0.736643620364541,5.1821701872136305,7.177984285301418,True,0.20240634141463695,-75.20557652375271,-86.78504489987633,0.9232521825075537,0.30170968823333144,0.0,0.017598994343170915,-0.014601945214136158,-0.04946150057157972,0.20240634141463695,-75.20557652375271,-86.78504489987633,0.9232521825075537,0.30170968823333144,0.0,0.017598994343170915,-0.014601945214136158,-0.04946150057157972,0.20240634141463695,-75.20557652375271,-86.78504489987633,0.9232521825075537,0.30170968823333144,0.0,0.017598994343170915,-0.014601945214136158,-0.04946150057157972,0.20240634141463695,-75.20557652375271,-86.78504489987633,0.9232521825075537,0.30170968823333144,0.0,0.017598994343170915,-0.014601945214136158,-0.04946150057157972,-0.22753353259969966,-87.70159422369329,-81.24498177129665,1.3054272507503697,0.2680965147453085,0.0,0.01257071024511891,-0.010429899162078371,-0.03528848336894885,-0.12862937375370342,-91.89949743860473,-89.49534162694262,1.8161051266386892,0.7068327162571553,0.0,0.07039597737270586,-0.05841140936660505,-0.2002990698585183,0.20240634141463695,-9900941.249709312,-49461825.99986124,0.9232521825075537,0.30170968823333144,0.0,0.017598994343170915,-0.014601945214136158,10795891.884944841,77015747.91710997,0.14017771919275754,0.7068327162571553,False,True,falling,falling,sell_advantage_weakening,accelerating,neutral,False,False,False,pass,S1,⚡ 선행 시동,가격 미급등 상태에서 선행조건 6개 개선,S0,True,가격 미급등 상태에서 선행조건 6개 개선,2026-09-06T08:57:39.324580+09:00,2026-09-05T23:40:00Z,33999614992-1
KRW-NEO,2026-09-06T08:57:39.324580+09:00,1788652659,2921.0,-49.33304823561884,10.0,0.0,0.0,,0,0.0,complete,,,10840.42948693,14566.31151854,-0.14664934911596214,2864.0,2947.0,2.8980446927374226,1.9902234636871574,0.8822531387852053,31.325301204818874,complete_hourly_ordered,/v1/candles/minutes/60,120,False,7.397959183673475,2744.0,2026-09-02T19:00:00,2947.0,2026-09-06T06:00:00,D0,0.8822531387852051,12.807881773399139,False,-0.07985398129135568,8.855359001040592,10.381015201569353,False,,-100.0,,0.2112525691991607,-0.17088174982912152,0.0,-0.011407711613053984,0.009220163096236078,0.03317794166212806,,-100.0,,0.2112525691991607,-0.17088174982912152,0.0,-0.011407711613053984,0.009220163096236078,0.03317794166212806,,-100.0,,0.2112525691991607,-0.17088174982912152,0.0,-0.011407711613053984,0.009220163096236078,0.03317794166212806,,-100.0,,0.2112525691991607,-0.17088174982912152,0.0,-0.011407711613053984,0.009220163096236078,0.03317794166212806,,,-100.0,0.2348929994542459,-0.17088174982912152,0.0,-0.011407711613053984,0.009220163096236078,0.03317794166212806,,-100.0,,0.2348929994542459,-0.17088174982912152,0.0,-0.011407711613053984,0.009220163096236078,0.03317794166212806,,-237587.76,0.0,0.2112525691991607,-0.17088174982912152,0.0,-0.011407711613053984,0.009220163096236078,0,2156760.54645548,0.0,-0.17088174982912152,False,True,falling,flat_or_na,unavailable,accelerating,neutral,False,False,False,pass,S0,🌱 초발사 준비,발사 구조 관찰 또는 초기 준비,S1,True,발사 구조 관찰 또는 초기 준비,2026-09-06T08:57:39.324580+09:00,2026-09-05T23:40:00Z,33999614992-1
KRW-NEWT,2026-09-06T08:57:39.324580+09:00,1788652659,60.6,7.044872028053062,5.0,63707.661603312,614177.36667458,0.10372844240134187,6,0.0,complete,1788651828868,1788652426847,860739.27470651,498049.61686332,0.2669212709151375,58.7,60.7,3.4071550255536653,3.236797274275971,0.16474464579901388,5.000000000000326,complete_hourly_ordered,/v1/candles/minutes/60,120,False,11.172161172161177,54.6,2026-09-02T19:00:00,60.7,2026-09-06T06:00:00,D0,0.16474464579900872,1.6393442622950753,False,0.06945248292626882,23.97493679234913,,False,0.09200525893816498,1052.5848747663083,30.262863598088586,0.2286424972342216,0.6644518272425293,0.0,0.03472624146312331,-0.02387596392512492,,0.09200525893816498,1052.5848747663083,30.262863598088586,0.2286424972342216,0.6644518272425293,0.0,0.03472624146312331,-0.02387596392512492,,0.09200525893816498,1052.5848747663083,30.262863598088586,0.2286424972342216,0.6644518272425293,0.0,0.03472624146312331,-0.02387596392512492,,0.09200525893816498,1052.5848747663083,30.262863598088586,0.2286424972342216,0.6644518272425293,0.0,0.03472624146312331,-0.02387596392512492,,0.10372844240134187,,-54.72787882186756,0.302724253695863,0.4975124378109541,0.0,0.03472624146312331,-0.02387596392512492,,0.10372844240134187,,1264.0620039857142,0.36226661986800135,0.16528925619834212,0.0,0.02315082764210441,-0.015917134306391745,,0.09200525893816498,58180.288912756005,142686.60583152407,0.2286424972342216,0.6644518272425293,0.0,0.03472624146312331,-0.02387596392512492,677885.028277892,999240.379809856,0.6784003548844632,0.16528925619834212,False,False,rising,rising,sell_advantage_weakening,accelerating,neutral,False,False,False,pass,S0,🌱 초발사 준비,발사 구조 관찰 또는 초기 준비,S0,False,,,2026-09-05T23:40:00Z,33999614992-1
KRW-NXPC,2026-09-06T08:57:39.324580+09:00,1788652659,287.0,-3.299851555510902,5.0,5029.999998800001,0.0,,1,0.0,complete,1788651943340,1788651943340,302209.36934392,279383.36405957,0.039247404538175476,285.0,287.0,0.7017543859649145,0.7017543859649145,0.0,0.0,complete_hourly_ordered,/v1/candles/minutes/60,120,False,6.691449814126393,269.0,2026-09-03T06:00:00,287.0,2026-09-04T20:00:00,D-2,0.0,0.0,False,-0.4659832246039053,31.238179550118705,,False,,,-100.0,0.35064473022601295,0.34965034965035446,0.0,0.02329916123019471,-0.01471274581095372,,,,-100.0,0.35064473022601295,0.34965034965035446,0.0,0.02329916123019471,-0.01471274581095372,,,,-100.0,0.35064473022601295,0.34965034965035446,0.0,0.02329916123019471,-0.01471274581095372,,,,-100.0,0.35064473022601295,0.34965034965035446,0.0,0.02329916123019471,-0.01471274581095372,,,,,0.36435626036556146,0.0,0.0,0.0,0.0,,,,,0.36435626036556146,0.0,0.0,0.0,0.0,,,5029.999998800001,-144981.1598378,0.35064473022601295,0.34965034965035446,0.0,0.02329916123019471,-0.01471274581095372,5029.999998800001,995727.0614835001,0.0050515851113918445,0.0,False,False,rising,falling,buy_only,accelerating,neutral,False,False,False,pass,S0,🌱 초발사 준비,발사 구조 관찰 또는 초기 준비,S0,False,,,2026-09-05T23:40:00Z,33999614992-1
KRW-O,2026-09-06T08:57:39.324580+09:00,1788652659,733.0,,,50484.01768014001,1062747.16491808,0.04750331908345432,9,0.0,complete,1788651825241,1788652476033,74586.01068554,83717.59050535,-0.05768396771213509,756.0,762.0,0.7936507936507908,-3.0423280423280463,3.805774278215223,483.3333333333352,complete_hourly_ordered,/v1/candles/minutes/60,120,False,14.10614525139664,716.0,2026-09-03T18:00:00,817.0,2026-09-04T02:00:00,D-2,10.281517747858015,83.16831683168317,False,,,,True,-0.16419021255626998,-94.68829032079955,-76.32892600495144,,0.1366120218579292,,,,,-0.16419021255626998,-94.68829032079955,-76.32892600495144,,0.1366120218579292,,,,,-0.16419021255626998,-94.68829032079955,-76.32892600495144,,0.1366120218579292,,,,,-0.16419021255626998,-94.68829032079955,-76.32892600495144,,0.1366120218579292,,,,,-0.011981079451364271,-28.02719190084081,-9.874524912268878,,-0.13623978201634523,,,,,,,,,-0.13623978201634523,,,,,-0.16419021255626998,-899944.76568927,-3426897.72884712,,0.1366120218579292,,,,1113231.18259822,4781318.323107929,0.2328293385566939,-0.13623978201634523,False,False,falling,falling,sell_advantage_accelerating,flat_or_na,neutral,False,True,False,pass,S0,🌱 초발사 준비,발사 구조 관찰 또는 초기 준비,S0,False,,,2026-09-05T23:40:00Z,33999614992-1
KRW-ONDO,2026-09-06T08:57:39.324580+09:00,1788652659,505.0,-1.2576491867956952,7.0,2792738.4842933407,8409094.36162546,0.3321093050207502,33,0.0,complete,1788652800822,1788652984808,4910787.4437755,4203679.16931382,0.0775808727464314,489.0,515.0,5.316973415132931,3.2719836400818103,1.9417475728155338,38.46153846153833,complete_hourly_ordered,/v1/candles/minutes/60,120,False,11.23110151187905,463.0,2026-09-02T10:00:00,515.0,2026-09-05T13:00:00,D-1,1.9417475728155331,19.230769230769162,False,-0.5319148936170137,5.341917522185475,,True,-3.3469315266889073,-96.51486898092409,-61.392411687359846,0.3110402373913468,0.0,0.0,-0.013297872340423122,0.011157295667704403,,-3.3469315266889073,-96.51486898092409,-61.392411687359846,0.3110402373913468,0.0,0.0,-0.013297872340423122,0.011157295667704403,,-3.3469315266889073,-96.51486898092409,-61.392411687359846,0.3110402373913468,0.0,0.0,-0.013297872340423122,0.011157295667704403,,-3.3469315266889073,-96.51486898092409,-61.392411687359846,0.3110402373913468,0.0,0.0,-0.013297872340423122,0.011157295667704403,,0.2611668548202841,-79.46234585261482,-95.61291573419108,0.5196934857618074,-0.19762845849802257,0.0,-0.013297872340423122,0.011157295667704403,,-1.4218185611859073,-98.42703963432761,-91.69291863828076,0.9007949969006002,-0.7858546168958758,0.0,-0.03989361702126937,0.03347082810131852,,-3.3469315266889073,-77340216.8911933,-13371842.312091397,0.3110402373913468,0.0,0.0,-0.013297872340423122,0.011157295667704403,11201832.8459188,191166045.9635782,0.05859739782478434,-0.7858546168958758,False,False,falling,falling,sell_advantage_accelerating,accelerating,neutral,False,False,False,pass,S0,🌱 초발사 준비,발사 구조 관찰 또는 초기 준비,S0,False,,,2026-09-05T23:40:00Z,33999614992-1
KRW-ONG,2026-09-06T08:57:39.324580+09:00,1788652659,133.0,-65.95131261916913,6.0,9242674.60864557,19510555.267362654,0.4737268869075581,44,0.0,complete,1788652825120,1788653113344,6430986.69874449,10533098.24897067,-0.241811542613071,133.0,135.0,1.5037593984962516,0.0,1.4814814814814816,100.0,complete_hourly_ordered,/v1/candles/minutes/60,120,False,36.36363636363635,121.0,2026-09-01T10:00:00,165.0,2026-09-01T19:00:00,D-4,20.606060606060606,77.27272727272728,False,0.5606428704915123,-68.83886023571864,,True,-2.946627987891098,226.63587751761796,2258.3432708338787,0.02140252288356237,0.7575757575757569,0.0,0.04672023920762047,-0.06189310619797084,,-2.946627987891098,226.63587751761796,2258.3432708338787,0.02140252288356237,0.7575757575757569,0.0,0.04672023920762047,-0.06189310619797084,,-2.946627987891098,226.63587751761796,2258.3432708338787,0.02140252288356237,0.7575757575757569,0.0,0.04672023920762047,-0.06189310619797084,,-2.946627987891098,226.63587751761796,2258.3432708338787,0.02140252288356237,0.7575757575757569,0.0,0.04672023920762047,-0.06189310619797084,,-4.386461234415373,33.923330090559034,1273.9827653083128,0.028075647944334037,1.526717557251911,0.0,0.09344047841524095,-0.12379835234573022,,-1.8330236358489795,-23.518816316706992,272.41502502453847,0.04255783573819372,0.7575757575757569,0.0,0.04672023920762047,-0.06189310619797084,,-2.946627987891098,6413017.720097849,18683256.056571174,0.02140252288356237,0.7575757575757569,0.0,0.04672023920762047,-0.06189310619797084,28753229.876008224,56308534.48620956,0.5106371554217973,0.7575757575757569,False,False,rising,rising,sell_advantage_accelerating,accelerating,neutral,True,True,False,🔴 1차 급등 완료·상승분 반납 / 신규매수 금지,S3,🔴 1차 급등 완료·반납,당일/5D 급등 후 상승분 상당 부분 반납,S3,False,,,2026-09-05T23:40:00Z,33999614992-1
KRW-ONT,2026-09-06T08:57:39.324580+09:00,1788652659,76.6,-65.25654516233614,8.0,8517309.73068015,2970442.156925411,2.867354178509265,49,0.0,complete,1788652931452,1788653116205,1561476.18492762,1535786.96228283,0.008294168568765968,77.5,78.3,1.0322580645161228,-1.1612903225806548,2.1711366538952785,212.5000000000016,complete_hourly_ordered,/v1/candles/minutes/60,120,False,19.718309859154925,71.0,2026-09-01T10:00:00,85.0,2026-09-01T21:00:00,D-4,9.764705882352942,59.28571428571422,True,0.6946918418240022,-8.43783718978537,,False,-2.6806844154522853,666.7892465313563,1383.6591743969366,0.037226085773355067,-0.26041666666667407,0.0,-0.017812611328849037,0.016581838651783087,,-2.6806844154522853,666.7892465313563,1383.6591743969366,0.037226085773355067,-0.26041666666667407,0.0,-0.017812611328849037,0.016581838651783087,,-2.6806844154522853,666.7892465313563,1383.6591743969366,0.037226085773355067,-0.26041666666667407,0.0,-0.017812611328849037,0.016581838651783087,,-2.6806844154522853,666.7892465313563,1383.6591743969366,0.037226085773355067,-0.26041666666667407,0.0,-0.017812611328849037,0.016581838651783087,,,,,0.05695511059565206,0.3931847968545288,0.0,0.026718916993218045,-0.024874249025026884,,-4.142772999741754,78.23244557911792,335.74390640848526,0.06080007081479266,0.3931847968545288,0.0,0.026718916993218045,-0.024874249025026884,,-2.6806844154522853,7406533.885921111,2770231.609369379,0.037226085773355067,-0.26041666666667407,0.0,-0.017812611328849037,0.016581838651783087,11487751.887605563,10990649.102853935,1.04522961110846,0.3931847968545288,False,False,rising,rising,buy_advantage_weakening,accelerating,neutral,False,True,False,pass,S0,🌱 초발사 준비,발사 구조 관찰 또는 초기 준비,S0,False,,,2026-09-05T23:40:00Z,33999614992-1
KRW-OP,2026-09-06T08:57:39.324580+09:00,1788652659,147.0,115.32053032843312,9.0,4685437.88360172,4550864.51593198,1.0295709457397857,12,0.0,complete,1788652810223,1788652921533,1146914.56724444,1222498.61151842,-0.03189990034302274,135.0,153.0,13.33333333333333,8.888888888888879,3.9215686274509802,33.3333333333334,complete_hourly_ordered,/v1/candles/minutes/60,120,False,20.472440944881896,127.0,2026-09-02T10:00:00,153.0,2026-09-06T07:00:00,D0,3.26797385620915,19.230769230769297,False,0.0,10.855405992184101,,True,0.37115355832904895,-84.45998392234407,-90.06205757018608,6.7651547904145275,-2.6490066225165587,-2.0,-0.1948368241597498,0.154298981113989,,0.37115355832904895,-84.45998392234407,-90.06205757018608,6.7651547904145275,-2.6490066225165587,-2.0,-0.1948368241597498,0.154298981113989,,0.37115355832904895,-84.45998392234407,-90.06205757018608,6.7651547904145275,-2.6490066225165587,-2.0,-0.1948368241597498,0.154298981113989,,0.37115355832904895,-84.45998392234407,-90.06205757018608,6.7651547904145275,-2.6490066225165587,-2.0,-0.1948368241597498,0.154298981113989,,-0.9795996383813526,-95.79391643230122,-91.79197954881731,7.822724127259889,-2.6490066225165587,-2.0,-0.1948368241597498,0.154298981113989,,-9.922829735713062,-96.61203772209336,-63.959433281580246,21.598957997444046,-2.0000000000000018,-2.0,-0.1461276181198068,0.11573051598069917,,0.37115355832904895,-25465353.854243606,-41241959.78419018,6.7651547904145275,-2.6490066225165587,-2.0,-0.1948368241597498,0.154298981113989,9236302.3995337,4797574.622871991,1.92520244614862,-2.0000000000000018,False,False,falling,falling,buy_advantage_accelerating,accelerating,neutral,False,False,False,pass,S0,🌱 초발사 준비,발사 구조 관찰 또는 초기 준비,S0,False,,,2026-09-05T23:40:00Z,33999614992-1
KRW-OPEN,2026-09-06T08:57:39.324580+09:00,1788652659,173.0,45.13334322536024,3.0,1010024.47013318,0.0,,3,0.0,complete,1788652897084,1788652941061,1282091.86717681,2478567.19233234,-0.31815575573918065,166.0,177.0,6.626506024096379,4.216867469879526,2.2598870056497176,36.36363636363618,complete_hourly_ordered,/v1/candles/minutes/60,120,False,12.73885350318471,157.0,2026-09-03T06:00:00,177.0,2026-09-05T16:00:00,D-1,1.6949152542372836,14.999999999999995,True,-2.2397891963109373,24.053224155578306,,False,,2867.714313430428,-100.0,0.23239833606367455,0.5813953488372103,0.0,0.032938076416333395,-0.023160068584431315,,,2867.714313430428,-100.0,0.23239833606367455,0.5813953488372103,0.0,0.032938076416333395,-0.023160068584431315,,,2867.714313430428,-100.0,0.23239833606367455,0.5813953488372103,0.0,0.032938076416333395,-0.023160068584431315,,,2867.714313430428,-100.0,0.23239833606367455,0.5813953488372103,0.0,0.032938076416333395,-0.023160068584431315,,,-33.09698793146069,-100.0,0.2804450715320215,0.5813953488372103,0.0,0.032938076416333395,-0.023160068584431315,,,-79.01771261894788,,0.3670683202439804,-0.5747126436781658,0.0,-0.032938076416333395,0.023158587051195667,,,975990.72013365,-1125384.79532316,0.23239833606367455,0.5813953488372103,0.0,0.032938076416333395,-0.023160068584431315,1010024.47013318,5786437.84350158,0.17455030148945283,-0.5747126436781658,False,False,rising,falling,buy_only,accelerating,neutral,False,False,False,pass,S0,🌱 초발사 준비,발사 구조 관찰 또는 초기 준비,S0,False,,,2026-09-05T23:40:00Z,33999614992-1
KRW-OPG,2026-09-06T08:57:39.324580+09:00,1788652659,143.0,,,2233804.8999974397,0.0,,9,0.0,complete,1788652935307,1788652952463,997791.1278518,1739909.87218253,-0.2710737017378538,138.0,144.0,4.347826086956519,3.6231884057970953,0.6944444444444444,16.666666666666753,complete_hourly_ordered,/v1/candles/minutes/60,120,False,9.92366412213741,131.0,2026-09-01T17:00:00,144.0,2026-09-06T08:00:00,D0,0.0,0.0,False,,,,False,,3003.002424032222,-100.0,,0.7042253521126751,,,,,,3003.002424032222,-100.0,,0.7042253521126751,,,,,,3003.002424032222,-100.0,,0.7042253521126751,,,,,,3003.002424032222,-100.0,,0.7042253521126751,,,,,,,-100.0,,0.7042253521126751,,,,,,21.935544404149198,,,0.7042253521126751,,,,,,2161816.3999983096,-20164.0,,0.7042253521126751,,,,2233804.8999974397,1874755.74390598,1.1915178322608548,0.7042253521126751,False,False,rising,falling,buy_only,flat_or_na,neutral,False,True,False,pass,S0,🌱 초발사 준비,발사 구조 관찰 또는 초기 준비,S0,False,,,2026-09-05T23:40:00Z,33999614992-1
KRW-ORBS,2026-09-06T08:57:39.324580+09:00,1788652659,8.45,-95.01417502716313,10.0,182709.54062960003,0.0,,2,0.0,complete,1788652925503,1788652925503,5318288.21999418,5992785.62946116,-0.05963159806435699,8.38,8.48,1.193317422434359,0.8353221957040358,0.3537735849056738,30.000000000001304,complete_hourly_ordered,/v1/candles/minutes/60,120,False,5.1724137931034475,8.12,2026-09-02T20:00:00,8.54,2026-09-04T08:00:00,D-2,0.7025761124121677,14.285714285714162,True,0.23179601950285011,10.064815727899436,11.21879557045846,True,,,,0.030993467560136878,0.11848341232227888,0.0,0.00799296618976264,-0.006365668116558254,-0.0230488754494953,,,,0.030993467560136878,0.11848341232227888,0.0,0.00799296618976264,-0.006365668116558254,-0.0230488754494953,,,,0.030993467560136878,0.11848341232227888,0.0,0.00799296618976264,-0.006365668116558254,-0.0230488754494953,,,,0.030993467560136878,0.11848341232227888,0.0,0.00799296618976264,-0.006365668116558254,-0.0230488754494953,,-22.727387530213804,,0.03254076449684362,0.11848341232227888,0.0,0.00799296618976264,-0.006365668116558254,-0.0230488754494953,,662.0518044281616,,0.032743938083811486,-0.11820330969268822,0.0,-0.007992966189740436,0.006365553983270544,0.02298313912416461,,182709.54062960003,0.0,0.030993467560136878,0.11848341232227888,0.0,0.00799296618976264,-0.006365668116558254,182709.54062960003,986004.1387696967,0.18530301592605783,-0.11820330969268822,False,True,rising,flat_or_na,buy_only,accelerating,neutral,False,False,False,pass,S1,⚡ 선행 시동,가격 미급등 상태에서 선행조건 5개 개선,S0,True,가격 미급등 상태에서 선행조건 5개 개선,2026-09-06T08:57:39.324580+09:00,2026-09-05T23:40:00Z,33999614992-1
KRW-ORCA,2026-09-06T08:57:39.324580+09:00,1788652659,1760.0,-84.05137018518433,11.0,0.0,8146804.155974131,0.0,6,0.0,complete,1788652840405,1788652922350,36422.22821561,18425.07441681,0.32813197614137474,1728.0,1764.0,2.083333333333326,1.85185185185186,0.22675736961451248,11.1111111111104,complete_hourly_ordered,/v1/candles/minutes/60,120,False,7.272727272727275,1650.0,2026-09-02T10:00:00,1770.0,2026-09-04T04:00:00,D-2,0.6779661016949157,10.000000000000062,True,0.1260022909507441,1.669127469591504,1.9823969975800657,False,-0.9265297459991085,-100.0,16.012600471970686,0.25743092591621064,0.5714285714285783,0.0,0.015273004963711756,-0.013155823352654306,-0.021888348065043584,-0.9265297459991085,-100.0,16.012600471970686,0.25743092591621064,0.5714285714285783,0.0,0.015273004963711756,-0.013155823352654306,-0.021888348065043584,-0.9265297459991085,-100.0,16.012600471970686,0.25743092591621064,0.5714285714285783,0.0,0.015273004963711756,-0.013155823352654306,-0.021888348065043584,-0.9265297459991085,-100.0,16.012600471970686,0.25743092591621064,0.5714285714285783,0.0,0.015273004963711756,-0.013155823352654306,-0.021888348065043584,0.0,,14194.143469204002,0.27345309950744934,0.17074558907228532,0.0,0.01145475372279492,-0.00986682126542493,-0.01640332867236638,,,,0.32232729852205466,0.17074558907228532,0.0,0.01145475372279492,-0.00986682126542493,-0.01640332867236638,-0.9265297459991085,-6506410.81626551,1124459.9254071712,0.25743092591621064,0.5714285714285783,0.0,0.015273004963711756,-0.013155823352654306,8146804.155974131,1907824.3194529796,4.270206681456928,0.17074558907228532,False,True,falling,rising,sell_only,accelerating,neutral,False,True,False,pass,S1,⚡ 선행 시동,가격 미급등 상태에서 선행조건 3개 개선,S1,False,,,2026-09-05T23:40:00Z,33999614992-1
KRW-ORDER,2026-09-06T08:57:39.324580+09:00,1788652659,47.2,16.354808674344156,7.0,299999.999999536,0.0,,2,0.0,complete,1788652944478,1788652944478,814472.66578233,1850374.86629072,-0.3887285062431082,47.1,47.6,1.0615711252653925,0.2123142250530785,0.8403361344537785,80.0,complete_hourly_ordered,/v1/candles/minutes/60,120,False,15.753424657534264,43.8,2026-09-02T03:00:00,50.7,2026-09-02T19:00:00,D-4,6.903353057199213,50.724637681159365,False,0.3836505828537673,17.695274102079395,,True,,-65.38867422821329,-100.0,0.17430002749394546,1.505376344086029,0.0,0.10329054153754846,-0.07598334672426788,,,-65.38867422821329,-100.0,0.17430002749394546,1.505376344086029,0.0,0.10329054153754846,-0.07598334672426788,,,-65.38867422821329,-100.0,0.17430002749394546,1.505376344086029,0.0,0.10329054153754846,-0.07598334672426788,,,-65.38867422821329,-100.0,0.17430002749394546,1.505376344086029,0.0,0.10329054153754846,-0.07598334672426788,,,-92.42041435069292,-100.0,0.2865404153384432,0.6396588486140775,0.0,0.05902316659287532,-0.04341708528921373,,,-71.47131083165705,,0.5419901887330649,0.8547008547008739,0.0,0.05902316659287532,-0.04341708528921373,,,-566768.3000003439,-2104075.6729499274,0.17430002749394546,1.505376344086029,0.0,0.10329054153754846,-0.07598334672426788,299999.999999536,2591033.019999912,0.11578393547433302,0.8547008547008739,False,False,falling,falling,buy_only,accelerating,neutral,False,True,False,pass,S0,🌱 초발사 준비,발사 구조 관찰 또는 초기 준비,S0,False,,,2026-09-05T23:40:00Z,33999614992-1
KRW-PENDLE,2026-09-06T08:57:39.324580+09:00,1788652659,2760.0,76.80858259769965,9.0,71340.32982098,0.0,,1,0.0,complete,1788652835485,1788652835485,27268.7493832,17767.53724737,0.21096792934479436,2642.0,2774.0,4.996214988644976,4.4663133989401915,0.5046863734679163,10.60606060606089,complete_hourly_ordered,/v1/candles/minutes/60,120,False,14.913007456503724,2414.0,2026-09-01T10:00:00,2774.0,2026-09-06T08:00:00,D0,0.7570295602018717,5.833333333333318,False,1.325386457652944,-11.13565469172101,,True,,-94.742596589206,-100.0,1.3832392342144715,0.03624501631025456,0.0,-0.005443065534516123,0.005140663606853835,,,-94.742596589206,-100.0,1.3832392342144715,0.03624501631025456,0.0,-0.005443065534516123,0.005140663606853835,,,-94.742596589206,-100.0,1.3832392342144715,0.03624501631025456,0.0,-0.005443065534516123,0.005140663606853835,,,-94.742596589206,-100.0,1.3832392342144715,0.03624501631025456,0.0,-0.005443065534516123,0.005140663606853835,,,-63.22279040084886,-100.0,1.4393365202805342,0.619759387531893,0.0,0.013607663836268102,-0.012851994696021052,,,-98.19683526547897,-100.0,3.278508325140919,1.732399557685227,0.0,0.09525364685389892,-0.08997403463007814,,,-1285609.5605851996,-4922044.5388193,1.3832392342144715,0.03624501631025456,0.0,-0.005443065534516123,0.005140663606853835,71340.32982098,3962573.1871044696,0.018003536200453064,1.732399557685227,False,False,falling,falling,buy_only,accelerating,neutral,False,False,False,pass,S0,🌱 초발사 준비,발사 구조 관찰 또는 초기 준비,S0,False,,,2026-09-05T23:40:00Z,33999614992-1
KRW-PENGU,2026-09-06T08:57:39.324580+09:00,1788652659,11.7,10.040661618957337,6.0,0.0,15377163.853325274,0.0,13,0.0,complete,1788652252078,1788652604277,72154452.02866676,115982460.52993423,-0.2329580511618946,11.4,11.9,4.385964912280693,2.631578947368407,1.680672268907572,40.0000000000002,complete_hourly_ordered,/v1/candles/minutes/60,120,False,10.71428571428572,11.2,2026-09-02T19:00:00,12.4,2026-09-04T00:00:00,D-2,5.645161290322587,58.3333333333333,False,-0.3211991434689754,-18.206273756715344,,False,-0.004842778673271553,-100.0,152.43458021791815,0.08314415518466767,-0.8474576271186529,0.0,0.0,0.0,,-0.004842778673271553,-100.0,152.43458021791815,0.08314415518466767,-0.8474576271186529,0.0,0.0,0.0,,-0.004842778673271553,-100.0,152.43458021791815,0.08314415518466767,-0.8474576271186529,0.0,0.0,0.0,,-0.004842778673271553,-100.0,152.43458021791815,0.08314415518466767,-0.8474576271186529,0.0,0.0,0.0,,0.0,,-44.46843384041108,0.2783852255540573,-0.8474576271186529,-1.0,-0.053533190578169965,0.05409902054666915,,,-100.0,,0.2905819149604092,-1.6806722689075682,-1.0,-0.10706638115633993,0.10818945646810363,,-0.004842778673271553,-29500.0,9285619.723336944,0.08314415518466767,-0.8474576271186529,0.0,0.0,0.0,15377163.853325274,31775538.091938958,0.4839308718811676,-1.6806722689075682,False,False,falling,rising,sell_only,accelerating,neutral,False,False,False,pass,S0,🌱 초발사 준비,발사 구조 관찰 또는 초기 준비,S0,False,,,2026-09-05T23:40:00Z,33999614992-1
KRW-PEPE,2026-09-06T08:57:39.324580+09:00,1788652659,0.00493,27.414585388217063,8.0,1012333.3556723071,23593393.514645267,0.04290749251666215,34,0.0,complete,1788651932773,1788652735901,86183676589.60677,63831786632.53579,0.14899723986434885,0.00483,0.00506,4.761904761904767,2.0703933747411973,2.5691699604743063,56.5217391304349,complete_hourly_ordered,/v1/candles/minutes/60,120,False,14.686825053995678,0.00463,2026-09-02T19:00:00,0.00531,2026-09-04T03:00:00,D-2,6.9679849340866244,54.411764705882305,True,-0.9268795056642576,-14.03593258010743,,False,-0.5691810296267947,11.080353355612239,1484.5952614967402,0.39035341279734226,-0.40404040404040664,0.0,-0.02574665293512135,0.025409840992017152,,-0.5691810296267947,11.080353355612239,1484.5952614967402,0.39035341279734226,-0.40404040404040664,0.0,-0.02574665293512135,0.025409840992017152,,-0.5691810296267947,11.080353355612239,1484.5952614967402,0.39035341279734226,-0.40404040404040664,0.0,-0.02574665293512135,0.025409840992017152,,-0.5691810296267947,11.080353355612239,1484.5952614967402,0.39035341279734226,-0.40404040404040664,0.0,-0.02574665293512135,0.025409840992017152,,-0.0011065006895725205,-4.259656537533319,-1.7906994895307782,0.6875810055146729,-0.40404040404040664,0.0,-0.0514933058702427,0.05081779956439014,,-12.082403796741463,-87.48335884752701,3437.1018292606527,1.9118744379181152,-0.8048289738430414,0.0,-0.06436663233778672,0.06352107300858201,,-0.5691810296267947,100981.0552061511,22104471.132512182,0.39035341279734226,-0.40404040404040664,0.0,-0.02574665293512135,0.025409840992017152,24605726.870317575,16111950.891809925,1.5271724098181823,-0.8048289738430414,False,False,rising,rising,sell_advantage_accelerating,accelerating,neutral,False,False,False,pass,S0,🌱 초발사 준비,발사 구조 관찰 또는 초기 준비,S0,False,,,2026-09-05T23:40:00Z,33999614992-1
KRW-PIEVERSE,2026-09-06T08:57:39.324580+09:00,1788652659,1413.0,-12.124891028558437,5.0,2449890.9673061697,6105.009685,401.2919051259735,15,0.0,complete,1788651920863,1788652587545,166358.12019953,78294.60617416,0.35995312756441195,1395.0,1475.0,5.7347670250896154,1.2903225806451646,4.203389830508475,77.49999999999999,complete_hourly_ordered,/v1/candles/minutes/60,120,False,13.825214899713467,1396.0,2026-09-01T09:00:00,1589.0,2026-09-03T23:00:00,D-3,11.076148521082441,91.19170984455955,False,-0.45581395348837095,-26.503380250471015,,False,401.26189237688516,3983.1516114045535,-99.69461979362806,0.11338068321651384,-0.4929577464788726,0.0,-0.037209302325580396,0.03980682332860397,,401.26189237688516,3983.1516114045535,-99.69461979362806,0.11338068321651384,-0.4929577464788726,0.0,-0.037209302325580396,0.03980682332860397,,401.26189237688516,3983.1516114045535,-99.69461979362806,0.11338068321651384,-0.4929577464788726,0.0,-0.037209302325580396,0.03980682332860397,,401.26189237688516,3983.1516114045535,-99.69461979362806,0.11338068321651384,-0.4929577464788726,0.0,-0.037209302325580396,0.03980682332860397,,,473.9269647899391,,0.11420924545245725,-0.35260930888575404,0.0,-0.0279069767441964,0.029855558647508218,,401.27541161004615,1245.5051689034833,-99.9446983339305,0.12958437201933215,0.0,0.0,-0.004651162790691998,0.00497611026367295,,401.26189237688516,2389890.9672948197,-1993045.412515,0.11338068321651384,-0.4929577464788726,0.0,-0.037209302325580396,0.03980682332860397,2455995.9769911696,6210485.47332488,0.3954595800183579,0.0,False,False,rising,falling,buy_advantage_accelerating,accelerating,leading_buy_inflow,False,True,False,pass,S0,🌱 초발사 준비,발사 구조 관찰 또는 초기 준비,S0,False,,,2026-09-05T23:40:00Z,33999614992-1
KRW-PLUME,2026-09-06T08:57:39.324580+09:00,1788652659,19.4,-7.39971733102287,4.0,26286058.13384592,0.0,,51,0.0,complete,1788651819151,1788652476694,9290383.49108281,12714881.95950484,-0.15562177498434038,18.9,19.4,2.645502645502651,2.645502645502651,0.0,0.0,complete_hourly_ordered,/v1/candles/minutes/60,120,False,7.446808510638281,18.8,2026-09-02T03:00:00,20.2,2026-09-02T15:00:00,D-4,3.960396039603964,57.14285714285706,False,-0.3075871496924232,-11.719647644580593,,True,,168.2255408068305,-100.0,1.0521180225481093,2.105263157894721,0.0,0.10252904989747069,-0.09886718013241946,,,168.2255408068305,-100.0,1.0521180225481093,2.105263157894721,0.0,0.10252904989747069,-0.09886718013241946,,,168.2255408068305,-100.0,1.0521180225481093,2.105263157894721,0.0,0.10252904989747069,-0.09886718013241946,,,168.2255408068305,-100.0,1.0521180225481093,2.105263157894721,0.0,0.10252904989747069,-0.09886718013241946,,,1483.9803694560783,-100.0,1.2469840253882083,1.5706806282722363,0.0,0.10252904989747069,-0.09886718013241946,,,,-100.0,1.6121828445999853,2.105263157894721,0.0,0.13670539986327945,-0.13182921899161038,,,16486074.860524273,-7550035.487438649,1.0521180225481093,2.105263157894721,0.0,0.10252904989747069,-0.09886718013241946,26286058.13384592,5654436.233940706,4.648749591703604,2.105263157894721,False,False,rising,falling,buy_only,accelerating,neutral,False,False,False,pass,S0,🌱 초발사 준비,발사 구조 관찰 또는 초기 준비,S0,False,,,2026-09-05T23:40:00Z,33999614992-1
KRW-POKT,2026-09-06T08:57:39.324580+09:00,1788652659,10.5,236.3095737350038,9.0,116208.520739535,568203.44544704,0.20451921168500964,3,0.0,complete,1788652805781,1788652917161,13324424.99424786,63061426.64988376,-0.6511284561878282,10.4,10.7,2.8846153846153744,0.9615384615384581,1.8691588785046664,66.66666666666666,complete_hourly_ordered,/v1/candles/minutes/60,120,False,14.999999999999991,10.0,2026-09-01T10:00:00,11.5,2026-09-03T10:00:00,D-3,9.565217391304348,73.3333333333333,False,0.13024225058606564,16.364328646414112,,False,,-66.21792648894093,,2.0408348758136583,-0.9433962264150941,0.0,-0.06512112529306613,0.04870377389055491,,,-66.21792648894093,,2.0408348758136583,-0.9433962264150941,0.0,-0.06512112529306613,0.04870377389055491,,,-66.21792648894093,,2.0408348758136583,-0.9433962264150941,0.0,-0.06512112529306613,0.04870377389055491,,,-66.21792648894093,,2.0408348758136583,-0.9433962264150941,0.0,-0.06512112529306613,0.04870377389055491,,0.20451921168500964,,-51.594981309090606,2.074924930257623,0.0,0.0,0.0,0.0,,0.20451921168500964,,474.06789829099176,2.227476455638623,-0.9433962264150941,0.0,-0.06512112529306613,0.04870377389055491,,,-227786.11505892302,568203.44544704,2.0408348758136583,-0.9433962264150941,0.0,-0.06512112529306613,0.04870377389055491,684411.966186575,2433742.854892171,0.2812178635926179,-0.9433962264150941,False,False,falling,rising,sell_advantage_weakening,accelerating,neutral,False,True,False,pass,S0,🌱 초발사 준비,발사 구조 관찰 또는 초기 준비,S0,False,,,2026-09-05T23:40:00Z,33999614992-1
KRW-POL,2026-09-06T08:57:39.324580+09:00,1788652659,133.0,-5.838536592533239,7.0,17183081.170013297,3500535.86386745,4.908700221408143,24,0.0,complete,1788651809325,1788652780315,7582800.99088977,3704837.95393488,0.34355838771162367,127.0,135.0,6.299212598425208,4.724409448818889,1.4814814814814816,25.000000000000266,complete_hourly_ordered,/v1/candles/minutes/60,120,False,10.655737704918034,122.0,2026-09-02T06:00:00,135.0,2026-09-06T08:00:00,D0,1.4814814814814836,15.384615384615408,False,0.09389671361501595,-16.574396828651487,,True,-3.4450379353530316,-64.07880892517464,-38.86849655039727,3.5673661141502615,0.0,0.0,0.0,0.0,,-3.4450379353530316,-64.07880892517464,-38.86849655039727,3.5673661141502615,0.0,0.0,0.0,0.0,,-3.4450379353530316,-64.07880892517464,-38.86849655039727,3.5673661141502615,0.0,0.0,0.0,0.0,,-3.4450379353530316,-64.07880892517464,-38.86849655039727,3.5673661141502615,0.0,0.0,0.0,0.0,,3.9368760315784312,-75.0090611817938,-95.05229535831788,4.5158319698666025,0.7575757575757569,0.0,0.04694835680749687,-0.0467139851791778,,4.787303900379914,1449.0901163661936,-61.6896871705684,5.627028581532989,0.0,0.0,0.0,0.0,,-3.4450379353530316,-30652418.310558524,-2225702.926829589,3.5673661141502615,0.0,0.0,0.0,0.0,20683617.033880748,17820655.500980694,1.1606541090894498,0.0,False,False,falling,falling,buy_advantage_weakening,accelerating,neutral,False,False,False,pass,S0,🌱 초발사 준비,발사 구조 관찰 또는 초기 준비,S0,False,,,2026-09-05T23:40:00Z,33999614992-1
KRW-POLYX,2026-09-06T08:57:39.324580+09:00,1788652659,49.3,-46.5635808931206,7.0,22740.03604368,11277.405332568,2.0164244676041827,2,0.0,complete,1788652810917,1788653036958,723142.94377923,3177597.09298188,-0.6292278198679063,47.6,50.1,5.252100840336138,3.5714285714285587,1.5968063872255573,32.00000000000029,complete_hourly_ordered,/v1/candles/minutes/60,120,False,9.868421052631572,45.6,2026-09-02T10:00:00,50.1,2026-09-05T22:00:00,D-1,1.7964071856287345,19.99999999999992,False,0.02782415136339811,16.260245454148407,,True,0.6936883961797873,-97.94282136476824,-98.65052997030047,0.6086697848529994,-0.40404040404040664,0.0,-0.02782415136339811,0.020854558689041625,,0.6936883961797873,-97.94282136476824,-98.65052997030047,0.6086697848529994,-0.40404040404040664,0.0,-0.02782415136339811,0.020854558689041625,,0.6936883961797873,-97.94282136476824,-98.65052997030047,0.6086697848529994,-0.40404040404040664,0.0,-0.02782415136339811,0.020854558689041625,,0.6936883961797873,-97.94282136476824,-98.65052997030047,0.6086697848529994,-0.40404040404040664,0.0,-0.02782415136339811,0.020854558689041625,,1.5884098706375882,-97.8507685188338,-99.54379523707514,0.6817872818937474,-0.2024291497975783,0.0,-0.013912075681687952,0.010427431146521116,,1.4530872986556491,-54.49718787654431,-87.28768383212443,0.7928899106166725,-0.6048387096774244,0.0,-0.041736227045063856,0.031281382640809596,,0.6936883961797873,-1082659.15750365,-824414.0205139919,0.6086697848529994,-0.40404040404040664,0.0,-0.02782415136339811,0.020854558689041625,34017.441376247996,4154268.9447525498,0.008188550579811884,-0.6048387096774244,False,False,falling,falling,buy_advantage_accelerating,accelerating,neutral,False,False,False,pass,S0,🌱 초발사 준비,발사 구조 관찰 또는 초기 준비,S0,False,,,2026-09-05T23:40:00Z,33999614992-1
KRW-POWR,2026-09-06T08:57:39.324580+09:00,1788652659,67.9,40.37434222239633,12.0,2792984.7090482158,0.0,,8,0.0,complete,1788651846876,1788652401864,981015.69048855,1309865.71770834,-0.14354738138916656,66.4,67.9,2.259036144578319,2.259036144578319,0.0,0.0,complete_hourly_ordered,/v1/candles/minutes/60,120,False,10.586319218241048,61.4,2026-09-02T10:00:00,67.9,2026-09-06T08:00:00,D0,0.0,0.0,False,0.9003283550471197,9.880207655830562,7.187492668433741,True,,,,0.4324914932064061,0.44378698224853963,0.0,0.03177629488402278,-0.025184964793853126,-0.044822010284269354,,,,0.4324914932064061,0.44378698224853963,0.0,0.03177629488402278,-0.025184964793853126,-0.044822010284269354,,,,0.4324914932064061,0.44378698224853963,0.0,0.03177629488402278,-0.025184964793853126,-0.044822010284269354,,,,0.4324914932064061,0.44378698224853963,0.0,0.03177629488402278,-0.025184964793853126,-0.044822010284269354,,,,0.4405902849022638,0.2954209748892156,0.0,0.02118419658934112,-0.016789777974622666,-0.02984439964851493,,,-100.0,0.5973473290081373,0.8915304606240904,0.0,0.06355258976802336,-0.050371716663734745,-0.08997813763448548,,2792984.7090482158,0.0,0.4324914932064061,0.44378698224853963,0.0,0.03177629488402278,-0.025184964793853126,2792984.7090482158,1497626.722585388,1.8649404867900734,0.8915304606240904,False,True,rising,flat_or_na,buy_only,accelerating,neutral,False,False,False,pass,S1,⚡ 선행 시동,가격 미급등 상태에서 선행조건 5개 개선,S0,True,가격 미급등 상태에서 선행조건 5개 개선,2026-09-06T08:57:39.324580+09:00,2026-09-05T23:40:00Z,33999614992-1
KRW-PRL,2026-09-06T08:57:39.324580+09:00,1788652659,173.0,56.17623136561733,1.0,7083456.999998439,0.0,,7,0.0,complete,1788652848061,1788652848061,3561988.47254758,2257189.17863518,0.22422400073096185,171.0,184.0,7.602339181286544,1.1695906432748648,5.978260869565218,84.61538461538446,complete_hourly_ordered,/v1/candles/minutes/60,120,False,10.843373493975905,166.0,2026-09-04T21:00:00,184.0,2026-09-05T19:00:00,D-1,5.978260869565222,61.111111111111036,False,-4.563131967850653,17.880646960401556,,False,,138492.3889703703,-100.0,0.6832883070393407,0.5813953488372103,0.0,0.0,0.0,,,138492.3889703703,-100.0,0.6832883070393407,0.5813953488372103,0.0,0.0,0.0,,,138492.3889703703,-100.0,0.6832883070393407,0.5813953488372103,0.0,0.0,0.0,,,138492.3889703703,-100.0,0.6832883070393407,0.5813953488372103,0.0,0.0,0.0,,,135.1964792078244,-100.0,1.1827104423421488,0.5813953488372103,0.0,0.0,0.0,,,6108.115777844382,-100.0,1.745112967760008,0.5813953488372103,0.0,0.0,0.0,,,7078345.999998639,-11401456.8306876,0.6832883070393407,0.5813953488372103,0.0,0.0,0.0,7083456.999998439,24580002.19427097,0.2881796732161981,0.5813953488372103,False,False,rising,falling,buy_only,accelerating,neutral,False,False,False,pass,S0,🌱 초발사 준비,발사 구조 관찰 또는 초기 준비,S0,False,,,2026-09-05T23:40:00Z,33999614992-1
KRW-PROM,2026-09-06T08:57:39.324580+09:00,1788652659,6950.0,,,5311179.469654249,15446530.802445399,0.3438428691582589,23,0.0,complete,1788651797359,1788652650162,27396.25438713,9611.7798003,0.4805571270486614,6985.0,7505.0,7.444523979957052,-0.5010737294201872,7.395069953364423,106.73076923076925,complete_hourly_ordered,/v1/candles/minutes/60,120,False,29.045643153526978,6025.0,2026-09-03T00:00:00,7775.0,2026-09-04T15:00:00,D-2,10.61093247588425,47.14285714285719,True,,,,True,-0.04040741076632631,-60.508072110465896,-55.867095968971256,,0.28860028860029363,,,,,-0.04040741076632631,-60.508072110465896,-55.867095968971256,,0.28860028860029363,,,,,-0.04040741076632631,-60.508072110465896,-55.867095968971256,,0.28860028860029363,,,,,-0.04040741076632631,-60.508072110465896,-55.867095968971256,,0.28860028860029363,,,,,-0.9397887154390658,-88.09108479431504,-55.54172830825046,,-0.35842293906810374,,,,,0.17822056380341084,57.11549739503543,-24.320574251715975,,0.07199424046075986,,,,,-0.04040741076632631,-8137592.857973199,-19553501.80720415,,0.28860028860029363,,,,20757710.272099648,72859580.06055248,0.2849002184043366,0.07199424046075986,False,False,falling,falling,sell_advantage_accelerating,flat_or_na,neutral,False,True,False,pass,S0,🌱 초발사 준비,발사 구조 관찰 또는 초기 준비,S0,False,,,2026-09-05T23:40:00Z,33999614992-1
KRW-PROS,2026-09-06T08:57:39.324580+09:00,1788652659,567.0,,,614437.04436342,6888233.383394739,0.08920096201220842,19,0.0,complete,1788651872090,1788652637822,63002.69510453,147522.90239591,-0.40147235440670515,563.0,581.0,3.1971580817051537,0.7104795737122638,2.4096385542168677,77.77777777777754,complete_hourly_ordered,/v1/candles/minutes/60,120,False,6.261180679785339,559.0,2026-09-01T18:00:00,594.0,2026-09-02T21:00:00,D-4,4.545454545454541,77.14285714285703,True,,,,True,0.05938857654899374,334.33501153728554,45.16169435871282,,-0.35149384885764245,,,,,0.05938857654899374,334.33501153728554,45.16169435871282,,-0.35149384885764245,,,,,0.05938857654899374,334.33501153728554,45.16169435871282,,-0.35149384885764245,,,,,0.05938857654899374,334.33501153728554,45.16169435871282,,-0.35149384885764245,,,,,,,,,-0.35149384885764245,,,,,-127.53436224741687,-70.14802143679664,42610.47965341539,,-0.35149384885764245,,,,,0.05938857654899374,472970.88850629,2143019.149140179,,-0.35149384885764245,,,,7502670.427758159,652369.9948052799,11.500636889343086,-0.35149384885764245,False,False,rising,rising,sell_advantage_weakening,flat_or_na,neutral,False,False,False,pass,S0,🌱 초발사 준비,발사 구조 관찰 또는 초기 준비,S0,False,,,2026-09-05T23:40:00Z,33999614992-1
KRW-PROVE,2026-09-06T08:57:39.324580+09:00,1788652659,248.0,-10.280260614381264,5.0,4855107.91324293,1665164.47756568,2.915692701024141,5,0.0,complete,1788652997431,1788653082200,248886.16727247,284095.54195609,-0.0660611313183378,245.0,248.0,1.2244897959183598,1.2244897959183598,0.0,0.0,complete_hourly_ordered,/v1/candles/minutes/60,120,False,5.508474576271194,236.0,2026-09-02T11:00:00,249.0,2026-09-06T08:00:00,D0,0.40160642570281624,7.6923076923076605,False,0.11157601115761029,17.02213744870239,,True,2.9053247982140387,11994.448550381318,-56.993387174138064,0.9494832988398372,0.8130081300812941,0.0,0.027894002789419226,-0.020722584244630582,,2.9053247982140387,11994.448550381318,-56.993387174138064,0.9494832988398372,0.8130081300812941,0.0,0.027894002789419226,-0.020722584244630582,,2.9053247982140387,11994.448550381318,-56.993387174138064,0.9494832988398372,0.8130081300812941,0.0,0.027894002789419226,-0.020722584244630582,,2.9053247982140387,11994.448550381318,-56.993387174138064,0.9494832988398372,0.8130081300812941,0.0,0.027894002789419226,-0.020722584244630582,,,,,1.0094492689997736,0.0,0.0,0.0,0.0,,,,,1.0094492689997736,0.0,0.0,0.0,0.0,,2.9053247982140387,4814964.63682137,-2206715.6081971703,0.9494832988398372,0.8130081300812941,0.0,0.027894002789419226,-0.020722584244630582,6520272.390808609,1054689.83950447,6.182170479495717,0.0,False,False,rising,falling,buy_advantage_accelerating,accelerating,neutral,False,False,False,pass,S0,🌱 초발사 준비,발사 구조 관찰 또는 초기 준비,S0,False,,,2026-09-05T23:40:00Z,33999614992-1
KRW-PUMP,2026-09-06T08:57:39.324580+09:00,1788652659,5.24,-28.899975312634197,4.0,14745296.794145718,10366570.470848024,1.4223890953725893,48,0.0,complete,1788652803007,1788652973075,60654872.57163872,34589274.61644912,0.2736713879511708,5.82,5.86,0.6872852233676952,-9.965635738831613,10.580204778156997,1550.000000000005,complete_hourly_ordered,/v1/candles/minutes/60,120,False,12.862318840579734,5.52,2026-09-03T07:00:00,6.23,2026-09-04T02:00:00,D-2,15.73033707865169,138.02816901408437,False,-0.33655868742110684,-98.02518154746357,,False,0.7917988396224052,152.95780172871721,12.144226502476396,1.729263550954773,-2.782931354359919,0.0,-0.13672696676481078,0.20435233424421995,,0.7917988396224052,152.95780172871721,12.144226502476396,1.729263550954773,-2.782931354359919,0.0,-0.13672696676481078,0.20435233424421995,,0.7917988396224052,152.95780172871721,12.144226502476396,1.729263550954773,-2.782931354359919,0.0,-0.13672696676481078,0.20435233424421995,,0.7917988396224052,152.95780172871721,12.144226502476396,1.729263550954773,-2.782931354359919,0.0,-0.13672696676481078,0.20435233424421995,,1.1107212716977592,45.29109933284572,-68.16443484015183,2.340121992952568,-2.23880597014926,0.0,-0.12620950778290396,0.18863784983102505,,1.1519482187389847,200.74424217703856,-42.81906634305126,2.495733602762961,-3.1423290203327126,0.0,-0.1472444257467287,0.2200659979720001,,0.7917988396224052,8916143.989458079,1122607.768390838,1.729263550954773,-2.782931354359919,0.0,-0.13672696676481078,0.20435233424421995,25111867.264993742,42377510.542323425,0.5925753293109072,-3.1423290203327126,False,False,rising,rising,buy_advantage_accelerating,accelerating,leading_buy_inflow,False,False,False,pass,S0,🌱 초발사 준비,발사 구조 관찰 또는 초기 준비,S0,False,,,2026-09-05T23:40:00Z,33999614992-1
KRW-PUNDIX,2026-09-06T08:57:39.324580+09:00,1788652659,133.0,400.68609024432266,13.0,153945.53722984,992041.29278513,0.15518057398361104,3,0.0,complete,1788651774636,1788652539862,1134854.33796569,2412148.94537226,-0.36010527912580803,132.0,135.0,2.2727272727272707,0.7575757575757569,1.4814814814814816,66.66666666666666,complete_hourly_ordered,/v1/candles/minutes/60,120,False,19.999999999999996,120.0,2026-09-02T03:00:00,144.0,2026-09-03T19:00:00,D-3,7.638888888888884,45.83333333333329,True,0.5879208979155504,13.031423290203334,9.743726065514721,False,,,,0.12108094601222774,0.0,0.0,0.05344735435595105,-0.041189499352432435,-0.09137771875481349,,,,0.12108094601222774,0.0,0.0,0.05344735435595105,-0.041189499352432435,-0.09137771875481349,,,,0.12108094601222774,0.0,0.0,0.05344735435595105,-0.041189499352432435,-0.09137771875481349,,,,0.12108094601222774,0.0,0.0,0.05344735435595105,-0.041189499352432435,-0.09137771875481349,0.15354636298163096,777.6736454914994,-90.75719408176924,0.12108094601222774,0.0,0.0,0.05344735435595105,-0.041189499352432435,-0.09137771875481349,,-17.70434865616045,,1.4722380743281178,-0.7462686567164201,0.0,0.0,0.0,0.0,,153945.53722984,992041.29278513,0.12108094601222774,0.0,0.0,0.05344735435595105,-0.041189499352432435,1145986.83001497,11879537.447015682,0.09646729387623244,-0.7462686567164201,False,True,rising,rising,sell_advantage_weakening,accelerating,neutral,False,True,False,pass,S1,⚡ 선행 시동,가격 미급등 상태에서 선행조건 4개 개선,S0,True,가격 미급등 상태에서 선행조건 4개 개선,2026-09-06T08:57:39.324580+09:00,2026-09-05T23:40:00Z,33999614992-1
KRW-PYTH,2026-09-06T08:57:39.324580+09:00,1788652659,75.4,60.55145801342869,7.0,8493682.551592743,9772827.354390075,0.8691121047766464,18,0.0,complete,1788651768980,1788652747398,974049.10396003,603147.94467368,0.23516475611443305,74.5,75.8,1.744966442953011,1.2080536912751683,0.5277044854881154,30.769230769230376,complete_hourly_ordered,/v1/candles/minutes/60,120,False,22.42152466367713,66.9,2026-09-01T17:00:00,81.9,2026-09-03T13:00:00,D-3,7.9365079365079305,43.333333333333336,False,0.7790233707011263,-13.994035945517552,,False,0.7058705874968612,4986.052676162786,855.2909817486579,0.18140322807451525,0.9370816599732379,0.0,0.06650199505986443,-0.06450975628878908,,0.7058705874968612,4986.052676162786,855.2909817486579,0.18140322807451525,0.9370816599732379,0.0,0.06650199505986443,-0.06450975628878908,,0.7058705874968612,4986.052676162786,855.2909817486579,0.18140322807451525,0.9370816599732379,0.0,0.06650199505986443,-0.06450975628878908,,0.7058705874968612,4986.052676162786,855.2909817486579,0.18140322807451525,0.9370816599732379,0.0,0.06650199505986443,-0.06450975628878908,,-1.432743571835843,1057.1029544536532,2964.6035068384117,0.2854058003923754,1.3440860215053752,0.0,0.03800114003418287,-0.03686123231799421,,-0.15789269984748278,-86.82157996732323,-84.42743966338831,0.49039001126447346,0.5333333333333412,0.0,0.03800114003418287,-0.03686123231799421,,0.7058705874968612,8326683.051343743,8749806.354390584,0.18140322807451525,0.9370816599732379,0.0,0.06650199505986443,-0.06450975628878908,18266509.90598282,9166467.090337314,1.9927535577188915,0.5333333333333412,False,False,rising,rising,sell_advantage_weakening,accelerating,neutral,False,False,False,pass,S0,🌱 초발사 준비,발사 구조 관찰 또는 초기 준비,S0,False,,,2026-09-05T23:40:00Z,33999614992-1
KRW-QKC,2026-09-06T08:57:39.324580+09:00,1788652659,3.08,368.6617004636859,12.0,6974.13,166855.92,0.04179731830911363,2,0.0,complete,1788652813745,1788652913222,34862940.76331678,32176893.37759844,0.040066438411413295,3.02,3.09,2.3178807947019875,1.9867549668874274,0.32362459546924877,14.285714285713874,complete_hourly_ordered,/v1/candles/minutes/60,120,False,23.958333333333325,2.88,2026-09-01T11:00:00,3.57,2026-09-03T14:00:00,D-3,13.725490196078427,71.01449275362319,True,0.08900756564307333,10.416251742680748,13.546205088686468,True,,-98.46512086797561,,0.16330504550802516,-0.3236245954692518,0.0,-0.022251891410784985,0.01768568427750239,0.08492194368315431,,-98.46512086797561,,0.16330504550802516,-0.3236245954692518,0.0,-0.022251891410784985,0.01768568427750239,0.08492194368315431,,-98.46512086797561,,0.16330504550802516,-0.3236245954692518,0.0,-0.022251891410784985,0.01768568427750239,0.08492194368315431,,-98.46512086797561,,0.16330504550802516,-0.3236245954692518,0.0,-0.022251891410784985,0.01768568427750239,0.08492194368315431,,-98.00637803609726,,0.17348619998335835,-0.3236245954692518,0.0,-0.022251891410784985,0.01768568427750239,0.08492194368315431,,,,0.19892097277323728,0.0,0.0,0.0,0.0,0.0,,-447402.3648319824,166855.92,0.16330504550802516,-0.3236245954692518,0.0,-0.022251891410784985,0.01768568427750239,173830.05000000002,2686539.025230747,0.06470408520682841,0.0,False,True,falling,rising,sell_advantage_weakening,accelerating,neutral,True,True,False,🔴 1차 급등 완료·상승분 반납 / 신규매수 금지,S3,🔴 1차 급등 완료·반납,당일/5D 급등 후 상승분 상당 부분 반납,S1,True,당일/5D 급등 후 상승분 상당 부분 반납,2026-09-06T08:57:39.324580+09:00,2026-09-05T23:40:00Z,33999614992-1
KRW-QTUM,2026-09-06T08:57:39.324580+09:00,1788652659,1188.0,-57.9354806190939,7.0,0.0,0.0,,0,0.0,complete,,,22659.30980609,38303.11557229,-0.25661390059700595,1180.0,1192.0,1.016949152542379,0.6779661016949046,0.33557046979865773,33.33333333333479,complete_hourly_ordered,/v1/candles/minutes/60,120,False,10.52158273381294,1112.0,2026-09-03T00:00:00,1229.0,2026-09-04T09:00:00,D-2,3.3360455655004118,35.04273504273496,False,0.0,-5.10483889143484,,True,,,-100.0,0.05732632925266046,0.25316455696202667,0.0,0.01715462031105508,-0.015661844569931027,,,,-100.0,0.05732632925266046,0.25316455696202667,0.0,0.01715462031105508,-0.015661844569931027,,,,-100.0,0.05732632925266046,0.25316455696202667,0.0,0.01715462031105508,-0.015661844569931027,,,,-100.0,0.05732632925266046,0.25316455696202667,0.0,0.01715462031105508,-0.015661844569931027,,,-100.0,,0.07933707593470984,-0.1680672268907557,0.0,-0.011436413540732993,0.01044083751317082,,,,-100.0,0.10986416528216125,0.0,0.0,0.0,0.0,,,0.0,-206291.0449263,0.05732632925266046,0.25316455696202667,0.0,0.01715462031105508,-0.015661844569931027,0,1141296.4056072999,0.0,0.0,False,False,flat_or_na,falling,unavailable,accelerating,neutral,False,False,False,pass,S0,🌱 초발사 준비,발사 구조 관찰 또는 초기 준비,S0,False,,,2026-09-05T23:40:00Z,33999614992-1
KRW-QUID,2026-09-06T08:57:39.324580+09:00,1788652659,90.1,,,18819020.134563625,5321116.310090446,3.5366676911153156,62,0.0,complete,1788651806305,1788652718399,1278290.74664721,105742.37413103,0.8471967577313885,91.2,97.7,7.127192982456143,-1.206140350877205,7.778915046059375,116.92307692307709,complete_hourly_ordered,/v1/candles/minutes/60,120,False,12.817551963048501,86.6,2026-09-03T21:00:00,97.7,2026-09-05T09:00:00,D-1,7.881269191402252,69.36936936936937,True,,,,False,3.536498185598339,6028017.347191733,188.9157920885685,,0.4459308807134743,,,,,3.536498185598339,6028017.347191733,188.9157920885685,,0.4459308807134743,,,,,3.536498185598339,6028017.347191733,188.9157920885685,,0.4459308807134743,,,,,3.536498185598339,6028017.347191733,188.9157920885685,,0.4459308807134743,,,,,3.5366676911153156,,269.6253234914331,,0.4459308807134743,,,,,3.1277093621592122,1195.8625040758002,49.845507270881306,,0.22246941045604984,,,,,3.536498185598339,18818707.94720809,3479362.9494921328,,0.4459308807134743,,,,24140136.44465407,3240282.982178472,7.450008711407185,0.22246941045604984,False,False,rising,rising,buy_advantage_accelerating,flat_or_na,neutral,False,False,False,pass,S0,🌱 초발사 준비,발사 구조 관찰 또는 초기 준비,S0,False,,,2026-09-05T23:40:00Z,33999614992-1
KRW-RAY,2026-09-06T08:57:39.324580+09:00,1788652659,1239.0,-10.246100945265923,8.0,1123628.1528304801,4483377.8383526895,0.2506208919575091,20,0.0,complete,1788652800653,1788652966352,23988.63090941,28813.89367881,-0.09138318303963244,1126.0,1255.0,11.456483126110118,10.035523978685612,1.2749003984063745,12.403100775193758,complete_hourly_ordered,/v1/candles/minutes/60,120,False,16.09620721554117,1081.0,2026-09-02T20:00:00,1255.0,2026-09-06T08:00:00,D0,1.3545816733067761,9.770114942528748,False,1.3719512195121908,-11.366034196908535,,True,-0.8561929263129513,-92.11237149326703,-65.16596778325973,9.985658383385289,1.5573770491803307,-1.0,0.18292682926828174,-0.1730294061282862,,-0.8561929263129513,-92.11237149326703,-65.16596778325973,9.985658383385289,1.5573770491803307,-1.0,0.18292682926828174,-0.1730294061282862,,-0.8561929263129513,-92.11237149326703,-65.16596778325973,9.985658383385289,1.5573770491803307,-1.0,0.18292682926828174,-0.1730294061282862,,-0.8561929263129513,-92.11237149326703,-65.16596778325973,9.985658383385289,1.5573770491803307,-1.0,0.18292682926828174,-0.1730294061282862,,-3.6347213199522317,-41.987583768513005,799.3587399620651,10.955481841559788,3.5953177257525004,-1.0,0.3109756097560812,-0.29420173617554113,,-1.5526479383630398,-93.32196627033764,-51.95017471021093,11.07006926837305,3.8558256496227905,-1.0,0.329268292682916,-0.31151554931948233,,-0.8561929263129513,-13121821.564677611,-8387305.091653053,9.985658383385289,1.5573770491803307,-1.0,0.18292682926828174,-0.1730294061282862,5607005.991183169,1436208.0620177998,3.904034616896391,3.8558256496227905,False,False,falling,falling,sell_advantage_accelerating,accelerating,neutral,False,False,False,pass,S0,🌱 초발사 준비,발사 구조 관찰 또는 초기 준비,S0,False,,,2026-09-05T23:40:00Z,33999614992-1
KRW-RE,2026-09-06T08:57:39.324580+09:00,1788652659,616.0,,,171605.54673322,17004440.729232628,0.01009180774985501,15,0.0,complete,1788652804857,1788652840253,500662.6379105,360722.24934151,0.16245976756735053,599.0,630.0,5.175292153589317,2.8380634390651194,2.2222222222222223,45.16129032258045,complete_hourly_ordered,/v1/candles/minutes/60,120,False,7.049180327868854,610.0,2026-09-03T16:00:00,653.0,2026-09-04T05:00:00,D-2,5.666156202143946,86.04651162790684,True,,,,True,-12.1305670758265,-97.081665023391,3410.818907497393,,-0.3236245954692518,,,,,-12.1305670758265,-97.081665023391,3410.818907497393,,-0.3236245954692518,,,,,-12.1305670758265,-97.081665023391,3410.818907497393,,-0.3236245954692518,,,,,-12.1305670758265,-97.081665023391,3410.818907497393,,-0.3236245954692518,,,,,-0.18885066895575975,-95.43783618968864,-10.064857550114636,,0.4893964110929794,,,,,-1.3907103855843483,-85.92266987734199,1854.0161089961605,,0.1626016260162677,,,,,-12.1305670758265,-5708649.739540299,16520096.729235377,,-0.3236245954692518,,,,17176046.275965847,20946185.163616836,0.8200083280940504,0.1626016260162677,False,False,falling,rising,sell_advantage_accelerating,flat_or_na,neutral,False,False,False,pass,S0,🌱 초발사 준비,발사 구조 관찰 또는 초기 준비,S0,False,,,2026-09-05T23:40:00Z,33999614992-1
KRW-RED,2026-09-06T08:57:39.324580+09:00,1788652659,173.0,339.26376356874607,6.0,9942.52873428,0.0,,1,0.0,complete,1788652888545,1788652888545,752926.65655046,2328510.09583549,-0.5113145476911246,167.0,176.0,5.389221556886237,3.592814371257491,1.7045454545454544,33.33333333333333,complete_hourly_ordered,/v1/candles/minutes/60,120,False,20.547945205479444,146.0,2026-09-01T10:00:00,176.0,2026-09-05T18:00:00,D-1,1.7045454545454586,9.999999999999927,False,0.17057569296374808,-0.6912072014145563,,True,,-98.98265934623498,-100.0,0.5530091716753986,0.0,0.0,0.0,0.0,,,-98.98265934623498,-100.0,0.5530091716753986,0.0,0.0,0.0,0.0,,,-98.98265934623498,-100.0,0.5530091716753986,0.0,0.0,0.0,0.0,,,-98.98265934623498,-100.0,0.5530091716753986,0.0,0.0,0.0,0.0,,,-96.102947905758,,1.1710156396757725,-0.5747126436781658,0.0,-0.04264392324093702,0.03746832366044961,,,-99.78653423125643,,1.2835024623288973,0.0,0.0,0.0,0.0,,,-967363.22401277,-505882.35293976,0.5530091716753986,0.0,0.0,0.0,0.0,9942.52873428,11407311.261669949,0.0008715926572187253,0.0,False,True,falling,falling,buy_only,accelerating,neutral,False,False,False,pass,S0,🌱 초발사 준비,발사 구조 관찰 또는 초기 준비,S0,False,,,2026-09-05T23:40:00Z,33999614992-1
KRW-RENDER,2026-09-06T08:57:39.324580+09:00,1788652659,2002.0,1.7337617355770885,8.0,2792106.42457719,3954778.8923661294,0.7060082246233198,29,0.0,complete,1788652838432,1788652974146,58091.82778523,36383.05900204,0.22978348555285222,1955.0,2053.0,5.012787723785173,2.4040920716112524,2.484169508037019,52.040816326530695,complete_hourly_ordered,/v1/candles/minutes/60,120,False,7.486910994764395,1910.0,2026-09-02T19:00:00,2053.0,2026-09-05T16:00:00,D-1,2.3380418899171973,33.56643356643343,True,-0.2963255630185735,14.083867672927418,,True,-0.8933257241051081,-37.26575579321675,42.113084534191316,0.5884998070560421,0.09999999999998899,0.0,0.009877518767287263,-0.007597579852189895,,-0.8933257241051081,-37.26575579321675,42.113084534191316,0.5884998070560421,0.09999999999998899,0.0,0.009877518767287263,-0.007597579852189895,,-0.8933257241051081,-37.26575579321675,42.113084534191316,0.5884998070560421,0.09999999999998899,0.0,0.009877518767287263,-0.007597579852189895,,-0.8933257241051081,-37.26575579321675,42.113084534191316,0.5884998070560421,0.09999999999998899,0.0,0.009877518767287263,-0.007597579852189895,,0.7060082246233198,,553.6718188797762,0.7331078846187111,0.0,0.0,0.0032925062557587204,-0.002532508654111254,,-0.11109949835675559,-72.74390382261338,-68.45480561262191,1.704690367553141,-0.5464480874316946,0.0,-0.03621756881339033,0.027856409677323057,,-0.8933257241051081,-1658583.0830128104,1171939.5040516495,0.5884998070560421,0.09999999999998899,0.0,0.009877518767287263,-0.007597579852189895,6746885.3169433195,5128526.20636263,1.3155602692588166,-0.5464480874316946,False,False,falling,rising,sell_advantage_accelerating,accelerating,neutral,False,False,False,pass,S0,🌱 초발사 준비,발사 구조 관찰 또는 초기 준비,S0,False,,,2026-09-05T23:40:00Z,33999614992-1
KRW-RLUSD,2026-09-06T08:57:39.324580+09:00,1788652659,1364.0,,,0.0,0.0,,0,0.0,complete,,,75022.94945179,91800.85991107,-0.10057263722342064,1373.0,1373.0,0.0,-0.6554989075018169,0.6554989075018208,,complete_hourly_ordered,/v1/candles/minutes/60,120,False,6.345733041575485,1371.0,2026-09-02T21:00:00,1458.0,2026-09-04T00:00:00,D-2,6.447187928669407,108.04597701149426,False,,,,False,,,,,0.0,,,,,,,,,0.0,,,,,,,,,0.0,,,,,,,,,0.0,,,,,,,-100.0,,0.0,,,,,,,,,0.0,,,,,,0.0,0.0,,0.0,,,,0,98549.99999521,0.0,0.0,False,False,flat_or_na,flat_or_na,unavailable,flat_or_na,neutral,False,False,False,pass,S0,🌱 초발사 준비,발사 구조 관찰 또는 초기 준비,S0,False,,,2026-09-05T23:40:00Z,33999614992-1
KRW-RVN,2026-09-06T08:57:39.324580+09:00,1788652659,3.98,-81.40101710544033,6.0,298321.76442375715,382241.1377137497,0.780454365032689,8,0.0,complete,1788652821743,1788652828321,17854813.80812158,36747964.66726142,-0.3460107962758267,4.01,4.02,0.24937655860348684,-0.7481296758104716,0.9950248756218805,400.00000000000443,complete_hourly_ordered,/v1/candles/minutes/60,120,False,8.800000000000008,3.75,2026-09-01T19:00:00,4.08,2026-09-04T13:00:00,D-2,2.6960784313725505,33.333333333333414,False,0.6562610854913276,35.18730013704888,,True,-4.841197508000397,-83.5808921053694,18.267656361325347,0.058687573703537055,-0.7481296758104716,0.0,-0.017736786094357804,0.010495328985946628,,-4.841197508000397,-83.5808921053694,18.267656361325347,0.058687573703537055,-0.7481296758104716,0.0,-0.017736786094357804,0.010495328985946628,,-4.841197508000397,-83.5808921053694,18.267656361325347,0.058687573703537055,-0.7481296758104716,0.0,-0.017736786094357804,0.010495328985946628,,-4.841197508000397,-83.5808921053694,18.267656361325347,0.058687573703537055,-0.7481296758104716,0.0,-0.017736786094357804,0.010495328985946628,,-5.083165275982955,-82.3588790783147,32.53923324728074,0.06932999024188291,-0.25062656641604564,0.0,0.0,0.0,,-0.4916660830009896,-83.29622889646797,-72.77328472730476,0.07998393180595542,0.25188916876572875,0.0,0.03547357218873781,-0.020991556980760606,,-4.841197508000397,-1518596.464862712,59041.076535614964,0.058687573703537055,-0.7481296758104716,0.0,-0.017736786094357804,0.010495328985946628,680562.9021375069,5242088.438845914,0.1298266731049921,0.25188916876572875,False,False,falling,rising,sell_advantage_accelerating,accelerating,neutral,False,False,False,pass,S0,🌱 초발사 준비,발사 구조 관찰 또는 초기 준비,S0,False,,,2026-09-05T23:40:00Z,33999614992-1
KRW-SAFE,2026-09-06T08:57:39.324580+09:00,1788652659,134.0,484.49917807297356,10.0,19851.85185076,0.0,,1,0.0,complete,1788652871837,1788652871837,912650.37146215,2679702.34069918,-0.49189267057629416,129.0,135.0,4.651162790697683,3.875968992248069,0.7407407407407408,16.666666666666664,complete_hourly_ordered,/v1/candles/minutes/60,120,False,23.38709677419355,124.0,2026-09-01T09:00:00,153.0,2026-09-02T20:00:00,D-4,12.418300653594772,65.51724137931038,False,0.05235602094242342,14.175040700611907,,False,,-93.40132212177976,-100.0,0.11350924396782602,0.7518796992481258,0.0,0.05235602094242342,-0.04009516285093184,,,-93.40132212177976,-100.0,0.11350924396782602,0.7518796992481258,0.0,0.05235602094242342,-0.04009516285093184,,,-93.40132212177976,-100.0,0.11350924396782602,0.7518796992481258,0.0,0.05235602094242342,-0.04009516285093184,,,-93.40132212177976,-100.0,0.11350924396782602,0.7518796992481258,0.0,0.05235602094242342,-0.04009516285093184,,,,,0.11527588308820214,0.0,0.0,0.0,0.0,,,,,0.11527588308820214,0.0,0.0,0.0,0.0,,,-280994.04814814,-5524.912791440001,0.11350924396782602,0.7518796992481258,0.0,0.05235602094242342,-0.04009516285093184,19851.85185076,2628844.50469033,0.007551550430366169,0.0,False,True,falling,falling,buy_only,accelerating,neutral,True,True,False,🔴 1차 급등 완료·상승분 반납 / 신규매수 금지,S0,🌱 초발사 준비,발사 구조 관찰 또는 초기 준비,S2,True,발사 구조 관찰 또는 초기 준비,2026-09-06T08:57:39.324580+09:00,2026-09-05T23:40:00Z,33999614992-1
KRW-SAHARA,2026-09-06T08:57:39.324580+09:00,1788652659,12.8,38.943193958775815,6.0,53722565.35425113,6985576.542433917,7.690498418836751,26,0.0,complete,1788652828478,1788653043178,62802122.60569048,83261850.01774202,-0.14007374333709766,12.7,13.0,2.3622047244094446,0.7874015748031704,1.538461538461533,66.66666666666573,complete_hourly_ordered,/v1/candles/minutes/60,120,False,16.964285714285722,11.2,2026-09-02T03:00:00,13.1,2026-09-04T20:00:00,D-2,2.2900763358778553,15.789473684210467,False,0.17055144968731728,51.91868199338268,,True,7.497997643560204,679.2756941090488,-80.49395928582072,0.6118791419843745,0.7874015748031704,0.0,0.0,0.0,,7.497997643560204,679.2756941090488,-80.49395928582072,0.6118791419843745,0.7874015748031704,0.0,0.0,0.0,,7.497997643560204,679.2756941090488,-80.49395928582072,0.6118791419843745,0.7874015748031704,0.0,0.0,0.0,,7.497997643560204,679.2756941090488,-80.49395928582072,0.6118791419843745,0.7874015748031704,0.0,0.0,0.0,,7.413464269648241,1458.6242893387882,-43.85381409819876,0.9054598973028192,0.0,0.0,-0.05685048322912056,0.025646997816807016,,7.318616437259032,44.45955823279753,-93.01450909321161,1.2975892379939964,0.0,0.0,-0.05685048322912056,0.025646997816807016,,7.497997643560204,46828655.30927372,-28826798.94059263,0.6118791419843745,0.7874015748031704,0.0,0.0,0.0,60708141.89668505,36420700.81691567,1.6668581475645035,0.0,False,False,rising,falling,buy_advantage_accelerating,accelerating,neutral,False,False,False,pass,S0,🌱 초발사 준비,발사 구조 관찰 또는 초기 준비,S0,False,,,2026-09-05T23:40:00Z,33999614992-1
KRW-SAND,2026-09-06T08:57:39.324580+09:00,1788652659,52.2,-10.546619597717289,3.0,317978.87126092205,0.0,,5,0.0,complete,1788652800394,1788652814367,7056384.71384113,5414626.37727275,0.1316459687649706,52.0,52.5,0.9615384615384581,0.38461538461538325,0.5714285714285661,60.0,complete_hourly_ordered,/v1/candles/minutes/60,120,False,12.989690721649483,48.5,2026-09-01T18:00:00,54.8,2026-09-04T13:00:00,D-2,4.379562043795615,38.095238095238145,True,-1.894469167196422,31.717569495912656,,True,,-96.45915890306289,-100.0,0.12005364343330349,-0.3816793893129722,0.0,-0.012714558169102386,0.008094041829782128,,,-96.45915890306289,-100.0,0.12005364343330349,-0.3816793893129722,0.0,-0.012714558169102386,0.008094041829782128,,,-96.45915890306289,-100.0,0.12005364343330349,-0.3816793893129722,0.0,-0.012714558169102386,0.008094041829782128,,,-96.45915890306289,-100.0,0.12005364343330349,-0.3816793893129722,0.0,-0.012714558169102386,0.008094041829782128,,,13573.650747496195,-100.0,0.14961134061759473,0.19193857965451588,0.0,0.025429116338226976,-0.016188620880676297,,,-97.96062151202474,-100.0,0.20039423327665773,-0.5714285714285672,0.0,0.01271455816912459,-0.008094220901504912,,,-8662341.412978278,-631127.177919768,0.12005364343330349,-0.3816793893129722,0.0,-0.012714558169102386,0.008094041829782128,317978.87126092205,18231692.55545169,0.01744099568889665,-0.5714285714285672,False,False,falling,falling,buy_only,accelerating,neutral,False,False,False,pass,S0,🌱 초발사 준비,발사 구조 관찰 또는 초기 준비,S0,False,,,2026-09-05T23:40:00Z,33999614992-1
KRW-SC,2026-09-06T08:57:39.324580+09:00,1788652659,1.01,3432.5831178633985,12.0,4930251.076176277,5012478.346111926,0.9835954862529369,14,0.0,complete,1788652833259,1788652889041,33875781.08334585,550689481.3622025,-0.8840992331921148,0.973,1.04,6.885919835560128,3.8026721479959003,2.8846153846153872,44.776119402984946,complete_hourly_ordered,/v1/candles/minutes/60,120,False,68.52678571428572,0.896,2026-09-01T10:00:00,1.51,2026-09-01T18:00:00,D-4,33.11258278145696,81.43322475570034,False,1.8097281831187528,5.260180054249254,2.1049033424868084,True,0.4720352744527815,1.0204605076319817,-47.46005965287221,2.02785762287931,0.0,0.0,-0.14306151645206988,0.11734192636879381,0.0661018288931503,0.4720352744527815,1.0204605076319817,-47.46005965287221,2.02785762287931,0.0,0.0,-0.14306151645206988,0.11734192636879381,0.0661018288931503,0.4720352744527815,1.0204605076319817,-47.46005965287221,2.02785762287931,0.0,0.0,-0.14306151645206988,0.11734192636879381,0.0661018288931503,0.4720352744527815,1.0204605076319817,-47.46005965287221,2.02785762287931,0.0,0.0,-0.14306151645206988,0.11734192636879381,0.0661018288931503,-6.611112055114262,-47.09975326810621,308.46253201652445,2.906849566737037,1.0000000000000009,0.0,0.0,0.0,0.0,-0.6871403312821117,-2.954131450557085,64.8421640760333,3.216788582530171,0.0,0.0,-0.07153075822601274,0.05867584445857599,0.03320813044653281,0.4720352744527815,49803.04475614522,-4527841.481042092,2.02785762287931,0.0,0.0,-0.14306151645206988,0.11734192636879381,9942729.422288204,11611599.144260203,0.8562756342827293,0.0,False,True,rising,falling,sell_advantage_weakening,accelerating,leading_buy_inflow,True,True,False,🔴 1차 급등 완료·상승분 반납 / 신규매수 금지,S3,🔴 1차 급등 완료·반납,당일/5D 급등 후 상승분 상당 부분 반납,S3,False,,,2026-09-05T23:40:00Z,33999614992-1
KRW-SEI,2026-09-06T08:57:39.324580+09:00,1788652659,65.2,75.79183534440538,9.0,5365366.675388377,6980574.192616897,0.7686139459792768,15,0.0,complete,1788651788448,1788652753888,4031633.25515825,3048461.19175734,0.1388642582062199,64.3,66.3,3.1104199066874116,1.3996889580093486,1.6591251885369447,54.999999999999574,complete_hourly_ordered,/v1/candles/minutes/60,120,False,12.581699346405228,61.2,2026-09-01T09:00:00,68.9,2026-09-03T04:00:00,D-3,5.224963715529762,46.75324675324676,False,-0.0617474529175821,13.416401043175908,,False,-0.5531415101918723,-46.30297466843005,-7.659317680300615,0.7198502046628477,-0.3058103975535187,0.0,0.010291242152915547,-0.007951144062870341,,-0.5531415101918723,-46.30297466843005,-7.659317680300615,0.7198502046628477,-0.3058103975535187,0.0,0.010291242152915547,-0.007951144062870341,,-0.5531415101918723,-46.30297466843005,-7.659317680300615,0.7198502046628477,-0.3058103975535187,0.0,0.010291242152915547,-0.007951144062870341,,-0.5531415101918723,-46.30297466843005,-7.659317680300615,0.7198502046628477,-0.3058103975535187,0.0,0.010291242152915547,-0.007951144062870341,,0.7254217177553228,719.1399504409736,-53.96846508980882,1.0113705485162967,-0.15313935681469104,0.0,0.010291242152915547,-0.007951144062870341,,-3.164173993414286,-29.567526507469122,260.38375798680937,1.307935518155901,-0.3058103975535187,0.0,0.0,0.0,,-0.5531415101918723,-4626558.654288929,-579012.7816800261,0.7198502046628477,-0.3058103975535187,0.0,0.010291242152915547,-0.007951144062870341,12345940.868005274,17714177.323996775,0.6969525393245704,-0.3058103975535187,False,False,falling,falling,sell_advantage_accelerating,accelerating,neutral,False,False,False,pass,S0,🌱 초발사 준비,발사 구조 관찰 또는 초기 준비,S0,False,,,2026-09-05T23:40:00Z,33999614992-1
KRW-SENT,2026-09-06T08:57:39.324580+09:00,1788652659,18.3,102.18122420513467,8.0,1180167.70272,0.0,,6,0.0,complete,1788651763104,1788651814680,9211436.7141381,14342629.78318981,-0.2178474391941544,18.0,18.4,2.2222222222222143,1.6666666666666607,0.5434782608695536,25.0,complete_hourly_ordered,/v1/candles/minutes/60,120,False,6.358381502890165,17.3,2026-09-02T03:00:00,18.4,2026-09-05T01:00:00,D-1,0.5434782608695565,9.090909090908838,False,-0.15020653398423178,14.381163211913863,,True,,,,1.7359318339329946,0.0,0.0,0.0,0.0,,,,,1.7359318339329946,0.0,0.0,0.0,0.0,,,,,1.7359318339329946,0.0,0.0,0.0,0.0,,,,,1.7359318339329946,0.0,0.0,0.0,0.0,,,,,1.7359318339329946,0.0,0.0,0.0,0.0,,,,,1.7359318339329946,0.0,0.0,0.0,0.0,,,1180167.70272,0.0,1.7359318339329946,0.0,0.0,0.0,0.0,1180167.70272,954702.86605,1.2361623125767298,0.0,False,False,rising,flat_or_na,buy_only,accelerating,neutral,False,False,False,pass,S0,🌱 초발사 준비,발사 구조 관찰 또는 초기 준비,S0,False,,,2026-09-05T23:40:00Z,33999614992-1
KRW-SHIB,2026-09-06T08:57:39.324580+09:00,1788652659,0.00745,4.468578433884263,7.0,15484763.540527591,22253968.647624478,0.6958203179719374,53,0.0,complete,1788651775123,1788652719650,68056052761.69322,48619201509.01313,0.16658931985340528,0.00717,0.00763,6.415620641562048,3.905160390516027,2.3591087811271247,39.130434782608724,complete_hourly_ordered,/v1/candles/minutes/60,120,False,9.942363112391917,0.00694,2026-09-02T19:00:00,0.00763,2026-09-05T22:00:00,D-1,2.3591087811271283,26.08695652173896,True,-0.5907479778242242,-1.4597947707113532,,True,-0.3346833856312136,54.70442887835436,129.1158835194922,0.9808046000961523,-0.40106951871656804,0.0,-0.0181768608561228,0.016198597173902263,,-0.3346833856312136,54.70442887835436,129.1158835194922,0.9808046000961523,-0.40106951871656804,0.0,-0.0181768608561228,0.016198597173902263,,-0.3346833856312136,54.70442887835436,129.1158835194922,0.9808046000961523,-0.40106951871656804,0.0,-0.0181768608561228,0.016198597173902263,,-0.3346833856312136,54.70442887835436,129.1158835194922,0.9808046000961523,-0.40106951871656804,0.0,-0.0181768608561228,0.016198597173902263,,0.5320214512894608,10.293845320690487,-74.03639071903318,1.19350196187209,-0.40106951871656804,0.0,-0.045442152140318104,0.04049508436110649,,-0.06943516448928377,-65.99062652748245,-62.596867563782595,1.776944132538727,-0.6666666666666599,0.0,-0.045442152140318104,0.04049508436110649,,-0.3346833856312136,5475506.757902825,12540993.577639334,0.9808046000961523,-0.40106951871656804,0.0,-0.0181768608561228,0.016198597173902263,37738732.18815207,39700164.10496178,0.9505938587149424,-0.6666666666666599,False,False,rising,rising,sell_advantage_accelerating,accelerating,neutral,False,False,False,pass,S0,🌱 초발사 준비,발사 구조 관찰 또는 초기 준비,S0,False,,,2026-09-05T23:40:00Z,33999614992-1
KRW-SIGN,2026-09-06T08:57:39.324580+09:00,1788652659,14.1,441.6856528748344,13.0,10665449.871064227,8304956.657107013,1.284227035903578,23,0.0,complete,1788652858569,1788653033071,26805649.53460254,38385618.06438538,-0.17763066981631465,13.3,14.6,9.774436090225546,6.015037593984962,3.4246575342465753,38.46153846153835,complete_hourly_ordered,/v1/candles/minutes/60,120,False,26.890756302521,11.9,2026-09-01T18:00:00,15.1,2026-09-04T19:00:00,D-2,6.622516556291391,31.24999999999998,True,2.0068807339449712,12.984464131770565,6.113873081689754,True,,-7.318781468330505,,1.6860344601748807,-0.7042253521126751,0.0,-0.05733944954127157,0.04358975001874299,0.04543526771765194,,-7.318781468330505,,1.6860344601748807,-0.7042253521126751,0.0,-0.05733944954127157,0.04358975001874299,0.04543526771765194,,-7.318781468330505,,1.6860344601748807,-0.7042253521126751,0.0,-0.05733944954127157,0.04358975001874299,0.04543526771765194,,-7.318781468330505,,1.6860344601748807,-0.7042253521126751,0.0,-0.05733944954127157,0.04358975001874299,0.04543526771765194,0.9772385114272473,398.3105649500604,19.118832409062758,2.5761963035920417,0.0,0.0,0.0,0.0,0.0,1.045281711770749,598.7245803215819,30.005806338631523,2.7698051808600894,0.0,0.0,0.0,0.0,0.0,,-842221.3055073302,8304956.657107013,1.6860344601748807,-0.7042253521126751,0.0,-0.05733944954127157,0.04358975001874299,18970406.52817124,24121974.899068817,0.7864367079207747,0.0,False,True,falling,rising,buy_advantage_weakening,accelerating,neutral,False,True,False,pass,S2,🚀 발사 진행,가격 상승 초입과 실제 매수수급·구조 동반,S0,True,가격 상승 초입과 실제 매수수급·구조 동반,2026-09-06T08:57:39.324580+09:00,2026-09-05T23:40:00Z,33999614992-1
KRW-SKR,2026-09-06T08:57:39.324580+09:00,1788652659,29.8,-43.99546847080465,8.0,41251054.542832255,35471051.44657687,1.1629498664554863,172,0.0,complete,1788651832071,1788652746060,9186769.18753683,10301625.24440744,-0.057206152141666466,30.1,33.4,10.963455149501655,-0.9966777408637939,10.77844311377245,109.09090909090915,complete_hourly_ordered,/v1/candles/minutes/60,120,False,32.835820895522396,26.8,2026-09-02T10:00:00,35.6,2026-09-02T12:00:00,D-4,16.57303370786517,67.04545454545458,False,6.0091443500979835,-39.216958220973694,,True,-0.9573426376828817,9.899962428864107,100.36982957246683,0.06201270760514177,0.6756756756756799,0.0,0.06531678641410466,-0.07085803277900737,,-0.9573426376828817,9.899962428864107,100.36982957246683,0.06201270760514177,0.6756756756756799,0.0,0.06531678641410466,-0.07085803277900737,,-0.9573426376828817,9.899962428864107,100.36982957246683,0.06201270760514177,0.6756756756756799,0.0,0.06531678641410466,-0.07085803277900737,,-0.9573426376828817,9.899962428864107,100.36982957246683,0.06201270760514177,0.6756756756756799,0.0,0.06531678641410466,-0.07085803277900737,,1.0909496833177112,695.9670304999511,-50.720341761335,0.10323369206887634,1.016949152542379,0.0,0.06531678641410466,-0.07085803277900737,,1.0033490681949446,429.73259553781435,-27.300610670219395,0.15842174367095652,-0.6666666666666599,0.0,-0.06531678641408245,0.0708428393375371,,-0.9573426376828817,3715960.234193906,17768260.80076848,0.06201270760514177,0.6756756756756799,0.0,0.06531678641410466,-0.07085803277900737,76722105.98940912,105800094.74916682,0.7251610329017528,-0.6666666666666599,False,False,rising,rising,buy_advantage_weakening,accelerating,neutral,True,True,False,🔴 1차 급등 완료·상승분 반납 / 신규매수 금지,S3,🔴 1차 급등 완료·반납,당일/5D 급등 후 상승분 상당 부분 반납,S3,False,,,2026-09-05T23:40:00Z,33999614992-1
KRW-SKY,2026-09-06T08:57:39.324580+09:00,1788652659,96.1,112.62374243955415,9.0,157689.35271999997,155242.579340372,1.0157609683504638,5,0.0,complete,1788651842747,1788652704700,823399.39566546,1149402.23673177,-0.16524866753590978,92.7,96.8,4.422869471413149,3.6677454153182243,0.7231404958677715,17.073170731707243,complete_hourly_ordered,/v1/candles/minutes/60,120,False,15.384615384615374,88.4,2026-09-01T14:00:00,102.0,2026-09-02T08:00:00,D-4,5.490196078431364,41.176470588235325,True,0.22662889518412221,-5.446688026227556,,False,,-65.48304822071512,,1.0048443998476841,-0.10395010395011228,0.0,0.021246458923496192,-0.019407255026509418,,,-65.48304822071512,,1.0048443998476841,-0.10395010395011228,0.0,0.021246458923496192,-0.019407255026509418,,,-65.48304822071512,,1.0048443998476841,-0.10395010395011228,0.0,0.021246458923496192,-0.019407255026509418,,,-65.48304822071512,,1.0048443998476841,-0.10395010395011228,0.0,0.021246458923496192,-0.019407255026509418,,,,,1.598206090737392,1.157894736842091,0.0,0.07790368271953785,-0.07116523777409078,,0.8749669934680204,10.86579661678504,-84.63296319651444,3.476655348465968,1.8008474576270972,0.0,0.12039660056657464,-0.10998878728242278,,,-299156.7608311861,155242.579340372,1.0048443998476841,-0.10395010395011228,0.0,0.021246458923496192,-0.019407255026509418,312931.93206037197,1047378.056473936,0.2987764829768126,1.8008474576270972,False,False,falling,rising,buy_advantage_weakening,accelerating,neutral,False,True,False,pass,S0,🌱 초발사 준비,발사 구조 관찰 또는 초기 준비,S0,False,,,2026-09-05T23:40:00Z,33999614992-1
KRW-SLX,2026-09-06T08:57:39.324580+09:00,1788652659,96.3,,,0.0,14797810.457014436,0.0,25,0.0,complete,1788652859007,1788653017828,3352284.11141431,2378085.74249593,0.170006193972561,96.6,97.7,1.1387163561076719,-0.31055900621117516,1.4329580348004152,127.27272727272656,complete_hourly_ordered,/v1/candles/minutes/60,120,False,8.194905869324476,90.3,2026-09-02T18:00:00,97.7,2026-09-05T09:00:00,D-1,1.9447287615148467,25.67567567567579,True,,,,True,-2.618398847482386,-100.0,154.1575445840401,,0.20811654526535772,,,,,-2.618398847482386,-100.0,154.1575445840401,,0.20811654526535772,,,,,-2.618398847482386,-100.0,154.1575445840401,,0.20811654526535772,,,,,-2.618398847482386,-100.0,154.1575445840401,,0.20811654526535772,,,,,-3.600417654484616,-100.0,1108.1965193193091,,0.10395010395010118,,,,,-1.1185087026478462,-100.0,66.46277072998903,,0.20811654526535772,,,,,-2.618398847482386,-15245099.219589526,8975512.133652497,,0.20811654526535772,,,,14797810.457014436,21030468.33216273,0.7036367532711365,0.20811654526535772,False,False,falling,rising,sell_only,flat_or_na,neutral,False,False,False,pass,S0,🌱 초발사 준비,발사 구조 관찰 또는 초기 준비,S0,False,,,2026-09-05T23:40:00Z,33999614992-1
KRW-SNT,2026-09-06T08:57:39.324580+09:00,1788652659,9.58,133.12227277479653,13.0,7644.1779109852,1891315.0462899802,0.004041726377622853,6,0.0,complete,1788652805813,1788653041384,4639022.55770501,7141238.99558835,-0.21240754516047272,9.44,9.75,3.2838983050847537,1.4830508474576343,1.7435897435897427,54.83870967741925,complete_hourly_ordered,/v1/candles/minutes/60,120,False,31.818181818181813,8.8,2026-09-02T10:00:00,11.6,2026-09-03T14:00:00,D-3,17.41379310344827,72.14285714285714,False,0.44671806326104235,14.328511841205705,10.038801122314613,False,-7.7515563655280175,-99.71225075571373,452.1569946668448,0.13031755101587805,-0.2083333333333326,0.0,0.0,0.0,0.0,-7.7515563655280175,-99.71225075571373,452.1569946668448,0.13031755101587805,-0.2083333333333326,0.0,0.0,0.0,0.0,-7.7515563655280175,-99.71225075571373,452.1569946668448,0.13031755101587805,-0.2083333333333326,0.0,0.0,0.0,0.0,-7.7515563655280175,-99.71225075571373,452.1569946668448,0.13031755101587805,-0.2083333333333326,0.0,0.0,0.0,0.0,,-98.6572205686861,,0.18734658007852545,0.10449320794148065,0.0,0.02882052021038195,-0.021949453800317542,-0.04639652794535287,0.004041726377622853,,881.46891003355,0.25953251904829244,1.0548523206751037,1.0,0.07205130052598818,-0.05487616380310456,-0.11653599927268132,-7.7515563655280175,-2648897.2597374506,1548782.9286934,0.13031755101587805,-0.2083333333333326,0.0,0.0,0.0,1898959.2242009654,11599158.659361627,0.16371525556022326,1.0548523206751037,False,False,falling,rising,sell_advantage_accelerating,accelerating,neutral,True,True,False,🔴 1차 급등 완료·상승분 반납 / 신규매수 금지,S3,🔴 1차 급등 완료·반납,당일/5D 급등 후 상승분 상당 부분 반납,S1,True,당일/5D 급등 후 상승분 상당 부분 반납,2026-09-06T08:57:39.324580+09:00,2026-09-05T23:40:00Z,33999614992-1
KRW-SOL,2026-09-06T08:57:39.324580+09:00,1788652659,140900.0,-21.25115800568409,6.0,34247588.84839798,22923650.101011004,1.4939849761049857,117,0.0,complete,1788652801716,1788653044012,8367.63873518,10381.27403498,-0.10740011031492021,139700.0,142400.0,1.9327129563350143,0.8589835361488829,1.053370786516854,55.55555555555619,complete_hourly_ordered,/v1/candles/minutes/60,120,False,8.451757666417347,133700.0,2026-09-02T20:00:00,145000.0,2026-09-04T00:00:00,D-2,2.8275862068965485,36.28318584070804,False,0.5806699299356843,-19.44279216546693,,True,0.5445444300504834,-33.37402710127915,-57.65861029252495,0.12582970224988088,-0.21246458923512845,0.0,-0.019195700163177065,0.019391511273408213,,0.5445444300504834,-33.37402710127915,-57.65861029252495,0.12582970224988088,-0.21246458923512845,0.0,-0.019195700163177065,0.019391511273408213,,0.5445444300504834,-33.37402710127915,-57.65861029252495,0.12582970224988088,-0.21246458923512845,0.0,-0.019195700163177065,0.019391511273408213,,0.5445444300504834,-33.37402710127915,-57.65861029252495,0.12582970224988088,-0.21246458923512845,0.0,-0.019195700163177065,0.019391511273408213,,1.225104299358423,-11.45499251049793,-84.06406897184637,0.22987825757579827,-0.14174344436569397,0.0,-0.009597850081588533,0.009695893772068587,,1.124955123993745,-11.910339558103555,-78.24093623072815,0.3255576183310396,-0.4943502824858781,0.0,-0.033592475285559864,0.033934419543633965,,0.5445444300504834,-17155171.003917053,-31216401.180687968,0.12582970224988088,-0.21246458923512845,0.0,-0.019195700163177065,0.019391511273408213,57171238.94940898,332004595.4263376,0.17220014342269443,-0.4943502824858781,False,False,falling,falling,buy_advantage_accelerating,accelerating,neutral,False,False,False,pass,S0,🌱 초발사 준비,발사 구조 관찰 또는 초기 준비,S0,False,,,2026-09-05T23:40:00Z,33999614992-1
KRW-SOMI,2026-09-06T08:57:39.324580+09:00,1788652659,170.0,-8.41108656823575,12.0,6130977.238174411,36321.635234500005,168.79683964093442,19,0.0,complete,1788652879833,1788653115565,690378.46188737,1135773.26254814,-0.24389802594220258,161.0,170.0,5.590062111801242,5.590062111801242,0.0,0.0,complete_hourly_ordered,/v1/candles/minutes/60,120,False,23.02158273381294,139.0,2026-09-02T18:00:00,171.0,2026-09-06T09:00:00,D0,0.0,0.0,False,0.8186126669539107,7.982697601258355,5.583302032037989,False,,36833.59782032778,,0.057701643305529515,2.4096385542168752,1.0,0.17233950883241977,-0.1392296357131375,-0.21021618759753125,,36833.59782032778,,0.057701643305529515,2.4096385542168752,1.0,0.17233950883241977,-0.1392296357131375,-0.21021618759753125,,36833.59782032778,,0.057701643305529515,2.4096385542168752,1.0,0.17233950883241977,-0.1392296357131375,-0.21021618759753125,,36833.59782032778,,0.057701643305529515,2.4096385542168752,1.0,0.17233950883241977,-0.1392296357131375,-0.21021618759753125,168.79683964093442,,-84.57941721108769,0.07315588849935395,2.4096385542168752,1.0,0.17233950883241977,-0.1392296357131375,-0.21021618759753125,168.70836862676606,2745.3179185537815,-98.50869149907464,0.07687874645597681,2.4096385542168752,1.0,0.17233950883241977,-0.1392296357131375,-0.21021618759753125,,6114377.238174411,36321.635234500005,0.057701643305529515,2.4096385542168752,1.0,0.17233950883241977,-0.1392296357131375,6167298.873408911,1937500.2224478251,3.1831216337189296,2.4096385542168752,False,False,rising,rising,buy_advantage_weakening,accelerating,neutral,False,True,False,pass,S2,🚀 발사 진행,가격 상승 초입과 실제 매수수급·구조 동반,S0,True,가격 상승 초입과 실제 매수수급·구조 동반,2026-09-06T08:57:39.324580+09:00,2026-09-05T23:40:00Z,33999614992-1
KRW-SONIC,2026-09-06T08:57:39.324580+09:00,1788652659,30.6,52.97657386532448,8.0,3598200.999999869,116730.97377024601,30.82473214934345,3,0.0,complete,1788652450317,1788652471588,3904421.27531648,3805197.62175205,0.012870111336133444,30.3,30.7,1.320132013201314,0.990099009900991,0.3257328990227944,24.999999999999577,complete_hourly_ordered,/v1/candles/minutes/60,120,False,12.374581939799345,29.9,2026-09-01T09:00:00,33.6,2026-09-01T12:00:00,D-4,8.92857142857143,81.08108108108092,True,0.36781609195402076,24.22441098624548,,True,29.90748462832441,93.83111498115613,-94.23219287514202,0.12639026302201017,0.0,0.0,0.0,0.0,,29.90748462832441,93.83111498115613,-94.23219287514202,0.12639026302201017,0.0,0.0,0.0,0.0,,29.90748462832441,93.83111498115613,-94.23219287514202,0.12639026302201017,0.0,0.0,0.0,0.0,,29.90748462832441,93.83111498115613,-94.23219287514202,0.12639026302201017,0.0,0.0,0.0,0.0,,-248.0072920319035,-42.25560043667258,422.3399099581872,0.2669072754804418,-0.32573289902279035,0.0,-0.022988505747134624,0.015711561145142383,,,787.7370474860991,,0.4170202775215941,0.3278688524590123,0.0,0.02298850574711242,-0.01571224287825146,,29.90748462832441,1741842.179410265,-1907105.3169261122,0.12639026302201017,0.0,0.0,0.0,0.0,3714931.973770115,2565752.186476673,1.4478919645281534,0.3278688524590123,False,False,rising,falling,buy_advantage_accelerating,accelerating,leading_buy_inflow,False,True,True,⚡ 2차 시동/재점화,S0,🌱 초발사 준비,발사 구조 관찰 또는 초기 준비,S0,False,,,2026-09-05T23:40:00Z,33999614992-1
KRW-SOON,2026-09-06T08:57:39.324580+09:00,1788652659,260.0,-36.658588300995746,0.0,10554396.7853428,0.0,,4,0.0,complete,1788652476338,1788652476736,642483.84545648,513741.36224186,0.11134723785420966,257.0,261.0,1.5564202334630295,1.1673151750972721,0.38314176245210724,25.0,complete_hourly_ordered,/v1/candles/minutes/60,120,False,6.827309236947787,249.0,2026-09-02T10:00:00,266.0,2026-09-04T00:00:00,D-2,2.2556390977443663,35.294117647058634,True,-0.7128810226155413,-2.3082037805148294,,False,,,-100.0,1.3872125704832143,0.7751937984496138,0.0,0.049164208456231595,-0.04418427511602108,,,,-100.0,1.3872125704832143,0.7751937984496138,0.0,0.049164208456231595,-0.04418427511602108,,,,-100.0,1.3872125704832143,0.7751937984496138,0.0,0.049164208456231595,-0.04418427511602108,,,,-100.0,1.3872125704832143,0.7751937984496138,0.0,0.049164208456231595,-0.04418427511602108,,,,-100.0,1.525826747607944,0.7751937984496138,0.0,0.049164208456231595,-0.04418427511602108,,,,,1.763003124910128,0.38610038610038533,0.0,0.02458210422812135,-0.022091438041274447,,,10554396.7853428,-2519333.0601921002,1.3872125704832143,0.7751937984496138,0.0,0.049164208456231595,-0.04418427511602108,10554396.7853428,1150062.99999701,9.177233582308308,0.38610038610038533,False,False,rising,falling,buy_only,accelerating,neutral,False,False,False,pass,S0,🌱 초발사 준비,발사 구조 관찰 또는 초기 준비,S0,False,,,2026-09-05T23:40:00Z,33999614992-1
KRW-SOPH,2026-09-06T08:57:39.324580+09:00,1788652659,6.24,790.3961311351381,8.0,974536807.4692932,1130122959.0302558,0.8623281207431897,2916,0.0,complete,1788652800189,1788653018703,24217621.36606691,20197943.21476707,0.09050156604413392,5.63,7.42,31.793960923623455,10.834813499111906,15.90296495956873,65.92178770949721,complete_hourly_ordered,/v1/candles/minutes/60,120,False,45.10166358595193,5.41,2026-09-01T18:00:00,7.85,2026-09-02T10:00:00,D-4,13.63057324840764,43.85245901639341,False,1.1353819572997637,29.528109212082114,,True,0.04479536924131977,3831.1071756440283,3626.8979039941487,2.127910736752142,-0.15999999999999348,0.0,-0.02468221646303448,0.01568338011032111,,0.04479536924131977,3831.1071756440283,3626.8979039941487,2.127910736752142,-0.15999999999999348,0.0,-0.02468221646303448,0.01568338011032111,,0.04479536924131977,3831.1071756440283,3626.8979039941487,2.127910736752142,-0.15999999999999348,0.0,-0.02468221646303448,0.01568338011032111,,0.04479536924131977,3831.1071756440283,3626.8979039941487,2.127910736752142,-0.15999999999999348,0.0,-0.02468221646303448,0.01568338011032111,,0.1374171881258156,3378.8463220735975,2824.4711741436154,3.1919250747423575,1.1345218800648427,-1.0,0.0617055411575862,-0.03921140065639861,,-0.033682800003360214,1770.4439229292084,1843.5040343392686,4.211213647150657,1.4634146341463428,-1.0,0.09872886585216012,-0.0627402643858197,,0.04479536924131977,949746417.283362,1099799537.564401,2.127910736752142,-0.15999999999999348,0.0,-0.02468221646303448,0.01568338011032111,2104659766.499549,26644556.143641863,78.99023557207124,1.4634146341463428,False,True,rising,rising,sell_advantage_weakening,accelerating,leading_buy_inflow,False,True,False,pass,S0,🌱 초발사 준비,발사 구조 관찰 또는 초기 준비,S0,False,,,2026-09-05T23:40:00Z,33999614992-1
KRW-SPK,2026-09-06T08:57:39.324580+09:00,1788652659,29.1,134.2138096247695,15.0,0.0,1922814.4141843002,0.0,13,0.0,complete,1788652805110,1788653000938,8082877.00096822,8313992.69783484,-0.014095110902997011,27.6,29.4,6.521739130434767,5.434782608695654,1.0204081632652966,16.66666666666644,complete_hourly_ordered,/v1/candles/minutes/60,120,False,23.684210526315773,26.6,2026-09-01T18:00:00,32.9,2026-09-03T20:00:00,D-3,11.854103343465038,61.904761904761884,True,1.2974051896207595,6.888742367342263,3.0193965869306196,True,-0.03241002777393315,-100.0,7.076406473938435,0.3926950436456309,0.0,0.0,0.02495009980041374,-0.020265143694946808,-0.01427163704931056,-0.03241002777393315,-100.0,7.076406473938435,0.3926950436456309,0.0,0.0,0.02495009980041374,-0.020265143694946808,-0.01427163704931056,-0.03241002777393315,-100.0,7.076406473938435,0.3926950436456309,0.0,0.0,0.02495009980041374,-0.020265143694946808,-0.01427163704931056,-0.03241002777393315,-100.0,7.076406473938435,0.3926950436456309,0.0,0.0,0.02495009980041374,-0.020265143694946808,-0.01427163704931056,0.0,,-61.50405168306363,0.5031629742877612,0.0,0.0,0.02495009980041374,-0.020265143694946808,-0.01427163704931056,-0.7431177227084105,-100.0,-62.57643237540162,0.5726982144748831,0.0,0.0,0.02495009980041374,-0.020265143694946808,-0.01427163704931056,-0.03241002777393315,-58200.0,127073.89813299035,0.3926950436456309,0.0,0.0,0.02495009980041374,-0.020265143694946808,1922814.4141843002,12249568.500289395,0.15696997115766761,0.0,False,True,falling,rising,sell_only,accelerating,neutral,True,True,False,🔴 1차 급등 완료·상승분 반납 / 신규매수 금지,S3,🔴 1차 급등 완료·반납,당일/5D 급등 후 상승분 상당 부분 반납,S0,True,당일/5D 급등 후 상승분 상당 부분 반납,2026-09-06T08:57:39.324580+09:00,2026-09-05T23:40:00Z,33999614992-1
KRW-SPX,2026-09-06T08:57:39.324580+09:00,1788652659,815.0,,,0.0,0.0,,0,0.0,complete,,,85782.49881039,105808.1944242,-0.10452332143967913,823.0,838.0,1.8226002430133725,-0.9720534629404587,2.7446300715990453,153.33333333333297,complete_hourly_ordered,/v1/candles/minutes/60,120,False,29.469273743016757,716.0,2026-09-03T09:00:00,927.0,2026-09-04T18:00:00,D-2,12.081984897518883,53.080568720379176,True,,,,True,,,,,0.0,,,,,,,,,0.0,,,,,,,,,0.0,,,,,,,,,0.0,,,,,,-100.0,-100.0,,-0.48840048840048667,,,,,,,,,-1.8072289156626509,,,,,,0.0,0.0,,0.0,,,,0,2424830.046544085,0.0,-1.8072289156626509,False,False,flat_or_na,flat_or_na,unavailable,flat_or_na,neutral,False,True,False,pass,S0,🌱 초발사 준비,발사 구조 관찰 또는 초기 준비,S0,False,,,2026-09-05T23:40:00Z,33999614992-1
KRW-STEEM,2026-09-06T08:57:39.324580+09:00,1788652659,63.2,63.331334550957365,13.0,9999.999999919999,0.0,,1,0.0,complete,1788652903581,1788652903581,520520.55761538,881751.73413451,-0.2576041605074797,61.4,63.2,2.931596091205213,2.931596091205213,0.0,0.0,complete_hourly_ordered,/v1/candles/minutes/60,120,False,8.762886597938135,58.2,2026-09-03T08:00:00,63.3,2026-09-03T13:00:00,D-3,0.15797788309636074,1.9607843137254852,True,0.5369274600043772,4.454453151440994,3.7034148025903364,True,,-71.18155524073248,-100.0,0.05514815786727212,0.4769475357710773,0.0,0.032873109796183186,-0.02751094598281778,-0.0399967222331461,,-71.18155524073248,-100.0,0.05514815786727212,0.4769475357710773,0.0,0.032873109796183186,-0.02751094598281778,-0.0399967222331461,,-71.18155524073248,-100.0,0.05514815786727212,0.4769475357710773,0.0,0.032873109796183186,-0.02751094598281778,-0.0399967222331461,,-71.18155524073248,-100.0,0.05514815786727212,0.4769475357710773,0.0,0.032873109796183186,-0.02751094598281778,-0.0399967222331461,,,-100.0,0.0632728830459115,0.15847860538826808,0.0,0.010957703265401797,-0.009170076582596387,-0.013291173208392237,,-99.07633835313423,,0.23540050237740218,0.15847860538826808,0.0,0.010957703265401797,-0.009170076582596387,-0.013291173208392237,,-24699.998849616,-19999.999999536,0.05514815786727212,0.4769475357710773,0.0,0.032873109796183186,-0.02751094598281778,9999.999999919999,3713316.2674873173,0.0026930105812631683,0.15847860538826808,False,True,falling,falling,buy_only,accelerating,neutral,False,False,False,pass,S1,⚡ 선행 시동,가격 미급등 상태에서 선행조건 5개 개선,S2,True,가격 미급등 상태에서 선행조건 5개 개선,2026-09-06T08:57:39.324580+09:00,2026-09-05T23:40:00Z,33999614992-1
KRW-STORJ,2026-09-06T08:57:39.324580+09:00,1788652659,78.2,-47.25065370269105,6.0,1130833.8083608411,37971165.78002246,0.029781382402428107,41,0.0,complete,1788652800000,1788652961631,1148810.56419926,3392146.47130371,-0.4940227114163768,78.6,81.6,3.8167938931297662,-0.5089058524172962,4.166666666666656,113.33333333333317,complete_hourly_ordered,/v1/candles/minutes/60,120,False,30.75780089153046,67.3,2026-09-02T19:00:00,88.0,2026-09-03T09:00:00,D-3,12.272727272727268,52.173913043478215,False,1.9743435558227995,36.58905187389479,,True,-0.40218702704533044,-86.11075034312886,101.4586496230709,0.10084230940262984,1.1642949547218784,0.0,0.07015433954700168,-0.04016861191877297,,-0.40218702704533044,-86.11075034312886,101.4586496230709,0.10084230940262984,1.1642949547218784,0.0,0.07015433954700168,-0.04016861191877297,,-0.40218702704533044,-86.11075034312886,101.4586496230709,0.10084230940262984,1.1642949547218784,0.0,0.07015433954700168,-0.04016861191877297,,-0.40218702704533044,-86.11075034312886,101.4586496230709,0.10084230940262984,1.1642949547218784,0.0,0.07015433954700168,-0.04016861191877297,,-0.13233587765013802,-55.94217219394817,139.83219553980626,0.1148739660842395,1.4267185473411326,0.0,0.09019843656039583,-0.051646162876785695,,-0.520330305365492,28.148426466392664,2267.1146696831256,0.13405625553648548,1.4267185473411326,0.0,0.09019843656039583,-0.051646162876785695,,-0.40218702704533044,-7010958.126392144,19123046.89752895,0.10084230940262984,1.1642949547218784,0.0,0.07015433954700168,-0.04016861191877297,39101999.5883833,23721245.769596234,1.6483957026616511,1.4267185473411326,False,False,falling,rising,sell_advantage_accelerating,accelerating,neutral,False,True,False,pass,S0,🌱 초발사 준비,발사 구조 관찰 또는 초기 준비,S0,False,,,2026-09-05T23:40:00Z,33999614992-1
KRW-STRAX,2026-09-06T08:57:39.324580+09:00,1788652659,13.2,137.37703854224867,10.0,305198.29230765597,53101.000000109,5.747505551816905,8,0.0,complete,1788652811977,1788653025107,35040783.72281817,53283345.07746621,-0.2065410845534352,13.0,13.3,2.3076923076923217,1.538461538461533,0.7518796992481309,33.333333333333975,complete_hourly_ordered,/v1/candles/minutes/60,120,False,15.748031496062985,12.7,2026-09-01T11:00:00,14.7,2026-09-01T18:00:00,D-4,10.204081632653061,75.00000000000003,False,0.10219724067452862,11.930317504917113,,True,-33.30786086037424,-40.34730254586071,305.351145039,0.06266773821491256,0.0,0.0,0.0,0.0,,-33.30786086037424,-40.34730254586071,305.351145039,0.06266773821491256,0.0,0.0,0.0,0.0,,-33.30786086037424,-40.34730254586071,305.351145039,0.06266773821491256,0.0,0.0,0.0,0.0,,-33.30786086037424,-40.34730254586071,305.351145039,0.06266773821491256,0.0,0.0,0.0,0.0,,5.539343335521847,-18.600222088289087,-97.0518761533565,0.18257135373943356,0.0,0.0,0.0,0.0,,4.963159089030258,-90.48259611634606,-98.70118575723758,0.410093795849491,0.0,0.0,0.0,0.0,,-33.30786086037424,-206427.00769204804,40001.000000109,0.06266773821491256,0.0,0.0,0.0,0.0,358299.292307765,2521423.709532142,0.14210197633711016,0.0,False,False,falling,rising,buy_advantage_weakening,accelerating,neutral,True,True,False,🔴 1차 급등 완료·상승분 반납 / 신규매수 금지,S3,🔴 1차 급등 완료·반납,당일/5D 급등 후 상승분 상당 부분 반납,S4,True,당일/5D 급등 후 상승분 상당 부분 반납,2026-09-06T08:57:39.324580+09:00,2026-09-05T23:40:00Z,33999614992-1
KRW-STX,2026-09-06T08:57:39.324580+09:00,1788652659,367.0,-33.488872321997256,9.0,2321849.8487260807,468678.39485599997,4.954036444200638,12,0.0,complete,1788652854889,1788653019098,1058645.67803487,1450779.450551,-0.15626438424050856,362.0,374.0,3.3149171270718147,1.3812154696132506,1.8716577540106951,58.333333333333506,complete_hourly_ordered,/v1/candles/minutes/60,120,False,14.454277286135685,339.0,2026-09-01T17:00:00,388.0,2026-09-03T13:00:00,D-3,5.154639175257736,40.816326530612216,False,2.0743639921722012,-25.350716452882327,,True,3.794787977593537,-93.27912161597101,-98.42730911476055,0.2167614125412669,0.2732240437158362,0.0,0.019569471624247825,-0.020267041683080578,,3.794787977593537,-93.27912161597101,-98.42730911476055,0.2167614125412669,0.2732240437158362,0.0,0.019569471624247825,-0.020267041683080578,,3.794787977593537,-93.27912161597101,-98.42730911476055,0.2167614125412669,0.2732240437158362,0.0,0.019569471624247825,-0.020267041683080578,,3.794787977593537,-93.27912161597101,-98.42730911476055,0.2167614125412669,0.2732240437158362,0.0,0.019569471624247825,-0.020267041683080578,,4.911211822351226,-34.68772100668285,-99.43541520505237,0.4080428250077759,0.5479452054794498,0.0,0.039138943248517855,-0.040535301081305875,,3.5200011188331297,-93.46174634971807,-98.10738439122842,0.662775243767598,0.0,0.0,0.0,0.0,,3.794787977593537,-32224971.504916586,-29332371.46527848,0.2167614125412669,0.2732240437158362,0.0,0.019569471624247825,-0.020267041683080578,2790528.2435820806,81805704.59037092,0.034111658319614845,0.0,False,False,falling,falling,buy_advantage_accelerating,accelerating,neutral,False,True,False,pass,S0,🌱 초발사 준비,발사 구조 관찰 또는 초기 준비,S0,False,,,2026-09-05T23:40:00Z,33999614992-1
KRW-SUI,2026-09-06T08:57:39.324580+09:00,1788652659,1083.0,11.36902247838043,8.0,4832397.60205833,7852717.0218805,0.6153790577953501,27,0.0,complete,1788652835223,1788653087176,428589.74658505,267001.51989689,0.2323034150578362,1035.0,1109.0,7.149758454106281,4.637681159420293,2.3444544634806133,35.1351351351351,complete_hourly_ordered,/v1/candles/minutes/60,120,False,14.447884416924662,969.0,2026-09-02T19:00:00,1109.0,2026-09-06T04:00:00,D0,2.073940486925163,16.42857142857137,False,-0.4771471622300294,9.373771733615378,,False,-0.5141253270312584,-94.3746986413468,-89.67497760919436,0.5630587170649903,-0.6422018348623881,0.0,-0.04394776494224262,0.03548389597066581,,-0.5141253270312584,-94.3746986413468,-89.67497760919436,0.5630587170649903,-0.6422018348623881,0.0,-0.04394776494224262,0.03548389597066581,,-0.5141253270312584,-94.3746986413468,-89.67497760919436,0.5630587170649903,-0.6422018348623881,0.0,-0.04394776494224262,0.03548389597066581,,-0.5141253270312584,-94.3746986413468,-89.67497760919436,0.5630587170649903,-0.6422018348623881,0.0,-0.04394776494224262,0.03548389597066581,,0.24527177189520072,-80.41788476137361,-88.22273291340672,0.8615224190139372,-0.5509641873278182,0.0,-0.03766951280764763,0.03041498531791298,,-2.325478621879385,-92.62739077420072,-64.76676580673781,1.0712562907374537,-1.2762078395624377,0.0,-0.08161727774989025,0.06589583862731452,,-0.5141253270312584,-81072290.7685446,-68202488.71668798,0.5630587170649903,-0.6422018348623881,0.0,-0.04394776494224262,0.03548389597066581,12685114.623938829,170049577.01410085,0.07459656675821637,-1.2762078395624377,False,False,falling,falling,sell_advantage_accelerating,accelerating,neutral,False,False,False,pass,S0,🌱 초발사 준비,발사 구조 관찰 또는 초기 준비,S0,False,,,2026-09-05T23:40:00Z,33999614992-1
KRW-SUN,2026-09-06T08:57:39.324580+09:00,1788652659,23.0,-23.95777211041481,4.0,448930.50778218,700208.41765409,0.6411384045999232,14,0.0,complete,1788652951842,1788653065747,2710958.95200335,5012714.56670884,-0.2980130645254506,22.7,23.1,1.7621145374449476,1.3215859030837107,0.43290043290043906,25.0,complete_hourly_ordered,/v1/candles/minutes/60,120,False,5.4794520547945424,21.9,2026-09-02T19:00:00,23.1,2026-09-06T01:00:00,D0,0.43290043290044045,8.333333333333604,True,-0.48460661345496314,11.424040596257527,,False,,1409.4475044338826,,0.7753107953020226,0.4366812227074357,0.0,0.028506271379702408,-0.022564116863726724,,,1409.4475044338826,,0.7753107953020226,0.4366812227074357,0.0,0.028506271379702408,-0.022564116863726724,,,1409.4475044338826,,0.7753107953020226,0.4366812227074357,0.0,0.028506271379702408,-0.022564116863726724,,,1409.4475044338826,,0.7753107953020226,0.4366812227074357,0.0,0.028506271379702408,-0.022564116863726724,,0.6411384045999232,,3287.063069777446,1.7210253021840458,-0.43290043290044045,0.0,-0.028506271379691306,0.022562685629887724,,,,,1.7210253021840458,-0.43290043290044045,0.0,-0.028506271379691306,0.022562685629887724,,,419189.12847197,700208.41765409,0.7753107953020226,0.4366812227074357,0.0,0.028506271379702408,-0.022564116863726724,1149138.92543627,424309.732472368,2.7082549314635496,-0.43290043290044045,False,False,rising,rising,sell_advantage_weakening,accelerating,neutral,False,False,False,pass,S0,🌱 초발사 준비,발사 구조 관찰 또는 초기 준비,S0,False,,,2026-09-05T23:40:00Z,33999614992-1
KRW-SUPER,2026-09-06T08:57:39.324580+09:00,1788652659,160.0,-47.88233157864262,8.0,0.0,194999.99999847,0.0,1,0.0,complete,1788652810101,1788652810101,915747.21981687,912114.71495117,0.001987297178526234,155.0,160.0,3.2258064516129004,3.2258064516129004,0.0,0.0,complete_hourly_ordered,/v1/candles/minutes/60,120,False,10.344827586206895,145.0,2026-09-03T04:00:00,160.0,2026-09-04T06:00:00,D-2,0.6249999999999978,6.66666666666669,False,0.9226713532513253,-7.487131492746835,,False,,-100.0,,2.1294115275410164,0.6289308176100628,0.0,0.08787346221441616,-0.08102408663942029,,,-100.0,,2.1294115275410164,0.6289308176100628,0.0,0.08787346221441616,-0.08102408663942029,,,-100.0,,2.1294115275410164,0.6289308176100628,0.0,0.08787346221441616,-0.08102408663942029,,,-100.0,,2.1294115275410164,0.6289308176100628,0.0,0.08787346221441616,-0.08102408663942029,,,,,2.7035925181163165,1.2658227848101333,0.0,0.08787346221441616,-0.08102408663942029,,-7.7688157542241445,-100.0,3675.3275360947305,2.715057539269786,1.2658227848101333,0.0,0.08787346221441616,-0.08102408663942029,,,-5115502.37307585,194999.99999847,2.1294115275410164,0.6289308176100628,0.0,0.08787346221441616,-0.08102408663942029,194999.99999847,659330.2828752,0.29575465447774707,1.2658227848101333,False,False,falling,rising,sell_only,accelerating,neutral,False,False,False,pass,S0,🌱 초발사 준비,발사 구조 관찰 또는 초기 준비,S0,False,,,2026-09-05T23:40:00Z,33999614992-1
KRW-SYRUP,2026-09-06T08:57:39.324580+09:00,1788652659,293.0,229.09315799595947,8.0,1933975.55680189,0.0,,8,0.0,complete,1788652840073,1788653065348,540138.31691318,535494.89442445,0.004316919968430139,299.0,303.0,1.3377926421404673,-2.006688963210701,3.3003300330033,250.0,complete_hourly_ordered,/v1/candles/minutes/60,120,False,26.877470355731226,253.0,2026-09-01T17:00:00,321.0,2026-09-05T02:00:00,D-1,8.722741433021808,41.176470588235304,False,0.27302060064531286,-7.9564433161867845,,False,,-10.212160491172417,-100.0,0.6636193676960715,-0.3401360544217691,0.0,-0.024820054604113295,0.023115119298689812,,,-10.212160491172417,-100.0,0.6636193676960715,-0.3401360544217691,0.0,-0.024820054604113295,0.023115119298689812,,,-10.212160491172417,-100.0,0.6636193676960715,-0.3401360544217691,0.0,-0.024820054604113295,0.023115119298689812,,,-10.212160491172417,-100.0,0.6636193676960715,-0.3401360544217691,0.0,-0.024820054604113295,0.023115119298689812,,,-81.22879887879068,-100.0,1.118109499617617,0.3424657534246478,0.0,0.0248200546041355,-0.023116663549583194,,,5241.6774872489295,-100.0,1.8281068904476,1.384083044982698,0.0,0.09928021841647539,-0.09247592125125603,,,-219963.73762978986,-5553658.907851909,0.6636193676960715,-0.3401360544217691,0.0,-0.024820054604113295,0.023115119298689812,1933975.55680189,5089711.72681044,0.3799774251682129,1.384083044982698,False,False,falling,falling,buy_only,accelerating,neutral,False,False,False,pass,S0,🌱 초발사 준비,발사 구조 관찰 또는 초기 준비,S0,False,,,2026-09-05T23:40:00Z,33999614992-1
KRW-T,2026-09-06T08:57:39.324580+09:00,1788652659,5.93,9513.913242925028,10.0,73879.10193533389,1494883.9561551118,0.049421295633778325,8,0.0,complete,1788652802420,1788652826501,24658976.24049236,23080922.46293818,0.033055239336751745,5.9,6.08,3.050847457627115,0.5084745762711673,2.4671052631579005,83.33333333333394,complete_hourly_ordered,/v1/candles/minutes/60,120,False,70.30303030303028,4.95,2026-09-01T17:00:00,8.43,2026-09-02T20:00:00,D-4,29.77461447212336,72.1264367816092,False,0.6536753823384478,8.562785356152476,4.535056021758906,False,-0.15643537349477582,-97.25661134421313,-88.57284408344492,8.971122765877226,0.5084745762711673,0.0,0.06166748889986362,-0.049621327601743204,-0.05038229547915396,-0.15643537349477582,-97.25661134421313,-88.57284408344492,8.971122765877226,0.5084745762711673,0.0,0.06166748889986362,-0.049621327601743204,-0.05038229547915396,-0.15643537349477582,-97.25661134421313,-88.57284408344492,8.971122765877226,0.5084745762711673,0.0,0.06166748889986362,-0.049621327601743204,-0.05038229547915396,-0.15643537349477582,-97.25661134421313,-88.57284408344492,8.971122765877226,0.5084745762711673,0.0,0.06166748889986362,-0.049621327601743204,-0.05038229547915396,-2.059923340986697,-99.45099203764273,-76.56785428205701,10.04642763220545,0.5084745762711673,0.0,0.06166748889986362,-0.049621327601743204,-0.05038229547915396,-0.626826508869334,-99.31007133880433,-90.55947974624814,12.317984358236572,0.679117147707986,0.0,0.08633448445978242,-0.06947180471312464,-0.07068660465216858,-0.15643537349477582,-2619107.9737199554,-11586970.943447694,8.971122765877226,0.5084745762711673,0.0,0.06166748889986362,-0.049621327601743204,1568763.0580904456,59006004.329967394,0.026586498711517016,0.679117147707986,False,True,falling,falling,sell_advantage_accelerating,accelerating,neutral,True,True,False,🔴 1차 급등 완료·상승분 반납 / 신규매수 금지,S3,🔴 1차 급등 완료·반납,당일/5D 급등 후 상승분 상당 부분 반납,S3,False,,,2026-09-05T23:40:00Z,33999614992-1
KRW-TAIKO,2026-09-06T08:57:39.324580+09:00,1788652659,107.0,355.1924515650294,7.0,0.0,4479060.79664133,0.0,5,0.0,complete,1788652110895,1788652593481,1862452.36048921,3506567.816171,-0.30622262565318,109.0,110.0,0.917431192660545,-1.834862385321101,2.727272727272727,300.0000000000012,complete_hourly_ordered,/v1/candles/minutes/60,120,False,15.999999999999993,100.0,2026-09-02T19:00:00,116.0,2026-09-04T19:00:00,D-2,7.758620689655171,56.249999999999936,False,-0.0644288383480407,18.467219469887116,,False,-4.341960058853921,-100.0,1406.9737259770034,4.561455340235511,-0.92592592592593,0.0,0.0,0.0,,-4.341960058853921,-100.0,1406.9737259770034,4.561455340235511,-0.92592592592593,0.0,0.0,0.0,,-4.341960058853921,-100.0,1406.9737259770034,4.561455340235511,-0.92592592592593,0.0,0.0,0.0,,-4.341960058853921,-100.0,1406.9737259770034,4.561455340235511,-0.92592592592593,0.0,0.0,0.0,,-2.9861962174403147,-100.0,2135.3699299827786,4.6888826253644424,-0.92592592592593,0.0,0.0644288383480518,-0.047210430759474065,,0.0,,2122.2949164936394,4.716615202316802,0.9433962264151052,0.0,0.1288576766960925,-0.09442706631487141,,-4.341960058853921,-1290527.0174890799,4181838.5744199404,4.561455340235511,-0.92592592592593,0.0,0.0,0.0,4479060.79664133,4121596.6475166697,1.0867295321923456,0.9433962264151052,False,True,falling,rising,sell_only,accelerating,neutral,False,True,False,pass,S0,🌱 초발사 준비,발사 구조 관찰 또는 초기 준비,S0,False,,,2026-09-05T23:40:00Z,33999614992-1
KRW-TAO,2026-09-06T08:57:39.324580+09:00,1788652659,322800.0,-33.57601161212581,11.0,9187.186682000001,192042.007003,0.04783946400777036,3,0.0,complete,1788652816351,1788652868836,545.13307387,433.28624384,0.11431379982539448,307800.0,328900.0,6.85510071474984,4.873294346978563,1.8546670720583764,28.90995260663502,complete_hourly_ordered,/v1/candles/minutes/60,120,False,11.265223274695524,295600.0,2026-09-02T20:00:00,328900.0,2026-09-05T21:00:00,D-1,1.9154758285193085,18.918918918918916,False,0.15677585233804248,3.0931848806842113,4.2779510744981835,False,-0.2852770431028438,-99.80514674548262,-98.6431947579216,0.24926671162975111,0.3107520198881275,0.0,0.029264825769770297,-0.024886177862105008,-0.06430875068361441,-0.2852770431028438,-99.80514674548262,-98.6431947579216,0.24926671162975111,0.3107520198881275,0.0,0.029264825769770297,-0.024886177862105008,-0.06430875068361441,-0.2852770431028438,-99.80514674548262,-98.6431947579216,0.24926671162975111,0.3107520198881275,0.0,0.029264825769770297,-0.024886177862105008,-0.06430875068361441,-0.2852770431028438,-99.80514674548262,-98.6431947579216,0.24926671162975111,0.3107520198881275,0.0,0.029264825769770297,-0.024886177862105008,-0.06430875068361441,-0.40302574140776637,-99.92061267250698,-99.25181051962215,0.5704452690607837,0.49813200498132204,0.0,0.014632412884885149,-0.012442868721669775,-0.03204275451454208,-13.938602220777344,-99.90959470946501,-73.56892786553311,0.8316161296000857,0.248447204968949,0.0,0.025084136374076138,-0.021330901737060426,-0.05506697897578583,-0.2852770431028438,-4705738.773756999,-13961942.739461,0.24926671162975111,0.3107520198881275,0.0,0.029264825769770297,-0.024886177862105008,201229.193685,14093709.06265,0.014277944350240719,0.248447204968949,False,True,falling,falling,sell_advantage_accelerating,accelerating,neutral,False,False,False,pass,S0,🌱 초발사 준비,발사 구조 관찰 또는 초기 준비,S0,False,,,2026-09-05T23:40:00Z,33999614992-1
KRW-TFUEL,2026-09-06T08:57:39.324580+09:00,1788652659,13.0,-63.321514471295124,12.0,0.0,0.0,,0,0.0,complete,,,4986394.1560694,25341028.22710911,-0.671162679566519,12.7,13.0,2.3622047244094446,2.3622047244094446,0.0,0.0,complete_hourly_ordered,/v1/candles/minutes/60,120,False,9.243697478991585,11.9,2026-09-02T05:00:00,13.0,2026-09-05T19:00:00,D-1,0.0,0.0,True,0.5373455131649552,1.4939124712076362,1.255786715973624,False,,,,0.0015680971728428972,0.0,0.0,0.0,0.0,0.0,,,,0.0015680971728428972,0.0,0.0,0.0,0.0,0.0,,,,0.0015680971728428972,0.0,0.0,0.0,0.0,0.0,,,,0.0015680971728428972,0.0,0.0,0.0,0.0,0.0,,-100.0,,0.0015680971728428972,0.0,0.0,0.0,0.0,0.0,,-100.0,,0.16374818511868483,0.0,0.0,0.0,0.0,0.0,,0.0,0.0,0.0015680971728428972,0.0,0.0,0.0,0.0,0,508297.527027,0.0,0.0,False,False,flat_or_na,flat_or_na,unavailable,accelerating,neutral,False,False,False,pass,S0,🌱 초발사 준비,발사 구조 관찰 또는 초기 준비,S0,False,,,2026-09-05T23:40:00Z,33999614992-1
KRW-THETA,2026-09-06T08:57:39.324580+09:00,1788652659,245.0,-23.871053304400203,7.0,1082577.9999986,0.0,,2,0.0,complete,1788652270736,1788652659329,340411.59249815,428950.51646415,-0.11508095204405046,238.0,246.0,3.3613445378151363,2.941176470588225,0.40650406504065045,12.500000000000577,complete_hourly_ordered,/v1/candles/minutes/60,120,False,8.333333333333325,228.0,2026-09-02T22:00:00,247.0,2026-09-04T12:00:00,D-2,0.8097165991902799,10.526315789473717,False,-0.3818876159301654,-4.2869891129751885,,False,,-32.48494482407265,-100.0,0.4541864169580343,0.0,0.0,0.0,0.0,,,-32.48494482407265,-100.0,0.4541864169580343,0.0,0.0,0.0,0.0,,,-32.48494482407265,-100.0,0.4541864169580343,0.0,0.0,0.0,0.0,,,-32.48494482407265,-100.0,0.4541864169580343,0.0,0.0,0.0,0.0,,,,-100.0,0.7046030566143386,0.4098360655737654,0.0,0.027277686852156258,-0.024834476007950634,,,,,0.7096767089288285,0.4098360655737654,0.0,0.027277686852156258,-0.024834476007950634,,,-520883.6237498699,-674051.91636624,0.4541864169580343,0.0,0.0,0.0,0.0,1082577.9999986,1017408.191516995,1.0640547314489717,0.4098360655737654,False,False,falling,falling,buy_only,accelerating,neutral,False,False,False,pass,S0,🌱 초발사 준비,발사 구조 관찰 또는 초기 준비,S0,False,,,2026-09-05T23:40:00Z,33999614992-1
KRW-TIA,2026-09-06T08:57:39.324580+09:00,1788652659,520.0,108.43961470181168,9.0,0.0,1437796.10957631,0.0,3,0.0,complete,1788652801944,1788652801944,62560.535701,100584.65968352,-0.23306922335592065,480.0,527.0,9.791666666666664,8.333333333333325,1.3282732447817838,14.89361702127666,complete_hourly_ordered,/v1/candles/minutes/60,120,False,14.316702819956607,461.0,2026-09-01T18:00:00,527.0,2026-09-06T07:00:00,D0,1.8975332068311146,15.151515151515053,False,-0.27089259108763475,8.866713081147983,,False,-1.9506373730238358,-100.0,-62.4756961712881,6.810311850978636,-0.5736137667303964,0.0,-0.0406338886631441,0.03290015376780708,,-1.9506373730238358,-100.0,-62.4756961712881,6.810311850978636,-0.5736137667303964,0.0,-0.0406338886631441,0.03290015376780708,,-1.9506373730238358,-100.0,-62.4756961712881,6.810311850978636,-0.5736137667303964,0.0,-0.0406338886631441,0.03290015376780708,,-1.9506373730238358,-100.0,-62.4756961712881,6.810311850978636,-0.5736137667303964,0.0,-0.0406338886631441,0.03290015376780708,,-0.7236701414694213,-100.0,-77.09969403271799,7.1929345374812215,-0.7633587786259555,0.0,-0.0406338886631441,0.03290015376780708,,-2.707188458196437,-100.0,-43.145622818804654,8.733583604242526,0.5802707930367523,-1.0,0.040633888663133,-0.032903207996712425,,-1.9506373730238358,-7474139.5308228405,-2393843.5555843096,6.810311850978636,-0.5736137667303964,0.0,-0.0406338886631441,0.03290015376780708,1437796.10957631,1506522.642500895,0.9543806837111349,0.5802707930367523,False,True,falling,falling,sell_only,accelerating,neutral,False,False,False,pass,S0,🌱 초발사 준비,발사 구조 관찰 또는 초기 준비,S0,False,,,2026-09-05T23:40:00Z,33999614992-1
KRW-TOKAMAK,2026-09-06T08:57:39.324580+09:00,1788652659,450.0,-82.5546151213629,5.0,13486519.678810809,560206.9342013099,24.074174836908462,29,0.0,complete,1788651851619,1788652685825,111492.99641363,212674.05233567,-0.31212628276814797,437.0,452.0,3.4324942791762014,2.9748283752860427,0.4424778761061947,13.333333333333291,complete_hourly_ordered,/v1/candles/minutes/60,120,False,7.838479809976251,421.0,2026-09-02T11:00:00,454.0,2026-09-04T00:00:00,D-2,1.1013215859030812,15.151515151515193,False,0.36997071065207887,21.453668099223407,,True,24.074174836908462,,1011.8492595526003,0.2933469886574045,2.2727272727272707,0.0,0.12332357021735962,-0.08704404278270417,,24.074174836908462,,1011.8492595526003,0.2933469886574045,2.2727272727272707,0.0,0.12332357021735962,-0.08704404278270417,,24.074174836908462,,1011.8492595526003,0.2933469886574045,2.2727272727272707,0.0,0.12332357021735962,-0.08704404278270417,,24.074174836908462,,1011.8492595526003,0.2933469886574045,2.2727272727272707,0.0,0.12332357021735962,-0.08704404278270417,,,263772.4258686453,,0.29403765095432277,1.8099547511312153,0.0,0.09249267766300306,-0.06528106303209924,,,6517.289842419185,,0.2950093765689701,1.8099547511312153,0.0,0.09249267766300306,-0.06528106303209924,,24.074174836908462,13486519.678810809,509821.78267215996,0.2933469886574045,2.2727272727272707,0.0,0.12332357021735962,-0.08704404278270417,14046726.613012118,1559608.1788471248,9.006574089266174,1.8099547511312153,False,False,rising,rising,buy_advantage_accelerating,accelerating,neutral,False,False,False,pass,S0,🌱 초발사 준비,발사 구조 관찰 또는 초기 준비,S0,False,,,2026-09-05T23:40:00Z,33999614992-1
KRW-TOSHI,2026-09-06T08:57:39.324580+09:00,1788652659,0.166,18.93461828617149,11.0,0.0,493764.97005988023,0.0,3,0.0,complete,1788652969986,1788652969986,397439524.4850267,566276900.2785633,-0.17519404199731697,0.163,0.168,3.0674846625766916,1.8404907975460238,1.1904761904761914,39.99999999999971,complete_hourly_ordered,/v1/candles/minutes/60,120,False,7.594936708860756,0.158,2026-09-03T13:00:00,0.17,2026-09-04T02:00:00,D-2,2.941176470588236,41.66666666666662,False,-0.42619139868269595,7.345651194231652,9.164043866122206,False,,-100.0,,0.11878150414570499,0.0,0.0,0.0,0.0,0.0,,-100.0,,0.11878150414570499,0.0,0.0,0.0,0.0,0.0,,-100.0,,0.11878150414570499,0.0,0.0,0.0,0.0,0.0,,-100.0,,0.11878150414570499,0.0,0.0,0.0,0.0,0.0,-1.4029314014189265,-100.0,-92.53563703137382,0.7473006532338964,0.0,0.0,0.0,0.0,0.0,,,,1.858966629515212,0.0,0.0,0.0,0.0,0.0,,-66403.29885057246,493764.97005988023,0.11878150414570499,0.0,0.0,0.0,0.0,493764.97005988023,1262205.0225016929,0.39119236673709085,0.0,False,True,falling,rising,sell_only,accelerating,neutral,False,False,False,pass,S0,🌱 초발사 준비,발사 구조 관찰 또는 초기 준비,S0,False,,,2026-09-05T23:40:00Z,33999614992-1
KRW-TRAC,2026-09-06T08:57:39.324580+09:00,1788652659,447.0,,,2957650.21526316,7781832.410767119,0.38007117850172256,23,0.0,complete,1788651909456,1788652666890,99151.599002,93294.59054763,0.03043452545398173,450.0,459.0,2.0000000000000018,-0.666666666666671,2.6143790849673203,133.3333333333335,complete_hourly_ordered,/v1/candles/minutes/60,120,False,8.23798627002288,437.0,2026-09-03T11:00:00,473.0,2026-09-03T23:00:00,D-3,5.708245243128962,74.99999999999993,False,,,,False,-0.1403943793774155,-2.4929377072399728,33.525166979024725,,-1.106194690265483,,,,,-0.1403943793774155,-2.4929377072399728,33.525166979024725,,-1.106194690265483,,,,,-0.1403943793774155,-2.4929377072399728,33.525166979024725,,-1.106194690265483,,,,,-0.1403943793774155,-2.4929377072399728,33.525166979024725,,-1.106194690265483,,,,,0.25448985551512704,228.30431881263274,8.476761803491017,,-0.22321428571429047,,,,,0.38007117850172256,,22133.806887499493,,-1.106194690265483,,,,,-0.1403943793774155,-75617.47398683988,1953843.13591412,,-1.106194690265483,,,,10739482.62603028,1118155.3466859502,9.604642733999837,-1.106194690265483,False,False,falling,rising,sell_advantage_accelerating,flat_or_na,neutral,False,False,False,pass,S0,🌱 초발사 준비,발사 구조 관찰 또는 초기 준비,S0,False,,,2026-09-05T23:40:00Z,33999614992-1
KRW-TREE,2026-09-06T08:57:39.324580+09:00,1788652659,58.3,-46.14614469856547,8.0,2255953.235713442,10539264.478083458,0.21405224628385852,25,0.0,complete,1788651865467,1788652504138,1017276.29863681,1610080.99430511,-0.2256277428505056,57.0,58.9,3.3333333333333215,2.28070175438595,1.018675721561972,31.57894736842126,complete_hourly_ordered,/v1/candles/minutes/60,120,False,10.922787193973637,53.1,2026-09-02T03:00:00,58.9,2026-09-05T22:00:00,D-1,1.018675721561968,10.344827586206987,False,0.6058358061325597,18.65542018119337,,True,-0.0805528433811645,562.0400158714835,811.1810860373085,0.11577312653958671,-0.5119453924914752,0.0,-0.02472799208703691,0.017960323895206187,,-0.0805528433811645,562.0400158714835,811.1810860373085,0.11577312653958671,-0.5119453924914752,0.0,-0.02472799208703691,0.017960323895206187,,-0.0805528433811645,562.0400158714835,811.1810860373085,0.11577312653958671,-0.5119453924914752,0.0,-0.02472799208703691,0.017960323895206187,,-0.0805528433811645,562.0400158714835,811.1810860373085,0.11577312653958671,-0.5119453924914752,0.0,-0.02472799208703691,0.017960323895206187,,0.21405224628385852,,106014.5122113921,0.12408164868887894,-0.171232876712335,0.0,-0.012363996043518455,0.008980274163153723,,0.21313142006652344,12601.131132421555,-45.36130902810034,0.2620086464681606,-0.171232876712335,0.0,-0.02472799208703691,0.017960323895206187,,-0.0805528433811645,1915195.3990827068,9382604.771293635,0.11577312653958671,-0.5119453924914752,0.0,-0.02472799208703691,0.017960323895206187,12795217.713796899,8867074.898677863,1.4430032293631292,-0.171232876712335,False,False,rising,rising,sell_advantage_accelerating,accelerating,neutral,False,False,False,pass,S0,🌱 초발사 준비,발사 구조 관찰 또는 초기 준비,S0,False,,,2026-09-05T23:40:00Z,33999614992-1
KRW-TRUMP,2026-09-06T08:57:39.324580+09:00,1788652659,3234.0,-69.25487458914091,9.0,0.0,326552.76922944,0.0,1,0.0,complete,1788652800691,1788652800691,103508.84739828,110774.23998944,-0.033905581069093534,3156.0,3351.0,6.178707224334601,2.471482889733845,3.491495076096687,59.99999999999993,complete_hourly_ordered,/v1/candles/minutes/60,120,False,16.081081081081084,2960.0,2026-09-03T02:00:00,3436.0,2026-09-04T02:00:00,D-2,5.820721769499415,42.016806722689054,True,1.3852778680532918,-23.961431241191335,,True,-1.1181539091098673,-100.0,-99.57688373733171,0.09446940807518445,0.061881188118806385,1.0,0.028436789080266145,-0.02938276115956029,,-1.1181539091098673,-100.0,-99.57688373733171,0.09446940807518445,0.061881188118806385,1.0,0.028436789080266145,-0.02938276115956029,,-1.1181539091098673,-100.0,-99.57688373733171,0.09446940807518445,0.061881188118806385,1.0,0.028436789080266145,-0.02938276115956029,,-1.1181539091098673,-100.0,-99.57688373733171,0.09446940807518445,0.061881188118806385,1.0,0.028436789080266145,-0.02938276115956029,,-0.49703338888143683,-100.0,-99.73090241245937,0.1322870406969514,0.0,1.0,0.016249593760142567,-0.01678983648871224,,-0.593998976109053,-100.0,-99.6960820035963,0.17216800733061177,-0.7366482504604033,0.0,-0.030467988300308946,0.03147869576174145,,-1.1181539091098673,-86296908.83113284,-76851470.87139042,0.09446940807518445,0.061881188118806385,1.0,0.028436789080266145,-0.02938276115956029,326552.76922944,348879153.26897335,0.0009360053937578767,-0.7366482504604033,False,False,falling,falling,sell_only,accelerating,neutral,False,True,False,pass,S0,🌱 초발사 준비,발사 구조 관찰 또는 초기 준비,S0,False,,,2026-09-05T23:40:00Z,33999614992-1
KRW-TRUST,2026-09-06T08:57:39.324580+09:00,1788652659,76.8,-29.438299100334753,8.0,1401785.599999488,0.0,,5,0.0,complete,1788651792295,1788652240114,614678.6062184,856175.51203224,-0.16418821065753575,74.7,76.8,2.8112449799196693,2.8112449799196693,0.0,0.0,complete_hourly_ordered,/v1/candles/minutes/60,120,False,9.206798866855515,70.6,2026-09-02T10:00:00,77.1,2026-09-04T09:00:00,D-2,0.3891050583657574,4.6153846153844,False,0.018343575162793613,9.081434854200959,,True,,4584.85065277737,,0.15990774771149674,0.7874015748031482,0.0,0.05503072548838084,-0.04434160804940923,,,4584.85065277737,,0.15990774771149674,0.7874015748031482,0.0,0.05503072548838084,-0.04434160804940923,,,4584.85065277737,,0.15990774771149674,0.7874015748031482,0.0,0.05503072548838084,-0.04434160804940923,,,4584.85065277737,,0.15990774771149674,0.7874015748031482,0.0,0.05503072548838084,-0.04434160804940923,,,,-100.0,0.15990774771149674,0.7874015748031482,0.0,0.05503072548838084,-0.04434160804940923,,,,,0.1600955465316254,0.6553079947575258,0.0,0.04585893790698403,-0.03695095492679634,,,1371863.9289816841,0.0,0.15990774771149674,0.7874015748031482,0.0,0.05503072548838084,-0.04434160804940923,1401785.599999488,1678453.5719602439,0.835164953870223,0.6553079947575258,False,False,rising,flat_or_na,buy_only,accelerating,neutral,False,False,False,pass,S0,🌱 초발사 준비,발사 구조 관찰 또는 초기 준비,S0,False,,,2026-09-05T23:40:00Z,33999614992-1
KRW-TRX,2026-09-06T08:57:39.324580+09:00,1788652659,456.0,6.508992852671547,5.0,10889105.12691384,3909758.75777305,2.7851092104506567,24,0.0,complete,1788651916044,1788652759164,913723.9413577,1650971.70430054,-0.28746013749854604,454.0,458.0,0.8810572687224738,0.4405286343612369,0.43668122270742354,50.0,complete_hourly_ordered,/v1/candles/minutes/60,120,False,3.619909502262453,442.0,2026-09-02T12:00:00,458.0,2026-09-06T01:00:00,D0,0.4366812227074246,12.499999999999924,False,-0.24404249210450146,5.06019981214243,,False,2.701176565526892,238.31017701685116,-89.80461238105029,1.2371822063479643,0.0,0.0,-0.014355440712021661,0.0120407848864712,,2.701176565526892,238.31017701685116,-89.80461238105029,1.2371822063479643,0.0,0.0,-0.014355440712021661,0.0120407848864712,,2.701176565526892,238.31017701685116,-89.80461238105029,1.2371822063479643,0.0,0.0,-0.014355440712021661,0.0120407848864712,,2.701176565526892,238.31017701685116,-89.80461238105029,1.2371822063479643,0.0,0.0,-0.014355440712021661,0.0120407848864712,,1.987042215447716,267.1936301980875,5.218537189423622,1.6619790701666526,0.0,0.0,-0.014355440712021661,0.0120407848864712,,1.5605216994539288,259.1976210832514,57.935968581680754,2.48573874689757,-0.2188183807439792,0.0,-0.014355440712021661,0.0120407848864712,,2.701176565526892,7670430.11603131,-34438550.339432396,1.2371822063479643,0.0,0.0,-0.014355440712021661,0.0120407848864712,14798863.884686891,16011234.46631958,0.924280005755773,-0.2188183807439792,False,False,rising,falling,buy_advantage_accelerating,accelerating,leading_buy_inflow,False,False,False,pass,S0,🌱 초발사 준비,발사 구조 관찰 또는 초기 준비,S0,False,,,2026-09-05T23:40:00Z,33999614992-1
KRW-UNI,2026-09-06T08:57:39.324580+09:00,1788652659,9620.0,158.00302402856863,6.0,110856278.85786864,30346724.197754104,3.6529899614691486,137,0.0,complete,1788651765316,1788652727456,21700.81935536,27886.59502712,-0.12474487223809622,8470.0,9880.0,16.6469893742621,13.577331759149946,2.631578947368421,18.439716312056696,complete_hourly_ordered,/v1/candles/minutes/60,120,False,37.98882681564246,7160.0,2026-09-01T11:00:00,9880.0,2026-09-06T05:00:00,D0,2.631578947368418,9.558823529411784,False,3.85516299043529,-36.02676816582458,,True,3.0904863883513736,367.13177095214576,-28.06898101309354,1.0991113665700993,-0.6198347107438051,0.0,-0.05855943782939743,0.06365201190975256,,3.0904863883513736,367.13177095214576,-28.06898101309354,1.0991113665700993,-0.6198347107438051,0.0,-0.05855943782939743,0.06365201190975256,,3.0904863883513736,367.13177095214576,-28.06898101309354,1.0991113665700993,-0.6198347107438051,0.0,-0.05855943782939743,0.06365201190975256,,3.0904863883513736,367.13177095214576,-28.06898101309354,1.0991113665700993,-0.6198347107438051,0.0,-0.05855943782939743,0.06365201190975256,,3.0814108354300984,269.11150638901455,-42.24554831573085,1.7663384736233354,0.0,0.0,-0.048799531524479356,0.05304419077457112,,3.3093663122427435,913.8523843030271,-4.630546553435999,2.348269541112302,-1.130524152106882,0.0,-0.12687878196369073,0.13789726964290594,,3.0904863883513736,87125013.77351944,-11841923.516631942,1.0991113665700993,-0.6198347107438051,0.0,-0.05855943782939743,0.06365201190975256,141203003.05562276,95221480.4561297,1.4828902300114688,-1.130524152106882,False,False,rising,falling,buy_advantage_accelerating,accelerating,leading_buy_inflow,False,False,False,pass,S0,🌱 초발사 준비,발사 구조 관찰 또는 초기 준비,S0,False,,,2026-09-05T23:40:00Z,33999614992-1
KRW-UP2,2026-09-06T08:57:39.324580+09:00,1788652659,72.1,,,1864350.5548051952,451668.6587399,4.127695200296837,33,0.0,complete,1788652034847,1788652715292,634646.46559335,872265.33094708,-0.1576859812891874,71.4,72.5,1.540616246498594,0.9803921568627194,0.5517241379310424,36.3636363636378,complete_hourly_ordered,/v1/candles/minutes/60,120,False,7.959479015918958,69.1,2026-09-03T18:00:00,74.6,2026-09-04T09:00:00,D-2,3.351206434316356,45.45454545454545,True,,,,False,4.127695200296837,,-77.06266812290619,,0.41782729805013297,,,,,4.127695200296837,,-77.06266812290619,,0.41782729805013297,,,,,4.127695200296837,,-77.06266812290619,,0.41782729805013297,,,,,4.127695200296837,,-77.06266812290619,,0.41782729805013297,,,,,,59.83914961115629,,,0.41782729805013297,,,,,-0.5291749499326412,-51.322002823341876,-45.081431398172946,,0.8391608391608241,,,,,4.127695200296837,1864350.5548051952,-1517473.44183264,,0.41782729805013297,,,,2316019.213545095,1982778.2181792106,1.1680677104027806,0.8391608391608241,False,False,rising,falling,buy_advantage_accelerating,flat_or_na,neutral,False,False,False,pass,S0,🌱 초발사 준비,발사 구조 관찰 또는 초기 준비,S0,False,,,2026-09-05T23:40:00Z,33999614992-1
KRW-USD1,2026-09-06T08:57:39.324580+09:00,1788652659,1366.0,-16.55961474545706,5.0,46007.32597168,9948.979581450001,4.624326102494093,6,0.0,complete,1788651960624,1788652657264,37945.21030498,35454.83690657,0.033928771070573904,1371.0,1372.0,0.07293946024800047,-0.364697301239969,0.43731778425655976,599.9999999999543,complete_hourly_ordered,/v1/candles/minutes/60,120,False,0.9454545454545382,1375.0,2026-09-01T04:00:00,1388.0,2026-09-02T07:00:00,D-4,1.5850144092218965,169.23076923076948,False,-0.04345726702077446,5.612803209921586,,True,,-90.89144209598167,,0.40993053586243633,-0.0731528895391409,-2.0,-0.009657170449062225,0.008043096390140114,,,-90.89144209598167,,0.40993053586243633,-0.0731528895391409,-2.0,-0.009657170449062225,0.008043096390140114,,,-90.89144209598167,,0.40993053586243633,-0.0731528895391409,-2.0,-0.009657170449062225,0.008043096390140114,,,-90.89144209598167,,0.40993053586243633,-0.0731528895391409,-2.0,-0.009657170449062225,0.008043096390140114,,,130.03662998146956,,0.6678458712171569,-0.0731528895391409,-2.0,-0.009657170449062225,0.008043096390140114,,,336.8828878502229,,0.7489900726568663,-0.0731528895391409,0.0,0.009657170449051122,-0.00804327975660879,,,-459092.67401167,9948.979581450001,0.40993053586243633,-0.0731528895391409,-2.0,-0.009657170449062225,0.008043096390140114,55956.305553130005,39999.99996344,1.3989076401068516,-0.0731528895391409,False,False,falling,rising,buy_advantage_weakening,accelerating,neutral,False,False,False,pass,S0,🌱 초발사 준비,발사 구조 관찰 또는 초기 준비,S0,False,,,2026-09-05T23:40:00Z,33999614992-1
KRW-USDC,2026-09-06T08:57:39.324580+09:00,1788652659,1364.0,-55.98383645635157,5.0,0.0,9948.94237128,0.0,1,0.0,complete,1788652333733,1788652333733,271736.34254933,141138.47036773,0.3163134880011075,1369.0,1372.0,0.21913805697588717,-0.36523009495982306,0.5830903790087464,266.6666666666717,complete_hourly_ordered,/v1/candles/minutes/60,120,False,0.8720930232558155,1376.0,2026-09-01T09:00:00,1388.0,2026-09-02T03:00:00,D-4,1.729106628242072,200.0,False,-0.04349507055867452,5.66745531769334,,True,-260.1197017260972,-100.0,27.861458602862264,0.1193924818243488,0.07336757153337814,0.0,-0.009665571235262238,0.008046058085691143,,-260.1197017260972,-100.0,27.861458602862264,0.1193924818243488,0.07336757153337814,0.0,-0.009665571235262238,0.008046058085691143,,-260.1197017260972,-100.0,27.861458602862264,0.1193924818243488,0.07336757153337814,0.0,-0.009665571235262238,0.008046058085691143,,-260.1197017260972,-100.0,27.861458602862264,0.1193924818243488,0.07336757153337814,0.0,-0.009665571235262238,0.008046058085691143,,-8.442953981909723,-100.0,-93.81592600401606,0.16017713553868163,0.07336757153337814,0.0,0.004832785617625568,-0.004023097850210711,,,-100.0,,0.2174638403174214,-0.073260073260073,0.0,-0.00483278561763667,0.004023051978372827,,-260.1197017260972,-2023999.9999887,2167.9093062800002,0.1193924818243488,0.07336757153337814,0.0,-0.009665571235262238,0.008046058085691143,9948.94237128,4003410.04601858,0.0024851170019854186,-0.073260073260073,False,False,falling,rising,sell_only,accelerating,neutral,False,False,False,pass,S0,🌱 초발사 준비,발사 구조 관찰 또는 초기 준비,S0,False,,,2026-09-05T23:40:00Z,33999614992-1
KRW-USDE,2026-09-06T08:57:39.324580+09:00,1788652659,1364.0,-21.442127899410536,5.0,0.0,9934.45010316,0.0,1,0.0,complete,1788652331131,1788652331131,50910.9288128,20308.91190494,0.4296838717899212,1372.0,1372.0,0.0,-0.5830903790087438,0.5830903790087464,,complete_hourly_ordered,/v1/candles/minutes/60,120,False,2.2760646108663796,1362.0,2026-08-30T12:00:00,1393.0,2026-08-31T08:00:00,D-4,2.081837760229721,93.54838709677416,True,-0.0821652972450404,5.688868613138679,,False,,-100.0,,0.23926702685511358,0.0,0.0,0.0,0.0,,,-100.0,,0.23926702685511358,0.0,0.0,0.0,0.0,,,-100.0,,0.23926702685511358,0.0,0.0,0.0,0.0,,,-100.0,,0.23926702685511358,0.0,0.0,0.0,0.0,,,-100.0,,1.1756856573525098,0.0,0.0,0.0,0.0,,,,,1.4077871808847995,0.0,0.0,0.0,0.0,,,-754514.8941180401,9934.45010316,0.23926702685511358,0.0,0.0,0.0,0.0,9934.45010316,179736.64959705,0.05527225596689353,0.0,False,False,falling,rising,sell_only,accelerating,neutral,False,False,False,pass,S0,🌱 초발사 준비,발사 구조 관찰 또는 초기 준비,S0,False,,,2026-09-05T23:40:00Z,33999614992-1
KRW-USDG,2026-09-06T08:57:39.324580+09:00,1788652659,1383.0,,,94347.82608375,0.0,,2,0.0,complete,1788652224909,1788652224909,58038.23478511,318211.24614828,-0.6914906851638427,1384.0,1384.0,0.0,-0.07225433526011349,0.0722543352601156,,complete_hourly_ordered,/v1/candles/minutes/60,120,False,7.4943224829674415,1321.0,2026-08-28T14:00:00,1420.0,2026-09-02T23:00:00,D-4,2.605633802816898,37.3737373737373,False,,,,True,,1786.9565254489128,,,0.07235890014472002,,,,,,1786.9565254489128,,,0.07235890014472002,,,,,,1786.9565254489128,,,0.07235890014472002,,,,,,1786.9565254489128,,,0.07235890014472002,,,,,,,,,1.6164584864070575,,,,,,,,,1.6164584864070575,,,,,,89347.82609375,0.0,,0.07235890014472002,,,,94347.82608375,233653.96612296,0.4037929578053882,1.6164584864070575,False,False,rising,flat_or_na,buy_only,flat_or_na,neutral,False,False,False,pass,S0,🌱 초발사 준비,발사 구조 관찰 또는 초기 준비,S0,False,,,2026-09-05T23:40:00Z,33999614992-1
KRW-USDS,2026-09-06T08:57:39.324580+09:00,1788652659,1372.0,-54.966688946778895,7.0,0.0,9999.99998956,0.0,2,0.0,complete,1788652332445,1788652647001,46202.10840357,11983.20224696,0.588102147673217,1369.0,1376.0,0.511322132943759,0.21913805697588717,0.29069767441860467,57.14285714285901,complete_hourly_ordered,/v1/candles/minutes/60,120,False,1.753104455807164,1369.0,2026-09-04T09:00:00,1393.0,2026-09-04T11:00:00,D-2,1.5075376884422065,87.50000000000048,False,-0.03382949932341228,5.648113304368647,,False,,,,0.024410054331880815,-0.29069767441860517,0.0,-0.019331142470524476,0.016093234809383183,,,,,0.024410054331880815,-0.29069767441860517,0.0,-0.019331142470524476,0.016093234809383183,,,,,0.024410054331880815,-0.29069767441860517,0.0,-0.019331142470524476,0.016093234809383183,,,,,0.024410054331880815,-0.29069767441860517,0.0,-0.019331142470524476,0.016093234809383183,,,,,0.024410054331880815,-0.29069767441860517,0.0,-0.019331142470524476,0.016093234809383183,,,,,0.024410054331880815,-0.29069767441860517,0.0,-0.019331142470524476,0.016093234809383183,,,0.0,9999.99998956,0.024410054331880815,-0.29069767441860517,0.0,-0.019331142470524476,0.016093234809383183,9999.99998956,382925.357247305,0.026114750042791478,-0.29069767441860517,False,False,flat_or_na,rising,sell_only,accelerating,neutral,False,False,False,pass,S0,🌱 초발사 준비,발사 구조 관찰 또는 초기 준비,S0,False,,,2026-09-05T23:40:00Z,33999614992-1
KRW-USDT,2026-09-06T08:57:39.324580+09:00,1788652659,1364.0,-43.291156681544216,5.0,205709949.2249257,164009195.16561976,1.2542586348112719,174,0.0,complete,1788651760632,1788652696117,9971162.0513041,9607502.45034626,0.018574280228724815,1371.0,1371.0,0.0,-0.5105762217359588,0.5105762217359592,,complete_hourly_ordered,/v1/candles/minutes/60,120,False,0.8720930232558155,1376.0,2026-09-01T09:00:00,1388.0,2026-09-02T03:00:00,D-4,1.6570605187319898,191.66666666666603,False,-0.03383276945384539,5.6346381969157875,,True,1.1273484257061577,562.7456009590111,-32.9411171932186,0.16886616121498577,0.0,0.0,0.0,0.0,,1.1273484257061577,562.7456009590111,-32.9411171932186,0.16886616121498577,0.0,0.0,0.0,0.0,,1.1273484257061577,562.7456009590111,-32.9411171932186,0.16886616121498577,0.0,0.0,0.0,0.0,,1.1273484257061577,562.7456009590111,-32.9411171932186,0.16886616121498577,0.0,0.0,0.0,0.0,,0.8794553385237507,362.8224907066432,38.30273142903427,0.2371951468593707,-0.073260073260073,0.0,0.00483325277911284,-0.004024310284385102,,0.0791841547588421,-11.201790331838913,-16.8078200465395,0.30074560255997085,0.0,0.0,0.00483325277911284,-0.004024310284385102,,1.1273484257061577,174670897.59979868,-80565704.2376166,0.16886616121498577,0.0,0.0,0.0,0.0,369719144.3905455,642513416.3713015,0.5754263412561782,0.0,False,False,rising,falling,buy_advantage_accelerating,accelerating,leading_buy_inflow,False,False,False,pass,S0,🌱 초발사 준비,발사 구조 관찰 또는 초기 준비,S0,False,,,2026-09-05T23:40:00Z,33999614992-1
KRW-VANA,2026-09-06T08:57:39.324580+09:00,1788652659,1289.0,648.3930688844523,7.0,11859.439276199999,2889792.78534184,0.004103906458745318,8,0.0,complete,1788652835754,1788652866990,84374.61548346,39555.97760242,0.36164305168766603,1303.0,1306.0,0.23023791250960102,-1.074443591711438,1.3016845329249618,566.6666666666522,complete_hourly_ordered,/v1/candles/minutes/60,120,False,18.55241264559069,1202.0,2026-09-03T00:00:00,1425.0,2026-09-04T16:00:00,D-2,9.473684210526311,60.5381165919283,True,-0.4592305337279279,22.70539057392476,,False,-0.3534998402023877,-99.76827506152112,-79.80809089391335,2.6303198360220676,0.546021840873645,0.0,0.035717930401069076,-0.02505652638678768,,-0.3534998402023877,-99.76827506152112,-79.80809089391335,2.6303198360220676,0.546021840873645,0.0,0.035717930401069076,-0.02505652638678768,,-0.3534998402023877,-99.76827506152112,-79.80809089391335,2.6303198360220676,0.546021840873645,0.0,0.035717930401069076,-0.02505652638678768,,-0.3534998402023877,-99.76827506152112,-79.80809089391335,2.6303198360220676,0.546021840873645,0.0,0.035717930401069076,-0.02505652638678768,,-0.012266378041243552,-74.35020487023098,2.3157929796288057,3.149013195791099,0.4676539360872978,0.0,0.03061536891518779,-0.02147691624373138,,-1.3639529837663062,-99.85899689728869,-52.99593980845745,3.7606877848676277,0.7031250000000044,0.0,0.04592305337278724,-0.03221585305109542,,-0.3534998402023877,-5106035.662584401,-11421844.46579228,2.6303198360220676,0.546021840873645,0.0,0.035717930401069076,-0.02505652638678768,2901652.2246180396,9866315.6660606,0.29409683643100026,0.7031250000000044,False,True,falling,falling,sell_advantage_accelerating,accelerating,neutral,True,True,False,🔴 1차 급등 완료·상승분 반납 / 신규매수 금지,S3,🔴 1차 급등 완료·반납,당일/5D 급등 후 상승분 상당 부분 반납,S3,False,,,2026-09-05T23:40:00Z,33999614992-1
KRW-VET,2026-09-06T08:57:39.324580+09:00,1788652659,9.48,-85.04159594211609,9.0,0.0,3552017.942880724,0.0,3,0.0,complete,1788652802341,1788652830143,4615553.12797548,15357594.88547587,-0.5378241702442665,9.36,9.55,2.029914529914545,1.2820512820512997,0.7329842931937203,36.84210526315749,complete_hourly_ordered,/v1/candles/minutes/60,120,False,7.909604519774027,8.85,2026-09-03T10:00:00,9.55,2026-09-05T10:00:00,D-1,0.942408376963344,12.85714285714291,True,1.2167643082469537,-14.305101997540184,,True,,-100.0,,0.08327040420144272,-0.3154574132492094,0.0,-0.015021781583279825,0.014540064420426546,,,-100.0,,0.08327040420144272,-0.3154574132492094,0.0,-0.015021781583279825,0.014540064420426546,,,-100.0,,0.08327040420144272,-0.3154574132492094,0.0,-0.015021781583279825,0.014540064420426546,,,-100.0,,0.08327040420144272,-0.3154574132492094,0.0,-0.015021781583279825,0.014540064420426546,,0.0,,20.897831633699315,0.11191778649005357,0.10559662090812161,0.0,0.007510890791673219,-0.007270263457595405,,,,,0.1876379896357463,0.0,0.0,0.0,0.0,,,-3027210.094486478,3552017.942880724,0.08327040420144272,-0.3154574132492094,0.0,-0.015021781583279825,0.014540064420426546,3552017.942880724,3827732.0948156402,0.927969318357377,0.0,False,False,falling,rising,sell_only,accelerating,neutral,False,False,False,pass,S0,🌱 초발사 준비,발사 구조 관찰 또는 초기 준비,S0,False,,,2026-09-05T23:40:00Z,33999614992-1
KRW-VIRTUAL,2026-09-06T08:57:39.324580+09:00,1788652659,936.0,3.829769216787593,7.0,2123737.6261700196,19741348.4271155,0.10757814411770295,31,0.0,complete,1788651844196,1788652745354,320293.95548723,247867.21319386,0.12747569930113134,905.0,955.0,5.524861878453047,3.4254143646408775,1.9895287958115182,38.00000000000021,complete_hourly_ordered,/v1/candles/minutes/60,120,False,8.064516129032251,930.0,2026-09-01T10:00:00,1005.0,2026-09-01T14:00:00,D-4,6.567164179104479,87.99999999999989,False,-0.3476482617586929,-5.033813214545524,,True,-1.7153805923286103,-80.22756681705165,235.05253420453144,0.33241939212609317,-0.7423117709437932,0.0,-0.02044989775050743,0.018723830806967712,,-1.7153805923286103,-80.22756681705165,235.05253420453144,0.33241939212609317,-0.7423117709437932,0.0,-0.02044989775050743,0.018723830806967712,,-1.7153805923286103,-80.22756681705165,235.05253420453144,0.33241939212609317,-0.7423117709437932,0.0,-0.02044989775050743,0.018723830806967712,,-1.7153805923286103,-80.22756681705165,235.05253420453144,0.33241939212609317,-0.7423117709437932,0.0,-0.02044989775050743,0.018723830806967712,,-0.7348033530200293,-88.70182760835294,-11.530623136770824,0.5355153204326335,-1.0570824524312905,0.0,-0.06134969325154449,0.05616846583092805,,-2.8158468790864815,-95.73470521811072,15.908947853520793,0.8584518080124948,-1.2658227848101222,0.0,-0.06134969325154449,0.05616846583092805,,-1.7153805923286103,-8617164.146109179,13849332.57533732,0.33241939212609317,-0.7423117709437932,0.0,-0.02044989775050743,0.018723830806967712,21865086.05328552,25531770.419969328,0.8563873829988711,-1.2658227848101222,False,False,falling,rising,sell_advantage_accelerating,accelerating,neutral,False,False,False,pass,S0,🌱 초발사 준비,발사 구조 관찰 또는 초기 준비,S0,False,,,2026-09-05T23:40:00Z,33999614992-1
KRW-VTHO,2026-09-06T08:57:39.324580+09:00,1788652659,0.565,-75.42234296850509,11.0,110017.6991150387,0.0,,3,0.0,complete,1788652953173,1788653012812,78022786.82360262,179900247.30887598,-0.39499171071686995,0.552,0.569,3.0797101449275166,2.355072463768093,0.7029876977152907,23.529411764706136,complete_hourly_ordered,/v1/candles/minutes/60,120,False,8.587786259541975,0.524,2026-09-03T06:00:00,0.569,2026-09-06T00:00:00,D0,0.5272407732864637,6.666666666666739,True,0.5936920222634479,8.09390626324264,6.431843239775283,True,,,,0.16914708225409925,0.17730496453900457,0.0,0.012368583797162103,-0.01000231528913531,-0.018201828262585096,,,,0.16914708225409925,0.17730496453900457,0.0,0.012368583797162103,-0.01000231528913531,-0.018201828262585096,,,,0.16914708225409925,0.17730496453900457,0.0,0.012368583797162103,-0.01000231528913531,-0.018201828262585096,,,,0.16914708225409925,0.17730496453900457,0.0,0.012368583797162103,-0.01000231528913531,-0.018201828262585096,,,,0.16943776561926427,0.7130124777183333,0.0,0.049474335188626206,-0.04001095670370347,-0.07315987465626428,,,,0.16943776561926427,0.7130124777183333,0.0,0.049474335188626206,-0.04001095670370347,-0.07315987465626428,,110017.6991150387,0.0,0.16914708225409925,0.17730496453900457,0.0,0.012368583797162103,-0.01000231528913531,110017.6991150387,618838.3605848816,0.17778099439578676,0.7130124777183333,False,True,rising,flat_or_na,buy_only,accelerating,neutral,False,False,False,pass,S1,⚡ 선행 시동,가격 미급등 상태에서 선행조건 5개 개선,S1,False,,,2026-09-05T23:40:00Z,33999614992-1
KRW-VVV,2026-09-06T08:57:39.324580+09:00,1788652659,23670.0,,,11228432.3997774,0.0,,9,0.0,complete,1788652219703,1788652384143,3260.19789248,5778.93381042,-0.2786479941576601,24900.0,24960.0,0.24096385542169418,-4.939759036144576,5.168269230769231,2149.999999999936,complete_hourly_ordered,/v1/candles/minutes/60,120,False,17.021276595744684,21620.0,2026-09-02T20:00:00,25300.0,2026-09-05T04:00:00,D-1,6.442687747035569,44.29347826086954,True,,,,False,,1645.068081848692,-100.0,,0.4668930390492321,,,,,,1645.068081848692,-100.0,,0.4668930390492321,,,,,,1645.068081848692,-100.0,,0.4668930390492321,,,,,,1645.068081848692,-100.0,,0.4668930390492321,,,,,,,-100.0,,0.6805614632071411,,,,,,219.99045216382785,-100.0,,0.5522514868309347,,,,,,10584994.3289898,-8804.939089200001,,0.4668930390492321,,,,11228432.3997774,1605515.7208909001,6.9936608241660485,0.5522514868309347,False,False,rising,falling,buy_only,flat_or_na,neutral,False,False,False,pass,S0,🌱 초발사 준비,발사 구조 관찰 또는 초기 준비,S0,False,,,2026-09-05T23:40:00Z,33999614992-1
KRW-W,2026-09-06T08:57:39.324580+09:00,1788652659,13.8,0.924149946245234,10.0,0.0,1243343.6415580022,0.0,1,0.0,complete,1788652825980,1788652825980,23667855.45267077,14260884.61813384,0.2480169606735206,13.1,13.9,6.106870229007644,5.343511450381677,0.7194244604316521,12.500000000000181,complete_hourly_ordered,/v1/candles/minutes/60,120,False,8.59375,12.8,2026-09-01T10:00:00,13.9,2026-09-06T08:00:00,D0,0.7194244604316502,9.090909090909092,False,0.20387359836899765,11.580841016415562,12.682816064902019,False,-0.3979460993349009,-100.0,-65.26600572148276,0.5419579111750839,0.7299270072992803,0.0,0.10193679918448773,-0.08001583728959005,-0.3154364562310974,-0.3979460993349009,-100.0,-65.26600572148276,0.5419579111750839,0.7299270072992803,0.0,0.10193679918448773,-0.08001583728959005,-0.3154364562310974,-0.3979460993349009,-100.0,-65.26600572148276,0.5419579111750839,0.7299270072992803,0.0,0.10193679918448773,-0.08001583728959005,-0.3154364562310974,-0.3979460993349009,-100.0,-65.26600572148276,0.5419579111750839,0.7299270072992803,0.0,0.10193679918448773,-0.08001583728959005,-0.3154364562310974,,-100.0,,0.7120786928365819,0.7299270072992803,0.0,0.05096839959224386,-0.04000566936618988,-0.15631506274248075,-0.14541825954999182,-100.0,24.334364155793242,0.8377724897230099,1.4705882352941346,0.0,0.10193679918448773,-0.08001583728959005,-0.3154364562310974,-0.3979460993349009,-1424494.2528734128,-2336272.430201998,0.5419579111750839,0.7299270072992803,0.0,0.10193679918448773,-0.08001583728959005,1243343.6415580022,4065061.2883867626,0.3058609829844481,1.4705882352941346,False,False,falling,falling,sell_only,accelerating,neutral,False,False,False,pass,S0,🌱 초발사 준비,발사 구조 관찰 또는 초기 준비,S0,False,,,2026-09-05T23:40:00Z,33999614992-1
KRW-WAL,2026-09-06T08:57:39.324580+09:00,1788652659,37.0,252.48104747673943,8.0,0.0,592521.02902935,0.0,2,0.0,complete,1788652838352,1788652838650,2567127.88670982,2655266.77332417,-0.01687710185690495,35.2,38.0,7.954545454545436,5.1136363636363535,2.631578947368421,35.714285714285694,complete_hourly_ordered,/v1/candles/minutes/60,120,False,14.457831325301186,33.2,2026-09-01T09:00:00,38.0,2026-09-05T21:00:00,D-1,2.894736842105272,22.916666666666675,False,0.4805766920304322,39.14902002394992,,True,-0.3172077688084686,-100.0,-78.43428492098512,2.5123587714490725,1.0928961748633892,0.0,0.04004805766919528,-0.0224089805824903,,-0.3172077688084686,-100.0,-78.43428492098512,2.5123587714490725,1.0928961748633892,0.0,0.04004805766919528,-0.0224089805824903,,-0.3172077688084686,-100.0,-78.43428492098512,2.5123587714490725,1.0928961748633892,0.0,0.04004805766919528,-0.0224089805824903,,-0.3172077688084686,-100.0,-78.43428492098512,2.5123587714490725,1.0928961748633892,0.0,0.04004805766919528,-0.0224089805824903,,-0.10173414952181117,-100.0,-96.34271601415686,3.306976316701707,0.5434782608695787,0.0,0.0,0.0,,-0.021122945052599137,-100.0,-93.2710811082277,4.417821780996491,-0.5376344086021612,1.0,-0.04004805766919528,0.02240762190666601,,-0.3172077688084686,-871532.7681083491,-2154992.915481209,2.5123587714490725,1.0928961748633892,0.0,0.04004805766919528,-0.0224089805824903,592521.02902935,4651577.063527735,0.12738067561541908,-0.5376344086021612,False,False,falling,falling,sell_only,accelerating,neutral,False,False,False,pass,S0,🌱 초발사 준비,발사 구조 관찰 또는 초기 준비,S0,False,,,2026-09-05T23:40:00Z,33999614992-1
KRW-WAVES,2026-09-06T08:57:39.324580+09:00,1788652659,316.0,-46.721992514158615,5.0,26319.99999984,7615896.4238553,0.003455929352898993,10,0.0,complete,1788651773490,1788652247475,733718.30402536,768610.17527164,-0.023225194574363145,310.0,319.0,2.9032258064516148,1.9354838709677358,0.9404388714733543,33.333333333333584,complete_hourly_ordered,/v1/candles/minutes/60,120,False,8.135593220338988,295.0,2026-09-02T20:00:00,319.0,2026-09-06T06:00:00,D0,0.9404388714733591,12.50000000000007,False,0.10969723562965772,24.09074840400092,,False,,-97.83724854831955,,0.8250833979876404,0.0,0.0,0.0,0.0,,,-97.83724854831955,,0.8250833979876404,0.0,0.0,0.0,0.0,,,-97.83724854831955,,0.8250833979876404,0.0,0.0,0.0,0.0,,,-97.83724854831955,,0.8250833979876404,0.0,0.0,0.0,0.0,,-0.002296289247072328,-12.482543042009242,45.66835497191295,0.9392812966072768,-0.3154574132492094,0.0,-0.021939447125940426,0.015056992064963026,,,-98.8930824851802,,0.9946049211662356,-0.3154574132492094,0.0,-0.021939447125940426,0.015056992064963026,,,-1190648.31965564,7615896.4238553,0.8250833979876404,0.0,0.0,0.0,0.0,7642216.42385514,2820725.68972018,2.709308619305431,-0.3154574132492094,False,False,falling,rising,sell_advantage_weakening,accelerating,neutral,False,False,False,pass,S0,🌱 초발사 준비,발사 구조 관찰 또는 초기 준비,S0,False,,,2026-09-05T23:40:00Z,33999614992-1
KRW-WAXP,2026-09-06T08:57:39.324580+09:00,1788652659,6.12,32.65757479522657,11.0,0.0,781326.24444,0.0,2,0.0,complete,1788652540883,1788652541043,12371413.11518337,14022263.42950407,-0.0625471904804784,6.06,6.13,1.1551155115511635,0.990099009900991,0.1631321370309916,14.285714285714835,complete_hourly_ordered,/v1/candles/minutes/60,120,False,14.436619718309874,5.68,2026-09-02T10:00:00,6.5,2026-09-03T10:00:00,D-3,5.846153846153845,46.34146341463412,False,0.29441739327369376,12.347068792755799,10.914659847061372,True,,,,0.07598470389815759,0.16366612111291534,0.0,0.022647491790284136,-0.017624718718192156,-0.04974520974386998,,,,0.07598470389815759,0.16366612111291534,0.0,0.022647491790284136,-0.017624718718192156,-0.04974520974386998,,,,0.07598470389815759,0.16366612111291534,0.0,0.022647491790284136,-0.017624718718192156,-0.04974520974386998,,,,0.07598470389815759,0.16366612111291534,0.0,0.022647491790284136,-0.017624718718192156,-0.04974520974386998,,-100.0,,0.0920540896999853,0.16366612111291534,0.0,0.022647491790284136,-0.017624718718192156,-0.04974520974386998,,-100.0,,0.16760263110720075,0.16366612111291534,0.0,0.04529498358056827,-0.0352503095910226,-0.09980486135942535,,0.0,781326.24444,0.07598470389815759,0.16366612111291534,0.0,0.022647491790284136,-0.017624718718192156,781326.24444,3009738.779806921,0.259599354496181,0.16366612111291534,False,True,flat_or_na,rising,sell_only,accelerating,neutral,False,False,False,pass,S1,⚡ 선행 시동,가격 미급등 상태에서 선행조건 4개 개선,S0,True,가격 미급등 상태에서 선행조건 4개 개선,2026-09-06T08:57:39.324580+09:00,2026-09-05T23:40:00Z,33999614992-1
KRW-WCT,2026-09-06T08:57:39.324580+09:00,1788652659,54.3,-58.489429871158485,5.0,26187.186878656,0.0,,5,0.0,complete,1788652844838,1788652872386,830963.90634313,1335555.20739702,-0.23290415388156602,53.3,54.3,1.8761726078799335,1.8761726078799335,0.0,0.0,complete_hourly_ordered,/v1/candles/minutes/60,120,False,11.020408163265305,49.0,2026-09-02T19:00:00,54.4,2026-09-06T08:00:00,D0,0.0,0.0,False,-0.13980681240467474,21.121387428313273,,False,,161.87186879389245,-100.0,0.054586238054817215,0.5555555555555536,0.0,0.03812913065582846,-0.02714929173090397,,,161.87186879389245,-100.0,0.054586238054817215,0.5555555555555536,0.0,0.03812913065582846,-0.02714929173090397,,,161.87186879389245,-100.0,0.054586238054817215,0.5555555555555536,0.0,0.03812913065582846,-0.02714929173090397,,,161.87186879389245,-100.0,0.054586238054817215,0.5555555555555536,0.0,0.03812913065582846,-0.02714929173090397,,,,-100.0,0.07051337122823753,0.3696857670979492,0.0,0.02541942043721157,-0.018099300682148822,,,,,0.15676210069252505,0.18450184501843658,0.0,0.012709710218605785,-0.009049536774696776,,,16187.186878936001,-552435.132590912,0.054586238054817215,0.5555555555555536,0.0,0.03812913065582846,-0.02714929173090397,26187.186878656,1071895.821270187,0.024430720186617034,0.18450184501843658,False,False,rising,falling,buy_only,accelerating,neutral,False,False,False,pass,S0,🌱 초발사 준비,발사 구조 관찰 또는 초기 준비,S0,False,,,2026-09-05T23:40:00Z,33999614992-1
KRW-WET,2026-09-06T08:57:39.324580+09:00,1788652659,84.6,-26.771038286636227,4.0,35082.938388798,8857358.913184578,0.003960880295431572,4,0.0,complete,1788651832541,1788652427725,611118.18738232,732891.30994265,-0.090604361652726,84.2,85.5,1.5439429928741033,0.47505938242278223,1.052631578947375,69.23076923077045,complete_hourly_ordered,/v1/candles/minutes/60,120,False,6.815365551425034,80.7,2026-09-02T10:00:00,86.2,2026-09-04T16:00:00,D-2,1.8561484918793614,29.09090909090939,True,-1.7026451809060372,13.14611929647819,,False,-0.3218017142340372,-98.42980649635417,29.14056257921951,0.1918629536902472,-0.11806375442739991,0.0,-0.007601094557607713,0.005986988475903843,,-0.3218017142340372,-98.42980649635417,29.14056257921951,0.1918629536902472,-0.11806375442739991,0.0,-0.007601094557607713,0.005986988475903843,,-0.3218017142340372,-98.42980649635417,29.14056257921951,0.1918629536902472,-0.11806375442739991,0.0,-0.007601094557607713,0.005986988475903843,,-0.3218017142340372,-98.42980649635417,29.14056257921951,0.1918629536902472,-0.11806375442739991,0.0,-0.007601094557607713,0.005986988475903843,,-0.24436725206134344,600.5379072294736,43820.35536849368,0.7263825320711348,0.0,0.0,0.0,0.0,,-0.5714139068375554,-99.7757882771173,-67.43002496815065,0.7377123347274264,0.11834319526626835,0.0,0.007601094557629917,-0.005987089001271428,,-0.3218017142340372,-2199223.7446626383,1998662.6706688674,0.1918629536902472,-0.11806375442739991,0.0,-0.007601094557607713,0.005986988475903843,8892441.851573376,1200056.229013662,7.410020994501367,0.11834319526626835,False,False,falling,rising,sell_advantage_accelerating,accelerating,neutral,False,False,False,pass,S0,🌱 초발사 준비,발사 구조 관찰 또는 초기 준비,S0,False,,,2026-09-05T23:40:00Z,33999614992-1
KRW-WIF,2026-09-06T08:57:39.324580+09:00,1788652659,290.0,,,0.0,0.0,,0,0.0,complete,,,112663.82964169,465862.38157258,-0.6105143467736073,280.0,299.0,6.785714285714284,3.571428571428581,3.0100334448160537,47.368421052631426,complete_hourly_ordered,/v1/candles/minutes/60,120,False,13.688212927756659,263.0,2026-09-02T10:00:00,299.0,2026-09-05T22:00:00,D-1,3.0100334448160515,24.99999999999996,True,,,,True,,-100.0,,,-0.6849315068493178,,,,,,-100.0,,,-0.6849315068493178,,,,,,-100.0,,,-0.6849315068493178,,,,,,-100.0,,,-0.6849315068493178,,,,,,-100.0,-100.0,,-0.3436426116838476,,,,,,-100.0,,,-1.3605442176870763,,,,,,-484645.49357703,0.0,,-0.6849315068493178,,,,0,532385.91293169,0.0,-1.3605442176870763,False,False,falling,flat_or_na,unavailable,flat_or_na,neutral,False,True,False,pass,S0,🌱 초발사 준비,발사 구조 관찰 또는 초기 준비,S0,False,,,2026-09-05T23:40:00Z,33999614992-1
KRW-WLD,2026-09-06T08:57:39.324580+09:00,1788652659,542.0,-25.90489804098356,9.0,19922227.11645923,29917177.026317194,0.6659126661226853,55,0.0,complete,1788651866112,1788652729353,1766523.98666927,1337598.99539386,0.13817912297737917,526.0,558.0,6.083650190114076,3.041825095057038,2.867383512544803,50.0,complete_hourly_ordered,/v1/candles/minutes/60,120,False,15.020576131687235,486.0,2026-09-03T00:00:00,559.0,2026-09-04T03:00:00,D-2,3.0411449016100156,23.28767123287673,True,-0.09981285090456815,6.056961839673846,,True,-3.8319418006709434,152.61310068365094,1606.2552209679936,0.28775687665405414,0.1848428835489857,0.0,0.024953212726142038,-0.02071034148303763,,-3.8319418006709434,152.61310068365094,1606.2552209679936,0.28775687665405414,0.1848428835489857,0.0,0.024953212726142038,-0.02071034148303763,,-3.8319418006709434,152.61310068365094,1606.2552209679936,0.28775687665405414,0.1848428835489857,0.0,0.024953212726142038,-0.02071034148303763,,-3.8319418006709434,152.61310068365094,1606.2552209679936,0.28775687665405414,0.1848428835489857,0.0,0.024953212726142038,-0.02071034148303763,,0.06070354061454253,49.90078768207562,36.23607004546241,0.36955305180145004,0.1848428835489857,0.0,0.0,0.0,,0.2532928504911547,48.95434104022427,-7.703343299660215,0.7552509303582724,0.0,0.0,0.0,0.0,,-3.8319418006709434,12035768.7092969,28163794.726959623,0.28775687665405414,0.1848428835489857,0.0,0.024953212726142038,-0.02071034148303763,49839404.14277643,73362232.54590063,0.6793605158020969,0.0,False,False,rising,rising,sell_advantage_accelerating,accelerating,neutral,False,True,False,pass,S0,🌱 초발사 준비,발사 구조 관찰 또는 초기 준비,S0,False,,,2026-09-05T23:40:00Z,33999614992-1
KRW-WLFI,2026-09-06T08:57:39.324580+09:00,1788652659,78.1,-49.136098033122856,5.0,1356606.30875176,18757717.484799985,0.07232256855617238,15,0.0,complete,1788651921090,1788652584505,4356115.31622929,3782882.3743625,0.07043040969644389,77.1,78.6,1.9455252918287869,1.2970168612191912,0.6361323155216285,33.33333333333333,complete_hourly_ordered,/v1/candles/minutes/60,120,False,5.49738219895286,76.4,2026-09-03T09:00:00,80.6,2026-09-04T14:00:00,D-2,3.101736972704716,59.52380952380967,True,-0.6503793879763187,7.057469919460193,,False,-0.32054581918534175,591.50044292341,3656.3470097561603,0.17511590068080807,-0.12787723785167016,0.0,-0.00833819728174312,0.006894153315822216,,-0.32054581918534175,591.50044292341,3656.3470097561603,0.17511590068080807,-0.12787723785167016,0.0,-0.00833819728174312,0.006894153315822216,,-0.32054581918534175,591.50044292341,3656.3470097561603,0.17511590068080807,-0.12787723785167016,0.0,-0.00833819728174312,0.006894153315822216,,-0.32054581918534175,591.50044292341,3656.3470097561603,0.17511590068080807,-0.12787723785167016,0.0,-0.00833819728174312,0.006894153315822216,,,,,0.24429289145654565,-0.25542784163473664,0.0,-0.016676394563497343,0.01378817219030637,,,-49.35979193391672,,0.2492416560024182,-0.25542784163473664,0.0,-0.016676394563497343,0.01378817219030637,,-0.32054581918534175,1160423.3095021101,18258356.870988704,0.17511590068080807,-0.12787723785167016,0.0,-0.00833819728174312,0.006894153315822216,20114323.793551743,8434909.836758316,2.384651902963557,-0.25542784163473664,False,False,rising,rising,sell_advantage_accelerating,accelerating,neutral,False,False,False,pass,S0,🌱 초발사 준비,발사 구조 관찰 또는 초기 준비,S0,False,,,2026-09-05T23:40:00Z,33999614992-1
KRW-XAUT,2026-09-06T08:57:39.324580+09:00,1788652659,6044000.0,41.761863771686514,8.0,144181.67648000002,29881.213559999997,4.825161340602528,4,0.0,complete,1788652813388,1788652835650,8.07012484,60.7021258,-0.765308688754584,6072000.0,6075000.0,0.049407114624511195,-0.46113306982872304,0.5102880658436214,1033.333333333236,complete_hourly_ordered,/v1/candles/minutes/60,120,False,4.487722269263328,5905000.0,2026-09-02T12:00:00,6170000.0,2026-09-04T00:00:00,D-2,2.123176661264181,49.4339622641508,False,-0.27516943799051896,1.0083564719480278,,False,,25.554422376258334,,0.0016543220123992342,0.0,0.0,0.0,0.0,,,25.554422376258334,,0.0016543220123992342,0.0,0.0,0.0,0.0,,,25.554422376258334,,0.0016543220123992342,0.0,0.0,0.0,0.0,,,25.554422376258334,,0.0016543220123992342,0.0,0.0,0.0,0.0,,,1959.7442734217846,,0.006620020534285231,0.0,0.0,0.0,0.0,,,-45.96859620580817,,0.018461656461241205,0.0,0.0,0.0,0.0,,,29345.676480000024,29881.213559999997,0.0016543220123992342,0.0,0.0,0.0,0.0,174062.89004000003,600929.95845,0.28965587019320294,0.0,False,False,rising,rising,buy_advantage_weakening,accelerating,neutral,False,False,False,pass,S0,🌱 초발사 준비,발사 구조 관찰 또는 초기 준비,S0,False,,,2026-09-05T23:40:00Z,33999614992-1
KRW-XCN,2026-09-06T08:57:39.324580+09:00,1788652659,5.65,9802.214708158383,9.0,4343307.612254526,19600511.699329153,0.2215915420413835,62,0.0,complete,1788652802230,1788653070934,10608061.47471924,9591929.20410358,0.05030360096556619,5.92,6.24,5.405405405405417,-4.5608108108108,9.455128205128203,184.37499999999966,complete_hourly_ordered,/v1/candles/minutes/60,120,False,47.97297297297296,4.44,2026-09-03T20:00:00,6.57,2026-09-04T16:00:00,D-2,14.30745814307459,44.13145539906106,False,0.30752774435083285,11.354002038314395,9.670893853417265,False,-0.5017023772192754,-2.5509689700685456,218.08204831495476,12.118623532342099,-0.5281690140845008,0.0,-0.04011231448053376,0.03151954045599048,0.07835350420406151,-0.5017023772192754,-2.5509689700685456,218.08204831495476,12.118623532342099,-0.5281690140845008,0.0,-0.04011231448053376,0.03151954045599048,0.07835350420406151,-0.5017023772192754,-2.5509689700685456,218.08204831495476,12.118623532342099,-0.5281690140845008,0.0,-0.04011231448053376,0.03151954045599048,0.07835350420406151,-0.5017023772192754,-2.5509689700685456,218.08204831495476,12.118623532342099,-0.5281690140845008,0.0,-0.04011231448053376,0.03151954045599048,0.07835350420406151,0.06507737088138385,116.73372938902178,53.08300896883189,17.736073111442238,-0.5281690140845008,0.0,-0.04011231448053376,0.03151954045599048,0.07835350420406151,0.031596893163724576,48.313813992010935,27.16564338839238,19.48256537522684,0.0,0.0,-0.026741542987052114,0.021013337332210114,0.05232959791706371,-0.5017023772192754,-113696.79953945056,13438418.678624839,12.118623532342099,-0.5281690140845008,0.0,-0.04011231448053376,0.03151954045599048,23943819.31158368,13396641.485843329,1.7873001480920347,0.0,False,True,falling,rising,sell_advantage_accelerating,accelerating,neutral,False,True,False,pass,S0,🌱 초발사 준비,발사 구조 관찰 또는 초기 준비,S0,False,,,2026-09-05T23:40:00Z,33999614992-1
KRW-XEC,2026-09-06T08:57:39.324580+09:00,1788652659,0.00992,4.325775088722605,5.0,67970.01499250368,0.0,,1,0.0,complete,1788652833012,1788652833012,11627275805.065308,39428705248.464584,-0.5445283563203052,0.00983,0.00993,1.017293997965396,0.9155645981688609,0.10070493454178844,9.999999999999563,complete_hourly_ordered,/v1/candles/minutes/60,120,False,7.4433656957928696,0.00927,2026-09-02T19:00:00,0.00996,2026-09-04T18:00:00,D-2,0.40160642570281624,5.797101449275202,True,-0.4637206764866342,-3.233107301677108,,False,,-99.54263399070744,-100.0,1.409471890019831,0.10090817356205317,0.0,0.0068194217130446155,-0.006160082156293267,,,-99.54263399070744,-100.0,1.409471890019831,0.10090817356205317,0.0,0.0068194217130446155,-0.006160082156293267,,,-99.54263399070744,-100.0,1.409471890019831,0.10090817356205317,0.0,0.0068194217130446155,-0.006160082156293267,,,-99.54263399070744,-100.0,1.409471890019831,0.10090817356205317,0.0,0.0068194217130446155,-0.006160082156293267,,,,-100.0,2.020752415072269,0.30333670374116384,0.0,0.020458265139111642,-0.018480573240575726,,,-97.14219580421697,-100.0,2.616986063841442,0.30333670374116384,0.0,0.020458265139111642,-0.018480573240575726,,,-14793216.345934743,-2455573.3719365764,1.409471890019831,0.10090817356205317,0.0,0.0068194217130446155,-0.006160082156293267,67970.01499250368,4840043.024955649,0.014043266690408505,0.30333670374116384,False,False,falling,falling,buy_only,accelerating,neutral,False,False,False,pass,S0,🌱 초발사 준비,발사 구조 관찰 또는 초기 준비,S0,False,,,2026-09-05T23:40:00Z,33999614992-1
KRW-XLM,2026-09-06T08:57:39.324580+09:00,1788652659,252.0,1.5235291831061426,9.0,13436366.040475719,8028152.59252703,1.6736560355097012,17,0.0,complete,1788652801258,1788652923887,13720074.40529301,13186685.08264749,0.01982361803488762,245.0,255.0,4.081632653061229,2.857142857142847,1.1764705882352942,30.000000000000327,complete_hourly_ordered,/v1/candles/minutes/60,120,False,9.361702127659566,235.0,2026-09-02T19:00:00,257.0,2026-09-04T01:00:00,D-2,2.3346303501945553,27.2727272727271,False,-0.6793833289783113,5.176499937632534,,False,1.6505513280428583,631.2277262745764,-89.90545109104599,0.5436994846013121,-0.39525691699604515,0.0,-0.052260256075253864,0.043977330834903405,,1.6505513280428583,631.2277262745764,-89.90545109104599,0.5436994846013121,-0.39525691699604515,0.0,-0.052260256075253864,0.043977330834903405,,1.6505513280428583,631.2277262745764,-89.90545109104599,0.5436994846013121,-0.39525691699604515,0.0,-0.052260256075253864,0.043977330834903405,,1.6505513280428583,631.2277262745764,-89.90545109104599,0.5436994846013121,-0.39525691699604515,0.0,-0.052260256075253864,0.043977330834903405,,1.4545471791711322,19.443923626723493,-84.36284341156606,0.8581478442769352,0.0,0.0,-0.052260256075253864,0.043977330834903405,,0.8336184984410798,-58.4097524188797,-79.12511985565868,1.0730037674302473,0.0,0.0,-0.052260256075253864,0.043977330834903405,,1.6505513280428583,11598858.30414703,-71501429.80818772,0.5436994846013121,-0.39525691699604515,0.0,-0.052260256075253864,0.043977330834903405,21464518.63300275,102092804.48966964,0.21024516605550453,0.0,False,False,rising,falling,buy_advantage_accelerating,accelerating,leading_buy_inflow,False,False,False,pass,S0,🌱 초발사 준비,발사 구조 관찰 또는 초기 준비,S0,False,,,2026-09-05T23:40:00Z,33999614992-1
KRW-XPL,2026-09-06T08:57:39.324580+09:00,1788652659,128.0,12.114016285592655,11.0,1662317.23283328,7221293.556346409,0.2301966011854425,10,0.0,complete,1788651843695,1788652336229,7259931.53203074,7274625.49878762,-0.001010967635664707,127.0,131.0,3.149606299212593,0.7874015748031482,2.2900763358778624,75.0,complete_hourly_ordered,/v1/candles/minutes/60,120,False,27.27272727272727,110.0,2026-09-01T18:00:00,140.0,2026-09-04T20:00:00,D-2,8.571428571428575,40.00000000000001,False,-0.6382978723404209,2.5745001271277643,4.839663766577028,False,-3.387654097484151,-80.88365081694911,200.43926318529066,0.5210442182957742,0.0,0.0,0.0,0.0,0.0,-3.387654097484151,-80.88365081694911,200.43926318529066,0.5210442182957742,0.0,0.0,0.0,0.0,0.0,-3.387654097484151,-80.88365081694911,200.43926318529066,0.5210442182957742,0.0,0.0,0.0,0.0,0.0,-3.387654097484151,-80.88365081694911,200.43926318529066,0.5210442182957742,0.0,0.0,0.0,0.0,0.0,-0.12396396583071778,-80.89545743173376,-70.60740430693455,0.713755450774368,-0.7751937984496138,0.0,-0.05319148936169249,0.045800461549760474,0.16656650661496553,-22.691374903269637,254.11112025482882,35160.2224430977,0.7421087585418142,0.0,0.0,-0.05319148936169249,0.045800461549760474,0.16656650661496553,-3.387654097484151,-7033470.947825919,4817715.049401129,0.5210442182957742,0.0,0.0,0.0,0.0,8883610.789179688,67358592.39102232,0.13188533895734603,0.0,False,True,falling,rising,sell_advantage_accelerating,accelerating,neutral,False,False,False,pass,S0,🌱 초발사 준비,발사 구조 관찰 또는 초기 준비,S1,True,발사 구조 관찰 또는 초기 준비,2026-09-06T08:57:39.324580+09:00,2026-09-05T23:40:00Z,33999614992-1
KRW-XRP,2026-09-06T08:57:39.324580+09:00,1788652659,1926.0,-5.005772140761245,7.0,27361908.75007003,237565214.77525133,0.11517641072139193,301,0.0,complete,1788652800620,1788652958230,3378595.6687112,1272025.58450002,0.4529653071095843,1917.0,1948.0,1.617110067814287,0.46948356807512415,1.1293634496919918,70.96774193548335,complete_hourly_ordered,/v1/candles/minutes/60,120,False,12.153163152053281,1802.0,2026-09-02T19:00:00,2021.0,2026-09-04T05:00:00,D-2,4.700643245917857,43.37899543379006,False,-0.21793169203527807,-11.841377072956618,,False,-1.2812051814903724,-91.29691443114378,5.514908892168879,0.3741258846832398,-0.2589331952356333,0.0,0.006810365376097582,-0.006566336417844099,,-1.2812051814903724,-91.29691443114378,5.514908892168879,0.3741258846832398,-0.2589331952356333,0.0,0.006810365376097582,-0.006566336417844099,,-1.2812051814903724,-91.29691443114378,5.514908892168879,0.3741258846832398,-0.2589331952356333,0.0,0.006810365376097582,-0.006566336417844099,,-1.2812051814903724,-91.29691443114378,5.514908892168879,0.3741258846832398,-0.2589331952356333,0.0,0.006810365376097582,-0.006566336417844099,,-0.2841989535306497,-88.43066005630736,-59.8831972169648,0.5008004247247451,-0.2589331952356333,0.0,0.0,0.0,,-0.65576258537355,-93.34854414430221,-55.478151577707834,0.6266342943740062,-0.5678884873515755,0.0,-0.02043109612831495,0.019698257418845344,,-1.2812051814903724,-287031285.865687,12416733.608451039,0.3741258846832398,-0.2589331952356333,0.0,0.006810365376097582,-0.006566336417844099,264927123.52532136,2052442079.9488251,0.1290789767533547,-0.5678884873515755,False,False,falling,rising,sell_advantage_accelerating,accelerating,neutral,False,False,False,pass,S0,🌱 초발사 준비,발사 구조 관찰 또는 초기 준비,S0,False,,,2026-09-05T23:40:00Z,33999614992-1
KRW-XTZ,2026-09-06T08:57:39.324580+09:00,1788652659,323.0,15.487777619557397,7.0,370066.68687512004,0.0,,5,0.0,complete,1788652869920,1788652965186,144117.63788741,177090.49772421,-0.10265262980968894,315.0,326.0,3.492063492063502,2.5396825396825307,0.9202453987730062,27.272727272727735,complete_hourly_ordered,/v1/candles/minutes/60,120,False,13.793103448275868,290.0,2026-09-02T10:00:00,330.0,2026-09-04T20:00:00,D-2,1.2121212121212088,10.000000000000028,False,-0.17182130584191269,15.025480472588502,,False,,,-100.0,0.13196694752244476,0.0,0.0,0.0,0.0,,,,-100.0,0.13196694752244476,0.0,0.0,0.0,0.0,,,,-100.0,0.13196694752244476,0.0,0.0,0.0,0.0,,,,-100.0,0.13196694752244476,0.0,0.0,0.0,0.0,,,-64.8549032752682,-100.0,0.22437240931418856,-0.6153846153846176,0.0,-0.021477663230240474,0.01633970476400215,,,-28.582890230157886,-100.0,0.31506421494198555,-0.30864197530864335,0.0,-0.021477663230240474,0.01633970476400215,,,370066.68687512004,-180271.56926798,0.13196694752244476,0.0,0.0,0.0,0.0,370066.68687512004,1232002.802351655,0.30037812103084044,-0.30864197530864335,False,False,rising,falling,buy_only,accelerating,neutral,False,False,False,pass,S0,🌱 초발사 준비,발사 구조 관찰 또는 초기 준비,S0,False,,,2026-09-05T23:40:00Z,33999614992-1
KRW-YGG,2026-09-06T08:57:39.324580+09:00,1788652659,32.5,176.2218336310956,9.0,567138.5385153521,0.0,,2,0.0,complete,1788652849068,1788652849068,2415368.31491835,2788397.62909319,-0.0716844912296872,30.8,32.6,5.844155844155852,5.519480519480524,0.30674846625767305,5.555555555555598,complete_hourly_ordered,/v1/candles/minutes/60,120,False,8.30564784053156,30.1,2026-09-01T07:00:00,32.6,2026-09-06T00:00:00,D0,0.0,0.0,True,-0.23404255319149359,16.15743948503611,,True,,5588.835801865445,,2.384063848344198,0.0,0.0,0.0,0.0,,,5588.835801865445,,2.384063848344198,0.0,0.0,0.0,0.0,,,5588.835801865445,,2.384063848344198,0.0,0.0,0.0,0.0,,,5588.835801865445,,2.384063848344198,0.0,0.0,0.0,0.0,,,,,2.620515692382071,0.30864197530864335,0.0,0.021276595744668114,-0.016007095205278432,,,75.0427588010346,,2.7072070757253357,0.30864197530864335,0.0,0.0,0.0,,,557169.2133622271,0.0,2.384063848344198,0.0,0.0,0.0,0.0,567138.5385153521,957388.7984023201,0.592380587136372,0.30864197530864335,False,False,rising,flat_or_na,buy_only,accelerating,neutral,False,False,False,pass,S0,🌱 초발사 준비,발사 구조 관찰 또는 초기 준비,S0,False,,,2026-09-05T23:40:00Z,33999614992-1
KRW-ZAMA,2026-09-06T08:57:39.324580+09:00,1788652659,68.4,107.45047648243013,7.0,0.0,773910.7092194181,0.0,2,0.0,complete,1788652921366,1788652921366,1883141.25201887,1826046.07888692,0.015392906326466789,70.5,71.8,1.8439716312056653,-2.9787234042553123,4.735376044568233,261.5384615384619,complete_hourly_ordered,/v1/candles/minutes/60,120,False,22.205663189269753,67.1,2026-09-02T19:00:00,82.0,2026-09-03T20:00:00,D-3,16.82926829268292,92.61744966442953,False,-0.2904865649963617,-28.100763892938375,,False,0.0,,-5.6833269049665684,0.2593034119321658,0.0,0.0,0.0,0.0,,0.0,,-5.6833269049665684,0.2593034119321658,0.0,0.0,0.0,0.0,,0.0,,-5.6833269049665684,0.2593034119321658,0.0,0.0,0.0,0.0,,0.0,,-5.6833269049665684,0.2593034119321658,0.0,0.0,0.0,0.0,,-0.0022212001548433096,-100.0,-95.10275668995192,1.0924880069957084,-0.8695652173912993,0.0,-0.05446623093681158,0.058764983770764445,,-80.39736960000486,-100.0,2111.1734548877316,1.2650769414207303,-0.7256894049346929,0.0,-0.045388525780687416,0.04897153365890361,,0.0,0.0,-46634.252581371926,0.2593034119321658,0.0,0.0,0.0,0.0,773910.7092194181,5266263.285971367,0.14695632694267574,-0.7256894049346929,False,False,flat_or_na,falling,sell_only,accelerating,neutral,True,True,False,🔴 1차 급등 완료·상승분 반납 / 신규매수 금지,S3,🔴 1차 급등 완료·반납,당일/5D 급등 후 상승분 상당 부분 반납,S3,False,,,2026-09-05T23:40:00Z,33999614992-1
KRW-ZBT,2026-09-06T08:57:39.324580+09:00,1788652659,116.0,-53.116307976864995,5.0,9003058.099995801,2169764.6766579,4.149324669559677,19,0.0,complete,1788652865764,1788653109654,4101935.00762107,7614120.16664619,-0.2997754027942069,115.0,117.0,1.7391304347825987,0.8695652173912993,0.8547008547008548,50.0,complete_hourly_ordered,/v1/candles/minutes/60,120,False,6.363636363636371,110.0,2026-09-02T19:00:00,117.0,2026-09-05T00:00:00,D-1,0.8547008547008517,14.285714285714535,False,0.17878426698449967,33.80260890967266,,True,,148.18404951171144,,0.020066333639427114,0.0,0.0,0.0,0.0,,,148.18404951171144,,0.020066333639427114,0.0,0.0,0.0,0.0,,,148.18404951171144,,0.020066333639427114,0.0,0.0,0.0,0.0,,,148.18404951171144,,0.020066333639427114,0.0,0.0,0.0,0.0,,,2253.336354151258,,0.03629080400884277,0.0,0.0,0.0,0.0,,3.994747678609295,311.0135867464586,-84.68829302631228,0.03949570581768569,0.0,0.0,0.0,0.0,,,5375484.886604842,2169764.6766579,0.020066333639427114,0.0,0.0,0.0,0.0,11172822.776653701,6863670.620802214,1.6278203593848797,0.0,False,False,rising,rising,buy_advantage_weakening,accelerating,neutral,False,False,False,pass,S0,🌱 초발사 준비,발사 구조 관찰 또는 초기 준비,S0,False,,,2026-09-05T23:40:00Z,33999614992-1
KRW-ZETA,2026-09-06T08:57:39.324580+09:00,1788652659,47.6,32.21272907904018,10.0,0.0,2109419.0110845193,0.0,15,0.0,complete,1788652808254,1788652916755,987873.63415543,1585847.26192116,-0.23233817958943717,47.6,47.9,0.6302521008403339,0.0,0.6263048016701402,100.0,complete_hourly_ordered,/v1/candles/minutes/60,120,False,9.523809523809511,44.1,2026-09-02T10:00:00,48.3,2026-09-04T09:00:00,D-2,1.65631469979296,19.04761904761893,False,0.2319849209801328,16.26315391021274,13.616378327290313,False,,-100.0,,0.10615502511523545,-0.20964360587002462,0.0,-0.014499057561256912,0.010844913452906724,0.033745833682981896,,-100.0,,0.10615502511523545,-0.20964360587002462,0.0,-0.014499057561256912,0.010844913452906724,0.033745833682981896,,-100.0,,0.10615502511523545,-0.20964360587002462,0.0,-0.014499057561256912,0.010844913452906724,0.033745833682981896,,-100.0,,0.10615502511523545,-0.20964360587002462,0.0,-0.014499057561256912,0.010844913452906724,0.033745833682981896,-0.9648397362662626,-100.0,14122.580589306976,0.42198302717728353,-0.20964360587002462,0.0,-0.014499057561256912,0.010844913452906724,0.033745833682981896,0.0,,3975.8453437659646,0.42535095392523914,0.21052631578948322,0.0,0.014499057561256912,-0.010845241867674105,-0.03386964821044636,,-3233760.9999997863,2109419.0110845193,0.10615502511523545,-0.20964360587002462,0.0,-0.014499057561256912,0.010844913452906724,2109419.0110845193,1538082.3268036344,1.3714604051580308,0.21052631578948322,False,True,falling,rising,sell_only,accelerating,neutral,False,False,False,pass,S0,🌱 초발사 준비,발사 구조 관찰 또는 초기 준비,S1,True,발사 구조 관찰 또는 초기 준비,2026-09-06T08:57:39.324580+09:00,2026-09-05T23:40:00Z,33999614992-1
KRW-ZIL,2026-09-06T08:57:39.324580+09:00,1788652659,3.56,-8.047844266103487,7.0,210568.1818181479,1707438.1338549918,0.12332404767295123,15,0.0,complete,1788652983788,1788653033661,29258010.42718103,35922932.23133148,-0.1022526145267404,3.48,3.58,2.8735632183908066,2.298850574712641,0.5586592178770954,20.000000000000153,complete_hourly_ordered,/v1/candles/minutes/60,120,False,21.987951807228924,3.32,2026-09-01T18:00:00,4.05,2026-09-01T21:00:00,D-4,12.83950617283951,71.23287671232883,True,0.3989626969878257,22.746023523091395,,True,-1.2073355469815055,110.56818181820054,2172.0189350936134,0.053719594408820015,0.5649717514124353,0.0,0.03989626969878035,-0.0277355190637536,,-1.2073355469815055,110.56818181820054,2172.0189350936134,0.053719594408820015,0.5649717514124353,0.0,0.03989626969878035,-0.0277355190637536,,-1.2073355469815055,110.56818181820054,2172.0189350936134,0.053719594408820015,0.5649717514124353,0.0,0.03989626969878035,-0.0277355190637536,,-1.2073355469815055,110.56818181820054,2172.0189350936134,0.053719594408820015,0.5649717514124353,0.0,0.03989626969878035,-0.0277355190637536,,-2.341855467932356,-91.03037277911555,79.29788800136738,0.05425522830080354,0.0,0.0,0.0,0.0,,-3.7772747243092004,-95.25121014414601,50.19879925825721,0.12328012425484403,0.5649717514124353,0.0,0.03989626969878035,-0.0277355190637536,,-1.2073355469815055,110568.1818181729,1632287.4338550095,0.053719594408820015,0.5649717514124353,0.0,0.03989626969878035,-0.0277355190637536,1918006.3156731396,3432989.8640069505,0.5586985081961362,0.5649717514124353,False,False,rising,rising,sell_advantage_accelerating,accelerating,neutral,True,True,False,🔴 1차 급등 완료·상승분 반납 / 신규매수 금지,S3,🔴 1차 급등 완료·반납,당일/5D 급등 후 상승분 상당 부분 반납,S0,True,당일/5D 급등 후 상승분 상당 부분 반납,2026-09-06T08:57:39.324580+09:00,2026-09-05T23:40:00Z,33999614992-1
KRW-ZK,2026-09-06T08:57:39.324580+09:00,1788652659,14.0,-48.783779450542816,7.0,17393510.42035763,68898887.36295915,0.25244980123885985,51,0.0,complete,1788652805925,1788652954984,25676094.27669804,45341201.5319412,-0.27690588653547266,12.9,14.8,14.72868217054264,8.52713178294573,5.40540540540541,42.1052631578948,complete_hourly_ordered,/v1/candles/minutes/60,120,False,26.49572649572651,11.7,2026-09-02T10:00:00,14.8,2026-09-05T15:00:00,D-1,6.081081081081086,29.03225806451617,False,0.43360433604335835,22.375242184636328,,True,-0.09560988625956601,2600.2158718394567,3622.8640621566105,0.23229246149557525,1.4492753623188248,0.0,-0.05420054200542257,0.03782465400486146,,-0.09560988625956601,2600.2158718394567,3622.8640621566105,0.23229246149557525,1.4492753623188248,0.0,-0.05420054200542257,0.03782465400486146,,-0.09560988625956601,2600.2158718394567,3622.8640621566105,0.23229246149557525,1.4492753623188248,0.0,-0.05420054200542257,0.03782465400486146,,-0.09560988625956601,2600.2158718394567,3622.8640621566105,0.23229246149557525,1.4492753623188248,0.0,-0.05420054200542257,0.03782465400486146,,-1.127828738989826,80.44450812129149,886.5869612085115,0.2833355407328355,0.0,0.0,-0.10840108401084514,0.07564534710557069,,-23.680422512554877,-27.846616045690077,6740.3211914306685,0.38670600952941925,0.0,0.0,-0.10840108401084514,0.07564534710557069,,-0.09560988625956601,16749357.83234589,67048191.6025814,0.23229246149557525,1.4492753623188248,0.0,-0.05420054200542257,0.03782465400486146,86292397.78331678,9427340.705512444,9.15341881437032,0.0,False,False,rising,rising,sell_advantage_accelerating,accelerating,neutral,False,True,False,pass,S0,🌱 초발사 준비,발사 구조 관찰 또는 초기 준비,S0,False,,,2026-09-05T23:40:00Z,33999614992-1
KRW-ZKC,2026-09-06T08:57:39.324580+09:00,1788652659,67.9,-78.88721629576514,10.0,6558.999999375,4483157.259004102,0.0014630314353130743,8,0.0,complete,1788652826537,1788652930590,2325994.29183132,1041207.70649284,0.38155910633752066,67.3,71.4,6.09212481426451,0.8915304606240904,4.901960784313726,85.36585365853632,complete_hourly_ordered,/v1/candles/minutes/60,120,False,16.93290734824282,62.6,2026-09-03T17:00:00,73.2,2026-09-04T17:00:00,D-2,7.377049180327877,50.94339622641514,True,0.900707698906289,13.140800055383117,8.241555233009032,True,-15.213816596128073,-99.98233274337407,83.73648257119393,0.05665818943997181,-0.14705882352940014,0.0,0.0,0.0,0.0,-15.213816596128073,-99.98233274337407,83.73648257119393,0.05665818943997181,-0.14705882352940014,0.0,0.0,0.0,0.0,-15.213816596128073,-99.98233274337407,83.73648257119393,0.05665818943997181,-0.14705882352940014,0.0,0.0,0.0,0.0,-15.213816596128073,-99.98233274337407,83.73648257119393,0.05665818943997181,-0.14705882352940014,0.0,0.0,0.0,0.0,-0.6873115998859831,-99.96577569850703,-83.88768000873273,0.08452284841899882,-0.14705882352940014,0.0,-0.032168132103782554,0.024684124055800893,0.04087252561797605,-2.8635669675532425,-99.97712931240207,-55.21271485767021,0.11956953262750858,0.2954209748892156,0.0,0.021445421402543907,-0.01645703208963667,-0.02739083720939206,-15.213816596128073,-37118616.33563771,2043164.2884915774,0.05665818943997181,-0.14705882352940014,0.0,0.0,0.0,4489716.259003477,20197145.52901405,0.2222945936867074,0.2954209748892156,False,False,falling,rising,sell_advantage_accelerating,accelerating,neutral,False,True,False,pass,S0,🌱 초발사 준비,발사 구조 관찰 또는 초기 준비,S3,True,발사 구조 관찰 또는 초기 준비,2026-09-06T08:57:39.324580+09:00,2026-09-05T23:40:00Z,33999614992-1
KRW-ZKP,2026-09-06T08:57:39.324580+09:00,1788652659,66.4,-80.57533893409557,5.0,0.0,217196.69784238402,0.0,2,0.0,complete,1788652810825,1788652844464,2092998.83019803,1652753.38591542,0.11753191852594128,66.1,68.9,4.2360060514372355,0.4538577912254427,3.6284470246734397,89.28571428571371,complete_hourly_ordered,/v1/candles/minutes/60,120,False,15.025041736227053,59.9,2026-09-02T03:00:00,68.9,2026-09-05T19:00:00,D-1,3.6284470246734424,27.777777777777807,True,0.36618201400107075,20.432884724164076,,False,-1.0822160260914475,-100.0,-94.66941506993078,0.05199025189084239,0.30211480362538623,0.0,0.021540118470642078,-0.015378256784742916,,-1.0822160260914475,-100.0,-94.66941506993078,0.05199025189084239,0.30211480362538623,0.0,0.021540118470642078,-0.015378256784742916,,-1.0822160260914475,-100.0,-94.66941506993078,0.05199025189084239,0.30211480362538623,0.0,0.021540118470642078,-0.015378256784742916,,-1.0822160260914475,-100.0,-94.66941506993078,0.05199025189084239,0.30211480362538623,0.0,0.021540118470642078,-0.015378256784742916,,-0.08939611104659038,-100.0,-94.11325806383674,0.06281338934591929,0.15082956259429015,0.0,0.010770059235332141,-0.0076890463277301535,,-0.3052427253874526,-100.0,-96.14019830888594,0.07232460158374465,0.0,0.0,0.0,0.0,,-1.0822160260914475,-4409530.104159082,-3857341.100386891,0.05199025189084239,0.30211480362538623,0.0,0.021540118470642078,-0.015378256784742916,217196.69784238402,18581426.58149448,0.011688914028737354,0.0,False,False,falling,falling,sell_only,accelerating,neutral,False,True,False,pass,S0,🌱 초발사 준비,발사 구조 관찰 또는 초기 준비,S0,False,,,2026-09-05T23:40:00Z,33999614992-1
KRW-ZORA,2026-09-06T08:57:39.324580+09:00,1788652659,12.1,-54.737747332431816,12.0,13595927.883991681,35028542.111756615,0.3881385597098112,44,0.0,complete,1788652838165,1788653062810,33776194.51138299,37453450.21050246,-0.051625355053745305,12.1,13.0,7.438016528925617,0.0,6.923076923076926,100.0,complete_hourly_ordered,/v1/candles/minutes/60,120,False,40.657084188911696,9.74,2026-09-02T20:00:00,13.7,2026-09-05T01:00:00,D-1,13.138686131386857,45.45454545454545,True,1.8252137332066765,12.751902211434338,4.9068736329196145,True,-2.3028266955635535,-61.24875696599648,168.66242993512498,0.09368018733668748,2.5423728813559254,1.0,0.20355543493009165,-0.15542698833596091,-0.11993587049241317,-2.3028266955635535,-61.24875696599648,168.66242993512498,0.09368018733668748,2.5423728813559254,1.0,0.20355543493009165,-0.15542698833596091,-0.11993587049241317,-2.3028266955635535,-61.24875696599648,168.66242993512498,0.09368018733668748,2.5423728813559254,1.0,0.20355543493009165,-0.15542698833596091,-0.11993587049241317,-2.3028266955635535,-61.24875696599648,168.66242993512498,0.09368018733668748,2.5423728813559254,1.0,0.20355543493009165,-0.15542698833596091,-0.11993587049241317,0.20770760792347862,156.74566268972478,19.351358238548034,0.1243871866812114,2.5423728813559254,1.0,0.20355543493009165,-0.15542698833596091,-0.11993587049241317,-3.730312955147832,-57.77127127814102,348.07960308061183,0.15040911215280772,3.418803418803429,1.0,0.27140724657348514,-0.20725104925350024,-0.16057429563956305,-2.3028266955635535,-21489212.151546016,21990417.607256636,0.09368018733668748,2.5423728813559254,1.0,0.20355543493009165,-0.15542698833596091,48624469.9957483,28911903.560487676,1.6818148930947843,3.418803418803429,False,False,falling,rising,sell_advantage_accelerating,accelerating,neutral,False,True,False,pass,S1,⚡ 선행 시동,가격 미급등 상태에서 선행조건 5개 개선,S1,False,,,2026-09-05T23:40:00Z,33999614992-1
KRW-ZRO,2026-09-06T08:57:39.324580+09:00,1788652659,1445.0,-25.00067796596501,7.0,0.0,17647.3999942,0.0,4,0.0,complete,1788652952408,1788652952420,144291.67331471,120638.67729453,0.08928005404358925,1422.0,1484.0,4.360056258790435,1.6174402250351605,2.628032345013477,62.90322580645164,complete_hourly_ordered,/v1/candles/minutes/60,120,False,17.060561299852296,1354.0,2026-09-01T17:00:00,1585.0,2026-09-04T12:00:00,D-2,8.832807570977918,60.606060606060666,True,0.35295155739876183,-5.111512889977423,,False,-1.0849017148391071,-100.0,-97.74413108681179,0.24202804461041083,-0.4135079255685681,0.0,-0.013235683402434972,0.01204159760935486,,-1.0849017148391071,-100.0,-97.74413108681179,0.24202804461041083,-0.4135079255685681,0.0,-0.013235683402434972,0.01204159760935486,,-1.0849017148391071,-100.0,-97.74413108681179,0.24202804461041083,-0.4135079255685681,0.0,-0.013235683402434972,0.01204159760935486,,-1.0849017148391071,-100.0,-97.74413108681179,0.24202804461041083,-0.4135079255685681,0.0,-0.013235683402434972,0.01204159760935486,,-0.028772117972727034,-100.0,-99.92492538214162,0.264193256772252,-0.4135079255685681,-1.0,-0.048530839142313376,0.04415048436556379,,-0.6396215787012591,-100.0,-99.9555925609057,0.712315419624943,-0.6189821182943644,-1.0,-0.0529427336098065,0.048163886567500924,,-1.0849017148391071,-848705.98660366,-764640.96308533,0.24202804461041083,-0.4135079255685681,0.0,-0.013235683402434972,0.01204159760935486,17647.3999942,19217668.50315315,0.0009182903738455315,-0.6189821182943644,False,False,falling,falling,sell_only,accelerating,neutral,True,True,False,🔴 1차 급등 완료·상승분 반납 / 신규매수 금지,S3,🔴 1차 급등 완료·반납,당일/5D 급등 후 상승분 상당 부분 반납,S0,True,당일/5D 급등 후 상승분 상당 부분 반납,2026-09-06T08:57:39.324580+09:00,2026-09-05T23:40:00Z,33999614992-1
KRW-ZRX,2026-09-06T08:57:39.324580+09:00,1788652659,144.0,174.63501424726599,10.0,21982.0999968,7981440.60009582,0.0027541519254727143,8,0.0,complete,1788651841978,1788652784218,879425.4992698,2279768.47479643,-0.44325957412619227,142.0,145.0,2.1126760563380254,1.4084507042253502,0.6896551724137931,33.33333333333333,complete_hourly_ordered,/v1/candles/minutes/60,120,False,11.538461538461542,130.0,2026-09-01T17:00:00,145.0,2026-09-05T14:00:00,D-1,0.6896551724137945,6.666666666666641,True,0.5911330049261032,-2.426484419085832,,True,,-96.14436338399483,,0.26699221406343554,0.0,0.0,-0.04926108374383453,0.04373501665084367,,,-96.14436338399483,,0.26699221406343554,0.0,0.0,-0.04926108374383453,0.04373501665084367,,,-96.14436338399483,,0.26699221406343554,0.0,0.0,-0.04926108374383453,0.04373501665084367,,,-96.14436338399483,,0.26699221406343554,0.0,0.0,-0.04926108374383453,0.04373501665084367,,,-99.61931381926344,,0.9553117107444109,0.0,0.0,-0.04926108374383453,0.04373501665084367,,,-64.61706072586495,,3.2636060374780413,0.6993006993007089,0.0,0.0,0.0,,,-548146.83553488,7981440.60009582,0.26699221406343554,0.0,0.0,-0.04926108374383453,0.04373501665084367,8003422.700092619,1624328.9557292098,4.927217896266366,0.6993006993007089,False,True,falling,rising,sell_advantage_weakening,accelerating,neutral,False,False,False,pass,S0,🌱 초발사 준비,발사 구조 관찰 또는 초기 준비,S0,False,,,2026-09-05T23:40:00Z,33999614992-1
