market,name,price,ma15,ma50,ma120,slope15,gap50,gap120,conv50,conv120,f50up,f50down,f120up,f120down,golden_now,dead_now,up120_now,down120_now,value_accel_pct,ret5_pct,launch_score,launch_grade,delta_price_pct,delta_value_accel_pct,delta_launch_score,delta_slope15,delta_gap120,flag_score14,flag_value300,flag_ankr_like,flag_early_ignition,snapshot_kst,snapshot_epoch,bid_trade_value_15m,ask_trade_value_15m,buy_sell_ratio_15m,trade_count_15m,trade_unknown_value_15m,trade_coverage_15m,trade_oldest_timestamp,trade_newest_timestamp,total_bid_size,total_ask_size,orderbook_imbalance,day_open,day_high,day_high_return_pct,current_day_return_pct,drawdown_from_day_high_pct,gain_retrace_pct,path_5d_status,path_5d_source,path_5d_points,stage_provisional,max_rally_5d_pct,max_rally_5d_base_price,max_rally_5d_base_time_kst,high_5d,high_5d_time_kst,max_rally_day,drawdown_from_5d_high_pct,gain_retrace_5d_pct,post_surge_higher_low,higher_low,buy_sell_ratio_change_15m,bid_trade_value_change_15m,ask_trade_value_change_15m,value_accel_change_15m,price_change_15m,launch_score_change_15m,slope15_change_15m,gap120_change_15m,f120up_change_15m,buy_sell_ratio_change_30m,bid_trade_value_change_30m,ask_trade_value_change_30m,value_accel_change_30m,price_change_30m,launch_score_change_30m,slope15_change_30m,gap120_change_30m,f120up_change_30m,buy_sell_ratio_change_45m,bid_trade_value_change_45m,ask_trade_value_change_45m,value_accel_change_45m,price_change_45m,launch_score_change_45m,slope15_change_45m,gap120_change_45m,f120up_change_45m,buy_sell_ratio_change_60m,bid_trade_value_change_60m,ask_trade_value_change_60m,value_accel_change_60m,price_change_60m,launch_score_change_60m,slope15_change_60m,gap120_change_60m,f120up_change_60m,buy_sell_ratio_change_90m,bid_trade_value_change_90m,ask_trade_value_change_90m,value_accel_change_90m,price_change_90m,launch_score_change_90m,slope15_change_90m,gap120_change_90m,f120up_change_90m,buy_sell_ratio_change_120m,bid_trade_value_change_120m,ask_trade_value_change_120m,value_accel_change_120m,price_change_120m,launch_score_change_120m,slope15_change_120m,gap120_change_120m,f120up_change_120m,delta_buy_sell_ratio,delta_bid_trade_value_15m,delta_ask_trade_value_15m,delta_price_pct_15m,trade_value_15m,normal_trade_value_15m_median,trade_value_anomaly_ratio,surge_return_from_120m,surge_success_15_120m,signal_failure_120m,buy_pressure_trend,sell_pressure_trend,buy_sell_state,value_accel_direction,flow_signal,first_surge_retrace_gate,first_surge_retrace_seen,second_ignition_reentry,candidate_gate,stage,stage_label,stage_reason,stage_previous,stage_changed,stage_change_reason,stage_change_kst,scan_cycle,scan_run_id
KRW-WAXP,왁스,6.02,5.883333333333334,5.6012,6.772333333333333,0.68454078722191,-5.037015877550049,13.126938032189784,-0.9230545992776265,-1.217434456482207,,,10.782459755673619,,False,False,False,False,38.878623088728204,2.033898305084736,12.0,A급,0.8375209380234505,0.10799122888393953,0.0,0.0684540787222021,-0.05265390500103173,False,False,False,False,2026-09-05T00:34:54.830847+09:00,1788536094,161809.101953941,651382.10857038,0.2484088829351965,5,0.0,complete,1788535410893,1788535411019,13195002.88519209,16326680.34746316,-0.10608058617765338,6.02,6.12,1.661129568106312,0.0,1.633986928104584,100.0,complete_hourly_ordered,/v1/candles/minutes/60,120,False,14.436619718309874,5.68,2026-09-02T10:00:00,6.5,2026-09-03T10:00:00,D-2,7.3846153846153895,58.536585365853675,False,True,0.22030743831405453,0.4543796105110909,-88.63602157772927,0.10799122888393953,0.8375209380234505,0.0,0.0684540787222021,-0.05265390500103173,-0.1377091069551959,0.22030743831405453,0.4543796105110909,-88.63602157772927,0.10799122888393953,0.8375209380234505,0.0,0.0684540787222021,-0.05265390500103173,-0.1377091069551959,0.17361488293525282,332.6793645321048,30.27642171408276,0.29555378676797517,1.5177065767284947,0.0,0.1369081574444042,-0.10531558600456314,-0.2778633929429848,0.17361488293525282,332.6793645321048,30.27642171408276,0.29555378676797517,1.5177065767284947,0.0,0.1369081574444042,-0.10531558600456314,-0.2778633929429848,0.17361488293525282,332.6793645321048,30.27642171408276,0.29555378676797517,1.5177065767284947,0.0,0.1369081574444042,-0.10531558600456314,-0.2778633929429848,0.17361488293525282,332.6793645321048,30.27642171408276,0.29555378676797517,1.5177065767284947,0.0,0.1369081574444042,-0.10531558600456314,-0.2778633929429848,0.22030743831405453,731.9019539819856,-5080607.907301381,0.8375209380234505,813191.2105243211,4945136.674870323,0.16444261584451464,1.5177065767284947,False,True,rising,falling,sell_advantage_weakening,accelerating,neutral,False,False,False,pass,S1,⚡ 선행 시동,가격 미급등 상태에서 선행조건 7개 개선,S1,False,,,2026-09-04T15:10:00Z,33889285661-1
KRW-CARV,카브,46.4,46.34,43.623999999999995,56.865,0.20181634712412855,-6.225930680359455,18.508748790996215,-0.8958225364106245,-1.0993427522728083,,,,,False,False,False,False,264.3769510406899,0.2159827213823018,9.0,B급,0.0,0.13220347374760877,0.0,0.0,0.0,False,False,False,False,2026-09-05T00:34:54.830847+09:00,1788536094,22019.538762571996,98107.903879007,0.22444204688877983,4,0.0,complete,1788535233933,1788535629469,1005339.11874504,1511865.08609246,-0.20122561625075588,47.9,48.1,0.41753653444676075,-3.131524008350728,3.53430353430354,850.0000000000053,complete_hourly_ordered,/v1/candles/minutes/60,120,False,19.480519480519476,46.2,2026-08-31T08:00:00,55.2,2026-09-02T13:00:00,D-3,15.94202898550725,97.7777777777778,False,True,-86.16351443471342,-98.88783601601442,328.0729710888889,0.13220347374760877,0.0,0.0,0.0,0.0,,-86.16351443471342,-98.88783601601442,328.0729710888889,0.13220347374760877,0.0,0.0,0.0,0.0,,,-99.25095472077142,,0.6761626771713054,0.43290043290042934,0.0,0.028830906732024708,-0.021059521331590503,,,-99.25095472077142,,0.6761626771713054,0.43290043290042934,0.0,0.028830906732024708,-0.021059521331590503,,,-99.25095472077142,,0.6761626771713054,0.43290043290042934,0.0,0.028830906732024708,-0.021059521331590503,,,-99.25095472077142,,0.6761626771713054,0.43290043290042934,0.0,0.028830906732024708,-0.021059521331590503,,-86.16351443471342,-1957862.841861028,75189.403879007,0.0,120127.442641579,2116807.4812557884,0.056749347167988004,0.43290043290042934,False,False,falling,rising,sell_advantage_accelerating,accelerating,neutral,True,True,False,🔴 1차 급등 완료·상승분 반납 / 신규매수 금지,S3,🔴 1차 급등 완료·반납,당일/5D 급등 후 상승분 상당 부분 반납,S3,False,,,2026-09-04T15:10:00Z,33889285661-1
KRW-LSK,리스크,138.0,134.26666666666668,118.76,137.85833333333332,1.1551983927674758,-13.057146064892788,2.6053315601764906,-1.2478764842892136,-1.5462591785039916,,,1.6849255263255112,,False,False,False,False,-93.16337190039921,-3.5211267605633756,12.0,A급,0.7352941176470562,0.004806602614763733,0.0,0.05022601707687091,-0.042474025605160115,False,False,False,True,2026-09-05T00:34:54.830847+09:00,1788536094,2448405.48027432,0.0,,7,0.0,complete,1788535925825,1788536073315,1022870.24999502,3410505.98673881,-0.5385592400122613,141.0,141.0,0.0,-2.127659574468088,2.127659574468085,,complete_hourly_ordered,/v1/candles/minutes/60,120,False,7.575757575757569,132.0,2026-09-03T08:00:00,142.0,2026-09-04T01:00:00,D-1,2.8169014084507005,40.0,True,True,,48868.109612146065,-100.0,0.004806602614763733,1.4705882352941124,0.0,0.05022601707687091,-0.042474025605160115,-0.03692837509937941,,48868.109612146065,-100.0,0.004806602614763733,1.4705882352941124,0.0,0.05022601707687091,-0.042474025605160115,-0.03692837509937941,,679.882687023342,-100.0,0.08154016545144316,0.0,-1.0,-0.050226017076848706,0.04246889093084416,0.03652044806690258,,679.882687023342,-100.0,0.08154016545144316,0.0,-1.0,-0.050226017076848706,0.04246889093084416,0.03652044806690258,,679.882687023342,-100.0,0.08154016545144316,0.0,-1.0,-0.050226017076848706,0.04246889093084416,0.03652044806690258,,679.882687023342,-100.0,0.08154016545144316,0.0,-1.0,-0.050226017076848706,0.04246889093084416,0.03652044806690258,,2443405.480275,-5965885.04086144,1.4705882352941124,2448405.48027432,1794712.4084365896,1.3642327699774337,0.0,False,True,rising,falling,buy_only,accelerating,neutral,False,False,False,pass,S1,⚡ 선행 시동,가격 미급등 상태에서 선행조건 6개 개선,S0,True,가격 미급등 상태에서 선행조건 6개 개선,2026-09-05T00:34:54.830847+09:00,2026-09-04T15:10:00Z,33889285661-1
KRW-0G,제로지,268.0,242.13333333333333,232.48,389.8666666666667,1.254530248118213,-4.152328515714615,37.89329685362517,-1.6479468007541953,-1.601973797100807,,,,,False,False,False,False,2498.8754485071177,17.543859649122815,10.0,A급,2.6819923371647514,4.126292751414439,1.0,0.27878449958183005,-0.15775715073623076,False,True,False,True,2026-09-05T00:34:54.830847+09:00,1788536094,121168636.61966965,125287284.3530277,0.9671263707675812,203,0.0,complete,1788535194966,1788536100362,1099171.38351995,1233635.35951641,-0.05764042666536652,262.0,271.0,3.435114503816794,2.2900763358778553,1.107011070110701,33.33333333333355,complete_hourly_ordered,/v1/candles/minutes/60,120,False,59.111111111111114,225.0,2026-08-31T08:00:00,358.0,2026-09-01T11:00:00,D-4,25.139664804469277,67.66917293233085,False,True,0.19899402808794586,1121.5628627878602,870.2164803747014,4.126292751414439,2.6819923371647514,1.0,0.27878449958183005,-0.15775715073623076,,0.19899402808794586,1121.5628627878602,870.2164803747014,4.126292751414439,2.6819923371647514,1.0,0.27878449958183005,-0.15775715073623076,,-12.237691174517739,300.1688961789929,5363.771251680313,6.703969867282012,4.280155642023353,0.0,0.3624198494563746,-0.20509745053765727,,-12.237691174517739,300.1688961789929,5363.771251680313,6.703969867282012,4.280155642023353,0.0,0.3624198494563746,-0.20509745053765727,,-12.237691174517739,300.1688961789929,5363.771251680313,6.703969867282012,4.280155642023353,0.0,0.3624198494563746,-0.20509745053765727,,-12.237691174517739,300.1688961789929,5363.771251680313,6.703969867282012,4.280155642023353,0.0,0.3624198494563746,-0.20509745053765727,,0.19899402808794586,111249487.93638882,112373951.4126677,2.6819923371647514,246455920.97269735,22432959.857663892,10.98633094056464,4.280155642023353,False,False,rising,rising,sell_advantage_weakening,accelerating,neutral,True,True,False,🔴 1차 급등 완료·상승분 반납 / 신규매수 금지,S3,🔴 1차 급등 완료·반납,당일/5D 급등 후 상승분 상당 부분 반납,S3,False,,,2026-09-04T15:10:00Z,33889285661-1
KRW-BORA,보라,31.2,30.34,30.046,37.455000000000005,0.7304116865869847,-0.9784996338946965,18.996128687758656,-1.2368672215205767,-1.1329913018106805,,,,,True,False,False,False,-68.77787943615886,4.347826086956519,8.0,B급,0.6451612903225712,0.04622897610211396,0.0,0.044267374944673143,-0.03199519974580056,False,False,False,False,2026-09-05T00:34:54.830847+09:00,1788536094,1550653.073702304,0.0,,9,0.0,complete,1788535429733,1788535506582,2908499.9519919,3936940.77282468,-0.15023734222172186,31.2,32.1,2.8846153846153966,0.0,2.803738317757016,100.0,complete_hourly_ordered,/v1/candles/minutes/60,120,False,10.309278350515472,29.1,2026-08-31T09:00:00,32.1,2026-09-04T19:00:00,D-1,2.8037383177570208,30.00000000000009,False,True,,,-100.0,0.04622897610211396,0.6451612903225712,0.0,0.044267374944673143,-0.03199519974580056,,,,-100.0,0.04622897610211396,0.6451612903225712,0.0,0.044267374944673143,-0.03199519974580056,,,-92.04405637973382,-100.0,0.3339158528262942,-0.6369426751592355,0.0,-0.06640106241699861,0.047987461035042145,,,-92.04405637973382,-100.0,0.3339158528262942,-0.6369426751592355,0.0,-0.06640106241699861,0.047987461035042145,,,-92.04405637973382,-100.0,0.3339158528262942,-0.6369426751592355,0.0,-0.06640106241699861,0.047987461035042145,,,-92.04405637973382,-100.0,0.3339158528262942,-0.6369426751592355,0.0,-0.06640106241699861,0.047987461035042145,,,1550653.073702304,-359958.918880318,0.6451612903225712,1550653.073702304,2490900.49310004,0.6225271053571654,-0.6369426751592355,False,False,rising,falling,buy_only,accelerating,neutral,False,False,False,pass,S0,🌱 초발사 준비,발사 구조 관찰 또는 초기 준비,S0,False,,,2026-09-04T15:10:00Z,33889285661-1
KRW-PUNDIX,펀디엑스,127.0,124.46666666666667,115.0,145.11666666666667,0.8099352051835762,-8.231884057971016,14.229929941426441,-1.0233802741750115,-1.3517415828406105,,,10.527108229905176,,False,False,False,False,171.35041481626212,3.2258064516129004,13.0,A급,0.0,0.32342890204182595,0.0,0.053995680345564345,-0.04101705219900076,False,False,False,False,2026-09-05T00:34:54.830847+09:00,1788536094,6729088.0,11937735.85112012,0.5636820988436102,20,0.0,complete,1788535209444,1788535942602,1479536.228967,3236570.13022004,-0.37256027905950717,128.0,138.0,7.8125,-0.78125,7.971014492753622,110.00000000000001,complete_hourly_ordered,/v1/candles/minutes/60,120,False,19.999999999999996,120.0,2026-09-02T03:00:00,144.0,2026-09-03T19:00:00,D-2,11.805555555555557,70.83333333333331,True,False,0.5634094100028373,112051.46666666667,-45.74521082175115,0.32342890204182595,-0.78125,0.0,0.053995680345564345,-0.04101705219900076,-0.09480582269240756,0.5634094100028373,112051.46666666667,-45.74521082175115,0.32342890204182595,-0.78125,0.0,0.053995680345564345,-0.04101705219900076,-0.09480582269240756,-12.5495086184375,-32.173793936105945,1477.871600978789,3.340815513686607,0.0,0.0,0.0,0.0,0.0,-12.5495086184375,-32.173793936105945,1477.871600978789,3.340815513686607,0.0,0.0,0.0,0.0,0.0,-12.5495086184375,-32.173793936105945,1477.871600978789,3.340815513686607,0.0,0.0,0.0,0.0,0.0,-12.5495086184375,-32.173793936105945,1477.871600978789,3.340815513686607,0.0,0.0,0.0,0.0,0.0,0.5634094100028373,6723088.0,-10065364.76346313,-0.78125,18666823.85112012,17186502.978651717,1.0861327562859757,0.0,False,False,rising,falling,sell_advantage_weakening,accelerating,leading_buy_inflow,True,True,False,🔴 1차 급등 완료·상승분 반납 / 신규매수 금지,S3,🔴 1차 급등 완료·반납,당일/5D 급등 후 상승분 상당 부분 반납,S3,False,,,2026-09-04T15:10:00Z,33889285661-1
KRW-USD1,월드리버티파이낸셜유에스디,1365.0,1380.2666666666667,1416.28,1463.0,-0.06275039822368766,2.5428116850716895,5.655046707678288,-0.04587566250658082,0.032282693688100925,,,,,False,False,False,False,-25.954840436851423,-1.93965517241379,5.0,관찰,0.0,0.0,0.0,0.0,0.0,False,False,False,False,2026-09-05T00:34:54.830847+09:00,1788536094,0.0,0.0,,0,0.0,complete,,,36716.17497875,26497.33188257,0.16165600681826522,1366.0,1371.0,0.36603221083455484,-0.07320644216690653,0.437636761487965,119.99999999999879,complete_hourly_ordered,/v1/candles/minutes/60,120,False,0.9454545454545382,1375.0,2026-09-01T04:00:00,1388.0,2026-09-02T07:00:00,D-3,1.6570605187319898,176.923076923078,True,True,,,,0.0,0.0,0.0,0.0,0.0,,,,,0.0,0.0,0.0,0.0,0.0,,,-100.0,-100.0,0.10537594975733455,-0.07320644216690653,0.0,-0.0048269537095024795,0.004019429410323738,,,-100.0,-100.0,0.10537594975733455,-0.07320644216690653,0.0,-0.0048269537095024795,0.004019429410323738,,,-100.0,-100.0,0.10537594975733455,-0.07320644216690653,0.0,-0.0048269537095024795,0.004019429410323738,,,-100.0,-100.0,0.10537594975733455,-0.07320644216690653,0.0,-0.0048269537095024795,0.004019429410323738,,,0.0,0.0,0.0,0,40003.657599915,0.0,-0.07320644216690653,False,False,flat_or_na,flat_or_na,unavailable,flat_or_na,neutral,False,False,False,pass,S0,🌱 초발사 준비,발사 구조 관찰 또는 초기 준비,S0,False,,,2026-09-04T15:10:00Z,33889285661-1
KRW-BAT,베이직어텐션토큰,95.3,95.42666666666668,96.87,122.2875,0.2942825112107528,1.489969374763423,21.96531398003338,-1.1439528786847888,-0.8450107977204105,1.3024744310066794,,,,False,False,False,False,-3.654389170699701,2.69396551724137,5.0,관찰,0.10504201680672232,0.17730668042048592,0.0,0.0210201793721998,-0.014759891114628942,False,False,False,False,2026-09-05T00:34:54.830847+09:00,1788536094,0.0,0.0,,0,0.0,complete,,,667241.21869006,225287.14158341,0.4951709063577942,97.2,98.0,0.8230452674897082,-1.9547325102880708,2.7551020408163294,337.5000000000017,complete_hourly_ordered,/v1/candles/minutes/60,120,False,8.306010928961749,91.5,2026-08-31T08:00:00,99.1,2026-09-04T04:00:00,D-1,3.8345105953582204,50.0,True,False,,,-100.0,0.17730668042048592,0.10504201680672232,0.0,0.0210201793721998,-0.014759891114628942,,,,-100.0,0.17730668042048592,0.10504201680672232,0.0,0.0210201793721998,-0.014759891114628942,,,-100.0,-100.0,0.7276062117367315,-0.3138075313807498,0.0,-0.0420403587443996,0.029517971829005063,,,-100.0,-100.0,0.7276062117367315,-0.3138075313807498,0.0,-0.0420403587443996,0.029517971829005063,,,-100.0,-100.0,0.7276062117367315,-0.3138075313807498,0.0,-0.0420403587443996,0.029517971829005063,,,-100.0,-100.0,0.7276062117367315,-0.3138075313807498,0.0,-0.0420403587443996,0.029517971829005063,,,0.0,-391524.038740898,0.10504201680672232,0,1489314.2972652274,0.0,-0.3138075313807498,False,False,flat_or_na,falling,unavailable,accelerating,neutral,False,False,False,pass,S0,🌱 초발사 준비,발사 구조 관찰 또는 초기 준비,S0,False,,,2026-09-04T15:10:00Z,33889285661-1
KRW-HUNT,헌트,122.0,119.66666666666667,115.12,125.80833333333334,0.6730229949523325,-3.949501968959926,4.88176458899119,-0.8395361819336212,-0.9698485359853606,,,5.033532977426567,,False,False,False,False,160.82620457340528,4.31034482758621,14.0,A급,-0.8196721311475419,0.5846002197748703,0.0,0.0,0.0,True,False,False,False,2026-09-05T00:34:54.830847+09:00,1788536094,5579440.42581427,2276482.0326133,2.4509046616147994,15,0.0,complete,1788535858138,1788536032367,1759633.19232561,3214687.42811358,-0.29251315844202685,124.0,125.0,0.8064516129032251,-1.6129032258064502,2.4,300.0,complete_hourly_ordered,/v1/candles/minutes/60,120,False,12.280701754385959,114.0,2026-08-31T18:00:00,128.0,2026-09-03T13:00:00,D-2,4.6875,42.85714285714283,False,True,,206.5387189464599,,0.5846002197748703,0.0,0.0,0.0,0.0,0.0,,206.5387189464599,,0.5846002197748703,0.0,0.0,0.0,0.0,0.0,,968.8583191240466,,4.719687619700721,0.0,0.0,-0.056085249579362895,0.04668709528341797,0.09567876412735554,,968.8583191240466,,4.719687619700721,0.0,0.0,-0.056085249579362895,0.04668709528341797,0.09567876412735554,,968.8583191240466,,4.719687619700721,0.0,0.0,-0.056085249579362895,0.04668709528341797,0.09567876412735554,,968.8583191240466,,4.719687619700721,0.0,0.0,-0.056085249579362895,0.04668709528341797,0.09567876412735554,,3759298.27705401,2276482.0326133,0.0,7855922.45842757,1993282.6004300201,3.9411985318753975,0.0,False,True,rising,rising,buy_advantage_weakening,accelerating,neutral,False,False,False,pass,S1,⚡ 선행 시동,가격 미급등 상태에서 선행조건 3개 개선,S1,False,,,2026-09-04T15:10:00Z,33889285661-1
KRW-PENGU,펏지펭귄,11.3,12.446666666666665,9.912799999999999,10.531416666666667,0.766407599309149,-25.561563500390065,-18.186062337292373,-1.1635224581620018,-2.083862169926756,,,,,False,False,False,False,-2.5288056604966136,-5.833333333333323,7.0,B급,0.8928571428571619,0.6776428502501819,0.0,0.05397236614852474,-0.05395506245006487,False,False,False,False,2026-09-05T00:34:54.830847+09:00,1788536094,8467782.444227599,37480734.296589434,0.22592360056825583,19,0.0,complete,1788535199056,1788535889870,62856537.28782861,90064189.016774,-0.17791997452817807,11.9,12.3,3.3613445378151363,-5.042016806722682,8.130081300813007,249.9999999999993,complete_hourly_ordered,/v1/candles/minutes/60,120,False,10.71428571428572,11.2,2026-09-02T19:00:00,12.4,2026-09-04T00:00:00,D-1,8.870967741935477,91.6666666666665,False,False,0.020232321057264385,-55.667070640203576,-59.637253737322894,0.6776428502501819,0.8928571428571619,0.0,0.05397236614852474,-0.05395506245006487,,0.020232321057264385,-55.667070640203576,-59.637253737322894,0.6776428502501819,0.8928571428571619,0.0,0.05397236614852474,-0.05395506245006487,,-1.2467522499473271,-84.06830563508029,3.8502462336777787,3.6181982833582205,-1.7391304347825987,0.0,-0.053972366148546946,0.053946524378545746,,-1.2467522499473271,-84.06830563508029,3.8502462336777787,3.6181982833582205,-1.7391304347825987,0.0,-0.053972366148546946,0.053946524378545746,,-1.2467522499473271,-84.06830563508029,3.8502462336777787,3.6181982833582205,-1.7391304347825987,0.0,-0.053972366148546946,0.053946524378545746,,-1.2467522499473271,-84.06830563508029,3.8502462336777787,3.6181982833582205,-1.7391304347825987,0.0,-0.053972366148546946,0.053946524378545746,,0.020232321057264385,-10632652.75486542,-55378988.50985241,0.8928571428571619,45948516.74081703,40518029.45777503,1.1340264409625662,-1.7391304347825987,False,False,falling,falling,sell_advantage_weakening,accelerating,neutral,False,False,False,pass,S0,🌱 초발사 준비,발사 구조 관찰 또는 초기 준비,S0,False,,,2026-09-04T15:10:00Z,33889285661-1
KRW-FIL,파일코인,1024.0,1017.2666666666667,1015.6,1175.3833333333334,0.07870400734570904,-0.16410660364972715,13.4523488790891,-1.031312976888679,-1.0436370078708503,,,12.88987337324648,,True,False,False,False,142.65236901012392,11.18349619978285,12.0,A급,0.4906771344455274,0.2927410560010628,0.0,0.032793336394054684,-0.025292374163505826,False,False,False,False,2026-09-05T00:34:54.830847+09:00,1788536094,1425639.78967295,130515.39904802,10.923153896563733,5,0.0,complete,1788535228323,1788535577864,138085.98145881,71185.97512028,0.31967974798021515,1082.0,1082.0,0.0,-5.360443622920519,5.360443622920517,,complete_hourly_ordered,/v1/candles/minutes/60,120,False,26.211453744493383,908.0,2026-08-31T08:00:00,1146.0,2026-09-03T10:00:00,D-2,10.645724258289702,51.260504201680625,True,True,10.77124047570182,32.79201434013017,-98.15319921768203,0.2927410560010628,0.4906771344455274,0.0,0.032793336394054684,-0.025292374163505826,-0.0871339733491805,10.77124047570182,32.79201434013017,-98.15319921768203,0.2927410560010628,0.4906771344455274,0.0,0.032793336394054684,-0.025292374163505826,-0.0871339733491805,10.722214639361495,-76.57110773466466,-99.56900870815811,2.7255145041809783,-0.2921129503407949,0.0,-0.013117334557621874,0.010116447576415055,0.03461582438992039,10.722214639361495,-76.57110773466466,-99.56900870815811,2.7255145041809783,-0.2921129503407949,0.0,-0.013117334557621874,0.010116447576415055,0.03461582438992039,10.722214639361495,-76.57110773466466,-99.56900870815811,2.7255145041809783,-0.2921129503407949,0.0,-0.013117334557621874,0.010116447576415055,0.03461582438992039,10.722214639361495,-76.57110773466466,-99.56900870815811,2.7255145041809783,-0.2921129503407949,0.0,-0.013117334557621874,0.010116447576415055,0.03461582438992039,10.77124047570182,352051.29358963016,-6936592.23365542,0.4906771344455274,1556155.18872097,5875218.03683522,0.2648676489901331,-0.2921129503407949,False,False,rising,falling,buy_advantage_accelerating,accelerating,leading_buy_inflow,False,False,False,pass,S0,🌱 초발사 준비,발사 구조 관찰 또는 초기 준비,S0,False,,,2026-09-04T15:10:00Z,33889285661-1
KRW-BEAM,빔,2.13,2.13,2.0836,2.267333333333333,0.5033029254482679,-2.2269149548857636,6.057042046456924,-1.0661743114008853,-1.0392957714524111,,,5.828025296391069,,False,False,False,False,-91.73773076646717,2.898550724637694,12.0,A급,0.9478672985782088,0.012122506476785588,0.0,0.06291286568103072,-0.05190450944986402,False,False,False,False,2026-09-05T00:34:54.830847+09:00,1788536094,3678717.8922780408,0.0,,5,0.0,complete,1788535697400,1788535742132,53408815.69476469,75847555.48282526,-0.17359871380909486,2.17,2.2,1.382488479262678,-1.8433179723502335,3.1818181818181945,233.3333333333331,complete_hourly_ordered,/v1/candles/minutes/60,120,False,10.83743842364533,2.03,2026-08-31T11:00:00,2.25,2026-09-03T05:00:00,D-2,5.333333333333334,54.54545454545464,False,True,,,-100.0,0.012122506476785588,0.9478672985782088,0.0,0.06291286568103072,-0.05190450944986402,-0.10924583907683338,,,-100.0,0.012122506476785588,0.9478672985782088,0.0,0.06291286568103072,-0.05190450944986402,-0.10924583907683338,,163.89078400877466,,0.03805854079854498,0.4716981132075304,0.0,0.03145643284052646,-0.025951300843394698,-0.05434674488054725,,163.89078400877466,,0.03805854079854498,0.4716981132075304,0.0,0.03145643284052646,-0.025951300843394698,-0.05434674488054725,,163.89078400877466,,0.03805854079854498,0.4716981132075304,0.0,0.03145643284052646,-0.025951300843394698,-0.05434674488054725,,163.89078400877466,,0.03805854079854498,0.4716981132075304,0.0,0.03145643284052646,-0.025951300843394698,-0.05434674488054725,,3678717.8922780408,-19999.99999835,0.9478672985782088,3678717.8922780408,4847530.635105258,0.7588849187743528,0.4716981132075304,False,True,rising,falling,buy_only,accelerating,neutral,False,False,False,pass,S1,⚡ 선행 시동,가격 미급등 상태에서 선행조건 6개 개선,S0,True,가격 미급등 상태에서 선행조건 6개 개선,2026-09-05T00:34:54.830847+09:00,2026-09-04T15:10:00Z,33889285661-1
KRW-DOOD,두들즈,1.84,1.8566666666666667,1.8966,2.499,0.2519798416126706,2.1055221624661695,25.703614779245033,-0.8963869394916891,-1.137357394811141,2.348898750867723,,,,False,False,False,False,65.37393778700871,0.5464480874316946,6.0,관찰,1.098901098901095,0.7734878647302708,0.0,0.03599712023039103,-0.02420060742251806,False,False,False,False,2026-09-05T00:34:54.830847+09:00,1788536094,5594672.97021273,0.0,,31,0.0,complete,1788535217820,1788536091383,44805439.2516522,99313548.6281838,-0.3782160156576977,1.86,1.9,2.1505376344086002,-1.0752688172043001,3.1578947368420964,150.0,complete_hourly_ordered,/v1/candles/minutes/60,120,False,7.777777777777772,1.8,2026-08-31T08:00:00,1.94,2026-09-02T00:00:00,D-3,5.154639175257724,71.4285714285715,False,False,,1654.905229645051,-100.0,0.7734878647302708,1.098901098901095,0.0,0.03599712023039103,-0.02420060742251806,,,1654.905229645051,-100.0,0.7734878647302708,1.098901098901095,0.0,0.03599712023039103,-0.02420060742251806,,,1157.1031343720458,-100.0,2.7696979893040066,1.098901098901095,0.0,0.1079913606911509,-0.07260666481033695,,,1157.1031343720458,-100.0,2.7696979893040066,1.098901098901095,0.0,0.1079913606911509,-0.07260666481033695,,,1157.1031343720458,-100.0,2.7696979893040066,1.098901098901095,0.0,0.1079913606911509,-0.07260666481033695,,,1157.1031343720458,-100.0,2.7696979893040066,1.098901098901095,0.0,0.1079913606911509,-0.07260666481033695,,,5275870.9702127455,-5524538.545882175,1.098901098901095,5594672.97021273,2845010.7813569065,1.9664856832438409,1.098901098901095,False,False,rising,falling,buy_only,accelerating,neutral,False,False,False,pass,S0,🌱 초발사 준비,발사 구조 관찰 또는 초기 준비,S0,False,,,2026-09-04T15:10:00Z,33889285661-1
KRW-WAVES,웨이브,303.0,303.4,311.28,403.30833333333334,0.3970880211780159,2.5314829092778197,24.77219662375768,-1.1204321466595961,-0.9806758007142392,2.2593808262508928,,,,False,False,False,False,-35.27575131916545,0.3311258278145601,5.0,관찰,0.6644518272425293,0.14468733919044752,0.0,0.0,0.0,False,False,False,False,2026-09-05T00:34:54.830847+09:00,1788536094,0.0,0.0,,0,0.0,complete,,,1030007.34534824,677772.01571509,0.20625341754559826,303.0,312.0,2.970297029702973,0.0,2.8846153846153846,100.0,complete_hourly_ordered,/v1/candles/minutes/60,120,False,6.1224489795918435,294.0,2026-08-31T10:00:00,312.0,2026-09-04T16:00:00,D-1,2.8846153846153855,50.00000000000018,False,False,,-100.0,-100.0,0.14468733919044752,0.6644518272425293,0.0,0.0,0.0,,,-100.0,-100.0,0.14468733919044752,0.6644518272425293,0.0,0.0,0.0,,,-100.0,-100.0,0.9739812258591627,-0.6557377049180357,0.0,0.0,0.0,,,-100.0,-100.0,0.9739812258591627,-0.6557377049180357,0.0,0.0,0.0,,,-100.0,-100.0,0.9739812258591627,-0.6557377049180357,0.0,0.0,0.0,,,-100.0,-100.0,0.9739812258591627,-0.6557377049180357,0.0,0.0,0.0,,,-2947991.0579638695,-8865398.205986079,0.6644518272425293,0,3683528.298789365,0.0,-0.6557377049180357,False,False,falling,falling,unavailable,accelerating,neutral,False,False,False,pass,S0,🌱 초발사 준비,발사 구조 관찰 또는 초기 준비,S0,False,,,2026-09-04T15:10:00Z,33889285661-1
KRW-USDC,유에스디코인,1369.0,1379.4,1415.7,1462.6166666666666,-0.03864921010676703,2.5641025641025608,5.689574620827955,-0.04626845700632924,0.0319386046652852,,,,,False,False,False,False,-56.24894376696075,-1.6534867002156672,5.0,관찰,-0.07304601899196239,0.12920771689819333,0.0,-0.009662302526680655,0.00804131332321667,False,False,False,False,2026-09-05T00:34:54.830847+09:00,1788536094,2400221.69888938,1400048.42357768,1.7143847730322497,13,0.0,complete,1788535335055,1788536125895,305065.4042998,125580.02033028,0.41678228469209,1365.0,1373.0,0.586080586080584,0.293040293040292,0.29133284777858703,50.0,complete_hourly_ordered,/v1/candles/minutes/60,120,False,0.9454545454545382,1375.0,2026-09-01T05:00:00,1388.0,2026-09-02T03:00:00,D-3,1.368876080691639,146.15384615384636,False,False,-1.3357495901897578,-92.2259889894043,-86.16892864631262,0.12920771689819333,0.0,0.0,-0.009662302526680655,0.00804131332321667,,-1.3357495901897578,-92.2259889894043,-86.16892864631262,0.12920771689819333,0.0,0.0,-0.009662302526680655,0.00804131332321667,,,,,0.9372403619659622,0.293040293040292,0.0,0.014493453790043187,-0.012062313609201958,,,,,0.9372403619659622,0.293040293040292,0.0,0.014493453790043187,-0.012062313609201958,,,,,0.9372403619659622,0.293040293040292,0.0,0.014493453790043187,-0.012062313609201958,,,,,0.9372403619659622,0.293040293040292,0.0,0.014493453790043187,-0.012062313609201958,,-1.3357495901897578,-28474724.266815633,-8722438.748787502,0.0,3800270.1224670596,6014019.740935755,0.6319018370690872,0.293040293040292,False,False,falling,falling,buy_advantage_weakening,accelerating,neutral,False,False,False,pass,S0,🌱 초발사 준비,발사 구조 관찰 또는 초기 준비,S0,False,,,2026-09-04T15:10:00Z,33889285661-1
KRW-MOVE,무브먼트,12.4,11.766666666666667,11.609200000000001,16.729666666666667,2.02901901844037,-1.3563955024176186,29.665863037717422,-2.725389577308661,-1.937476591106612,,,,,True,False,False,False,-51.457628180748785,10.71428571428572,9.0,B급,0.8130081300812941,0.05963743025961321,0.0,0.05780680964218021,-0.036347716170581634,False,False,False,True,2026-09-05T00:34:54.830847+09:00,1788536094,6788408.078362715,45491.304000000004,149.22430182178806,17,0.0,complete,1788535238454,1788536121915,36950639.48318233,33914174.0524889,0.04284870416211519,13.3,13.3,0.0,-6.766917293233088,6.766917293233085,,complete_hourly_ordered,/v1/candles/minutes/60,120,False,25.0,10.8,2026-08-31T11:00:00,13.5,2026-09-04T07:00:00,D-1,8.148148148148149,40.74074074074075,False,True,149.09708172142692,130.4904153298429,-99.80349706172147,0.05963743025961321,0.8130081300812941,0.0,0.05780680964218021,-0.036347716170581634,,149.09708172142692,130.4904153298429,-99.80349706172147,0.05963743025961321,0.8130081300812941,0.0,0.05780680964218021,-0.036347716170581634,,138.63285716132032,-59.689415023839246,-97.13888874135279,0.6655567242374545,-0.8000000000000007,0.0,0.0,0.0,,138.63285716132032,-59.689415023839246,-97.13888874135279,0.6655567242374545,-0.8000000000000007,0.0,0.0,0.0,,138.63285716132032,-59.689415023839246,-97.13888874135279,0.6655567242374545,-0.8000000000000007,0.0,0.0,0.0,,138.63285716132032,-59.689415023839246,-97.13888874135279,0.6655567242374545,-0.8000000000000007,0.0,0.0,0.0,,149.09708172142692,3843206.184111201,-23104953.36544218,0.8130081300812941,6833899.382362716,30012630.122368265,0.22770078312028524,-0.8000000000000007,False,False,rising,falling,buy_advantage_accelerating,accelerating,neutral,False,False,False,pass,S0,🌱 초발사 준비,발사 구조 관찰 또는 초기 준비,S0,False,,,2026-09-04T15:10:00Z,33889285661-1
KRW-TREE,트리하우스,56.0,53.833333333333336,52.282,67.0825,0.7485963817841723,-2.9672417530571504,19.750555907526792,-1.3064794633117043,-1.2192920589325915,,,,,False,False,False,False,245.23012880497882,5.273069679849329,10.0,A급,-0.35650623885918886,0.5561707579518895,0.0,-0.024953212726130936,0.0178817792550916,False,False,False,False,2026-09-05T00:34:54.830847+09:00,1788536094,6709321.7468799995,459946.856399732,14.587167307540074,11,0.0,complete,1788535752928,1788536081759,1992868.79917731,1781478.05856913,0.056007237430848,57.3,57.8,0.8726003490401313,-2.2687609075043635,3.114186851211068,360.00000000000256,complete_hourly_ordered,/v1/candles/minutes/60,120,False,13.819577735124744,52.1,2026-08-31T08:00:00,59.3,2026-08-31T14:00:00,D-4,5.564924114671155,45.833333333333215,False,True,13.276391458488037,-68.82990424097284,-97.19911290025081,0.5561707579518895,-0.17825311942959443,0.0,-0.024953212726130936,0.0178817792550916,,13.276391458488037,-68.82990424097284,-97.19911290025081,0.5561707579518895,-0.17825311942959443,0.0,-0.024953212726130936,0.0178817792550916,,13.009671822803815,133.42279595545588,-74.75703137620758,1.8285638657271477,1.8181818181818077,0.0,0.09981285090456815,-0.07153600337008115,,13.009671822803815,133.42279595545588,-74.75703137620758,1.8285638657271477,1.8181818181818077,0.0,0.09981285090456815,-0.07153600337008115,,13.009671822803815,133.42279595545588,-74.75703137620758,1.8285638657271477,1.8181818181818077,0.0,0.09981285090456815,-0.07153600337008115,,13.009671822803815,133.42279595545588,-74.75703137620758,1.8285638657271477,1.8181818181818077,0.0,0.09981285090456815,-0.07153600337008115,,13.276391458488037,-14815545.544991944,-15961523.914090041,-0.17825311942959443,7169268.603279731,9437829.56753438,0.7596310732227699,1.8181818181818077,False,False,falling,falling,buy_advantage_accelerating,accelerating,neutral,False,False,False,pass,S1,⚡ 선행 시동,가격 미급등 상태에서 선행조건 4개 개선,S1,False,,,2026-09-04T15:10:00Z,33889285661-1
KRW-USDE,유에스디이,1369.0,1379.6,1416.22,1462.25,-0.0338147915559639,2.5857564502690344,5.652248247563692,-0.04803206337380739,0.03217269716122821,,,,,False,False,False,False,-9.315093745207903,-1.7229002153625217,5.0,관찰,0.0,0.02569851561925418,0.0,0.0,0.0,False,False,False,False,2026-09-05T00:34:54.830847+09:00,1788536094,0.0,0.0,,0,0.0,complete,,,42194.39222639,22145.3937901,0.3116112078947781,1366.0,1377.0,0.8052708638360162,0.21961932650074178,0.5809731299927379,72.72727272727147,complete_hourly_ordered,/v1/candles/minutes/60,120,False,2.2760646108663796,1362.0,2026-08-30T12:00:00,1393.0,2026-08-31T08:00:00,D-4,1.7229002153625217,77.41935483871005,True,False,,-100.0,,0.02569851561925418,0.0,0.0,0.0,0.0,,,-100.0,,0.02569851561925418,0.0,0.0,0.0,0.0,,,,,3.597854751299556,0.07309941520468044,0.0,0.004830684507994842,-0.004021520885430618,,,,,3.597854751299556,0.07309941520468044,0.0,0.004830684507994842,-0.004021520885430618,,,,,3.597854751299556,0.07309941520468044,0.0,0.004830684507994842,-0.004021520885430618,,,,,3.597854751299556,0.07309941520468044,0.0,0.004830684507994842,-0.004021520885430618,,,-205802.47236545,0.0,0.0,0,189868.324792145,0.0,0.07309941520468044,False,False,falling,flat_or_na,unavailable,accelerating,neutral,False,False,False,pass,S0,🌱 초발사 준비,발사 구조 관찰 또는 초기 준비,S0,False,,,2026-09-04T15:10:00Z,33889285661-1
KRW-WET,휴미디파이,84.3,87.72666666666667,94.87200000000001,99.74333333333334,-1.4823687953881781,7.531551283132368,12.047588811282289,0.8313922537291758,0.6415872812243218,,,,,False,False,False,False,-24.21976934756469,2.682926829268295,4.0,-,0.11890606420927874,0.042373962739905124,0.0,0.0299468443512807,-0.023796791284377505,False,False,False,False,2026-09-05T00:34:54.830847+09:00,1788536094,5515.742049465,0.0,,1,0.0,complete,1788535864996,1788535864996,701482.34379327,609564.73397346,0.07011007566286989,84.6,86.2,1.891252955082745,-0.35460992907800915,2.204176334106735,118.74999999999972,complete_hourly_ordered,/v1/candles/minutes/60,120,False,6.815365551425034,80.7,2026-09-02T10:00:00,86.2,2026-09-04T16:00:00,D-1,2.2041763341067333,34.545454545454696,False,False,,-94.0277526447986,-100.0,0.042373962739905124,0.23781212841855748,0.0,0.0299468443512807,-0.023796791284377505,,,-94.0277526447986,-100.0,0.042373962739905124,0.23781212841855748,0.0,0.0299468443512807,-0.023796791284377505,,,-99.30246873112279,,1.186655639585645,0.5966587112171906,0.0,0.03743355543909255,-0.029746237636976147,,,-99.30246873112279,,1.186655639585645,0.5966587112171906,0.0,0.03743355543909255,-0.029746237636976147,,,-99.30246873112279,,1.186655639585645,0.5966587112171906,0.0,0.03743355543909255,-0.029746237636976147,,,-99.30246873112279,,1.186655639585645,0.5966587112171906,0.0,0.03743355543909255,-0.029746237636976147,,,-86840.480347472,-952845.735901525,0.23781212841855748,5515.742049465,1045201.958298462,0.005277202176739469,0.5966587112171906,False,False,falling,falling,buy_only,accelerating,neutral,False,False,False,pass,S0,🌱 초발사 준비,발사 구조 관찰 또는 초기 준비,S0,False,,,2026-09-04T15:10:00Z,33889285661-1
KRW-USDT,테더,1369.0,1379.2,1415.24,1462.0833333333333,-0.03865481252415259,2.546564540289984,5.66885152465089,-0.04869022559995195,0.03185932954674557,,,,,False,False,False,False,-53.61705888386498,-1.510791366906472,5.0,관찰,0.0,0.2325663051080724,0.0,-0.004831851565512135,0.004022028096293262,False,False,False,False,2026-09-05T00:34:54.830847+09:00,1788536094,295278845.5060308,507622376.9283336,0.5816899705895322,372,0.0,complete,1788535199853,1788536141339,11140624.08792323,10283945.39668969,0.03998580656889301,1364.0,1372.0,0.5865102639296182,0.3665689149560114,0.21865889212827988,37.5,complete_hourly_ordered,/v1/candles/minutes/60,120,False,0.9454545454545382,1375.0,2026-09-01T04:00:00,1388.0,2026-09-02T03:00:00,D-3,1.368876080691639,146.15384615384636,False,False,-2.2154660971467606,-88.41922581497718,-44.31185954970061,0.2325663051080724,0.0,0.0,-0.004831851565512135,0.004022028096293262,,-2.2154660971467606,-88.41922581497718,-44.31185954970061,0.2325663051080724,0.0,0.0,-0.004831851565512135,0.004022028096293262,,-8.257568121575684,-93.619240011288,-3.0390977736386993,1.9724132699115344,0.1463057790782818,0.0,0.009663703131046475,-0.008044193738604655,,-8.257568121575684,-93.619240011288,-3.0390977736386993,1.9724132699115344,0.1463057790782818,0.0,0.009663703131046475,-0.008044193738604655,,-8.257568121575684,-93.619240011288,-3.0390977736386993,1.9724132699115344,0.1463057790782818,0.0,0.009663703131046475,-0.008044193738604655,,-8.257568121575684,-93.619240011288,-3.0390977736386993,1.9724132699115344,0.1463057790782818,0.0,0.009663703131046475,-0.008044193738604655,,-2.2154660971467606,-2254454365.663124,-403922474.13627845,0.0,802901222.4343643,811714315.5649296,0.9891426170986874,0.1463057790782818,False,False,falling,falling,sell_advantage_accelerating,accelerating,neutral,False,False,False,pass,S0,🌱 초발사 준비,발사 구조 관찰 또는 초기 준비,S0,False,,,2026-09-04T15:10:00Z,33889285661-1
KRW-USDS,유에스디에스,1364.0,1379.2,1415.46,1462.3333333333333,-0.0869313242538472,2.561711387110903,5.684978345110546,-0.0574966082583467,0.02306213352978963,,,,,False,False,False,False,-66.55720607140043,-1.729106628242072,5.0,관찰,0.0,0.0,0.0,0.0,0.0,False,False,False,False,2026-09-05T00:34:54.830847+09:00,1788536094,0.0,0.0,,0,0.0,complete,,,29872.55761399,10802.86145766,0.4688260524799661,1375.0,1393.0,1.3090909090909042,-0.8000000000000007,2.0818377602297202,161.1111111111114,complete_hourly_ordered,/v1/candles/minutes/60,120,False,1.8261504747991264,1369.0,2026-08-25T07:00:00,1394.0,2026-08-31T01:00:00,D-4,2.152080344332852,119.99999999999989,False,False,,,,0.0,0.0,0.0,0.0,0.0,,,,,0.0,0.0,0.0,0.0,0.0,,,,,0.01893799850773803,0.0,0.0,0.0,0.0,,,,,0.01893799850773803,0.0,0.0,0.0,0.0,,,,,0.01893799850773803,0.0,0.0,0.0,0.0,,,,,0.01893799850773803,0.0,0.0,0.0,0.0,,,0.0,0.0,0.0,0,367617.73916112003,0.0,0.0,False,False,flat_or_na,flat_or_na,unavailable,flat_or_na,neutral,False,False,False,pass,S0,🌱 초발사 준비,발사 구조 관찰 또는 초기 준비,S0,False,,,2026-09-04T15:10:00Z,33889285661-1
KRW-2Z,더블제로,70.5,76.5,79.544,102.82083333333334,-0.3387180823345548,3.8268128331489453,25.59873566478908,-0.9893131915382838,-0.587172717664189,3.86815102222445,,,,False,False,False,False,36.937389159313014,-2.754820936639124,6.0,관찰,0.426742532005675,0.5875163011668647,1.0,0.017370158068441555,-0.011761729503486862,False,False,False,False,2026-09-05T00:34:54.830847+09:00,1788536094,10042.492917841002,3216057.431425181,0.0031226099446211436,22,0.0,complete,1788535244846,1788536073337,970371.98576721,789253.87753305,0.10292989663976895,74.0,74.6,0.8108108108108025,-4.729729729729726,5.495978552278813,683.3333333333389,complete_hourly_ordered,/v1/candles/minutes/60,120,False,5.841446453407495,71.9,2026-08-31T08:00:00,76.1,2026-09-02T01:00:00,D-3,7.358738501971085,133.3333333333336,False,False,-0.4762200675555531,-99.81491149900967,-71.58760805459339,0.5875163011668647,0.2844950213371389,1.0,0.017370158068441555,-0.011761729503486862,,-0.4762200675555531,-99.81491149900967,-71.58760805459339,0.5875163011668647,0.2844950213371389,1.0,0.017370158068441555,-0.011761729503486862,,-0.2700353975757898,-98.04337741888676,71.1603867293706,5.762551335026274,-0.5641748942172176,0.0,-0.008685079034209675,0.00588072176473986,,-0.2700353975757898,-98.04337741888676,71.1603867293706,5.762551335026274,-0.5641748942172176,0.0,-0.008685079034209675,0.00588072176473986,,-0.2700353975757898,-98.04337741888676,71.1603867293706,5.762551335026274,-0.5641748942172176,0.0,-0.008685079034209675,0.00588072176473986,,-0.2700353975757898,-98.04337741888676,71.1603867293706,5.762551335026274,-0.5641748942172176,0.0,-0.008685079034209675,0.00588072176473986,,-0.4762200675555531,-5415736.452887903,-8103149.47521161,0.2844950213371389,3226099.924343022,1491073.7139749206,2.1636086090893856,-0.5641748942172176,False,False,falling,falling,sell_advantage_accelerating,accelerating,neutral,False,False,False,pass,S0,🌱 초발사 준비,발사 구조 관찰 또는 초기 준비,S0,False,,,2026-09-04T15:10:00Z,33889285661-1
KRW-BOUNTY,체인바운티,16.3,15.973333333333333,18.03,22.175833333333333,0.6722689075630228,11.40691440192273,27.969636616436816,-1.2196957814777292,-0.9830340064189812,9.352261912476749,,,,False,False,False,False,123.30130642859763,0.6172839506172867,8.0,B급,0.0,0.0021348070431059796,0.0,0.0,0.0,False,False,False,False,2026-09-05T00:34:54.830847+09:00,1788536094,1342687.5650146902,6167126.309679979,0.21771689075140152,11,0.0,complete,1788536004211,1788536059240,6365598.63537975,8000494.44938919,-0.11380239598633614,16.6,17.0,2.409638554216853,-1.8072289156626509,4.117647058823525,175.00000000000045,complete_hourly_ordered,/v1/candles/minutes/60,120,False,15.923566878980889,15.7,2026-09-01T13:00:00,18.2,2026-09-02T13:00:00,D-3,10.439560439560436,76.0,False,True,0.21771689075140152,,21087.67321122133,0.0021348070431059796,0.0,0.0,0.0,0.0,,0.21771689075140152,,21087.67321122133,0.0021348070431059796,0.0,0.0,0.0,0.0,,-6.429205769705016,156.13102233269552,7719.710682590221,0.363643322935701,-0.609756097560965,0.0,-0.042016806722688926,0.027354938998065847,,-6.429205769705016,156.13102233269552,7719.710682590221,0.363643322935701,-0.609756097560965,0.0,-0.042016806722688926,0.027354938998065847,,-6.429205769705016,156.13102233269552,7719.710682590221,0.363643322935701,-0.609756097560965,0.0,-0.042016806722688926,0.027354938998065847,,-6.429205769705016,156.13102233269552,7719.710682590221,0.363643322935701,-0.609756097560965,0.0,-0.042016806722688926,0.027354938998065847,,0.21771689075140152,1342687.5650146902,6138019.166822907,0.0,7509813.87469467,1133335.683766589,6.6262926176789465,-0.609756097560965,False,False,rising,rising,sell_advantage_weakening,accelerating,leading_buy_inflow,True,True,False,🔴 1차 급등 완료·상승분 반납 / 신규매수 금지,S3,🔴 1차 급등 완료·반납,당일/5D 급등 후 상승분 상당 부분 반납,S3,False,,,2026-09-04T15:10:00Z,33889285661-1
KRW-KAITO,카이토,412.0,443.53333333333336,952.32,849.875,-1.1441307578008875,53.42601926523297,47.811933127420694,-0.25106282810527175,0.3072501045912027,,,,,False,False,False,False,-35.68051675377576,-0.9638554216867434,1.0,-,0.4889975550122161,0.0454990624829108,0.0,0.014858841010412238,-0.007332639758473647,False,False,False,False,2026-09-05T00:34:54.830847+09:00,1788536094,4657277.56560464,50000.000003199995,93.1455513061315,15,0.0,complete,1788535524986,1788535949039,656749.38647287,497651.99068434,0.13781809250809968,415.0,421.0,1.4457831325301207,-0.7228915662650603,2.137767220902613,150.0,complete_hourly_ordered,/v1/candles/minutes/60,120,False,5.940594059405946,404.0,2026-08-31T08:00:00,428.0,2026-08-31T17:00:00,D-4,3.738317757009346,66.66666666666666,False,False,74.77465709248398,121.72886811874713,-56.26889826510516,0.0454990624829108,0.7334963325183352,0.0,0.014858841010412238,-0.007332639758473647,,74.77465709248398,121.72886811874713,-56.26889826510516,0.0454990624829108,0.7334963325183352,0.0,0.014858841010412238,-0.007332639758473647,,93.09332429261416,528.9797757019238,-99.64732899438474,0.5138012492736479,1.228501228501222,0.0,0.059435364041615646,-0.029331421858096007,,93.09332429261416,528.9797757019238,-99.64732899438474,0.5138012492736479,1.228501228501222,0.0,0.059435364041615646,-0.029331421858096007,,93.09332429261416,528.9797757019238,-99.64732899438474,0.5138012492736479,1.228501228501222,0.0,0.059435364041615646,-0.029331421858096007,,93.09332429261416,528.9797757019238,-99.64732899438474,0.5138012492736479,1.228501228501222,0.0,0.059435364041615646,-0.029331421858096007,,74.77465709248398,2556839.4922409,-64335.102520190005,0.7334963325183352,4707277.56560784,7482877.74655519,0.6290731620966116,1.228501228501222,False,False,rising,falling,buy_advantage_accelerating,accelerating,neutral,False,False,False,pass,S0,🌱 초발사 준비,발사 구조 관찰 또는 초기 준비,S0,False,,,2026-09-04T15:10:00Z,33889285661-1
KRW-LPT,라이브피어,1954.0,1912.8,1891.28,2404.0333333333333,0.4938531049700545,-1.1378537286916788,20.43371556134829,-0.9990622863468678,-0.8534256466535254,,,,,False,False,False,False,2884.0396260422663,5.507559395248385,10.0,A급,1.7708333333333437,8.963500628023212,1.0,0.11208013729817612,-0.07992275629208478,False,True,False,False,2026-09-05T00:34:54.830847+09:00,1788536094,8448479.40969878,4166738.0492887297,2.027600321825115,72,0.0,complete,1788535325988,1788536050774,25677.72630821,34772.56652068,-0.15045154931199028,1975.0,2445.0,23.79746835443037,-1.0632911392405076,20.081799591002046,104.46808510638299,complete_hourly_ordered,/v1/candles/minutes/60,120,False,36.0601001669449,1797.0,2026-09-02T19:00:00,2445.0,2026-09-04T09:00:00,D-1,20.081799591002046,75.77160493827162,False,True,0.7007595278660632,-29.47623397417122,-53.849972946115955,8.963500628023212,1.7708333333333437,1.0,0.11208013729817612,-0.07992275629208478,,0.7007595278660632,-29.47623397417122,-53.849972946115955,8.963500628023212,1.7708333333333437,1.0,0.11208013729817612,-0.07992275629208478,,1.7107905407661883,-66.10015164429264,-94.70319499365871,31.821095321481607,1.5592515592515621,1.0,0.12258765016988082,-0.0874164238553341,,1.7107905407661883,-66.10015164429264,-94.70319499365871,31.821095321481607,1.5592515592515621,1.0,0.12258765016988082,-0.0874164238553341,,1.7107905407661883,-66.10015164429264,-94.70319499365871,31.821095321481607,1.5592515592515621,1.0,0.12258765016988082,-0.0874164238553341,,1.7107905407661883,-66.10015164429264,-94.70319499365871,31.821095321481607,1.5592515592515621,1.0,0.12258765016988082,-0.0874164238553341,,0.7007595278660632,-3531140.9165960327,-4861941.488479931,1.7708333333333437,12615217.45898751,2472799.5367383454,5.101593263652559,1.5592515592515621,False,True,falling,falling,buy_advantage_accelerating,accelerating,neutral,True,True,False,🔴 1차 급등 완료·상승분 반납 / 신규매수 금지,S3,🔴 1차 급등 완료·반납,당일/5D 급등 후 상승분 상당 부분 반납,S3,False,,,2026-09-04T15:10:00Z,33889285661-1
KRW-BLAST,블라스트,0.391,0.3897333333333333,0.37258,0.46950833333333336,0.6369426751592133,-4.603932936103199,16.991178715322775,-1.3846942222189411,-1.2979586420323528,,,13.09069346671776,,False,False,False,False,-34.7422658760342,0.5141388174807249,10.0,A급,0.0,0.011811055745475585,0.0,0.0,0.0,False,False,False,False,2026-09-05T00:34:54.830847+09:00,1788536094,1329400.0,0.0,,2,0.0,complete,1788535717396,1788535717611,307599300.85839313,192553881.51460022,0.23002036855580146,0.4,0.401,0.24999999999999467,-2.2499999999999964,2.493765586034915,1000.0000000000177,complete_hourly_ordered,/v1/candles/minutes/60,120,False,16.79790026246719,0.381,2026-08-31T10:00:00,0.445,2026-09-01T12:00:00,D-4,12.134831460674157,84.37499999999997,True,True,,199.7695386641664,-100.0,0.011811055745475585,0.0,0.0,0.0,0.0,0.0,,199.7695386641664,-100.0,0.011811055745475585,0.0,0.0,0.0,0.0,0.0,,-87.01255463874776,-100.0,0.10536819993249225,0.5141388174807249,0.0,0.03442933379238511,-0.025452747784481033,-0.0712304465915139,,-87.01255463874776,-100.0,0.10536819993249225,0.5141388174807249,0.0,0.03442933379238511,-0.025452747784481033,-0.0712304465915139,,-87.01255463874776,-100.0,0.10536819993249225,0.5141388174807249,0.0,0.03442933379238511,-0.025452747784481033,-0.0712304465915139,,-87.01255463874776,-100.0,0.10536819993249225,0.5141388174807249,0.0,0.03442933379238511,-0.025452747784481033,-0.0712304465915139,,885925.9879559227,-889726.047444937,0.0,1329400.0,1333200.0594890143,0.9971496704774595,0.5141388174807249,False,False,rising,falling,buy_only,accelerating,neutral,True,True,False,🔴 1차 급등 완료·상승분 반납 / 신규매수 금지,S3,🔴 1차 급등 완료·반납,당일/5D 급등 후 상승분 상당 부분 반납,S3,False,,,2026-09-04T15:10:00Z,33889285661-1
KRW-ETHFI,이더파이,772.0,788.2,664.7,600.8833333333333,0.1355128313712317,-18.579810440800358,-31.173550051313352,-0.09042137617358144,-0.5388377376818874,,,,,False,False,False,False,40.83207164391347,6.043956043956045,6.0,관찰,0.9150326797385588,0.02510333587127178,0.0,0.08469551960703647,-0.09276887066532069,False,False,False,False,2026-09-05T00:34:54.830847+09:00,1788536094,377999.99994452,270000.0000004,1.3999999997924444,10,0.0,complete,1788535357335,1788535681587,178425.18906729,98898.01757668,0.2867670991296004,806.0,813.0,0.8684863523573227,-4.218362282878408,5.043050430504305,585.7142857142837,complete_hourly_ordered,/v1/candles/minutes/60,120,False,16.527777777777786,720.0,2026-08-31T08:00:00,839.0,2026-09-02T16:00:00,D-3,7.9856972586412445,56.3025210084034,True,True,1.3974198971281953,6200.000003012834,-88.38953800360537,0.02510333587127178,0.9150326797385588,0.0,0.08469551960703647,-0.09276887066532069,,1.3974198971281953,6200.000003012834,-88.38953800360537,0.02510333587127178,0.9150326797385588,0.0,0.08469551960703647,-0.09276887066532069,,1.181398018881619,53.04641715861735,-76.10267859490123,1.0458473193361257,0.12970168612191912,0.0,0.016939103921398413,-0.01855171557607349,,1.181398018881619,53.04641715861735,-76.10267859490123,1.0458473193361257,0.12970168612191912,0.0,0.016939103921398413,-0.01855171557607349,,1.181398018881619,53.04641715861735,-76.10267859490123,1.0458473193361257,0.12970168612191912,0.0,0.016939103921398413,-0.01855171557607349,,1.181398018881619,53.04641715861735,-76.10267859490123,1.0458473193361257,0.12970168612191912,0.0,0.016939103921398413,-0.01855171557607349,,1.3974198971281953,371999.99994827004,-2055488.85724096,0.9150326797385588,647999.99994492,5055753.960167451,0.1281707941189958,0.12970168612191912,False,False,rising,falling,buy_advantage_accelerating,accelerating,neutral,False,True,False,pass,S0,🌱 초발사 준비,발사 구조 관찰 또는 초기 준비,S3,True,발사 구조 관찰 또는 초기 준비,2026-09-05T00:34:54.830847+09:00,2026-09-04T15:10:00Z,33889285661-1
KRW-DKA,디카르고,4.95,4.814000000000001,4.8995999999999995,6.069916666666667,0.5990526609083613,1.7470813943995138,20.690838699048573,-1.0996768831577612,-1.0215671147500607,1.5887224885392766,,,,False,False,False,False,-82.17291351151056,-0.6024096385542244,6.0,관찰,-0.4024144869215207,0.021562977809082895,0.0,-0.06965728615211386,0.049468098861872534,False,False,False,False,2026-09-05T00:34:54.830847+09:00,1788536094,0.0,0.0,,0,0.0,complete,,,18688531.53515579,13909293.83138066,0.14661216354270354,4.99,5.16,3.4068136272545013,-0.8016032064128265,4.069767441860464,123.52941176470596,complete_hourly_ordered,/v1/candles/minutes/60,120,False,7.724425887265141,4.79,2026-09-01T00:00:00,5.16,2026-09-04T11:00:00,D-1,4.069767441860462,56.75675675675684,False,True,,-100.0,-100.0,0.021562977809082895,-0.4024144869215207,0.0,-0.06965728615211386,0.049468098861872534,,,-100.0,-100.0,0.021562977809082895,-0.4024144869215207,0.0,-0.06965728615211386,0.049468098861872534,,,-100.0,-100.0,0.10354728288345427,-0.4024144869215207,0.0,-0.09752020061297717,0.06925343698889463,,,-100.0,-100.0,0.10354728288345427,-0.4024144869215207,0.0,-0.09752020061297717,0.06925343698889463,,,-100.0,-100.0,0.10354728288345427,-0.4024144869215207,0.0,-0.09752020061297717,0.06925343698889463,,,-100.0,-100.0,0.10354728288345427,-0.4024144869215207,0.0,-0.09752020061297717,0.06925343698889463,,,-238722.80423010536,-2237202.126088246,-0.4024144869215207,0,1621974.237740711,0.0,-0.4024144869215207,False,False,falling,falling,unavailable,accelerating,neutral,False,True,False,pass,S0,🌱 초발사 준비,발사 구조 관찰 또는 초기 준비,S0,False,,,2026-09-04T15:10:00Z,33889285661-1
KRW-ANKR,앵커,5.69,5.5553333333333335,5.1282000000000005,5.7123333333333335,0.8471499455403597,-8.32910832910832,2.7484390500087534,-0.9643475447214968,-1.2228564183383903,,,2.247556629537354,,False,False,False,False,9144.177936328004,4.595588235294112,14.0,A급,0.8865248226950451,5.1780447168112005,0.0,0.04840856831658247,-0.04101006296977472,True,True,True,False,2026-09-05T00:34:54.830847+09:00,1788536094,6050003.201283411,725111.3077705187,8.343551033406447,29,0.0,complete,1788535321778,1788535949915,20653574.95432127,22762463.30123263,-0.048573947132119655,5.86,6.0,2.3890784982935065,-2.9010238907849817,5.166666666666661,221.4285714285718,complete_hourly_ordered,/v1/candles/minutes/60,120,False,32.706766917293216,5.32,2026-09-02T10:00:00,7.06,2026-09-03T09:00:00,D-2,19.405099150141638,78.73563218390802,False,True,7.889281885031887,36.58135740492827,-92.56375413013481,5.1780447168112005,0.8865248226950451,0.0,0.04840856831658247,-0.04101006296977472,-0.048939476504376245,7.889281885031887,36.58135740492827,-92.56375413013481,5.1780447168112005,0.8865248226950451,0.0,0.04840856831658247,-0.04101006296977472,-0.048939476504376245,7.446763718452627,-28.794548894263748,-92.34664652358242,21.916232441477405,0.5300353356890497,0.0,0.08471499455402487,-0.07177075142394473,-0.08608384097238897,7.446763718452627,-28.794548894263748,-92.34664652358242,21.916232441477405,0.5300353356890497,0.0,0.08471499455402487,-0.07177075142394473,-0.08608384097238897,7.446763718452627,-28.794548894263748,-92.34664652358242,21.916232441477405,0.5300353356890497,0.0,0.08471499455402487,-0.07177075142394473,-0.08608384097238897,7.446763718452627,-28.794548894263748,-92.34664652358242,21.916232441477405,0.5300353356890497,0.0,0.08471499455402487,-0.07177075142394473,-0.08608384097238897,7.889281885031887,1620406.573870548,-9025928.672079744,0.8865248226950451,6775114.50905393,62934659.05238359,0.10765315346214352,0.5300353356890497,False,True,rising,falling,buy_advantage_accelerating,accelerating,neutral,True,True,False,🔴 1차 급등 완료·상승분 반납 / 신규매수 금지,S3,🔴 1차 급등 완료·반납,당일/5D 급등 후 상승분 상당 부분 반납,S3,False,,,2026-09-04T15:10:00Z,33889285661-1
KRW-ALGO,알고랜드,125.0,125.06666666666666,120.56,137.3,0.21367521367521292,-3.7381110373811053,8.909929594561797,-0.6648913866911811,-0.8829492906366638,,,10.091100008854596,,False,False,False,False,32.78388810947832,5.932203389830515,11.0,A급,0.8064516129032251,0.04648651366765222,0.0,0.05341880341880323,-0.04302943426976036,False,False,False,False,2026-09-05T00:34:54.830847+09:00,1788536094,5001.0,0.0,,1,0.0,complete,1788535562300,1788535562300,6015665.26184038,5506045.06984837,0.044231297031515834,127.0,130.0,2.3622047244094446,-1.5748031496062964,3.8461538461538463,166.66666666666669,complete_hourly_ordered,/v1/candles/minutes/60,120,False,12.93103448275863,116.0,2026-08-31T08:00:00,131.0,2026-09-04T01:00:00,D-1,4.580152671755721,39.999999999999964,False,False,,-99.52519914004317,-100.0,0.04648651366765222,0.8064516129032251,0.0,0.05341880341880323,-0.04302943426976036,-0.14853694625704783,,-99.52519914004317,-100.0,0.04648651366765222,0.8064516129032251,0.0,0.05341880341880323,-0.04302943426976036,-0.14853694625704783,,-99.75664245418858,-100.0,1.0947182581379167,0.0,0.0,0.05341880341880323,-0.04302943426976036,-0.14853694625704783,,-99.75664245418858,-100.0,1.0947182581379167,0.0,0.0,0.05341880341880323,-0.04302943426976036,-0.14853694625704783,,-99.75664245418858,-100.0,1.0947182581379167,0.0,0.0,0.05341880341880323,-0.04302943426976036,-0.14853694625704783,,-99.75664245418858,-100.0,1.0947182581379167,0.0,0.0,0.05341880341880323,-0.04302943426976036,-0.14853694625704783,,-1048282.6862289598,-14625088.682275498,0.8064516129032251,5001.0,6662299.481343691,0.0007506417287310791,0.0,False,True,falling,falling,buy_only,accelerating,neutral,False,False,False,pass,S1,⚡ 선행 시동,가격 미급등 상태에서 선행조건 4개 개선,S0,True,가격 미급등 상태에서 선행조건 4개 개선,2026-09-05T00:34:54.830847+09:00,2026-09-04T15:10:00Z,33889285661-1
KRW-SHIB,시바이누,0.00714,0.007332,0.0067874,0.007203749999999999,0.2918110523436157,-8.023690956772846,-1.7803227485684647,-0.4245728846897913,-0.9425470194650141,,,,,False,False,False,False,-2.1840646787812723,3.338171262699552,7.0,B급,0.42313117066290484,0.3334368619293815,0.0,0.018238190771469043,-0.016154452697198618,False,False,False,False,2026-09-05T00:34:54.830847+09:00,1788536094,7367417.447657721,26232467.732046265,0.28085110112067313,64,0.0,complete,1788535289658,1788536152896,80509898943.02792,40843106816.43341,0.3268711135612055,0.00738,0.00741,0.40650406504063596,-3.25203252032521,3.643724696356279,900.00000000003,complete_hourly_ordered,/v1/candles/minutes/60,120,False,10.13215859030836,0.00681,2026-08-31T08:00:00,0.0075,2026-09-04T00:00:00,D-1,4.800000000000004,52.17391304347828,False,True,-0.41394846639271743,-81.28488213801552,-53.70053475103931,0.3334368619293815,0.7052186177715081,0.0,0.018238190771469043,-0.016154452697198618,,-0.41394846639271743,-81.28488213801552,-53.70053475103931,0.3334368619293815,0.7052186177715081,0.0,0.018238190771469043,-0.016154452697198618,,-0.6792303024619211,-91.46069792359485,-70.8086416951301,2.5148745977291,-0.5571030640668551,0.0,-0.03647638154296029,0.03230666299210738,,-0.6792303024619211,-91.46069792359485,-70.8086416951301,2.5148745977291,-0.5571030640668551,0.0,-0.03647638154296029,0.03230666299210738,,-0.6792303024619211,-91.46069792359485,-70.8086416951301,2.5148745977291,-0.5571030640668551,0.0,-0.03647638154296029,0.03230666299210738,,-0.6792303024619211,-91.46069792359485,-70.8086416951301,2.5148745977291,-0.5571030640668551,0.0,-0.03647638154296029,0.03230666299210738,,-0.41394846639271743,-31998711.59298785,-30425784.347085726,0.7052186177715081,33599885.17970399,45378530.26547862,0.7404357299175212,-0.5571030640668551,False,False,falling,falling,sell_advantage_accelerating,accelerating,neutral,False,False,False,pass,S0,🌱 초발사 준비,발사 구조 관찰 또는 초기 준비,S0,False,,,2026-09-04T15:10:00Z,33889285661-1
KRW-UNI,유니스왑,8610.0,6838.333333333333,5821.88,5181.525,3.4334980336795384,-17.459194166374658,-31.975303281048216,-2.890773139632347,-3.863702225185468,,,,,False,False,False,False,165.04836656177528,20.378151260504197,6.0,관찰,1.475796930342388,0.8849756445334549,0.0,0.10587879399011069,-0.11282785164585007,False,False,False,False,2026-09-05T00:34:54.830847+09:00,1788536094,15640051.35638405,17282811.552811403,0.904948324443188,53,0.0,complete,1788535224381,1788536174254,13134.56644408,41243.71254169,-0.5169186414481002,8630.0,8875.0,2.8389339513325673,-0.2317497103128674,2.9859154929577465,108.16326530612261,complete_hourly_ordered,/v1/candles/minutes/60,120,False,28.809869375907105,6890.0,2026-08-31T13:00:00,8875.0,2026-09-04T07:00:00,D-1,2.8732394366197234,12.846347607052866,False,True,0.6037808486717755,-57.4447674288171,-85.83758693380162,0.8849756445334549,1.6528925619834656,0.0,0.10587879399011069,-0.11282785164585007,,0.6037808486717755,-57.4447674288171,-85.83758693380162,0.8849756445334549,1.6528925619834656,0.0,0.10587879399011069,-0.11282785164585007,,-0.6804730545887108,-80.96892551906359,-66.65856874580115,4.580929850991794,0.9378663540445586,0.0,0.0806695573257965,-0.08596062064606969,,-0.6804730545887108,-80.96892551906359,-66.65856874580115,4.580929850991794,0.9378663540445586,0.0,0.0806695573257965,-0.08596062064606969,,-0.6804730545887108,-80.96892551906359,-66.65856874580115,4.580929850991794,0.9378663540445586,0.0,0.0806695573257965,-0.08596062064606969,,-0.6804730545887108,-80.96892551906359,-66.65856874580115,4.580929850991794,0.9378663540445586,0.0,0.0806695573257965,-0.08596062064606969,,0.6037808486717755,-21112306.488735598,-104750146.19264871,1.6528925619834656,32922862.909195453,107971728.94220717,0.3049211421521064,0.9378663540445586,False,False,falling,falling,sell_advantage_weakening,accelerating,neutral,False,False,False,pass,S0,🌱 초발사 준비,발사 구조 관찰 또는 초기 준비,S0,False,,,2026-09-04T15:10:00Z,33889285661-1
KRW-BIO,바이오프로토콜,36.8,38.88666666666666,36.652,44.1175,-1.034950797421108,-6.096984248244739,11.856595077539154,-0.09672159650880596,-0.48136301398313763,,,,,False,False,False,False,-6.569080419477302,0.5464480874316724,8.0,B급,0.5464480874316724,0.12558356668566084,0.0,0.0508992195452862,-0.04034096084537353,False,False,False,False,2026-09-05T00:34:54.830847+09:00,1788536094,2642910.889035408,0.0,,4,0.0,complete,1788535359740,1788535938195,2834082.62841326,3247199.64265249,-0.0679325503775425,38.4,38.7,0.7812500000000222,-4.166666666666674,4.909560723514226,633.333333333319,complete_hourly_ordered,/v1/candles/minutes/60,120,False,14.285714285714302,34.3,2026-09-02T19:00:00,39.2,2026-09-04T03:00:00,D-1,6.122448979591855,48.97959183673474,True,False,,195.56037378993335,-100.0,0.12558356668566084,0.5464480874316724,0.0,0.0508992195452862,-0.04034096084537353,,,195.56037378993335,-100.0,0.12558356668566084,0.5464480874316724,0.0,0.0508992195452862,-0.04034096084537353,,,770.0344830243213,,0.7134707466890822,-0.27100271002710175,0.0,-0.016966406515106502,0.013445970969696575,,,770.0344830243213,,0.7134707466890822,-0.27100271002710175,0.0,-0.016966406515106502,0.013445970969696575,,,770.0344830243213,,0.7134707466890822,-0.27100271002710175,0.0,-0.016966406515106502,0.013445970969696575,,,770.0344830243213,,0.7134707466890822,-0.27100271002710175,0.0,-0.016966406515106502,0.013445970969696575,,,1748707.496630095,-1938073.6481751958,0.5464480874316724,2642910.889035408,6543725.702345777,0.40388473008396186,-0.27100271002710175,False,False,rising,falling,buy_only,accelerating,neutral,False,False,False,pass,S0,🌱 초발사 준비,발사 구조 관찰 또는 초기 준비,S0,False,,,2026-09-04T15:10:00Z,33889285661-1
KRW-WLFI,월드리버티파이낸셜,78.1,80.03999999999999,80.108,85.74166666666666,-0.3320604349991707,0.08488540470366511,6.649820196326176,0.3627764706826178,0.30144154508588983,,,,,False,True,False,False,-47.082635440202225,0.9009009009009139,5.0,관찰,0.512820512820511,0.08654338975788534,0.0,0.016603021749939106,-0.013736292282787055,False,False,False,False,2026-09-05T00:34:54.830847+09:00,1788536094,3420040.3840680895,11309139.954672562,0.3024138349844227,30,0.0,complete,1788535273196,1788536010278,4265778.9857155,3547596.03696934,0.09191712245489751,78.3,80.6,2.937420178799477,-0.25542784163473664,3.101736972704715,108.69565217391303,complete_hourly_ordered,/v1/candles/minutes/60,120,False,5.49738219895286,76.4,2026-09-03T09:00:00,80.6,2026-09-04T14:00:00,D-1,3.101736972704716,59.52380952380967,False,False,0.18862711982408667,93.7682139411531,-27.092460674013985,0.08654338975788534,0.12820512820512775,0.0,0.016603021749939106,-0.013736292282787055,,0.18862711982408667,93.7682139411531,-27.092460674013985,0.08654338975788534,0.12820512820512775,0.0,0.016603021749939106,-0.013736292282787055,,-9.854705782674937,-85.955000694763,371.7268903407913,0.395770289106089,0.0,0.0,0.03320604349990042,-0.027473118604905977,,-9.854705782674937,-85.955000694763,371.7268903407913,0.395770289106089,0.0,0.0,0.03320604349990042,-0.027473118604905977,,-9.854705782674937,-85.955000694763,371.7268903407913,0.395770289106089,0.0,0.0,0.03320604349990042,-0.027473118604905977,,-9.854705782674937,-85.955000694763,371.7268903407913,0.395770289106089,0.0,0.0,0.03320604349990042,-0.027473118604905977,,0.18862711982408667,1655024.1750077393,-4202479.363745047,0.12820512820512775,14729180.33874065,10060847.134650826,1.4640099528012402,0.0,False,False,rising,falling,sell_advantage_weakening,accelerating,leading_buy_inflow,False,False,False,pass,S0,🌱 초발사 준비,발사 구조 관찰 또는 초기 준비,S0,False,,,2026-09-04T15:10:00Z,33889285661-1
KRW-TOKAMAK,토카막네트워크,432.0,431.93333333333334,449.14,555.5666666666667,0.6681168427594697,3.8310252185658475,22.25355492890143,-1.264705389427067,-1.121579304573557,3.0291839115996546,,,,False,False,False,False,-80.62222157570864,2.857142857142847,6.0,관찰,-0.4608294930875556,0.05604302951547879,0.0,-0.03107520198881719,0.021666523321702158,False,False,False,False,2026-09-05T00:34:54.830847+09:00,1788536094,0.0,1561529.6727825599,0.0,2,0.0,complete,1788535642334,1788535642334,204522.93782862,139325.96491826,0.18960936733991537,447.0,454.0,1.5659955257270708,-3.3557046979865723,4.845814977973569,314.28571428571377,complete_hourly_ordered,/v1/candles/minutes/60,120,False,10.73170731707318,410.0,2026-08-31T11:00:00,454.0,2026-09-04T00:00:00,D-1,4.845814977973573,50.0,False,True,-0.8156228954096875,-100.0,1173.6193530039407,0.05604302951547879,-0.4608294930875556,0.0,-0.03107520198881719,0.021666523321702158,,-0.8156228954096875,-100.0,1173.6193530039407,0.05604302951547879,-0.4608294930875556,0.0,-0.03107520198881719,0.021666523321702158,,-0.968434399194662,-100.0,-43.13239686997426,0.12763688172648813,-0.6896551724137945,0.0,-0.04661280298323689,0.0324992975174645,,-0.968434399194662,-100.0,-43.13239686997426,0.12763688172648813,-0.6896551724137945,0.0,-0.04661280298323689,0.0324992975174645,,-0.968434399194662,-100.0,-43.13239686997426,0.12763688172648813,-0.6896551724137945,0.0,-0.04661280298323689,0.0324992975174645,,-0.968434399194662,-100.0,-43.13239686997426,0.12763688172648813,-0.6896551724137945,0.0,-0.04661280298323689,0.0324992975174645,,-0.8156228954096875,-99999.99999836,1438923.99243548,-0.4608294930875556,1561529.6727825599,2165580.6900149854,0.7210674162280947,-0.6896551724137945,False,False,falling,rising,sell_only,accelerating,neutral,False,False,False,pass,S0,🌱 초발사 준비,발사 구조 관찰 또는 초기 준비,S0,False,,,2026-09-04T15:10:00Z,33889285661-1
KRW-SKY,스카이프로토콜,92.3,94.09333333333333,85.164,89.67583333333333,0.49127803488784316,-10.484868410752586,-4.926076330486665,-0.9934679465594355,-1.2628623279848032,,,,,False,False,False,False,-0.13940433556411946,-3.552769070010453,7.0,B급,0.6543075245365237,0.0660186423712239,0.0,0.03559985760055451,-0.032297173190601214,False,False,False,False,2026-09-05T00:34:54.830847+09:00,1788536094,138450.0,0.0,,3,0.0,complete,1788535599662,1788535599662,972870.06028467,1001476.99824996,-0.014489315767270545,93.4,95.1,1.8201284796573791,-1.177730192719495,2.94426919032597,164.70588235294196,complete_hourly_ordered,/v1/candles/minutes/60,120,False,15.384615384615374,88.4,2026-09-01T14:00:00,102.0,2026-09-02T08:00:00,D-3,9.509803921568627,71.32352941176478,False,False,,-77.62484270553806,-100.0,0.0660186423712239,0.6543075245365237,0.0,0.03559985760055451,-0.032297173190601214,,,-77.62484270553806,-100.0,0.0660186423712239,0.6543075245365237,0.0,0.03559985760055451,-0.032297173190601214,,,1053.7500000011537,-100.0,0.5827461134239154,-0.10822510822511289,0.0,-0.007119971520119783,0.006459074486740768,,,1053.7500000011537,-100.0,0.5827461134239154,-0.10822510822511289,0.0,-0.007119971520119783,0.006459074486740768,,,1053.7500000011537,-100.0,0.5827461134239154,-0.10822510822511289,0.0,-0.007119971520119783,0.006459074486740768,,,1053.7500000011537,-100.0,0.5827461134239154,-0.10822510822511289,0.0,-0.007119971520119783,0.006459074486740768,,,-480316.599840921,-3878368.89529447,0.6543075245365237,138450.0,1176741.0068666355,0.11765545620667833,-0.10822510822511289,False,False,falling,falling,buy_only,accelerating,neutral,True,True,False,🔴 1차 급등 완료·상승분 반납 / 신규매수 금지,S3,🔴 1차 급등 완료·반납,당일/5D 급등 후 상승분 상당 부분 반납,S3,False,,,2026-09-04T15:10:00Z,33889285661-1
KRW-CYBER,사이버,415.0,440.73333333333335,444.9,541.1833333333333,-0.4067490207893987,0.9365400464523779,18.561177666225237,-0.3496338657343154,-0.4534695604693152,2.678630814224526,,,,False,False,False,False,106.22117955901152,-0.7177033492822948,7.0,B급,0.728155339805836,0.22211279650439053,0.0,0.045194335643261585,-0.033195514759984945,False,False,False,False,2026-09-05T00:34:54.830847+09:00,1788536094,0.0,0.0,,0,0.0,complete,,,79526.85174768,61841.49342413,0.12510126154519496,421.0,426.0,1.187648456057011,-1.4251781472684133,2.5821596244131455,220.00000000000003,complete_hourly_ordered,/v1/candles/minutes/60,120,False,4.92610837438423,406.0,2026-09-02T19:00:00,426.0,2026-09-04T11:00:00,D-1,2.5821596244131495,54.99999999999988,True,True,,-100.0,-100.0,0.22211279650439053,0.728155339805836,0.0,0.045194335643261585,-0.033195514759984945,,,-100.0,-100.0,0.22211279650439053,0.728155339805836,0.0,0.045194335643261585,-0.033195514759984945,,,-100.0,-100.0,4.098994510534084,0.24154589371980784,0.0,0.015064778547757562,-0.011064830810521897,,,-100.0,-100.0,4.098994510534084,0.24154589371980784,0.0,0.015064778547757562,-0.011064830810521897,,,-100.0,-100.0,4.098994510534084,0.24154589371980784,0.0,0.015064778547757562,-0.011064830810521897,,,-100.0,-100.0,4.098994510534084,0.24154589371980784,0.0,0.015064778547757562,-0.011064830810521897,,,-280653.99999744,-410053.93592969,0.728155339805836,0,1057324.9756766602,0.0,0.24154589371980784,False,False,falling,falling,unavailable,accelerating,neutral,False,False,False,pass,S0,🌱 초발사 준비,발사 구조 관찰 또는 초기 준비,S0,False,,,2026-09-04T15:10:00Z,33889285661-1
KRW-SKR,시커,28.2,20.293333333333337,13.6198,15.488249999999999,6.136680613668077,-48.99876160687629,-31.02405587031032,-6.652213354381456,-8.18368187069689,,,,,False,False,False,False,218.53968809727266,-20.728291316526615,10.0,A급,1.0714285714285676,0.18861882069066382,0.0,0.10460251046027214,-0.1079986348949582,False,False,False,False,2026-09-05T00:34:54.830847+09:00,1788536094,52286779.50379112,44704260.076502666,1.1696151421433314,166,0.0,complete,1788535198211,1788536177746,9786082.72952726,10356650.76127147,-0.02832624638581688,27.6,34.3,24.275362318840553,2.1739130434782483,17.78425655976676,91.04477611940302,complete_hourly_ordered,/v1/candles/minutes/60,120,False,128.88888888888889,22.5,2026-08-31T01:00:00,51.5,2026-08-31T23:00:00,D-4,45.04854368932038,80.0,False,True,0.4988123221744496,-15.673138058756486,-51.6364872930307,0.18861882069066382,0.7142857142857117,0.0,0.10460251046027214,-0.1079986348949582,,0.4988123221744496,-15.673138058756486,-51.6364872930307,0.18861882069066382,0.7142857142857117,0.0,0.10460251046027214,-0.1079986348949582,,0.1941320286054945,-72.93415416243461,-77.4265272252025,1.0343367381608743,-2.422145328719716,0.0,-0.20920502092047766,0.2158927094475267,,0.1941320286054945,-72.93415416243461,-77.4265272252025,1.0343367381608743,-2.422145328719716,0.0,-0.20920502092047766,0.2158927094475267,,0.1941320286054945,-72.93415416243461,-77.4265272252025,1.0343367381608743,-2.422145328719716,0.0,-0.20920502092047766,0.2158927094475267,,0.1941320286054945,-72.93415416243461,-77.4265272252025,1.0343367381608743,-2.422145328719716,0.0,-0.20920502092047766,0.2158927094475267,,0.4988123221744496,-9718112.294771262,-47729596.718313366,0.7142857142857117,96991039.58029379,106365536.59055589,0.9118652778827381,-2.422145328719716,False,False,falling,falling,buy_advantage_accelerating,accelerating,neutral,True,True,False,🔴 1차 급등 완료·상승분 반납 / 신규매수 금지,S3,🔴 1차 급등 완료·반납,당일/5D 급등 후 상승분 상당 부분 반납,S3,False,,,2026-09-04T15:10:00Z,33889285661-1
KRW-DOGE,도지코인,116.0,120.0,107.22,122.25,0.33444816053511683,-11.919418019026303,1.8404907975460123,-0.6462707777815699,-1.0240571042843944,,,1.7972540689829375,,False,False,False,False,-3.4411513211251687,0.8695652173912993,11.0,A급,0.8695652173912993,0.23749855952692744,0.0,0.0,0.0,False,False,False,False,2026-09-05T00:34:54.830847+09:00,1788536094,58612408.47692415,79953123.25311996,0.7330846637643634,114,0.0,complete,1788535210315,1788536192924,100306728.72975591,102075523.47517896,-0.008739870844168413,119.0,121.0,1.680672268907557,-2.5210084033613467,4.132231404958678,250.00000000000063,complete_hourly_ordered,/v1/candles/minutes/60,120,False,11.818181818181817,110.0,2026-09-02T10:00:00,123.0,2026-09-04T00:00:00,D-1,5.691056910569103,53.846153846153925,False,False,0.5625782052337153,14.011045818954205,-73.48243577195628,0.23749855952692744,0.8695652173912993,0.0,0.0,0.0,0.0,0.5625782052337153,14.011045818954205,-73.48243577195628,0.23749855952692744,0.8695652173912993,0.0,0.0,0.0,0.0,-2.5049596460285026,78.54979238424143,688.6567102300301,3.080232970837349,-0.8547008547008517,0.0,0.0,0.0,0.0,-2.5049596460285026,78.54979238424143,688.6567102300301,3.080232970837349,-0.8547008547008517,0.0,0.0,0.0,0.0,-2.5049596460285026,78.54979238424143,688.6567102300301,3.080232970837349,-0.8547008547008517,0.0,0.0,0.0,0.0,-2.5049596460285026,78.54979238424143,688.6567102300301,3.080232970837349,-0.8547008547008517,0.0,0.0,0.0,0.0,0.5625782052337153,7202996.295933612,-221556934.62981826,0.8695652173912993,138565531.73004413,148595900.30002367,0.9324990221821218,-0.8547008547008517,False,True,rising,falling,sell_advantage_weakening,accelerating,neutral,False,False,False,pass,S1,⚡ 선행 시동,가격 미급등 상태에서 선행조건 4개 개선,S0,True,가격 미급등 상태에서 선행조건 4개 개선,2026-09-05T00:34:54.830847+09:00,2026-09-04T15:10:00Z,33889285661-1
KRW-WLD,월드코인,513.0,533.5333333333333,499.74,566.95,-0.012493753123443696,-6.7621830018276095,5.894111767645602,-0.750104593769953,-0.17451503078458916,,,,,False,False,False,False,-34.45980948617689,2.1868787276341894,9.0,B급,0.982318271119853,0.2913193575003632,0.0,0.037481259370308884,-0.031128196488381832,False,False,False,False,2026-09-05T00:34:54.830847+09:00,1788536094,63378591.976464346,61671413.66452927,1.0276818417236473,76,0.0,complete,1788535205355,1788536093941,1468122.72300891,607182.16712302,0.4148501552613596,540.0,545.0,0.92592592592593,-5.000000000000004,5.871559633027523,639.9999999999981,complete_hourly_ordered,/v1/candles/minutes/60,120,False,15.020576131687235,486.0,2026-09-03T00:00:00,559.0,2026-09-04T03:00:00,D-1,8.228980322003576,63.01369863013696,False,True,0.3548905972884242,24.633234412656368,-18.40650921900151,0.2913193575003632,0.7858546168958647,0.0,0.037481259370308884,-0.031128196488381832,,0.3548905972884242,24.633234412656368,-18.40650921900151,0.2913193575003632,0.7858546168958647,0.0,0.037481259370308884,-0.031128196488381832,,0.23427475400854314,-6.981333352196772,-28.186266982790986,1.7652859111212038,-1.1560693641618491,0.0,-0.04997501249375258,0.041499991873228836,,0.23427475400854314,-6.981333352196772,-28.186266982790986,1.7652859111212038,-1.1560693641618491,0.0,-0.04997501249375258,0.041499991873228836,,0.23427475400854314,-6.981333352196772,-28.186266982790986,1.7652859111212038,-1.1560693641618491,0.0,-0.04997501249375258,0.041499991873228836,,0.23427475400854314,-6.981333352196772,-28.186266982790986,1.7652859111212038,-1.1560693641618491,0.0,-0.04997501249375258,0.041499991873228836,,0.3548905972884242,12526512.051602572,-13912328.462718122,0.7858546168958647,125050005.64099362,85250912.54326925,1.466846534663477,-1.1560693641618491,False,False,rising,falling,buy_advantage_accelerating,accelerating,neutral,True,True,False,🔴 1차 급등 완료·상승분 반납 / 신규매수 금지,S3,🔴 1차 급등 완료·반납,당일/5D 급등 후 상승분 상당 부분 반납,S3,False,,,2026-09-04T15:10:00Z,33889285661-1
KRW-PEPE,페페,0.00482,0.005178,0.0043574,0.004511,0.5176653293645694,-18.83233120668289,-14.786078474839282,-1.0690137991522104,-1.674054940182134,,,,,False,False,False,False,34.03701721281569,1.6877637130801482,9.0,B급,0.8368200836819994,0.2110814212407135,0.0,0.025883266468240684,-0.025317344227810068,False,False,False,False,2026-09-05T00:34:54.830847+09:00,1788536094,70826224.28685562,30899234.259869896,2.292167621086991,60,0.0,complete,1788535205824,1788536158819,74791371331.88478,58138119435.47322,0.12527883617305569,0.00506,0.00508,0.39525691699604515,-4.743083003952586,5.1181102362204856,1300.0000000000111,complete_hourly_ordered,/v1/candles/minutes/60,120,False,14.686825053995678,0.00463,2026-09-02T19:00:00,0.00531,2026-09-04T03:00:00,D-1,9.227871939736342,72.05882352941182,False,False,0.6131204628847218,53.5326858365456,12.46499491287869,0.2110814212407135,0.8368200836819994,0.0,0.025883266468240684,-0.025317344227810068,,0.6131204628847218,53.5326858365456,12.46499491287869,0.2110814212407135,0.8368200836819994,0.0,0.025883266468240684,-0.025317344227810068,,1.5609924154268837,181.98243969232047,-10.050832915614938,5.669848247015686,-0.6185567010309367,0.0,-0.01294163323410924,0.012657970582182543,,1.5609924154268837,181.98243969232047,-10.050832915614938,5.669848247015686,-0.6185567010309367,0.0,-0.01294163323410924,0.012657970582182543,,1.5609924154268837,181.98243969232047,-10.050832915614938,5.669848247015686,-0.6185567010309367,0.0,-0.01294163323410924,0.012657970582182543,,1.5609924154268837,181.98243969232047,-10.050832915614938,5.669848247015686,-0.6185567010309367,0.0,-0.01294163323410924,0.012657970582182543,,0.6131204628847218,24695184.5665847,3424699.375654526,0.8368200836819994,101725458.54672551,17261671.04295604,5.893140837499424,-0.6185567010309367,False,False,rising,rising,buy_advantage_accelerating,accelerating,neutral,False,False,False,pass,S0,🌱 초발사 준비,발사 구조 관찰 또는 초기 준비,S0,False,,,2026-09-04T15:10:00Z,33889285661-1
KRW-HBAR,헤데라,106.0,106.66666666666667,100.616,113.00500000000001,0.25062656641603454,-6.013622750523448,5.608896361517931,-0.4556647651705445,-0.7092052096879171,,,7.908707218868433,,False,False,False,False,-16.53074289676163,2.9126213592232997,11.0,A급,0.952380952380949,0.23793738820979726,0.0,0.06265664160400863,-0.05203758933608427,False,False,False,False,2026-09-05T00:34:54.830847+09:00,1788536094,3409988.0059945597,2480950.78075635,1.3744682209918653,9,0.0,complete,1788535207335,1788535971815,11202235.46287245,12992563.17658023,-0.07399638824802718,109.0,109.0,0.0,-2.752293577981646,2.7522935779816518,,complete_hourly_ordered,/v1/candles/minutes/60,120,False,11.00000000000001,100.0,2026-09-02T10:00:00,111.0,2026-09-04T01:00:00,D-1,4.504504504504503,45.45454545454546,False,False,-0.8010065666808874,-90.93253707487521,-85.6482407665043,0.23793738820979726,0.952380952380949,0.0,0.06265664160400863,-0.05203758933608427,-0.19225535887647904,-0.8010065666808874,-90.93253707487521,-85.6482407665043,0.23793738820979726,0.952380952380949,0.0,0.06265664160400863,-0.05203758933608427,-0.19225535887647904,-45.62411755675052,-92.67379861162696,150.51223383541804,1.5526934413374711,0.0,0.0,0.0,0.0,0.0,-45.62411755675052,-92.67379861162696,150.51223383541804,1.5526934413374711,0.0,0.0,0.0,0.0,0.0,-45.62411755675052,-92.67379861162696,150.51223383541804,1.5526934413374711,0.0,0.0,0.0,0.0,0.0,-45.62411755675052,-92.67379861162696,150.51223383541804,1.5526934413374711,0.0,0.0,0.0,0.0,0.0,-0.8010065666808874,-34196871.09177925,-14805785.572554514,0.952380952380949,5890938.78675091,22317786.40633732,0.26395712726590703,0.0,False,True,falling,falling,buy_advantage_weakening,accelerating,neutral,False,False,False,pass,S1,⚡ 선행 시동,가격 미급등 상태에서 선행조건 4개 개선,S0,True,가격 미급등 상태에서 선행조건 4개 개선,2026-09-05T00:34:54.830847+09:00,2026-09-04T15:10:00Z,33889285661-1
KRW-BCH,비트코인캐시,343100.0,358520.0,320962.0,373448.3333333333,0.6663921230953385,-11.701696774072943,3.9974293632764857,-1.0012675999224194,-1.549766791086969,,,2.579374771911834,,False,False,False,False,-18.884098210615996,1.4479905437352336,12.0,A급,0.6744868035190699,0.24702178215747495,0.0,0.05054097562799953,-0.04241790670795531,False,False,False,False,2026-09-05T00:34:54.830847+09:00,1788536094,69464669.360127,3127306.22624,22.212301685481325,37,0.0,complete,1788535308369,1788536042074,658.26711293,418.62175151,0.2225349052565601,350500.0,360000.0,2.710413694721825,-2.1112696148359533,4.694444444444444,177.8947368421055,complete_hourly_ordered,/v1/candles/minutes/60,120,False,9.090909090909083,330000.0,2026-09-03T00:00:00,360000.0,2026-09-04T18:00:00,D-1,4.6944444444444455,56.3333333333332,False,False,21.96688536219884,177.1960447025315,-96.93735322513614,0.24702178215747495,0.6158357771260947,0.0,0.05054097562799953,-0.04241790670795531,-0.041718641966222325,21.96688536219884,177.1960447025315,-96.93735322513614,0.24702178215747495,0.6158357771260947,0.0,0.05054097562799953,-0.04241790670795531,-0.041718641966222325,21.110934796990353,385.6555806650255,-75.9194259411246,2.0518703450985285,-0.20360674810936397,0.0,0.007487551944884707,-0.006283811800616768,-0.006151379551890379,21.110934796990353,385.6555806650255,-75.9194259411246,2.0518703450985285,-0.20360674810936397,0.0,0.007487551944884707,-0.006283811800616768,-0.006151379551890379,21.110934796990353,385.6555806650255,-75.9194259411246,2.0518703450985285,-0.20360674810936397,0.0,0.007487551944884707,-0.006283811800616768,-0.006151379551890379,21.110934796990353,385.6555806650255,-75.9194259411246,2.0518703450985285,-0.20360674810936397,0.0,0.007487551944884707,-0.006283811800616768,-0.006151379551890379,21.96688536219884,44404907.257579,-98983921.61455499,0.6158357771260947,72591975.586367,32397659.022009,2.240654966368169,-0.20360674810936397,False,False,rising,falling,buy_advantage_accelerating,accelerating,neutral,False,False,False,pass,S1,⚡ 선행 시동,가격 미급등 상태에서 선행조건 6개 개선,S0,True,가격 미급등 상태에서 선행조건 6개 개선,2026-09-05T00:34:54.830847+09:00,2026-09-04T15:10:00Z,33889285661-1
KRW-NEWT,뉴턴프로토콜,58.1,57.54,57.994,76.29583333333333,0.2555465210825947,0.7828396040969767,24.583037518431546,-0.8616607551411773,-0.8009718871554729,0.908524148774437,,,,False,False,False,False,99.81038087892242,3.014184397163122,7.0,B급,1.043478260869568,1.8181417167815397,0.0,0.06969450574980662,-0.047488210959262034,False,False,False,False,2026-09-05T00:34:54.830847+09:00,1788536094,1848217.1636304958,4019119.2773303473,0.45985626106079447,24,0.0,complete,1788535200482,1788536062888,2302744.70759906,493937.27754866,0.6467690783780191,57.0,58.4,2.4561403508772006,1.9298245614035148,0.5136986301369815,21.428571428571427,complete_hourly_ordered,/v1/candles/minutes/60,120,False,6.959706959706957,54.6,2026-09-02T19:00:00,58.4,2026-09-05T00:00:00,D0,0.5136986301369828,7.894736842105238,False,False,-0.6153660456957458,-83.97921313968371,-62.540670068800395,1.8181417167815397,1.043478260869568,0.0,0.06969450574980662,-0.047488210959262034,,-0.6153660456957458,-83.97921313968371,-62.540670068800395,1.8181417167815397,1.043478260869568,0.0,0.06969450574980662,-0.047488210959262034,,0.45985626106079447,,-70.440246715172,7.192612574987663,2.4691358024691246,0.0,0.16262051341617845,-0.11081550917355898,,0.45985626106079447,,-70.440246715172,7.192612574987663,2.4691358024691246,0.0,0.16262051341617845,-0.11081550917355898,,0.45985626106079447,,-70.440246715172,7.192612574987663,2.4691358024691246,0.0,0.16262051341617845,-0.11081550917355898,,0.45985626106079447,,-70.440246715172,7.192612574987663,2.4691358024691246,0.0,0.16262051341617845,-0.11081550917355898,,-0.6153660456957458,-9688152.30276915,-6710168.418717979,1.043478260869568,5867336.440960843,1197589.9679791923,4.899286565385446,2.4691358024691246,False,False,falling,falling,sell_advantage_accelerating,accelerating,neutral,False,False,False,pass,S0,🌱 초발사 준비,발사 구조 관찰 또는 초기 준비,S0,False,,,2026-09-04T15:10:00Z,33889285661-1
KRW-SEI,세이,64.3,64.76,62.044,75.02666666666667,0.38234990182908213,-4.377538521049591,13.684023458325925,-1.1756867634809942,-1.0614567853453432,,,12.891738643767631,,False,False,False,False,53.02320831296616,4.575163398692816,11.0,A급,0.0,1.3285301632609787,-1.0,-0.02066756226104527,0.015853655806882472,False,False,False,False,2026-09-05T00:34:54.830847+09:00,1788536094,1676582.731259847,4421647.964429688,0.3791759870408624,17,0.0,complete,1788535454760,1788535986178,4812240.34659393,2087487.92950543,0.3949072062050668,67.4,67.6,0.2967359050444873,-4.59940652818992,4.8816568047337245,1650.0000000001237,complete_hourly_ordered,/v1/candles/minutes/60,120,False,14.072847682119228,60.4,2026-09-01T01:00:00,68.9,2026-09-03T04:00:00,D-2,6.6763425253991375,54.11764705882365,False,False,-0.16649119394637757,-97.24624535294566,-96.03710786878833,1.3285301632609787,0.46874999999999556,-1.0,-0.02066756226104527,0.015853655806882472,0.0532861422135138,-0.16649119394637757,-97.24624535294566,-96.03710786878833,1.3285301632609787,0.46874999999999556,-1.0,-0.02066756226104527,0.015853655806882472,0.0532861422135138,-2.078952679504828,-82.08872647895218,16.115514698149003,3.9459212913847566,-0.15527950310559868,-1.0,-0.02066756226104527,0.015853655806882472,0.0532861422135138,-2.078952679504828,-82.08872647895218,16.115514698149003,3.9459212913847566,-0.15527950310559868,-1.0,-0.02066756226104527,0.015853655806882472,0.0532861422135138,-2.078952679504828,-82.08872647895218,16.115514698149003,3.9459212913847566,-0.15527950310559868,-1.0,-0.02066756226104527,0.015853655806882472,0.0532861422135138,-2.078952679504828,-82.08872647895218,16.115514698149003,3.9459212913847566,-0.15527950310559868,-1.0,-0.02066756226104527,0.015853655806882472,0.0532861422135138,-0.16649119394637757,-59206936.17821415,-107154640.71637647,0.46874999999999556,6098230.695689535,20280916.543423995,0.3006881213988754,-0.15527950310559868,False,False,falling,falling,sell_advantage_accelerating,accelerating,neutral,False,False,False,pass,S0,🌱 초발사 준비,발사 구조 관찰 또는 초기 준비,S0,False,,,2026-09-04T15:10:00Z,33889285661-1
KRW-BONK,봉크,0.00537,0.004692,0.00454,0.006283083333333333,2.5947521865889334,-3.34801762114538,25.323288725015587,-2.9728389782982343,-2.5507530197261152,,,9.927769771976847,,False,False,False,False,12334.683716092588,40.506329113924046,10.0,A급,-1.245551601423478,27.41840498014062,0.0,-0.07288629737607355,0.04809708553651504,False,True,False,True,2026-09-05T00:34:54.830847+09:00,1788536094,191613526.16731262,405107514.9705253,0.4729942523560788,1021,0.0,complete,1788535195200,1788536207636,24412616429.11773,20187110299.283245,0.0947428704118874,0.00551,0.00692,25.58983666061705,-2.5408348457350294,22.398843930635838,109.92907801418441,complete_hourly_ordered,/v1/candles/minutes/60,120,False,102.07253886010359,0.00386,2026-08-31T08:00:00,0.0078,2026-08-31T18:00:00,D-4,30.76923076923076,60.913705583756325,True,False,-0.3582520781886395,-52.77224161904937,-17.001315220076474,27.41840498014062,-4.448398576512458,0.0,-0.07288629737607355,0.04809708553651504,0.05608420159999383,-0.3582520781886395,-52.77224161904937,-17.001315220076474,27.41840498014062,-4.448398576512458,0.0,-0.07288629737607355,0.04809708553651504,0.05608420159999383,-0.08077343432613243,-78.86643101255444,-75.25744223905211,319.8871253145153,-12.682926829268293,0.0,-0.9183673469387754,0.6055574766720895,0.6766527677213006,-0.08077343432613243,-78.86643101255444,-75.25744223905211,319.8871253145153,-12.682926829268293,0.0,-0.9183673469387754,0.6055574766720895,0.6766527677213006,-0.08077343432613243,-78.86643101255444,-75.25744223905211,319.8871253145153,-12.682926829268293,0.0,-0.9183673469387754,0.6055574766720895,0.6766527677213006,-0.08077343432613243,-78.86643101255444,-75.25744223905211,319.8871253145153,-12.682926829268293,0.0,-0.9183673469387754,0.6055574766720895,0.6766527677213006,-0.3582520781886395,-214108728.57472086,-82981562.63919169,-4.448398576512458,596721041.1378379,94597746.07417452,6.307983708934737,-12.682926829268293,False,True,falling,falling,sell_advantage_accelerating,accelerating,neutral,True,True,False,🔴 1차 급등 완료·상승분 반납 / 신규매수 금지,S3,🔴 1차 급등 완료·반납,당일/5D 급등 후 상승분 상당 부분 반납,S3,False,,,2026-09-04T15:10:00Z,33889285661-1
KRW-JST,저스트,149.0,140.6,145.58,137.60833333333332,0.09492168960607561,3.4207995603791854,-2.1740446920608063,0.08924473704886368,0.21724270952964614,,,,10.007446034750014,False,False,False,False,-13.6649834161506,13.740458015267176,0.0,-,0.0,0.11322469902268573,0.0,0.0,0.0,False,False,False,False,2026-09-05T00:34:54.830847+09:00,1788536094,0.0,0.0,,0,0.0,complete,,,662926.44846912,4807028.92591895,-0.7576117525297791,146.0,150.0,2.7397260273972712,2.0547945205479534,0.6666666666666667,25.0,complete_hourly_ordered,/v1/candles/minutes/60,120,False,20.967741935483875,124.0,2026-09-01T00:00:00,150.0,2026-09-03T13:00:00,D-2,0.666666666666671,3.8461538461538547,False,False,,-100.0,,0.11322469902268573,0.0,0.0,0.0,0.0,,,-100.0,,0.11322469902268573,0.0,0.0,0.0,0.0,,,-100.0,,0.4669623572921786,0.0,0.0,0.0,0.0,,,-100.0,,0.4669623572921786,0.0,0.0,0.0,0.0,,,-100.0,,0.4669623572921786,0.0,0.0,0.0,0.0,,,-100.0,,0.4669623572921786,0.0,0.0,0.0,0.0,,,-1949316.34182823,0.0,0.0,0,1316355.5999999999,0.0,0.0,False,False,falling,flat_or_na,unavailable,accelerating,neutral,False,False,False,pass,S0,🌱 초발사 준비,발사 구조 관찰 또는 초기 준비,S0,False,,,2026-09-04T15:10:00Z,33889285661-1
KRW-AAVE,에이브,179300.0,176393.33333333334,145138.0,133335.83333333334,1.6480983480599232,-21.53490700804293,-32.29251951525909,-1.6733392914993561,-2.150295023056909,,,,,False,False,False,False,29.243751999072252,5.099648300117243,8.0,B급,0.843644544431954,0.2077955152620845,0.0,0.0537840952746782,-0.05842842149638017,False,False,False,False,2026-09-05T00:34:54.830847+09:00,1788536094,4893120.92356,16513521.06579,0.29630996951321087,20,0.0,complete,1788535337329,1788536200888,648.81455117,694.11565517,-0.033733029301249315,181100.0,185800.0,2.5952512424075147,-0.993926007730539,3.4983853606027986,138.29787234042558,complete_hourly_ordered,/v1/candles/minutes/60,120,False,10.945865556216528,168100.0,2026-08-31T11:00:00,186500.0,2026-09-02T14:00:00,D-3,3.8069705093833783,38.58695652173903,True,True,0.23413577146988676,33.494370356964495,-71.98911182813671,0.2077955152620845,0.843644544431954,0.0,0.0537840952746782,-0.05842842149638017,,0.23413577146988676,33.494370356964495,-71.98911182813671,0.2077955152620845,0.843644544431954,0.0,0.0537840952746782,-0.05842842149638017,,-0.1278000902118282,-83.60734230869737,-76.53710051021247,2.2421568041481414,0.1116694584031297,0.0,0.007683442182093714,-0.0083462913417236,,-0.1278000902118282,-83.60734230869737,-76.53710051021247,2.2421568041481414,0.1116694584031297,0.0,0.007683442182093714,-0.0083462913417236,,-0.1278000902118282,-83.60734230869737,-76.53710051021247,2.2421568041481414,0.1116694584031297,0.0,0.007683442182093714,-0.0083462913417236,,-0.1278000902118282,-83.60734230869737,-76.53710051021247,2.2421568041481414,0.1116694584031297,0.0,0.007683442182093714,-0.0083462913417236,,0.23413577146988676,1227707.2357200002,-42440414.862517,0.843644544431954,21406641.98935,21538573.574691996,0.9938746368284566,0.1116694584031297,False,False,rising,falling,sell_advantage_weakening,accelerating,neutral,False,False,False,pass,S0,🌱 초발사 준비,발사 구조 관찰 또는 초기 준비,S0,False,,,2026-09-04T15:10:00Z,33889285661-1
KRW-JTO,지토,551.0,696.4666666666667,764.62,846.4166666666666,-2.2548652694610705,8.913360013252767,17.715860982573588,1.0337782007059722,1.6271293361998602,,,,,False,False,False,False,-33.80501599671732,-12.735849056603776,2.0,-,0.18050541516245744,0.37579476957808566,0.0,0.0,0.0,False,False,False,False,2026-09-05T00:34:54.830847+09:00,1788536094,1117521.77550735,22118946.965582825,0.05052328111488393,137,0.0,complete,1788535609050,1788536206026,284711.35471089,219996.52090102,0.1282223577973881,610.0,617.0,1.1475409836065653,-9.672131147540986,10.696920583468396,942.8571428571374,complete_hourly_ordered,/v1/candles/minutes/60,120,False,12.169312169312164,567.0,2026-09-03T00:00:00,636.0,2026-09-04T02:00:00,D-1,13.52201257861635,124.63768115942034,False,False,-0.2671025066642997,-86.55447802987972,-15.471750574733246,0.37579476957808566,-0.5415162454873612,0.0,0.0,0.0,,-0.2671025066642997,-86.55447802987972,-15.471750574733246,0.37579476957808566,-0.5415162454873612,0.0,0.0,0.0,,-3.688403317935383,-82.0404212154147,1229.0812738930151,2.189916812857895,-2.821869488536155,0.0,-0.10291916167665116,0.0777199916402509,,-3.688403317935383,-82.0404212154147,1229.0812738930151,2.189916812857895,-2.821869488536155,0.0,-0.10291916167665116,0.0777199916402509,,-3.688403317935383,-82.0404212154147,1229.0812738930151,2.189916812857895,-2.821869488536155,0.0,-0.10291916167665116,0.0777199916402509,,-3.688403317935383,-82.0404212154147,1229.0812738930151,2.189916812857895,-2.821869488536155,0.0,-0.10291916167665116,0.0777199916402509,,-0.2671025066642997,-7193957.525860019,-4048573.497666165,-0.5415162454873612,23236468.741090175,7886655.85597741,2.9463018502929756,-2.821869488536155,False,False,falling,falling,sell_advantage_accelerating,accelerating,neutral,False,False,False,pass,S0,🌱 초발사 준비,발사 구조 관찰 또는 초기 준비,S0,False,,,2026-09-04T15:10:00Z,33889285661-1
KRW-JUP,주피터,295.0,299.6,275.44,293.05833333333334,0.7171671896010867,-8.771420273017725,-2.2322063297978283,-1.4039118201442886,-1.2690937065395442,,,,,False,False,False,False,-9.275406487433546,3.8596491228070073,8.0,B급,0.6802721088435382,0.4046369269984247,0.0,0.04482294935008735,-0.03968535723990296,False,False,False,False,2026-09-05T00:34:54.830847+09:00,1788536094,4997768.07536216,3978866.2249621595,1.2560784386285042,12,0.0,complete,1788535344645,1788535873742,772969.87422155,268205.24302756,0.48480281830748045,312.0,317.0,1.6025641025640969,-5.448717948717952,6.940063091482649,440.00000000000136,complete_hourly_ordered,/v1/candles/minutes/60,120,False,16.48745519713262,279.0,2026-08-31T13:00:00,325.0,2026-09-04T03:00:00,D-1,9.230769230769232,65.21739130434777,False,True,1.1245641982134846,127.68931926399966,-76.16041566137089,0.4046369269984247,0.340136054421758,0.0,0.04482294935008735,-0.03968535723990296,,1.1245641982134846,127.68931926399966,-76.16041566137089,0.4046369269984247,0.340136054421758,0.0,0.04482294935008735,-0.03968535723990296,,-0.9293020408653092,-83.43350858387043,-71.17689004036872,1.8621855957167135,0.340136054421758,0.0,0.04482294935008735,-0.03968535723990296,,-0.9293020408653092,-83.43350858387043,-71.17689004036872,1.8621855957167135,0.340136054421758,0.0,0.04482294935008735,-0.03968535723990296,,-0.9293020408653092,-83.43350858387043,-71.17689004036872,1.8621855957167135,0.340136054421758,0.0,0.04482294935008735,-0.03968535723990296,,-0.9293020408653092,-83.43350858387043,-71.17689004036872,1.8621855957167135,0.340136054421758,0.0,0.04482294935008735,-0.03968535723990296,,1.1245641982134846,2802773.55760554,-12711299.88047156,0.340136054421758,8976634.300324319,9703324.861000355,0.9251091176389699,0.340136054421758,False,False,rising,falling,buy_advantage_accelerating,accelerating,leading_buy_inflow,True,True,False,🔴 1차 급등 완료·상승분 반납 / 신규매수 금지,S3,🔴 1차 급등 완료·반납,당일/5D 급등 후 상승분 상당 부분 반납,S3,False,,,2026-09-04T15:10:00Z,33889285661-1
KRW-PIEVERSE,파이버스,1437.0,1435.9333333333334,1174.26,1125.8666666666666,0.5461674913640246,-22.284105166942023,-27.540265277119865,-0.1966927422707215,-0.9708012195895492,,,,,False,False,False,False,-34.57822049036975,2.569593147751603,6.0,관찰,-0.34674063800277377,0.18326493726422655,0.0,0.014004294650371563,-0.014932378029556048,False,False,False,False,2026-09-05T00:34:54.830847+09:00,1788536094,1251676.58491839,2202107.39076776,0.5683994296399848,10,0.0,complete,1788535241170,1788536172981,70699.79523414,51984.79344381,0.15254566194501679,1552.0,1562.0,0.6443298969072142,-7.409793814432986,8.002560819462227,1250.0000000000034,complete_hourly_ordered,/v1/candles/minutes/60,120,False,16.58107116654439,1363.0,2026-09-01T00:00:00,1589.0,2026-09-03T23:00:00,D-2,9.565764631843932,67.25663716814155,False,False,-7.53515529536161,-81.49036408456786,163.88810360975046,0.18326493726422655,-0.34674063800277377,0.0,0.014004294650371563,-0.014932378029556048,,-7.53515529536161,-81.49036408456786,163.88810360975046,0.18326493726422655,-0.34674063800277377,0.0,0.014004294650371563,-0.014932378029556048,,-0.8862840999982804,-60.412574215332924,1.314627120944123,2.020078712396831,1.2684989429175397,0.0,0.10736625898608576,-0.1144985149549278,,-0.8862840999982804,-60.412574215332924,1.314627120944123,2.020078712396831,1.2684989429175397,0.0,0.10736625898608576,-0.1144985149549278,,-0.8862840999982804,-60.412574215332924,1.314627120944123,2.020078712396831,1.2684989429175397,0.0,0.10736625898608576,-0.1144985149549278,,-0.8862840999982804,-60.412574215332924,1.314627120944123,2.020078712396831,1.2684989429175397,0.0,0.10736625898608576,-0.1144985149549278,,-7.53515529536161,-5510620.580931439,1367622.10679894,-0.34674063800277377,3453783.97568615,6913598.40484917,0.4995638701350776,1.2684989429175397,False,False,falling,rising,sell_advantage_accelerating,accelerating,neutral,True,True,False,🔴 1차 급등 완료·상승분 반납 / 신규매수 금지,S3,🔴 1차 급등 완료·반납,당일/5D 급등 후 상승분 상당 부분 반납,S3,False,,,2026-09-04T15:10:00Z,33889285661-1
KRW-ALT,알트레이어,8.62,8.731333333333334,8.625399999999999,9.39375,-0.16769570851437043,-1.2281556024455047,7.0516744289199425,-0.268282107141341,-0.29600807255099576,,,,,False,False,False,False,-26.7694658483536,2.375296912114,9.0,B급,0.936768149882905,0.024407407986014817,0.0,0.06860278984679447,-0.05645573893555955,False,False,False,False,2026-09-05T00:34:54.830847+09:00,1788536094,203200.23888044964,5708.679205332,35.59496541523253,4,0.0,complete,1788535486040,1788536123685,9356247.22924283,5088506.96197983,0.29545260589178374,8.59,8.75,1.86263096623982,0.34924330616996624,1.4857142857142946,81.25,complete_hourly_ordered,/v1/candles/minutes/60,120,False,6.060606060606055,8.25,2026-09-02T03:00:00,8.75,2026-09-04T15:00:00,D-1,1.3714285714285679,23.99999999999981,False,False,35.59496541523253,,-99.67839474350873,0.024407407986014817,0.936768149882905,0.0,0.06860278984679447,-0.05645573893555955,,35.59496541523253,,-99.67839474350873,0.024407407986014817,0.936768149882905,0.0,0.06860278984679447,-0.05645573893555955,,,-14.986805030300498,,0.6616082371951215,0.23255813953488857,0.0,0.015245064410418507,-0.012544940685216055,,,-14.986805030300498,,0.6616082371951215,0.23255813953488857,0.0,0.015245064410418507,-0.012544940685216055,,,-14.986805030300498,,0.6616082371951215,0.23255813953488857,0.0,0.015245064410418507,-0.012544940685216055,,,-14.986805030300498,,0.6616082371951215,0.23255813953488857,0.0,0.015245064410418507,-0.012544940685216055,,35.59496541523253,203200.23888044964,-1769349.1253884316,0.936768149882905,208908.91808578165,1219109.8288837634,0.1713618520138272,0.23255813953488857,False,False,rising,falling,buy_advantage_accelerating,accelerating,neutral,False,False,False,pass,S0,🌱 초발사 준비,발사 구조 관찰 또는 초기 준비,S0,False,,,2026-09-04T15:10:00Z,33889285661-1
KRW-LAYER,솔레이어,93.8,94.59333333333333,90.398,104.74416666666666,0.24019780996116236,-4.640958133292039,9.691072692990055,-0.5982508028501998,-0.6965550579790373,,,13.912859553568422,,False,False,False,False,-35.04132173215089,2.9637760702524663,10.0,A급,0.4282655246252487,0.20537478255306496,0.0,0.0282585658778034,-0.02258562237564732,False,False,False,False,2026-09-05T00:34:54.830847+09:00,1788536094,38776.20178278,0.0,,3,0.0,complete,1788535560994,1788535560999,1719843.42764753,610893.8298035,0.47579348307016534,94.7,95.5,0.8447729672650395,-0.9503695881731833,1.7801047120418876,212.50000000000165,complete_hourly_ordered,/v1/candles/minutes/60,120,False,5.986696230598665,90.2,2026-08-31T08:00:00,95.6,2026-09-03T17:00:00,D-2,1.882845188284521,33.33333333333346,False,True,,,-100.0,0.20537478255306496,0.4282655246252487,0.0,0.0282585658778034,-0.02258562237564732,-0.12344950565289814,,,-100.0,0.20537478255306496,0.4282655246252487,0.0,0.0282585658778034,-0.02258562237564732,-0.12344950565289814,,-97.83706193036579,-100.0,0.616335993192827,0.10672358591248265,0.0,0.03532320734722649,-0.028232252589468487,-0.15456534260517607,,-97.83706193036579,-100.0,0.616335993192827,0.10672358591248265,0.0,0.03532320734722649,-0.028232252589468487,-0.15456534260517607,,-97.83706193036579,-100.0,0.616335993192827,0.10672358591248265,0.0,0.03532320734722649,-0.028232252589468487,-0.15456534260517607,,-97.83706193036579,-100.0,0.616335993192827,0.10672358591248265,0.0,0.03532320734722649,-0.028232252589468487,-0.15456534260517607,,38776.20178278,-350384.0147588169,0.4282655246252487,38776.20178278,1985526.175712218,0.019529433687204244,0.10672358591248265,False,True,rising,falling,buy_only,accelerating,neutral,False,False,False,pass,S1,⚡ 선행 시동,가격 미급등 상태에서 선행조건 6개 개선,S1,False,,,2026-09-04T15:10:00Z,33889285661-1
KRW-TRX,트론,451.0,464.26666666666665,469.4,488.45,-0.1863265013616222,1.0935946598494517,4.95103558876719,0.09702929550350355,0.11347061744379898,,,,,False,False,False,False,2.864625446188862,-3.4188034188034178,4.0,-,0.4444444444444473,0.4425314936597591,0.0,0.014332807797046154,-0.012027213000338044,False,False,False,False,2026-09-05T00:34:54.830847+09:00,1788536094,7237830.823974079,7293013.783364099,0.9924334491844926,24,0.0,complete,1788535249494,1788536184719,1225151.4558504,1388464.42187893,-0.06248545068161039,452.0,453.0,0.22123893805310324,-0.22123893805309214,0.44150110375275936,199.99999999999497,complete_hourly_ordered,/v1/candles/minutes/60,120,False,3.167420814479649,442.0,2026-09-02T12:00:00,456.0,2026-09-04T01:00:00,D-1,0.8771929824561431,28.57142857142907,False,False,-1.2862290927726134,-56.08143678994526,0.8385851621202312,0.4425314936597591,0.22222222222221255,0.0,0.014332807797046154,-0.012027213000338044,,-1.2862290927726134,-56.08143678994526,0.8385851621202312,0.4425314936597591,0.22222222222221255,0.0,0.014332807797046154,-0.012027213000338044,,-3.4005022885252307,-70.64350001537505,29.94444919455759,1.8569745569423368,0.0,0.0,0.02866561559409231,-0.024054836401719903,,-3.4005022885252307,-70.64350001537505,29.94444919455759,1.8569745569423368,0.0,0.0,0.02866561559409231,-0.024054836401719903,,-3.4005022885252307,-70.64350001537505,29.94444919455759,1.8569745569423368,0.0,0.0,0.02866561559409231,-0.024054836401719903,,-3.4005022885252307,-70.64350001537505,29.94444919455759,1.8569745569423368,0.0,0.0,0.02866561559409231,-0.024054836401719903,,-1.2862290927726134,-9242286.68204908,60649.53347009886,0.22222222222221255,14530844.607338179,19574848.874886967,0.7423221859955271,0.0,False,False,falling,rising,sell_advantage_accelerating,accelerating,neutral,False,False,False,pass,S0,🌱 초발사 준비,발사 구조 관찰 또는 초기 준비,S0,False,,,2026-09-04T15:10:00Z,33889285661-1
KRW-POWR,파워렛저,65.3,62.88,58.99,70.72583333333334,1.0715816545220802,-6.594338023393796,11.093306311932233,-1.328074533057994,-1.411722774235065,,,7.857992032425123,,False,False,False,False,6.180226892466556,4.975922953451062,12.0,A급,0.6153846153846176,0.47012059593942723,0.0,0.042863266180903636,-0.033515656559657714,False,False,False,True,2026-09-05T00:34:54.830847+09:00,1788536094,256419.099999824,2852774.88757492,0.0898840988528892,11,0.0,complete,1788535558966,1788536042008,884327.5768162,831731.65373035,0.030649246919699117,64.7,66.8,3.245749613601223,0.9273570324574765,2.245508982035928,71.42857142857191,complete_hourly_ordered,/v1/candles/minutes/60,120,False,8.794788273615639,61.4,2026-09-02T10:00:00,66.8,2026-09-04T18:00:00,D-1,2.2455089820359264,27.77777777777778,False,True,-0.6417260311186735,-74.1419726222162,110.4709844355361,0.47012059593942723,0.4615384615384466,0.0,0.042863266180903636,-0.033515656559657714,-0.061343490416831514,-0.6417260311186735,-74.1419726222162,110.4709844355361,0.47012059593942723,0.4615384615384466,0.0,0.042863266180903636,-0.033515656559657714,-0.061343490416831514,-0.529731460713457,-92.69853875215681,-49.66741554433539,3.874890155947308,1.2403100775193687,0.0,0.05357908272611844,-0.0418950643550815,-0.07677183859099035,-0.529731460713457,-92.69853875215681,-49.66741554433539,3.874890155947308,1.2403100775193687,0.0,0.05357908272611844,-0.0418950643550815,-0.07677183859099035,-0.529731460713457,-92.69853875215681,-49.66741554433539,3.874890155947308,1.2403100775193687,0.0,0.05357908272611844,-0.0418950643550815,-0.07677183859099035,-0.529731460713457,-92.69853875215681,-49.66741554433539,3.874890155947308,1.2403100775193687,0.0,0.05357908272611844,-0.0418950643550815,-0.07677183859099035,-0.6417260311186735,-735223.055271963,1497350.57803135,0.4615384615384466,3109193.987574744,2314756.524772493,1.3432056262938206,1.2403100775193687,False,True,falling,rising,sell_advantage_accelerating,accelerating,neutral,False,False,False,pass,S1,⚡ 선행 시동,가격 미급등 상태에서 선행조건 4개 개선,S1,False,,,2026-09-04T15:10:00Z,33889285661-1
KRW-ATOM,코스모스,2029.0,2090.0666666666666,2029.32,2433.375,-0.17194714217481089,-2.993449365633152,14.108320063012622,-0.255063854151229,-0.22496862825557198,,,,,False,False,False,False,-5.9321650960538435,0.0,8.0,B급,0.09861932938854956,0.6976323545646146,0.0,0.003184206336570572,-0.0024455429379841576,False,False,False,False,2026-09-05T00:34:54.830847+09:00,1788536094,14513140.2349906,2745016.59377022,5.287086521782049,10,0.0,complete,1788535829121,1788536169961,32421.47117756,21544.23497096,0.20155830402116048,2057.0,2102.0,2.1876519202722378,-1.361205639280505,3.472882968601332,162.22222222222229,complete_hourly_ordered,/v1/candles/minutes/60,120,False,6.322711178553364,1977.0,2026-09-02T21:00:00,2102.0,2026-09-04T20:00:00,D-1,3.425309229305429,57.59999999999993,False,False,5.004422260451122,292.2241892642338,-79.03046218787286,0.6976323545646146,0.04930966469427478,0.0,0.003184206336570572,-0.0024455429379841576,,5.004422260451122,292.2241892642338,-79.03046218787286,0.6976323545646146,0.04930966469427478,0.0,0.003184206336570572,-0.0024455429379841576,,5.195530095567416,431.313921422078,-90.79924195621226,2.100380901860044,-1.2171372930866564,0.0,-0.09234198376055769,0.0709134596719121,,5.195530095567416,431.313921422078,-90.79924195621226,2.100380901860044,-1.2171372930866564,0.0,-0.09234198376055769,0.0709134596719121,,5.195530095567416,431.313921422078,-90.79924195621226,2.100380901860044,-1.2171372930866564,0.0,-0.09234198376055769,0.0709134596719121,,5.195530095567416,431.313921422078,-90.79924195621226,2.100380901860044,-1.2171372930866564,0.0,-0.09234198376055769,0.0709134596719121,,5.004422260451122,10812924.73777317,-10345479.81279682,0.04930966469427478,17258156.82876082,4340937.96845299,3.9756746017062365,-1.2171372930866564,False,False,rising,falling,buy_advantage_accelerating,accelerating,leading_buy_inflow,False,False,False,pass,S0,🌱 초발사 준비,발사 구조 관찰 또는 초기 준비,S0,False,,,2026-09-04T15:10:00Z,33889285661-1
KRW-ARKM,아캄,144.0,151.8,143.98,169.81666666666666,0.4411116012351224,-5.431309904153371,10.609480812641074,-1.1704655413574578,-0.9810806882624975,,,10.814075681614483,,False,False,False,False,39.71058528621949,-2.0408163265306145,12.0,A급,0.0,0.06346920844801929,1.0,0.04411116012352778,-0.03487311580767738,False,False,False,False,2026-09-05T00:34:54.830847+09:00,1788536094,0.0,0.0,,0,0.0,complete,,,542708.24050802,1161608.42939961,-0.36313685116107736,150.0,150.0,0.0,-4.0000000000000036,4.0,,complete_hourly_ordered,/v1/candles/minutes/60,120,False,5.47945205479452,146.0,2026-08-31T08:00:00,154.0,2026-08-31T14:00:00,D-4,6.493506493506496,125.00000000000011,False,True,,-100.0,-100.0,0.06346920844801929,0.0,1.0,0.04411116012352778,-0.03487311580767738,-0.11322916721171516,,-100.0,-100.0,0.06346920844801929,0.0,1.0,0.04411116012352778,-0.03487311580767738,-0.11322916721171516,,-100.0,-100.0,0.8689016838310692,-1.3698630136986356,0.0,-0.08822232024701115,0.06973596475098276,0.22166410512203605,,-100.0,-100.0,0.8689016838310692,-1.3698630136986356,0.0,-0.08822232024701115,0.06973596475098276,0.22166410512203605,,-100.0,-100.0,0.8689016838310692,-1.3698630136986356,0.0,-0.08822232024701115,0.06973596475098276,0.22166410512203605,,-100.0,-100.0,0.8689016838310692,-1.3698630136986356,0.0,-0.08822232024701115,0.06973596475098276,0.22166410512203605,,-50177.69999712,-548439.7029926099,0.0,0,1657903.547112,0.0,-1.3698630136986356,False,True,falling,falling,unavailable,accelerating,neutral,False,False,False,pass,S0,🌱 초발사 준비,발사 구조 관찰 또는 초기 준비,S0,False,,,2026-09-04T15:10:00Z,33889285661-1
KRW-CRO,크로노스,76.9,79.67333333333335,77.054,86.68,0.28530670470756636,-3.399347643643866,8.083371788955537,-0.9564823771821043,-0.9226845321567746,,,8.760710196431559,,False,False,False,False,-6.673607283642269,-3.148614609571787,9.0,B급,0.5228758169934622,0.8410400832439375,0.0,0.04195686833934342,-0.03403886953248758,False,False,False,False,2026-09-05T00:34:54.830847+09:00,1788536094,7690.000000000001,0.0,,1,0.0,complete,1788535389758,1788535389758,643341.06483678,404552.14658942,0.22787524114443336,78.7,79.8,1.3977128335451061,-2.2871664548919868,3.634085213032571,263.6363636363633,complete_hourly_ordered,/v1/candles/minutes/60,120,False,8.991825613079008,73.4,2026-09-03T00:00:00,80.0,2026-09-04T05:00:00,D-1,3.874999999999995,46.969696969696926,False,False,,-99.97269513740251,-100.0,0.8410400832439375,0.5228758169934622,0.0,0.04195686833934342,-0.03403886953248758,-0.1022842898526104,,-99.97269513740251,-100.0,0.8410400832439375,0.5228758169934622,0.0,0.04195686833934342,-0.03403886953248758,-0.1022842898526104,,-99.90681021044303,-100.0,4.003986791938329,0.13020833333334814,0.0,0.0,0.0,0.0,,-99.90681021044303,-100.0,4.003986791938329,0.13020833333334814,0.0,0.0,0.0,0.0,,-99.90681021044303,-100.0,4.003986791938329,0.13020833333334814,0.0,0.0,0.0,0.0,,-99.90681021044303,-100.0,4.003986791938329,0.13020833333334814,0.0,0.0,0.0,0.0,,-28155791.770123206,-4217351.52709558,0.5228758169934622,7690.000000000001,6353186.198125335,0.0012104162793574547,0.13020833333334814,False,False,falling,falling,buy_only,accelerating,neutral,False,False,False,pass,S0,🌱 초발사 준비,발사 구조 관찰 또는 초기 준비,S0,False,,,2026-09-04T15:10:00Z,33889285661-1
KRW-NXPC,넥스페이스,283.0,286.0,320.0,415.95,-0.23255813953488857,10.625,31.241735785551146,-0.2775684130295929,-0.03863651095842648,,,,,False,False,False,False,6.38922102405175,0.35460992907800915,5.0,관찰,0.0,0.028220504827114468,0.0,0.0,0.0,False,False,False,False,2026-09-05T00:34:54.830847+09:00,1788536094,0.0,120358.52394929,0.0,1,0.0,complete,1788535447276,1788535447276,366762.29007171,199069.64489325,0.2963647592440053,280.0,287.0,2.499999999999991,1.0714285714285676,1.3937282229965158,57.14285714285714,complete_hourly_ordered,/v1/candles/minutes/60,120,False,6.691449814126393,269.0,2026-09-03T06:00:00,287.0,2026-09-04T20:00:00,D-1,1.3937282229965153,22.222222222222296,False,False,-2.299770724834545,-100.0,-82.44017916756033,0.028220504827114468,0.0,0.0,0.0,0.0,,-2.299770724834545,-100.0,-82.44017916756033,0.028220504827114468,0.0,0.0,0.0,0.0,,-166.88279136642893,-100.0,1103.5852396373302,5.45206674371379,1.0714285714285676,0.0,0.06976744186045769,-0.04395274002437688,,-166.88279136642893,-100.0,1103.5852396373302,5.45206674371379,1.0714285714285676,0.0,0.06976744186045769,-0.04395274002437688,,-166.88279136642893,-100.0,1103.5852396373302,5.45206674371379,1.0714285714285676,0.0,0.06976744186045769,-0.04395274002437688,,-166.88279136642893,-100.0,1103.5852396373302,5.45206674371379,1.0714285714285676,0.0,0.06976744186045769,-0.04395274002437688,,-2.299770724834545,-1576308.85021062,-565061.4760483298,0.0,120358.52394929,1414805.2910910598,0.08507073355406576,1.0714285714285676,False,False,falling,falling,sell_only,accelerating,neutral,False,False,False,pass,S0,🌱 초발사 준비,발사 구조 관찰 또는 초기 준비,S0,False,,,2026-09-04T15:10:00Z,33889285661-1
KRW-A,볼타,104.0,104.66666666666667,95.686,104.45833333333333,0.5250352157766924,-9.385559712671304,-0.19944156362186788,-1.2032551411270347,-1.2249128187134717,,,,,False,False,True,False,-27.02812421685171,0.9708737864077666,8.0,B급,0.0,0.4288385528478429,0.0,0.0,0.0,False,False,False,False,2026-09-05T00:34:54.830847+09:00,1788536094,229885.05747060003,187954.88081864,1.2230863942949106,3,0.0,complete,1788535629987,1788536040851,1297145.06732089,3238900.88262753,-0.428072342461328,107.0,108.0,0.9345794392523255,-2.8037383177570097,3.7037037037037033,400.0000000000035,complete_hourly_ordered,/v1/candles/minutes/60,120,False,8.910891089108919,101.0,2026-08-31T08:00:00,110.0,2026-09-04T03:00:00,D-1,5.454545454545457,66.66666666666666,False,True,,-81.59204776464719,,0.4288385528478429,0.0,0.0,0.0,0.0,,,-81.59204776464719,,0.4288385528478429,0.0,0.0,0.0,0.0,,-6.216312148018239,-81.15696250238126,14.612398884012512,1.6095240584651513,0.0,0.0,0.0,0.0,,-6.216312148018239,-81.15696250238126,14.612398884012512,1.6095240584651513,0.0,0.0,0.0,0.0,,-6.216312148018239,-81.15696250238126,14.612398884012512,1.6095240584651513,0.0,0.0,0.0,0.0,,-6.216312148018239,-81.15696250238126,14.612398884012512,1.6095240584651513,0.0,0.0,0.0,0.0,,,-1018950.5247355601,187954.88081864,0.0,417839.93828924,1201386.304430955,0.3477981534733349,0.0,False,False,falling,rising,buy_advantage_weakening,accelerating,neutral,False,False,False,pass,S0,🌱 초발사 준비,발사 구조 관찰 또는 초기 준비,S0,False,,,2026-09-04T15:10:00Z,33889285661-1
KRW-TRUMP,오피셜트럼프,3073.0,3276.6666666666665,2490.16,2687.0583333333334,1.671424434239377,-31.58458358766773,-21.94252078636178,-1.7196064110755382,-2.4939598296491754,,,,,False,False,False,False,-68.72873420598484,-5.377996312231104,8.0,B급,0.4567699836867778,0.11744435395532093,0.0,0.004137189193675894,-0.00420572487842108,False,False,False,False,2026-09-05T00:34:54.830847+09:00,1788536094,134701621.41473004,296164165.4803117,0.454820795744395,415,0.0,complete,1788535201800,1788536246521,125479.57237574,109712.78427728,0.067037842227674,3260.0,3346.0,2.638036809815958,-5.736196319018405,8.158995815899582,317.44186046511567,complete_hourly_ordered,/v1/candles/minutes/60,120,False,16.081081081081084,2960.0,2026-09-03T02:00:00,3436.0,2026-09-04T02:00:00,D-1,10.244470314318976,73.94957983193284,True,True,-0.046118632579766394,-55.996949411876884,-51.535059055387975,0.11744435395532093,0.2610114192495905,0.0,0.004137189193675894,-0.00420572487842108,,-0.046118632579766394,-55.996949411876884,-51.535059055387975,0.11744435395532093,0.2610114192495905,0.0,0.004137189193675894,-0.00420572487842108,,-0.02782905998844626,-63.884473834057964,-61.67467790214298,0.8066811657091506,-0.9029345372460473,0.0,0.0,0.0,,-0.02782905998844626,-63.884473834057964,-61.67467790214298,0.8066811657091506,-0.9029345372460473,0.0,0.0,0.0,,-0.02782905998844626,-63.884473834057964,-61.67467790214298,0.8066811657091506,-0.9029345372460473,0.0,0.0,0.0,,-0.02782905998844626,-63.884473834057964,-61.67467790214298,0.8066811657091506,-0.9029345372460473,0.0,0.0,0.0,,-0.046118632579766394,-171417203.56302598,-314925334.90468174,0.2610114192495905,430865786.8950417,499634148.1733527,0.8623625676312837,-0.9029345372460473,False,False,falling,falling,sell_advantage_accelerating,accelerating,neutral,True,True,False,🔴 1차 급등 완료·상승분 반납 / 신규매수 금지,S3,🔴 1차 급등 완료·반납,당일/5D 급등 후 상승분 상당 부분 반납,S3,False,,,2026-09-04T15:10:00Z,33889285661-1
KRW-F,신퓨처스,4.53,4.459333333333333,4.2922,5.52275,0.6470057177249355,-3.8938850317630385,19.25520196761879,-1.2494567873785254,-1.2697982238480872,,,,,False,False,False,False,319.464489233185,4.640371229698381,10.0,A급,-0.44150110375277274,0.4724560585190716,0.0,0.015046644598259995,-0.01085307825276871,False,True,False,False,2026-09-05T00:34:54.830847+09:00,1788536094,4539353.654487108,920416.4604553387,4.931847538060594,6,0.0,complete,1788536018814,1788536154417,13272772.55651393,9504725.06313533,0.16542851002772369,4.6,4.6,0.0,-1.5217391304347738,1.5217391304347696,,complete_hourly_ordered,/v1/candles/minutes/60,120,False,11.99999999999999,4.25,2026-08-31T08:00:00,4.76,2026-08-31T09:00:00,D-4,4.831932773109237,45.0980392156862,False,True,-6.197088191758696,441.21477447506595,1121.2754742881202,0.4724560585190716,0.0,0.0,0.015046644598259995,-0.01085307825276871,,-6.197088191758696,441.21477447506595,1121.2754742881202,0.4724560585190716,0.0,0.0,0.015046644598259995,-0.01085307825276871,,-27.404059647052314,-22.988849087350804,404.92749601692014,2.2895559990129755,1.116071428571419,0.0,0.04513993379475778,-0.032560217381956136,,-27.404059647052314,-22.988849087350804,404.92749601692014,2.2895559990129755,1.116071428571419,0.0,0.04513993379475778,-0.032560217381956136,,-27.404059647052314,-22.988849087350804,404.92749601692014,2.2895559990129755,1.116071428571419,0.0,0.04513993379475778,-0.032560217381956136,,-27.404059647052314,-22.988849087350804,404.92749601692014,2.2895559990129755,1.116071428571419,0.0,0.04513993379475778,-0.032560217381956136,,-6.197088191758696,3700619.4091239967,845051.2803765486,0.0,5459770.114942446,3539398.15972585,1.5425701965571859,1.116071428571419,False,True,rising,rising,buy_advantage_weakening,accelerating,neutral,False,False,False,pass,S1,⚡ 선행 시동,가격 미급등 상태에서 선행조건 5개 개선,S1,False,,,2026-09-04T15:10:00Z,33889285661-1
KRW-G,그래비티,5.17,5.296666666666667,5.1084,5.004166666666666,-0.5507572912754943,-3.685433142797496,-5.845129059117411,0.5085182108524289,0.45098346533743217,,7.247396581175737,,12.960850027492702,False,False,False,False,-9.268484918752184,2.783300198807148,3.0,-,0.5836575875486361,0.0707810828281854,0.0,0.03755163349604684,-0.034680577094994725,False,False,False,False,2026-09-05T00:34:54.830847+09:00,1788536094,592253.946808821,0.0,,7,0.0,complete,1788535200919,1788535576415,10310474.03664857,15907302.40931645,-0.21347456311571555,5.22,5.25,0.5747126436781658,-0.9578544061302652,1.5238095238095253,266.66666666666475,complete_hourly_ordered,/v1/candles/minutes/60,120,False,7.258064516129048,4.96,2026-08-31T08:00:00,5.32,2026-09-02T09:00:00,D-3,2.819548872180455,41.66666666666693,False,False,,,-100.0,0.0707810828281854,0.5836575875486361,0.0,0.03755163349604684,-0.034680577094994725,,,,-100.0,0.0707810828281854,0.5836575875486361,0.0,0.03755163349604684,-0.034680577094994725,,,512.031752903911,-100.0,0.4531257866712153,0.7797270955165692,0.0,0.050068844661421696,-0.0462415395490936,,,512.031752903911,-100.0,0.4531257866712153,0.7797270955165692,0.0,0.050068844661421696,-0.0462415395490936,,,512.031752903911,-100.0,0.4531257866712153,0.7797270955165692,0.0,0.050068844661421696,-0.0462415395490936,,,512.031752903911,-100.0,0.4531257866712153,0.7797270955165692,0.0,0.050068844661421696,-0.0462415395490936,,,592253.946808821,-112299.9900049752,0.5836575875486361,592253.946808821,1369535.8714811592,0.4324486558853663,0.7797270955165692,False,False,rising,falling,buy_only,accelerating,neutral,False,False,False,pass,S0,🌱 초발사 준비,발사 구조 관찰 또는 초기 준비,S0,False,,,2026-09-04T15:10:00Z,33889285661-1
KRW-CELO,셀로,103.0,103.92666666666668,95.44200000000001,102.195,0.73016283277334,-8.889866795191496,-1.6944729846535382,-1.291403653895997,-1.4783697004535181,,,,,False,False,False,False,131.77933757084875,3.1031031031030887,10.0,A급,0.9803921568627416,0.6883060453625092,0.0,0.06461617989146351,-0.056946888620136527,False,False,False,False,2026-09-05T00:34:54.830847+09:00,1788536094,4606678.71887886,0.0,,44,0.0,complete,1788535398270,1788536093601,1119437.70200786,2444187.77193313,-0.3717422270136142,105.0,106.0,0.952380952380949,-1.904761904761909,2.8301886792452833,300.00000000000114,complete_hourly_ordered,/v1/candles/minutes/60,120,False,13.682092555331993,99.4,2026-08-31T08:00:00,113.0,2026-09-03T13:00:00,D-2,8.849557522123897,73.52941176470587,False,False,,495.78081107494324,-100.0,0.6883060453625092,0.9803921568627416,0.0,0.06461617989146351,-0.056946888620136527,,,495.78081107494324,-100.0,0.6883060453625092,0.9803921568627416,0.0,0.06461617989146351,-0.056946888620136527,,,-33.15794719437262,,2.6245594429584287,0.0,0.0,0.0,0.0,,,-33.15794719437262,,2.6245594429584287,0.0,0.0,0.0,0.0,,,-33.15794719437262,,2.6245594429584287,0.0,0.0,0.0,0.0,,,-33.15794719437262,,2.6245594429584287,0.0,0.0,0.0,0.0,,,3833461.6844854197,-126778.50037108001,0.9803921568627416,4606678.71887886,5429767.9813818,0.8484117064807849,0.0,False,True,rising,falling,buy_only,accelerating,neutral,False,False,False,pass,S1,⚡ 선행 시동,가격 미급등 상태에서 선행조건 5개 개선,S0,True,가격 미급등 상태에서 선행조건 5개 개선,2026-09-05T00:34:54.830847+09:00,2026-09-04T15:10:00Z,33889285661-1
KRW-AERO,에어로드롬파이낸스,679.0,681.2,630.2,658.2166666666667,0.16665032839917604,-8.092668993970168,-3.4917580330691536,-0.9023488788917369,-0.6746341633770703,,,,,False,False,False,False,112.77480553292243,1.799100449775115,9.0,B급,1.1922503725782407,0.028263187569791626,0.0,0.07842368395256649,-0.07055212762713436,False,False,False,False,2026-09-05T00:34:54.830847+09:00,1788536094,58066.267199999995,0.0,,4,0.0,complete,1788535552784,1788536243356,77777.86432239,96622.65357632,-0.1080546633747662,694.0,707.0,1.8731988472622474,-2.1613832853025983,3.9603960396039604,215.38461538461564,complete_hourly_ordered,/v1/candles/minutes/60,120,False,13.301282051282048,624.0,2026-09-02T20:00:00,707.0,2026-09-04T21:00:00,D-1,3.8189533239038176,32.530120481927774,False,True,,-98.20866182994166,-100.0,0.028263187569791626,1.1922503725782407,0.0,0.07842368395256649,-0.07055212762713436,,,-98.20866182994166,-100.0,0.028263187569791626,1.1922503725782407,0.0,0.07842368395256649,-0.07055212762713436,,,227.1707640297498,-100.0,3.472872538596718,0.0,0.0,-0.02940888148219578,0.026453363454408407,,,227.1707640297498,-100.0,3.472872538596718,0.0,0.0,-0.02940888148219578,0.026453363454408407,,,227.1707640297498,-100.0,3.472872538596718,0.0,0.0,-0.02940888148219578,0.026453363454408407,,,227.1707640297498,-100.0,3.472872538596718,0.0,0.0,-0.02940888148219578,0.026453363454408407,,,-3183435.9890774502,-10340533.201928379,1.1922503725782407,58066.267199999995,5283648.459100325,0.010989805179031016,0.0,False,False,falling,falling,buy_only,accelerating,neutral,False,False,False,pass,S0,🌱 초발사 준비,발사 구조 관찰 또는 초기 준비,S0,False,,,2026-09-04T15:10:00Z,33889285661-1
KRW-CTC,크레딧코인,134.0,125.13333333333334,109.95200000000001,140.48833333333332,1.6793066088840902,-13.80723709740007,10.929733192554526,-1.9446755962261448,-2.0920173027016697,,,5.224494643729603,,False,False,False,False,112.36983652939058,10.743801652892571,14.0,A급,0.7518796992481258,0.020840783314923783,0.0,0.05417118093176132,-0.04217265406657944,True,False,False,True,2026-09-05T00:34:54.830847+09:00,1788536094,5094.45277335,106096.52921426,0.048017148261861105,4,0.0,complete,1788535613307,1788536248831,2618115.22696021,2816049.84893387,-0.03642410917027466,137.0,138.0,0.7299270072992803,-2.1897810218978075,2.898550724637681,399.99999999999545,complete_hourly_ordered,/v1/candles/minutes/60,120,False,16.94915254237288,118.0,2026-08-31T13:00:00,138.0,2026-09-04T03:00:00,D-1,2.898550724637683,19.99999999999994,False,True,0.048017148261861105,,-60.42869886097356,0.020840783314923783,0.7518796992481258,0.0,0.05417118093176132,-0.04217265406657944,-0.04138967565227247,0.048017148261861105,,-60.42869886097356,0.020840783314923783,0.7518796992481258,0.0,0.05417118093176132,-0.04217265406657944,-0.04138967565227247,-2.030279831401582,-99.976501823279,-98.98294273036535,2.168379992989898,2.2900763358778553,0.0,0.16251354279523955,-0.12653297417936216,-0.12519756266110882,-2.030279831401582,-99.976501823279,-98.98294273036535,2.168379992989898,2.2900763358778553,0.0,0.16251354279523955,-0.12653297417936216,-0.12519756266110882,-2.030279831401582,-99.976501823279,-98.98294273036535,2.168379992989898,2.2900763358778553,0.0,0.16251354279523955,-0.12653297417936216,-0.12519756266110882,-2.030279831401582,-99.976501823279,-98.98294273036535,2.168379992989898,2.2900763358778553,0.0,0.16251354279523955,-0.12653297417936216,-0.12519756266110882,0.048017148261861105,5094.45277335,-162018.30694315996,0.7518796992481258,111190.98198761,7187060.73240426,0.015470995185317391,2.2900763358778553,False,True,rising,falling,sell_advantage_weakening,accelerating,neutral,False,False,False,pass,S1,⚡ 선행 시동,가격 미급등 상태에서 선행조건 7개 개선,S1,False,,,2026-09-04T15:10:00Z,33889285661-1
KRW-ANIME,애니메코인,3.79,3.7920000000000003,3.6622000000000003,4.514666666666667,0.26441036488629166,-3.5443176232865463,16.007088009450676,-0.7609764208489969,-0.9923161666152946,,,,,False,False,False,False,1674.0857124112179,0.7978723404255428,9.0,B급,0.5305039787798504,0.7142941862898624,0.0,0.03525471531817814,-0.026433606084449224,False,True,False,False,2026-09-05T00:34:54.830847+09:00,1788536094,2364071.1564047327,8984976.224365495,0.263113790996334,14,0.0,complete,1788535243174,1788536124422,32064887.30222281,25192057.02507431,0.12003487712968806,3.78,3.82,1.0582010582010692,0.2645502645502784,0.7853403141361206,74.99999999999896,complete_hourly_ordered,/v1/candles/minutes/60,120,False,22.162162162162137,3.7,2026-08-31T01:00:00,4.52,2026-08-31T09:00:00,D-4,16.15044247787609,89.02439024390243,False,False,-0.8012194545454494,669.9859101219929,3014.7040968027527,0.7142941862898624,0.5305039787798504,0.0,0.03525471531817814,-0.026433606084449224,,-0.8012194545454494,669.9859101219929,3014.7040968027527,0.7142941862898624,0.5305039787798504,0.0,0.03525471531817814,-0.026433606084449224,,-4.111320352134235,-71.74249248364949,369.7990371816529,3.8222755059891824,0.7978723404255428,0.0,0.07050943063635629,-0.05286916399687058,,-4.111320352134235,-71.74249248364949,369.7990371816529,3.8222755059891824,0.7978723404255428,0.0,0.07050943063635629,-0.05286916399687058,,-4.111320352134235,-71.74249248364949,369.7990371816529,3.8222755059891824,0.7978723404255428,0.0,0.07050943063635629,-0.05286916399687058,,-4.111320352134235,-71.74249248364949,369.7990371816529,3.8222755059891824,0.7978723404255428,0.0,0.07050943063635629,-0.05286916399687058,,-0.8012194545454494,2057043.310138016,8696506.567373404,0.5305039787798504,11349047.380770229,6298538.263336213,1.8018541614382222,0.7978723404255428,False,True,rising,rising,sell_advantage_accelerating,accelerating,neutral,True,True,False,🔴 1차 급등 완료·상승분 반납 / 신규매수 금지,S3,🔴 1차 급등 완료·반납,당일/5D 급등 후 상승분 상당 부분 반납,S3,False,,,2026-09-04T15:10:00Z,33889285661-1
KRW-APT,앱토스,788.0,798.0,820.44,1010.45,-0.06678911337452131,2.7351177416995824,21.025285763768622,-0.5240321200521268,-0.6549719631921065,5.219370410782288,,,,False,False,False,False,29.60783047388138,9.015256588072118,6.0,관찰,0.6402048655569814,1.0906161464574424,0.0,0.025045917515442717,-0.017839653753711104,False,False,False,False,2026-09-05T00:34:54.830847+09:00,1788536094,2541397.8174141,7759681.29596977,0.32751316973985173,22,0.0,complete,1788535197563,1788536247007,152941.27515982,107912.74212209,0.17261966484904392,824.0,829.0,0.6067961165048485,-4.3689320388349495,4.945717732207479,820.0000000000065,complete_hourly_ordered,/v1/candles/minutes/60,120,False,21.89265536723164,708.0,2026-08-31T08:00:00,863.0,2026-09-03T16:00:00,D-2,8.574739281575894,47.74193548387101,False,False,-0.005571984804877805,-93.7838716511479,-93.67811659790077,1.0906161464574424,0.8962868117797784,0.0,0.025045917515442717,-0.017839653753711104,,-0.005571984804877805,-93.7838716511479,-93.67811659790077,1.0906161464574424,0.8962868117797784,0.0,0.025045917515442717,-0.017839653753711104,,-0.4413414393040384,-78.98887398451092,-50.67526264350679,3.3487218261361917,-0.25316455696202667,0.0,-0.03339455668726066,0.023784831871342504,,-0.4413414393040384,-78.98887398451092,-50.67526264350679,3.3487218261361917,-0.25316455696202667,0.0,-0.03339455668726066,0.023784831871342504,,-0.4413414393040384,-78.98887398451092,-50.67526264350679,3.3487218261361917,-0.25316455696202667,0.0,-0.03339455668726066,0.023784831871342504,,-0.4413414393040384,-78.98887398451092,-50.67526264350679,3.3487218261361917,-0.25316455696202667,0.0,-0.03339455668726066,0.023784831871342504,,-0.005571984804877805,-38342536.277727455,-114983507.75736076,0.8962868117797784,10301079.11338387,29035161.732027076,0.3547794638946792,-0.25316455696202667,False,False,falling,falling,sell_advantage_accelerating,accelerating,neutral,False,False,False,pass,S0,🌱 초발사 준비,발사 구조 관찰 또는 초기 준비,S0,False,,,2026-09-04T15:10:00Z,33889285661-1
KRW-MOCA,모카네트워크,11.9,11.753333333333334,11.424000000000001,14.023333333333333,0.5131128848346656,-2.8828197945844938,16.187306869503207,-0.9943553202238883,-1.0988713555316667,,,14.730847963246166,,False,False,False,False,-32.203567736747864,-0.8333333333333304,10.0,A급,0.0,0.39841340769089584,0.0,0.0,0.0,False,False,False,False,2026-09-05T00:34:54.830847+09:00,1788536094,3774603.988949206,0.0,,9,0.0,complete,1788535341799,1788535588991,11728972.52073069,29043787.97105677,-0.4246662536821285,12.4,12.4,0.0,-4.0322580645161255,4.032258064516129,,complete_hourly_ordered,/v1/candles/minutes/60,120,False,8.695652173913038,11.5,2026-09-01T22:00:00,12.5,2026-09-04T08:00:00,D-1,4.799999999999994,59.99999999999995,False,False,,811.4758980366092,-100.0,0.39841340769089584,0.0,0.0,0.0,0.0,0.0,,811.4758980366092,-100.0,0.39841340769089584,0.0,0.0,0.0,0.0,0.0,,-50.5981375338954,,0.5791969263227656,0.0,0.0,0.0,0.0,0.0,,-50.5981375338954,,0.5791969263227656,0.0,0.0,0.0,0.0,0.0,,-50.5981375338954,,0.5791969263227656,0.0,0.0,0.0,0.0,0.0,,-50.5981375338954,,0.5791969263227656,0.0,0.0,0.0,0.0,0.0,,3360483.988949206,-6277526.87641395,0.0,3774603.988949206,1000943.8500966075,3.7710446880560733,0.0,False,False,rising,falling,buy_only,accelerating,neutral,False,False,False,pass,S0,🌱 초발사 준비,발사 구조 관찰 또는 초기 준비,S0,False,,,2026-09-04T15:10:00Z,33889285661-1
KRW-API3,에이피아이쓰리,312.0,314.6666666666667,295.98,365.51666666666665,0.40416932567539643,-6.31348965020159,13.911814326752078,-0.8285150781756737,-1.0216617077231587,,,13.616850099780567,,False,False,False,False,29.375523735663766,1.298701298701288,12.0,A급,1.6286644951140072,0.9966527883671112,1.0,0.12763241863433805,-0.09767126244894264,False,False,False,False,2026-09-05T00:34:54.830847+09:00,1788536094,4322192.96652792,10129.87012752,426.67802371777117,16,0.0,complete,1788535199695,1788535921154,408486.45045286,298721.56105952,0.15520877536243594,311.0,315.0,1.2861736334405238,0.3215434083601254,0.9523809523809524,75.00000000000043,complete_hourly_ordered,/v1/candles/minutes/60,120,False,13.14878892733564,289.0,2026-08-31T18:00:00,327.0,2026-09-01T18:00:00,D-4,4.587155963302747,39.47368421052624,True,True,424.12363829064935,21.85670692567041,-99.2704827081184,0.9966527883671112,1.6286644951140072,1.0,0.12763241863433805,-0.09767126244894264,-0.3628942092290721,424.12363829064935,21.85670692567041,-99.2704827081184,0.9966527883671112,1.6286644951140072,1.0,0.12763241863433805,-0.09767126244894264,-0.3628942092290721,,,,1.675029289768613,1.9607843137254832,1.0,0.12763241863433805,-0.09767126244894264,-0.3628942092290721,,,,1.675029289768613,1.9607843137254832,1.0,0.12763241863433805,-0.09767126244894264,-0.3628942092290721,,,,1.675029289768613,1.9607843137254832,1.0,0.12763241863433805,-0.09767126244894264,-0.3628942092290721,,,,1.675029289768613,1.9607843137254832,1.0,0.12763241863433805,-0.09767126244894264,-0.3628942092290721,424.12363829064935,775245.8385669198,-1378441.75665222,1.6286644951140072,4332322.83665544,1050082.35839995,4.125698143578722,1.9607843137254832,False,False,rising,falling,buy_advantage_accelerating,accelerating,neutral,False,False,False,pass,S1,⚡ 선행 시동,가격 미급등 상태에서 선행조건 8개 개선,S1,False,,,2026-09-04T15:10:00Z,33889285661-1
KRW-AHT,아하토큰,1.33,1.3053333333333335,1.339,1.6078333333333332,0.6166495375128367,2.51431416479959,18.81413911060432,-1.0979483072714196,-1.1456055108125824,2.290011422348353,,,,False,False,False,False,1156.62907054166,4.7244094488189115,8.0,B급,0.7575757575757569,0.5101650386079655,0.0,0.05138746145940676,-0.03725776909298162,False,True,False,False,2026-09-05T00:34:54.830847+09:00,1788536094,3681560.075849967,19573.5849056531,188.0881858686339,7,0.0,complete,1788535271428,1788535680795,198282023.58323458,181108515.20461845,0.04526604283144546,1.35,1.35,0.0,-1.4814814814814836,1.4814814814814827,,complete_hourly_ordered,/v1/candles/minutes/60,120,False,37.00787401574803,1.27,2026-08-31T08:00:00,1.74,2026-09-01T18:00:00,D-4,23.563218390804597,87.23404255319144,False,False,188.0881858686339,,-90.3123199659825,0.5101650386079655,0.7575757575757569,0.0,0.05138746145940676,-0.03725776909298162,,188.0881858686339,,-90.3123199659825,0.5101650386079655,0.7575757575757569,0.0,0.05138746145940676,-0.03725776909298162,,188.0523638610253,12171.86691950128,-97.66278297527408,0.6896645955009717,-0.7462686567164201,0.0,-0.05138746145940676,0.0372539071837501,,188.0523638610253,12171.86691950128,-97.66278297527408,0.6896645955009717,-0.7462686567164201,0.0,-0.05138746145940676,0.0372539071837501,,188.0523638610253,12171.86691950128,-97.66278297527408,0.6896645955009717,-0.7462686567164201,0.0,-0.05138746145940676,0.0372539071837501,,188.0523638610253,12171.86691950128,-97.66278297527408,0.6896645955009717,-0.7462686567164201,0.0,-0.05138746145940676,0.0372539071837501,,188.0881858686339,3681560.075849967,-182472.56894049013,0.7575757575757569,3701133.6607556203,894046.296708711,4.139756156231232,-0.7462686567164201,False,True,rising,falling,buy_advantage_accelerating,accelerating,neutral,True,True,False,🔴 1차 급등 완료·상승분 반납 / 신규매수 금지,S3,🔴 1차 급등 완료·반납,당일/5D 급등 후 상승분 상당 부분 반납,S3,False,,,2026-09-04T15:10:00Z,33889285661-1
KRW-EGLD,멀티버스엑스,6700.0,5299.866666666667,4415.4,4706.116666666667,3.3730365130552498,-20.031405233198967,-12.61655930048483,-3.097751610771246,-3.6854454643567762,,,,,False,False,False,False,463.5844940511987,27.88920725883477,8.0,B급,3.0000000000000027,1.581627212711112,0.0,0.25356288359514867,-0.23743226054604882,False,True,False,False,2026-09-05T00:34:54.830847+09:00,1788536094,14206496.78383555,24369262.925315447,0.5829678487763148,59,0.0,complete,1788535311012,1788536269222,6163.3704499,7964.42747128,-0.12748320944482833,6430.0,6755.0,5.054432348367022,4.199066874028001,0.8142116950407106,16.923076923076646,complete_hourly_ordered,/v1/candles/minutes/60,120,False,47.85575048732944,5130.0,2026-08-31T08:00:00,7585.0,2026-09-03T07:00:00,D-2,11.272247857613715,34.826883910386975,True,True,-2.8074483331900826,97.21816544830324,1046.9786214062992,1.581627212711112,3.076923076923066,0.0,0.25356288359514867,-0.23743226054604882,,-2.8074483331900826,97.21816544830324,1046.9786214062992,1.581627212711112,3.076923076923066,0.0,0.25356288359514867,-0.23743226054604882,,-0.40697880002571873,100.79539539304427,240.97374183064804,5.710743829322666,4.6875,0.0,0.3185790075938888,-0.29833875057153314,,-0.40697880002571873,100.79539539304427,240.97374183064804,5.710743829322666,4.6875,0.0,0.3185790075938888,-0.29833875057153314,,-0.40697880002571873,100.79539539304427,240.97374183064804,5.710743829322666,4.6875,0.0,0.3185790075938888,-0.29833875057153314,,-0.40697880002571873,100.79539539304427,240.97374183064804,5.710743829322666,4.6875,0.0,0.3185790075938888,-0.29833875057153314,,-2.8074483331900826,7003054.468295151,22244614.52555395,3.076923076923066,38575759.709151,14401462.473608153,2.6786001616047126,4.6875,False,False,rising,rising,sell_advantage_accelerating,accelerating,neutral,False,False,False,pass,S0,🌱 초발사 준비,발사 구조 관찰 또는 초기 준비,S0,False,,,2026-09-04T15:10:00Z,33889285661-1
KRW-BLEND,플루언트,85.8,89.36666666666666,91.314,105.36333333333333,-0.18615040953090523,2.1325682078688186,15.18238476383309,-0.078607565997146,-0.5507937230992088,,,,,False,False,False,False,-73.58918660441788,-6.84039087947882,4.0,-,0.1166861143523823,0.001933037796334247,0.0,0.029784065524951497,-0.022626625688559443,False,False,False,False,2026-09-05T00:34:54.830847+09:00,1788536094,11899.999999602,0.0,,1,0.0,complete,1788535504809,1788535504809,490845.05465782,425118.28176815,0.07175699100155213,86.6,86.6,0.0,-0.9237875288683584,0.9237875288683571,,complete_hourly_ordered,/v1/candles/minutes/60,120,False,4.255319148936176,89.3,2026-08-31T15:00:00,93.1,2026-08-31T16:00:00,D-4,7.841031149301825,192.10526315789465,True,True,,-98.94046618864279,-100.0,0.001933037796334247,0.1166861143523823,0.0,0.029784065524951497,-0.022626625688559443,,,-98.94046618864279,-100.0,0.001933037796334247,0.1166861143523823,0.0,0.029784065524951497,-0.022626625688559443,,,,,0.03023687596312641,0.35087719298245723,0.0,0.022338049143699745,-0.016969835045369308,,,,,0.03023687596312641,0.35087719298245723,0.0,0.022338049143699745,-0.016969835045369308,,,,,0.03023687596312641,0.35087719298245723,0.0,0.022338049143699745,-0.016969835045369308,,,,,0.03023687596312641,0.35087719298245723,0.0,0.022338049143699745,-0.016969835045369308,,,-1111235.4650554108,-2212069.2891738378,0.1166861143523823,11899.999999602,2295201.9814398075,0.005184728880434736,0.35087719298245723,False,False,falling,falling,buy_only,accelerating,neutral,False,False,False,pass,S0,🌱 초발사 준비,발사 구조 관찰 또는 초기 준비,S0,False,,,2026-09-04T15:10:00Z,33889285661-1
KRW-ERA,칼데라,80.2,81.67333333333333,94.47200000000001,131.24666666666667,-0.08970804110259856,13.54757670703137,37.77111799664753,-0.6416764543769281,-0.4775235427487331,,,,,False,False,False,False,-34.94027207311736,-13.390928725701933,4.0,-,0.5012531328320913,0.032097845598990205,0.0,0.03262110585547928,-0.01873799603780668,False,False,False,False,2026-09-05T00:34:54.830847+09:00,1788536094,630639.5686531281,2070934.8663814748,0.30451926754946124,12,0.0,complete,1788535210370,1788536264591,1364688.12902797,771977.66215517,0.27739970814274945,81.0,82.0,1.2345679012345734,-0.987654320987652,2.195121951219509,179.99999999999946,complete_hourly_ordered,/v1/candles/minutes/60,120,False,14.97695852534562,86.8,2026-08-31T06:00:00,99.8,2026-08-31T09:00:00,D-4,19.639278557114224,150.76923076923075,False,True,-2.199518043540979,-87.34939408336284,4.024909418960543,0.032097845598990205,0.5012531328320913,0.0,0.03262110585547928,-0.01873799603780668,,-2.199518043540979,-87.34939408336284,4.024909418960543,0.032097845598990205,0.5012531328320913,0.0,0.03262110585547928,-0.01873799603780668,,0.08345392419549538,-66.7942189414408,-75.8943089213404,0.11688438944970159,1.51898734177216,0.0,0.09786331756646005,-0.05621684371719482,,0.08345392419549538,-66.7942189414408,-75.8943089213404,0.11688438944970159,1.51898734177216,0.0,0.09786331756646005,-0.05621684371719482,,0.08345392419549538,-66.7942189414408,-75.8943089213404,0.11688438944970159,1.51898734177216,0.0,0.09786331756646005,-0.05621684371719482,,0.08345392419549538,-66.7942189414408,-75.8943089213404,0.11688438944970159,1.51898734177216,0.0,0.09786331756646005,-0.05621684371719482,,-2.199518043540979,-4354414.68731541,80128.16638159263,0.5012531328320913,2701574.435034603,5539679.480665174,0.4876770297746924,1.51898734177216,False,False,falling,rising,sell_advantage_accelerating,accelerating,neutral,False,True,False,pass,S0,🌱 초발사 준비,발사 구조 관찰 또는 초기 준비,S4,True,발사 구조 관찰 또는 초기 준비,2026-09-05T00:34:54.830847+09:00,2026-09-04T15:10:00Z,33889285661-1
KRW-FF,팔콘파이낸스,149.0,128.0,102.096,109.82833333333333,3.181427343078247,-25.372198714934957,-16.54551800537202,-2.34101761435727,-2.7711406299358545,,,,,False,False,False,False,126.75837284224664,15.503875968992254,10.0,A급,-0.666666666666671,1.5454178569388262,0.0,-0.10748065348236135,0.10369983188349963,False,False,False,False,2026-09-05T00:34:54.830847+09:00,1788536094,19067664.797640305,40262361.18520969,0.47358535953536623,94,0.0,complete,1788535246371,1788536200893,1420119.17194984,3429467.99746027,-0.41433399489854755,140.0,155.0,10.71428571428572,6.428571428571428,3.870967741935484,40.00000000000004,complete_hourly_ordered,/v1/candles/minutes/60,120,False,41.071428571428584,112.0,2026-09-01T16:00:00,158.0,2026-09-03T19:00:00,D-2,5.696202531645566,19.56521739130439,False,True,0.06584422881143875,-23.42952504966994,-34.075385972770476,1.5454178569388262,-0.666666666666671,0.0,-0.10748065348236135,0.10369983188349963,,0.06584422881143875,-23.42952504966994,-34.075385972770476,1.5454178569388262,-0.666666666666671,0.0,-0.10748065348236135,0.10369983188349963,,-0.9000701189945164,-85.30704095408107,-57.382416320801596,10.970305731723727,-1.3245033112582738,0.0,0.053740326741169575,-0.051861719328179845,,-0.9000701189945164,-85.30704095408107,-57.382416320801596,10.970305731723727,-1.3245033112582738,0.0,0.053740326741169575,-0.051861719328179845,,-0.9000701189945164,-85.30704095408107,-57.382416320801596,10.970305731723727,-1.3245033112582738,0.0,0.053740326741169575,-0.051861719328179845,,-0.9000701189945164,-85.30704095408107,-57.382416320801596,10.970305731723727,-1.3245033112582738,0.0,0.053740326741169575,-0.051861719328179845,,0.06584422881143875,-5834446.375118084,-20810975.047869675,-0.666666666666671,59330025.98285,13645680.251276301,4.347898008038168,-1.3245033112582738,False,True,falling,falling,sell_advantage_weakening,accelerating,neutral,False,True,False,pass,S0,🌱 초발사 준비,발사 구조 관찰 또는 초기 준비,S0,False,,,2026-09-04T15:10:00Z,33889285661-1
KRW-PLUME,플룸,18.9,19.506666666666668,17.55,17.43166666666667,0.06839945280439075,-11.149097815764483,-11.903623673391332,-0.04966620516247335,-0.5507915677581388,,,,,False,False,False,False,-6.514975372946186,-7.352941176470584,4.0,-,0.5319148936170137,0.2757743045880616,0.0,0.034199726402195374,-0.0328965136647863,False,False,False,False,2026-09-05T00:34:54.830847+09:00,1788536094,0.0,4102105.260135771,0.0,5,0.0,complete,1788535201623,1788536109232,10317143.5263285,12467891.3773347,-0.09439300225344047,19.7,19.8,0.5076142131979822,-4.060913705583758,4.545454545454556,899.9999999999804,complete_hourly_ordered,/v1/candles/minutes/60,120,False,7.446808510638281,18.8,2026-09-02T03:00:00,20.2,2026-09-02T15:00:00,D-3,6.435643564356441,92.85714285714293,False,True,-0.708436186888236,-100.0,-68.78958614586847,0.2757743045880616,0.5319148936170137,0.0,0.034199726402195374,-0.0328965136647863,,-0.708436186888236,-100.0,-68.78958614586847,0.2757743045880616,0.5319148936170137,0.0,0.034199726402195374,-0.0328965136647863,,-0.02341045914195777,-100.0,-73.38755737266216,1.1106230843576537,0.0,0.0,0.0,0.0,,-0.02341045914195777,-100.0,-73.38755737266216,1.1106230843576537,0.0,0.0,0.0,0.0,,-0.02341045914195777,-100.0,-73.38755737266216,1.1106230843576537,0.0,0.0,0.0,0.0,,-0.02341045914195777,-100.0,-73.38755737266216,1.1106230843576537,0.0,0.0,0.0,0.0,,-0.708436186888236,-9311250.47648179,-9041281.044537492,0.5319148936170137,4102105.260135771,6072601.610035054,0.6755103534796334,0.0,False,False,falling,falling,sell_only,accelerating,neutral,False,False,False,pass,S0,🌱 초발사 준비,발사 구조 관찰 또는 초기 준비,S0,False,,,2026-09-04T15:10:00Z,33889285661-1
KRW-ESP,에스프레소,120.0,118.13333333333334,107.35600000000001,103.36999999999999,0.16958733747880483,-10.038873778208327,-14.282028957466721,-0.3714512796394335,-0.5004612820812724,,,,,False,False,False,False,-44.893661776858096,8.18181818181818,5.0,관찰,1.7094017094017033,0.07609460779816146,0.0,0.11305822498588469,-0.11057827050289681,False,False,False,False,2026-09-05T00:34:54.830847+09:00,1788536094,11469630.610012747,505436.93416764,22.692505898685624,69,0.0,complete,1788535208473,1788536272329,1570718.05248669,1496671.10011548,0.02414005810393949,118.0,121.0,2.5423728813559254,1.6949152542372836,0.8264462809917356,33.33333333333333,complete_hourly_ordered,/v1/candles/minutes/60,120,False,14.150943396226424,106.0,2026-09-01T07:00:00,121.0,2026-09-05T00:00:00,D0,0.8264462809917328,6.666666666666752,False,True,22.06121608986569,2637.1364618519015,-23.854757979080922,0.07609460779816146,2.564102564102555,0.0,0.11305822498588469,-0.11057827050289681,,22.06121608986569,2637.1364618519015,-23.854757979080922,0.07609460779816146,2.564102564102555,0.0,0.11305822498588469,-0.11057827050289681,,-47.454801235664206,-22.46038692036233,139.69124776523856,0.44500061073697594,2.564102564102555,0.0,0.11305822498588469,-0.11057827050289681,,-47.454801235664206,-22.46038692036233,139.69124776523856,0.44500061073697594,2.564102564102555,0.0,0.11305822498588469,-0.11057827050289681,,-47.454801235664206,-22.46038692036233,139.69124776523856,0.44500061073697594,2.564102564102555,0.0,0.11305822498588469,-0.11057827050289681,,-47.454801235664206,-22.46038692036233,139.69124776523856,0.44500061073697594,2.564102564102555,0.0,0.11305822498588469,-0.11057827050289681,,22.06121608986569,11050593.022012748,-158343.12713781005,2.564102564102555,11975067.544180388,2942796.49999912,4.069281564044259,2.564102564102555,False,False,rising,falling,buy_advantage_accelerating,accelerating,neutral,False,False,False,pass,S0,🌱 초발사 준비,발사 구조 관찰 또는 초기 준비,S0,False,,,2026-09-04T15:10:00Z,33889285661-1
KRW-CC,캔톤,148.0,159.86666666666667,158.26,198.20833333333334,0.41876046901174746,-1.015207043262153,19.344124448181628,-1.4150388787764303,-0.8916672561205651,,,,,False,False,False,False,-29.173821444366908,-8.64197530864198,7.0,B급,0.0,0.22536325624765752,0.0,-0.04187604690115698,0.030242332651486237,False,False,False,False,2026-09-05T00:34:54.830847+09:00,1788536094,2563509.79029088,5889461.802820761,0.4352706369643293,39,0.0,complete,1788535203372,1788536097205,1297318.44005716,1666884.8287634,-0.12467646621727405,155.0,155.0,0.0,-4.516129032258065,4.516129032258064,,complete_hourly_ordered,/v1/candles/minutes/60,120,False,8.125000000000004,160.0,2026-08-31T08:00:00,173.0,2026-09-01T05:00:00,D-4,14.45086705202312,192.30769230769224,False,True,0.42003058137524135,456.40581338273404,-80.51865941340881,0.22536325624765752,0.0,0.0,-0.04187604690115698,0.030242332651486237,,0.42003058137524135,456.40581338273404,-80.51865941340881,0.22536325624765752,0.0,0.0,-0.04187604690115698,0.030242332651486237,,-0.05651944066426112,-94.98304280541856,-94.33159611824513,3.4382777707693037,-1.3333333333333308,0.0,-0.08375209380233617,0.06048212254157548,,-0.05651944066426112,-94.98304280541856,-94.33159611824513,3.4382777707693037,-1.3333333333333308,0.0,-0.08375209380233617,0.06048212254157548,,-0.05651944066426112,-94.98304280541856,-94.33159611824513,3.4382777707693037,-1.3333333333333308,0.0,-0.08375209380233617,0.06048212254157548,,-0.05651944066426112,-94.98304280541856,-94.33159611824513,3.4382777707693037,-1.3333333333333308,0.0,-0.08375209380233617,0.06048212254157548,,0.42003058137524135,2102783.15361077,-24341834.532475688,0.0,8452971.593111642,6599103.04722746,1.280927352189638,-1.3333333333333308,False,False,rising,falling,sell_advantage_weakening,accelerating,leading_buy_inflow,False,False,False,pass,S0,🌱 초발사 준비,발사 구조 관찰 또는 초기 준비,S0,False,,,2026-09-04T15:10:00Z,33889285661-1
KRW-NEO,네오,2823.0,2919.8,2743.16,3216.9,0.37126160192506585,-6.439288995173461,9.235599490192419,-0.8963663154784378,-1.0450468101546193,,,8.837498378494615,,False,False,False,False,-65.35046810268031,1.0714285714285676,10.0,A급,0.6043370067543519,0.17158911088884565,0.0,0.05270998052022691,-0.042259604897020964,False,False,False,False,2026-09-05T00:34:54.830847+09:00,1788536094,2715193.96912206,2887653.2557639,0.9402770099569252,10,0.0,complete,1788535345088,1788536086274,20350.09385129,8016.06701677,0.43481480951509316,2874.0,2911.0,1.2874043145441938,-1.7745302713987443,3.023016145654414,237.8378378378371,complete_hourly_ordered,/v1/candles/minutes/60,120,False,6.086005830903796,2744.0,2026-09-02T19:00:00,2911.0,2026-09-04T20:00:00,D-1,3.0230161456544113,52.69461077844302,False,False,0.9402770099569252,,-74.44582695361343,0.17158911088884565,0.355492356914322,0.0,0.05270998052022691,-0.042259604897020964,-0.11282463773357776,0.9402770099569252,,-74.44582695361343,0.17158911088884565,0.355492356914322,0.0,0.05270998052022691,-0.042259604897020964,-0.11282463773357776,0.8449668609814572,587.6138600418012,-30.300774405637153,0.7445399512840254,-0.0707964601769917,0.0,0.0,0.0,0.0,0.8449668609814572,587.6138600418012,-30.300774405637153,0.7445399512840254,-0.0707964601769917,0.0,0.0,0.0,0.0,0.8449668609814572,587.6138600418012,-30.300774405637153,0.7445399512840254,-0.0707964601769917,0.0,0.0,0.0,0.0,0.8449668609814572,587.6138600418012,-30.300774405637153,0.7445399512840254,-0.0707964601769917,0.0,0.0,0.0,0.0,0.9402770099569252,2715193.96912206,-8412470.800382083,0.355492356914322,5602847.22488596,3396796.9384715506,1.6494501515321847,-0.0707964601769917,False,True,rising,falling,sell_advantage_weakening,accelerating,leading_buy_inflow,False,False,False,pass,S1,⚡ 선행 시동,가격 미급등 상태에서 선행조건 6개 개선,S0,True,가격 미급등 상태에서 선행조건 6개 개선,2026-09-05T00:34:54.830847+09:00,2026-09-04T15:10:00Z,33889285661-1
KRW-ETC,이더리움클래식,10100.0,10517.333333333334,9769.4,10859.666666666666,0.3370857978757247,-7.65587787718114,3.1523373952546008,-0.8703347519475951,-0.9792343622224271,,,3.2191858423964974,,False,False,False,False,-27.214369655469074,0.899100899100902,11.0,A급,0.5976095617529875,0.41235333478395475,0.0,0.03816065636328414,-0.03237598054156665,False,False,False,False,2026-09-05T00:34:54.830847+09:00,1788536094,11203287.6410778,13269494.756611498,0.8442889383935123,25,0.0,complete,1788535196918,1788536300072,22624.96867467,9682.25309952,0.4006136976312163,10370.0,10510.0,1.3500482160077043,-2.6036644165863043,3.9010466222645097,292.8571428571442,complete_hourly_ordered,/v1/candles/minutes/60,120,False,7.073791348600511,9825.0,2026-09-02T19:00:00,10520.0,2026-09-04T00:00:00,D-1,3.897338403041828,58.992805755395715,False,True,-0.05208390767853399,-55.54754801206786,-52.80529082955718,0.41235333478395475,0.5976095617529875,0.0,0.03816065636328414,-0.03237598054156665,-0.054711219420106705,-0.05208390767853399,-55.54754801206786,-52.80529082955718,0.41235333478395475,0.5976095617529875,0.0,0.03816065636328414,-0.03237598054156665,-0.054711219420106705,0.19399970840825598,11.25003757124552,-14.312863786073748,2.9472752901812704,-0.5905511811023612,0.0,-0.012720218787753979,0.010791331011737793,0.018075529100856524,0.19399970840825598,11.25003757124552,-14.312863786073748,2.9472752901812704,-0.5905511811023612,0.0,-0.012720218787753979,0.010791331011737793,0.018075529100856524,0.19399970840825598,11.25003757124552,-14.312863786073748,2.9472752901812704,-0.5905511811023612,0.0,-0.012720218787753979,0.010791331011737793,0.018075529100856524,0.19399970840825598,11.25003757124552,-14.312863786073748,2.9472752901812704,-0.5905511811023612,0.0,-0.012720218787753979,0.010791331011737793,0.018075529100856524,-0.05208390767853399,-13999568.759552801,-14846993.277436906,0.5976095617529875,24472782.397689298,12601464.459531501,1.9420585977353262,-0.5905511811023612,False,True,falling,falling,sell_advantage_accelerating,accelerating,neutral,False,False,False,pass,S1,⚡ 선행 시동,가격 미급등 상태에서 선행조건 5개 개선,S0,True,가격 미급등 상태에서 선행조건 5개 개선,2026-09-05T00:34:54.830847+09:00,2026-09-04T15:10:00Z,33889285661-1
KRW-IOTA,아이오타,53.1,57.480000000000004,51.424,63.332499999999996,0.12774358378817574,-11.776602364654645,9.240911064619258,-0.8224862953155301,-1.033648673505606,,,8.940088931066711,,False,False,False,False,16.840587692718657,-3.0965391621129212,9.0,B급,0.37735849056603765,0.12456200141735252,0.0,0.02322610614329257,-0.018664971276889375,False,False,False,False,2026-09-05T00:34:54.830847+09:00,1788536094,0.0,4548416.5666121645,0.0,25,0.0,complete,1788535213240,1788536296467,1482659.76993865,1221135.22649105,0.09672498979875958,55.8,56.8,1.7921146953405076,-4.8387096774193505,6.514084507042246,369.99999999999886,complete_hourly_ordered,/v1/candles/minutes/60,120,False,7.34463276836157,53.1,2026-09-02T10:00:00,57.0,2026-09-04T00:00:00,D-1,6.666666666666665,97.4358974358974,False,True,-3.4149131592101383,-100.0,30.4943023662561,0.12456200141735252,0.18867924528302993,0.0,0.02322610614329257,-0.018664971276889375,-0.05052673043778988,-3.4149131592101383,-100.0,30.4943023662561,0.12456200141735252,0.18867924528302993,0.0,0.02322610614329257,-0.018664971276889375,-0.05052673043778988,-0.7980965647399639,-100.0,-52.65130529691788,2.1315743381699956,-0.747663551401867,-1.0,-0.023226106143314773,0.018663988922881458,0.05016046123704676,-0.7980965647399639,-100.0,-52.65130529691788,2.1315743381699956,-0.747663551401867,-1.0,-0.023226106143314773,0.018663988922881458,0.05016046123704676,-0.7980965647399639,-100.0,-52.65130529691788,2.1315743381699956,-0.747663551401867,-1.0,-0.023226106143314773,0.018663988922881458,0.05016046123704676,-0.7980965647399639,-100.0,-52.65130529691788,2.1315743381699956,-0.747663551401867,-1.0,-0.023226106143314773,0.018663988922881458,0.05016046123704676,-3.4149131592101383,-11902778.362919345,1062887.708925947,0.18867924528302993,4548416.5666121645,6391857.65979358,0.7115954091441786,-0.747663551401867,False,False,falling,rising,sell_only,accelerating,neutral,False,False,False,pass,S0,🌱 초발사 준비,발사 구조 관찰 또는 초기 준비,S0,False,,,2026-09-04T15:10:00Z,33889285661-1
KRW-IOST,아이오에스티,0.818,0.8193333333333332,0.85438,1.1210833333333334,0.1874949050297392,4.101999890759004,26.91592953244631,-0.8313313534395459,-0.7586908661397143,4.934253801191801,,,,False,False,False,False,368.68059929670005,2.8930817610062887,7.0,B급,0.6150061500614923,1.0014859065303767,0.0,0.024455857177785312,-0.016210484055957153,False,True,False,False,2026-09-05T00:34:54.830847+09:00,1788536094,4601488.8092415,36521.159999999996,125.99514389032277,15,0.0,complete,1788535521474,1788536162090,99513493.38644224,65312254.71920687,0.20749936863816476,0.837,0.841,0.4778972520907976,-2.270011947431305,2.73483947681332,575.0000000000034,complete_hourly_ordered,/v1/candles/minutes/60,120,False,11.675126903553302,0.788,2026-08-31T08:00:00,0.88,2026-09-01T19:00:00,D-4,6.818181818181824,65.21739130434791,False,True,123.35845569072025,-33.30157349185783,-98.60420847442215,1.0014859065303767,0.6150061500614923,0.0,0.024455857177785312,-0.016210484055957153,,123.35845569072025,-33.30157349185783,-98.60420847442215,1.0014859065303767,0.6150061500614923,0.0,0.024455857177785312,-0.016210484055957153,,117.02663754190182,109.58820432356329,-85.08122549019608,2.435455323533006,-0.12210012210012167,0.0,0.008151952392565498,-0.005403414353267522,,117.02663754190182,109.58820432356329,-85.08122549019608,2.435455323533006,-0.12210012210012167,0.0,0.008151952392565498,-0.005403414353267522,,117.02663754190182,109.58820432356329,-85.08122549019608,2.435455323533006,-0.12210012210012167,0.0,0.008151952392565498,-0.005403414353267522,,117.02663754190182,109.58820432356329,-85.08122549019608,2.435455323533006,-0.12210012210012167,0.0,0.008151952392565498,-0.005403414353267522,,123.35845569072025,-2297457.7628785716,-2579998.5229720264,0.6150061500614923,4638009.9692415,3333889.8262185827,1.3911707377871263,-0.12210012210012167,False,True,falling,falling,buy_advantage_accelerating,accelerating,neutral,False,False,False,pass,S0,🌱 초발사 준비,발사 구조 관찰 또는 초기 준비,S0,False,,,2026-09-04T15:10:00Z,33889285661-1
KRW-AKT,아카시네트워크,695.0,736.4666666666667,722.64,913.8416666666667,-0.35179505682843004,-1.9133547363371404,19.409817528565306,-0.34209444820286905,-0.11631011479875966,,,,,False,False,False,False,-23.87212777105058,-1.5602836879432647,7.0,B급,0.5797101449275255,0.32903477426356886,0.0,0.0360815442901008,-0.02624218490486996,False,False,False,False,2026-09-05T00:34:54.830847+09:00,1788536094,5536229.393486609,5596645.06369325,0.9892050202363963,26,0.0,complete,1788535502021,1788536221518,195350.26254601,94336.30449427,0.3487008703365052,719.0,732.0,1.8080667593880495,-3.3379694019471495,5.05464480874317,284.61538461538356,complete_hourly_ordered,/v1/candles/minutes/60,120,False,7.964601769911495,678.0,2026-09-02T10:00:00,732.0,2026-09-04T20:00:00,D-1,4.918032786885251,66.66666666666657,False,False,0.8674196235124285,616.2688034087419,-11.816985761668331,0.32903477426356886,0.7246376811594235,0.0,0.0360815442901008,-0.02624218490486996,,0.8674196235124285,616.2688034087419,-11.816985761668331,0.32903477426356886,0.7246376811594235,0.0,0.0360815442901008,-0.02624218490486996,,-0.942545912389453,389.7609531324336,856.4207202984161,2.8985939584552725,-0.2869440459110528,0.0,-0.02706115821755617,0.019680382373294947,,-0.942545912389453,389.7609531324336,856.4207202984161,2.8985939584552725,-0.2869440459110528,0.0,-0.02706115821755617,0.019680382373294947,,-0.942545912389453,389.7609531324336,856.4207202984161,2.8985939584552725,-0.2869440459110528,0.0,-0.02706115821755617,0.019680382373294947,,-0.942545912389453,389.7609531324336,856.4207202984161,2.8985939584552725,-0.2869440459110528,0.0,-0.02706115821755617,0.019680382373294947,,0.8674196235124285,4763303.172612608,-749979.7506584497,0.7246376811594235,11132874.45717986,4005849.9834919204,2.7791541128745103,-0.2869440459110528,False,False,rising,falling,sell_advantage_weakening,accelerating,neutral,False,False,False,pass,S0,🌱 초발사 준비,발사 구조 관찰 또는 초기 준비,S0,False,,,2026-09-04T15:10:00Z,33889285661-1
KRW-COW,카우프로토콜,173.0,167.86666666666667,168.92,205.68333333333334,0.7200000000000095,0.6235693424895296,18.3858682440645,-1.2457500818112464,-0.9768762703069207,0.5005573361736384,,,,False,False,False,False,-62.40487529770634,6.790123456790131,6.0,관찰,0.5813953488372103,0.009313511386054074,0.0,0.0800000000000134,-0.0582160347037366,False,False,False,False,2026-09-05T00:34:54.830847+09:00,1788536094,0.0,0.0,,0,0.0,complete,,,304546.92735147,969920.86454386,-0.5220798371082226,179.0,181.0,1.1173184357541999,-3.3519553072625663,4.41988950276243,399.999999999997,complete_hourly_ordered,/v1/candles/minutes/60,120,False,13.749999999999996,160.0,2026-08-31T08:00:00,182.0,2026-09-04T04:00:00,D-1,4.94505494505495,40.909090909090864,False,True,,-100.0,-100.0,0.009313511386054074,0.5813953488372103,0.0,0.0800000000000134,-0.0582160347037366,,,-100.0,-100.0,0.009313511386054074,0.5813953488372103,0.0,0.0800000000000134,-0.0582160347037366,,,-100.0,-100.0,0.8789913530254623,0.0,0.0,0.0,0.0,,,-100.0,-100.0,0.8789913530254623,0.0,0.0,0.0,0.0,,,-100.0,-100.0,0.8789913530254623,0.0,0.0,0.0,0.0,,,-100.0,-100.0,0.8789913530254623,0.0,0.0,0.0,0.0,,,-10546490.02917375,-20331645.0710454,0.5813953488372103,0,1402734.648536925,0.0,0.0,False,False,falling,falling,unavailable,accelerating,neutral,False,False,False,pass,S0,🌱 초발사 준비,발사 구조 관찰 또는 초기 준비,S0,False,,,2026-09-04T15:10:00Z,33889285661-1
KRW-VIRTUAL,버추얼프로토콜,909.0,978.2,877.2,931.5,0.15016039860760166,-11.51390788873689,-5.013419216317772,-0.6319024566689748,-0.990123872522017,,,,,False,False,False,False,-19.39853507223075,-1.8338727076591121,7.0,B급,0.7751937984496138,0.2183842258923292,0.0,0.040952835983887326,-0.03730670356884236,False,False,False,False,2026-09-05T00:34:54.830847+09:00,1788536094,5362514.473585781,33150511.087326158,0.1617626485292993,34,0.0,complete,1788535280242,1788536301808,411939.63139267,389140.4267105,0.02846058199995003,951.0,960.0,0.9463722397476282,-4.416403785488954,5.3125,566.666666666669,complete_hourly_ordered,/v1/candles/minutes/60,120,False,9.956236323851208,914.0,2026-08-31T08:00:00,1005.0,2026-09-01T14:00:00,D-4,9.353233830845776,103.29670329670324,False,True,-0.6543130360175655,-90.27600680083339,-50.943468849660746,0.2183842258923292,0.6644518272425293,0.0,0.040952835983887326,-0.03730670356884236,,-0.6543130360175655,-90.27600680083339,-50.943468849660746,0.2183842258923292,0.6644518272425293,0.0,0.040952835983887326,-0.03730670356884236,,-0.8255966023311703,-92.81115648337912,-56.121074836146036,2.417461082237736,-0.5470459518599591,0.0,0.0,0.0,,-0.8255966023311703,-92.81115648337912,-56.121074836146036,2.417461082237736,-0.5470459518599591,0.0,0.0,0.0,,-0.8255966023311703,-92.81115648337912,-56.121074836146036,2.417461082237736,-0.5470459518599591,0.0,0.0,0.0,,-0.8255966023311703,-92.81115648337912,-56.121074836146036,2.417461082237736,-0.5470459518599591,0.0,0.0,0.0,,-0.6543130360175655,-49784731.7631287,-34425630.78404403,0.6644518272425293,38513025.56091194,26053266.7269037,1.478241710132333,-0.5470459518599591,False,False,falling,falling,sell_advantage_accelerating,accelerating,neutral,False,False,False,pass,S0,🌱 초발사 준비,발사 구조 관찰 또는 초기 준비,S0,False,,,2026-09-04T15:10:00Z,33889285661-1
KRW-ETH,이더리움,3360000.0,3392733.3333333335,2933780.0,2852833.3333333335,0.30945716876258356,-15.643754246512467,-18.92504527662558,-0.5296063205185433,-1.0582928982397095,,,,,False,False,False,False,-13.277159074592115,0.0,5.0,관찰,0.5685218432076589,0.3118450005507931,0.0,0.02956597153782603,-0.029843348633175282,False,False,False,False,2026-09-05T00:34:54.830847+09:00,1788536094,701343232.7538396,131252050.38436991,5.343484011868502,510,0.0,complete,1788535197736,1788536314986,806.32382057,381.04307911,0.3581712961466374,3423000.0,3474000.0,1.4899211218229569,-1.8404907975460127,3.281519861830743,223.52941176470637,complete_hourly_ordered,/v1/candles/minutes/60,120,False,7.222222222222219,3240000.0,2026-09-02T19:00:00,3474000.0,2026-09-04T18:00:00,D-1,3.1951640759930955,47.435897435897395,False,True,5.05236723524246,55.27705917237255,-91.54039633133934,0.3118450005507931,0.538599640933568,0.0,0.02956597153782603,-0.029843348633175282,,5.05236723524246,55.27705917237255,-91.54039633133934,0.3118450005507931,0.538599640933568,0.0,0.02956597153782603,-0.029843348633175282,,4.966211452094368,-24.631683193319354,-94.6786782285924,2.89121155134543,0.0,0.0,0.01576851815352498,-0.015916127144951275,,4.966211452094368,-24.631683193319354,-94.6786782285924,2.89121155134543,0.0,0.0,0.01576851815352498,-0.015916127144951275,,4.966211452094368,-24.631683193319354,-94.6786782285924,2.89121155134543,0.0,0.0,0.01576851815352498,-0.015916127144951275,,4.966211452094368,-24.631683193319354,-94.6786782285924,2.89121155134543,0.0,0.0,0.01576851815352498,-0.015916127144951275,,5.05236723524246,249671082.02403945,-1420263310.4428115,0.538599640933568,832595283.1382096,887154646.9516916,0.9385007292686222,0.0,False,False,rising,falling,buy_advantage_accelerating,accelerating,neutral,False,False,False,pass,S0,🌱 초발사 준비,발사 구조 관찰 또는 초기 준비,S0,False,,,2026-09-04T15:10:00Z,33889285661-1
KRW-IQ,아이큐,0.956,0.9618,0.9605,1.1827916666666667,0.5295798202215929,-0.13534617386777387,18.683904604220245,-1.1954328303272086,-1.1641611540390238,,,,,True,False,False,False,4017.3863830963433,4.824561403508754,10.0,A급,-0.20876826722338038,4.774377063693919,0.0,-0.020904466587690074,0.015190095068362552,False,True,False,False,2026-09-05T00:34:54.830847+09:00,1788536094,0.0,3152076.3089263975,0.0,1,0.0,complete,1788535207719,1788535207719,56913918.5955981,83422525.5322171,-0.1888932493720275,0.974,0.984,1.0266940451745477,-1.848049281314168,2.8455284552845557,279.99999999999824,complete_hourly_ordered,/v1/candles/minutes/60,120,False,45.21452145214522,0.909,2026-08-31T10:00:00,1.32,2026-09-01T19:00:00,D-4,27.575757575757585,88.56447688564477,False,True,-0.28767118528257607,-100.0,-15.165933680924514,4.774377063693919,-0.20876826722338038,0.0,-0.020904466587690074,0.015190095068362552,,-0.28767118528257607,-100.0,-15.165933680924514,4.774377063693919,-0.20876826722338038,0.0,-0.020904466587690074,0.015190095068362552,,-2.3680559720140457,-100.0,3052.076308926588,6.810736263182662,-0.7268951194184803,0.0,-0.04877708870461017,0.035442556341532594,,-2.3680559720140457,-100.0,3052.076308926588,6.810736263182662,-0.7268951194184803,0.0,-0.04877708870461017,0.035442556341532594,,-2.3680559720140457,-100.0,3052.076308926588,6.810736263182662,-0.7268951194184803,0.0,-0.04877708870461017,0.035442556341532594,,-2.3680559720140457,-100.0,3052.076308926588,6.810736263182662,-0.7268951194184803,0.0,-0.04877708870461017,0.035442556341532594,,-0.28767118528257607,-1068864.864357083,-563502.167614969,-0.20876826722338038,3152076.3089263975,2578736.9116898635,1.222333420147471,-0.7268951194184803,False,True,falling,falling,sell_only,accelerating,neutral,True,True,False,🔴 1차 급등 완료·상승분 반납 / 신규매수 금지,S3,🔴 1차 급등 완료·반납,당일/5D 급등 후 상승분 상당 부분 반납,S3,False,,,2026-09-04T15:10:00Z,33889285661-1
KRW-NEAR,니어프로토콜,2646.0,2630.133333333333,2515.98,2809.1666666666665,0.5556405158790856,-4.537131985680856,6.3731830317413225,-1.0467868022641507,-0.5503451297799653,,,11.58033874904898,,False,False,False,False,48.451175208818896,4.656669297553284,13.0,A급,0.6069802731411222,0.6028778399331145,0.0,0.040780955293873156,-0.03352864843335368,False,False,False,False,2026-09-05T00:34:54.830847+09:00,1788536094,25778920.49869217,35845320.18457336,0.7191711600273712,84,0.0,complete,1788535238741,1788536283220,77656.79024339,55044.59517161,0.17039908815619656,2668.0,2785.0,4.385307346326828,-0.8245877061469287,4.991023339317774,118.8034188034189,complete_hourly_ordered,/v1/candles/minutes/60,120,False,13.181089743589736,2496.0,2026-08-31T08:00:00,2825.0,2026-09-01T23:00:00,D-4,6.194690265486724,53.19148936170218,False,True,0.08187534183241352,-73.68010312297741,-76.67653940070312,0.6028778399331145,0.3793626707132125,0.0,0.040780955293873156,-0.03352864843335368,-0.20451657798436962,0.08187534183241352,-73.68010312297741,-76.67653940070312,0.6028778399331145,0.3793626707132125,0.0,0.040780955293873156,-0.03352864843335368,-0.20451657798436962,-0.790845211463142,-80.49188970629062,-59.03956170986802,5.763596489038321,-1.85459940652819,0.0,-0.07646429117602604,0.06285763797630572,0.3702860510370467,-0.790845211463142,-80.49188970629062,-59.03956170986802,5.763596489038321,-1.85459940652819,0.0,-0.07646429117602604,0.06285763797630572,0.3702860510370467,-0.790845211463142,-80.49188970629062,-59.03956170986802,5.763596489038321,-1.85459940652819,0.0,-0.07646429117602604,0.06285763797630572,0.3702860510370467,-0.790845211463142,-80.49188970629062,-59.03956170986802,5.763596489038321,-1.85459940652819,0.0,-0.07646429117602604,0.06285763797630572,0.3702860510370467,0.08187534183241352,-72165690.07156163,-117842508.56607941,0.3793626707132125,61624240.68326553,76952182.6109414,0.8008121224426912,-1.85459940652819,False,True,falling,falling,sell_advantage_weakening,accelerating,neutral,False,False,False,pass,S1,⚡ 선행 시동,가격 미급등 상태에서 선행조건 6개 개선,S0,True,가격 미급등 상태에서 선행조건 6개 개선,2026-09-05T00:34:54.830847+09:00,2026-09-04T15:10:00Z,33889285661-1
KRW-RVN,레이븐코인,3.94,3.754,4.4454,5.881166666666667,0.9863701578192163,15.553156071444644,36.16912744070054,-1.4819258270099422,-1.0853732244684764,10.495232479230081,,,,False,False,False,False,12.698047145384695,9.749303621169926,6.0,관찰,0.2544529262086481,0.039989995520862465,0.0,0.053802008608316854,-0.0312948290703261,False,False,False,False,2026-09-05T00:34:54.830847+09:00,1788536094,2894825.6049207635,917329.6357370612,3.1557092370561133,51,0.0,complete,1788535231741,1788535729176,7819988.02382321,37193626.42105191,-0.6525500953317235,4.03,4.08,1.2406947890818865,-2.2332506203474045,3.4313725490196108,280.00000000000074,complete_hourly_ordered,/v1/candles/minutes/60,120,False,23.512747875354133,3.53,2026-08-31T09:00:00,4.36,2026-08-31T17:00:00,D-4,9.63302752293579,50.60240963855429,False,True,2.9674648386032434,691.1107260473351,-52.80865518734552,0.039989995520862465,0.2544529262086481,0.0,0.053802008608316854,-0.0312948290703261,,2.9674648386032434,691.1107260473351,-52.80865518734552,0.039989995520862465,0.2544529262086481,0.0,0.053802008608316854,-0.0312948290703261,,1.8509677589586,-62.80279504569568,-84.62065655375454,0.2929049946014395,1.546391752577314,0.0,0.08967001434718735,-0.052159526664745215,,1.8509677589586,-62.80279504569568,-84.62065655375454,0.2929049946014395,1.546391752577314,0.0,0.08967001434718735,-0.052159526664745215,,1.8509677589586,-62.80279504569568,-84.62065655375454,0.2929049946014395,1.546391752577314,0.0,0.08967001434718735,-0.052159526664745215,,1.8509677589586,-62.80279504569568,-84.62065655375454,0.2929049946014395,1.546391752577314,0.0,0.08967001434718735,-0.052159526664745215,,2.9674648386032434,2528906.4598998986,-1026521.8043496324,0.2544529262086481,3812155.2406578246,8377611.698279595,0.4550408132953547,1.546391752577314,False,False,rising,falling,buy_advantage_accelerating,accelerating,leading_buy_inflow,False,False,False,pass,S0,🌱 초발사 준비,발사 구조 관찰 또는 초기 준비,S0,False,,,2026-09-04T15:10:00Z,33889285661-1
KRW-PRL,펄,172.0,257.2,334.76,300.8833333333333,-4.528582034149964,23.16883737603059,14.518362599014015,5.913636696637617,6.353859608171802,,,,,False,False,False,False,83.63946603432089,-29.218106995884774,3.0,-,1.17647058823529,0.12381483137657767,0.0,0.0742390497401546,-0.059373323208518514,False,False,False,False,2026-09-05T00:34:54.830847+09:00,1788536094,3677678.8972467203,2519457.39705744,1.4597106906995159,12,0.0,complete,1788535314541,1788536294761,1985994.68017347,1970875.96116148,0.0038208777547726978,176.0,176.0,0.0,-2.2727272727272707,2.272727272727273,,complete_hourly_ordered,/v1/candles/minutes/60,120,False,6.190476190476191,210.0,2026-09-01T11:00:00,223.0,2026-09-01T12:00:00,D-4,22.869955156950674,392.3076923076923,False,False,1.452471597598349,2378.737074994716,-87.70728434509049,0.12381483137657767,1.17647058823529,0.0,0.0742390497401546,-0.059373323208518514,,1.452471597598349,2378.737074994716,-87.70728434509049,0.12381483137657767,1.17647058823529,0.0,0.0742390497401546,-0.059373323208518514,,-1.4289809575055863,93.47492663136718,282.8768318667974,2.248415936099434,2.3809523809523725,0.0,0.09898539965353947,-0.07916662374373118,,-1.4289809575055863,93.47492663136718,282.8768318667974,2.248415936099434,2.3809523809523725,0.0,0.09898539965353947,-0.07916662374373118,,-1.4289809575055863,93.47492663136718,282.8768318667974,2.248415936099434,2.3809523809523725,0.0,0.09898539965353947,-0.07916662374373118,,-1.4289809575055863,93.47492663136718,282.8768318667974,2.248415936099434,2.3809523809523725,0.0,0.09898539965353947,-0.07916662374373118,,1.452471597598349,3529309.8372787703,-17976074.00369703,1.17647058823529,6197136.29430416,28090611.65272586,0.2206123658294497,2.3809523809523725,False,False,rising,falling,buy_advantage_accelerating,accelerating,neutral,False,False,False,pass,S0,🌱 초발사 준비,발사 구조 관찰 또는 초기 준비,S0,False,,,2026-09-04T15:10:00Z,33889285661-1
KRW-AGLD,어드벤처골드,225.0,230.73333333333332,222.88,264.5083333333333,-0.028885037550563375,-3.5235702321129416,12.768973882360356,-0.2654512346420915,-0.5134339035804188,,,,,False,False,False,False,-10.98043059691911,0.44642857142858094,8.0,B급,0.0,1.8992264952856122,0.0,0.0,0.0,False,False,False,False,2026-09-05T00:34:54.830847+09:00,1788536094,0.0,0.0,,0,0.0,complete,,,378695.56207136,527494.04360976,-0.16420237067998422,226.0,230.0,1.7699115044247815,-0.4424778761061954,2.1739130434782608,125.0,complete_hourly_ordered,/v1/candles/minutes/60,120,False,5.882352941176472,221.0,2026-08-31T08:00:00,234.0,2026-08-31T12:00:00,D-4,3.8461538461538436,69.23076923076935,False,True,,-100.0,-100.0,1.8992264952856122,0.0,0.0,0.0,0.0,,,-100.0,-100.0,1.8992264952856122,0.0,0.0,0.0,0.0,,,-100.0,-100.0,3.8180849902464082,-0.4424778761061954,0.0,0.0,0.0,,,-100.0,-100.0,3.8180849902464082,-0.4424778761061954,0.0,0.0,0.0,,,-100.0,-100.0,3.8180849902464082,-0.4424778761061954,0.0,0.0,0.0,,,-100.0,-100.0,3.8180849902464082,-0.4424778761061954,0.0,0.0,0.0,,,-45000.0,-25276502.880933747,0.0,0,655500.950814165,0.0,-0.4424778761061954,False,False,falling,falling,unavailable,accelerating,neutral,False,False,False,pass,S0,🌱 초발사 준비,발사 구조 관찰 또는 초기 준비,S0,False,,,2026-09-04T15:10:00Z,33889285661-1
KRW-ID,스페이스아이디,43.2,43.84,42.472,46.25416666666667,0.2591858515017531,-3.220945564136377,5.2193496081434105,-1.0124309974773074,-0.7021506749271121,,,7.433375476973248,,False,False,False,False,-20.898607731083484,0.23201856148491462,11.0,A급,-0.2309468822170757,0.07348688648207968,0.0,0.0,0.0,False,False,False,False,2026-09-05T00:34:54.830847+09:00,1788536094,0.0,995391.7050687841,0.0,3,0.0,complete,1788535821662,1788535821662,2999235.50959116,1613169.95077972,0.3005081775052767,44.2,44.8,1.3574660633484115,-2.26244343891403,3.5714285714285587,266.6666666666675,complete_hourly_ordered,/v1/candles/minutes/60,120,False,8.47058823529412,42.5,2026-08-31T08:00:00,46.1,2026-09-02T00:00:00,D-3,6.290672451193058,80.55555555555543,False,True,-0.008462574055815178,-100.0,-58.34941923103864,0.07348688648207968,-0.2309468822170757,0.0,0.0,0.0,0.0,-0.008462574055815178,-100.0,-58.34941923103864,0.07348688648207968,-0.2309468822170757,0.0,0.0,0.0,0.0,-2.2842369079388862,-100.0,-48.5812174127224,0.7139339512914233,-0.6896551724137834,0.0,-0.03049245311785853,0.025410105017670936,0.08934354376201092,-2.2842369079388862,-100.0,-48.5812174127224,0.7139339512914233,-0.6896551724137834,0.0,-0.03049245311785853,0.025410105017670936,0.08934354376201092,-2.2842369079388862,-100.0,-48.5812174127224,0.7139339512914233,-0.6896551724137834,0.0,-0.03049245311785853,0.025410105017670936,0.08934354376201092,-2.2842369079388862,-100.0,-48.5812174127224,0.7139339512914233,-0.6896551724137834,0.0,-0.03049245311785853,0.025410105017670936,0.08934354376201092,-0.008462574055815178,-20224.390304219,-1394471.021192562,-0.2309468822170757,995391.7050687841,3014731.400299519,0.33017591715463945,-0.6896551724137834,False,True,falling,falling,sell_only,accelerating,neutral,False,False,False,pass,S1,⚡ 선행 시동,가격 미급등 상태에서 선행조건 3개 개선,S0,True,가격 미급등 상태에서 선행조건 3개 개선,2026-09-05T00:34:54.830847+09:00,2026-09-04T15:10:00Z,33889285661-1
KRW-IN,인피닛,46.2,45.1,49.13399999999999,84.05416666666666,0.20737668493555628,8.210200675703163,46.34412333316809,-1.0508333851565053,-0.4486601324958038,7.81303752971303,,,,False,False,False,False,140.00688947597507,2.895322939866385,7.0,B급,-0.6451612903225712,1.334926581582721,0.0,-0.059250481410155764,0.029596570733652072,False,False,False,False,2026-09-05T00:34:54.830847+09:00,1788536094,5807765.526590103,6025919.472463062,0.9637974010655357,16,0.0,complete,1788535266507,1788536199008,2460090.51730841,2816146.12851864,-0.0674828737054152,45.7,46.7,2.188183807439814,1.0940919037199182,1.070663811563169,49.999999999999496,complete_hourly_ordered,/v1/candles/minutes/60,120,False,8.14479638009049,44.2,2026-08-31T08:00:00,47.8,2026-09-01T12:00:00,D-4,2.7196652719665204,36.11111111111101,False,True,-5.484963602213516,-56.44337190979344,191.4370637977612,1.334926581582721,-0.6451612903225712,0.0,-0.059250481410155764,0.029596570733652072,,-5.484963602213516,-56.44337190979344,191.4370637977612,1.334926581582721,-0.6451612903225712,0.0,-0.059250481410155764,0.029596570733652072,,-9.53465019799771,169.87785299336116,2839.72415226075,3.4803880854959175,0.8733624454148492,0.0,0.059250481410155764,-0.029598918247216943,,-9.53465019799771,169.87785299336116,2839.72415226075,3.4803880854959175,0.8733624454148492,0.0,0.059250481410155764,-0.029598918247216943,,-9.53465019799771,169.87785299336116,2839.72415226075,3.4803880854959175,0.8733624454148492,0.0,0.059250481410155764,-0.029598918247216943,,-9.53465019799771,169.87785299336116,2839.72415226075,3.4803880854959175,0.8733624454148492,0.0,0.059250481410155764,-0.029598918247216943,,-5.484963602213516,-7526061.680057107,3958262.2589506907,-0.6451612903225712,11833684.999053165,8678772.20862674,1.3635206357058696,0.8733624454148492,False,False,falling,rising,sell_advantage_accelerating,accelerating,neutral,False,False,False,pass,S0,🌱 초발사 준비,발사 구조 관찰 또는 초기 준비,S0,False,,,2026-09-04T15:10:00Z,33889285661-1
KRW-MANTRA,만트라,6.2,6.178666666666667,7.4868,10.103166666666668,0.043177892918833116,17.472529429573814,38.84425675118363,-0.43341690380764286,-0.2374670833567869,,,,,False,False,False,False,-77.8911275087647,0.8130081300812941,5.0,관찰,0.3236245954692629,0.0014430694558456025,0.0,0.032383419689119286,-0.01828294444881351,False,False,False,False,2026-09-05T00:34:54.830847+09:00,1788536094,109999.99999999399,0.0,,1,0.0,complete,1788535447910,1788535447910,11404200.7918762,15851012.93100822,-0.16315455033098206,6.35,6.43,1.2598425196850505,-2.3622047244094446,3.5769828926905065,287.499999999998,complete_hourly_ordered,/v1/candles/minutes/60,120,False,27.160493827160504,5.67,2026-08-31T11:00:00,7.21,2026-08-31T18:00:00,D-4,14.00832177531206,65.58441558441561,False,True,,80.94884903736019,-100.0,0.0014430694558456025,0.3236245954692629,0.0,0.032383419689119286,-0.01828294444881351,,,80.94884903736019,-100.0,0.0014430694558456025,0.3236245954692629,0.0,0.032383419689119286,-0.01828294444881351,,,-98.93805109721791,-100.0,0.08735128135303682,0.6493506493506551,0.0,0.043177892918833116,-0.024377460341185042,,,-98.93805109721791,-100.0,0.08735128135303682,0.6493506493506551,0.0,0.043177892918833116,-0.024377460341185042,,,-98.93805109721791,-100.0,0.08735128135303682,0.6493506493506551,0.0,0.043177892918833116,-0.024377460341185042,,,-98.93805109721791,-100.0,0.08735128135303682,0.6493506493506551,0.0,0.043177892918833116,-0.024377460341185042,,,49209.33977463799,-60409.55807183911,0.3236245954692629,109999.99999999399,7085652.842264662,0.015524328166892896,0.6493506493506551,False,False,rising,falling,buy_only,accelerating,neutral,True,True,False,🔴 1차 급등 완료·상승분 반납 / 신규매수 금지,S3,🔴 1차 급등 완료·반납,당일/5D 급등 후 상승분 상당 부분 반납,S3,False,,,2026-09-04T15:10:00Z,33889285661-1
KRW-WAL,월러스,34.6,33.260000000000005,35.668,55.655,0.4833836858006091,6.751149489738685,40.238972239690945,-1.3799297776068928,-1.1684308525274134,4.892386264355197,,,,False,False,False,False,136.38388078048882,8.125000000000004,8.0,B급,0.0,0.9916234777498403,0.0,0.06042296072508169,-0.03325272774088717,False,False,False,False,2026-09-05T00:34:54.830847+09:00,1788536094,1636482.8041423261,1844748.1680777664,0.8871036342307614,8,0.0,complete,1788535280885,1788536251204,2079033.22473241,2948085.62427417,-0.1728728573253237,35.6,35.6,0.0,-2.8089887640449396,2.8089887640449436,,complete_hourly_ordered,/v1/candles/minutes/60,120,False,13.968253968253963,31.5,2026-08-31T08:00:00,35.9,2026-09-01T16:00:00,D-4,2.785515320334264,22.727272727272656,False,True,-2.6127266150115838,-7.276137163427365,265.817213975722,0.9916234777498403,0.0,0.0,0.06042296072508169,-0.03325272774088717,,-2.6127266150115838,-7.276137163427365,265.817213975722,0.9916234777498403,0.0,0.0,0.06042296072508169,-0.03325272774088717,,-3.681097982042154,-8.557682693863333,370.88854739712565,1.7556155635880089,1.4662756598240456,1.0,0.10070493454179541,-0.05542287269132373,,-3.681097982042154,-8.557682693863333,370.88854739712565,1.7556155635880089,1.4662756598240456,1.0,0.10070493454179541,-0.05542287269132373,,-3.681097982042154,-8.557682693863333,370.88854739712565,1.7556155635880089,1.4662756598240456,1.0,0.10070493454179541,-0.05542287269132373,,-3.681097982042154,-8.557682693863333,370.88854739712565,1.7556155635880089,1.4662756598240456,1.0,0.10070493454179541,-0.05542287269132373,,-2.6127266150115838,-128416.49370795279,1340466.7680777665,0.0,3481230.9722200925,4638310.406514844,0.75053859425416,1.4662756598240456,False,False,falling,rising,sell_advantage_accelerating,accelerating,neutral,False,False,False,pass,S0,🌱 초발사 준비,발사 구조 관찰 또는 초기 준비,S0,False,,,2026-09-04T15:10:00Z,33889285661-1
KRW-PENDLE,펜들,2594.0,2446.266666666667,2168.72,2235.4,1.3702414498038662,-12.797717855078899,-9.433061942679913,-1.6646671609442083,-1.997978810959113,,,,,False,False,False,False,123.96781496524474,8.20083682008368,11.0,A급,1.3720109760878119,1.5437786482658566,0.0,0.07182717277198769,-0.06693984978671708,False,False,False,False,2026-09-05T00:34:54.830847+09:00,1788536094,797339.6896365201,962365.40188031,0.8285207345137764,20,0.0,complete,1788535200910,1788535968653,25553.95687978,20404.86197406,0.11203714616982101,2682.0,2732.0,1.8642803877703118,-3.281133482475762,5.051244509516837,276.00000000000074,complete_hourly_ordered,/v1/candles/minutes/60,120,False,16.205869842620157,2351.0,2026-08-31T13:00:00,2732.0,2026-09-04T09:00:00,D-1,5.051244509516839,36.2204724409449,False,True,0.043326638519181615,-95.33495079535011,-95.57890473898034,1.5437786482658566,1.6856134849078774,0.0,0.07182717277198769,-0.06693984978671708,,0.043326638519181615,-95.33495079535011,-95.57890473898034,1.5437786482658566,1.6856134849078774,0.0,0.07182717277198769,-0.06693984978671708,,-0.30346149903767117,-96.60979982354088,-95.36807443909433,9.920215532273204,-1.1809523809523825,0.0,-0.0966904248853373,0.09009084747078511,,-0.30346149903767117,-96.60979982354088,-95.36807443909433,9.920215532273204,-1.1809523809523825,0.0,-0.0966904248853373,0.09009084747078511,,-0.30346149903767117,-96.60979982354088,-95.36807443909433,9.920215532273204,-1.1809523809523825,0.0,-0.0966904248853373,0.09009084747078511,,-0.30346149903767117,-96.60979982354088,-95.36807443909433,9.920215532273204,-1.1809523809523825,0.0,-0.0966904248853373,0.09009084747078511,,0.043326638519181615,-16294434.7945805,-20805213.559047945,1.6856134849078774,1759705.09151683,4573831.575191211,0.38473325101466266,-1.1809523809523825,False,True,falling,falling,sell_advantage_weakening,accelerating,neutral,False,False,False,pass,S0,🌱 초발사 준비,발사 구조 관찰 또는 초기 준비,S0,False,,,2026-09-04T15:10:00Z,33889285661-1
KRW-BLUR,블러,22.3,22.259999999999998,20.892,25.425,0.7543753771876993,-6.547960941987357,12.448377581120955,-1.2047704256216458,-1.2907897422252417,,,9.644001012636435,,False,False,False,False,24.48418307999014,2.764976958525356,12.0,A급,1.3636363636363669,0.030663144864192304,0.0,0.09052504526250171,-0.0700608100679414,False,False,False,False,2026-09-05T00:34:54.830847+09:00,1788536094,435182.11613000004,0.0,,2,0.0,complete,1788535433958,1788535599616,3264526.54117614,5875027.77944091,-0.28562675450989866,22.6,22.8,0.8849557522123908,-1.3274336283185861,2.1929824561403506,250.0,complete_hourly_ordered,/v1/candles/minutes/60,120,False,11.057692307692314,20.8,2026-09-02T03:00:00,23.1,2026-09-03T17:00:00,D-2,3.463203463203468,34.78260869565224,False,False,,,-100.0,0.030663144864192304,1.3636363636363669,0.0,0.09052504526250171,-0.0700608100679414,-0.16071249832112322,,,-100.0,0.030663144864192304,1.3636363636363669,0.0,0.09052504526250171,-0.0700608100679414,-0.16071249832112322,,-93.0558316669547,-100.0,0.8011245642218547,0.45045045045044585,0.0,0.030175015087507973,-0.02335207242390247,-0.05317823390829268,,-93.0558316669547,-100.0,0.8011245642218547,0.45045045045044585,0.0,0.030175015087507973,-0.02335207242390247,-0.05317823390829268,,-93.0558316669547,-100.0,0.8011245642218547,0.45045045045044585,0.0,0.030175015087507973,-0.02335207242390247,-0.05317823390829268,,-93.0558316669547,-100.0,0.8011245642218547,0.45045045045044585,0.0,0.030175015087507973,-0.02335207242390247,-0.05317823390829268,,435182.11613000004,-96916.29955941999,1.3636363636363669,435182.11613000004,3733943.1375258276,0.1165476013162747,0.45045045045044585,False,False,rising,falling,buy_only,accelerating,neutral,False,False,False,pass,S1,⚡ 선행 시동,가격 미급등 상태에서 선행조건 5개 개선,S0,True,가격 미급등 상태에서 선행조건 5개 개선,2026-09-05T00:34:54.830847+09:00,2026-09-04T15:10:00Z,33889285661-1
KRW-AWE,에이더블유이,84.2,86.68,84.236,83.64916666666666,-0.444104134762624,-2.9013723348687055,-3.6232678149812387,-0.12302664661641441,0.03468811421028093,,,,,False,False,False,False,-18.95275401847647,-0.35502958579881616,3.0,-,0.4773269689737569,0.5756212929232589,0.0,0.022970903522201436,-0.020813044916679235,False,False,False,False,2026-09-05T00:34:54.830847+09:00,1788536094,430064.63294344,2179601.2,0.19731345025110097,17,0.0,complete,1788535290876,1788536131906,2193559.48230066,879790.09139788,0.4274715125626791,85.6,85.7,0.11682242990656011,-1.635514018691575,1.7502917152858808,1499.999999999772,complete_hourly_ordered,/v1/candles/minutes/60,120,False,4.750593824228022,84.2,2026-08-31T08:00:00,88.2,2026-08-31T19:00:00,D-4,4.53514739229025,100.0,False,True,0.19671627339798617,7641.937587140584,-76.56872392927964,0.5756212929232589,0.4773269689737569,0.0,0.022970903522201436,-0.020813044916679235,,0.19671627339798617,7641.937587140584,-76.56872392927964,0.5756212929232589,0.4773269689737569,0.0,0.022970903522201436,-0.020813044916679235,,,4200.646329662334,,3.0092492851778516,-0.35502958579881616,0.0,0.0,0.0,,,4200.646329662334,,3.0092492851778516,-0.35502958579881616,0.0,0.0,0.0,,,4200.646329662334,,3.0092492851778516,-0.35502958579881616,0.0,0.0,0.0,,,4200.646329662334,,3.0092492851778516,-0.35502958579881616,0.0,0.0,0.0,,0.19671627339798617,424509.632943727,-7122500.799999998,0.4773269689737569,2609665.8329434404,2741749.9811795484,0.9518248749365239,-0.35502958579881616,False,False,rising,falling,sell_advantage_weakening,accelerating,leading_buy_inflow,False,False,False,pass,S0,🌱 초발사 준비,발사 구조 관찰 또는 초기 준비,S0,False,,,2026-09-04T15:10:00Z,33889285661-1
KRW-THETA,쎄타토큰,236.0,244.33333333333334,208.8,234.28333333333333,0.3284971256501512,-17.01787994891443,-4.28967774062745,-0.7255483682332671,-1.1321956124334882,,,,,False,False,False,False,-21.179890055979357,1.724137931034475,7.0,B급,0.42553191489360653,0.5632980692849898,0.0,0.02737476047083298,-0.024746925701967015,False,False,False,False,2026-09-05T00:34:54.830847+09:00,1788536094,8025285.668838019,1917727.22077989,4.184789985707322,41,0.0,complete,1788535817969,1788536338531,273365.15212483,367510.07457607,-0.14690054870100006,245.0,247.0,0.8163265306122547,-3.6734693877551017,4.4534412955465585,549.9999999999945,complete_hourly_ordered,/v1/candles/minutes/60,120,False,8.333333333333325,228.0,2026-09-02T22:00:00,247.0,2026-09-04T12:00:00,D-1,4.453441295546556,57.89473684210509,False,False,3.4447020551233836,2257.9537410168505,317.00852624910345,0.5632980692849898,0.42553191489360653,0.0,0.02737476047083298,-0.024746925701967015,,3.4447020551233836,2257.9537410168505,317.00852624910345,0.5632980692849898,0.42553191489360653,0.0,0.02737476047083298,-0.024746925701967015,,4.184789985707322,,-28.89777071080256,3.139306182696753,-1.2552301255230103,-1.0,-0.08212428141254335,0.07423021541337604,,4.184789985707322,,-28.89777071080256,3.139306182696753,-1.2552301255230103,-1.0,-0.08212428141254335,0.07423021541337604,,4.184789985707322,,-28.89777071080256,3.139306182696753,-1.2552301255230103,-1.0,-0.08212428141254335,0.07423021541337604,,4.184789985707322,,-28.89777071080256,3.139306182696753,-1.2552301255230103,-1.0,-0.08212428141254335,0.07423021541337604,,3.4447020551233836,7684936.0882148985,1457850.0000358901,0.42553191489360653,9943012.889617909,1058960.50285972,9.38940863494609,-1.2552301255230103,False,False,rising,rising,buy_advantage_accelerating,accelerating,leading_buy_inflow,False,False,False,pass,S0,🌱 초발사 준비,발사 구조 관찰 또는 초기 준비,S0,False,,,2026-09-04T15:10:00Z,33889285661-1
KRW-AXL,엑셀라,58.6,57.62,55.218,66.41916666666667,0.40659851301114713,-4.350030787062178,13.247932951080896,-0.9739270046297127,-1.2566609349348485,,,10.542169795202343,,False,False,False,False,4847.431294484223,6.352087114337568,13.0,A급,-0.5093378607809784,0.42753379253827006,0.0,-0.05808550185872896,0.04474130156013878,False,True,False,False,2026-09-05T00:34:54.830847+09:00,1788536094,2497178.9639999997,1604246.115542507,1.5566058971914856,12,0.0,complete,1788535260497,1788536295021,984211.95093078,1763418.42798359,-0.283592175655259,58.7,59.2,0.8517887563884052,-0.17035775127768327,1.0135135135135158,120.00000000000026,complete_hourly_ordered,/v1/candles/minutes/60,120,False,34.67153284671534,54.8,2026-08-31T08:00:00,73.8,2026-08-31T20:00:00,D-4,20.32520325203252,78.94736842105267,False,True,0.749910915184438,-60.336672760690014,-79.44488896554732,0.42753379253827006,-0.5093378607809784,0.0,-0.05808550185872896,0.04474130156013878,0.10988809315191439,0.749910915184438,-60.336672760690014,-79.44488896554732,0.42753379253827006,-0.5093378607809784,0.0,-0.05808550185872896,0.04474130156013878,0.10988809315191439,-15.703988747861494,-32.90419970577939,643.9991158670931,5.648996026102395,1.384083044982698,1.0,0.09293680297395301,-0.07159775975414817,-0.1791431170685538,-15.703988747861494,-32.90419970577939,643.9991158670931,5.648996026102395,1.384083044982698,1.0,0.09293680297395301,-0.07159775975414817,-0.1791431170685538,-15.703988747861494,-32.90419970577939,643.9991158670931,5.648996026102395,1.384083044982698,1.0,0.09293680297395301,-0.07159775975414817,-0.1791431170685538,-15.703988747861494,-32.90419970577939,643.9991158670931,5.648996026102395,1.384083044982698,1.0,0.09293680297395301,-0.07159775975414817,-0.1791431170685538,0.749910915184438,-3798760.226711834,-6200363.223972177,-0.5093378607809784,4101425.0795425065,3418078.1760025555,1.1999213793112027,1.384083044982698,False,True,falling,falling,buy_advantage_accelerating,accelerating,neutral,True,True,False,🔴 1차 급등 완료·상승분 반납 / 신규매수 금지,S3,🔴 1차 급등 완료·반납,당일/5D 급등 후 상승분 상당 부분 반납,S3,False,,,2026-09-04T15:10:00Z,33889285661-1
KRW-HP,히포프로토콜,10.5,10.034666666666668,10.538,14.893333333333334,0.9997986982486884,4.77636490162585,32.62309758281109,-1.6028449370702273,-1.2586018715012046,2.979929493589296,,,,False,False,False,False,-57.51786606353022,3.960396039603964,6.0,관찰,0.9615384615384581,0.02344185765670659,0.0,0.06710058377510375,-0.04099508128156515,False,False,False,False,2026-09-05T00:34:54.830847+09:00,1788536094,456058.68563048507,0.0,,5,0.0,complete,1788535869098,1788536290469,8046739.57888249,27526946.33791562,-0.5476015840639796,10.6,11.4,7.547169811320753,-0.9433962264150941,7.8947368421052655,112.5,complete_hourly_ordered,/v1/candles/minutes/60,120,False,15.618661257606492,9.86,2026-08-31T19:00:00,11.4,2026-09-04T14:00:00,D-1,7.017543859649134,51.94805194805188,False,True,,,-100.0,0.02344185765670659,0.9615384615384581,0.0,0.06710058377510375,-0.04099508128156515,,,,-100.0,0.02344185765670659,0.9615384615384581,0.0,0.06710058377510375,-0.04099508128156515,,,16.814943336031863,,0.026841909040030032,0.0,0.0,0.0,0.0,,,16.814943336031863,,0.026841909040030032,0.0,0.0,0.0,0.0,,,16.814943336031863,,0.026841909040030032,0.0,0.0,0.0,0.0,,,16.814943336031863,,0.026841909040030032,0.0,0.0,0.0,0.0,,,456058.68563048507,-102164.705882304,0.9615384615384581,456058.68563048507,803364.463301156,0.5676859090287182,0.0,False,False,rising,falling,buy_only,accelerating,neutral,False,True,False,pass,S0,🌱 초발사 준비,발사 구조 관찰 또는 초기 준비,S3,True,발사 구조 관찰 또는 초기 준비,2026-09-05T00:34:54.830847+09:00,2026-09-04T15:10:00Z,33889285661-1
KRW-SAND,샌드박스,50.8,52.36,58.516000000000005,75.89750000000001,-1.1702529256323202,10.52019960352725,31.012220428867888,0.007489207521200214,0.015661638127810205,,,,,False,False,False,False,127.5743341412329,5.394190871369275,5.0,관찰,-0.19646365422396617,0.1944007913123471,0.0,0.0,0.0,False,False,False,False,2026-09-05T00:34:54.830847+09:00,1788536094,3987491.329549356,5293680.777927242,0.75325496508512,38,0.0,complete,1788535195501,1788536339453,4288402.43753241,3160862.9609446,0.15136250573356316,51.1,54.8,7.240704500978468,-0.5870841487279899,7.299270072992702,108.10810810810818,complete_hourly_ordered,/v1/candles/minutes/60,120,False,15.126050420168058,47.6,2026-08-31T08:00:00,54.8,2026-09-04T13:00:00,D-1,7.299270072992703,55.555555555555536,True,True,0.6253797295640962,-18.67194813479147,-86.19346135268503,0.1944007913123471,-0.19646365422396617,0.0,0.0,0.0,,0.6253797295640962,-18.67194813479147,-86.19346135268503,0.1944007913123471,-0.19646365422396617,0.0,0.0,0.0,,-6.403019862399884e-05,-65.88809411645168,-65.88519444474635,1.005141374775107,-0.5870841487279899,0.0,-0.037750094375244014,0.02407813637776357,,-6.403019862399884e-05,-65.88809411645168,-65.88519444474635,1.005141374775107,-0.5870841487279899,0.0,-0.037750094375244014,0.02407813637776357,,-6.403019862399884e-05,-65.88809411645168,-65.88519444474635,1.005141374775107,-0.5870841487279899,0.0,-0.037750094375244014,0.02407813637776357,,-6.403019862399884e-05,-65.88809411645168,-65.88519444474635,1.005141374775107,-0.5870841487279899,0.0,-0.037750094375244014,0.02407813637776357,,0.6253797295640962,-915480.3242634558,-33048157.92004893,-0.19646365422396617,9281172.107476598,22606108.842157044,0.41056035659567325,-0.5870841487279899,False,False,falling,falling,sell_advantage_weakening,accelerating,neutral,False,False,False,pass,S0,🌱 초발사 준비,발사 구조 관찰 또는 초기 준비,S0,False,,,2026-09-04T15:10:00Z,33889285661-1
KRW-WCT,월렛커넥트,52.5,52.39333333333333,53.114,66.82916666666667,-0.02544205571810565,1.3568299632237573,21.60109732526966,-0.7034835493819427,-0.6291469220264979,1.9287301947797117,,,,False,False,False,False,-44.983601102512026,1.949317738791434,5.0,관찰,2.148437499999978,0.3087915682370692,0.0,0.13993130644955887,-0.09899246820534202,False,False,False,False,2026-09-05T00:34:54.830847+09:00,1788536094,6335870.22420063,3983028.657518249,1.5907167055504925,24,0.0,complete,1788535409523,1788536238784,710836.94165633,1403206.88277622,-0.327509738974184,51.2,52.6,2.734375,2.5390625,0.19011406844106732,7.142857142857142,complete_hourly_ordered,/v1/candles/minutes/60,120,False,7.346938775510203,49.0,2026-09-02T19:00:00,52.6,2026-09-04T21:00:00,D-1,1.1406844106463865,16.666666666666565,False,False,-2.4580276888784276,-57.02618942764995,9.378353829408326,0.3087915682370692,2.5390625,0.0,0.13993130644955887,-0.09899246820534202,,-2.4580276888784276,-57.02618942764995,9.378353829408326,0.3087915682370692,2.5390625,0.0,0.13993130644955887,-0.09899246820534202,,1.1475003552822653,1428.389304436355,325.8502641844375,1.0355073764164047,2.1400778210116655,0.0,0.11448925073145322,-0.08099181747346407,,1.1475003552822653,1428.389304436355,325.8502641844375,1.0355073764164047,2.1400778210116655,0.0,0.11448925073145322,-0.08099181747346407,,1.1475003552822653,1428.389304436355,325.8502641844375,1.0355073764164047,2.1400778210116655,0.0,0.11448925073145322,-0.08099181747346407,,1.1475003552822653,1428.389304436355,325.8502641844375,1.0355073764164047,2.1400778210116655,0.0,0.11448925073145322,-0.08099181747346407,,-2.4580276888784276,-8407691.353922997,341514.11824261723,2.5390625,10318898.881718878,1255207.100586583,8.220873572892197,2.1400778210116655,False,False,falling,rising,buy_advantage_weakening,accelerating,neutral,False,False,False,pass,S0,🌱 초발사 준비,발사 구조 관찰 또는 초기 준비,S0,False,,,2026-09-04T15:10:00Z,33889285661-1
KRW-YGG,일드길드게임즈,30.7,31.333333333333332,28.372,37.60583333333333,0.25597269624573205,-10.437520560176697,16.67959314822611,-0.8671694150388418,-1.2089425124348447,,,13.796845570955176,,False,False,False,False,138.43559479990745,3.716216216216206,11.0,A급,0.9868421052631637,0.002993768159683441,0.0,0.06399317406142746,-0.04764734463799414,False,False,False,False,2026-09-05T00:34:54.830847+09:00,1788536094,9896.424929354002,0.0,,1,0.0,complete,1788535562976,1788535562976,2192854.18767693,1655980.00448717,0.13949007839381344,31.8,31.8,0.0,-3.459119496855345,3.45911949685535,,complete_hourly_ordered,/v1/candles/minutes/60,120,False,9.523809523809534,29.4,2026-08-31T08:00:00,32.2,2026-09-03T09:00:00,D-2,4.658385093167716,53.57142857142869,False,True,,70.62801602893438,-100.0,0.002993768159683441,0.9868421052631637,0.0,0.06399317406142746,-0.04764734463799414,-0.14934301137955508,,70.62801602893438,-100.0,0.002993768159683441,0.9868421052631637,0.0,0.06399317406142746,-0.04764734463799414,-0.14934301137955508,,-99.48413392786279,-100.0,0.12167251698582504,0.6557377049180246,0.0,0.04266211604095904,-0.031764192494105004,-0.09929681485516362,,-99.48413392786279,-100.0,0.12167251698582504,0.6557377049180246,0.0,0.04266211604095904,-0.031764192494105004,-0.09929681485516362,,-99.48413392786279,-100.0,0.12167251698582504,0.6557377049180246,0.0,0.04266211604095904,-0.031764192494105004,-0.09929681485516362,,-99.48413392786279,-100.0,0.12167251698582504,0.6557377049180246,0.0,0.04266211604095904,-0.031764192494105004,-0.09929681485516362,,4096.424929544001,-44718.889793887996,0.9868421052631637,9896.424929354002,1029973.8658086159,0.009608423337600393,0.6557377049180246,False,False,rising,falling,buy_only,accelerating,neutral,False,False,False,pass,S0,🌱 초발사 준비,발사 구조 관찰 또는 초기 준비,S0,False,,,2026-09-04T15:10:00Z,33889285661-1
KRW-AXS,엑시인피니티,1261.0,1302.0,1272.96,1472.85,-0.3317172748150021,-2.281297134238308,11.599959262654034,-0.5254686479996347,-0.5679294328537887,,,,,False,False,False,False,78.55377802921979,3.530377668308704,9.0,B급,0.9607686148919159,0.35732013494528303,0.0,0.061240112273530656,-0.04831777010780414,False,False,False,False,2026-09-05T00:34:54.830847+09:00,1788536094,8870826.95600402,3285640.2611773396,2.6998777257572764,26,0.0,complete,1788535287962,1788536313651,184350.49798129,99849.46453538,0.2973295024307174,1305.0,1308.0,0.22988505747125743,-3.371647509578546,3.5932721712538225,1566.6666666667118,complete_hourly_ordered,/v1/candles/minutes/60,120,False,11.157368859283935,1201.0,2026-08-31T08:00:00,1335.0,2026-09-01T21:00:00,D-4,5.468164794007491,54.47761194029853,True,False,2.1950750101524257,67.30799408590498,-68.71801676378657,0.35732013494528303,0.9607686148919159,0.0,0.061240112273530656,-0.04831777010780414,,2.1950750101524257,67.30799408590498,-68.71801676378657,0.35732013494528303,0.9607686148919159,0.0,0.061240112273530656,-0.04831777010780414,,-27.013012538751795,-86.38938918651277,49.78848178046857,1.6115392650146845,0.0,0.0,0.020413370757843552,-0.016105194338798867,,-27.013012538751795,-86.38938918651277,49.78848178046857,1.6115392650146845,0.0,0.0,0.020413370757843552,-0.016105194338798867,,-27.013012538751795,-86.38938918651277,49.78848178046857,1.6115392650146845,0.0,0.0,0.020413370757843552,-0.016105194338798867,,-27.013012538751795,-86.38938918651277,49.78848178046857,1.6115392650146845,0.0,0.0,0.020413370757843552,-0.016105194338798867,,2.1950750101524257,3568733.0516032195,-7217658.8307221,0.9607686148919159,12156467.217181358,11847386.493619822,1.02608851527955,0.0,False,False,rising,falling,buy_advantage_accelerating,accelerating,neutral,False,False,False,pass,S0,🌱 초발사 준비,발사 구조 관찰 또는 초기 준비,S0,False,,,2026-09-04T15:10:00Z,33889285661-1
KRW-ARDR,아더,30.0,29.26,27.46,38.6875,0.7807118254879342,-6.554989075018211,24.36833602584814,-1.1438566140575253,-1.2277543509630466,,,,,False,False,False,False,114.92003613482207,4.895104895104896,10.0,A급,0.33444816053511683,0.2552669354929833,0.0,0.02296211251433533,-0.015603315871647538,False,False,False,False,2026-09-05T00:34:54.830847+09:00,1788536094,5938679.137796955,2983221.090617564,1.9906936017831567,29,0.0,complete,1788535225815,1788536207800,6670418.42429227,4736621.6923682,0.1695266004280705,29.7,34.0,14.47811447811449,1.0101010101010166,11.76470588235294,93.02325581395345,complete_hourly_ordered,/v1/candles/minutes/60,120,False,25.830258302583033,27.1,2026-08-31T19:00:00,34.1,2026-09-02T13:00:00,D-3,12.023460410557185,58.571428571428626,False,False,1.8019620353797627,276.1632391472589,-64.33711482066143,0.2552669354929833,0.33444816053511683,0.0,0.02296211251433533,-0.015603315871647538,,1.8019620353797627,276.1632391472589,-64.33711482066143,0.2552669354929833,0.33444816053511683,0.0,0.02296211251433533,-0.015603315871647538,,1.2301839035330795,-38.68246091496762,-76.57470586873625,1.1840131387394166,1.0101010101010166,0.0,0.09184845005740794,-0.062417297001434946,,1.2301839035330795,-38.68246091496762,-76.57470586873625,1.1840131387394166,1.0101010101010166,0.0,0.09184845005740794,-0.062417297001434946,,1.2301839035330795,-38.68246091496762,-76.57470586873625,1.1840131387394166,1.0101010101010166,0.0,0.09184845005740794,-0.062417297001434946,,1.2301839035330795,-38.68246091496762,-76.57470586873625,1.1840131387394166,1.0101010101010166,0.0,0.09184845005740794,-0.062417297001434946,,1.8019620353797627,4359928.606176797,-5381837.080127139,0.33444816053511683,8921900.228414519,4798776.556697788,1.8592030954143866,1.0101010101010166,False,False,rising,falling,buy_advantage_accelerating,accelerating,leading_buy_inflow,False,True,False,pass,S1,⚡ 선행 시동,가격 미급등 상태에서 선행조건 6개 개선,S3,True,가격 미급등 상태에서 선행조건 6개 개선,2026-09-05T00:34:54.830847+09:00,2026-09-04T15:10:00Z,33889285661-1
KRW-ME,매직에덴,86.5,89.44666666666667,89.18799999999999,103.62916666666666,-0.24535315985130257,-0.2900240690078087,13.685818825137702,-0.34616400840730016,-0.6193226004059802,,,,,False,False,False,False,-30.783219450784582,3.7214885954381938,8.0,B급,0.23201856148491462,0.03261191954770837,0.0,0.022304832713748723,-0.017217716293075114,False,False,False,False,2026-09-05T00:34:54.830847+09:00,1788536094,544938.3829119441,0.0,,9,0.0,complete,1788535209391,1788535989649,1421752.87609944,543699.10779857,0.4467439426118453,88.0,88.1,0.1136363636363491,-1.7045454545454586,1.8161180476730925,1600.0000000001953,complete_hourly_ordered,/v1/candles/minutes/60,120,False,7.308160779537154,82.1,2026-08-31T08:00:00,88.1,2026-09-04T09:00:00,D-1,1.8161180476730876,26.666666666666707,False,True,,-78.56469260318447,,0.03261191954770837,0.34802784222738303,0.0,0.022304832713748723,-0.017217716293075114,,,-78.56469260318447,,0.03261191954770837,0.34802784222738303,0.0,0.022304832713748723,-0.017217716293075114,,,-91.69139535083146,-100.0,0.1888468411589841,0.6984866123399325,0.0,0.037174721189581206,-0.028696655360883838,,,-91.69139535083146,-100.0,0.1888468411589841,0.6984866123399325,0.0,0.037174721189581206,-0.028696655360883838,,,-91.69139535083146,-100.0,0.1888468411589841,0.6984866123399325,0.0,0.037174721189581206,-0.028696655360883838,,,-91.69139535083146,-100.0,0.1888468411589841,0.6984866123399325,0.0,0.037174721189581206,-0.028696655360883838,,,-1997308.2610195589,0.0,0.34802784222738303,544938.3829119441,6934406.9178613955,0.07858471378544449,0.6984866123399325,False,False,falling,flat_or_na,buy_only,accelerating,neutral,False,False,False,pass,S0,🌱 초발사 준비,발사 구조 관찰 또는 초기 준비,S0,False,,,2026-09-04T15:10:00Z,33889285661-1
KRW-TRUST,인튜이션,73.6,72.62666666666665,72.152,80.20583333333335,0.09187798603453867,-0.6578704217023089,9.44964518374602,-0.19638136140186538,-0.45010969062782796,,,,,False,False,False,False,20.909645715205947,-0.4048582995951344,9.0,B급,0.8196721311475308,0.024569543104501435,0.0,0.05512679162071876,-0.0442295681788476,False,False,False,False,2026-09-05T00:34:54.830847+09:00,1788536094,1190463.433056132,51519.99999999999,23.106821293791384,15,0.0,complete,1788535909547,1788536283332,752822.76970546,351547.92205889,0.36335159076477364,74.0,77.1,4.18918918918918,-0.5405405405405461,4.539559014267186,112.90322580645179,complete_hourly_ordered,/v1/candles/minutes/60,120,False,9.206798866855515,70.6,2026-09-02T10:00:00,77.1,2026-09-04T09:00:00,D-1,4.0207522697795035,47.69230769230756,False,True,22.974177709271395,-17.48299012651051,-99.5263151155961,0.024569543104501435,0.5464480874316724,0.0,0.05512679162071876,-0.0442295681788476,,22.974177709271395,-17.48299012651051,-99.5263151155961,0.024569543104501435,0.5464480874316724,0.0,0.05512679162071876,-0.0442295681788476,,23.09618106171717,8828.158575576408,-95.8887603780867,0.8810954224975234,0.9602194787379892,0.0,0.08269018743107814,-0.06634642040202365,,23.09618106171717,8828.158575576408,-95.8887603780867,0.8810954224975234,0.9602194787379892,0.0,0.08269018743107814,-0.06634642040202365,,23.09618106171717,8828.158575576408,-95.8887603780867,0.8810954224975234,0.9602194787379892,0.0,0.08269018743107814,-0.06634642040202365,,23.09618106171717,8828.158575576408,-95.8887603780867,0.8810954224975234,0.9602194787379892,0.0,0.08269018743107814,-0.06634642040202365,,22.974177709271395,-252225.0924748883,-10824908.971305594,0.5464480874316724,1241983.433056132,1819200.711097199,0.6827083045207613,0.9602194787379892,False,False,falling,falling,buy_advantage_accelerating,accelerating,neutral,False,False,False,pass,S0,🌱 초발사 준비,발사 구조 관찰 또는 초기 준비,S0,False,,,2026-09-04T15:10:00Z,33889285661-1
KRW-SONIC,소닉SVM,29.4,28.94,28.488000000000003,38.65,0.5559416261292638,-1.586632968267334,25.12289780077619,-1.285329688712666,-1.140161370557849,,,,,False,False,False,False,70.35074755226773,1.379310344827589,9.0,B급,0.6849315068493178,0.24583576093306192,0.0,0.04632846884411457,-0.031270123670751104,False,False,False,False,2026-09-05T00:34:54.830847+09:00,1788536094,1571335.204024946,200239.69999999998,7.847271065752427,8,0.0,complete,1788535435322,1788536195809,2726882.04279681,3377706.87275568,-0.10661239257254186,29.8,30.8,3.3557046979865834,-1.34228187919464,4.545454545454552,140.00000000000023,complete_hourly_ordered,/v1/candles/minutes/60,120,False,18.309859154929597,28.4,2026-08-31T08:00:00,33.6,2026-09-01T12:00:00,D-4,12.50000000000001,80.76923076923082,False,True,7.073760030474904,229.8035647876195,-67.49103035952939,0.24583576093306192,0.6849315068493178,0.0,0.04632846884411457,-0.031270123670751104,,7.073760030474904,229.8035647876195,-67.49103035952939,0.24583576093306192,0.6849315068493178,0.0,0.04632846884411457,-0.031270123670751104,,5.970725463750552,-80.09478686101528,-95.23999618977223,2.2098642414799343,-0.3389830508474634,0.0,-0.023164234422057284,0.015634050533620325,,5.970725463750552,-80.09478686101528,-95.23999618977223,2.2098642414799343,-0.3389830508474634,0.0,-0.023164234422057284,0.015634050533620325,,5.970725463750552,-80.09478686101528,-95.23999618977223,2.2098642414799343,-0.3389830508474634,0.0,-0.023164234422057284,0.015634050533620325,,5.970725463750552,-80.09478686101528,-95.23999618977223,2.2098642414799343,-0.3389830508474634,0.0,-0.023164234422057284,0.015634050533620325,,7.073760030474904,1094889.4127137382,-415712.45786451886,0.6849315068493178,1771574.904024946,3588562.1605506805,0.49367262562705344,-0.3389830508474634,False,False,rising,falling,buy_advantage_accelerating,accelerating,neutral,True,True,False,🔴 1차 급등 완료·상승분 반납 / 신규매수 금지,S3,🔴 1차 급등 완료·반납,당일/5D 급등 후 상승분 상당 부분 반납,S3,False,,,2026-09-04T15:10:00Z,33889285661-1
KRW-ARB,아비트럼,182.0,142.8,124.26,134.975,2.7831094049904026,-14.920328343795273,-5.797369883311737,-2.5593009843860433,-3.067619693042524,,,,,False,False,False,False,349.2575233267903,55.084745762711876,8.0,B급,0.5494505494505475,1.4280674270510758,0.0,0.09596928982726904,-0.08573048843679043,False,True,False,False,2026-09-05T00:34:54.830847+09:00,1788536094,3490202.6038263002,16679295.89239367,0.2092535935775294,37,0.0,complete,1788535212440,1788536355565,3256060.53538049,2981449.75276939,0.04402570415519953,192.0,201.0,4.6875,-5.2083333333333375,9.45273631840796,211.1111111111112,complete_hourly_ordered,/v1/candles/minutes/60,120,False,73.27586206896552,116.0,2026-08-31T08:00:00,201.0,2026-09-04T10:00:00,D-1,9.452736318407961,22.352941176470605,False,False,-0.5767857475977384,-95.81748837825721,-84.28883048837807,1.4280674270510758,0.0,0.0,0.09596928982726904,-0.08573048843679043,,-0.5767857475977384,-95.81748837825721,-84.28883048837807,1.4280674270510758,0.0,0.0,0.09596928982726904,-0.08573048843679043,,-0.4839044873726819,-89.98940761563597,-66.83964711100809,5.679934450435383,-0.5464480874316946,0.0,0.09596928982726904,-0.08573048843679043,,-0.4839044873726819,-89.98940761563597,-66.83964711100809,5.679934450435383,-0.5464480874316946,0.0,0.09596928982726904,-0.08573048843679043,,-0.4839044873726819,-89.98940761563597,-66.83964711100809,5.679934450435383,-0.5464480874316946,0.0,0.09596928982726904,-0.08573048843679043,,-0.4839044873726819,-89.98940761563597,-66.83964711100809,5.679934450435383,-0.5464480874316946,0.0,0.09596928982726904,-0.08573048843679043,,-0.5767857475977384,-79957326.52394645,-89482730.30212727,0.0,20169498.49621997,134179782.8207114,0.15031697080006523,-0.5464480874316946,False,True,falling,falling,sell_advantage_accelerating,accelerating,neutral,False,False,False,pass,S0,🌱 초발사 준비,발사 구조 관찰 또는 초기 준비,S0,False,,,2026-09-04T15:10:00Z,33889285661-1
KRW-POL,폴리곤에코시스템토큰,126.0,141.93333333333334,119.08,122.05833333333334,0.6619385342789608,-19.191579890269853,-16.283197924489656,-0.6826328568831993,-0.8899080566732328,,,,,False,False,False,False,50.325069962729344,-6.666666666666665,8.0,B급,0.8000000000000007,1.0004668185891035,0.0,0.047281323877057524,-0.04668283504543069,False,False,False,False,2026-09-05T00:34:54.830847+09:00,1788536094,18773971.838242114,77822289.53083745,0.24124157682103198,37,0.0,complete,1788535334885,1788536128613,5451458.06839508,4984231.32996676,0.044772005048527366,129.0,131.0,1.5503875968992276,-2.3255813953488413,3.816793893129771,250.0,complete_hourly_ordered,/v1/candles/minutes/60,120,False,10.924369747899165,119.0,2026-08-31T23:00:00,132.0,2026-09-04T00:00:00,D-1,4.545454545454541,46.15384615384617,False,True,-1.249667782043578,75.74265285463575,986.1161220441318,1.0004668185891035,0.8000000000000007,0.0,0.047281323877057524,-0.04668283504543069,,-1.249667782043578,75.74265285463575,986.1161220441318,1.0004668185891035,0.8000000000000007,0.0,0.047281323877057524,-0.04668283504543069,,-0.290338706896044,-10.307341203049681,97.63943528686552,3.7054773846352305,0.0,0.0,-0.047281323877057524,0.04667646109199808,,-0.290338706896044,-10.307341203049681,97.63943528686552,3.7054773846352305,0.0,0.0,-0.047281323877057524,0.04667646109199808,,-0.290338706896044,-10.307341203049681,97.63943528686552,3.7054773846352305,0.0,0.0,-0.047281323877057524,0.04667646109199808,,-0.290338706896044,-10.307341203049681,97.63943528686552,3.7054773846352305,0.0,0.0,-0.047281323877057524,0.04667646109199808,,-1.249667782043578,8091322.217736574,70657098.9999786,0.8000000000000007,96596261.36907956,23745133.526275296,4.068044564255261,0.0,False,False,rising,rising,sell_advantage_accelerating,accelerating,neutral,False,False,False,pass,S0,🌱 초발사 준비,발사 구조 관찰 또는 초기 준비,S0,False,,,2026-09-04T15:10:00Z,33889285661-1
KRW-CVC,시빅,28.3,27.633333333333333,26.74,32.7825,0.7290400972053357,-3.340812764896539,15.70705915249498,-1.1500442305830672,-1.226575750363228,,,12.805616895526935,,False,False,False,False,390.46159155770175,5.992509363295895,12.0,A급,0.35460992907800915,0.10627992535899011,0.0,0.02430133657351785,-0.018193783597352464,False,True,False,False,2026-09-05T00:34:54.830847+09:00,1788536094,9868.725354603,1415000.0,0.0069743642082,2,0.0,complete,1788535218243,1788535946040,2878521.66426817,4013415.67497897,-0.16466980978599166,28.5,29.1,2.1052631578947434,-0.7017543859649145,2.7491408934707926,133.33333333333331,complete_hourly_ordered,/v1/candles/minutes/60,120,False,14.393939393939403,26.4,2026-08-31T08:00:00,30.2,2026-09-02T15:00:00,D-3,6.29139072847682,50.0,False,True,0.0069743642082,,1418.6835641135713,0.10627992535899011,0.35460992907800915,0.0,0.02430133657351785,-0.018193783597352464,-0.052979269136237406,0.0069743642082,,1418.6835641135713,0.10627992535899011,0.35460992907800915,0.0,0.02430133657351785,-0.018193783597352464,-0.052979269136237406,-3.7253317091762286,-99.84358638388406,-16.295812498127283,0.5516310568190192,0.0,0.0,0.0,0.0,0.0,-3.7253317091762286,-99.84358638388406,-16.295812498127283,0.5516310568190192,0.0,0.0,0.0,0.0,0.0,-3.7253317091762286,-99.84358638388406,-16.295812498127283,0.5516310568190192,0.0,0.0,0.0,0.0,0.0,-3.7253317091762286,-99.84358638388406,-16.295812498127283,0.5516310568190192,0.0,0.0,0.0,0.0,0.0,0.0069743642082,9868.725354603,1321827.199988438,0.35460992907800915,1424868.725354603,6158529.182106713,0.23136510085792647,0.0,False,True,rising,rising,sell_advantage_weakening,accelerating,leading_buy_inflow,False,False,False,pass,S1,⚡ 선행 시동,가격 미급등 상태에서 선행조건 6개 개선,S1,False,,,2026-09-04T15:10:00Z,33889285661-1
KRW-T,쓰레스홀드,5.93,5.407333333333333,5.1634,5.9775,1.1725084196083202,-4.72427728499308,9.538547330266283,-1.9991594401446187,-2.0295552112705644,,,4.699821555627874,,False,False,False,False,10052.430446158163,20.040485829959497,11.0,A급,0.16891891891892552,3.2221614474565285,0.0,0.0,0.0,False,True,False,True,2026-09-05T00:34:54.830847+09:00,1788536094,1814269.719161285,10103320.951913746,0.17957162083598172,33,0.0,complete,1788535198114,1788536313887,28519655.75131053,17317763.71998072,0.24438312977775165,6.31,6.38,1.109350237717921,-6.022187004754354,7.0532915360501605,642.8571428571362,complete_hourly_ordered,/v1/candles/minutes/60,120,False,72.04081632653059,4.9,2026-08-31T08:00:00,8.43,2026-09-02T20:00:00,D-3,29.65599051008304,70.82152974504251,False,False,-0.10867577468725748,-79.74603640062409,-67.4884470643884,3.2221614474565285,0.16891891891892552,0.0,0.0,0.0,0.0,-0.10867577468725748,-79.74603640062409,-67.4884470643884,3.2221614474565285,0.16891891891892552,0.0,0.0,0.0,0.0,-1.6225316832817573,-93.28900246052206,-32.651324393481815,12.753901767622665,0.33840947546530664,0.0,0.024946987651230934,-0.019784144192772857,-0.018947750942643005,-1.6225316832817573,-93.28900246052206,-32.651324393481815,12.753901767622665,0.33840947546530664,0.0,0.024946987651230934,-0.019784144192772857,-0.018947750942643005,-1.6225316832817573,-93.28900246052206,-32.651324393481815,12.753901767622665,0.33840947546530664,0.0,0.024946987651230934,-0.019784144192772857,-0.018947750942643005,-1.6225316832817573,-93.28900246052206,-32.651324393481815,12.753901767622665,0.33840947546530664,0.0,0.024946987651230934,-0.019784144192772857,-0.018947750942643005,-0.10867577468725748,-7143333.6173885465,-20972773.66566155,0.16891891891892552,11917590.671075031,100066258.91080168,0.11909699433950342,0.33840947546530664,False,True,falling,falling,sell_advantage_accelerating,accelerating,neutral,True,True,False,🔴 1차 급등 완료·상승분 반납 / 신규매수 금지,S3,🔴 1차 급등 완료·반납,당일/5D 급등 후 상승분 상당 부분 반납,S3,False,,,2026-09-04T15:10:00Z,33889285661-1
KRW-W,웜홀,13.0,13.06,12.526,14.8925,0.2558853633572111,-4.26313268401725,12.304851435286215,-0.9627536800716967,-1.0335372849848272,,,11.905570910745475,,False,False,False,False,-33.45035305302881,3.200000000000003,10.0,A급,0.78125,0.0687990071039053,0.0,0.051177072671437784,-0.03986037221238092,False,False,False,False,2026-09-05T00:34:54.830847+09:00,1788536094,16221175.162418462,399108.590244495,40.64351296593573,7,0.0,complete,1788535761087,1788536314607,16874389.97339532,17934756.55856311,-0.03046229772379684,13.6,13.7,0.7352941176470562,-4.411764705882348,5.109489051094886,700.0000000000014,complete_hourly_ordered,/v1/candles/minutes/60,120,False,10.483870967741925,12.4,2026-08-31T08:00:00,13.7,2026-09-02T05:00:00,D-3,5.109489051094885,53.84615384615385,False,False,-166.38130811451038,-40.16965670029721,204.7562873608869,0.0687990071039053,1.5625,0.0,0.051177072671437784,-0.03986037221238092,-0.13141287205106167,-166.38130811451038,-40.16965670029721,204.7562873608869,0.0687990071039053,1.5625,0.0,0.051177072671437784,-0.03986037221238092,-0.13141287205106167,40.37349908947775,1750.478090475847,-87.70640808217756,2.048277803806002,0.7751937984496138,0.0,0.0,0.0,0.0,40.37349908947775,1750.478090475847,-87.70640808217756,2.048277803806002,0.7751937984496138,0.0,0.0,0.0,0.0,40.37349908947775,1750.478090475847,-87.70640808217756,2.048277803806002,0.7751937984496138,0.0,0.0,0.0,0.0,40.37349908947775,1750.478090475847,-87.70640808217756,2.048277803806002,0.7751937984496138,0.0,0.0,0.0,0.0,-166.38130811451038,-10890778.852558818,268148.670204559,1.5625,16620283.752662957,4111537.1933443383,4.042352767613896,0.7751937984496138,False,False,falling,rising,buy_advantage_weakening,accelerating,neutral,False,False,False,pass,S0,🌱 초발사 준비,발사 구조 관찰 또는 초기 준비,S0,False,,,2026-09-04T15:10:00Z,33889285661-1
KRW-ARK,아크,158.0,152.4,141.8,174.69166666666666,1.105705440070781,-7.475317348377993,12.760578161522679,-1.3718771291307734,-1.4905687242844714,,,8.560878779774635,,False,False,False,False,5.912893385697093,3.267973856209161,12.0,A급,-0.6289308176100628,1.503011927909892,0.0,-0.044228217602815256,0.033999264365656146,False,False,False,True,2026-09-05T00:34:54.830847+09:00,1788536094,4487076.99067368,5363966.525107601,0.836522183662149,19,0.0,complete,1788535743264,1788536045162,1490839.35064789,2542330.06316893,-0.26071077225738304,155.0,170.0,9.677419354838701,1.9354838709677358,7.0588235294117645,80.00000000000004,complete_hourly_ordered,/v1/candles/minutes/60,120,False,14.093959731543615,149.0,2026-08-31T08:00:00,170.0,2026-09-04T16:00:00,D-1,7.058823529411762,57.142857142857096,False,False,0.32756341333723804,-75.1872261151466,-84.90335446993302,1.503011927909892,-0.6289308176100628,0.0,-0.044228217602815256,0.033999264365656146,0.06158268708154502,0.32756341333723804,-75.1872261151466,-84.90335446993302,1.503011927909892,-0.6289308176100628,0.0,-0.044228217602815256,0.033999264365656146,0.06158268708154502,-1.0284128902152445,-86.64985347916327,-70.23730275852907,1.952563150141251,0.0,0.0,0.0,0.0,0.0,-1.0284128902152445,-86.64985347916327,-70.23730275852907,1.952563150141251,0.0,0.0,0.0,0.0,0.0,-1.0284128902152445,-86.64985347916327,-70.23730275852907,1.952563150141251,0.0,0.0,0.0,0.0,0.0,-1.0284128902152445,-86.64985347916327,-70.23730275852907,1.952563150141251,0.0,0.0,0.0,0.0,0.0,0.32756341333723804,-13596660.891662609,-30166883.784814216,-0.6289308176100628,9851043.51578128,18869267.521283545,0.5220681462420212,0.0,False,True,falling,falling,sell_advantage_weakening,accelerating,neutral,False,False,False,pass,S1,⚡ 선행 시동,가격 미급등 상태에서 선행조건 3개 개선,S1,False,,,2026-09-04T15:10:00Z,33889285661-1
KRW-AVNT,아반티스,138.0,141.13333333333333,132.4,158.43333333333334,0.33175355450236754,-6.596173212487401,10.919419314117407,-0.6798759131426599,-0.9652132621054512,,,11.312960298844756,,False,False,False,False,30.779010694330246,2.9850746268656803,11.0,A급,0.7299270072992803,0.44729549551727743,0.0,0.0,0.0,False,False,False,False,2026-09-05T00:34:54.830847+09:00,1788536094,0.0,298777.34781276004,0.0,6,0.0,complete,1788535568364,1788535651327,1707748.13366021,1908999.88498673,-0.055644393883378745,144.0,147.0,2.083333333333326,-4.1666666666666625,6.122448979591836,300.0000000000005,complete_hourly_ordered,/v1/candles/minutes/60,120,False,13.740458015267176,131.0,2026-08-31T08:00:00,149.0,2026-09-04T04:00:00,D-1,7.38255033557047,61.111111111111136,False,True,-0.6674061857259466,-100.0,-97.46782125039466,0.44729549551727743,0.7299270072992803,0.0,0.0,0.0,0.0,-0.6674061857259466,-100.0,-97.46782125039466,0.44729549551727743,0.7299270072992803,0.0,0.0,0.0,0.0,-0.5902006799826005,-100.0,-91.39811737352663,1.7594512703833942,0.7299270072992803,0.0,0.0,0.0,0.0,-0.5902006799826005,-100.0,-91.39811737352663,1.7594512703833942,0.7299270072992803,0.0,0.0,0.0,0.0,-0.5902006799826005,-100.0,-91.39811737352663,1.7594512703833942,0.7299270072992803,0.0,0.0,0.0,0.0,-0.5902006799826005,-100.0,-91.39811737352663,1.7594512703833942,0.7299270072992803,0.0,0.0,0.0,0.0,-0.6674061857259466,-7874872.5822025,-11500442.903100701,0.7299270072992803,298777.34781276004,5548241.284336185,0.053850820918021236,0.7299270072992803,False,False,falling,falling,sell_only,accelerating,neutral,False,False,False,pass,S0,🌱 초발사 준비,발사 구조 관찰 또는 초기 준비,S0,False,,,2026-09-04T15:10:00Z,33889285661-1
KRW-LA,라그랑주,90.7,81.50666666666666,78.514,108.75333333333333,0.758200098895645,-3.811634443114177,25.053638202660462,-0.7548553240730062,-1.27804475638276,,,,,False,False,False,False,1155.0458531064269,12.702366127023668,9.0,B급,2.37556561085972,2.9184371941794325,-1.0,0.17306741387836944,-0.11669049916276819,False,True,False,False,2026-09-05T00:34:54.830847+09:00,1788536094,220741423.5693478,121605625.11272636,1.8152237889055234,509,0.0,complete,1788535195447,1788536382472,1734420.45605074,1862052.60992168,-0.035488143948168446,87.4,95.0,8.695652173913038,3.775743707093815,4.526315789473681,56.5789473684211,complete_hourly_ordered,/v1/candles/minutes/60,120,False,27.648578811369507,77.4,2026-09-02T03:00:00,98.8,2026-09-03T10:00:00,D-2,7.388663967611331,34.112149532710326,True,True,1.2983955968642287,364.2799303619439,32.18918707246541,2.9184371941794325,2.601809954751122,-1.0,0.17306741387836944,-0.11669049916276819,,1.2983955968642287,364.2799303619439,32.18918707246541,2.9184371941794325,2.601809954751122,-1.0,0.17306741387836944,-0.11669049916276819,,1.1195542527485653,333.87983792982203,66.28086710040635,6.851046118571276,1.9101123595505642,-1.0,0.17306741387836944,-0.11669049916276819,,1.1195542527485653,333.87983792982203,66.28086710040635,6.851046118571276,1.9101123595505642,-1.0,0.17306741387836944,-0.11669049916276819,,1.1195542527485653,333.87983792982203,66.28086710040635,6.851046118571276,1.9101123595505642,-1.0,0.17306741387836944,-0.11669049916276819,,1.1195542527485653,333.87983792982203,66.28086710040635,6.851046118571276,1.9101123595505642,-1.0,0.17306741387836944,-0.11669049916276819,,1.2983955968642287,173196524.65518153,29612000.062242612,2.601809954751122,342347048.6820742,139538523.96465003,2.4534231763036467,1.9101123595505642,False,True,rising,rising,buy_advantage_accelerating,accelerating,neutral,False,False,False,pass,S0,🌱 초발사 준비,발사 구조 관찰 또는 초기 준비,S0,False,,,2026-09-04T15:10:00Z,33889285661-1
KRW-HYPER,하이퍼레인,89.0,90.92,90.77,112.15083333333334,-0.1171817782334883,-0.165252836840372,18.930606846434493,-0.342289388742681,-0.5022542676559347,,,,,True,False,False,False,197.0825334386621,1.9473081328751363,9.0,B급,0.33821871476888976,0.054640185447567546,0.0,0.04394316683754562,-0.032053380204914106,False,False,False,False,2026-09-05T00:34:54.830847+09:00,1788536094,627266.8163491719,238368.7,2.631498247669144,5,0.0,complete,1788535227048,1788536221825,1015610.84940226,637567.51230758,0.22867667872429656,90.4,91.5,1.2168141592920234,-1.5486725663716894,2.73224043715847,227.2727272727292,complete_hourly_ordered,/v1/candles/minutes/60,120,False,8.02325581395349,86.0,2026-08-31T08:00:00,92.9,2026-08-31T09:00:00,D-4,4.090419806243284,55.07246376811599,False,False,2.618703505729092,802.8782681638082,-95.6100694900066,0.054640185447567546,0.33821871476888976,0.0,0.04394316683754562,-0.032053380204914106,,2.618703505729092,802.8782681638082,-95.6100694900066,0.054640185447567546,0.33821871476888976,0.0,0.04394316683754562,-0.032053380204914106,,2.6303594533404904,12445.336325437851,-94.57094152689773,3.67377691958265,0.22522522522523403,0.0,0.014647722279181874,-0.010684142501368399,,2.6303594533404904,12445.336325437851,-94.57094152689773,3.67377691958265,0.22522522522523403,0.0,0.014647722279181874,-0.010684142501368399,,2.6303594533404904,12445.336325437851,-94.57094152689773,3.67377691958265,0.22522522522523403,0.0,0.014647722279181874,-0.010684142501368399,,2.6303594533404904,12445.336325437851,-94.57094152689773,3.67377691958265,0.22522522522523403,0.0,0.014647722279181874,-0.010684142501368399,,2.618703505729092,557792.686949109,-5191528.184640172,0.33821871476888976,865635.516349172,2204459.7384209177,0.39267467727454963,0.22522522522523403,False,False,rising,falling,buy_advantage_accelerating,accelerating,leading_buy_inflow,False,False,False,pass,S0,🌱 초발사 준비,발사 구조 관찰 또는 초기 준비,S0,False,,,2026-09-04T15:10:00Z,33889285661-1
KRW-ATH,에이셔,6.29,6.633333333333334,6.1096,7.0335,0.49489950510048786,-8.572301514556328,5.689438638894808,-0.9915060216821191,-1.182286238044838,,,4.81223451294122,,False,False,False,False,0.3770615895346996,-5.421686746987941,11.0,A급,0.15948963317384823,0.22787555125660663,0.0,0.020199979800006318,-0.0167224985459411,False,False,False,False,2026-09-05T00:34:54.830847+09:00,1788536094,1062783.9266162652,1572953.7226329125,0.6756612806366027,35,0.0,complete,1788535200711,1788536287267,22237138.3271988,6961095.89676386,0.5231837758838876,6.53,6.53,0.0,-3.6753445635528403,3.6753445635528363,,complete_hourly_ordered,/v1/candles/minutes/60,120,False,12.836767036450091,6.31,2026-08-31T09:00:00,7.12,2026-08-31T14:00:00,D-4,11.51685393258427,101.23456790123453,False,False,0.3726044509471851,-78.4757942634187,-90.34566914066005,0.22787555125660663,0.31897926634769647,0.0,0.020199979800006318,-0.0167224985459411,-0.027835994271733,0.3726044509471851,-78.4757942634187,-90.34566914066005,0.22787555125660663,0.31897926634769647,0.0,0.020199979800006318,-0.0167224985459411,-0.027835994271733,0.6175545741543201,16.840672626404718,-89.95173045420302,1.769218528473393,0.31897926634769647,0.0,0.010099989900025363,-0.008361150207221613,-0.013898118449386487,0.6175545741543201,16.840672626404718,-89.95173045420302,1.769218528473393,0.31897926634769647,0.0,0.010099989900025363,-0.008361150207221613,-0.013898118449386487,0.6175545741543201,16.840672626404718,-89.95173045420302,1.769218528473393,0.31897926634769647,0.0,0.010099989900025363,-0.008361150207221613,-0.013898118449386487,0.6175545741543201,16.840672626404718,-89.95173045420302,1.769218528473393,0.31897926634769647,0.0,0.010099989900025363,-0.008361150207221613,-0.013898118449386487,0.3726044509471851,-3874838.1144610466,-14719772.78063562,0.31897926634769647,2635737.6492491774,5108557.0336572565,0.515945624544047,0.31897926634769647,False,False,falling,falling,sell_advantage_weakening,accelerating,neutral,False,False,False,pass,S0,🌱 초발사 준비,발사 구조 관찰 또는 초기 준비,S0,False,,,2026-09-04T15:10:00Z,33889285661-1
KRW-TAIKO,타이코,111.0,103.60666666666665,104.836,127.43666666666667,0.5174309553068968,1.1726251796456786,18.6994847113599,-0.6426150706714352,-0.5878569033846187,1.824770742492023,,,,False,False,False,False,300.0666475316103,12.008072653884971,7.0,B급,0.9090909090909038,8.598510866128208,-1.0,0.06467886941334822,-0.04700024096624844,False,True,False,False,2026-09-05T00:34:54.830847+09:00,1788536094,3143386.61832661,23875598.565534502,0.13165687175123766,36,0.0,complete,1788535381813,1788536384656,2333247.83968301,3605253.61807766,-0.21419642437442574,104.0,116.0,11.538461538461542,6.730769230769229,4.310344827586207,41.6666666666667,complete_hourly_ordered,/v1/candles/minutes/60,120,False,18.609406952965244,97.8,2026-08-31T08:00:00,116.0,2026-09-04T19:00:00,D-1,5.1724137931034475,32.96703296703299,False,False,-0.9522813586358432,-89.38231705447183,-12.584035229602819,8.598510866128208,0.9090909090909038,-1.0,0.06467886941334822,-0.04700024096624844,,-0.9522813586358432,-89.38231705447183,-12.584035229602819,8.598510866128208,0.9090909090909038,-1.0,0.06467886941334822,-0.04700024096624844,,-1.7008012244955704,-36.50657750817467,783.7293075245102,21.10536372766029,0.9090909090909038,-1.0,0.06467886941334822,-0.04700024096624844,,-1.7008012244955704,-36.50657750817467,783.7293075245102,21.10536372766029,0.9090909090909038,-1.0,0.06467886941334822,-0.04700024096624844,,-1.7008012244955704,-36.50657750817467,783.7293075245102,21.10536372766029,0.9090909090909038,-1.0,0.06467886941334822,-0.04700024096624844,,-1.7008012244955704,-36.50657750817467,783.7293075245102,21.10536372766029,0.9090909090909038,-1.0,0.06467886941334822,-0.04700024096624844,,-0.9522813586358432,-26461816.64921402,-3437030.9160997383,0.9090909090909038,27018985.183861114,6298343.99883111,4.289855426898798,0.9090909090909038,False,False,falling,falling,sell_advantage_accelerating,accelerating,neutral,False,False,False,pass,S0,🌱 초발사 준비,발사 구조 관찰 또는 초기 준비,S0,False,,,2026-09-04T15:10:00Z,33889285661-1
KRW-AVAX,아발란체,10070.0,10212.666666666666,9574.8,10657.5,0.019587359623929324,-6.661932015986411,4.173899444835412,-0.4812037438254141,-0.7752745679187488,,,5.383769334831127,,False,False,False,False,13.860349998721677,1.7171717171717171,11.0,A급,0.3988035892322994,0.27942021630413905,0.0,0.019587359623929324,-0.016518658646574202,False,False,False,False,2026-09-05T00:34:54.830847+09:00,1788536094,4560414.150062799,5080847.438591398,0.8975695895579021,28,0.0,complete,1788535198316,1788536379165,20203.38084607,14830.9135798,0.15334880734183887,10270.0,10300.0,0.2921129503407949,-1.9474196689386547,2.233009708737864,766.6666666666742,complete_hourly_ordered,/v1/candles/minutes/60,120,False,6.666666666666665,9675.0,2026-09-02T19:00:00,10320.0,2026-09-04T01:00:00,D-1,2.422480620155043,38.759689922480476,True,False,0.5109566126019747,-43.1153421732673,-75.49789212851479,0.27942021630413905,0.3988035892322994,0.0,0.019587359623929324,-0.016518658646574202,-0.04443845105691224,0.5109566126019747,-43.1153421732673,-75.49789212851479,0.27942021630413905,0.3988035892322994,0.0,0.019587359623929324,-0.016518658646574202,-0.04443845105691224,0.36646725551008086,-84.68054078128708,-90.93529834113883,2.0534770409497796,-0.09920634920634885,0.0,0.0,0.0,0.0,0.36646725551008086,-84.68054078128708,-90.93529834113883,2.0534770409497796,-0.09920634920634885,0.0,0.0,0.0,0.0,0.36646725551008086,-84.68054078128708,-90.93529834113883,2.0534770409497796,-0.09920634920634885,0.0,0.0,0.0,0.0,0.36646725551008086,-84.68054078128708,-90.93529834113883,2.0534770409497796,-0.09920634920634885,0.0,0.0,0.0,0.0,0.5109566126019747,-3456535.1017962014,-15655521.306663904,0.3988035892322994,9641261.588654198,31507675.107576404,0.305997238950069,-0.09920634920634885,False,False,falling,falling,sell_advantage_weakening,accelerating,neutral,False,False,False,pass,S1,⚡ 선행 시동,가격 미급등 상태에서 선행조건 5개 개선,S0,True,가격 미급등 상태에서 선행조건 5개 개선,2026-09-05T00:34:54.830847+09:00,2026-09-04T15:10:00Z,33889285661-1
KRW-XAUT,테더골드,6075000.0,6227200.0,6063120.0,6280050.0,-0.1421836413978972,-2.7061974692897386,0.8415538092849579,0.15439051803380024,0.00877675707177602,,,,,False,False,False,False,46.69607054538063,-1.603498542274051,8.0,B급,0.26406997854431236,0.13861242581991462,0.0,0.0331405479950031,-0.028830691262442754,False,False,False,False,2026-09-05T00:34:54.830847+09:00,1788536094,229889.87594,317508.11175000004,0.7240441029141674,15,0.0,complete,1788535196621,1788536395265,10.03896943,18.70614317,-0.30151816973574846,6099000.0,6130000.0,0.5082800459091708,-0.3935071323167727,0.897226753670473,177.41935483870876,complete_hourly_ordered,/v1/candles/minutes/60,120,False,4.487722269263328,5905000.0,2026-09-02T12:00:00,6170000.0,2026-09-04T00:00:00,D-1,1.734197730956244,40.3773584905661,False,False,0.7199509695971116,1815.7633200233415,-89.16989360009939,0.13861242581991462,0.26406997854431236,0.0,0.0331405479950031,-0.028830691262442754,,0.7199509695971116,1815.7633200233415,-89.16989360009939,0.13861242581991462,0.26406997854431236,0.0,0.0331405479950031,-0.028830691262442754,,-4.459342794420367,-87.10830851001734,-7.7091789233496915,0.47464875757416536,0.779694757796956,0.0,0.051314396895474346,-0.04464207742847359,,-4.459342794420367,-87.10830851001734,-7.7091789233496915,0.47464875757416536,0.779694757796956,0.0,0.051314396895474346,-0.04464207742847359,,-4.459342794420367,-87.10830851001734,-7.7091789233496915,0.47464875757416536,0.779694757796956,0.0,0.051314396895474346,-0.04464207742847359,,-4.459342794420367,-87.10830851001734,-7.7091789233496915,0.47464875757416536,0.779694757796956,0.0,0.051314396895474346,-0.04464207742847359,,0.7199509695971116,217889.96585,-2614209.26965,0.26406997854431236,547397.9876900001,1227598.90356,0.4459094791487369,0.779694757796956,False,False,rising,falling,sell_advantage_weakening,accelerating,leading_buy_inflow,False,False,False,pass,S0,🌱 초발사 준비,발사 구조 관찰 또는 초기 준비,S0,False,,,2026-09-04T15:10:00Z,33889285661-1
KRW-CPOOL,클리어풀,27.2,27.14,26.59,33.2675,0.5185185185185182,-2.068446784505456,18.418877282633193,-0.9333020077911911,-0.9342647965792168,,,,,False,False,False,False,-45.389088357879444,-3.886925795053009,7.0,B급,1.8726591760299671,0.2023065256958958,1.0,0.12345679012344402,-0.08999134147743604,False,False,False,False,2026-09-05T00:34:54.830847+09:00,1788536094,5094269.953118917,292151.128549504,17.437105166806536,26,0.0,complete,1788535579186,1788536146469,4890106.08232936,5574148.27546896,-0.06536941570326307,27.4,27.9,1.8248175182481674,-0.7299270072992692,2.5089605734767,140.0000000000001,complete_hourly_ordered,/v1/candles/minutes/60,120,False,12.686567164179108,26.8,2026-08-31T09:00:00,30.2,2026-08-31T14:00:00,D-4,9.93377483443708,88.23529411764703,False,True,17.20694109477374,1412.3754504217886,-80.03713983590882,0.2023065256958958,1.8726591760299671,1.0,0.12345679012344402,-0.08999134147743604,,17.20694109477374,1412.3754504217886,-80.03713983590882,0.2023065256958958,1.8726591760299671,1.0,0.12345679012344402,-0.08999134147743604,,15.550339466283429,261.10436703203527,-60.92703877693426,0.3379709720707069,1.4925373134328401,0.0,0.09876543209876854,-0.07199126961272029,,15.550339466283429,261.10436703203527,-60.92703877693426,0.3379709720707069,1.4925373134328401,0.0,0.09876543209876854,-0.07199126961272029,,15.550339466283429,261.10436703203527,-60.92703877693426,0.3379709720707069,1.4925373134328401,0.0,0.09876543209876854,-0.07199126961272029,,15.550339466283429,261.10436703203527,-60.92703877693426,0.3379709720707069,1.4925373134328401,0.0,0.09876543209876854,-0.07199126961272029,,17.20694109477374,4757430.978927808,-1171322.172110187,1.8726591760299671,5386421.081668421,2025494.8381629358,2.659311186669696,1.4925373134328401,False,False,rising,falling,buy_advantage_accelerating,accelerating,neutral,False,True,True,⚡ 2차 시동/재점화,S0,🌱 초발사 준비,발사 구조 관찰 또는 초기 준비,S0,False,,,2026-09-04T15:10:00Z,33889285661-1
KRW-IMX,이뮤터블엑스,168.0,175.0,167.46,199.91666666666666,0.6518404907975395,-4.502567777379668,12.46352646936223,-1.2902762482466865,-1.154793389609813,,,10.792862672666896,,False,False,False,False,41.68716107642296,-1.7543859649122862,12.0,A급,0.0,0.0795787370145149,0.0,0.0,0.0,False,False,False,False,2026-09-05T00:34:54.830847+09:00,1788536094,0.0,0.0,,0,0.0,complete,,,455907.19639009,383099.13165145,0.08677892204769543,172.0,174.0,1.1627906976744207,-2.3255813953488413,3.4482758620689653,300.0,complete_hourly_ordered,/v1/candles/minutes/60,120,False,6.626506024096379,166.0,2026-09-02T19:00:00,177.0,2026-09-04T01:00:00,D-1,5.0847457627118615,81.81818181818191,False,False,,-100.0,-100.0,0.0795787370145149,0.0,0.0,0.0,0.0,0.0,,-100.0,-100.0,0.0795787370145149,0.0,0.0,0.0,0.0,0.0,,,-100.0,3.3636843159980714,-0.591715976331364,0.0,-0.03834355828220559,0.029697116688303993,0.08081144607975865,,,-100.0,3.3636843159980714,-0.591715976331364,0.0,-0.03834355828220559,0.029697116688303993,0.08081144607975865,,,-100.0,3.3636843159980714,-0.591715976331364,0.0,-0.03834355828220559,0.029697116688303993,0.08081144607975865,,,-100.0,3.3636843159980714,-0.591715976331364,0.0,-0.03834355828220559,0.029697116688303993,0.08081144607975865,,-2366102.0099303997,-319809.13951586,0.0,0,1103190.8456784599,0.0,-0.591715976331364,False,False,falling,falling,unavailable,accelerating,neutral,False,False,False,pass,S0,🌱 초발사 준비,발사 구조 관찰 또는 초기 준비,S1,True,발사 구조 관찰 또는 초기 준비,2026-09-05T00:34:54.830847+09:00,2026-09-04T15:10:00Z,33889285661-1
KRW-SC,시아코인,0.958,0.9310666666666666,0.79926,1.0052666666666668,2.030976037405008,-16.49108758935348,7.38112606936801,-3.0158042056267003,-2.960741905091549,,,2.492998817855344,,False,False,False,False,1660.4982165659912,14.832535885167463,14.0,A급,0.10427528675704956,0.13783456343367106,0.0,0.007305669199286768,-0.0058640078095075765,True,True,False,True,2026-09-05T00:34:54.830847+09:00,1788536094,2972266.130134767,6620150.233683968,0.4489726101700212,37,0.0,complete,1788535207586,1788536285563,202581947.7397821,290705386.3872307,-0.1786452490279395,1.0,1.03,3.0000000000000027,-4.200000000000004,6.990291262135928,240.0,complete_hourly_ordered,/v1/candles/minutes/60,120,False,84.14634146341464,0.82,2026-08-31T11:00:00,1.51,2026-09-01T18:00:00,D-4,36.49006622516556,79.85507246376812,False,True,-0.031678140768245044,-21.146919559463186,-15.583286220540483,0.13783456343367106,-0.10427528675703845,0.0,0.007305669199286768,-0.0058640078095075765,-0.0029692838414980827,-0.031678140768245044,-21.146919559463186,-15.583286220540483,0.13783456343367106,-0.10427528675703845,0.0,0.007305669199286768,-0.0058640078095075765,-0.0029692838414980827,-0.09477576366022478,-85.65556579593067,-82.6275309555655,1.8628872828503518,-0.2083333333333326,0.0,-0.07305669199300091,0.058634731359688,0.029561283547975936,-0.09477576366022478,-85.65556579593067,-82.6275309555655,1.8628872828503518,-0.2083333333333326,0.0,-0.07305669199300091,0.058634731359688,0.029561283547975936,-0.09477576366022478,-85.65556579593067,-82.6275309555655,1.8628872828503518,-0.2083333333333326,0.0,-0.07305669199300091,0.058634731359688,0.029561283547975936,-0.09477576366022478,-85.65556579593067,-82.6275309555655,1.8628872828503518,-0.2083333333333326,0.0,-0.07305669199300091,0.058634731359688,0.029561283547975936,-0.031678140768245044,-797106.1169978683,-1222076.6634435998,-0.10427528675703845,9592416.363818735,19567047.43606281,0.490233204327984,-0.2083333333333326,False,True,falling,falling,sell_advantage_accelerating,accelerating,neutral,True,True,False,🔴 1차 급등 완료·상승분 반납 / 신규매수 금지,S3,🔴 1차 급등 완료·반납,당일/5D 급등 후 상승분 상당 부분 반납,S3,False,,,2026-09-04T15:10:00Z,33889285661-1
KRW-INJ,인젝티브,6265.0,7034.333333333333,6872.4,7324.125,-0.29293645168911864,-2.356285043555867,3.956672867634932,-0.5820012201011686,-0.21775371734306423,,,,,False,False,False,False,844.884362292401,-9.856115107913666,10.0,A급,-0.4765687053216894,1.1384935368236029,0.0,-0.028348688873147676,0.0240278751725449,False,True,False,False,2026-09-05T00:34:54.830847+09:00,1788536094,13711401.36146275,477083.5255497,28.740043676134796,12,0.0,complete,1788535503714,1788536241107,6372.47694838,13304.19241362,-0.3522809342228759,6605.0,6770.0,2.498107494322488,-5.147615442846332,7.459379615952733,306.0606060606058,complete_hourly_ordered,/v1/candles/minutes/60,120,False,41.70324846356452,5695.0,2026-09-01T18:00:00,8070.0,2026-09-02T16:00:00,D-3,22.24287484510533,75.57894736842104,False,True,28.565571193838707,359.08109607747144,-97.21305161152706,1.1384935368236029,-0.4765687053216894,0.0,-0.028348688873147676,0.0240278751725449,,28.565571193838707,359.08109607747144,-97.21305161152706,1.1384935368236029,-0.4765687053216894,0.0,-0.028348688873147676,0.0240278751725449,,28.502728399361327,152.6757123980023,-97.91357983664241,3.1637640974322494,-1.6483516483516536,0.0,-0.09922041105598911,0.08409038754391585,,28.502728399361327,152.6757123980023,-97.91357983664241,3.1637640974322494,-1.6483516483516536,0.0,-0.09922041105598911,0.08409038754391585,,28.502728399361327,152.6757123980023,-97.91357983664241,3.1637640974322494,-1.6483516483516536,0.0,-0.09922041105598911,0.08409038754391585,,28.502728399361327,152.6757123980023,-97.91357983664241,3.1637640974322494,-1.6483516483516536,0.0,-0.09922041105598911,0.08409038754391585,,28.565571193838707,10724695.640269449,-16641408.066291748,-0.4765687053216894,14188484.88701245,11633632.18396575,1.2196092039567805,-1.6483516483516536,False,True,rising,falling,buy_advantage_accelerating,accelerating,leading_buy_inflow,True,True,False,🔴 1차 급등 완료·상승분 반납 / 신규매수 금지,S3,🔴 1차 급등 완료·반납,당일/5D 급등 후 상승분 상당 부분 반납,S3,False,,,2026-09-04T15:10:00Z,33889285661-1
KRW-MVL,엠블,1.25,1.2233333333333334,1.1665999999999999,1.42325,0.9350935093509483,-4.863135036287805,14.046489841325597,-1.327894383072389,-1.3577669568845998,,,10.34528773152302,,False,False,False,False,304.1129595108753,3.3057851239669533,13.0,A급,0.8064516129032251,0.03583133469976474,0.0,0.05500550055006492,-0.041810896465721115,False,True,False,False,2026-09-05T00:34:54.830847+09:00,1788536094,0.0,0.0,,0,0.0,complete,,,79080039.79960252,187259459.15833354,-0.40617114540647303,1.28,1.29,0.78125,-2.34375,3.1007751937984525,400.0,complete_hourly_ordered,/v1/candles/minutes/60,120,False,14.285714285714302,1.19,2026-08-31T03:00:00,1.36,2026-09-01T18:00:00,D-4,8.088235294117652,64.70588235294119,False,False,,,-100.0,0.03583133469976474,0.8064516129032251,0.0,0.05500550055006492,-0.041810896465721115,-0.09509381428522978,,,-100.0,0.03583133469976474,0.8064516129032251,0.0,0.05500550055006492,-0.041810896465721115,-0.09509381428522978,,-100.0,,0.11427744859861377,-0.7936507936507908,0.0,-0.05500550055004272,0.041806000576182,0.093918730019384,,-100.0,,0.11427744859861377,-0.7936507936507908,0.0,-0.05500550055004272,0.041806000576182,0.093918730019384,,-100.0,,0.11427744859861377,-0.7936507936507908,0.0,-0.05500550055004272,0.041806000576182,0.093918730019384,,-100.0,,0.11427744859861377,-0.7936507936507908,0.0,-0.05500550055004272,0.041806000576182,0.093918730019384,,0.0,-7227.0653414508,0.8064516129032251,0,284444.16000000003,0.0,-0.7936507936507908,False,True,flat_or_na,falling,unavailable,accelerating,neutral,False,False,False,pass,S1,⚡ 선행 시동,가격 미급등 상태에서 선행조건 4개 개선,S0,True,가격 미급등 상태에서 선행조건 4개 개선,2026-09-05T00:34:54.830847+09:00,2026-09-04T15:10:00Z,33889285661-1
KRW-HIVE,하이브,62.8,60.43333333333333,61.198,72.99666666666667,0.5657865542489482,1.2494961708988372,17.210831544819406,-1.0627210181490505,-0.9631928937128965,1.1757518196780323,,,,False,False,False,False,3234.603212306998,7.8632478632478575,8.0,B급,0.4777070063694433,3.145545838000089,0.0,0.033281562014653154,-0.024563977653841107,False,True,False,False,2026-09-05T00:34:54.830847+09:00,1788536094,12066981.054589495,11560539.976033505,1.043807735590717,75,0.0,complete,1788535224628,1788536406957,2473416.76176521,2735873.0974886,-0.05038236358784318,63.1,67.8,7.4484944532487996,-0.47543581616482644,7.374631268436578,106.38297872340439,complete_hourly_ordered,/v1/candles/minutes/60,120,False,31.951640759930932,57.9,2026-08-31T08:00:00,76.4,2026-09-03T13:00:00,D-2,17.67015706806283,72.97297297297298,False,True,0.48282057831362335,-42.11718567165204,-68.89128681645447,3.145545838000089,0.0,0.0,0.033281562014653154,-0.024563977653841107,,0.48282057831362335,-42.11718567165204,-68.89128681645447,3.145545838000089,0.0,0.0,0.033281562014653154,-0.024563977653841107,,-0.9677932695384084,-6.452378332980723,80.28271237740832,10.972544938371811,0.9646302250803762,0.0,0.09984468604393726,-0.0736969811033994,,-0.9677932695384084,-6.452378332980723,80.28271237740832,10.972544938371811,0.9646302250803762,0.0,0.09984468604393726,-0.0736969811033994,,-0.9677932695384084,-6.452378332980723,80.28271237740832,10.972544938371811,0.9646302250803762,0.0,0.09984468604393726,-0.0736969811033994,,-0.9677932695384084,-6.452378332980723,80.28271237740832,10.972544938371811,0.9646302250803762,0.0,0.09984468604393726,-0.0736969811033994,,0.48282057831362335,-8780279.388100695,-25601202.80588353,0.0,23627521.030623,82510988.65332144,0.28635605288765237,0.9646302250803762,False,True,falling,falling,buy_advantage_accelerating,accelerating,neutral,True,True,False,🔴 1차 급등 완료·상승분 반납 / 신규매수 금지,S3,🔴 1차 급등 완료·반납,당일/5D 급등 후 상승분 상당 부분 반납,S3,False,,,2026-09-04T15:10:00Z,33889285661-1
KRW-CBK,코박토큰,247.0,242.93333333333334,241.1,284.55833333333334,0.5518763796909631,-0.7604037052398768,14.627932175593756,-0.8726867212670639,-0.9352950653046754,,,,,False,False,False,False,76.44832053971582,1.2295081967213184,10.0,A급,1.2295081967213184,0.12798004464013957,0.0,0.08278145695366224,-0.06278947389079192,False,False,False,False,2026-09-05T00:34:54.830847+09:00,1788536094,1857113.35123145,641637.27345536,2.8943352078511273,13,0.0,complete,1788535533109,1788536032910,402759.43690213,638279.02707287,-0.22623524328914316,249.0,251.0,0.8032128514056325,-0.8032128514056214,1.593625498007968,199.99999999999864,complete_hourly_ordered,/v1/candles/minutes/60,120,False,11.016949152542367,236.0,2026-08-31T10:00:00,262.0,2026-09-03T14:00:00,D-2,5.72519083969466,57.69230769230758,False,True,2.3623916747377565,87.96522190362452,-65.45428325971714,0.12798004464013957,1.2295081967213184,0.0,0.08278145695366224,-0.06278947389079192,,2.3623916747377565,87.96522190362452,-65.45428325971714,0.12798004464013957,1.2295081967213184,0.0,0.08278145695366224,-0.06278947389079192,,1.3101925539987742,-60.89852149364725,-78.5987746814603,0.6248911443209266,0.40650406504065817,0.0,0.02759381898456148,-0.020928598728271908,,1.3101925539987742,-60.89852149364725,-78.5987746814603,0.6248911443209266,0.40650406504065817,0.0,0.02759381898456148,-0.020928598728271908,,1.3101925539987742,-60.89852149364725,-78.5987746814603,0.6248911443209266,0.40650406504065817,0.0,0.02759381898456148,-0.020928598728271908,,1.3101925539987742,-60.89852149364725,-78.5987746814603,0.6248911443209266,0.40650406504065817,0.0,0.02759381898456148,-0.020928598728271908,,2.3623916747377565,869104.32891154,-1215719.6842225897,1.2295081967213184,2498750.62468681,2258526.3999944,1.1063632573402755,0.40650406504065817,False,True,rising,falling,buy_advantage_accelerating,accelerating,neutral,False,False,False,pass,S1,⚡ 선행 시동,가격 미급등 상태에서 선행조건 7개 개선,S1,False,,,2026-09-04T15:10:00Z,33889285661-1
KRW-XLM,스텔라루멘,245.0,255.0,248.2,267.1333333333333,-0.18267223382045783,-2.739726027397265,4.542051410032441,-0.6186454139347843,-0.34186941824450595,,,13.285924881364945,,False,False,False,False,-13.393646462205455,0.8264462809917328,11.0,A급,0.0,0.34512398451192006,0.0,0.0,0.0,False,False,False,False,2026-09-05T00:34:54.830847+09:00,1788536094,129346217.02106301,98706985.77666563,1.3104059049449823,142,0.0,complete,1788535199890,1788536413243,15064819.91976395,10691077.29540316,0.1698151917528691,252.0,256.0,1.5873015873015817,-2.777777777777779,4.296875,275.0000000000007,complete_hourly_ordered,/v1/candles/minutes/60,120,False,9.361702127659566,235.0,2026-09-02T19:00:00,257.0,2026-09-04T01:00:00,D-1,4.280155642023342,50.0,False,False,0.7109891939194631,32.55546830837379,-39.36538095408777,0.34512398451192006,0.4098360655737654,0.0,0.0,0.0,0.0,0.7109891939194631,32.55546830837379,-39.36538095408777,0.34512398451192006,0.4098360655737654,0.0,0.0,0.0,0.0,0.6924596094313067,-18.436998894218604,-61.53744866831048,1.8021532378227345,-0.8097165991902799,0.0,-0.07828810020875654,0.06592926024609547,0.6790928631177486,0.6924596094313067,-18.436998894218604,-61.53744866831048,1.8021532378227345,-0.8097165991902799,0.0,-0.07828810020875654,0.06592926024609547,0.6790928631177486,0.6924596094313067,-18.436998894218604,-61.53744866831048,1.8021532378227345,-0.8097165991902799,0.0,-0.07828810020875654,0.06592926024609547,0.6790928631177486,0.6924596094313067,-18.436998894218604,-61.53744866831048,1.8021532378227345,-0.8097165991902799,0.0,-0.07828810020875654,0.06592926024609547,0.6790928631177486,0.7109891939194631,31767279.937792227,-64082831.87177247,0.4098360655737654,228053202.79772866,125981008.50644624,1.81021890125653,-0.8097165991902799,False,True,rising,falling,buy_advantage_accelerating,accelerating,leading_buy_inflow,False,False,False,pass,S1,⚡ 선행 시동,가격 미급등 상태에서 선행조건 4개 개선,S0,True,가격 미급등 상태에서 선행조건 4개 개선,2026-09-05T00:34:54.830847+09:00,2026-09-04T15:10:00Z,33889285661-1
KRW-OP,옵티미즘,133.0,136.73333333333332,130.94,154.4,-0.14605647517040854,-4.424418308640081,11.442141623488785,-0.8460838313097077,-0.8465078542122091,,,13.516875911490812,,False,False,False,False,169.59906049204966,9.090909090909083,12.0,A급,0.7633587786259444,0.2777829407643253,0.0,0.04868549172346581,-0.03840028831562137,False,False,False,False,2026-09-05T00:34:54.830847+09:00,1788536094,6650000.0,788037.05609772,8.438689460785168,5,0.0,complete,1788535569255,1788536051498,1371913.25203608,1648505.38774015,-0.09157410567581507,139.0,140.0,0.7194244604316502,-4.316546762589923,5.0,700.0000000000031,complete_hourly_ordered,/v1/candles/minutes/60,120,False,22.033898305084755,118.0,2026-08-31T08:00:00,144.0,2026-09-04T03:00:00,D-1,7.638888888888884,42.307692307692285,False,True,6.501309297679043,90.88600759108887,-56.175805942373024,0.2777829407643253,1.526717557251911,0.0,0.04868549172346581,-0.03840028831562137,-0.1695350050704274,6.501309297679043,90.88600759108887,-56.175805942373024,0.2777829407643253,1.526717557251911,0.0,0.04868549172346581,-0.03840028831562137,-0.1695350050704274,8.414128751211695,9469.805194775076,-72.14719096420914,1.453786931352255,0.7575757575757569,0.0,0.0,0.0,0.0,8.414128751211695,9469.805194775076,-72.14719096420914,1.453786931352255,0.7575757575757569,0.0,0.0,0.0,0.0,8.414128751211695,9469.805194775076,-72.14719096420914,1.453786931352255,0.7575757575757569,0.0,0.0,0.0,0.0,8.414128751211695,9469.805194775076,-72.14719096420914,1.453786931352255,0.7575757575757569,0.0,0.0,0.0,0.0,6.501309297679043,3166245.4367815894,-1010141.0348934899,1.526717557251911,7438037.05609772,5509683.92743752,1.3499934214115712,0.7575757575757569,False,False,rising,falling,buy_advantage_accelerating,accelerating,neutral,False,False,False,pass,S0,🌱 초발사 준비,발사 구조 관찰 또는 초기 준비,S0,False,,,2026-09-04T15:10:00Z,33889285661-1
KRW-SAFE,세이프,127.0,127.2,124.92,149.15,0.10493179433368471,-1.825168107588858,14.716728126047604,-0.897055926259916,-0.7831745257372811,,,,,False,False,False,False,566.1104998525293,4.958677685950419,10.0,A급,0.0,2.628755622501785,0.0,0.0,0.0,False,True,False,False,2026-09-05T00:34:54.830847+09:00,1788536094,10926603.569351388,0.0,,28,0.0,complete,1788535550106,1788536384911,949867.31560709,1807114.23806784,-0.3109367639105453,132.0,132.0,0.0,-3.7878787878787845,3.787878787878788,,complete_hourly_ordered,/v1/candles/minutes/60,120,False,27.499999999999993,120.0,2026-08-31T08:00:00,153.0,2026-09-02T20:00:00,D-3,16.993464052287578,78.78787878787877,False,False,,547.9740454530014,-100.0,2.628755622501785,0.0,0.0,0.0,0.0,,,547.9740454530014,-100.0,2.628755622501785,0.0,0.0,0.0,0.0,,,26.97966199119226,-100.0,6.1375254596655395,-0.78125,0.0,-0.052465897166831255,0.039930539590260494,,,26.97966199119226,-100.0,6.1375254596655395,-0.78125,0.0,-0.052465897166831255,0.039930539590260494,,,26.97966199119226,-100.0,6.1375254596655395,-0.78125,0.0,-0.052465897166831255,0.039930539590260494,,,26.97966199119226,-100.0,6.1375254596655395,-0.78125,0.0,-0.052465897166831255,0.039930539590260494,,,9240331.774049379,-15442185.308031252,0.0,10926603.569351388,3603726.1482518655,3.0320293828796574,-0.78125,False,True,rising,falling,buy_only,accelerating,neutral,True,True,False,🔴 1차 급등 완료·상승분 반납 / 신규매수 금지,S3,🔴 1차 급등 완료·반납,당일/5D 급등 후 상승분 상당 부분 반납,S3,False,,,2026-09-04T15:10:00Z,33889285661-1
KRW-GLM,골렘,146.0,149.93333333333334,139.08,160.39166666666668,0.71652485445588,-7.803662160866641,6.520496700784544,-0.9863629687208775,-1.0961753388396995,,,5.948406673412744,,False,False,False,False,32.016451428181504,-1.342281879194629,13.0,A급,0.6849315068493178,0.052634498510141015,0.0,0.044782803403475846,-0.036709991515146534,False,False,False,False,2026-09-05T00:34:54.830847+09:00,1788536094,99999.99999948,210221.13839870002,0.4756895560608304,3,0.0,complete,1788535387948,1788535985934,1356973.64740442,1564792.04565358,-0.0711276741810366,148.0,149.0,0.6756756756756799,-1.3513513513513487,2.013422818791946,299.99999999999835,complete_hourly_ordered,/v1/candles/minutes/60,120,False,8.450704225352123,142.0,2026-09-02T10:00:00,154.0,2026-09-03T09:00:00,D-2,5.1948051948051965,66.66666666666676,False,True,,-90.8806631173709,,0.052634498510141015,0.0,0.0,0.044782803403475846,-0.036709991515146534,-0.07382505680571061,,-90.8806631173709,,0.052634498510141015,0.0,0.0,0.044782803403475846,-0.036709991515146534,-0.07382505680571061,,,,0.4452809565326916,0.6896551724137945,0.0,0.0895656068069739,-0.0734237980463135,-0.14866030568469402,,,,0.4452809565326916,0.6896551724137945,0.0,0.0895656068069739,-0.0734237980463135,-0.14866030568469402,,,,0.4452809565326916,0.6896551724137945,0.0,0.0895656068069739,-0.0734237980463135,-0.14866030568469402,,,,0.4452809565326916,0.6896551724137945,0.0,0.0895656068069739,-0.0734237980463135,-0.14866030568469402,,-996570.96000052,210221.13839870002,0.0,310221.13839818,4444309.368493821,0.06980187756445816,0.6896551724137945,False,False,falling,rising,sell_advantage_weakening,accelerating,neutral,False,False,False,pass,S1,⚡ 선행 시동,가격 미급등 상태에서 선행조건 4개 개선,S1,False,,,2026-09-04T15:10:00Z,33889285661-1
KRW-SUPER,슈퍼버스,155.0,151.8,130.74,142.75833333333333,1.1101243339254108,-16.108306562643413,-6.333547370264446,-0.9416257618008652,-1.4806666369370691,,,,,False,False,False,False,-69.32226732464227,5.442176870748305,9.0,B급,0.6493506493506551,0.0065971123093220285,0.0,0.0444049733570262,-0.04049424708874039,False,False,False,False,2026-09-05T00:34:54.830847+09:00,1788536094,0.0,0.0,,0,0.0,complete,,,861956.31530679,636715.86428344,0.15029334239388875,158.0,159.0,0.6329113924050667,-1.898734177215189,2.515723270440252,399.9999999999983,complete_hourly_ordered,/v1/candles/minutes/60,120,False,10.344827586206895,145.0,2026-09-03T04:00:00,160.0,2026-09-04T06:00:00,D-1,3.125,33.33333333333341,True,False,,,-100.0,0.0065971123093220285,0.6493506493506551,0.0,0.0444049733570262,-0.04049424708874039,,,,-100.0,0.0065971123093220285,0.6493506493506551,0.0,0.0444049733570262,-0.04049424708874039,,,-100.0,,0.5399978297380699,0.0,0.0,0.0,0.0,,,-100.0,,0.5399978297380699,0.0,0.0,0.0,0.0,,,-100.0,,0.5399978297380699,0.0,0.0,0.0,0.0,,,-100.0,,0.5399978297380699,0.0,0.0,0.0,0.0,,,0.0,-8101997.98006214,0.6493506493506551,0,616089.14143717,0.0,0.0,False,False,flat_or_na,falling,unavailable,accelerating,neutral,False,False,False,pass,S0,🌱 초발사 준비,발사 구조 관찰 또는 초기 준비,S0,False,,,2026-09-04T15:10:00Z,33889285661-1
KRW-LINEA,리네아,3.45,3.4506666666666663,3.319,3.8409166666666668,0.46583850931676274,-3.9670583509088995,10.160334989477349,-0.9812874254143613,-1.1312935251359753,,,8.981166040224736,,False,False,False,False,21.220034424613576,1.4705882352941346,12.0,A급,0.8771929824561431,0.14857458840294058,0.0,0.05822981366458979,-0.04622637139749841,False,False,False,False,2026-09-05T00:34:54.830847+09:00,1788536094,105615.25351441701,0.0,,2,0.0,complete,1788535411141,1788535835179,21483817.76516269,30640193.00467518,-0.17566520887933906,3.52,3.54,0.5681818181818121,-1.9886363636363535,2.542372881355928,450.00000000000193,complete_hourly_ordered,/v1/candles/minutes/60,120,False,8.682634730538918,3.34,2026-08-31T08:00:00,3.63,2026-09-01T11:00:00,D-4,4.958677685950407,62.06896551724126,True,True,,-92.21724002864458,-100.0,0.14857458840294058,0.8771929824561431,0.0,0.05822981366458979,-0.04622637139749841,-0.11519978279939203,,-92.21724002864458,-100.0,0.14857458840294058,0.8771929824561431,0.0,0.05822981366458979,-0.04622637139749841,-0.11519978279939203,,,,0.7558987685606802,1.1730205278592365,1.0,0.07763975155279379,-0.06163649922879877,-0.15402611989160064,,,,0.7558987685606802,1.1730205278592365,1.0,0.07763975155279379,-0.06163649922879877,-0.15402611989160064,,,,0.7558987685606802,1.1730205278592365,1.0,0.07763975155279379,-0.06163649922879877,-0.15402611989160064,,,,0.7558987685606802,1.1730205278592365,1.0,0.07763975155279379,-0.06163649922879877,-0.15402611989160064,,-1251425.8720391863,-1493797.1748779751,0.8771929824561431,105615.25351441701,1850933.6651636423,0.057060528695435174,1.1730205278592365,False,False,falling,falling,buy_only,accelerating,neutral,False,False,False,pass,S1,⚡ 선행 시동,가격 미급등 상태에서 선행조건 5개 개선,S1,False,,,2026-09-04T15:10:00Z,33889285661-1
KRW-DATA,데이터네트워크,255.0,260.6,304.16,455.475,0.05119017148709215,14.321409784324041,42.785004665459134,-1.1065667095429368,-0.7268114927319566,12.942201912290896,,,,False,False,False,False,128.02167715650702,0.3937007874015741,7.0,B급,-0.7782101167315147,0.7877866424341704,0.0,-0.025595085743534973,0.013589685035412913,False,False,False,False,2026-09-05T00:34:54.830847+09:00,1788536094,634000.60026747,22410897.22902632,0.028289835689680472,48,0.0,complete,1788535206083,1788536385083,1017385.11660528,1435550.46552584,-0.17047547109135916,264.0,272.0,3.0303030303030276,-3.409090909090906,6.25,212.5,complete_hourly_ordered,/v1/candles/minutes/60,120,False,11.244979919678721,249.0,2026-09-01T05:00:00,277.0,2026-09-02T09:00:00,D-3,7.220216606498198,71.42857142857149,False,False,-0.09312977619239551,-82.09946461736196,-23.171131763267294,0.7877866424341704,-0.7782101167315147,0.0,-0.025595085743534973,0.013589685035412913,,-0.09312977619239551,-82.09946461736196,-23.171131763267294,0.7877866424341704,-0.7782101167315147,0.0,-0.025595085743534973,0.013589685035412913,,-0.6115806771639193,-80.40304690897617,343.2515113297564,3.2304106915646855,-1.5444015444015413,0.0,-0.07678525723060492,0.04076756337351384,,-0.6115806771639193,-80.40304690897617,343.2515113297564,3.2304106915646855,-1.5444015444015413,0.0,-0.07678525723060492,0.04076756337351384,,-0.6115806771639193,-80.40304690897617,343.2515113297564,3.2304106915646855,-1.5444015444015413,0.0,-0.07678525723060492,0.04076756337351384,,-0.6115806771639193,-80.40304690897617,343.2515113297564,3.2304106915646855,-1.5444015444015413,0.0,-0.07678525723060492,0.04076756337351384,,-0.09312977619239551,-2907796.2606375697,-6758993.911334682,-0.7782101167315147,23044897.82929379,30665941.601979963,0.7514818272466117,-1.5444015444015413,False,False,falling,falling,sell_advantage_accelerating,accelerating,neutral,False,False,False,pass,S0,🌱 초발사 준비,발사 구조 관찰 또는 초기 준비,S0,False,,,2026-09-04T15:10:00Z,33889285661-1
KRW-KERNEL,커널다오,52.5,52.22666666666667,49.386,67.44916666666667,0.3201434242540824,-5.751967494161632,22.56884814489925,-0.7759706214073876,-0.8862016379713381,,,,,False,False,False,False,-79.74558049059414,1.3592233009708687,7.0,B급,1.1627906976744207,0.00812711268835642,0.0,0.07683442182100375,-0.053567927654611935,False,False,False,False,2026-09-05T00:34:54.830847+09:00,1788536094,1235558.552455446,0.0,,9,0.0,complete,1788535507610,1788535972309,2410237.84516373,759781.65874668,0.5206454358975119,52.0,52.5,0.9615384615384581,0.9615384615384581,0.0,0.0,complete_hourly_ordered,/v1/candles/minutes/60,120,False,11.439842209072971,50.7,2026-08-31T08:00:00,56.5,2026-08-31T18:00:00,D-4,7.079646017699115,68.96551724137933,False,False,,125.62890471549638,-100.0,0.00812711268835642,1.744186046511631,0.0,0.07683442182100375,-0.053567927654611935,,,125.62890471549638,-100.0,0.00812711268835642,1.744186046511631,0.0,0.07683442182100375,-0.053567927654611935,,,-10.71203914857033,,0.03472225488255276,2.3391812865497075,0.0,0.11525163273147232,-0.08035487005194142,,,-10.71203914857033,,0.03472225488255276,2.3391812865497075,0.0,0.11525163273147232,-0.08035487005194142,,,-10.71203914857033,,0.03472225488255276,2.3391812865497075,0.0,0.11525163273147232,-0.08035487005194142,,,-10.71203914857033,,0.03472225488255276,2.3391812865497075,0.0,0.11525163273147232,-0.08035487005194142,,,687952.050525471,-35000.00000034,1.744186046511631,1235558.552455446,1383790.760449047,0.8928796085142967,2.3391812865497075,False,False,rising,falling,buy_only,accelerating,neutral,False,False,False,pass,S0,🌱 초발사 준비,발사 구조 관찰 또는 초기 준비,S0,False,,,2026-09-04T15:10:00Z,33889285661-1
KRW-POKT,포켓네트워크,10.4,10.237333333333334,10.2412,12.316333333333334,0.48422981285174416,0.03775599213632536,16.88002381661209,-0.8425261344413697,-0.9167937202332347,0.04481284389042623,,,,False,False,False,False,305.9606195379939,2.970297029702973,8.0,B급,0.0,0.0651588642031129,0.0,0.0,0.0,False,True,False,False,2026-09-05T00:34:54.830847+09:00,1788536094,10400.0,574692.6582348519,0.01809662930433674,5,0.0,complete,1788535460100,1788535905939,14054859.19691162,47674300.77643607,-0.544628204790735,10.6,10.8,1.8867924528301883,-1.8867924528301772,3.703703703703707,199.9999999999994,complete_hourly_ordered,/v1/candles/minutes/60,120,False,15.577889447236192,9.95,2026-08-31T11:00:00,11.5,2026-09-03T10:00:00,D-2,9.565217391304348,70.96774193548384,False,False,-4.385975572910973,-97.66170063912291,469.0584164880204,0.0651588642031129,0.0,0.0,0.0,0.0,,-4.385975572910973,-97.66170063912291,469.0584164880204,0.0651588642031129,0.0,0.0,0.0,0.0,,-0.18171159315537,107.95840832066501,2196.107148646977,0.46333618453144254,0.0,0.0,0.06543646119618884,-0.04850797936314777,,-0.18171159315537,107.95840832066501,2196.107148646977,0.46333618453144254,0.0,0.0,0.06543646119618884,-0.04850797936314777,,-0.18171159315537,107.95840832066501,2196.107148646977,0.46333618453144254,0.0,0.0,0.06543646119618884,-0.04850797936314777,,-0.18171159315537,107.95840832066501,2196.107148646977,0.46333618453144254,0.0,0.0,0.06543646119618884,-0.04850797936314777,,-4.385975572910973,-434367.68774803204,473702.5592250519,0.0,585092.6582348519,2994706.999999995,0.19537559375085872,0.0,False,True,falling,rising,sell_advantage_accelerating,accelerating,neutral,True,True,False,🔴 1차 급등 완료·상승분 반납 / 신규매수 금지,S3,🔴 1차 급등 완료·반납,당일/5D 급등 후 상승분 상당 부분 반납,S3,False,,,2026-09-04T15:10:00Z,33889285661-1
KRW-SENT,센티언트,18.2,17.766666666666666,18.488,20.76833333333333,0.33885542168674565,3.9016298860522167,14.453093652194843,-0.5303787910883141,-0.5114986854188895,7.356308267995111,,,,False,False,False,False,110.25101519822229,6.432748538011679,8.0,B급,1.1111111111111072,1.9826004428575459,0.0,0.07530120481926694,-0.057339734643033324,False,False,False,False,2026-09-05T00:34:54.830847+09:00,1788536094,6035308.220894172,5347928.5903897565,1.1285319388407016,32,0.0,complete,1788535233351,1788535924516,10416775.49328259,16068504.16133889,-0.21339131554422217,17.9,18.3,2.2346368715083997,1.6759776536312998,0.5464480874317017,25.0,complete_hourly_ordered,/v1/candles/minutes/60,120,False,8.284023668639072,16.9,2026-08-31T08:00:00,18.3,2026-09-03T02:00:00,D-2,0.5464480874317057,7.14285714285742,True,True,-548.8714680563395,9.732876743559293,53379.285903443,1.9826004428575459,1.1111111111111072,0.0,0.07530120481926694,-0.057339734643033324,,-548.8714680563395,9.732876743559293,53379.285903443,1.9826004428575459,1.1111111111111072,0.0,0.07530120481926694,-0.057339734643033324,,1.1065123209944805,21771.02091290467,326.74159749841795,7.977680017918189,1.6759776536312998,0.0,0.11295180722892262,-0.08601305353171362,,1.1065123209944805,21771.02091290467,326.74159749841795,7.977680017918189,1.6759776536312998,0.0,0.11295180722892262,-0.08601305353171362,,1.1065123209944805,21771.02091290467,326.74159749841795,7.977680017918189,1.6759776536312998,0.0,0.11295180722892262,-0.08601305353171362,,1.1065123209944805,21771.02091290467,326.74159749841795,7.977680017918189,1.6759776536312998,0.0,0.11295180722892262,-0.08601305353171362,,-548.8714680563395,535308.2208956201,5337928.590389672,1.1111111111111072,11383236.811283927,1023800.267982111,11.118610892454688,1.6759776536312998,False,False,rising,rising,buy_advantage_weakening,accelerating,neutral,False,False,False,pass,S0,🌱 초발사 준비,발사 구조 관찰 또는 초기 준비,S0,False,,,2026-09-04T15:10:00Z,33889285661-1
KRW-ZKC,바운드리스,66.3,62.126666666666665,57.98,72.63666666666667,1.2054735013032225,-7.151891456824195,14.469276306732143,-1.506932064741558,-1.7028361642475782,,,8.497162915920095,,False,False,False,False,-29.19321236832615,-20.88305489260144,11.0,A급,1.2213740458015154,0.021075138952607375,0.0,0.07602085143352255,-0.05738248143174829,False,False,False,True,2026-09-05T00:34:54.830847+09:00,1788536094,16738888.51400608,8915097.21536061,1.8775890054418216,50,0.0,complete,1788535264663,1788536358692,1954580.78770772,1105098.11599953,0.2776378497361004,67.3,73.2,8.766716196136715,-1.4858841010401136,9.426229508196728,116.94915254237279,complete_hourly_ordered,/v1/candles/minutes/60,120,False,24.675324675324674,77.0,2026-08-31T09:00:00,96.0,2026-08-31T11:00:00,D-4,30.52083333333333,154.21052631578945,False,False,1.7836760814855326,626.4609402693549,-63.664001630284325,0.021075138952607375,1.2213740458015154,0.0,0.07602085143352255,-0.05738248143174829,-0.09158320552099397,1.7836760814855326,626.4609402693549,-63.664001630284325,0.021075138952607375,1.2213740458015154,0.0,0.07602085143352255,-0.05738248143174829,-0.09158320552099397,1.0059797481579507,228.45245746837963,52.473305753998375,0.12525218094155832,0.4545454545454408,0.0,0.032580364900081094,-0.02459136344144852,-0.03909654764153814,1.0059797481579507,228.45245746837963,52.473305753998375,0.12525218094155832,0.4545454545454408,0.0,0.032580364900081094,-0.02459136344144852,-0.03909654764153814,1.0059797481579507,228.45245746837963,52.473305753998375,0.12525218094155832,0.4545454545454408,0.0,0.032580364900081094,-0.02459136344144852,-0.03909654764153814,1.0059797481579507,228.45245746837963,52.473305753998375,0.12525218094155832,0.4545454545454408,0.0,0.032580364900081094,-0.02459136344144852,-0.03909654764153814,1.7836760814855326,14434719.413352204,-15620067.952389175,1.2213740458015154,25653985.72936669,16608824.839805564,1.5445996918387042,0.4545454545454408,False,False,rising,falling,buy_advantage_accelerating,accelerating,neutral,True,True,False,🔴 1차 급등 완료·상승분 반납 / 신규매수 금지,S3,🔴 1차 급등 완료·반납,당일/5D 급등 후 상승분 상당 부분 반납,S3,False,,,2026-09-04T15:10:00Z,33889285661-1
KRW-KNC,카이버네트워크,159.0,160.06666666666666,153.28,173.81666666666666,0.3762541806020092,-4.4276270006958915,7.91063380956947,-0.6457580825672935,-0.7996198923927091,,,9.89299276422253,,False,False,False,False,-73.65040860816869,0.6329113924050667,11.0,A급,0.0,0.00023469951347010465,0.0,0.08361204013378476,-0.06788556135496737,False,False,False,False,2026-09-05T00:34:54.830847+09:00,1788536094,0.0,0.0,,0,0.0,complete,,,542892.07595469,1127907.93724988,-0.35014116391652295,158.0,161.0,1.8987341772152,0.6329113924050667,1.2422360248447204,66.66666666666666,complete_hourly_ordered,/v1/candles/minutes/60,120,False,5.228758169934644,153.0,2026-09-02T19:00:00,161.0,2026-09-04T13:00:00,D-1,1.2422360248447228,24.999999999999893,False,False,,-100.0,-100.0,0.00023469951347010465,0.0,0.0,0.08361204013378476,-0.06788556135496737,-0.25724278617460605,,-100.0,-100.0,0.00023469951347010465,0.0,0.0,0.08361204013378476,-0.06788556135496737,-0.25724278617460605,,-100.0,,0.4462983362068229,0.6329113924050667,0.0,0.04180602006689238,-0.033941153272743385,-0.1275139161299741,,-100.0,,0.4462983362068229,0.6329113924050667,0.0,0.04180602006689238,-0.033941153272743385,-0.1275139161299741,,-100.0,,0.4462983362068229,0.6329113924050667,0.0,0.04180602006689238,-0.033941153272743385,-0.1275139161299741,,-100.0,,0.4462983362068229,0.6329113924050667,0.0,0.04180602006689238,-0.033941153272743385,-0.1275139161299741,,-5088.0,-1113599.51716398,0.0,0,846899.9999996,0.0,0.6329113924050667,False,True,falling,falling,unavailable,accelerating,neutral,False,False,False,pass,S1,⚡ 선행 시동,가격 미급등 상태에서 선행조건 4개 개선,S0,True,가격 미급등 상태에서 선행조건 4개 개선,2026-09-05T00:34:54.830847+09:00,2026-09-04T15:10:00Z,33889285661-1
KRW-ZKP,지케이패스,65.7,61.85333333333333,62.994,78.63000000000001,0.8149516462023332,1.8107544633880497,21.3362160328967,-0.7987906723027034,-1.077727950483358,2.2668698148015687,,,,False,False,False,False,-34.240306894178296,-9.405255878284924,5.0,관찰,-1.2066365007541435,0.6574604269885072,0.0,-0.06519613169617688,0.045866103899850685,False,False,False,False,2026-09-05T00:34:54.830847+09:00,1788536094,104389295.57325278,108599088.61526959,0.9612354661931768,248,0.0,complete,1788535199117,1788536414645,2272084.71725777,2762144.57503808,-0.09734555764678321,62.9,68.8,9.379968203497624,4.451510333863284,4.5058139534883646,52.54237288135588,complete_hourly_ordered,/v1/candles/minutes/60,120,False,21.49929278642151,70.7,2026-08-31T08:00:00,85.9,2026-08-31T09:00:00,D-4,22.35157159487776,126.31578947368418,False,False,0.524136117076881,-58.31931586179897,-81.04668361886239,0.6574604269885072,-0.9049773755656076,0.0,-0.06519613169617688,0.045866103899850685,,0.524136117076881,-58.31931586179897,-81.04668361886239,0.6574604269885072,-0.9049773755656076,0.0,-0.06519613169617688,0.045866103899850685,,-1.9845396748117174,48.00662298935947,353.57692890049697,2.7177948380906614,2.336448598130847,0.0,0.18472237313920115,-0.12998564403435964,,-1.9845396748117174,48.00662298935947,353.57692890049697,2.7177948380906614,2.336448598130847,0.0,0.18472237313920115,-0.12998564403435964,,-1.9845396748117174,48.00662298935947,353.57692890049697,2.7177948380906614,2.336448598130847,0.0,0.18472237313920115,-0.12998564403435964,,-1.9845396748117174,48.00662298935947,353.57692890049697,2.7177948380906614,2.336448598130847,0.0,0.18472237313920115,-0.12998564403435964,,0.524136117076881,-146060757.56677783,-464382897.3940374,-0.9049773755656076,212988384.18852237,17441534.882070456,12.211561977121068,2.336448598130847,False,False,falling,falling,sell_advantage_weakening,accelerating,neutral,True,True,False,🔴 1차 급등 완료·상승분 반납 / 신규매수 금지,S3,🔴 1차 급등 완료·반납,당일/5D 급등 후 상승분 상당 부분 반납,S3,False,,,2026-09-04T15:10:00Z,33889285661-1
KRW-AUCTION,바운스토큰,4643.0,4532.666666666667,4390.4,5298.025,0.8125500429999155,-3.2404033041788303,14.446106489367882,-1.1016463528886713,-1.120263143612025,,,12.895279624026378,,False,False,False,False,-67.78361211253842,-10.01937984496124,10.0,A급,0.8689984792526584,0.015662922576410665,0.0,0.05931022211678183,-0.04495329610471899,False,False,False,False,2026-09-05T00:34:54.830847+09:00,1788536094,235993.0526,750760.7351212299,0.31433856561757023,11,0.0,complete,1788535196623,1788536186184,13940.42210479,36584.8747332,-0.44818049661379966,4646.0,4698.0,1.1192423590185019,-0.06457167455875545,1.1707109408258833,105.76923076923039,complete_hourly_ordered,/v1/candles/minutes/60,120,False,21.421319796954318,4925.0,2026-08-31T01:00:00,5980.0,2026-08-31T04:00:00,D-4,22.424749163879596,127.10900473933648,False,True,-1.3603402897631192,-93.29779898696377,-64.29316810366126,0.015662922576410665,0.8689984792526584,0.0,0.05931022211678183,-0.04495329610471899,-0.14478029738249276,-1.3603402897631192,-93.29779898696377,-64.29316810366126,0.015662922576410665,0.8689984792526584,0.0,0.05931022211678183,-0.04495329610471899,-0.14478029738249276,-83.03921762282822,-95.7422980220441,1029.0202344594754,0.08195582456163208,1.7978513483885017,0.0,0.14234453308028527,-0.1078974151922214,-0.3514850515873622,-83.03921762282822,-95.7422980220441,1029.0202344594754,0.08195582456163208,1.7978513483885017,0.0,0.14234453308028527,-0.1078974151922214,-0.3514850515873622,-83.03921762282822,-95.7422980220441,1029.0202344594754,0.08195582456163208,1.7978513483885017,0.0,0.14234453308028527,-0.1078974151922214,-0.3514850515873622,-83.03921762282822,-95.7422980220441,1029.0202344594754,0.08195582456163208,1.7978513483885017,0.0,0.14234453308028527,-0.1078974151922214,-0.3514850515873622,-1.3603402897631192,-3285134.591005099,-1351808.14385627,0.8689984792526584,986753.78772123,3096282.889548445,0.31868980416874504,1.7978513483885017,False,False,falling,falling,sell_advantage_accelerating,accelerating,neutral,True,True,False,🔴 1차 급등 완료·상승분 반납 / 신규매수 금지,S3,🔴 1차 급등 완료·반납,당일/5D 급등 후 상승분 상당 부분 반납,S3,False,,,2026-09-04T15:10:00Z,33889285661-1
KRW-ORDER,오덜리,45.4,45.06666666666667,43.318000000000005,55.4475,0.46069252489227,-4.03681302614771,18.721914122969167,-1.026381292234459,-1.1783466737032704,,,,,False,False,False,False,48.24681734912184,0.4424778761061843,9.0,B급,0.22075055187638082,0.09943943111851894,0.0,0.02972209838016937,-0.02160432596749473,False,False,False,False,2026-09-05T00:34:54.830847+09:00,1788536094,2942753.036644104,280236.011223706,10.500981025935927,5,0.0,complete,1788535448380,1788536388441,984716.18708193,1568091.48825553,-0.22852301284172633,46.9,46.9,0.0,-3.1982942430703654,3.1982942430703627,,complete_hourly_ordered,/v1/candles/minutes/60,120,False,15.753424657534264,43.8,2026-09-02T03:00:00,50.7,2026-09-02T19:00:00,D-3,10.453648915187387,76.81159420289858,False,True,10.151518794032562,200.9539170080277,-89.98455217870355,0.09943943111851894,0.22075055187638082,0.0,0.02972209838016937,-0.02160432596749473,,10.151518794032562,200.9539170080277,-89.98455217870355,0.09943943111851894,0.22075055187638082,0.0,0.02972209838016937,-0.02160432596749473,,1.203999955157995,157.3446998802692,127.83859884544935,0.38869305121531994,0.8888888888888946,0.0,0.05944419676029433,-0.04320995079874024,,1.203999955157995,157.3446998802692,127.83859884544935,0.38869305121531994,0.8888888888888946,0.0,0.05944419676029433,-0.04320995079874024,,1.203999955157995,157.3446998802692,127.83859884544935,0.38869305121531994,0.8888888888888946,0.0,0.05944419676029433,-0.04320995079874024,,1.203999955157995,157.3446998802692,127.83859884544935,0.38869305121531994,0.8888888888888946,0.0,0.05944419676029433,-0.04320995079874024,,10.151518794032562,1964944.5183500529,-2517801.742293651,0.22075055187638082,3222989.04786781,2801982.360077327,1.1502531542628498,0.8888888888888946,False,False,rising,falling,buy_advantage_accelerating,accelerating,leading_buy_inflow,True,True,False,🔴 1차 급등 완료·상승분 반납 / 신규매수 금지,S3,🔴 1차 급등 완료·반납,당일/5D 급등 후 상승분 상당 부분 반납,S3,False,,,2026-09-04T15:10:00Z,33889285661-1
KRW-FCT2,피르마체인,9.7,9.463333333333333,9.8084,12.428500000000001,0.6737588652482085,3.518072944279064,23.857799949041862,-1.22606165311849,-1.144711816135399,2.869409491219988,,,,False,False,False,False,-14.866604954407048,1.6771488469601747,6.0,관찰,-1.5228426395939132,0.17265717872328956,0.0,-0.10638297872340718,0.07279488726131333,False,False,False,False,2026-09-05T00:34:54.830847+09:00,1788536094,0.0,1204596.860863503,0.0,6,0.0,complete,1788535259704,1788535895866,3108838.72255757,27001810.85334257,-0.7935057020459756,9.96,10.2,2.409638554216853,-2.6104417670682833,4.901960784313726,208.33333333333442,complete_hourly_ordered,/v1/candles/minutes/60,120,False,12.07834602829163,9.19,2026-08-31T14:00:00,10.3,2026-09-02T19:00:00,D-3,5.82524271844661,54.05405405405405,False,True,-2.6537083521353955,-100.0,19772.332857317986,0.17265717872328956,-1.5228426395939132,0.0,-0.10638297872340718,0.07279488726131333,,-2.6537083521353955,-100.0,19772.332857317986,0.17265717872328956,-1.5228426395939132,0.0,-0.10638297872340718,0.07279488726131333,,,,,0.4676252599207338,-1.722391084093211,0.0,-0.12056737588654887,0.08249976601571163,,,,,0.4676252599207338,-1.722391084093211,0.0,-0.12056737588654887,0.08249976601571163,,,,,0.4676252599207338,-1.722391084093211,0.0,-0.12056737588654887,0.08249976601571163,,,,,0.4676252599207338,-1.722391084093211,0.0,-0.12056737588654887,0.08249976601571163,,-2.6537083521353955,-16085.925963404901,1198535.1827026529,-1.5228426395939132,1204596.860863503,1476488.1648777467,0.8158527034066972,-1.722391084093211,False,False,falling,rising,sell_only,accelerating,neutral,False,False,False,pass,S0,🌱 초발사 준비,발사 구조 관찰 또는 초기 준비,S0,False,,,2026-09-04T15:10:00Z,33889285661-1
KRW-MTL,메탈,320.0,321.53333333333336,303.58,354.15,0.6259127894846728,-5.913872235764337,9.209845169184419,-1.2377426880964784,-1.2948682534980338,,,7.112573147348695,,False,False,False,False,-81.55276974342087,-1.8404907975460127,11.0,A급,-0.31152647975077885,0.005217259011800479,0.0,0.020863759649514257,-0.016688468484126417,False,False,False,False,2026-09-05T00:34:54.830847+09:00,1788536094,0.0,11274811.65322786,0.0,9,0.0,complete,1788535330392,1788536187705,264121.29098487,207118.92379543,0.12096244208702658,322.0,326.0,1.2422360248447228,-0.6211180124223614,1.8404907975460123,150.0,complete_hourly_ordered,/v1/candles/minutes/60,120,False,4.968944099378891,322.0,2026-08-31T08:00:00,338.0,2026-08-31T14:00:00,D-4,5.621301775147924,118.74999999999989,True,True,-0.05376181558340815,-100.0,1970.5469922351551,0.005217259011800479,-0.31152647975077885,0.0,0.020863759649514257,-0.016688468484126417,-0.031302440921309405,-0.05376181558340815,-100.0,1970.5469922351551,0.005217259011800479,-0.31152647975077885,0.0,0.020863759649514257,-0.016688468484126417,-0.031302440921309405,,-100.0,,0.14399359184436378,0.31347962382444194,0.0,0.020863759649514257,-0.016688468484126417,-0.031302440921309405,,-100.0,,0.14399359184436378,0.31347962382444194,0.0,0.020863759649514257,-0.016688468484126417,-0.031302440921309405,,-100.0,,0.14399359184436378,0.31347962382444194,0.0,0.020863759649514257,-0.016688468484126417,-0.031302440921309405,,-100.0,,0.14399359184436378,0.31347962382444194,0.0,0.020863759649514257,-0.016688468484126417,-0.031302440921309405,-0.05376181558340815,-29275.08272508,10730278.65322786,-0.31152647975077885,11274811.65322786,1169757.83750556,9.63858611733753,0.31347962382444194,False,True,falling,rising,sell_only,accelerating,neutral,False,False,False,pass,S1,⚡ 선행 시동,가격 미급등 상태에서 선행조건 4개 개선,S0,True,가격 미급등 상태에서 선행조건 4개 개선,2026-09-05T00:34:54.830847+09:00,2026-09-04T15:10:00Z,33889285661-1
KRW-VET,비체인,9.05,8.854666666666667,7.329,7.874666666666667,1.4822738386307988,-20.816846318278987,-12.444971215712828,-1.7025256881981286,-2.385177242856737,,,,,False,False,False,False,-84.12331109234333,-3.208556149732611,8.0,B급,0.5555555555555536,0.06625013601079388,0.0,0.038202933985309606,-0.036382037907518594,False,False,False,False,2026-09-05T00:34:54.830847+09:00,1788536094,587612.618690696,0.0,,5,0.0,complete,1788535390447,1788536428169,6465607.80338838,3353673.99758771,0.3169207146587164,9.24,9.36,1.298701298701288,-2.056277056277056,3.311965811965799,258.3333333333346,complete_hourly_ordered,/v1/candles/minutes/60,120,False,6.101694915254252,8.85,2026-09-03T10:00:00,9.39,2026-09-04T01:00:00,D-1,3.514376996805113,61.11111111111109,False,False,,-43.304435901868175,-100.0,0.06625013601079388,0.5555555555555536,0.0,0.038202933985309606,-0.036382037907518594,,,-43.304435901868175,-100.0,0.06625013601079388,0.5555555555555536,0.0,0.038202933985309606,-0.036382037907518594,,,-67.12776214063763,-100.0,0.2967868660306294,-0.7675438596491113,-1.0,-0.0534841075794823,0.05092838535805022,,,-67.12776214063763,-100.0,0.2967868660306294,-0.7675438596491113,-1.0,-0.0534841075794823,0.05092838535805022,,,-67.12776214063763,-100.0,0.2967868660306294,-0.7675438596491113,-1.0,-0.0534841075794823,0.05092838535805022,,,-67.12776214063763,-100.0,0.2967868660306294,-0.7675438596491113,-1.0,-0.0534841075794823,0.05092838535805022,,,-448822.29123210406,-8054507.081300262,0.5555555555555536,587612.618690696,4678886.181552801,0.1255881412562343,-0.7675438596491113,False,False,falling,falling,buy_only,accelerating,neutral,False,False,False,pass,S0,🌱 초발사 준비,발사 구조 관찰 또는 초기 준비,S0,False,,,2026-09-04T15:10:00Z,33889285661-1
KRW-TAO,비트텐서,305500.0,318693.3333333333,292468.0,330786.6666666667,0.2033244597228867,-8.966906920871107,3.65593131524851,-0.46712582829296095,-0.8068763048099378,,,4.53096874137316,,False,False,False,False,-49.55101143393074,-3.6323436512950114,10.0,A급,0.5934718100890191,0.06975933543309054,0.0,0.029345798310531634,-0.024818439116240043,False,False,False,False,2026-09-05T00:34:54.830847+09:00,1788536094,4111763.4281760002,4589642.087452999,0.8958788833265655,11,0.0,complete,1788535561909,1788536286265,527.05846187,443.22691694,0.08639885415238822,308100.0,317000.0,2.8886725089256826,-0.8438818565400852,3.627760252365931,129.21348314606735,complete_hourly_ordered,/v1/candles/minutes/60,120,False,7.23951285520974,295600.0,2026-09-02T20:00:00,317000.0,2026-09-04T18:00:00,D-1,3.596214511041007,53.2710280373831,False,False,0.4377046829795051,4.43998805832817,-46.58685576425384,0.06975933543309054,0.7253544345532381,0.0,0.029345798310531634,-0.024818439116240043,-0.05899489855026996,0.4377046829795051,4.43998805832817,-46.58685576425384,0.06975933543309054,0.7253544345532381,0.0,0.029345798310531634,-0.024818439116240043,-0.05899489855026996,-2.6234785423851656,-84.55200938927935,-39.31434094496124,1.5376986224058697,0.0,0.0,0.027249669859763515,-0.023045635405370746,-0.05475662890646227,-2.6234785423851656,-84.55200938927935,-39.31434094496124,1.5376986224058697,0.0,0.0,0.027249669859763515,-0.023045635405370746,-0.05475662890646227,-2.6234785423851656,-84.55200938927935,-39.31434094496124,1.5376986224058697,0.0,0.0,0.027249669859763515,-0.023045635405370746,-0.05475662890646227,-2.6234785423851656,-84.55200938927935,-39.31434094496124,1.5376986224058697,0.0,0.0,0.027249669859763515,-0.023045635405370746,-0.05475662890646227,0.4377046829795051,174800.67605500063,-4003078.212246998,0.7253544345532381,8701405.515629,13976394.775969,0.622578687501743,0.0,False,True,rising,falling,sell_advantage_weakening,accelerating,neutral,False,False,False,pass,S1,⚡ 선행 시동,가격 미급등 상태에서 선행조건 6개 개선,S0,True,가격 미급등 상태에서 선행조건 6개 개선,2026-09-05T00:34:54.830847+09:00,2026-09-04T15:10:00Z,33889285661-1
KRW-QTUM,퀀텀,1167.0,1165.1333333333334,1025.14,1111.0833333333333,0.41367423154268224,-13.656020966242007,-4.864621615540405,-0.6837366602057131,-1.0623847005396787,,,,,False,False,False,False,-68.94546510871989,5.600722673893399,8.0,B급,1.21212121212122,1.085181443666329,1.0,0.08043665613330919,-0.07299870456197688,False,False,False,False,2026-09-05T00:34:54.830847+09:00,1788536094,9173204.864127299,3933500.4519777596,2.3320716435954703,38,0.0,complete,1788535333870,1788536373988,25778.37977274,45414.53916456,-0.2758161862855163,1170.0,1229.0,5.042735042735047,-0.2564102564102555,5.044751830756713,105.08474576271185,complete_hourly_ordered,/v1/candles/minutes/60,120,False,12.442817932296425,1093.0,2026-08-31T08:00:00,1229.0,2026-09-04T09:00:00,D-1,5.288852725793324,47.79411764705875,True,True,2.2387888404847276,2179.0729771101637,-8.837142125270015,1.085181443666329,1.0389610389610393,1.0,0.08043665613330919,-0.07299870456197688,,2.2387888404847276,2179.0729771101637,-8.837142125270015,1.085181443666329,1.0389610389610393,1.0,0.08043665613330919,-0.07299870456197688,,1.9882675447176414,2264.3544243601364,248.5633661930278,1.401818304899976,0.603448275862073,1.0,0.05170927894284638,-0.046925978694009274,,1.9882675447176414,2264.3544243601364,248.5633661930278,1.401818304899976,0.603448275862073,1.0,0.05170927894284638,-0.046925978694009274,,1.9882675447176414,2264.3544243601364,248.5633661930278,1.401818304899976,0.603448275862073,1.0,0.05170927894284638,-0.046925978694009274,,1.9882675447176414,2264.3544243601364,248.5633661930278,1.401818304899976,0.603448275862073,1.0,0.05170927894284638,-0.046925978694009274,,2.2387888404847276,8770707.6665273,-381305.5377411209,1.0389610389610393,13106705.316105058,1671075.9044275149,7.843273475117946,0.603448275862073,False,False,rising,falling,buy_advantage_accelerating,accelerating,neutral,False,False,False,pass,S0,🌱 초발사 준비,발사 구조 관찰 또는 초기 준비,S0,False,,,2026-09-04T15:10:00Z,33889285661-1
KRW-LINK,체인링크,15990.0,15894.666666666666,13438.6,13019.916666666666,0.5270481089513668,-18.276209327360483,-22.0796344062622,-0.24997666952605435,-0.7878440228229128,,,,,False,False,False,False,-3.536496926375654,3.0947775628626717,6.0,관찰,1.3950538998097617,0.6484834035827447,0.0,0.08011131256060455,-0.08245094703803701,False,False,False,False,2026-09-05T00:34:54.830847+09:00,1788536094,136783179.5205591,12893062.044168,10.60905307458992,93,0.0,complete,1788535205374,1788536464123,24425.77634182,11005.77102126,0.3787586577306463,16160.0,16610.0,2.7846534653465316,-1.0519801980197974,3.7326911499096926,137.77777777777766,complete_hourly_ordered,/v1/candles/minutes/60,120,False,10.807204803202142,14990.0,2026-09-02T19:00:00,16610.0,2026-09-04T18:00:00,D-1,3.672486453943402,37.65432098765433,False,False,10.245413337286607,231.52455940017919,-88.63654438880843,0.6484834035827447,1.3950538998097617,0.0,0.08011131256060455,-0.08245094703803701,,10.245413337286607,231.52455940017919,-88.63654438880843,0.6484834035827447,1.3950538998097617,0.0,0.08011131256060455,-0.08245094703803701,,10.362544471841373,261.52544450439353,-91.59970908277599,4.343075936918905,0.6293266205160464,0.0,0.04216384871609247,-0.04339273538164079,,10.362544471841373,261.52544450439353,-91.59970908277599,4.343075936918905,0.6293266205160464,0.0,0.04216384871609247,-0.04339273538164079,,10.362544471841373,261.52544450439353,-91.59970908277599,4.343075936918905,0.6293266205160464,0.0,0.04216384871609247,-0.04339273538164079,,10.362544471841373,261.52544450439353,-91.59970908277599,4.343075936918905,0.6293266205160464,0.0,0.04216384871609247,-0.04339273538164079,,10.245413337286607,95524341.93457809,-100567688.6756216,1.3950538998097617,149676241.5647271,65324814.80099891,2.2912616288418217,0.6293266205160464,False,False,rising,falling,buy_advantage_accelerating,accelerating,neutral,False,False,False,pass,S0,🌱 초발사 준비,발사 구조 관찰 또는 초기 준비,S0,False,,,2026-09-04T15:10:00Z,33889285661-1
KRW-XRP,엑스알피(리플),1914.0,1957.8666666666666,1656.2,1748.0083333333334,0.5753424657534145,-18.214386346254468,-12.005568241951542,-1.2002041298520525,-1.6004859106574734,,,,,False,False,False,False,-17.154932557039547,1.4830508474576343,8.0,B급,0.6831318970047295,0.5822844150238176,0.0,0.03082191780821031,-0.02952033775992824,False,False,False,False,2026-09-05T00:34:54.830847+09:00,1788536094,1996702834.0865614,2776429527.5764804,0.719162080022058,1967,0.0,complete,1788535197531,1788536469047,2641974.82620356,1307056.34310892,0.33803695789188903,1980.0,1998.0,0.9090909090909038,-3.3333333333333326,4.2042042042042045,466.66666666666873,complete_hourly_ordered,/v1/candles/minutes/60,120,False,12.153163152053281,1802.0,2026-09-02T19:00:00,2021.0,2026-09-04T05:00:00,D-1,4.997525977238992,46.11872146118717,False,False,0.19293610933152427,-41.58747038656559,-57.258327503340745,0.5822844150238176,0.5780346820809301,0.0,0.03082191780821031,-0.02952033775992824,,0.19293610933152427,-41.58747038656559,-57.258327503340745,0.5822844150238176,0.5780346820809301,0.0,0.03082191780821031,-0.02952033775992824,,-0.06139584011587107,-25.147255088784526,-18.756974946841964,3.514752043281323,-0.9829280910501836,0.0,-0.04452054794521487,0.042636015964127694,,-0.06139584011587107,-25.147255088784526,-18.756974946841964,3.514752043281323,-0.9829280910501836,0.0,-0.04452054794521487,0.042636015964127694,,-0.06139584011587107,-25.147255088784526,-18.756974946841964,3.514752043281323,-0.9829280910501836,0.0,-0.04452054794521487,0.042636015964127694,,-0.06139584011587107,-25.147255088784526,-18.756974946841964,3.514752043281323,-0.9829280910501836,0.0,-0.04452054794521487,0.042636015964127694,,0.19293610933152427,-1421575482.7410944,-3719407825.988683,0.5780346820809301,4773132361.663042,2752822273.1433907,1.7339050211231768,-0.9829280910501836,False,False,falling,falling,sell_advantage_weakening,accelerating,neutral,False,False,False,pass,S0,🌱 초발사 준비,발사 구조 관찰 또는 초기 준비,S0,False,,,2026-09-04T15:10:00Z,33889285661-1
KRW-CHZ,칠리즈,18.3,19.19333333333333,19.192,32.76916666666667,0.03474635163307482,-0.006947339169088214,41.428680416041516,-1.0113595129022426,-0.851873759348036,,,,,True,False,False,False,15.169548306859948,-1.0810810810810811,7.0,B급,0.5494505494505475,0.0958345530498903,2.0,0.06949270326616075,-0.037711588231005067,False,False,False,False,2026-09-05T00:34:54.830847+09:00,1788536094,5494.252873518,0.0,,1,0.0,complete,1788535394403,1788535394403,14039142.83934345,13299813.59676635,0.027043067437664832,18.9,19.0,0.5291005291005346,-3.1746031746031633,3.684210526315786,699.9999999999917,complete_hourly_ordered,/v1/candles/minutes/60,120,False,5.555555555555558,18.0,2026-09-02T19:00:00,19.0,2026-09-04T00:00:00,D-1,3.68421052631579,70.00000000000011,True,True,,-99.36446844946016,-100.0,0.0958345530498903,0.5494505494505475,2.0,0.06949270326616075,-0.037711588231005067,,,-99.36446844946016,-100.0,0.0958345530498903,0.5494505494505475,2.0,0.06949270326616075,-0.037711588231005067,,,-99.92589131702579,-100.0,3.0008052653180286,0.0,0.0,0.0,0.0,,,-99.92589131702579,-100.0,3.0008052653180286,0.0,0.0,0.0,0.0,,,-99.92589131702579,-100.0,3.0008052653180286,0.0,0.0,0.0,0.0,,,-99.92589131702579,-100.0,3.0008052653180286,0.0,0.0,0.0,0.0,,,-859018.747126404,-16779622.37813363,0.5494505494505475,5494.252873518,7611228.787355974,0.0007218614795347153,0.0,False,False,falling,falling,buy_only,accelerating,neutral,False,False,False,pass,S0,🌱 초발사 준비,발사 구조 관찰 또는 초기 준비,S0,False,,,2026-09-04T15:10:00Z,33889285661-1
KRW-ASTR,아스타,7.77,7.606,7.1488,8.569666666666667,0.8129362905363591,-6.395478961504033,11.245089268349604,-1.0293363061552732,-1.3166267143703254,,,8.540833286773731,,False,False,False,False,-69.68062560331822,2.917771883289122,11.0,A급,1.041666666666674,0.15189034133148027,0.0,0.07069011222053945,-0.05533474067516053,False,False,False,False,2026-09-05T00:34:54.830847+09:00,1788536094,6386.8065966506,1280238.341968847,0.004988763722564728,5,0.0,complete,1788536039113,1788536368377,8899068.99533076,5187925.27072751,0.2634446819890471,7.69,7.79,1.3003901170351106,1.0403120936280708,0.2567394094993641,20.000000000001368,complete_hourly_ordered,/v1/candles/minutes/60,120,False,6.114130434782594,7.36,2026-09-02T03:00:00,7.81,2026-09-04T04:00:00,D-1,0.3841229193341733,6.666666666666303,False,True,-0.15027485513335148,-61.35542049448273,1102.7222768744655,0.15189034133148027,1.171875,0.0,0.07069011222053945,-0.05533474067516053,-0.11478271892673675,-0.15027485513335148,-61.35542049448273,1102.7222768744655,0.15189034133148027,1.171875,0.0,0.07069011222053945,-0.05533474067516053,-0.11478271892673675,0.004988763722564728,,1913.8961626755697,1.5097756317503865,1.83486238532109,0.0,0.1148714323583988,-0.08992332610882947,-0.18752461746178284,0.004988763722564728,,1913.8961626755697,1.5097756317503865,1.83486238532109,0.0,0.1148714323583988,-0.08992332610882947,-0.18752461746178284,0.004988763722564728,,1913.8961626755697,1.5097756317503865,1.83486238532109,0.0,0.1148714323583988,-0.08992332610882947,-0.18752461746178284,0.004988763722564728,,1913.8961626755697,1.5097756317503865,1.83486238532109,0.0,0.1148714323583988,-0.08992332610882947,-0.18752461746178284,-0.15027485513335148,-10140.237243323798,1173793.2908889065,1.171875,1286625.1485654975,1073770.919167675,1.1982305774892978,1.83486238532109,False,True,falling,rising,sell_advantage_accelerating,accelerating,neutral,False,False,False,pass,S1,⚡ 선행 시동,가격 미급등 상태에서 선행조건 4개 개선,S1,False,,,2026-09-04T15:10:00Z,33889285661-1
KRW-ZK,지케이싱크,12.9,12.293333333333333,12.034,16.041666666666668,0.3810560696788201,-2.1550052628663146,23.366233766233773,-1.175834375405941,-1.0908427128928664,,,,,False,False,False,False,14.322452963225052,1.5748031496063186,7.0,B급,0.78125,0.17433884606838923,0.0,0.05443658138268859,-0.037579418866759084,False,False,False,False,2026-09-05T00:34:54.830847+09:00,1788536094,12585667.86388528,5014654.740479941,2.5097775450600084,30,0.0,complete,1788535513681,1788536387250,13921722.76257901,31648511.59637755,-0.38899929050539206,13.0,13.3,2.3076923076923217,-0.7692307692307665,3.0075187969924837,133.333333333333,complete_hourly_ordered,/v1/candles/minutes/60,120,False,20.161290322580648,12.4,2026-08-31T08:00:00,14.9,2026-08-31T13:00:00,D-4,13.422818791946312,80.00000000000003,False,True,-0.08811150890460473,-58.17305622820523,-56.70462523683912,0.17433884606838923,0.78125,0.0,0.05443658138268859,-0.037579418866759084,,-0.08811150890460473,-58.17305622820523,-56.70462523683912,0.17433884606838923,0.78125,0.0,0.05443658138268859,-0.037579418866759084,,-1.0596398123455928,658.0172141284592,978.0556255465532,0.8282053307000705,0.78125,0.0,0.10887316276537717,-0.07516274249440613,,-1.0596398123455928,658.0172141284592,978.0556255465532,0.8282053307000705,0.78125,0.0,0.10887316276537717,-0.07516274249440613,,-1.0596398123455928,658.0172141284592,978.0556255465532,0.8282053307000705,0.78125,0.0,0.10887316276537717,-0.07516274249440613,,-1.0596398123455928,658.0172141284592,978.0556255465532,0.8282053307000705,0.78125,0.0,0.10887316276537717,-0.07516274249440613,,-0.08811150890460473,-17504189.842553686,-6567771.252854582,0.78125,17600322.604365222,7638919.547540996,2.3040329846163714,0.78125,False,False,falling,falling,buy_advantage_weakening,accelerating,neutral,True,True,False,🔴 1차 급등 완료·상승분 반납 / 신규매수 금지,S3,🔴 1차 급등 완료·반납,당일/5D 급등 후 상승분 상당 부분 반납,S3,False,,,2026-09-04T15:10:00Z,33889285661-1
KRW-STORJ,스토리지,70.2,65.96666666666667,74.712,107.73833333333333,1.4559622680200945,11.705393154156406,38.771406030041916,-2.1868203272654583,-1.3551600114870213,5.352699994696678,,,,False,False,False,False,4143.9021848828625,29.4659300184162,6.0,관찰,-0.9859154929577452,1.3334010075659535,0.0,-0.07177278786014707,0.03999752378094712,False,True,False,False,2026-09-05T00:34:54.830847+09:00,1788536094,5601749.485959066,29755183.797133166,0.1882612967256744,137,0.0,complete,1788535215683,1788536264261,3542215.56191775,392611.56291802,0.8004427892448227,74.0,77.5,4.729729729729737,-5.135135135135127,9.419354838709673,208.57142857142824,complete_hourly_ordered,/v1/candles/minutes/60,120,False,95.12195121951221,53.3,2026-08-31T14:00:00,104.0,2026-09-01T09:00:00,D-4,32.40384615384616,66.46942800788955,False,True,-0.25862946139652243,-70.5530140848338,-30.09935611344585,1.3334010075659535,-1.1267605633802802,0.0,-0.07177278786014707,0.03999752378094712,,-0.25862946139652243,-70.5530140848338,-30.09935611344585,1.3334010075659535,-1.1267605633802802,0.0,-0.07177278786014707,0.03999752378094712,,-0.6392251096288255,-95.60154211184746,-80.66695505304793,12.759399545729138,-1.9553072625698165,0.0,-0.10253255408592121,0.05713799390776586,,-0.6392251096288255,-95.60154211184746,-80.66695505304793,12.759399545729138,-1.9553072625698165,0.0,-0.10253255408592121,0.05713799390776586,,-0.6392251096288255,-95.60154211184746,-80.66695505304793,12.759399545729138,-1.9553072625698165,0.0,-0.10253255408592121,0.05713799390776586,,-0.6392251096288255,-95.60154211184746,-80.66695505304793,12.759399545729138,-1.9553072625698165,0.0,-0.10253255408592121,0.05713799390776586,,-0.25862946139652243,-13421418.121405384,-12812641.250980262,-1.1267605633802802,35356933.28309223,25296049.741807982,1.3977254806174795,-1.9553072625698165,False,True,falling,falling,sell_advantage_accelerating,accelerating,neutral,True,True,False,🔴 1차 급등 완료·상승분 반납 / 신규매수 금지,S3,🔴 1차 급등 완료·반납,당일/5D 급등 후 상승분 상당 부분 반납,S3,False,,,2026-09-04T15:10:00Z,33889285661-1
KRW-ENA,에테나,226.0,215.33333333333334,151.74,143.175,2.1182421751501757,-41.90940644084179,-50.3986962342122,-2.2620112631469786,-3.8282568813216664,,,,,False,False,False,False,-36.952602715918694,10.144927536231885,7.0,B급,2.7027027027026973,0.41711224106459355,0.0,0.15807777426495306,-0.18910145079347274,False,False,False,False,2026-09-05T00:34:54.830847+09:00,1788536094,295761281.4943212,242266009.03701785,1.220812125770105,182,0.0,complete,1788535209675,1788536407786,8418789.72651576,5023940.58734213,0.25254163848499855,230.0,236.0,2.60869565217392,-1.7391304347826098,4.23728813559322,166.66666666666654,complete_hourly_ordered,/v1/candles/minutes/60,120,False,22.388059701492537,201.0,2026-08-31T13:00:00,246.0,2026-09-04T02:00:00,D-1,8.130081300813007,44.44444444444445,True,True,0.7975863687146811,49.41497003752351,-48.20147795496865,0.41711224106459355,1.8018018018018056,0.0,0.15807777426495306,-0.18910145079347274,,0.7975863687146811,49.41497003752351,-48.20147795496865,0.41711224106459355,1.8018018018018056,0.0,0.15807777426495306,-0.18910145079347274,,0.5298676206141999,-42.90819579260384,-67.68768299900914,2.8337150737623205,0.0,0.0,0.06323110970598567,-0.07562737106534456,,0.5298676206141999,-42.90819579260384,-67.68768299900914,2.8337150737623205,0.0,0.0,0.06323110970598567,-0.07562737106534456,,0.5298676206141999,-42.90819579260384,-67.68768299900914,2.8337150737623205,0.0,0.0,0.06323110970598567,-0.07562737106534456,,0.5298676206141999,-42.90819579260384,-67.68768299900914,2.8337150737623205,0.0,0.0,0.06323110970598567,-0.07562737106534456,,0.7975863687146811,97815064.04365692,-225442333.73462048,1.8018018018018056,538027290.531339,286591137.825099,1.8773340118412407,0.0,False,False,rising,falling,buy_advantage_accelerating,accelerating,neutral,False,False,False,pass,S0,🌱 초발사 준비,발사 구조 관찰 또는 초기 준비,S0,False,,,2026-09-04T15:10:00Z,33889285661-1
KRW-MANA,디센트럴랜드,101.0,102.92,97.932,107.28500000000001,0.25326319890901505,-5.093330065759914,4.0686023209209194,-0.7665674628364407,-0.9109476245180854,,,4.466340557255763,,False,False,False,False,-10.110701855253556,0.0,11.0,A급,1.0000000000000009,0.013577343407446207,0.0,0.06493928177155883,-0.05469258632826168,False,False,False,False,2026-09-05T00:34:54.830847+09:00,1788536094,75438.28085887,0.0,,1,0.0,complete,1788535640177,1788535640177,994763.78002684,2779853.28744805,-0.4729193651994435,105.0,105.0,0.0,-3.809523809523807,3.8095238095238098,,complete_hourly_ordered,/v1/candles/minutes/60,120,False,8.4710743801653,96.8,2026-08-31T23:00:00,105.0,2026-09-04T08:00:00,D-1,3.809523809523807,48.780487804878085,False,False,,,-100.0,0.013577343407446207,1.0000000000000009,0.0,0.06493928177155883,-0.05469258632826168,-0.11505186869075157,,,-100.0,0.013577343407446207,1.0000000000000009,0.0,0.06493928177155883,-0.05469258632826168,-0.11505186869075157,,-41.97055318495789,,0.9075183304812722,-0.9803921568627416,0.0,-0.06493928177153663,0.054684090524493634,0.1123043626803808,,-41.97055318495789,,0.9075183304812722,-0.9803921568627416,0.0,-0.06493928177153663,0.054684090524493634,0.1123043626803808,,-41.97055318495789,,0.9075183304812722,-0.9803921568627416,0.0,-0.06493928177153663,0.054684090524493634,0.1123043626803808,,-41.97055318495789,,0.9075183304812722,-0.9803921568627416,0.0,-0.06493928177153663,0.054684090524493634,0.1123043626803808,,75438.28085887,-1124042.37037,1.0000000000000009,75438.28085887,2116311.976967145,0.03564610590494293,-0.9803921568627416,False,True,rising,falling,buy_only,accelerating,neutral,False,False,False,pass,S0,🌱 초발사 준비,발사 구조 관찰 또는 초기 준비,S0,False,,,2026-09-04T15:10:00Z,33889285661-1
KRW-OPEN,오픈렛저,164.0,202.26666666666668,237.58,261.9166666666667,-1.8440634098996989,14.863765187866543,22.774419344575247,1.136733365481121,1.0155919381418888,,,,,False,False,False,False,261.6090025064933,-14.583333333333337,4.0,-,1.2345679012345734,0.4694686784797568,0.0,0.06470397929473348,-0.0459955720595957,False,False,False,False,2026-09-05T00:34:54.830847+09:00,1788536094,75143.79960046,2613657.4706288404,0.028750438971018095,13,0.0,complete,1788535261383,1788536020655,1299285.98881888,1653481.17825794,-0.11995364666348084,163.0,165.0,1.2269938650306678,0.6134969325153339,0.6060606060606061,50.0,complete_hourly_ordered,/v1/candles/minutes/60,120,False,9.090909090909083,176.0,2026-08-31T22:00:00,192.0,2026-09-01T10:00:00,D-4,14.583333333333337,175.00000000000014,False,False,-0.12124035064512856,-94.52472278162759,-71.43552645652369,0.4694686784797568,1.2345679012345734,0.0,0.06470397929473348,-0.0459955720595957,,-0.12124035064512856,-94.52472278162759,-71.43552645652369,0.4694686784797568,1.2345679012345734,0.0,0.06470397929473348,-0.0459955720595957,,-18.644228564565974,-96.57776178970691,2122.692401682029,4.288584359830622,1.8633540372670732,0.0,0.09705596894209467,-0.0689955534423774,,-18.644228564565974,-96.57776178970691,2122.692401682029,4.288584359830622,1.8633540372670732,0.0,0.09705596894209467,-0.0689955534423774,,-18.644228564565974,-96.57776178970691,2122.692401682029,4.288584359830622,1.8633540372670732,0.0,0.09705596894209467,-0.0689955534423774,,-18.644228564565974,-96.57776178970691,2122.692401682029,4.288584359830622,1.8633540372670732,0.0,0.09705596894209467,-0.0689955534423774,,-0.12124035064512856,-1297276.2004008798,-6536371.0312119,1.2345679012345734,2688801.2702293005,8476240.5328817,0.3172162540454923,1.8633540372670732,False,False,falling,falling,sell_advantage_accelerating,accelerating,neutral,False,False,False,pass,S0,🌱 초발사 준비,발사 구조 관찰 또는 초기 준비,S0,False,,,2026-09-04T15:10:00Z,33889285661-1
KRW-PYTH,피스네트워크,73.7,70.13333333333334,63.192,62.13916666666667,1.231716705157826,-10.98451280752839,-12.864940255072627,-1.842387540739906,-2.0323494341480135,,,,,False,False,False,False,-45.58080644240965,12.671755725190836,6.0,관찰,1.933701657458542,0.028168022591778197,-1.0,0.1347190146266719,-0.12903425531408708,False,False,False,False,2026-09-05T00:34:54.830847+09:00,1788536094,287383.77394660603,5886767.943005318,0.048818600754948496,19,0.0,complete,1788535334498,1788536392599,976399.06757117,816247.43763745,0.0893380984306676,75.9,76.4,0.6587615283267567,-2.898550724637683,3.5340314136125692,539.999999999993,complete_hourly_ordered,/v1/candles/minutes/60,120,False,29.383886255924185,63.3,2026-08-31T11:00:00,81.9,2026-09-03T13:00:00,D-2,9.768009768009767,43.01075268817203,False,False,-0.6821646550350144,-88.99486597061814,64.78490941563955,0.028168022591778197,1.7955801104972302,-1.0,0.1347190146266719,-0.12903425531408708,,-0.6821646550350144,-88.99486597061814,64.78490941563955,0.028168022591778197,1.7955801104972302,-1.0,0.1347190146266719,-0.12903425531408708,,-0.35530893157088805,-96.55244118650444,-71.46060283784506,0.6574226990579604,0.6830601092896238,-1.0,0.0866050808314478,-0.0829450298788359,,-0.35530893157088805,-96.55244118650444,-71.46060283784506,0.6574226990579604,0.6830601092896238,-1.0,0.0866050808314478,-0.0829450298788359,,-0.35530893157088805,-96.55244118650444,-71.46060283784506,0.6574226990579604,0.6830601092896238,-1.0,0.0866050808314478,-0.0829450298788359,,-0.35530893157088805,-96.55244118650444,-71.46060283784506,0.6574226990579604,0.6830601092896238,-1.0,0.0866050808314478,-0.0829450298788359,,-0.6821646550350144,-2323977.188848938,2314372.895497035,1.7955801104972302,6174151.716951923,15760401.550913997,0.39175091427755304,0.6830601092896238,False,False,falling,rising,sell_advantage_accelerating,accelerating,neutral,False,False,False,pass,S0,🌱 초발사 준비,발사 구조 관찰 또는 초기 준비,S0,False,,,2026-09-04T15:10:00Z,33889285661-1
KRW-ENS,이더리움네임서비스,7875.0,7930.333333333333,6657.8,7324.541666666667,1.4325303773182751,-19.113420849730133,-8.270710909101243,-1.51893424117544,-2.0441458948505926,,,,,False,False,False,False,41.06613091166298,1.2195121951219523,10.0,A급,1.74193548387096,0.5835770461482639,0.0,0.11085056491153544,-0.10232507135381397,False,False,False,False,2026-09-05T00:34:54.830847+09:00,1788536094,39042215.46620581,8675691.091846904,4.500185063400454,164,0.0,complete,1788535233114,1788536488168,12758.50758111,14174.64322081,-0.052579649893730485,7835.0,8230.0,5.041480536056153,0.51052967453733,4.313487241798299,89.87341772151902,complete_hourly_ordered,/v1/candles/minutes/60,120,False,15.185444366690003,7145.0,2026-09-03T04:00:00,8230.0,2026-09-04T10:00:00,D-1,4.070473876063185,30.87557603686634,True,False,3.6564391145753015,-13.145804642176751,-83.71558626163313,0.5835770461482639,1.6129032258064502,0.0,0.11085056491153544,-0.10232507135381397,,3.6564391145753015,-13.145804642176751,-83.71558626163313,0.5835770461482639,1.6129032258064502,0.0,0.11085056491153544,-0.10232507135381397,,3.476073460973289,-22.331972668437672,-82.32500957021085,2.6051509475110137,0.7677543186180413,0.0,0.07247921551907233,-0.06690142863790705,,3.476073460973289,-22.331972668437672,-82.32500957021085,2.6051509475110137,0.7677543186180413,0.0,0.07247921551907233,-0.06690142863790705,,3.476073460973289,-22.331972668437672,-82.32500957021085,2.6051509475110137,0.7677543186180413,0.0,0.07247921551907233,-0.06690142863790705,,3.476073460973289,-22.331972668437672,-82.32500957021085,2.6051509475110137,0.7677543186180413,0.0,0.07247921551907233,-0.06690142863790705,,3.6564391145753015,-5909229.084467985,-44600350.84146848,1.6129032258064502,47717906.55805272,51264491.2686902,0.9308179087928732,0.7677543186180413,False,True,falling,falling,buy_advantage_accelerating,accelerating,neutral,False,False,False,pass,S1,⚡ 선행 시동,가격 미급등 상태에서 선행조건 5개 개선,S0,True,가격 미급등 상태에서 선행조건 5개 개선,2026-09-05T00:34:54.830847+09:00,2026-09-04T15:10:00Z,33889285661-1
KRW-GRT,더그래프,23.0,23.446666666666665,21.996,28.110833333333336,0.6582713222667458,-6.595138510032128,16.59206118637537,-1.368504581088952,-1.216150104735241,,,13.643103036189357,,False,False,False,False,23.06451642916565,1.7699115044247815,11.0,A급,1.3215859030837107,0.922437041151138,0.0,0.08586147681741707,-0.06373484090005732,False,False,False,False,2026-09-05T00:34:54.830847+09:00,1788536094,2698198.9409436816,0.0,,17,0.0,complete,1788535214454,1788536101841,6350532.01361268,3040251.02253012,0.3525031915168424,23.5,24.0,2.127659574468077,-2.127659574468088,4.166666666666666,200.00000000000048,complete_hourly_ordered,/v1/candles/minutes/60,120,False,9.589041095890426,21.9,2026-09-02T20:00:00,24.0,2026-09-04T09:00:00,D-1,4.1666666666666625,47.61904761904765,False,True,,305.2386506277479,-100.0,0.922437041151138,1.3215859030837107,0.0,0.08586147681741707,-0.06373484090005732,-0.19747583661717805,,305.2386506277479,-100.0,0.922437041151138,1.3215859030837107,0.0,0.08586147681741707,-0.06373484090005732,-0.19747583661717805,,-63.34120634374767,-100.0,2.2964212728957776,0.4366812227074357,0.0,0.028620492272457554,-0.021243687335044115,-0.0653598159969988,,-63.34120634374767,-100.0,2.2964212728957776,0.4366812227074357,0.0,0.028620492272457554,-0.021243687335044115,-0.0653598159969988,,-63.34120634374767,-100.0,2.2964212728957776,0.4366812227074357,0.0,0.028620492272457554,-0.021243687335044115,-0.0653598159969988,,-63.34120634374767,-100.0,2.2964212728957776,0.4366812227074357,0.0,0.028620492272457554,-0.021243687335044115,-0.0653598159969988,,2032369.3275136817,-3333185.716031446,1.3215859030837107,2698198.9409436816,2012401.8244195012,1.3407853780504329,0.4366812227074357,False,True,rising,falling,buy_only,accelerating,neutral,False,False,False,pass,S1,⚡ 선행 시동,가격 미급등 상태에서 선행조건 6개 개선,S0,True,가격 미급등 상태에서 선행조건 6개 개선,2026-09-05T00:34:54.830847+09:00,2026-09-04T15:10:00Z,33889285661-1
KRW-PUMP,펌프펀,5.84,6.341333333333334,4.2326,3.1731666666666665,0.6028556319407796,-49.82122887429321,-99.84242869898632,0.1738905479871505,-1.543522195010435,,,,,False,False,False,False,-47.5050701870801,-6.0995184590690315,5.0,관찰,1.9163763066202044,0.13811970325365053,0.0,0.11634056054996567,-0.17342404928972144,False,False,False,False,2026-09-05T00:34:54.830847+09:00,1788536094,42944673.66489707,8343584.369388552,5.1470293537697165,31,0.0,complete,1788535272181,1788536445357,51439253.63758138,29686702.11439706,0.2681330693925764,5.9,6.02,2.033898305084736,-1.016949152542379,2.9900332225913577,150.00000000000057,complete_hourly_ordered,/v1/candles/minutes/60,120,False,12.862318840579734,5.52,2026-09-03T07:00:00,6.23,2026-09-04T02:00:00,D-1,5.7784911717496,50.70422535211263,False,False,4.048693995041633,179.62846321427938,-40.329497396377334,0.13811970325365053,1.7421602787456303,0.0,0.11634056054996567,-0.17342404928972144,,4.048693995041633,179.62846321427938,-40.329497396377334,0.13811970325365053,1.7421602787456303,0.0,0.11634056054996567,-0.17342404928972144,,3.1498911891876737,-16.869920823033336,-67.74406315995627,0.9387834351161217,1.5652173913043521,0.0,0.09518773135905878,-0.1418849494788219,,3.1498911891876737,-16.869920823033336,-67.74406315995627,0.9387834351161217,1.5652173913043521,0.0,0.09518773135905878,-0.1418849494788219,,3.1498911891876737,-16.869920823033336,-67.74406315995627,0.9387834351161217,1.5652173913043521,0.0,0.09518773135905878,-0.1418849494788219,,3.1498911891876737,-16.869920823033336,-67.74406315995627,0.9387834351161217,1.5652173913043521,0.0,0.09518773135905878,-0.1418849494788219,,4.048693995041633,27586911.73635242,-5639177.640868092,1.7421602787456303,51288258.03428562,50574628.07301921,1.014110434193131,1.5652173913043521,False,False,rising,falling,buy_advantage_accelerating,accelerating,neutral,False,False,False,pass,S0,🌱 초발사 준비,발사 구조 관찰 또는 초기 준비,S0,False,,,2026-09-04T15:10:00Z,33889285661-1
KRW-XTZ,테조스,311.0,310.1333333333333,302.46,366.7916666666667,0.10759629868732912,-2.5369745861711785,15.447006702260598,-0.48587337534460595,-0.7061701769380917,,,,,False,False,False,False,21.51368929800068,5.782312925170063,8.0,B급,0.9740259740259827,0.22509480238334945,0.0,0.06455777921239303,-0.048767177590347544,False,False,False,False,2026-09-05T00:34:54.830847+09:00,1788536094,168869.4910057,100980.39215967001,1.6722998137963643,6,0.0,complete,1788535199772,1788535637555,99118.26747335,86501.01338739,0.06797383346951998,312.0,330.0,5.769230769230771,-0.3205128205128194,5.757575757575758,105.55555555555554,complete_hourly_ordered,/v1/candles/minutes/60,120,False,13.793103448275868,290.0,2026-08-31T08:00:00,330.0,2026-09-04T20:00:00,D-1,5.757575757575761,47.5,False,False,0.7178045461243239,-87.20994409056226,-92.69984500500237,0.22509480238334945,0.9740259740259827,0.0,0.06455777921239303,-0.048767177590347544,,0.7178045461243239,-87.20994409056226,-92.69984500500237,0.22509480238334945,0.9740259740259827,0.0,0.06455777921239303,-0.048767177590347544,,-4.472192047938663,-92.90535480290528,-73.93231206760493,1.7263161916422725,0.0,1.0,0.0,0.0,,-4.472192047938663,-92.90535480290528,-73.93231206760493,1.7263161916422725,0.0,1.0,0.0,0.0,,-4.472192047938663,-92.90535480290528,-73.93231206760493,1.7263161916422725,0.0,1.0,0.0,0.0,,-4.472192047938663,-92.90535480290528,-73.93231206760493,1.7263161916422725,0.0,1.0,0.0,0.0,,0.7178045461243239,-1151449.13935378,-1282283.28140433,0.9740259740259827,269849.88316537,1564226.2291804699,0.17251333479221215,0.0,False,False,falling,falling,buy_advantage_accelerating,accelerating,neutral,False,False,False,pass,S0,🌱 초발사 준비,발사 구조 관찰 또는 초기 준비,S0,False,,,2026-09-04T15:10:00Z,33889285661-1
KRW-CKB,너보스,1.41,1.3880000000000001,1.271,1.5498333333333332,0.9209888511876096,-9.205350118017327,10.441983008925673,-1.0848009405195893,-1.3771418366375594,,,7.582358426072439,,False,False,False,False,94.71879919369105,2.1739130434782705,13.0,A급,0.0,0.8506574632267387,0.0,0.0,0.0,False,False,False,False,2026-09-05T00:34:54.830847+09:00,1788536094,4256704.829958291,144863.0136986199,29.384345398295714,5,0.0,complete,1788535214465,1788535627927,41362247.76905499,159281597.95542598,-0.5877047948347983,1.39,1.46,5.035971223021596,1.4388489208633004,3.424657534246579,71.42857142857169,complete_hourly_ordered,/v1/candles/minutes/60,120,False,10.370370370370363,1.35,2026-08-31T08:00:00,1.49,2026-09-01T18:00:00,D-4,5.369127516778526,57.14285714285726,True,True,-251.5578363500376,157.87069931963597,2365.4882010755596,0.8506574632267387,0.0,0.0,0.0,0.0,0.0,-251.5578363500376,157.87069931963597,2365.4882010755596,0.8506574632267387,0.0,0.0,0.0,0.0,0.0,23.92840012768568,-2.0239050012947235,-81.80826542516651,1.2448693241957756,-0.7042253521126751,0.0,-0.04847309743090111,0.03819785918641827,0.06941444367331506,23.92840012768568,-2.0239050012947235,-81.80826542516651,1.2448693241957756,-0.7042253521126751,0.0,-0.04847309743090111,0.03819785918641827,0.06941444367331506,23.92840012768568,-2.0239050012947235,-81.80826542516651,1.2448693241957756,-0.7042253521126751,0.0,-0.04847309743090111,0.03819785918641827,0.06941444367331506,23.92840012768568,-2.0239050012947235,-81.80826542516651,1.2448693241957756,-0.7042253521126751,0.0,-0.04847309743090111,0.03819785918641827,0.06941444367331506,-251.5578363500376,2605991.9567279676,138987.3816986199,0.0,4401567.843656911,1317490.12018813,3.340873511088183,-0.7042253521126751,False,True,rising,rising,buy_advantage_weakening,accelerating,neutral,False,False,False,pass,S1,⚡ 선행 시동,가격 미급등 상태에서 선행조건 3개 개선,S1,False,,,2026-09-04T15:10:00Z,33889285661-1
KRW-KAVA,카바,68.2,64.16666666666667,61.843999999999994,69.76583333333333,1.0392609699769073,-3.755686350602609,8.025657258209002,-1.0382425754683764,-1.2133488771716823,,,6.614467948342128,,False,False,False,False,-54.00688202266287,7.911392405063289,12.0,A급,0.0,0.04352842708595972,0.0,0.0,0.0,False,False,False,True,2026-09-05T00:34:54.830847+09:00,1788536094,0.0,0.0,,0,0.0,complete,,,433131.67542403,582624.18738389,-0.14717366390247374,68.1,68.9,1.1747430249632984,0.1468428781204345,1.0159651669085672,87.49999999999811,complete_hourly_ordered,/v1/candles/minutes/60,120,False,12.00000000000001,62.5,2026-08-31T21:00:00,70.0,2026-09-03T21:00:00,D-2,2.571428571428569,24.000000000000117,True,True,,-100.0,-100.0,0.04352842708595972,0.0,0.0,0.0,0.0,0.0,,-100.0,-100.0,0.04352842708595972,0.0,0.0,0.0,0.0,0.0,,-100.0,,0.2640798020374291,0.2941176470588225,0.0,0.020995171110649302,-0.0169147403098151,-0.03247293241181293,,-100.0,,0.2640798020374291,0.2941176470588225,0.0,0.020995171110649302,-0.0169147403098151,-0.03247293241181293,,-100.0,,0.2640798020374291,0.2941176470588225,0.0,0.020995171110649302,-0.0169147403098151,-0.03247293241181293,,-100.0,,0.2640798020374291,0.2941176470588225,0.0,0.020995171110649302,-0.0169147403098151,-0.03247293241181293,,-627981.28571446,-778580.6257050121,0.0,0,1245724.4100867012,0.0,0.2941176470588225,False,True,falling,falling,unavailable,accelerating,neutral,False,False,False,pass,S1,⚡ 선행 시동,가격 미급등 상태에서 선행조건 3개 개선,S1,False,,,2026-09-04T15:10:00Z,33889285661-1
KRW-TOSHI,토시,0.162,0.17200000000000001,0.15724,0.18586666666666665,0.27205596579868985,-9.386924446705688,7.460545193687216,-0.7851002542831711,-1.0815554628216206,,,6.897977450202823,,False,False,False,False,36.07860819833269,-0.6134969325153339,12.0,A급,0.0,0.07718579087023869,0.0,0.0,0.0,False,False,False,False,2026-09-05T00:34:54.830847+09:00,1788536094,5000.99999999928,0.0,,1,0.0,complete,1788536364630,1788536364630,335787841.1698564,621432962.5887522,-0.2984108998647814,0.164,0.166,1.2195121951219523,-1.2195121951219523,2.4096385542168695,200.0,complete_hourly_ordered,/v1/candles/minutes/60,120,False,7.594936708860756,0.158,2026-09-03T13:00:00,0.17,2026-09-04T02:00:00,D-1,3.529411764705881,50.0,False,False,,-97.58433179675836,-100.0,0.07718579087023869,0.0,0.0,0.0,0.0,0.0,,-97.58433179675836,-100.0,0.07718579087023869,0.0,0.0,0.0,0.0,0.0,,,,1.929530997820251,1.2499999999999956,0.0,0.07773027594248916,-0.06344368623386121,-0.141243343086062,,,,1.929530997820251,1.2499999999999956,0.0,0.07773027594248916,-0.06344368623386121,-0.141243343086062,,,,1.929530997820251,1.2499999999999956,0.0,0.07773027594248916,-0.06344368623386121,-0.141243343086062,,,,1.929530997820251,1.2499999999999956,0.0,0.07773027594248916,-0.06344368623386121,-0.141243343086062,,-202022.46428571356,-4054752.938552146,0.0,5000.99999999928,1277205.022501693,0.003915581219844953,1.2499999999999956,False,False,falling,falling,buy_only,accelerating,neutral,False,False,False,pass,S0,🌱 초발사 준비,발사 구조 관찰 또는 초기 준비,S1,True,발사 구조 관찰 또는 초기 준비,2026-09-05T00:34:54.830847+09:00,2026-09-04T15:10:00Z,33889285661-1
KRW-BARD,롬바드,164.0,167.46666666666667,165.44,223.31666666666666,0.43982407037186366,-1.2250161186331425,25.009329054407043,-0.9077388652147471,-1.1669231656472339,,,,,False,False,False,False,62.033201254451484,-5.202312138728327,8.0,B급,1.2345679012345734,0.0376616795740361,1.0,0.0799680127948843,-0.05411325041457005,False,False,False,False,2026-09-05T00:34:54.830847+09:00,1788536094,921922.4629660799,4552433.7770135095,0.20251199866346659,4,0.0,complete,1788535458560,1788536134022,1222923.88408425,1094342.44020677,0.05548841862914491,165.0,167.0,1.21212121212122,-0.60606060606061,1.7964071856287425,150.0,complete_hourly_ordered,/v1/candles/minutes/60,120,False,15.384615384615374,169.0,2026-08-31T11:00:00,195.0,2026-08-31T21:00:00,D-4,16.41025641025641,123.07692307692307,True,True,,184.0710043001673,,0.0376616795740361,1.2345679012345734,1.0,0.0799680127948843,-0.05411325041457005,,,184.0710043001673,,0.0376616795740361,1.2345679012345734,1.0,0.0799680127948843,-0.05411325041457005,,-0.33896903914113885,292.29073783311975,948.9156062106089,0.29703843151698095,0.6134969325153339,1.0,0.03998400639744215,-0.02705561551869451,,-0.33896903914113885,292.29073783311975,948.9156062106089,0.29703843151698095,0.6134969325153339,1.0,0.03998400639744215,-0.02705561551869451,,-0.33896903914113885,292.29073783311975,948.9156062106089,0.29703843151698095,0.6134969325153339,1.0,0.03998400639744215,-0.02705561551869451,,-0.33896903914113885,292.29073783311975,948.9156062106089,0.29703843151698095,0.6134969325153339,1.0,0.03998400639744215,-0.02705561551869451,,,597383.0171900799,4552433.7770135095,1.2345679012345734,5474356.239979589,5827824.985412111,0.939348085037333,0.6134969325153339,False,False,rising,rising,sell_advantage_weakening,accelerating,neutral,True,True,False,🔴 1차 급등 완료·상승분 반납 / 신규매수 금지,S3,🔴 1차 급등 완료·반납,당일/5D 급등 후 상승분 상당 부분 반납,S3,False,,,2026-09-04T15:10:00Z,33889285661-1
KRW-ZRO,레이어제로,1442.0,1512.4,1258.34,1448.6916666666666,1.0602280826799815,-20.190091708123415,-4.397646151987724,-1.2245879180690893,-1.798862090525974,,,,,False,False,False,False,-47.13338464168392,0.4878048780487809,9.0,B급,0.2781641168289273,0.0798426849878382,0.0,0.013364219529576893,-0.012004182360483284,False,False,False,False,2026-09-05T00:34:54.830847+09:00,1788536094,664445.00382969,4316701.099082499,0.153924255717153,24,0.0,complete,1788535201623,1788536167612,149911.2663676,99490.49514957,0.20216686085658947,1538.0,1585.0,3.055916775032519,-6.2418725617685356,9.022082018927446,304.2553191489357,complete_hourly_ordered,/v1/candles/minutes/60,120,False,17.060561299852296,1354.0,2026-09-01T17:00:00,1585.0,2026-09-04T12:00:00,D-1,8.706624605678236,59.74025974025974,False,False,-0.7373595965245454,-92.77870632358845,-58.18578159697117,0.0798426849878382,0.2781641168289273,0.0,0.013364219529576893,-0.012004182360483284,,-0.7373595965245454,-92.77870632358845,-58.18578159697117,0.0798426849878382,0.2781641168289273,0.0,0.013364219529576893,-0.012004182360483284,,-0.12235497431169368,-95.4662957598018,-91.86243707449097,0.7739229903518705,-1.5027322404371546,0.0,-0.09354953670703825,0.08401767721211506,,-0.12235497431169368,-95.4662957598018,-91.86243707449097,0.7739229903518705,-1.5027322404371546,0.0,-0.09354953670703825,0.08401767721211506,,-0.12235497431169368,-95.4662957598018,-91.86243707449097,0.7739229903518705,-1.5027322404371546,0.0,-0.09354953670703825,0.08401767721211506,,-0.12235497431169368,-95.4662957598018,-91.86243707449097,0.7739229903518705,-1.5027322404371546,0.0,-0.09354953670703825,0.08401767721211506,,-0.7373595965245454,-8536745.71910281,-6006823.443396612,0.2781641168289273,4981146.1029121885,33969755.007951066,0.14663473733461682,-1.5027322404371546,False,False,falling,falling,sell_advantage_accelerating,accelerating,neutral,False,True,False,pass,S0,🌱 초발사 준비,발사 구조 관찰 또는 초기 준비,S3,True,발사 구조 관찰 또는 초기 준비,2026-09-05T00:34:54.830847+09:00,2026-09-04T15:10:00Z,33889285661-1
KRW-RAY,레이디움,1118.0,1092.6666666666667,962.54,995.275,1.0356306250770553,-13.519091847265233,-9.785402694397707,-1.3064772658391415,-1.5719393278808826,,,,,False,False,False,False,-31.84385645890221,4.485981308411224,9.0,B급,1.4519056261343088,0.29028386785768845,1.0,0.08013808408335876,-0.0751364073436136,False,False,False,False,2026-09-05T00:34:54.830847+09:00,1788536094,1436208.0620177998,0.0,,4,0.0,complete,1788535263519,1788536479347,31745.72925641,31380.39812694,0.005787320474316925,1139.0,1160.0,1.843722563652328,-1.843722563652328,3.620689655172414,200.0,complete_hourly_ordered,/v1/candles/minutes/60,120,False,11.174242424242431,1056.0,2026-08-31T08:00:00,1174.0,2026-09-04T00:00:00,D-1,4.684838160136284,46.610169491525525,True,True,,-73.80076256384683,-100.0,0.29028386785768845,1.4519056261343088,1.0,0.08013808408335876,-0.0751364073436136,,,-73.80076256384683,-100.0,0.29028386785768845,1.4519056261343088,1.0,0.08013808408335876,-0.0751364073436136,,,-49.96649603227551,-100.0,1.5126919865910082,-0.267618198037467,0.0,-0.01849340401922639,0.01733684811878078,,,-49.96649603227551,-100.0,1.5126919865910082,-0.267618198037467,0.0,-0.01849340401922639,0.01733684811878078,,,-49.96649603227551,-100.0,1.5126919865910082,-0.267618198037467,0.0,-0.01849340401922639,0.01733684811878078,,,-49.96649603227551,-100.0,1.5126919865910082,-0.267618198037467,0.0,-0.01849340401922639,0.01733684811878078,,,-4045661.6508614398,-3225117.52270982,1.4519056261343088,1436208.0620177998,1584562.77060774,0.9063749878882738,-0.267618198037467,False,False,falling,falling,buy_only,accelerating,neutral,False,False,False,pass,S0,🌱 초발사 준비,발사 구조 관찰 또는 초기 준비,S0,False,,,2026-09-04T15:10:00Z,33889285661-1
KRW-ONDO,온도파이낸스,484.0,501.06666666666666,516.7,528.1083333333333,-0.07976601967560892,3.025611250887049,5.1204771748220885,-0.17931980464359104,-0.1189277241092915,,,,,False,False,False,False,-9.458977053590534,1.2526096033402823,7.0,B급,0.8316008316008316,0.7325874332276818,0.0,0.039883009837815564,-0.03338111774537733,False,False,False,False,2026-09-05T00:34:54.830847+09:00,1788536094,238397229.58497304,60237740.92171939,3.9576057457861316,165,0.0,complete,1788535195285,1788536511630,4832417.21154117,2371327.18218476,0.3416403879487848,496.0,505.0,1.814516129032251,-2.4193548387096753,4.158415841584159,233.33333333333374,complete_hourly_ordered,/v1/candles/minutes/60,120,False,10.151187904967607,463.0,2026-09-02T10:00:00,510.0,2026-09-04T00:00:00,D-1,4.90196078431373,53.1914893617021,False,True,3.657591718941192,7.483493017862841,-91.85200405725517,0.7325874332276818,0.6237006237006293,0.0,0.039883009837815564,-0.03338111774537733,,3.657591718941192,7.483493017862841,-91.85200405725517,0.7325874332276818,0.6237006237006293,0.0,0.039883009837815564,-0.03338111774537733,,2.977959905216638,55.59577585914648,-61.48460346438124,2.794088386502281,-1.0224948875255602,0.0,-0.03988300983780446,0.03337795745273553,,2.977959905216638,55.59577585914648,-61.48460346438124,2.794088386502281,-1.0224948875255602,0.0,-0.03988300983780446,0.03337795745273553,,2.977959905216638,55.59577585914648,-61.48460346438124,2.794088386502281,-1.0224948875255602,0.0,-0.03988300983780446,0.03337795745273553,,2.977959905216638,55.59577585914648,-61.48460346438124,2.794088386502281,-1.0224948875255602,0.0,-0.03988300983780446,0.03337795745273553,,3.657591718941192,16598306.893324524,-679057434.7877946,0.6237006237006293,298634970.5066924,220146772.42598322,1.3565266808855811,-1.0224948875255602,False,False,rising,falling,buy_advantage_accelerating,accelerating,neutral,False,False,False,pass,S0,🌱 초발사 준비,발사 구조 관찰 또는 초기 준비,S0,False,,,2026-09-04T15:10:00Z,33889285661-1
KRW-ZRX,제로엑스,142.0,135.33333333333334,121.74,133.19166666666666,1.1964107676969205,-11.16587262471936,-1.6079584558593607,-1.343549612960969,-1.539332526142339,,,,,False,False,False,False,75.4542404531256,8.3969465648855,10.0,A급,0.7092198581560183,0.382486267782582,0.0,0.09970089730808596,-0.08740279601331058,False,False,False,False,2026-09-05T00:34:54.830847+09:00,1788536094,523417.12946123997,0.0,,5,0.0,complete,1788535232140,1788535771067,746255.21165908,2313664.85736617,-0.5122387547222418,138.0,144.0,4.347826086956519,2.898550724637672,1.3888888888888888,33.333333333333506,complete_hourly_ordered,/v1/candles/minutes/60,120,False,11.627906976744185,129.0,2026-08-31T08:00:00,144.0,2026-09-04T22:00:00,D-1,1.388888888888884,13.333333333333359,False,True,,-69.05063981810738,-100.0,0.382486267782582,0.7092198581560183,0.0,0.09970089730808596,-0.08740279601331058,,,-69.05063981810738,-100.0,0.382486267782582,0.7092198581560183,0.0,0.09970089730808596,-0.08740279601331058,,,-94.74128854174,-100.0,9.447097912240565,1.4285714285714235,0.0,0.09970089730808596,-0.08740279601331058,,,-94.74128854174,-100.0,9.447097912240565,1.4285714285714235,0.0,0.09970089730808596,-0.08740279601331058,,,-94.74128854174,-100.0,9.447097912240565,1.4285714285714235,0.0,0.09970089730808596,-0.08740279601331058,,,-94.74128854174,-100.0,9.447097912240565,1.4285714285714235,0.0,0.09970089730808596,-0.08740279601331058,,,-1167787.87893009,-337349.3815048,0.7092198581560183,523417.12946123997,1987810.581286625,0.26331338327138515,1.4285714285714235,False,True,falling,falling,buy_only,accelerating,neutral,False,False,False,pass,S1,⚡ 선행 시동,가격 미급등 상태에서 선행조건 5개 개선,S2,True,가격 미급등 상태에서 선행조건 5개 개선,2026-09-05T00:34:54.830847+09:00,2026-09-04T15:10:00Z,33889285661-1
KRW-GMT,스테픈,10.1,9.965333333333332,9.7184,12.006,0.6396014273210682,-2.5408846449346703,16.997057027042047,-1.170796890985235,-1.1176968470322464,,,,,False,False,False,False,98.51886658305024,7.561235356762497,10.0,A급,1.0000000000000009,0.49898477753578163,0.0,0.06732646603377912,-0.04977003352911069,False,False,False,False,2026-09-05T00:34:54.830847+09:00,1788536094,529999.999999874,0.0,,2,0.0,complete,1788535209506,1788535950518,14530970.72839811,33099386.93397011,-0.3898441480787478,10.1,10.1,0.0,0.0,0.0,,complete_hourly_ordered,/v1/candles/minutes/60,120,False,17.136659436008685,9.22,2026-08-31T08:00:00,10.8,2026-09-03T14:00:00,D-2,6.481481481481488,44.30379746835453,False,True,,-90.33662225465339,-100.0,0.49898477753578163,1.0000000000000009,0.0,0.06732646603377912,-0.04977003352911069,,,-90.33662225465339,-100.0,0.49898477753578163,1.0000000000000009,0.0,0.06732646603377912,-0.04977003352911069,,,-88.53673993635498,-100.0,4.350121564465255,2.020202020202011,0.0,0.13465293206758044,-0.09954697706758253,,,-88.53673993635498,-100.0,4.350121564465255,2.020202020202011,0.0,0.13465293206758044,-0.09954697706758253,,,-88.53673993635498,-100.0,4.350121564465255,2.020202020202011,0.0,0.13465293206758044,-0.09954697706758253,,,-88.53673993635498,-100.0,4.350121564465255,2.020202020202011,0.0,0.13465293206758044,-0.09954697706758253,,,-4954624.672310958,-4751022.9694620995,1.0000000000000009,529999.999999874,3394513.987204688,0.1561342807829518,2.020202020202011,False,True,falling,falling,buy_only,accelerating,neutral,False,False,False,pass,S1,⚡ 선행 시동,가격 미급등 상태에서 선행조건 5개 개선,S1,False,,,2026-09-04T15:10:00Z,33889285661-1
KRW-TFUEL,쎄타퓨엘,12.4,12.379999999999999,11.29,12.696666666666665,0.6504065040650264,-9.654561558901682,2.4940929377789427,-0.9694655441465923,-1.2689054106207864,,,1.965546775120738,,False,False,False,False,-46.64448977962885,0.8130081300812941,12.0,A급,0.0,0.053445941108023476,0.0,0.0,0.0,False,False,False,False,2026-09-05T00:34:54.830847+09:00,1788536094,27164.241157800003,93770.65335484,0.28968808668749574,2,0.0,complete,1788536248028,1788536248165,6217262.753681,21476463.80666039,-0.5509984732365786,12.5,12.8,2.400000000000002,-0.8000000000000007,3.1250000000000027,133.33333333333331,complete_hourly_ordered,/v1/candles/minutes/60,120,False,7.563025210084029,11.9,2026-08-31T13:00:00,12.8,2026-09-01T02:00:00,D-4,3.125,44.444444444444315,False,False,0.26940853538366255,114.26507027439618,-85.00042050422158,0.053445941108023476,0.0,0.0,0.0,0.0,0.0,0.26940853538366255,114.26507027439618,-85.00042050422158,0.053445941108023476,0.0,0.0,0.0,0.0,0.0,,301.950379066058,,0.35618624531752374,-0.8000000000000007,0.0,-0.05420054200542257,0.04610448860916039,0.05025214954953272,,301.950379066058,,0.35618624531752374,-0.8000000000000007,0.0,-0.05420054200542257,0.04610448860916039,0.05025214954953272,,301.950379066058,,0.35618624531752374,-0.8000000000000007,0.0,-0.05420054200542257,0.04610448860916039,0.05025214954953272,,301.950379066058,,0.35618624531752374,-0.8000000000000007,0.0,-0.05420054200542257,0.04610448860916039,0.05025214954953272,0.26940853538366255,14486.373914664004,-531384.56103788,0.0,120934.89451264,565603.896095071,0.21381552593179512,-0.8000000000000007,False,True,rising,falling,sell_advantage_weakening,accelerating,leading_buy_inflow,False,False,False,pass,S1,⚡ 선행 시동,가격 미급등 상태에서 선행조건 4개 개선,S0,True,가격 미급등 상태에서 선행조건 4개 개선,2026-09-05T00:34:54.830847+09:00,2026-09-04T15:10:00Z,33889285661-1
KRW-CFG,센트리퓨즈,137.0,172.8,218.16,294.7083333333333,-1.8181818181818077,20.792079207920786,41.36575710448183,0.8119793747303632,0.8923951386323459,,,,,False,False,False,False,32.95316564525632,-13.83647798742138,3.0,-,0.7352941176470562,0.5200978576883841,0.0,0.0,0.0,False,False,False,False,2026-09-05T00:34:54.830847+09:00,1788536094,8419222.110063331,1832070.6658216799,4.5954679953828785,23,0.0,complete,1788535202674,1788536220415,949260.08634897,1154519.93840516,-0.09756716464696871,142.0,150.0,5.633802816901401,-3.5211267605633756,8.666666666666668,162.50000000000003,complete_hourly_ordered,/v1/candles/minutes/60,120,False,10.294117647058831,136.0,2026-09-03T22:00:00,150.0,2026-09-04T11:00:00,D-1,7.9999999999999964,85.71428571428578,True,False,4.229016438314091,380.6151416417462,-61.67481371159461,0.5200978576883841,0.7352941176470562,0.0,0.0,0.0,,4.229016438314091,380.6151416417462,-61.67481371159461,0.5200978576883841,0.7352941176470562,0.0,0.0,0.0,,4.279816442442185,94.78560790414963,-86.62064893342401,1.5007548410090656,0.0,0.0,0.0,0.0,,4.279816442442185,94.78560790414963,-86.62064893342401,1.5007548410090656,0.0,0.0,0.0,0.0,,4.279816442442185,94.78560790414963,-86.62064893342401,1.5007548410090656,0.0,0.0,0.0,0.0,,4.279816442442185,94.78560790414963,-86.62064893342401,1.5007548410090656,0.0,0.0,0.0,0.0,,4.229016438314091,6667462.462769681,-2948260.08595849,0.7352941176470562,10251292.775885012,9529390.276777338,1.0757553713448924,0.0,False,False,rising,falling,buy_advantage_accelerating,accelerating,neutral,False,False,False,pass,S0,🌱 초발사 준비,발사 구조 관찰 또는 초기 준비,S0,False,,,2026-09-04T15:10:00Z,33889285661-1
KRW-AZTEC,아즈텍,22.4,19.36,19.268,23.49416666666667,1.2905476107429426,-0.47747560722440696,17.59656652360516,-0.6704478341694413,-0.7596426936996604,,,,,True,False,False,False,1454.5688071203988,22.282608695652172,8.0,B급,-2.1739130434782594,68.4832980998674,0.0,-0.13951866062085205,0.10179757655405908,False,True,False,True,2026-09-05T00:34:54.830847+09:00,1788536094,223673131.3827124,391954373.7107629,0.5706611442171806,784,0.0,complete,1788535195068,1788536525088,14519797.97200185,13913361.859896,0.02132848110063087,19.1,26.5,38.743455497382186,17.277486910994753,15.471698113207552,55.40540540540542,complete_hourly_ordered,/v1/candles/minutes/60,120,False,54.06976744186047,17.2,2026-09-02T19:00:00,26.5,2026-09-04T20:00:00,D-1,16.981132075471695,48.38709677419354,False,True,-0.06509683772497665,-31.18542292476064,-23.33556070376647,68.4832980998674,-2.60869565217392,0.0,-0.13951866062085205,0.10179757655405908,,-0.06509683772497665,-31.18542292476064,-23.33556070376647,68.4832980998674,-2.60869565217392,0.0,-0.13951866062085205,0.10179757655405908,,-0.3814906059453712,-74.17215180013494,-56.906070939578356,414.7001900191574,-7.818930041152273,0.0,-0.5580746424834082,0.40701708902753353,,-0.3814906059453712,-74.17215180013494,-56.906070939578356,414.7001900191574,-7.818930041152273,0.0,-0.5580746424834082,0.40701708902753353,,-0.3814906059453712,-74.17215180013494,-56.906070939578356,414.7001900191574,-7.818930041152273,0.0,-0.5580746424834082,0.40701708902753353,,-0.3814906059453712,-74.17215180013494,-56.906070939578356,414.7001900191574,-7.818930041152273,0.0,-0.5580746424834082,0.40701708902753353,,-0.06509683772497665,-101364296.571188,-119305315.01694077,-2.60869565217392,615627505.0934753,2341273.6617168384,262.9455561559772,-7.818930041152273,False,True,falling,falling,sell_advantage_accelerating,accelerating,neutral,False,False,False,pass,S0,🌱 초발사 준비,발사 구조 관찰 또는 초기 준비,S0,False,,,2026-09-04T15:10:00Z,33889285661-1
KRW-XPL,플라즈마,128.0,125.33333333333333,117.08,128.11583333333334,0.32017075773744796,-7.0493110124131615,2.1718627023722124,-0.8478639924445686,-0.7115546955104003,,,3.05227794303898,,False,False,False,False,9.855587420021973,8.47457627118644,11.0,A급,0.0,0.4611501598586827,0.0,0.0,0.0,False,False,False,False,2026-09-05T00:34:54.830847+09:00,1788536094,5286046.8733307,18931727.21060099,0.27921630258705243,50,0.0,complete,1788535340714,1788536447503,6867773.24188133,7550457.31025905,-0.04734867194063394,132.0,140.0,6.060606060606055,-3.0303030303030276,8.571428571428571,150.0,complete_hourly_ordered,/v1/candles/minutes/60,120,False,27.27272727272727,110.0,2026-09-01T18:00:00,140.0,2026-09-04T20:00:00,D-1,7.857142857142863,36.6666666666667,False,False,-1.4838655426845375,-95.13593207533376,-69.28635694732318,0.4611501598586827,0.0,0.0,0.0,0.0,0.0,-1.4838655426845375,-95.13593207533376,-69.28635694732318,0.4611501598586827,0.0,0.0,0.0,0.0,0.0,-1.7556232966186915,-96.91291586636096,-77.50231278401087,2.8911161951536988,0.0,0.0,0.053361792956230225,-0.04567595331408425,-0.104722453992244,-1.7556232966186915,-96.91291586636096,-77.50231278401087,2.8911161951536988,0.0,0.0,0.053361792956230225,-0.04567595331408425,-0.104722453992244,-1.7556232966186915,-96.91291586636096,-77.50231278401087,2.8911161951536988,0.0,0.0,0.053361792956230225,-0.04567595331408425,-0.104722453992244,-1.7556232966186915,-96.91291586636096,-77.50231278401087,2.8911161951536988,0.0,0.0,0.053361792956230225,-0.04567595331408425,-0.104722453992244,-1.4838655426845375,-103389386.01946552,-42707744.14136881,0.0,24217774.083931692,74130590.7239844,0.3266906933752008,0.0,False,False,falling,falling,sell_advantage_accelerating,accelerating,neutral,False,False,False,pass,S0,🌱 초발사 준비,발사 구조 관찰 또는 초기 준비,S0,False,,,2026-09-04T15:10:00Z,33889285661-1
KRW-ZAMA,자마,70.1,73.4,69.844,56.94833333333334,0.5663134819145155,-5.091346429185058,-28.88875881647107,-0.4954403618104619,-0.8536178639355683,,,,,False,False,False,False,52.207260376291686,-0.8486562942008558,7.0,B급,0.0,0.2976281414100299,0.0,0.04567044208989568,-0.04910594011559155,False,False,False,False,2026-09-05T00:34:54.830847+09:00,1788536094,0.0,1205467.990977381,0.0,3,0.0,complete,1788535212150,1788536079376,1457782.84995337,1711544.67104787,-0.08006803317516796,76.7,76.8,0.13037809647977738,-8.60495436766624,8.723958333333337,6700.000000000715,complete_hourly_ordered,/v1/candles/minutes/60,120,False,22.205663189269753,67.1,2026-09-02T19:00:00,82.0,2026-09-03T20:00:00,D-2,14.51219512195122,79.86577181208052,False,False,-0.9014312995060225,-100.0,-4.872014274288883,0.2976281414100299,0.0,0.0,0.04567044208989568,-0.04910594011559155,,-0.9014312995060225,-100.0,-4.872014274288883,0.2976281414100299,0.0,0.0,0.04567044208989568,-0.04910594011559155,,-10.524752593291595,-100.0,-61.277773546907746,1.8480514789244396,-0.5673758865248346,0.0,-0.009134088417961372,0.009820325746414227,,-10.524752593291595,-100.0,-61.277773546907746,1.8480514789244396,-0.5673758865248346,0.0,-0.009134088417961372,0.009820325746414227,,-10.524752593291595,-100.0,-61.277773546907746,1.8480514789244396,-0.5673758865248346,0.0,-0.009134088417961372,0.009820325746414227,,-10.524752593291595,-100.0,-61.277773546907746,1.8480514789244396,-0.5673758865248346,0.0,-0.009134088417961372,0.009820325746414227,,-0.9014312995060225,-1142299.576018413,-61738.48015845008,0.0,1205467.990977381,8358395.460989773,0.14422241644386533,-0.5673758865248346,False,False,falling,falling,sell_only,accelerating,neutral,True,True,False,🔴 1차 급등 완료·상승분 반납 / 신규매수 금지,S3,🔴 1차 급등 완료·반납,당일/5D 급등 후 상승분 상당 부분 반납,S3,False,,,2026-09-04T15:10:00Z,33889285661-1
KRW-MASK,마스크네트워크,590.0,593.8666666666667,543.42,591.275,0.4850535815002832,-9.283181823758182,-0.4383183233971836,-0.950390582981963,-1.1250110372424653,,,,,False,False,True,False,-86.00724458496657,3.1468531468531458,8.0,B급,0.1697792869269854,0.08708298569622741,0.0,0.011280315848849476,-0.009859647108993841,False,False,False,False,2026-09-05T00:34:54.830847+09:00,1788536094,742041.2943774,305185.6367784,2.431442390967461,9,0.0,complete,1788535268625,1788536482161,56881.74932743,30710.74546852,0.2987813501587817,608.0,610.0,0.328947368421062,-2.960526315789469,3.278688524590164,999.9999999999729,complete_hourly_ordered,/v1/candles/minutes/60,120,False,9.171075837742503,567.0,2026-08-31T08:00:00,619.0,2026-09-02T04:00:00,D-3,4.523424878836835,53.84615384615385,False,True,2.135260799861688,2037.5019822423294,160.37579193491553,0.08708298569622741,0.1697792869269854,0.0,0.011280315848849476,-0.009859647108993841,,2.135260799861688,2037.5019822423294,160.37579193491553,0.08708298569622741,0.1697792869269854,0.0,0.011280315848849476,-0.009859647108993841,,,94.56895003577284,,0.47617323601167527,-0.6734006734006703,0.0,-0.0451212633953757,0.03943580938746838,,,94.56895003577284,,0.47617323601167527,-0.6734006734006703,0.0,-0.0451212633953757,0.03943580938746838,,,94.56895003577284,,0.47617323601167527,-0.6734006734006703,0.0,-0.0451212633953757,0.03943580938746838,,,94.56895003577284,,0.47617323601167527,-0.6734006734006703,0.0,-0.0451212633953757,0.03943580938746838,,2.135260799861688,707325.9443781,187975.9551446,0.1697792869269854,1047226.9311557999,490004.03849130997,2.137180204432891,-0.6734006734006703,False,False,rising,rising,buy_advantage_accelerating,accelerating,leading_buy_inflow,False,False,False,pass,S0,🌱 초발사 준비,발사 구조 관찰 또는 초기 준비,S0,False,,,2026-09-04T15:10:00Z,33889285661-1
KRW-COMP,컴파운드,26970.0,26658.0,24853.2,26416.5,0.27081922816520887,-7.261841533484619,-0.9142013514280848,-0.3304713832093502,-0.6957312357364399,,,,,False,False,False,False,147.5858227842263,7.493025109605411,9.0,B급,1.2007504690431547,0.013930922905984744,0.0,0.08024273427118533,-0.07057774511067871,False,False,False,False,2026-09-05T00:34:54.830847+09:00,1788536094,55477.28999999999,0.0,,2,0.0,complete,1788535958085,1788535964713,924.98559267,984.92955267,-0.03138566660736592,27270.0,27780.0,1.8701870187018743,-1.1001100110010986,2.915766738660907,158.8235294117645,complete_hourly_ordered,/v1/candles/minutes/60,120,False,19.291180024164323,24830.0,2026-08-31T08:00:00,29620.0,2026-09-03T17:00:00,D-2,8.94665766374072,55.32359081419629,False,False,,-75.15415801042302,-100.0,0.013930922905984744,1.2007504690431547,0.0,0.08024273427118533,-0.07057774511067871,,,-75.15415801042302,-100.0,0.013930922905984744,1.2007504690431547,0.0,0.08024273427118533,-0.07057774511067871,,,-81.76398331455249,,3.599026118684833,0.4843517138599207,0.0,0.0325986107976739,-0.028670490346339284,,,-81.76398331455249,,3.599026118684833,0.4843517138599207,0.0,0.0325986107976739,-0.028670490346339284,,,-81.76398331455249,,3.599026118684833,0.4843517138599207,0.0,0.0325986107976739,-0.028670490346339284,,,-81.76398331455249,,3.599026118684833,0.4843517138599207,0.0,0.0325986107976739,-0.028670490346339284,,,-167808.7231014,-94242.56736740001,1.2007504690431547,55477.28999999999,4380576.021349799,0.012664382430442475,0.4843517138599207,False,False,falling,falling,buy_only,accelerating,neutral,False,True,False,pass,S0,🌱 초발사 준비,발사 구조 관찰 또는 초기 준비,S3,True,발사 구조 관찰 또는 초기 준비,2026-09-05T00:34:54.830847+09:00,2026-09-04T15:10:00Z,33889285661-1
KRW-ZETA,제타체인,46.2,45.88666666666666,43.94,55.39416666666667,0.5551497443389231,-4.430283720224546,17.16335955952042,-1.1799941660182647,-1.2819760680937535,,,13.38820590078693,,False,False,False,False,61.406772879137186,2.666666666666684,11.0,A급,-0.21598272138227959,0.0897401484307565,0.0,-0.014609203798388037,0.010788629532758165,False,False,False,False,2026-09-05T00:34:54.830847+09:00,1788536094,1402515.8229697482,69987.452375148,20.039532450073445,10,0.0,complete,1788535309990,1788536448353,826142.11298869,1399576.15335515,-0.2576399938112711,47.2,48.3,2.330508474576254,-2.1186440677966045,4.347826086956511,190.90909090909133,complete_hourly_ordered,/v1/candles/minutes/60,120,False,9.523809523809511,44.1,2026-09-02T10:00:00,48.3,2026-09-04T09:00:00,D-1,4.347826086956507,49.99999999999988,False,False,-798.3699888133216,-71.60905239881292,1059.479238968796,0.0897401484307565,-0.21598272138227959,0.0,-0.014609203798388037,0.010788629532758165,0.03089764355747704,-798.3699888133216,-71.60905239881292,1059.479238968796,0.0897401484307565,-0.21598272138227959,0.0,-0.014609203798388037,0.010788629532758165,0.03089764355747704,10.115450408406625,-87.3071091156462,-93.7141602082742,2.1544011958602596,0.43478260869564966,0.0,0.029218407596776075,-0.02157823290033889,-0.06211118116603842,10.115450408406625,-87.3071091156462,-93.7141602082742,2.1544011958602596,0.43478260869564966,0.0,0.029218407596776075,-0.02157823290033889,-0.06211118116603842,10.115450408406625,-87.3071091156462,-93.7141602082742,2.1544011958602596,0.43478260869564966,0.0,0.029218407596776075,-0.02157823290033889,-0.06211118116603842,10.115450408406625,-87.3071091156462,-93.7141602082742,2.1544011958602596,0.43478260869564966,0.0,0.029218407596776075,-0.02157823290033889,-0.06211118116603842,-798.3699888133216,-3537494.7841827455,63951.341505462,-0.21598272138227959,1472503.2753448961,3530705.6581848375,0.41705636716880023,0.43478260869564966,False,True,falling,rising,buy_advantage_weakening,accelerating,neutral,False,False,False,pass,S0,🌱 초발사 준비,발사 구조 관찰 또는 초기 준비,S1,True,발사 구조 관찰 또는 초기 준비,2026-09-05T00:34:54.830847+09:00,2026-09-04T15:10:00Z,33889285661-1
KRW-RED,레드스톤,167.0,156.4,139.34,155.98333333333332,0.9466437177280573,-12.243433328548875,-0.2671225558286263,-1.412276858793789,-1.5402652612557297,,,,,False,False,True,False,122.97991708666491,11.333333333333329,10.0,A급,-0.5952380952380931,0.5551441691662404,1.0,-0.043029259896720795,0.03738088986825555,False,False,False,False,2026-09-05T00:34:54.830847+09:00,1788536094,5915147.999999731,818020.63572167,7.231049855828269,5,0.0,complete,1788535720868,1788536167872,853713.72673373,1432242.83040755,-0.2530796579954712,168.0,172.0,2.3809523809523725,-0.5952380952380931,2.9069767441860463,125.0,complete_hourly_ordered,/v1/candles/minutes/60,120,False,22.377622377622373,143.0,2026-09-01T08:00:00,175.0,2026-09-03T13:00:00,D-2,4.571428571428571,24.999999999999936,False,True,6.6146901324042515,-50.71018811896242,-95.79863845163071,0.5551441691662404,-0.5952380952380931,1.0,-0.043029259896720795,0.03738088986825555,,6.6146901324042515,-50.71018811896242,-95.79863845163071,0.5551441691662404,-0.5952380952380931,1.0,-0.043029259896720795,0.03738088986825555,,,208.97714148708212,,2.110092860889168,1.21212121212122,0.0,0.0860585197934638,-0.07477376335159402,,,208.97714148708212,,2.110092860889168,1.21212121212122,0.0,0.0860585197934638,-0.07477376335159402,,,208.97714148708212,,2.110092860889168,1.21212121212122,0.0,0.0860585197934638,-0.07477376335159402,,,208.97714148708212,,2.110092860889168,1.21212121212122,0.0,0.0860585197934638,-0.07477376335159402,,6.6146901324042515,-6085603.827327418,-18652349.298024595,-0.5952380952380931,6733168.6357214,21736741.328633547,0.3097597994991033,1.21212121212122,False,True,falling,falling,buy_advantage_accelerating,accelerating,neutral,False,False,False,pass,S1,⚡ 선행 시동,가격 미급등 상태에서 선행조건 5개 개선,S0,True,가격 미급등 상태에서 선행조건 5개 개선,2026-09-05T00:34:54.830847+09:00,2026-09-04T15:10:00Z,33889285661-1
KRW-TIA,셀레스티아,477.0,492.0,479.56,539.75,0.06779661016949046,-2.594044540829093,8.846688281611858,-1.127786841121525,-0.6898621866442267,,,12.823848665551283,,False,False,False,False,87.20268700549619,5.764966740576494,12.0,A급,0.42105263157894424,0.06682730640129364,0.0,0.027118644067791742,-0.02188879348695849,False,False,False,False,2026-09-05T00:34:54.830847+09:00,1788536094,0.0,0.0,,0,0.0,complete,,,172998.05106612,87444.84222522,0.3284912395178984,501.0,502.0,0.1996007984031989,-4.790419161676651,4.9800796812749,2499.9999999999386,complete_hourly_ordered,/v1/candles/minutes/60,120,False,15.470852017937208,446.0,2026-08-31T08:00:00,515.0,2026-09-03T19:00:00,D-2,7.37864077669903,55.07246376811585,False,False,,-100.0,-100.0,0.06682730640129364,0.42105263157894424,0.0,0.027118644067791742,-0.02188879348695849,-0.11382973169838628,,-100.0,-100.0,0.06682730640129364,0.42105263157894424,0.0,0.027118644067791742,-0.02188879348695849,-0.11382973169838628,,-100.0,-100.0,2.913698910913652,-1.0373443983402453,0.0,-0.06779661016949046,0.05471607011051027,0.2783228988521369,,-100.0,-100.0,2.913698910913652,-1.0373443983402453,0.0,-0.06779661016949046,0.05471607011051027,0.2783228988521369,,-100.0,-100.0,2.913698910913652,-1.0373443983402453,0.0,-0.06779661016949046,0.05471607011051027,0.2783228988521369,,-100.0,-100.0,2.913698910913652,-1.0373443983402453,0.0,-0.06779661016949046,0.05471607011051027,0.2783228988521369,,-73658.7628,-5845192.875657882,0.42105263157894424,0,1477758.94341227,0.0,-1.0373443983402453,False,False,falling,falling,unavailable,accelerating,neutral,False,False,False,pass,S0,🌱 초발사 준비,발사 구조 관찰 또는 초기 준비,S0,False,,,2026-09-04T15:10:00Z,33889285661-1
KRW-ADA,에이다,293.0,291.26666666666665,265.86,282.125,0.4136980004596502,-9.556408134607175,-3.240289469797661,-0.41895845927584413,-1.0412187675045332,,,,,False,False,False,False,19.35963830167522,8.921933085501866,8.0,B급,1.384083044982698,0.6257931945652828,1.0,0.06894966674326763,-0.0617475815783628,False,False,False,False,2026-09-05T00:34:54.830847+09:00,1788536094,140369413.6498793,15862852.187806211,8.848939143351622,108,0.0,complete,1788535198579,1788536534038,7825355.54836369,4516565.1024904,0.2680936411339117,302.0,310.0,2.6490066225165476,-2.98013245033113,5.483870967741936,212.50000000000054,complete_hourly_ordered,/v1/candles/minutes/60,120,False,17.42424242424243,264.0,2026-09-02T19:00:00,310.0,2026-09-04T13:00:00,D-1,5.8064516129032295,39.130434782608766,False,False,7.790126830839225,-66.48958708161848,-95.990339946906,0.6257931945652828,1.384083044982698,1.0,0.06894966674326763,-0.0617475815783628,,7.790126830839225,-66.48958708161848,-95.990339946906,0.6257931945652828,1.384083044982698,1.0,0.06894966674326763,-0.0617475815783628,,8.086700945499393,71.18238147250715,-85.25453188863999,5.452711989642566,0.0,0.0,-0.02298322224776328,0.020580095419726163,,8.086700945499393,71.18238147250715,-85.25453188863999,5.452711989642566,0.0,0.0,-0.02298322224776328,0.020580095419726163,,8.086700945499393,71.18238147250715,-85.25453188863999,5.452711989642566,0.0,0.0,-0.02298322224776328,0.020580095419726163,,8.086700945499393,71.18238147250715,-85.25453188863999,5.452711989642566,0.0,0.0,-0.02298322224776328,0.020580095419726163,,7.790126830839225,-278513558.61240005,-379753034.8888515,1.384083044982698,156232265.83768553,189577732.23014784,0.8241066289790785,0.0,False,False,falling,falling,buy_advantage_accelerating,accelerating,neutral,False,False,False,pass,S0,🌱 초발사 준비,발사 구조 관찰 또는 초기 준비,S0,False,,,2026-09-04T15:10:00Z,33889285661-1
KRW-ELF,엘프,88.8,88.83333333333333,86.318,95.05333333333333,0.6571989726544825,-2.9140310634321125,6.543694767849627,-0.8826933454133318,-0.9667472470713546,,,6.768775176420692,,False,False,False,False,-20.226744960230935,0.9090909090909038,12.0,A급,1.0238907849829282,6.124247459570487,0.0,0.06798610061944377,-0.05575286706336158,False,False,False,False,2026-09-05T00:34:54.830847+09:00,1788536094,5423567.179107885,22863432.11792647,0.23721579293668,123,0.0,complete,1788535200716,1788536337343,1047968.26120881,962078.43074141,0.04273026632235423,89.3,90.5,1.3437849944009095,-0.5599104143337086,1.8784530386740363,141.66666666666637,complete_hourly_ordered,/v1/candles/minutes/60,120,False,6.62790697674418,86.0,2026-09-01T18:00:00,91.7,2026-09-03T00:00:00,D-2,3.4896401308615044,56.140350877192866,False,True,-2.2194507298167,-91.93684566810853,-16.495942071449054,6.124247459570487,1.0238907849829282,0.0,0.06798610061944377,-0.05575286706336158,-0.13732633777332204,-2.2194507298167,-91.93684566810853,-16.495942071449054,6.124247459570487,1.0238907849829282,0.0,0.06798610061944377,-0.05575286706336158,-0.13732633777332204,-16.467568067758858,153.69468740922483,17765.230924608146,7.012755076769906,0.22573363431150906,0.0,0.015108022359888729,-0.012388765667249224,-0.030240632679520374,-16.467568067758858,153.69468740922483,17765.230924608146,7.012755076769906,0.22573363431150906,0.0,0.015108022359888729,-0.012388765667249224,-0.030240632679520374,-16.467568067758858,153.69468740922483,17765.230924608146,7.012755076769906,0.22573363431150906,0.0,0.015108022359888729,-0.012388765667249224,-0.030240632679520374,-16.467568067758858,153.69468740922483,17765.230924608146,7.012755076769906,0.22573363431150906,0.0,0.015108022359888729,-0.012388765667249224,-0.030240632679520374,-2.2194507298167,-61840024.16325966,-4516593.098918967,1.0238907849829282,28286999.297034357,1498982.823182854,18.87079615560328,0.22573363431150906,False,True,falling,falling,sell_advantage_accelerating,accelerating,neutral,False,False,False,pass,S1,⚡ 선행 시동,가격 미급등 상태에서 선행조건 5개 개선,S1,False,,,2026-09-04T15:10:00Z,33889285661-1
KRW-SOON,쑨,256.0,271.1333333333333,282.12,263.34166666666664,-0.5136986301369939,3.894323928352006,-2.958767127622551,0.505091839346318,0.46337066335189403,,,,6.385313878568953,False,False,False,False,-42.685391020898656,-6.909090909090909,0.0,-,0.39215686274509665,0.0032837532716953888,0.0,0.024461839530331986,-0.022058266863051568,False,False,False,False,2026-09-05T00:34:54.830847+09:00,1788536094,5130.43478016,0.0,,1,0.0,complete,1788535204646,1788535204646,422846.83377667,665342.53363879,-0.22284329099637082,263.0,264.0,0.3802281368821214,-2.6615969581749055,3.0303030303030303,800.0000000000146,complete_hourly_ordered,/v1/candles/minutes/60,120,False,6.827309236947787,249.0,2026-09-02T10:00:00,266.0,2026-09-04T00:00:00,D-1,3.759398496240607,58.82352941176482,True,False,,-99.6926042672163,-100.0,0.0032837532716953888,0.39215686274509665,0.0,0.024461839530331986,-0.022058266863051568,,,-99.6926042672163,-100.0,0.0032837532716953888,0.39215686274509665,0.0,0.024461839530331986,-0.022058266863051568,,,-85.16983696413388,-100.0,0.41745165119152716,0.0,0.0,0.0,0.0,,,-85.16983696413388,-100.0,0.41745165119152716,0.0,0.0,0.0,0.0,,,-85.16983696413388,-100.0,0.41745165119152716,0.0,0.0,0.0,0.0,,,-85.16983696413388,-100.0,0.41745165119152716,0.0,0.0,0.0,0.0,,,-1663869.56521984,-5122135.745264949,0.39215686274509665,5130.43478016,1277601.568801925,0.00401567664398775,0.0,False,False,falling,falling,buy_only,accelerating,neutral,False,False,False,pass,S0,🌱 초발사 준비,발사 구조 관찰 또는 초기 준비,S0,False,,,2026-09-04T15:10:00Z,33889285661-1
KRW-STEEM,스팀,61.2,60.833333333333336,55.611999999999995,64.23,0.8621642533436447,-9.38886091730803,5.288286885671288,-1.1272167094751109,-1.3254721833093615,,,3.9897381116424504,,False,False,False,False,27.762517512989838,2.680067001675024,13.0,A급,0.16339869281045694,0.849998099516025,0.0,0.02210677572676012,-0.01830158774385815,False,False,False,False,2026-09-05T00:34:54.830847+09:00,1788536094,21986572.545383096,1692995.4303001198,12.986787886063876,53,0.0,complete,1788535206176,1788536056029,793913.9356514,983865.59070907,-0.10684770087691661,60.9,63.1,3.6124794745484357,0.49261083743843415,3.011093502377177,86.36363636363605,complete_hourly_ordered,/v1/candles/minutes/60,120,False,8.762886597938135,58.2,2026-09-03T08:00:00,63.3,2026-09-03T13:00:00,D-2,3.3175355450236865,41.17647058823518,False,True,6.491158677056526,704.4658894079049,302.37140813669265,0.849998099516025,0.0,0.0,0.02210677572676012,-0.01830158774385815,-0.02489408441644736,6.491158677056526,704.4658894079049,302.37140813669265,0.849998099516025,0.0,0.0,0.02210677572676012,-0.01830158774385815,-0.02489408441644736,12.652868570996525,3046.596282174062,-19.093983473422828,1.4243099732216287,0.3278688524590123,0.0,0.03316016359014018,-0.027452737802561522,-0.037393387394000666,12.652868570996525,3046.596282174062,-19.093983473422828,1.4243099732216287,0.3278688524590123,0.0,0.03316016359014018,-0.027452737802561522,-0.037393387394000666,12.652868570996525,3046.596282174062,-19.093983473422828,1.4243099732216287,0.3278688524590123,0.0,0.03316016359014018,-0.027452737802561522,-0.037393387394000666,12.652868570996525,3046.596282174062,-19.093983473422828,1.4243099732216287,0.3278688524590123,0.0,0.03316016359014018,-0.027452737802561522,-0.037393387394000666,6.491158677056526,19253507.932591937,1272241.0237829997,0.0,23679567.975683216,6831453.402731034,3.4662562385650983,0.3278688524590123,False,False,rising,rising,buy_advantage_accelerating,accelerating,leading_buy_inflow,False,False,False,pass,S1,⚡ 선행 시동,가격 미급등 상태에서 선행조건 6개 개선,S1,False,,,2026-09-04T15:10:00Z,33889285661-1
KRW-ELSA,헤이엘사,69.1,63.18,68.98,76.225,0.7227122967371713,8.408234270803137,17.113807805837975,-0.8709590206728602,-0.8134983798385591,9.653995275584087,,,,False,False,False,False,351.61939903411127,9.335443037974667,8.0,B급,1.171303074670571,8.422523306346136,0.0,0.08502497608673387,-0.06272452452873623,False,True,False,False,2026-09-05T00:34:54.830847+09:00,1788536094,52804339.42239903,76124253.66846323,0.6936598636798829,198,0.0,complete,1788535200578,1788536459296,1158349.63342202,1306491.51891874,-0.06010200103809361,64.8,73.0,12.654320987654334,6.635802469135799,5.342465753424666,47.56097560975618,complete_hourly_ordered,/v1/candles/minutes/60,120,False,19.08646003262644,61.3,2026-09-02T10:00:00,73.0,2026-09-04T20:00:00,D-1,6.164383561643838,38.46153846153843,False,True,0.026694873734060653,78.72878481144569,71.85056885431563,8.422523306346136,1.171303074670571,0.0,0.08502497608673387,-0.06272452452873623,,0.026694873734060653,78.72878481144569,71.85056885431563,8.422523306346136,1.171303074670571,0.0,0.08502497608673387,-0.06272452452873623,,0.12811941241601188,229.55909318036908,168.6893217182739,14.735017413781634,3.2884902840059516,0.0,0.23381868423850705,-0.1725188497477106,,0.12811941241601188,229.55909318036908,168.6893217182739,14.735017413781634,3.2884902840059516,0.0,0.23381868423850705,-0.1725188497477106,,0.12811941241601188,229.55909318036908,168.6893217182739,14.735017413781634,3.2884902840059516,0.0,0.23381868423850705,-0.1725188497477106,,0.12811941241601188,229.55909318036908,168.6893217182739,14.735017413781634,3.2884902840059516,0.0,0.23381868423850705,-0.1725188497477106,,0.026694873734060653,23259943.71797668,31827482.248988494,1.171303074670571,128928593.09086226,4024104.3748685755,32.03907778735808,3.2884902840059516,False,False,rising,rising,sell_advantage_weakening,accelerating,neutral,False,False,False,pass,S0,🌱 초발사 준비,발사 구조 관찰 또는 초기 준비,S0,False,,,2026-09-04T15:10:00Z,33889285661-1
KRW-SPK,스파크,27.4,26.7,23.636,29.2925,1.520912547528508,-12.963276358097817,8.850388324656485,-2.0526440795015697,-2.4338374707777004,,,3.6363924998773487,,False,False,False,False,125.20393301014421,5.405405405405417,14.0,A급,1.486988847583648,0.6296631546736506,0.0,0.07604562737641984,-0.06050276445243519,True,False,False,True,2026-09-05T00:34:54.830847+09:00,1788536094,16478355.713794742,3837462.421288057,4.2940761119593525,22,0.0,complete,1788535211937,1788536546466,4195523.69164009,8712044.29520103,-0.34991259454650153,27.9,28.9,3.584229390680993,-1.7921146953404965,5.190311418685122,150.00000000000003,complete_hourly_ordered,/v1/candles/minutes/60,120,False,29.01960784313724,25.5,2026-08-31T08:00:00,32.9,2026-09-03T20:00:00,D-2,15.805471124620063,70.27027027027029,False,True,4.143817358248621,174.35385613090594,-90.39978160071483,0.6296631546736506,1.8587360594795488,0.0,0.07604562737641984,-0.06050276445243519,-0.04315296325372264,4.143817358248621,174.35385613090594,-90.39978160071483,0.6296631546736506,1.8587360594795488,0.0,0.07604562737641984,-0.06050276445243519,-0.04315296325372264,4.12285967610257,1644.3059620978836,-30.449800588685594,2.4055546189618155,1.4814814814814836,0.0,0.07604562737641984,-0.06050276445243519,-0.04315296325372264,4.12285967610257,1644.3059620978836,-30.449800588685594,2.4055546189618155,1.4814814814814836,0.0,0.07604562737641984,-0.06050276445243519,-0.04315296325372264,4.12285967610257,1644.3059620978836,-30.449800588685594,2.4055546189618155,1.4814814814814836,0.0,0.07604562737641984,-0.06050276445243519,-0.04315296325372264,4.12285967610257,1644.3059620978836,-30.449800588685594,2.4055546189618155,1.4814814814814836,0.0,0.07604562737641984,-0.06050276445243519,-0.04315296325372264,4.143817358248621,10472114.013320077,-36135195.092147216,1.8587360594795488,20315818.1350828,16492376.259460436,1.231830866302795,1.4814814814814836,False,True,rising,falling,buy_advantage_accelerating,accelerating,neutral,True,True,False,🔴 1차 급등 완료·상승분 반납 / 신규매수 금지,S3,🔴 1차 급등 완료·반납,당일/5D 급등 후 상승분 상당 부분 반납,S3,False,,,2026-09-04T15:10:00Z,33889285661-1
KRW-SOPH,소폰,5.5,5.389333333333334,5.6448,7.8105,0.6474103585657254,4.525699168556301,30.99886904380854,-1.4760505422042107,-1.31292567386473,3.0660868575665434,,,,False,False,False,False,686.4612644239971,1.2891344383057168,8.0,B급,-0.36231884057970065,0.08138362898500873,0.0,-0.02490039840636893,0.015598302941349118,False,True,False,False,2026-09-05T00:34:54.830847+09:00,1788536094,3463877.5223693848,1454580.6719470278,2.3813581392724092,46,0.0,complete,1788535357586,1788536198586,17728443.80643136,15732094.31098426,0.05966280304404418,5.74,5.75,0.17421602787455193,-4.181184668989546,4.3478260869565215,2500.0000000001723,complete_hourly_ordered,/v1/candles/minutes/60,120,False,47.27954971857411,5.33,2026-08-31T08:00:00,7.85,2026-09-02T10:00:00,D-3,29.93630573248407,93.25396825396824,False,True,1.6500133320958015,-38.04003807813645,-80.97132234874157,0.08138362898500873,-0.36231884057970065,0.0,-0.02490039840636893,0.015598302941349118,,1.6500133320958015,-38.04003807813645,-80.97132234874157,0.08138362898500873,-0.36231884057970065,0.0,-0.02490039840636893,0.015598302941349118,,,346.5880645266612,,0.43490259805014375,0.0,0.0,0.0,0.0,,,346.5880645266612,,0.43490259805014375,0.0,0.0,0.0,0.0,,,346.5880645266612,,0.43490259805014375,0.0,0.0,0.0,0.0,,,346.5880645266612,,0.43490259805014375,0.0,0.0,0.0,0.0,,1.6500133320958015,-2126631.921031517,-6189569.376760279,-0.36231884057970065,4918458.194316412,20330683.64550801,0.24192291218909048,0.0,False,True,falling,falling,buy_advantage_accelerating,accelerating,neutral,True,True,False,🔴 1차 급등 완료·상승분 반납 / 신규매수 금지,S3,🔴 1차 급등 완료·반납,당일/5D 급등 후 상승분 상당 부분 반납,S3,False,,,2026-09-04T15:10:00Z,33889285661-1
KRW-MED,메디블록,2.02,1.9993333333333332,1.9294,2.311,0.5026809651474506,-3.624615597249569,13.486225299293238,-0.9863266306379691,-1.1424076649613162,,,11.805089998017392,,False,False,False,False,250.77094683263525,2.020202020202011,13.0,A급,0.4975124378109541,0.0010374618569528593,0.0,0.03351206434316634,-0.025728831462952684,False,False,False,False,2026-09-05T00:34:54.830847+09:00,1788536094,2007000.4997501238,0.0,,3,0.0,complete,1788535572627,1788536104313,58296635.30675189,62234867.6690556,-0.03267388413047645,2.06,2.07,0.4854368932038833,-1.9417475728155331,2.4154589371980593,500.0,complete_hourly_ordered,/v1/candles/minutes/60,120,False,14.583333333333348,1.92,2026-09-01T01:00:00,2.2,2026-09-02T14:00:00,D-3,7.727272727272738,60.71428571428585,False,True,,6590.001665834974,-100.0,0.0010374618569528593,0.4975124378109541,0.0,0.03351206434316634,-0.025728831462952684,-0.07603795199415053,,6590.001665834974,-100.0,0.0010374618569528593,0.4975124378109541,0.0,0.03351206434316634,-0.025728831462952684,-0.07603795199415053,,194.28364033919024,-100.0,0.838256474482165,1.0000000000000009,0.0,0.06702412868633267,-0.051459518593533815,-0.1527726882399012,,194.28364033919024,-100.0,0.838256474482165,1.0000000000000009,0.0,0.06702412868633267,-0.051459518593533815,-0.1527726882399012,,194.28364033919024,-100.0,0.838256474482165,1.0000000000000009,0.0,0.06702412868633267,-0.051459518593533815,-0.1527726882399012,,194.28364033919024,-100.0,0.838256474482165,1.0000000000000009,0.0,0.06702412868633267,-0.051459518593533815,-0.1527726882399012,,1977000.4997501294,-1206757.4003425883,0.4975124378109541,2007000.4997501238,1266215.2386328198,1.5850389716657949,1.0000000000000009,False,True,rising,falling,buy_only,accelerating,neutral,False,False,False,pass,S1,⚡ 선행 시동,가격 미급등 상태에서 선행조건 6개 개선,S1,False,,,2026-09-04T15:10:00Z,33889285661-1
KRW-1INCH,1인치네트워크,124.0,124.06666666666666,119.56,119.13333333333334,0.10758472296932275,-3.769376603100252,-4.141018466703964,0.02625842950297099,-0.36068583978505947,,,,,False,False,False,False,449.61297260206845,1.6393442622950838,7.0,B급,0.0,0.643405972954838,0.0,0.0,0.0,False,True,False,False,2026-09-05T00:34:54.830847+09:00,1788536094,1012824.98128057,367016.12903325004,2.7596198127543667,29,0.0,complete,1788535339985,1788536515663,1410214.35388955,1475659.31075993,-0.022677692953800472,126.0,129.0,2.3809523809523725,-1.5873015873015928,3.875968992248062,166.66666666666714,complete_hourly_ordered,/v1/candles/minutes/60,120,False,8.403361344537807,119.0,2026-09-02T19:00:00,129.0,2026-09-04T18:00:00,D-1,3.100775193798455,39.999999999999886,True,True,,1298.9295321601207,,0.643405972954838,0.0,0.0,0.0,0.0,,,1298.9295321601207,,0.643405972954838,0.0,0.0,0.0,0.0,,2.724868639945386,19643.42705377327,148.62382934639774,6.156274906712099,0.0,0.0,0.0,0.0,,2.724868639945386,19643.42705377327,148.62382934639774,6.156274906712099,0.0,0.0,0.0,0.0,,2.724868639945386,19643.42705377327,148.62382934639774,6.156274906712099,0.0,0.0,0.0,0.0,,2.724868639945386,19643.42705377327,148.62382934639774,6.156274906712099,0.0,0.0,0.0,0.0,,,940424.9812808101,367016.12903325004,0.0,1379841.1103138202,3426776.7196375458,0.4026644346001532,0.0,False,True,rising,rising,buy_advantage_weakening,accelerating,neutral,False,False,False,pass,S0,🌱 초발사 준비,발사 구조 관찰 또는 초기 준비,S0,False,,,2026-09-04T15:10:00Z,33889285661-1
KRW-KAT,카타나,6.16,6.313999999999999,6.44,8.35275,-0.2527646129542038,1.9565217391304537,24.408129059291863,-0.34845582608474024,-0.5999496077571294,5.614834342458809,,,,False,False,False,False,172.97288613915063,-0.3236245954692518,7.0,B급,0.6535947712418277,0.02046811928099146,0.0,0.0421274354923451,-0.028910120985297993,False,False,False,False,2026-09-05T00:34:54.830847+09:00,1788536094,47982.292869830395,0.0,,5,0.0,complete,1788535568374,1788536229598,15370798.32821713,9555068.73076488,0.23332105493824967,6.18,6.32,2.265372168284796,-0.3236245954692518,2.531645569620255,114.28571428571408,complete_hourly_ordered,/v1/candles/minutes/60,120,False,10.327868852459021,6.1,2026-08-31T08:00:00,6.73,2026-08-31T12:00:00,D-4,8.17236255572067,87.30158730158725,True,False,,-84.6887707758983,-100.0,0.02046811928099146,0.6535947712418277,0.0,0.0421274354923451,-0.028910120985297993,,,-84.6887707758983,-100.0,0.02046811928099146,0.6535947712418277,0.0,0.0421274354923451,-0.028910120985297993,,,-99.21713222151077,-100.0,1.5629147566756671,0.4893964110929794,0.0,0.03159557661924772,-0.021682374410609384,,,-99.21713222151077,-100.0,1.5629147566756671,0.4893964110929794,0.0,0.03159557661924772,-0.021682374410609384,,,-99.21713222151077,-100.0,1.5629147566756671,0.4893964110929794,0.0,0.03159557661924772,-0.021682374410609384,,,-99.21713222151077,-100.0,1.5629147566756671,0.4893964110929794,0.0,0.03159557661924772,-0.021682374410609384,,,-265397.46369668073,-4620645.334523099,0.6535947712418277,47982.292869830395,4816517.869229617,0.009962029452099796,0.4893964110929794,False,False,falling,falling,buy_only,accelerating,neutral,False,False,False,pass,S0,🌱 초발사 준비,발사 구조 관찰 또는 초기 준비,S0,False,,,2026-09-04T15:10:00Z,33889285661-1
KRW-MEW,캣인어독스월드,0.564,0.5795999999999999,0.5149,0.6002500000000001,0.3926096997690198,-12.565546708098635,3.4402332361516312,-1.0708209736110192,-1.4974193604822585,,,2.297441402816957,,False,False,False,False,-30.794388582364217,-0.1769911504424737,11.0,A급,0.3558718861209842,0.06172360305876268,0.0,0.023094688221680926,-0.01953241054132837,False,False,False,False,2026-09-05T00:34:54.830847+09:00,1788536094,2035300.1218299717,0.0,,12,0.0,complete,1788535497968,1788536433812,115556572.91497907,30338679.49239096,0.5841032659831997,0.584,0.585,0.1712328767123239,-3.424657534246578,3.589743589743593,2100.000000000058,complete_hourly_ordered,/v1/candles/minutes/60,120,False,10.275229357798143,0.545,2026-09-02T10:00:00,0.601,2026-09-04T01:00:00,D-1,5.9900166389351135,64.28571428571442,False,False,,1710.220733880271,-100.0,0.06172360305876268,0.3558718861209842,0.0,0.023094688221680926,-0.01953241054132837,-0.01908743117585887,,1710.220733880271,-100.0,0.06172360305876268,0.3558718861209842,0.0,0.023094688221680926,-0.01953241054132837,-0.01908743117585887,,-47.83784523903621,-100.0,0.5168843499361202,0.0,0.0,0.011547344110818258,-0.009766069683517564,-0.009531117961569802,,-47.83784523903621,-100.0,0.5168843499361202,0.0,0.0,0.011547344110818258,-0.009766069683517564,-0.009531117961569802,,-47.83784523903621,-100.0,0.5168843499361202,0.0,0.0,0.011547344110818258,-0.009766069683517564,-0.009531117961569802,,-47.83784523903621,-100.0,0.5168843499361202,0.0,0.0,0.011547344110818258,-0.009766069683517564,-0.009531117961569802,,1922866.3128619771,-1099466.831600843,0.3558718861209842,2035300.1218299717,2442636.0194191798,0.8332392160146455,0.0,False,False,rising,falling,buy_only,accelerating,neutral,False,False,False,pass,S0,🌱 초발사 준비,발사 구조 관찰 또는 초기 준비,S0,False,,,2026-09-04T15:10:00Z,33889285661-1
KRW-ORBS,오브스,8.28,8.334666666666667,8.0742,9.331916666666666,0.4741621795387063,-3.2259129903478705,10.686443478027908,-0.9267441006946632,-1.0051715501901854,,,10.631462336957267,,False,False,False,False,-92.6243403106399,-4.055619930475107,10.0,A급,-0.6002400960384291,0.13115940726554243,0.0,-0.040183235554125396,0.031730473063090514,False,False,False,False,2026-09-05T00:34:54.830847+09:00,1788536094,0.0,8613825.188201882,0.0,33,0.0,complete,1788535587325,1788536412141,4103000.18700439,3184829.14327932,0.12598690256229234,8.47,8.5,0.35419126328215533,-2.243211334120443,2.5882352941176547,733.3333333333688,complete_hourly_ordered,/v1/candles/minutes/60,120,False,5.1724137931034475,8.12,2026-09-02T20:00:00,8.54,2026-09-04T08:00:00,D-1,2.927400468384078,59.52380952380951,False,True,0.0,,94.86694459246874,0.13115940726554243,-0.6002400960384291,0.0,-0.040183235554125396,0.031730473063090514,0.0980692125674647,0.0,,94.86694459246874,0.13115940726554243,-0.6002400960384291,0.0,-0.040183235554125396,0.031730473063090514,0.0980692125674647,0.0,,2609.6172087816835,0.1678126939168436,-0.6002400960384291,0.0,-0.040183235554125396,0.031730473063090514,0.0980692125674647,0.0,,2609.6172087816835,0.1678126939168436,-0.6002400960384291,0.0,-0.040183235554125396,0.031730473063090514,0.0980692125674647,0.0,,2609.6172087816835,0.1678126939168436,-0.6002400960384291,0.0,-0.040183235554125396,0.031730473063090514,0.0980692125674647,0.0,,2609.6172087816835,0.1678126939168436,-0.6002400960384291,0.0,-0.040183235554125396,0.031730473063090514,0.0980692125674647,0.0,0.0,4193462.767979078,-0.6002400960384291,8613825.188201882,1381718.8939911006,6.2341372226016345,-0.6002400960384291,False,True,flat_or_na,rising,sell_only,accelerating,neutral,False,False,False,pass,S0,🌱 초발사 준비,발사 구조 관찰 또는 초기 준비,S0,False,,,2026-09-04T15:10:00Z,33889285661-1
KRW-RENDER,렌더토큰,1944.0,2024.0666666666666,1983.88,2358.1666666666665,0.03954001779300498,-2.025660154175983,14.167785709237398,-0.6650118478944484,-0.5946460922018719,,,,,False,False,False,False,-25.278297126278026,-0.3076923076923088,8.0,B급,0.6211180124223503,0.6936026823519796,0.0,0.023065010379252904,-0.017666613068964665,False,False,False,False,2026-09-05T00:34:54.830847+09:00,1788536094,119439.99998601999,423402.63057067996,0.28209555482693555,6,0.0,complete,1788535708183,1788536559377,53168.013185,36805.00298794,0.18186575145606032,2008.0,2025.0,0.8466135458167434,-3.1872509960159334,4.0,476.47058823528914,complete_hourly_ordered,/v1/candles/minutes/60,120,False,6.753926701570689,1910.0,2026-09-02T19:00:00,2039.0,2026-09-04T02:00:00,D-1,4.8553212358999565,76.74418604651156,False,True,-0.20916519845889292,-98.4329034599998,-97.27094945829823,0.6936026823519796,0.6211180124223503,0.0,0.023065010379252904,-0.017666613068964665,,-0.20916519845889292,-98.4329034599998,-97.27094945829823,0.6936026823519796,0.6211180124223503,0.0,0.023065010379252904,-0.017666613068964665,,-0.6179704171053177,-92.96099783711162,-77.54106289600982,2.35222124660719,-0.3076923076923088,0.0,-0.01977000889650249,0.015142115561385339,,-0.6179704171053177,-92.96099783711162,-77.54106289600982,2.35222124660719,-0.3076923076923088,0.0,-0.01977000889650249,0.015142115561385339,,-0.6179704171053177,-92.96099783711162,-77.54106289600982,2.35222124660719,-0.3076923076923088,0.0,-0.01977000889650249,0.015142115561385339,,-0.6179704171053177,-92.96099783711162,-77.54106289600982,2.35222124660719,-0.3076923076923088,0.0,-0.01977000889650249,0.015142115561385339,,-0.20916519845889292,-7502298.47861504,-15091247.028744832,0.6211180124223503,542842.6305566999,7311073.11844941,0.07424937786312692,-0.3076923076923088,False,False,falling,falling,sell_advantage_accelerating,accelerating,neutral,False,False,False,pass,S0,🌱 초발사 준비,발사 구조 관찰 또는 초기 준비,S0,False,,,2026-09-04T15:10:00Z,33889285661-1
KRW-ORCA,오르카,1711.0,1744.8666666666666,1640.28,1783.025,0.45674368619021966,-6.376147161866669,2.140089641667028,-0.7913522452130745,-0.9978053921903568,,,2.144796629099346,,False,False,False,False,-76.35738370171798,-4.679665738161565,11.0,A급,0.765606595995294,0.41582097535358287,0.0,0.04989636907961614,-0.042663338001122764,False,False,False,False,2026-09-05T00:34:54.830847+09:00,1788536094,3164912.2742369296,11525861.711960461,0.2745922477061025,18,0.0,complete,1788535237949,1788535407076,24768.90234258,21016.81826571,0.0819487828742537,1721.0,1752.0,1.801278326554323,-0.5810575246949501,2.3401826484018264,132.25806451612942,complete_hourly_ordered,/v1/candles/minutes/60,120,False,7.272727272727275,1650.0,2026-09-02T10:00:00,1770.0,2026-09-04T04:00:00,D-1,3.3333333333333326,49.16666666666681,True,False,-2.2002510795136665,-74.83795020286188,126.78036819986636,0.41582097535358287,0.765606595995294,0.0,0.04989636907961614,-0.042663338001122764,-0.06162524569002725,-2.2002510795136665,-74.83795020286188,126.78036819986636,0.41582097535358287,0.765606595995294,0.0,0.04989636907961614,-0.042663338001122764,-0.06162524569002725,0.08399106262304418,3184.6079713530776,2179.926607918012,0.47821004157678715,0.0,0.0,0.0,0.0,0.0,0.08399106262304418,3184.6079713530776,2179.926607918012,0.47821004157678715,0.0,0.0,0.0,0.0,0.0,0.08399106262304418,3184.6079713530776,2179.926607918012,0.47821004157678715,0.0,0.0,0.0,0.0,0.0,0.08399106262304418,3184.6079713530776,2179.926607918012,0.47821004157678715,0.0,0.0,0.0,0.0,0.0,-2.2002510795136665,-9413205.56494205,6443472.17204999,0.765606595995294,14690773.98619739,2187308.2328166,6.7163711843575244,0.0,False,False,falling,rising,sell_advantage_accelerating,accelerating,neutral,False,True,False,pass,S1,⚡ 선행 시동,가격 미급등 상태에서 선행조건 3개 개선,S1,False,,,2026-09-04T15:10:00Z,33889285661-1
KRW-BERA,베라체인,240.0,247.4,237.08,343.2083333333333,0.1349163518618468,-4.352961025814068,27.915503217190718,-1.0591698929565772,-1.0643162365987764,,,,,False,False,False,False,213.73645063695164,4.347826086956519,9.0,B급,0.8403361344537785,0.36239040120275945,0.0,0.05396654074474316,-0.035350290324515754,False,False,False,False,2026-09-05T00:34:54.830847+09:00,1788536094,8758391.808806099,5864293.131312,1.4935119395790866,21,0.0,complete,1788535205619,1788536181626,1009282.20550651,530577.47300842,0.31087555520627824,248.0,249.0,0.40322580645162365,-3.2258064516129004,3.614457831325301,899.999999999978,complete_hourly_ordered,/v1/candles/minutes/60,120,False,14.601769911504414,226.0,2026-08-31T08:00:00,259.0,2026-09-01T01:00:00,D-4,7.335907335907333,57.57575757575747,True,True,1.4748210409942768,1844.2671053527085,-75.66802224683208,0.36239040120275945,0.8403361344537785,0.0,0.05396654074474316,-0.035350290324515754,,1.4748210409942768,1844.2671053527085,-75.66802224683208,0.36239040120275945,0.8403361344537785,0.0,0.05396654074474316,-0.035350290324515754,,1.1421899701379954,1028.2878510309747,165.4095353481895,3.1610021206737144,0.0,0.0,0.0,0.0,,1.1421899701379954,1028.2878510309747,165.4095353481895,3.1610021206737144,0.0,0.0,0.0,0.0,,1.1421899701379954,1028.2878510309747,165.4095353481895,3.1610021206737144,0.0,0.0,0.0,0.0,,1.1421899701379954,1028.2878510309747,165.4095353481895,3.1610021206737144,0.0,0.0,0.0,0.0,,1.4748210409942768,8307919.145626559,-18236884.301946558,0.8403361344537785,14622684.940118099,12318194.910886299,1.187080172533655,0.0,False,False,rising,falling,buy_advantage_accelerating,accelerating,neutral,False,False,False,pass,S0,🌱 초발사 준비,발사 구조 관찰 또는 초기 준비,S0,False,,,2026-09-04T15:10:00Z,33889285661-1
KRW-SIGN,사인,13.0,11.593333333333334,10.795399999999999,13.705583333333333,1.7316017316017396,-7.3914198022614706,15.411602327518587,-1.9062295190871847,-2.0028479231826344,,,7.694844001450051,,False,False,False,False,293.32397966216024,6.6115702479338845,13.0,A급,-0.7692307692307665,2.235077012039426,0.0,-0.11700011700011004,0.08698700837482498,False,False,False,True,2026-09-05T00:34:54.830847+09:00,1788536094,14911352.253676578,28631203.947245363,0.5208077271620013,45,0.0,complete,1788535224340,1788536539588,18956904.7885904,34931347.4377111,-0.2964364585816716,12.9,15.1,17.05426356589146,0.7751937984496138,13.90728476821192,95.45454545454545,complete_hourly_ordered,/v1/candles/minutes/60,120,False,30.17241379310345,11.6,2026-08-31T21:00:00,15.1,2026-09-04T19:00:00,D-1,13.907284768211914,59.999999999999964,False,True,-0.9118848190801365,-52.59295055903974,30.412286206862138,2.235077012039426,0.0,0.0,-0.11700011700011004,0.08698700837482498,0.10932202024019855,-0.9118848190801365,-52.59295055903974,30.412286206862138,2.235077012039426,0.0,0.0,-0.11700011700011004,0.08698700837482498,0.10932202024019855,0.10548944907686292,-78.73804649844854,-83.044648809053,13.771087574829778,0.0,0.0,-0.05850005850005502,0.043496148539157176,0.05490070859885776,0.10548944907686292,-78.73804649844854,-83.044648809053,13.771087574829778,0.0,0.0,-0.05850005850005502,0.043496148539157176,0.05490070859885776,0.10548944907686292,-78.73804649844854,-83.044648809053,13.771087574829778,0.0,0.0,-0.05850005850005502,0.043496148539157176,0.05490070859885776,0.10548944907686292,-78.73804649844854,-83.044648809053,13.771087574829778,0.0,0.0,-0.05850005850005502,0.043496148539157176,0.05490070859885776,-0.9118848190801365,-16542518.91003476,6676827.730091963,0.0,43542556.20092194,18429174.153848484,2.362697093066926,0.0,False,False,falling,rising,sell_advantage_accelerating,accelerating,neutral,True,True,False,🔴 1차 급등 완료·상승분 반납 / 신규매수 금지,S3,🔴 1차 급등 완료·반납,당일/5D 급등 후 상승분 상당 부분 반납,S3,False,,,2026-09-04T15:10:00Z,33889285661-1
KRW-VANA,바나,1280.0,1305.0,1383.7,1691.825,-0.040851759178872626,5.687649056876494,22.86436244883484,-0.8694899461156886,-0.4179125981362464,6.5413626486254195,,,,False,False,False,False,636.6980339114638,4.567699836867867,7.0,B급,0.3915426781519127,2.2406843599634385,0.0,0.025532349486800943,-0.017803313132308318,False,True,False,False,2026-09-05T00:34:54.830847+09:00,1788536094,9206151.376258463,8814379.505532721,1.044446902981637,35,0.0,complete,1788535245447,1788536506547,47223.46197748,49831.86850881,-0.026875458753895683,1239.0,1425.0,15.012106537530268,3.3091202582727908,10.175438596491228,77.9569892473119,complete_hourly_ordered,/v1/candles/minutes/60,120,False,18.55241264559069,1202.0,2026-09-03T00:00:00,1425.0,2026-09-04T16:00:00,D-1,9.964912280701753,63.677130044843096,False,False,0.07374958760160222,-73.81601296548502,-75.66489416762987,2.2406843599634385,0.2349256068911565,0.0,0.025532349486800943,-0.017803313132308318,,0.07374958760160222,-73.81601296548502,-75.66489416762987,2.2406843599634385,0.2349256068911565,0.0,0.025532349486800943,-0.017803313132308318,,0.03067124285696532,-42.154387528941605,-43.8530826212865,12.860792236186512,-0.6211180124223614,0.0,-0.030638819384165572,0.021362818247478543,,0.03067124285696532,-42.154387528941605,-43.8530826212865,12.860792236186512,-0.6211180124223614,0.0,-0.030638819384165572,0.021362818247478543,,0.03067124285696532,-42.154387528941605,-43.8530826212865,12.860792236186512,-0.6211180124223614,0.0,-0.030638819384165572,0.021362818247478543,,0.03067124285696532,-42.154387528941605,-43.8530826212865,12.860792236186512,-0.6211180124223614,0.0,-0.030638819384165572,0.021362818247478543,,0.07374958760160222,-25953319.807878517,-27406459.50067366,0.2349256068911565,18020530.88179118,5406210.988375191,3.333301441719566,-0.6211180124223614,False,True,falling,falling,buy_advantage_accelerating,accelerating,neutral,True,True,False,🔴 1차 급등 완료·상승분 반납 / 신규매수 금지,S3,🔴 1차 급등 완료·반납,당일/5D 급등 후 상승분 상당 부분 반납,S3,False,,,2026-09-04T15:10:00Z,33889285661-1
KRW-DOT,폴카닷,1168.0,1207.4,1164.26,1392.5333333333333,-0.005521201413427601,-3.705357909745254,13.294714668709299,-0.6942232379715227,-0.8523346473016785,,,,,False,False,False,False,-14.988804746101813,2.36634531113058,8.0,B급,0.6896551724137945,0.26428998709510054,0.0,0.04416961130743191,-0.03415017545215271,False,False,False,False,2026-09-05T00:34:54.830847+09:00,1788536094,1268999.99999339,4753262.08125288,0.2669745489099778,24,0.0,complete,1788535312915,1788536335335,103540.88656006,52960.90633961,0.3231910592415753,1212.0,1220.0,0.660066006600668,-3.63036303630363,4.2622950819672125,649.9999999999933,complete_hourly_ordered,/v1/candles/minutes/60,120,False,9.236234458259318,1126.0,2026-08-31T08:00:00,1230.0,2026-09-02T13:00:00,D-3,5.040650406504065,59.61538461538467,False,False,0.2502288508806368,30.48433289037571,-91.81550733931935,0.26428998709510054,0.6896551724137945,0.0,0.04416961130743191,-0.03415017545215271,,0.2502288508806368,30.48433289037571,-91.81550733931935,0.26428998709510054,0.6896551724137945,0.0,0.04416961130743191,-0.03415017545215271,,-0.14297914106117915,-79.50298288495283,-68.5257346289255,3.0759145707471944,-0.5957446808510625,0.0,-0.022084805653721507,0.017073861566622384,,-0.14297914106117915,-79.50298288495283,-68.5257346289255,3.0759145707471944,-0.5957446808510625,0.0,-0.022084805653721507,0.017073861566622384,,-0.14297914106117915,-79.50298288495283,-68.5257346289255,3.0759145707471944,-0.5957446808510625,0.0,-0.022084805653721507,0.017073861566622384,,-0.14297914106117915,-79.50298288495283,-68.5257346289255,3.0759145707471944,-0.5957446808510625,0.0,-0.022084805653721507,0.017073861566622384,,0.2502288508806368,296469.45024568983,-53323179.285579376,0.6896551724137945,6022262.08124627,9507504.956161298,0.6334219239447851,-0.5957446808510625,False,False,rising,falling,sell_advantage_weakening,accelerating,neutral,False,False,False,pass,S0,🌱 초발사 준비,발사 구조 관찰 또는 초기 준비,S0,False,,,2026-09-04T15:10:00Z,33889285661-1
KRW-EDGE,디피니티브,92.6,96.18,93.006,108.27,0.1457725947521915,-3.412683052706284,11.1665281241341,-0.4354267575104826,-0.7179985963474609,,,,,False,False,False,False,-43.882620654974794,-3.9419087136929543,7.0,B급,0.0,0.22279203082233323,0.0,-0.013883104262135681,0.010947255023992852,False,False,False,False,2026-09-05T00:34:54.830847+09:00,1788536094,83249.874998738,0.0,,6,0.0,complete,1788535290958,1788535953773,386536.61750158,324216.53678357,0.08768175046748722,94.0,95.1,1.1702127659574346,-1.4893617021276673,2.628811777076762,227.27272727272924,complete_hourly_ordered,/v1/candles/minutes/60,120,False,3.5947712418300526,91.8,2026-09-03T08:00:00,95.1,2026-09-04T20:00:00,D-1,2.628811777076756,75.75757575757596,False,True,,-71.15988358163348,-100.0,0.22279203082233323,0.0,0.0,-0.013883104262135681,0.010947255023992852,,,-71.15988358163348,-100.0,0.22279203082233323,0.0,0.0,-0.013883104262135681,0.010947255023992852,,,-99.25871284875143,-100.0,0.32718489911375315,0.21645021645020357,0.0,0.013883104262113477,-0.010947592064855627,,,-99.25871284875143,-100.0,0.32718489911375315,0.21645021645020357,0.0,0.013883104262113477,-0.010947592064855627,,,-99.25871284875143,-100.0,0.32718489911375315,0.21645021645020357,0.0,0.013883104262113477,-0.010947592064855627,,,-99.25871284875143,-100.0,0.32718489911375315,0.21645021645020357,0.0,0.013883104262113477,-0.010947592064855627,,,-205410.10747526196,-541298.6432575061,0.0,83249.874998738,1070816.991090964,0.0777442604024445,0.21645021645020357,False,False,falling,falling,buy_only,accelerating,neutral,False,False,False,pass,S0,🌱 초발사 준비,발사 구조 관찰 또는 초기 준비,S0,False,,,2026-09-04T15:10:00Z,33889285661-1
KRW-MET2,메테오라,253.0,287.3333333333333,251.5,229.825,-0.8739650413983502,-14.247846255798535,-25.022662170492037,0.28053940614037565,-0.05866326183222803,,,,,False,False,False,False,-42.796832120370055,-2.692307692307694,5.0,관찰,0.7968127490039834,0.2825564935558518,0.0,0.0,0.0,False,False,False,False,2026-09-05T00:34:54.830847+09:00,1788536094,0.0,0.0,,0,0.0,complete,,,460713.07107781,435036.07321785,0.028665389214689335,272.0,274.0,0.7352941176470562,-6.985294117647056,7.664233576642336,1050.000000000003,complete_hourly_ordered,/v1/candles/minutes/60,120,False,11.111111111111116,252.0,2026-08-31T11:00:00,280.0,2026-09-03T23:00:00,D-2,9.642857142857142,96.42857142857144,False,False,,-100.0,-100.0,0.2825564935558518,0.7968127490039834,0.0,0.0,0.0,,,-100.0,-100.0,0.2825564935558518,0.7968127490039834,0.0,0.0,0.0,,,-100.0,-100.0,1.334764675659052,-1.5564202334630295,0.0,-0.09199632014720294,0.09788309289484687,,,-100.0,-100.0,1.334764675659052,-1.5564202334630295,0.0,-0.09199632014720294,0.09788309289484687,,,-100.0,-100.0,1.334764675659052,-1.5564202334630295,0.0,-0.09199632014720294,0.09788309289484687,,,-100.0,-100.0,1.334764675659052,-1.5564202334630295,0.0,-0.09199632014720294,0.09788309289484687,,,-3361056.43428445,-7655517.153572821,0.7968127490039834,0,2256501.8400291,0.0,-1.5564202334630295,False,False,falling,falling,unavailable,accelerating,neutral,False,False,False,pass,S0,🌱 초발사 준비,발사 구조 관찰 또는 초기 준비,S0,False,,,2026-09-04T15:10:00Z,33889285661-1
KRW-MBL,무비블록,0.93,0.9210666666666667,0.92518,1.0732,0.20307513780097874,0.4445981682843665,14.175673996769778,-1.0798654134332537,-1.063704902990451,0.4117162775598489,,13.326697993886217,,False,False,False,False,1050.441828652885,4.622322435174753,10.0,A급,0.8695652173912993,0.27581842227459674,0.0,0.058021467943136784,-0.04436700465907428,False,True,False,False,2026-09-05T00:34:54.830847+09:00,1788536094,496599.32581708673,2134143.397503215,0.23269257651480688,17,0.0,complete,1788535291473,1788536166731,71480431.77011544,34464708.14629992,0.34938576373601277,0.946,0.946,0.0,-1.6913319238900493,1.6913319238900535,,complete_hourly_ordered,/v1/candles/minutes/60,120,False,29.54545454545454,0.88,2026-08-31T11:00:00,1.14,2026-09-02T09:00:00,D-3,18.333333333333325,80.38461538461533,False,True,0.23269257651480688,,-48.96634027467325,0.27581842227459674,1.0869565217391353,0.0,0.058021467943136784,-0.04436700465907428,-0.15416693447120977,0.23269257651480688,,-48.96634027467325,0.27581842227459674,1.0869565217391353,0.0,0.058021467943136784,-0.04436700465907428,-0.15416693447120977,0.14966724956336758,-42.42627753796548,-79.45754349873869,2.2914747205170443,0.540540540540535,0.0,0.007252683492886547,-0.005545574136334608,-0.01912901660847055,0.14966724956336758,-42.42627753796548,-79.45754349873869,2.2914747205170443,0.540540540540535,0.0,0.007252683492886547,-0.005545574136334608,-0.01912901660847055,0.14966724956336758,-42.42627753796548,-79.45754349873869,2.2914747205170443,0.540540540540535,0.0,0.007252683492886547,-0.005545574136334608,-0.01912901660847055,0.14966724956336758,-42.42627753796548,-79.45754349873869,2.2914747205170443,0.540540540540535,0.0,0.007252683492886547,-0.005545574136334608,-0.01912901660847055,0.23269257651480688,496599.32581708673,-2047691.5110445884,1.0869565217391353,2630742.7233203016,3315779.4862617934,0.7934009888836723,0.540540540540535,False,True,rising,falling,sell_advantage_weakening,accelerating,neutral,True,True,False,🔴 1차 급등 완료·상승분 반납 / 신규매수 금지,S3,🔴 1차 급등 완료·반납,당일/5D 급등 후 상승분 상당 부분 반납,S3,False,,,2026-09-04T15:10:00Z,33889285661-1
KRW-FLUID,플루이드,1665.0,1815.7333333333333,1696.54,1783.0166666666667,-0.4532163742690054,-7.025671857623951,-1.8349052635514735,0.04904608381220106,-0.5570466590662357,,,,,False,False,False,False,-95.838427764621,-6.091370558375631,6.0,관찰,0.0,0.011999501486869235,0.0,0.0,0.0,False,False,False,False,2026-09-05T00:34:54.830847+09:00,1788536094,1079515.57740975,0.0,,2,0.0,complete,1788535462167,1788535462167,22601.17175031,29078.7681155,-0.12534063278729538,1716.0,1738.0,1.2820512820512775,-2.9720279720279685,4.200230149597238,331.8181818181823,complete_hourly_ordered,/v1/candles/minutes/60,120,False,6.552706552706544,1755.0,2026-08-31T08:00:00,1870.0,2026-08-31T16:00:00,D-4,10.962566844919785,178.26086956521755,True,False,,-21.729409569980263,-100.0,0.011999501486869235,0.0,0.0,0.0,0.0,,,-21.729409569980263,-100.0,0.011999501486869235,0.0,0.0,0.0,0.0,,,68.43865095783104,-100.0,0.04074053042411663,-1.010701545778836,0.0,-0.06213450292397171,0.0554671561719533,,,68.43865095783104,-100.0,0.04074053042411663,-1.010701545778836,0.0,-0.06213450292397171,0.0554671561719533,,,68.43865095783104,-100.0,0.04074053042411663,-1.010701545778836,0.0,-0.06213450292397171,0.0554671561719533,,,68.43865095783104,-100.0,0.04074053042411663,-1.010701545778836,0.0,-0.06213450292397171,0.0554671561719533,,,-299694.1250837103,-1877144.5313253999,0.0,1079515.57740975,1255964.9018001198,0.8595109432298048,-1.010701545778836,False,False,falling,falling,buy_only,accelerating,neutral,False,False,False,pass,S0,🌱 초발사 준비,발사 구조 관찰 또는 초기 준비,S0,False,,,2026-09-04T15:10:00Z,33889285661-1
KRW-BIGTIME,빅타임,8.83,8.929333333333334,8.4596,12.0315,0.7446408424219619,-5.5526660046968415,25.783706658909246,-1.436097783549253,-1.358509534200132,,,,,False,False,False,False,62.45707317456593,-4.746494066882412,8.0,B급,0.68415051311288,0.24608493794998054,0.0,0.04512974802557412,-0.03016306652228451,False,False,False,False,2026-09-05T00:34:54.830847+09:00,1788536094,1434126.836665317,9755624.42333192,0.1470051300084293,12,0.0,complete,1788535260993,1788536531758,15947439.15400347,7693197.02539016,0.349154822483505,9.04,9.08,0.4424778761062065,-2.3230088495575174,2.753303964757709,624.999999999985,complete_hourly_ordered,/v1/candles/minutes/60,120,False,8.418657565415245,8.79,2026-09-02T03:00:00,9.53,2026-09-02T11:00:00,D-3,7.030430220356765,90.54054054054049,False,True,-0.6082358668470476,17.12659864727568,501.7396067442516,0.24608493794998054,0.68415051311288,0.0,0.04512974802557412,-0.03016306652228451,,-0.6082358668470476,17.12659864727568,501.7396067442516,0.24608493794998054,0.68415051311288,0.0,0.04512974802557412,-0.03016306652228451,,-12.060500619564786,37.954925841947286,11355.964497980121,1.04915217024422,0.3409090909090917,0.0,0.02256487401277596,-0.015081219878631202,,-12.060500619564786,37.954925841947286,11355.964497980121,1.04915217024422,0.3409090909090917,0.0,0.02256487401277596,-0.015081219878631202,,-12.060500619564786,37.954925841947286,11355.964497980121,1.04915217024422,0.3409090909090917,0.0,0.02256487401277596,-0.015081219878631202,,-12.060500619564786,37.954925841947286,11355.964497980121,1.04915217024422,0.3409090909090917,0.0,0.02256487401277596,-0.015081219878631202,,-0.6082358668470476,209702.27962327376,8134387.5437927265,0.68415051311288,11189751.259997237,10398024.021046832,1.07614208597209,0.3409090909090917,False,False,rising,rising,sell_advantage_accelerating,accelerating,neutral,False,False,False,pass,S0,🌱 초발사 준비,발사 구조 관찰 또는 초기 준비,S0,False,,,2026-09-04T15:10:00Z,33889285661-1
KRW-SNT,스테이터스네트워크토큰,9.37,9.246666666666666,8.8288,10.893666666666666,1.1522753792298612,-4.73299504651444,15.118876411370524,-1.781206019466953,-1.53831881411584,,,9.82818143588799,,False,False,False,False,-16.863325587651733,-1.4721345951629883,11.0,A급,0.4287245444801524,0.01870657456906244,0.0,0.029171528588101125,-0.02188246255849613,False,False,False,True,2026-09-05T00:34:54.830847+09:00,1788536094,41598.200899514006,157523.24186131998,0.2640765921776556,8,0.0,complete,1788535495576,1788536535857,7074460.64875801,9885544.08080165,-0.1657477976491476,9.88,9.88,0.0,-5.16194331983807,5.161943319838072,,complete_hourly_ordered,/v1/candles/minutes/60,120,False,31.818181818181813,8.8,2026-09-02T10:00:00,11.6,2026-09-03T14:00:00,D-2,19.22413793103449,79.64285714285715,False,False,0.2276324338654617,-62.58764517638682,-94.83686997480461,0.01870657456906244,0.4287245444801524,0.0,0.029171528588101125,-0.02188246255849613,-0.042306300636136385,0.2276324338654617,-62.58764517638682,-94.83686997480461,0.01870657456906244,0.4287245444801524,0.0,0.029171528588101125,-0.02188246255849613,-0.042306300636136385,-0.231653541230534,-98.78151085419715,-97.71262654586624,0.41360990982175494,0.7526881720429923,0.0,0.05105017502917697,-0.03829518834490031,-0.07419650135679845,-0.231653541230534,-98.78151085419715,-97.71262654586624,0.41360990982175494,0.7526881720429923,0.0,0.05105017502917697,-0.03829518834490031,-0.07419650135679845,-0.231653541230534,-98.78151085419715,-97.71262654586624,0.41360990982175494,0.7526881720429923,0.0,0.05105017502917697,-0.03829518834490031,-0.07419650135679845,-0.231653541230534,-98.78151085419715,-97.71262654586624,0.41360990982175494,0.7526881720429923,0.0,0.05105017502917697,-0.03829518834490031,-0.07419650135679845,0.2276324338654617,-69590.2048975434,-2893402.0901103257,0.4287245444801524,199121.442760834,27583269.479324166,0.007218920980708658,0.7526881720429923,False,False,falling,falling,sell_advantage_weakening,accelerating,neutral,True,True,False,🔴 1차 급등 완료·상승분 반납 / 신규매수 금지,S3,🔴 1차 급등 완료·반납,당일/5D 급등 후 상승분 상당 부분 반납,S3,False,,,2026-09-04T15:10:00Z,33889285661-1
KRW-SOL,솔라나,139000.0,138866.66666666666,117530.0,116930.41666666667,0.8716707021791725,-18.15423012564167,-18.76008879925025,-0.9658217336549629,-1.4056734189135185,,,,,False,False,False,False,-15.71867827770921,-1.698513800424628,6.0,관찰,0.6521739130434856,0.3136956846528136,0.0,0.033898305084734126,-0.033986860322375634,False,False,False,False,2026-09-05T00:34:54.830847+09:00,1788536094,225684234.1773589,230558678.72836906,0.9788581172571996,305,0.0,complete,1788535204475,1788536602549,6651.23497881,5583.42472034,0.08727747928650487,142000.0,143300.0,0.9154929577464888,-2.1126760563380254,3.0006978367062107,330.76923076922793,complete_hourly_ordered,/v1/candles/minutes/60,120,False,8.451757666417347,133700.0,2026-09-02T20:00:00,145000.0,2026-09-04T00:00:00,D-1,4.137931034482756,53.097345132743335,False,True,0.2805849229749945,-50.73329772188735,-64.85535853972091,0.3136956846528136,0.7246376811594235,0.0,0.033898305084734126,-0.033986860322375634,,0.2805849229749945,-50.73329772188735,-64.85535853972091,0.3136956846528136,0.7246376811594235,0.0,0.033898305084734126,-0.033986860322375634,,0.7731831351721927,-69.41108305159452,-93.57274069198941,1.859091824028134,-0.1436781609195359,0.0,-0.014527845036327314,0.014564759235906166,,0.7731831351721927,-69.41108305159452,-93.57274069198941,1.859091824028134,-0.1436781609195359,0.0,-0.014527845036327314,0.014564759235906166,,0.7731831351721927,-69.41108305159452,-93.57274069198941,1.859091824028134,-0.1436781609195359,0.0,-0.014527845036327314,0.014564759235906166,,0.7731831351721927,-69.41108305159452,-93.57274069198941,1.859091824028134,-0.1436781609195359,0.0,-0.014527845036327314,0.014564759235906166,,0.2805849229749945,-232402513.54803523,-425469293.5272288,0.7246376811594235,456242912.905728,419141347.2269149,1.088518028403261,-0.1436781609195359,False,False,falling,falling,sell_advantage_weakening,accelerating,neutral,False,False,False,pass,S0,🌱 초발사 준비,발사 구조 관찰 또는 초기 준비,S0,False,,,2026-09-04T15:10:00Z,33889285661-1
KRW-QKC,쿼크체인,3.01,2.996666666666667,2.8621999999999996,3.3617500000000002,0.29004908522982653,-4.698017841753456,10.8599191889145,-0.5019039098573128,-0.8869901886403018,,,12.243561798087134,,False,False,False,False,359.8764646562477,3.4364261168384758,12.0,A급,0.3333333333333188,0.056931493153740576,0.0,0.022311468094615705,-0.017621713415685747,False,True,False,False,2026-09-05T00:34:54.830847+09:00,1788536094,99999.9999999812,1847770.970976808,0.05411926129953057,9,0.0,complete,1788535256824,1788536239088,40599152.59700625,14398778.60074781,0.4763883554465114,3.12,3.12,0.0,-3.5256410256410353,3.525641025641036,,complete_hourly_ordered,/v1/candles/minutes/60,120,False,23.958333333333325,2.88,2026-09-01T11:00:00,3.57,2026-09-03T14:00:00,D-2,16.24649859943976,84.05797101449267,True,True,0.05411926129953057,,296.1269158819436,0.056931493153740576,0.3333333333333188,0.0,0.022311468094615705,-0.017621713415685747,-0.06878842134352148,0.05411926129953057,,296.1269158819436,0.056931493153740576,0.3333333333333188,0.0,0.022311468094615705,-0.017621713415685747,-0.06878842134352148,-0.18977633783766962,0.0,350.6632080347995,1.118174439033396,0.6688963210702115,0.0,0.044622936189209206,-0.03524430051260374,-0.13813131721619065,-0.18977633783766962,0.0,350.6632080347995,1.118174439033396,0.6688963210702115,0.0,0.044622936189209206,-0.03524430051260374,-0.13813131721619065,-0.18977633783766962,0.0,350.6632080347995,1.118174439033396,0.6688963210702115,0.0,0.044622936189209206,-0.03524430051260374,-0.13813131721619065,-0.18977633783766962,0.0,350.6632080347995,1.118174439033396,0.6688963210702115,0.0,0.044622936189209206,-0.03524430051260374,-0.13813131721619065,0.05411926129953057,99999.9999999812,1381311.6376434749,0.3333333333333188,1947770.9709767892,4769697.986259473,0.40836358540685813,0.6688963210702115,False,True,rising,rising,sell_advantage_weakening,accelerating,leading_buy_inflow,True,True,False,🔴 1차 급등 완료·상승분 반납 / 신규매수 금지,S3,🔴 1차 급등 완료·반납,당일/5D 급등 후 상승분 상당 부분 반납,S3,False,,,2026-09-04T15:10:00Z,33889285661-1
KRW-META,메타디움,10.3,10.256666666666666,10.2276,11.760666666666667,0.5884275907159342,-0.2841983130613755,12.788390680800418,-1.0809607262658083,-0.9390478198411086,,,13.618465865736502,,True,False,False,False,-76.61013659360967,3.621730382293764,11.0,A급,0.0,0.0,0.0,0.0,0.0,False,False,False,False,2026-09-05T00:34:54.830847+09:00,1788536094,0.0,0.0,,0,0.0,complete,,,2809486.78889503,29209725.3933997,-0.824512435040575,10.4,10.6,1.9230769230769162,-0.9615384615384581,2.830188679245273,150.0,complete_hourly_ordered,/v1/candles/minutes/60,120,False,8.82956878850103,9.74,2026-08-31T02:00:00,10.6,2026-09-04T13:00:00,D-1,2.8301886792452713,34.88372093023262,False,False,,,,0.0,0.0,0.0,0.0,0.0,0.0,,,,0.0,0.0,0.0,0.0,0.0,0.0,,-100.0,-100.0,0.0,0.0,0.0,0.0,0.0,0.0,,-100.0,-100.0,0.0,0.0,0.0,0.0,0.0,0.0,,-100.0,-100.0,0.0,0.0,0.0,0.0,0.0,0.0,,-100.0,-100.0,0.0,0.0,0.0,0.0,0.0,0.0,,0.0,0.0,0.0,0,290334.86766437005,0.0,0.0,False,True,flat_or_na,flat_or_na,unavailable,flat_or_na,neutral,False,False,False,pass,S0,🌱 초발사 준비,발사 구조 관찰 또는 초기 준비,S0,False,,,2026-09-04T15:10:00Z,33889285661-1
KRW-SAHARA,사하라에이아이,12.6,11.72,11.794,24.700833333333332,0.9184845005740572,0.6274376801763596,52.5522080901454,-1.1383812561756688,-0.7697078679750717,0.5511665593337359,,,,False,False,False,False,49.08376741711849,10.526315789473673,7.0,B급,1.6129032258064502,0.5891300626235818,0.0,0.11481056257176547,-0.05078121448701012,False,False,False,False,2026-09-05T00:34:54.830847+09:00,1788536094,36074714.31467017,48572201.27303725,0.7427028911431174,194,0.0,complete,1788535221966,1788536595033,57982102.64113233,88254132.33376819,-0.20700772074603566,12.4,13.1,5.645161290322576,1.6129032258064502,3.816793893129771,71.42857142857143,complete_hourly_ordered,/v1/candles/minutes/60,120,False,18.01801801801801,11.1,2026-08-31T08:00:00,13.1,2026-09-04T20:00:00,D-1,3.8167938931297662,25.0,False,True,-0.32355100163135264,-9.732887592735262,29.591066820298618,0.5891300626235818,1.6129032258064502,0.0,0.11481056257176547,-0.05078121448701012,,-0.32355100163135264,-9.732887592735262,29.591066820298618,0.5891300626235818,1.6129032258064502,0.0,0.11481056257176547,-0.05078121448701012,,0.674849089132628,749.4012296988186,-22.398170850335685,2.8080487936521337,0.8000000000000007,0.0,0.05740528128588274,-0.02538975061034421,,0.674849089132628,749.4012296988186,-22.398170850335685,2.8080487936521337,0.8000000000000007,0.0,0.05740528128588274,-0.02538975061034421,,0.674849089132628,749.4012296988186,-22.398170850335685,2.8080487936521337,0.8000000000000007,0.0,0.05740528128588274,-0.02538975061034421,,0.674849089132628,749.4012296988186,-22.398170850335685,2.8080487936521337,0.8000000000000007,0.0,0.05740528128588274,-0.02538975061034421,,-0.32355100163135264,-3889690.60825374,11091067.376368769,1.6129032258064502,84646915.58770742,48238433.81838921,1.7547608594920583,0.8000000000000007,False,False,falling,rising,sell_advantage_accelerating,accelerating,neutral,False,False,False,pass,S0,🌱 초발사 준비,발사 구조 관찰 또는 초기 준비,S0,False,,,2026-09-04T15:10:00Z,33889285661-1
KRW-MLK,밀크,48.6,48.72,46.956,55.52333333333333,0.43980208905991525,-3.756708407871189,12.253106801945131,-0.7535503370944324,-0.948960869995887,,,12.912130720414467,,False,False,False,False,-93.87511158066586,1.039501039501034,11.0,A급,1.039501039501034,0.0038610976114057394,1.0,0.06871907641561315,-0.053453995377131136,False,False,False,False,2026-09-05T00:34:54.830847+09:00,1788536094,384919.822149848,27844.4034626,13.823956496926357,13,0.0,complete,1788535640835,1788536453019,2915516.492129,1252583.5839634,0.3989666461474702,49.5,50.4,1.8181818181818077,-1.8181818181818188,3.571428571428566,200.00000000000063,complete_hourly_ordered,/v1/candles/minutes/60,120,False,6.553911205074003,47.3,2026-08-31T14:00:00,50.4,2026-09-04T13:00:00,D-1,3.57142857142857,58.06451612903217,False,False,13.748212124865052,196.32999470414072,-98.3763454856947,0.0038610976114057394,1.039501039501034,1.0,0.06871907641561315,-0.053453995377131136,-0.20409367886674623,13.748212124865052,196.32999470414072,-98.3763454856947,0.0038610976114057394,1.039501039501034,1.0,0.06871907641561315,-0.053453995377131136,-0.20409367886674623,12.898541137640398,-81.49708566851574,-98.76136176226285,0.038889848499579216,1.2499999999999956,1.0,0.08246289169873133,-0.06414575726953764,-0.24547553866916694,12.898541137640398,-81.49708566851574,-98.76136176226285,0.038889848499579216,1.2499999999999956,1.0,0.08246289169873133,-0.06414575726953764,-0.24547553866916694,12.898541137640398,-81.49708566851574,-98.76136176226285,0.038889848499579216,1.2499999999999956,1.0,0.08246289169873133,-0.06414575726953764,-0.24547553866916694,12.898541137640398,-81.49708566851574,-98.76136176226285,0.038889848499579216,1.2499999999999956,1.0,0.08246289169873133,-0.06414575726953764,-0.24547553866916694,13.748212124865052,255024.155484664,-1687077.2881457577,1.039501039501034,412764.225612448,2386789.2963511604,0.17293701888284294,1.2499999999999956,False,False,rising,falling,buy_advantage_accelerating,accelerating,neutral,False,False,False,pass,S1,⚡ 선행 시동,가격 미급등 상태에서 선행조건 7개 개선,S1,False,,,2026-09-04T15:10:00Z,33889285661-1
KRW-VTHO,비토르토큰,0.541,0.5384,0.50226,0.5925833333333334,0.6606007727782748,-7.195476446461982,9.143580368443262,-1.1730766064829428,-1.3601742473708076,,,6.722359569825438,,False,False,False,False,-78.7477773207447,-0.9157509157509125,11.0,A급,0.18518518518517713,0.0015671730417778917,0.0,0.01246416552409535,-0.009972627661285927,False,False,False,False,2026-09-05T00:34:54.830847+09:00,1788536094,0.0,0.0,,0,0.0,complete,,,74841051.42372873,184524661.2683089,-0.4228917103426655,0.553,0.559,1.0849909584086825,-2.169981916817365,3.2200357781753155,300.0,complete_hourly_ordered,/v1/candles/minutes/60,120,False,6.679389312977113,0.524,2026-09-03T06:00:00,0.559,2026-09-04T10:00:00,D-1,3.220035778175312,51.428571428571324,False,True,,,-100.0,0.0015671730417778917,0.18518518518517713,0.0,0.01246416552409535,-0.009972627661285927,-0.017214618275015248,,,-100.0,0.0015671730417778917,0.18518518518517713,0.0,0.01246416552409535,-0.009972627661285927,-0.017214618275015248,,,-100.0,0.1499344661113753,0.0,0.0,0.0,0.0,0.0,,,-100.0,0.1499344661113753,0.0,0.0,0.0,0.0,0.0,,,-100.0,0.1499344661113753,0.0,0.0,0.0,0.0,0.0,,,-100.0,0.1499344661113753,0.0,0.0,0.0,0.0,0.0,,0.0,-51166.79009149625,0.18518518518517713,0,624983.787541642,0.0,0.0,False,True,flat_or_na,falling,unavailable,accelerating,neutral,False,False,False,pass,S1,⚡ 선행 시동,가격 미급등 상태에서 선행조건 5개 개선,S1,False,,,2026-09-04T15:10:00Z,33889285661-1
KRW-KITE,카이트,179.0,165.93333333333334,152.14,212.30833333333334,1.7163874131589818,-9.066210946058467,21.8432311496644,-2.2531321261160198,-1.7384414992511303,,,12.564835318918597,,False,False,False,False,-27.375586900570248,10.49382716049383,11.0,A급,0.0,0.17848697179103823,0.0,0.0,0.0,False,False,False,True,2026-09-05T00:34:54.830847+09:00,1788536094,604810.1449251,14926667.621482823,0.040518765491544984,119,0.0,complete,1788535878847,1788536617068,1022382.30711841,1443341.31811804,-0.17072432883034985,185.0,188.0,1.6216216216216273,-3.2432432432432434,4.787234042553192,299.9999999999993,complete_hourly_ordered,/v1/candles/minutes/60,120,False,27.848101265822777,158.0,2026-08-31T09:00:00,202.0,2026-09-03T02:00:00,D-2,11.881188118811881,54.54545454545453,False,False,-0.10660482540137148,-77.10764936402165,-16.877901172786913,0.17848697179103823,0.0,0.0,0.0,0.0,0.0,-0.10660482540137148,-77.10764936402165,-16.877901172786913,0.17848697179103823,0.0,0.0,0.0,0.0,0.0,-0.5979112862508335,-91.09966787053206,40.23723163841903,0.7768017136224223,-2.1857923497267784,1.0,-0.1634654679198988,0.11331474136016695,0.22603483558245863,-0.5979112862508335,-91.09966787053206,40.23723163841903,0.7768017136224223,-2.1857923497267784,1.0,-0.1634654679198988,0.11331474136016695,0.22603483558245863,-0.5979112862508335,-91.09966787053206,40.23723163841903,0.7768017136224223,-2.1857923497267784,1.0,-0.1634654679198988,0.11331474136016695,0.22603483558245863,-0.5979112862508335,-91.09966787053206,40.23723163841903,0.7768017136224223,-2.1857923497267784,1.0,-0.1634654679198988,0.11331474136016695,0.22603483558245863,-0.10660482540137148,-2037164.6987353906,-3030852.499022156,0.0,15531477.766407924,10260904.619439114,1.513655797655871,-2.1857923497267784,False,True,falling,falling,sell_advantage_accelerating,accelerating,neutral,False,False,False,pass,S0,🌱 초발사 준비,발사 구조 관찰 또는 초기 준비,S0,False,,,2026-09-04T15:10:00Z,33889285661-1
KRW-MINA,미나,99.5,87.78,68.532,71.41000000000001,2.7227336557965387,-28.086149535983196,-22.923960229659695,-2.7308551078399064,-3.6337815004084817,,,,,False,False,False,False,-72.31819817466203,11.79775280898876,9.0,B급,1.7382413087934534,0.0750043410043304,0.0,0.13262599469494596,-0.13434832420301035,False,False,False,False,2026-09-05T00:34:54.830847+09:00,1788536094,4038148.0930657377,3922513.6673193946,1.0294796744010752,22,0.0,complete,1788535376547,1788536516683,386058.15632703,1608308.52066008,-0.612851377049432,98.5,106.0,7.614213197969533,1.0152284263959421,6.132075471698113,86.6666666666666,complete_hourly_ordered,/v1/candles/minutes/60,120,False,24.705882352941178,85.0,2026-08-31T08:00:00,106.0,2026-09-04T17:00:00,D-1,6.509433962264155,32.8571428571429,True,True,0.773071609606175,161.09144937533523,-34.971078173279345,0.0750043410043304,1.7382413087934534,0.0,0.13262599469494596,-0.13434832420301035,,0.773071609606175,161.09144937533523,-34.971078173279345,0.0750043410043304,1.7382413087934534,0.0,0.13262599469494596,-0.13434832420301035,,0.4593608746466151,101.48686237511617,11.582045765422787,0.34915486361337855,1.2207527975584886,0.0,0.09361834919643375,-0.094828576998637,,0.4593608746466151,101.48686237511617,11.582045765422787,0.34915486361337855,1.2207527975584886,0.0,0.09361834919643375,-0.094828576998637,,0.4593608746466151,101.48686237511617,11.582045765422787,0.34915486361337855,1.2207527975584886,0.0,0.09361834919643375,-0.094828576998637,,0.4593608746466151,101.48686237511617,11.582045765422787,0.34915486361337855,1.2207527975584886,0.0,0.09361834919643375,-0.094828576998637,,0.773071609606175,2491506.828969552,-2109438.8195625534,1.7382413087934534,7960661.760385132,7578593.750978134,1.0504141034552337,1.2207527975584886,False,False,rising,falling,buy_advantage_accelerating,accelerating,neutral,False,False,False,pass,S0,🌱 초발사 준비,발사 구조 관찰 또는 초기 준비,S0,False,,,2026-09-04T15:10:00Z,33889285661-1
KRW-MMT,모멘텀,230.0,228.46666666666667,250.8,228.55833333333334,-0.46471100784200026,8.904837852206276,0.04010646443285896,0.3594102446442665,0.6366833949715922,,,,,False,False,False,True,-39.921383740663565,5.022831050228316,3.0,-,0.0,0.8320059607979644,0.0,0.0,0.0,False,False,False,False,2026-09-05T00:34:54.830847+09:00,1788536094,4991312.224741121,22959267.401861433,0.21739858408271545,79,0.0,complete,1788535279298,1788536561986,878319.44838315,2314997.48026049,-0.44990148612889735,230.0,233.0,1.304347826086949,0.0,1.2875536480686696,100.0,complete_hourly_ordered,/v1/candles/minutes/60,120,False,8.878504672897192,214.0,2026-08-31T08:00:00,233.0,2026-09-04T09:00:00,D-1,0.8583690987124415,10.526315789473566,False,False,-0.2815855829823257,-43.01768953911017,30.78866563339919,0.8320059607979644,0.0,0.0,0.0,0.0,,-0.2815855829823257,-43.01768953911017,30.78866563339919,0.8320059607979644,0.0,0.0,0.0,0.0,,0.09493206483852142,100.75081910928758,13.088381672169147,1.70271874182599,0.4366812227074135,0.0,0.02904443799012224,-0.025524688487729826,,0.09493206483852142,100.75081910928758,13.088381672169147,1.70271874182599,0.4366812227074135,0.0,0.02904443799012224,-0.025524688487729826,,0.09493206483852142,100.75081910928758,13.088381672169147,1.70271874182599,0.4366812227074135,0.0,0.02904443799012224,-0.025524688487729826,,0.09493206483852142,100.75081910928758,13.088381672169147,1.70271874182599,0.4366812227074135,0.0,0.02904443799012224,-0.025524688487729826,,-0.2815855829823257,-3768094.307514078,5404789.503741201,0.0,27950579.626602553,10169601.716986239,2.748443882508872,0.4366812227074135,False,False,falling,rising,sell_advantage_accelerating,accelerating,neutral,False,False,False,pass,S0,🌱 초발사 준비,발사 구조 관찰 또는 초기 준비,S0,False,,,2026-09-04T15:10:00Z,33889285661-1
KRW-CHIP,유에스디에이아이,72.7,54.16,42.92,52.144999999999996,3.887468030690533,-26.18825722273997,-3.8642247578866633,-3.2069569553780597,-3.8485584478953783,,,,,False,False,True,False,104.83424406181827,35.82089552238805,8.0,B급,2.390998593530247,1.0512004539332338,0.0,0.21739130434781373,-0.18917640198724683,False,False,False,False,2026-09-05T00:34:54.830847+09:00,1788536094,388188467.42942077,259726355.21073186,1.494605609486414,759,0.0,complete,1788535228089,1788536612428,3124440.55560724,3996574.66344482,-0.12247328239156285,76.4,84.9,11.125654450261768,-4.842931937172779,14.369846878680804,143.52941176470597,complete_hourly_ordered,/v1/candles/minutes/60,120,False,63.26923076923079,52.0,2026-08-31T08:00:00,84.9,2026-09-04T11:00:00,D-1,12.603062426383982,32.522796352583605,False,True,1.157657639489377,467.5913533558956,27.95934465069887,1.0512004539332338,2.250351617440227,0.0,0.21739130434781373,-0.18917640198724683,,1.157657639489377,467.5913533558956,27.95934465069887,1.0512004539332338,2.250351617440227,0.0,0.21739130434781373,-0.18917640198724683,,1.0852133637676815,237.56967972719028,-7.535199658753921,3.2118713561299472,-1.8893387314439791,0.0,-0.17902813299233156,0.1557151666995149,,1.0852133637676815,237.56967972719028,-7.535199658753921,3.2118713561299472,-1.8893387314439791,0.0,-0.17902813299233156,0.1557151666995149,,1.0852133637676815,237.56967972719028,-7.535199658753921,3.2118713561299472,-1.8893387314439791,0.0,-0.17902813299233156,0.1557151666995149,,1.0852133637676815,237.56967972719028,-7.535199658753921,3.2118713561299472,-1.8893387314439791,0.0,-0.17902813299233156,0.1557151666995149,,1.157657639489377,319796222.70366013,56750671.082520485,2.250351617440227,647914822.6401527,904107488.0510159,0.7166347267368202,-1.8893387314439791,False,False,rising,rising,buy_advantage_accelerating,accelerating,neutral,False,False,False,pass,S0,🌱 초발사 준비,발사 구조 관찰 또는 초기 준비,S0,False,,,2026-09-04T15:10:00Z,33889285661-1
KRW-ZORA,조라,12.2,9.825333333333333,8.5752,11.533583333333333,3.200056018486097,-14.578474360170402,14.811095135221056,-2.7599370821944804,-2.658394412102387,,,5.571443826316098,,False,False,False,False,290.0148864398605,11.009174311926607,14.0,A급,6.140350877192979,6.127028774369876,1.0,0.4901617533785929,-0.3617125100985561,True,False,False,True,2026-09-05T00:34:54.830847+09:00,1788536094,826284980.4605622,827925442.6599748,0.9980185870431254,1580,0.0,complete,1788535195015,1788536628363,45293986.44490499,50858577.58755878,-0.057872519559385154,10.5,12.3,17.14285714285715,16.190476190476176,0.8130081300813123,5.555555555555679,complete_hourly_ordered,/v1/candles/minutes/60,120,False,76.28541448058763,9.53,2026-08-31T01:00:00,16.8,2026-08-31T13:00:00,D-4,27.380952380952383,63.273727647867936,False,True,-3.1659497557910266,203.4751405404208,1166.1696830630804,6.127028774369876,7.017543859649122,1.0,0.4901617533785929,-0.3617125100985561,-0.2957267382664748,-3.1659497557910266,203.4751405404208,1166.1696830630804,6.127028774369876,7.017543859649122,1.0,0.4901617533785929,-0.3617125100985561,-0.2957267382664748,-0.21417084205138337,473.22447509166363,596.2361805936363,14.48800616032537,10.909090909090914,1.0,0.7002310762551645,-0.5168442442573369,-0.427689646139533,-0.21417084205138337,473.22447509166363,596.2361805936363,14.48800616032537,10.909090909090914,1.0,0.7002310762551645,-0.5168442442573369,-0.427689646139533,-0.21417084205138337,473.22447509166363,596.2361805936363,14.48800616032537,10.909090909090914,1.0,0.7002310762551645,-0.5168442442573369,-0.427689646139533,-0.21417084205138337,473.22447509166363,596.2361805936363,14.48800616032537,10.909090909090914,1.0,0.7002310762551645,-0.5168442442573369,-0.427689646139533,-3.1659497557910266,554010625.8003633,762537252.2985469,7.017543859649122,1654210423.120537,19780728.930100847,83.6273743483377,10.909090909090914,False,False,rising,rising,sell_advantage_accelerating,accelerating,neutral,True,True,False,🔴 1차 급등 완료·상승분 반납 / 신규매수 금지,S3,🔴 1차 급등 완료·반납,당일/5D 급등 후 상승분 상당 부분 반납,S0,True,당일/5D 급등 후 상승분 상당 부분 반납,2026-09-05T00:34:54.830847+09:00,2026-09-04T15:10:00Z,33889285661-1
KRW-XCN,오닉스코인,5.16,4.9366666666666665,4.7236,5.652916666666667,0.8443415497752849,-4.510683941626435,12.670450357485082,-1.0808505382571432,-1.0163456457290345,,,12.466674512484822,,False,False,False,False,6975.941353515153,9.957627118644075,13.0,A급,0.7766990291262044,80.94063868306421,0.0,0.10894729674522097,-0.08405743439720581,False,True,False,False,2026-09-05T00:34:54.830847+09:00,1788536094,84306490.48656502,155658815.8956384,0.5416107658373065,511,0.0,complete,1788535195748,1788536633586,21409165.90922899,28854026.61147703,-0.1481175454420471,4.87,6.57,34.907597535934286,5.954825462012314,21.461187214611872,82.94117647058825,complete_hourly_ordered,/v1/candles/minutes/60,120,False,47.97297297297296,4.44,2026-09-03T20:00:00,6.57,2026-09-04T16:00:00,D-1,21.156773211567735,65.25821596244134,False,True,0.11774912414014987,25.67936368150474,-1.6440130484805193,80.94063868306421,0.19417475728154,0.0,0.10894729674522097,-0.08405743439720581,-0.2937776231000164,0.11774912414014987,25.67936368150474,-1.6440130484805193,80.94063868306421,0.19417475728154,0.0,0.10894729674522097,-0.08405743439720581,-0.2937776231000164,0.047984455775501866,-22.09620980358462,-28.998160819356666,415.47931167431307,-4.621072088724587,0.0,-0.31322347814244367,0.2415547224825758,0.7925856568760654,0.047984455775501866,-22.09620980358462,-28.998160819356666,415.47931167431307,-4.621072088724587,0.0,-0.31322347814244367,0.2415547224825758,0.7925856568760654,0.047984455775501866,-22.09620980358462,-28.998160819356666,415.47931167431307,-4.621072088724587,0.0,-0.31322347814244367,0.2415547224825758,0.7925856568760654,0.047984455775501866,-22.09620980358462,-28.998160819356666,415.47931167431307,-4.621072088724587,0.0,-0.31322347814244367,0.2415547224825758,0.7925856568760654,0.11774912414014987,17225875.16755879,-2601825.5967437327,0.19417475728154,239965306.38220343,3296390.1930400217,72.7963900902462,-4.621072088724587,False,True,rising,falling,sell_advantage_weakening,accelerating,leading_buy_inflow,True,True,False,🔴 1차 급등 완료·상승분 반납 / 신규매수 금지,S3,🔴 1차 급등 완료·반납,당일/5D 급등 후 상승분 상당 부분 반납,S3,False,,,2026-09-04T15:10:00Z,33889285661-1
KRW-GAS,가스,1673.0,1722.2666666666667,1492.56,1725.4416666666666,0.689870210858623,-15.390112736953068,0.1840108571235358,-1.1621055569315193,-1.5220284195162348,,,0.12089843708833127,,False,False,False,False,-88.37364988552369,-2.5626092020966773,12.0,A급,0.7224563515954241,0.0062491300100475655,1.0,0.046770861753109294,-0.04058233939309619,False,False,False,False,2026-09-05T00:34:54.830847+09:00,1788536094,220445.58037832,237483.25835535,0.928257351297007,9,0.0,complete,1788535292078,1788536601431,23695.82865211,29154.22587924,-0.10328082488339048,1685.0,1704.0,1.1275964391691318,-0.7121661721068206,1.8192488262910798,163.15789473684214,complete_hourly_ordered,/v1/candles/minutes/60,120,False,4.897218863361541,1654.0,2026-09-01T11:00:00,1735.0,2026-09-01T20:00:00,D-4,3.5734870317002843,76.54320987654326,False,True,0.12556883401141616,-95.03014784912827,-95.70243828552732,0.0062491300100475655,0.7224563515954241,1.0,0.046770861753109294,-0.04058233939309619,-0.027454441871166343,0.12556883401141616,-95.03014784912827,-95.70243828552732,0.0062491300100475655,0.7224563515954241,1.0,0.046770861753109294,-0.04058233939309619,-0.027454441871166343,0.42960543246381033,-73.06273844710468,-85.52953322406265,0.050443645764318035,0.42016806722688926,0.0,0.027283002689326707,-0.023672459627339965,-0.0159790083257194,0.42960543246381033,-73.06273844710468,-85.52953322406265,0.050443645764318035,0.42016806722688926,0.0,0.027283002689326707,-0.023672459627339965,-0.0159790083257194,0.42960543246381033,-73.06273844710468,-85.52953322406265,0.050443645764318035,0.42016806722688926,0.0,0.027283002689326707,-0.023672459627339965,-0.0159790083257194,0.42960543246381033,-73.06273844710468,-85.52953322406265,0.050443645764318035,0.42016806722688926,0.0,0.027283002689326707,-0.023672459627339965,-0.0159790083257194,0.12556883401141616,-4215211.129040149,-5288516.695422852,0.7224563515954241,457928.83873367,6643700.491695199,0.06892677346097903,0.42016806722688926,False,True,falling,falling,sell_advantage_weakening,accelerating,neutral,False,False,False,pass,S1,⚡ 선행 시동,가격 미급등 상태에서 선행조건 7개 개선,S1,False,,,2026-09-04T15:10:00Z,33889285661-1
KRW-MEGA,메가이더,53.5,53.99333333333333,53.898,78.08666666666666,0.17316017316018062,-0.17687731146485777,30.854605993340726,-1.2746939138745923,-1.3489729449924641,,,,,True,False,False,False,94.47562881432849,4.4921875,9.0,B급,1.1342155009451904,0.03577993672389823,0.0,0.07421150278292821,-0.04680065354607521,False,False,False,False,2026-09-05T00:34:54.830847+09:00,1788536094,5999.999999985,0.0,,1,0.0,complete,1788535533481,1788535533481,1864994.50121198,1665764.15566721,0.05642706423918197,54.5,55.0,0.917431192660545,-1.834862385321101,2.727272727272727,300.0000000000012,complete_hourly_ordered,/v1/candles/minutes/60,120,False,13.400000000000013,50.0,2026-09-03T02:00:00,56.7,2026-09-03T18:00:00,D-2,5.64373897707231,47.76119402985075,False,False,,-99.09549017672347,-100.0,0.03577993672389823,1.1342155009451904,0.0,0.07421150278292821,-0.04680065354607521,,,-99.09549017672347,-100.0,0.03577993672389823,1.1342155009451904,0.0,0.07421150278292821,-0.04680065354607521,,,-97.78599419930504,,1.7322453065144572,2.294455066921608,0.0,0.14842300556585641,-0.0936073012842158,,,-97.78599419930504,,1.7322453065144572,2.294455066921608,0.0,0.14842300556585641,-0.0936073012842158,,,-97.78599419930504,,1.7322453065144572,2.294455066921608,0.0,0.14842300556585641,-0.0936073012842158,,,-97.78599419930504,,1.7322453065144572,2.294455066921608,0.0,0.14842300556585641,-0.0936073012842158,,,-657342.712879612,-5008056.06581387,1.1342155009451904,5999.999999985,11545892.286417788,0.0005196653364801614,2.294455066921608,False,False,falling,falling,buy_only,accelerating,neutral,False,False,False,pass,S0,🌱 초발사 준비,발사 구조 관찰 또는 초기 준비,S0,False,,,2026-09-04T15:10:00Z,33889285661-1
KRW-MNT,맨틀,787.0,729.2,642.44,746.4166666666666,0.6996869821395801,-13.50476309071664,2.3065758624539354,-0.8849586795559115,-1.3822309861089452,,,1.6687340145275362,,False,False,False,False,-72.52006091388297,3.1454783748361637,12.0,A급,0.2547770700636942,0.11138903951398049,0.0,0.01841281531946848,-0.01568208681365002,False,False,False,False,2026-09-05T00:34:54.830847+09:00,1788536094,6608855.8202294605,2414427.6749034296,2.737234951754683,12,0.0,complete,1788535422779,1788535919340,384029.50799419,369992.12980639,0.018616678201365543,776.0,810.0,4.381443298969079,1.4175257731958713,2.8395061728395063,67.64705882352958,complete_hourly_ordered,/v1/candles/minutes/60,120,False,10.242587601078167,742.0,2026-08-31T01:00:00,818.0,2026-08-31T03:00:00,D-4,3.789731051344747,40.78947368421053,False,True,1.7012306084947122,293.4423428182858,48.91230864958398,0.11138903951398049,0.2547770700636942,0.0,0.01841281531946848,-0.01568208681365002,-0.015166424134066325,1.7012306084947122,293.4423428182858,48.91230864958398,0.11138903951398049,0.2547770700636942,0.0,0.01841281531946848,-0.01568208681365002,-0.015166424134066325,2.076740942008562,75.39584540409312,-57.677032748139936,0.4451823545074376,0.0,0.0,0.0,0.0,0.0,2.076740942008562,75.39584540409312,-57.677032748139936,0.4451823545074376,0.0,0.0,0.0,0.0,0.0,2.076740942008562,75.39584540409312,-57.677032748139936,0.4451823545074376,0.0,0.0,0.0,0.0,0.0,2.076740942008562,75.39584540409312,-57.677032748139936,0.4451823545074376,0.0,0.0,0.0,0.0,0.0,1.7012306084947122,4929103.769931761,793052.1843219297,0.2547770700636942,9023283.49513289,3683269.98907586,2.4498023554870736,0.0,False,False,rising,rising,buy_advantage_accelerating,accelerating,leading_buy_inflow,False,False,False,pass,S1,⚡ 선행 시동,가격 미급등 상태에서 선행조건 6개 개선,S1,False,,,2026-09-04T15:10:00Z,33889285661-1
KRW-MOC,모스코인,24.0,24.2,24.291999999999998,29.092499999999998,0.5540166204986097,0.3787255063395305,16.817049067629107,-1.1876514930536,-1.2248066047831974,0.31888606089803334,,13.730370984246845,,False,False,False,False,2835.0489885364727,-0.8264462809917328,10.0,A급,-0.8264462809917328,3.342594049044237,0.0,-0.055401662049847644,0.04106304523055471,False,True,False,False,2026-09-05T00:34:54.830847+09:00,1788536094,2494532.9246407025,12153903.231252383,0.2052454159932995,32,0.0,complete,1788535784390,1788536585834,6284187.34365036,10258433.86151458,-0.2402428532077722,25.1,25.5,1.5936254980079667,-4.382470119521919,5.88235294117647,375.0000000000007,complete_hourly_ordered,/v1/candles/minutes/60,120,False,45.887445887445885,23.1,2026-08-31T10:00:00,33.7,2026-09-02T15:00:00,D-3,28.486646884273004,90.56603773584902,False,True,0.2018245227786836,12372.664623350689,107.88602547690238,3.342594049044237,-0.8264462809917328,0.0,-0.055401662049847644,0.04106304523055471,0.12475492065084026,0.2018245227786836,12372.664623350689,107.88602547690238,3.342594049044237,-0.8264462809917328,0.0,-0.055401662049847644,0.04106304523055471,0.12475492065084026,-0.3679863334152189,117.58502797644144,507.695161562628,4.1798666123995645,-1.6393442622950727,0.0,-0.1108033240997397,0.0821213861168566,0.24784494972002236,-0.3679863334152189,117.58502797644144,507.695161562628,4.1798666123995645,-1.6393442622950727,0.0,-0.1108033240997397,0.0821213861168566,0.24784494972002236,-0.3679863334152189,117.58502797644144,507.695161562628,4.1798666123995645,-1.6393442622950727,0.0,-0.1108033240997397,0.0821213861168566,0.24784494972002236,-0.3679863334152189,117.58502797644144,507.695161562628,4.1798666123995645,-1.6393442622950727,0.0,-0.1108033240997397,0.0821213861168566,0.24784494972002236,0.2018245227786836,2474532.9246409386,6307476.948691717,-0.8264462809917328,14648436.155893086,8621645.471338477,1.699030214660285,-1.6393442622950727,False,True,rising,rising,sell_advantage_weakening,accelerating,leading_buy_inflow,True,True,False,🔴 1차 급등 완료·상승분 반납 / 신규매수 금지,S3,🔴 1차 급등 완료·반납,당일/5D 급등 후 상승분 상당 부분 반납,S3,False,,,2026-09-04T15:10:00Z,33889285661-1
KRW-MOODENG,무뎅,56.0,58.413333333333334,54.316,61.888333333333335,-0.42050232981020175,-7.543510813265578,5.614951660248299,-0.35856535410360185,-0.7391239337855915,,,7.596766122144152,,False,False,False,False,59.91779136327571,3.703703703703698,12.0,A급,1.8181818181818077,0.5636693449220047,0.0,0.11364927832707705,-0.09502463796328975,False,False,False,False,2026-09-05T00:34:54.830847+09:00,1788536094,2545543.672014037,1103241.258250163,2.30733183062016,10,0.0,complete,1788535326269,1788536002070,1073578.85856028,1705005.63429643,-0.2272476425890398,56.3,57.6,2.3090586145648295,-0.5328596802841923,2.77777777777778,123.07692307692311,complete_hourly_ordered,/v1/candles/minutes/60,120,False,10.795454545454541,52.8,2026-09-02T10:00:00,58.5,2026-09-04T00:00:00,D-1,4.273504273504269,43.85964912280705,True,False,2.30733183062016,,-60.307378152597956,0.5636693449220047,1.8181818181818077,0.0,0.11364927832707705,-0.09502463796328975,-0.3324459235128936,2.30733183062016,,-60.307378152597956,0.5636693449220047,1.8181818181818077,0.0,0.11364927832707705,-0.09502463796328975,-0.3324459235128936,1.8918590451625148,53.5998325367516,-72.34184115913682,1.3841902668062573,0.17889087656530744,0.0,0.011364927832702154,-0.009501312215181024,-0.03246933392959228,1.8918590451625148,53.5998325367516,-72.34184115913682,1.3841902668062573,0.17889087656530744,0.0,0.011364927832702154,-0.009501312215181024,-0.03246933392959228,1.8918590451625148,53.5998325367516,-72.34184115913682,1.3841902668062573,0.17889087656530744,0.0,0.011364927832702154,-0.009501312215181024,-0.03246933392959228,1.8918590451625148,53.5998325367516,-72.34184115913682,1.3841902668062573,0.17889087656530744,0.0,0.011364927832702154,-0.009501312215181024,-0.03246933392959228,2.30733183062016,2545543.672014037,-1676220.5331416097,1.8181818181818077,3648784.9302642,4475251.076638496,0.8153251890852389,0.17889087656530744,False,True,rising,falling,buy_advantage_accelerating,accelerating,neutral,False,False,False,pass,S1,⚡ 선행 시동,가격 미급등 상태에서 선행조건 6개 개선,S0,True,가격 미급등 상태에서 선행조건 6개 개선,2026-09-05T00:34:54.830847+09:00,2026-09-04T15:10:00Z,33889285661-1
KRW-XEC,이캐시,0.00975,0.009772,0.0097636,0.009436083333333335,0.10243802499487753,-0.08603383997704418,-3.559916278823292,-0.34848120969047136,-0.5332094781520709,,,,,False,False,False,False,3.872385053240679,3.1746031746031633,5.0,관찰,0.5154639175257714,0.30599231222689927,0.0,0.03414600833162584,-0.03075388082986308,False,False,False,False,2026-09-05T00:34:54.830847+09:00,1788536094,3842509.2479999997,997533.7769556494,3.8520091617617864,7,0.0,complete,1788535327094,1788536036102,9058107429.973116,26578617424.677372,-0.4916419807421747,0.00982,0.00996,1.4256619144602745,-0.7128309572301483,2.1084337349397604,150.00000000000077,complete_hourly_ordered,/v1/candles/minutes/60,120,False,7.4433656957928696,0.00927,2026-09-02T19:00:00,0.00996,2026-09-04T18:00:00,D-1,2.108433734939763,30.434782608695482,False,False,3.7282107998467997,702.1997612012415,-74.21838521280013,0.30599231222689927,0.5154639175257714,0.0,0.03414600833162584,-0.03075388082986308,,3.7282107998467997,702.1997612012415,-74.21838521280013,0.30599231222689927,0.5154639175257714,0.0,0.03414600833162584,-0.03075388082986308,,-73.9969777024996,-57.35085940775812,761.937821616947,1.0515542529946353,0.6191950464396134,0.0,0.04097520999795101,-0.036904982930969776,,-73.9969777024996,-57.35085940775812,761.937821616947,1.0515542529946353,0.6191950464396134,0.0,0.04097520999795101,-0.036904982930969776,,-73.9969777024996,-57.35085940775812,761.937821616947,1.0515542529946353,0.6191950464396134,0.0,0.04097520999795101,-0.036904982930969776,,-73.9969777024996,-57.35085940775812,761.937821616947,1.0515542529946353,0.6191950464396134,0.0,0.04097520999795101,-0.036904982930969776,,3.7282107998467997,3363512.6895559914,-2871633.399690352,0.5154639175257714,4840043.024955649,5279724.231249089,0.9167226947780529,0.6191950464396134,False,False,rising,falling,buy_advantage_accelerating,accelerating,neutral,False,False,False,pass,S0,🌱 초발사 준비,발사 구조 관찰 또는 초기 준비,S0,False,,,2026-09-04T15:10:00Z,33889285661-1
KRW-MON,모나드,33.8,38.266666666666666,33.02,34.26916666666667,-0.5026867741376395,-15.88935998384816,-11.665004985044849,-0.580668127099661,-1.0295687721427107,,,,,False,False,False,False,-2.7697482136950113,-8.40108401084011,6.0,관찰,1.197604790419149,1.7608403381369375,0.0,0.08667013347199992,-0.08370239250630007,False,False,False,False,2026-09-05T00:34:54.830847+09:00,1788536094,10344986.52260031,36929391.418463856,0.2801288113680653,47,0.0,complete,1788535330190,1788536610380,5125734.69865989,2037025.25511881,0.4312177796648954,36.9,38.3,3.7940379403794022,-8.40108401084011,11.74934725848564,321.42857142857156,complete_hourly_ordered,/v1/candles/minutes/60,120,False,12.979351032448383,33.9,2026-09-03T09:00:00,38.3,2026-09-04T19:00:00,D-1,11.749347258485642,102.2727272727273,False,True,0.11905114514923396,-51.10703121057234,-71.88591466672327,1.7608403381369375,1.197604790419149,0.0,0.08667013347199992,-0.08370239250630007,,0.11905114514923396,-51.10703121057234,-71.88591466672327,1.7608403381369375,1.197604790419149,0.0,0.08667013347199992,-0.08370239250630007,,0.055796548061858214,-25.657794013487113,-40.465405016058575,8.515283010772356,-2.8735632183908066,0.0,-0.17334026694402205,0.1673437373921196,,0.055796548061858214,-25.657794013487113,-40.465405016058575,8.515283010772356,-2.8735632183908066,0.0,-0.17334026694402205,0.1673437373921196,,0.055796548061858214,-25.657794013487113,-40.465405016058575,8.515283010772356,-2.8735632183908066,0.0,-0.17334026694402205,0.1673437373921196,,0.055796548061858214,-25.657794013487113,-40.465405016058575,8.515283010772356,-2.8735632183908066,0.0,-0.17334026694402205,0.1673437373921196,,0.11905114514923396,-10813447.458273547,-94426087.44804247,1.197604790419149,47274377.941064164,7861616.292293629,6.0133153518831755,-2.8735632183908066,False,False,falling,falling,sell_advantage_weakening,accelerating,neutral,False,False,False,pass,S0,🌱 초발사 준비,발사 구조 관찰 또는 초기 준비,S0,False,,,2026-09-04T15:10:00Z,33889285661-1
KRW-ZIL,질리카,3.38,3.334,3.3407999999999998,4.366166666666667,0.38137294259332766,0.20354406130267286,23.64011146314465,-1.2960402587959163,-1.0088817457031105,0.15705072425124747,,,,False,False,False,False,348.4894579714917,4.968944099378869,7.0,B급,0.29673590504450953,0.034176945119611446,0.0,0.02007226013647223,-0.013811770875157947,False,True,False,False,2026-09-05T00:34:54.830847+09:00,1788536094,0.0,5613650.661017229,0.0,4,0.0,complete,1788535919472,1788536061093,15956643.46221827,48500620.87663321,-0.5048923150590356,3.45,3.65,5.797101449275344,-2.0289855072463836,7.397260273972603,135.00000000000023,complete_hourly_ordered,/v1/candles/minutes/60,120,False,27.35849056603772,3.18,2026-08-31T08:00:00,4.05,2026-09-01T21:00:00,D-4,16.54320987654321,77.01149425287355,False,True,-0.3075716946282109,-100.0,-66.91406096405275,0.034176945119611446,0.29673590504450953,0.0,0.02007226013647223,-0.013811770875157947,,-0.3075716946282109,-100.0,-66.91406096405275,0.034176945119611446,0.29673590504450953,0.0,0.02007226013647223,-0.013811770875157947,,-1.098886628835436,-100.0,-43.79529270652025,1.1275938741856066,-1.1695906432748537,-1.0,-0.08028904054595554,0.055241811631223214,,-1.098886628835436,-100.0,-43.79529270652025,1.1275938741856066,-1.1695906432748537,-1.0,-0.08028904054595554,0.055241811631223214,,-1.098886628835436,-100.0,-43.79529270652025,1.1275938741856066,-1.1695906432748537,-1.0,-0.08028904054595554,0.055241811631223214,,-1.098886628835436,-100.0,-43.79529270652025,1.1275938741856066,-1.1695906432748537,-1.0,-0.08028904054595554,0.055241811631223214,,-0.3075716946282109,-5218531.1862659445,-11353226.582267608,0.29673590504450953,5613650.661017229,4379693.296204055,1.2817451545939673,-1.1695906432748537,False,True,falling,falling,sell_only,accelerating,neutral,True,True,False,🔴 1차 급등 완료·상승분 반납 / 신규매수 금지,S3,🔴 1차 급등 완료·반납,당일/5D 급등 후 상승분 상당 부분 반납,S3,False,,,2026-09-04T15:10:00Z,33889285661-1
KRW-GAME2,게임빌드,1.17,1.1026666666666667,1.12878,1.4012416666666667,1.155892605956832,2.3134121204604274,21.307887647265225,-1.4146946071338709,-1.3383386979732204,1.6352731598711128,,,,False,False,False,False,292.6827723187907,9.345794392523343,9.0,B급,0.8620689655172376,1.1456037199263278,0.0,0.061158338939493184,-0.04289949908392998,False,False,False,False,2026-09-05T00:34:54.830847+09:00,1788536094,985728.1321365046,2738638.822708636,0.3599336005766454,16,0.0,complete,1788535200014,1788535969106,90416116.79664342,182422163.4977965,-0.33721824738765604,1.2,1.21,0.8333333333333304,-2.500000000000002,3.305785123966945,400.0000000000013,complete_hourly_ordered,/v1/candles/minutes/60,120,False,18.691588785046733,1.07,2026-08-31T08:00:00,1.27,2026-09-01T18:00:00,D-4,7.874015748031504,50.00000000000012,False,True,-1.266997362572134,92.06312837767013,768.1419293343007,1.1456037199263278,0.8620689655172376,0.0,0.061158338939493184,-0.04289949908392998,,-1.266997362572134,92.06312837767013,768.1419293343007,1.1456037199263278,0.8620689655172376,0.0,0.061158338939493184,-0.04289949908392998,,0.26035096841381955,941.7413251090007,188.2180019340923,1.372350497289176,1.7391304347826209,0.0,0.12231667787903078,-0.08580410133257388,,0.26035096841381955,941.7413251090007,188.2180019340923,1.372350497289176,1.7391304347826209,0.0,0.12231667787903078,-0.08580410133257388,,0.26035096841381955,941.7413251090007,188.2180019340923,1.372350497289176,1.7391304347826209,0.0,0.12231667787903078,-0.08580410133257388,,0.26035096841381955,941.7413251090007,188.2180019340923,1.372350497289176,1.7391304347826209,0.0,0.12231667787903078,-0.08580410133257388,,-1.266997362572134,472496.8105065751,2423179.019401054,0.8620689655172376,3724366.9548451407,1791710.589224107,2.0786654816043493,1.7391304347826209,False,False,rising,rising,sell_advantage_accelerating,accelerating,neutral,False,True,False,pass,S0,🌱 초발사 준비,발사 구조 관찰 또는 초기 준비,S0,False,,,2026-09-04T15:10:00Z,33889285661-1
KRW-STX,스택스,361.0,340.6,242.06,277.6,3.2121212121212217,-40.70891514500538,-22.694524495677232,-3.888199654911503,-4.43267556986891,,,,,False,False,False,False,-51.8102327212918,11.41975308641976,9.0,B급,1.1204481792717047,0.18521041829681906,0.0,0.08080808080810353,-0.08133847430099195,False,False,False,False,2026-09-05T00:34:54.830847+09:00,1788536094,87376220.92572185,16919938.94876204,5.164097884177933,60,0.0,complete,1788535264992,1788536546231,1526862.12623372,1409841.55310993,0.0398475930502951,375.0,380.0,1.333333333333342,-3.733333333333333,5.0,379.9999999999982,complete_hourly_ordered,/v1/candles/minutes/60,120,False,20.123839009287934,323.0,2026-08-31T09:00:00,388.0,2026-09-03T13:00:00,D-2,6.958762886597936,41.538461538461554,False,True,5.094917813328421,988.0763523509353,-85.42374663812195,0.18521041829681906,1.1204481792717047,0.0,0.08080808080810353,-0.08133847430099195,,5.094917813328421,988.0763523509353,-85.42374663812195,0.18521041829681906,1.1204481792717047,0.0,0.08080808080810353,-0.08133847430099195,,4.432331427629039,19.581181717071306,-83.05502731016486,0.9437494297979967,0.0,0.0,0.0,0.0,,4.432331427629039,19.581181717071306,-83.05502731016486,0.9437494297979967,0.0,0.0,0.0,0.0,,4.432331427629039,19.581181717071306,-83.05502731016486,0.9437494297979967,0.0,0.0,0.0,0.0,,4.432331427629039,19.581181717071306,-83.05502731016486,0.9437494297979967,0.0,0.0,0.0,0.0,,5.094917813328421,79345881.81055464,-99158853.9254998,1.1204481792717047,104296159.8744839,111511542.36365615,0.9352947476446717,0.0,False,False,rising,falling,buy_advantage_accelerating,accelerating,neutral,False,False,False,pass,S0,🌱 초발사 준비,발사 구조 관찰 또는 초기 준비,S0,False,,,2026-09-04T15:10:00Z,33889285661-1
KRW-FLOCK,플록,76.4,49.38666666666666,44.728,59.90333333333333,4.529420064907552,-10.41554879866451,17.556062545211727,-1.9698630313402787,-2.107121791116066,,,8.331773995803498,,False,False,False,False,1878.3513991865398,63.617021276595764,10.0,A급,13.42182890855459,117.14832744373416,0.0,1.2699308593198788,-0.899518701131985,False,True,False,True,2026-09-05T00:34:54.830847+09:00,1788536094,2576667630.825909,2823471959.4594517,0.9125883549837722,5965,0.0,complete,1788535195060,1788536659615,2486658.6759187,3587696.7160622,-0.1812600628532605,53.7,77.2,43.76163873370578,42.27188081936686,1.0362694300518096,3.4042553191489437,complete_hourly_ordered,/v1/candles/minutes/60,120,False,74.26636568848761,44.3,2026-08-31T03:00:00,77.2,2026-09-05T00:00:00,D0,2.2020725388601115,5.1671732522796345,False,True,-0.014173580994046642,-0.5121167701593654,1.0330482137938635,117.14832744373416,12.684365781710927,0.0,1.2699308593198788,-0.899518701131985,-1.244506818826686,-0.014173580994046642,-0.5121167701593654,1.0330482137938635,117.14832744373416,12.684365781710927,0.0,1.2699308593198788,-0.899518701131985,-1.244506818826686,0.5732842503931752,8703.136219009037,3173.04226058531,270.6074673689543,49.21875,-2.0,3.6122477776209694,-2.5645606747581233,-4.289290706801983,0.5732842503931752,8703.136219009037,3173.04226058531,270.6074673689543,49.21875,-2.0,3.6122477776209694,-2.5645606747581233,-4.289290706801983,0.5732842503931752,8703.136219009037,3173.04226058531,270.6074673689543,49.21875,-2.0,3.6122477776209694,-2.5645606747581233,-4.289290706801983,0.5732842503931752,8703.136219009037,3173.04226058531,270.6074673689543,49.21875,-2.0,3.6122477776209694,-2.5645606747581233,-4.289290706801983,-0.014173580994046642,-13263471.510638714,28869589.861769676,12.684365781710927,5400139590.28536,107335128.03796169,50.31101829380097,49.21875,True,False,falling,rising,sell_advantage_accelerating,accelerating,neutral,False,True,False,pass,S0,🌱 초발사 준비,발사 구조 관찰 또는 초기 준비,S0,False,,,2026-09-04T15:10:00Z,33889285661-1
KRW-PROVE,서싱트,244.0,239.0,241.5,289.6333333333333,0.44830484729616593,1.0351966873706004,17.481873633329496,-1.00726978172905,-0.7960945588498507,1.0277253484102462,,,,False,False,False,False,64.92078770881207,1.2448132780082943,7.0,B급,0.4115226337448652,0.15646421589821102,0.0,0.028019052956018697,-0.020643990034049153,False,False,False,False,2026-09-05T00:34:54.830847+09:00,1788536094,364726.39999784005,0.0,,4,0.0,complete,1788535313729,1788535604803,221467.39566828,346382.96682622,-0.21997973305713947,244.0,248.0,1.6393442622950838,0.0,1.6129032258064515,100.0,complete_hourly_ordered,/v1/candles/minutes/60,120,False,8.438818565400851,237.0,2026-08-31T08:00:00,257.0,2026-09-01T14:00:00,D-4,5.058365758754868,64.99999999999993,True,True,,-59.85912441672676,-100.0,0.15646421589821102,0.4115226337448652,0.0,0.028019052956018697,-0.020643990034049153,,,-59.85912441672676,-100.0,0.15646421589821102,0.4115226337448652,0.0,0.028019052956018697,-0.020643990034049153,,,-58.05668318260844,-100.0,0.6063327794431643,0.4115226337448652,0.0,0.028019052956018697,-0.020643990034049153,,,-58.05668318260844,-100.0,0.6063327794431643,0.4115226337448652,0.0,0.028019052956018697,-0.020643990034049153,,,-58.05668318260844,-100.0,0.6063327794431643,0.4115226337448652,0.0,0.028019052956018697,-0.020643990034049153,,,-58.05668318260844,-100.0,0.6063327794431643,0.4115226337448652,0.0,0.028019052956018697,-0.020643990034049153,,,-543889.55493121,-598877.203254,0.4115226337448652,364726.39999784005,1250888.1754099499,0.29157394495180144,0.4115226337448652,False,False,falling,falling,buy_only,accelerating,neutral,False,False,False,pass,S0,🌱 초발사 준비,발사 구조 관찰 또는 초기 준비,S0,False,,,2026-09-04T15:10:00Z,33889285661-1
KRW-BSV,비트코인에스브이,22580.0,22974.666666666668,20672.6,20460.75,0.08712825278809344,-11.135835195701894,-12.286532344448116,-0.1668386771493287,-0.47972841878188016,,,,,False,False,False,False,-36.72100889087202,0.40017785682524565,5.0,관찰,-0.3530450132391838,0.005515129112907857,0.0,-0.023234200743504907,0.022406837833976567,False,False,False,False,2026-09-05T00:34:54.830847+09:00,1788536094,66761.46340000001,530809.4958749999,0.12577292591563138,7,0.0,complete,1788536624142,1788536669565,900.01120801,1661.27995338,-0.29722069745356994,22740.0,23140.0,1.7590149516270914,-0.7036059806508344,2.4200518582541055,139.9999999999999,complete_hourly_ordered,/v1/candles/minutes/60,120,False,8.384074941451992,21350.0,2026-09-02T10:00:00,23140.0,2026-09-04T09:00:00,D-1,2.765773552290407,35.75418994413402,False,True,-9.617284190604193,-99.50221589849218,-61.43892735754983,0.005515129112907857,-0.3530450132391838,0.0,-0.023234200743504907,0.022406837833976567,,-9.617284190604193,-99.50221589849218,-61.43892735754983,0.005515129112907857,-0.3530450132391838,0.0,-0.023234200743504907,0.022406837833976567,,-0.7091882083282849,-97.72771427728446,-84.91511388041086,1.243742695251747,1.4375561545372895,0.0,0.09293680297397522,-0.08964195474885273,,-0.7091882083282849,-97.72771427728446,-84.91511388041086,1.243742695251747,1.4375561545372895,0.0,0.09293680297397522,-0.08964195474885273,,-0.7091882083282849,-97.72771427728446,-84.91511388041086,1.243742695251747,1.4375561545372895,0.0,0.09293680297397522,-0.08964195474885273,,-0.7091882083282849,-97.72771427728446,-84.91511388041086,1.243742695251747,1.4375561545372895,0.0,0.09293680297397522,-0.08964195474885273,,-9.617284190604193,-13344969.284483595,-845732.8549999999,-0.3530450132391838,597570.9592749999,4820431.1743576,0.12396628800630805,1.4375561545372895,False,False,falling,falling,sell_advantage_accelerating,accelerating,neutral,False,False,False,pass,S0,🌱 초발사 준비,발사 구조 관찰 또는 초기 준비,S0,False,,,2026-09-04T15:10:00Z,33889285661-1
KRW-SUI,수이,1024.0,1061.2,1021.58,1169.5333333333333,0.09432182607054251,-3.8783061532136496,9.262953884740346,-0.6231104834631811,-0.6758269872891226,,,13.706102388565318,,False,False,False,False,-6.445996633670548,3.6363636363636376,10.0,A급,0.6869479882237517,0.5587925501191471,0.0,0.04401685216623985,-0.035377987823546064,False,False,False,False,2026-09-05T00:34:54.830847+09:00,1788536094,88099932.62606926,72582293.4353132,1.2137937292459036,106,0.0,complete,1788535216843,1788536678145,527004.62261006,245964.78873835,0.36358467714970605,1069.0,1076.0,0.654817586529477,-4.209541627689428,4.83271375464684,742.8571428571327,complete_hourly_ordered,/v1/candles/minutes/60,120,False,12.280701754385959,969.0,2026-09-02T19:00:00,1088.0,2026-09-04T02:00:00,D-1,5.606617647058821,51.26050420168069,False,False,-0.15686243638980524,-67.99671315443247,-63.860826284925935,0.5587925501191471,0.4906771344455274,0.0,0.04401685216623985,-0.035377987823546064,-0.19791637750506474,-0.15686243638980524,-67.99671315443247,-63.860826284925935,0.5587925501191471,0.4906771344455274,0.0,0.04401685216623985,-0.035377987823546064,-0.19791637750506474,0.7315872919284366,-39.39187554961448,-75.92208044947543,3.5409086581191236,-0.9671179883945835,0.0,-0.044016852166262055,0.03537445887234725,0.1937959961432778,0.7315872919284366,-39.39187554961448,-75.92208044947543,3.5409086581191236,-0.9671179883945835,0.0,-0.044016852166262055,0.03537445887234725,0.1937959961432778,0.7315872919284366,-39.39187554961448,-75.92208044947543,3.5409086581191236,-0.9671179883945835,0.0,-0.044016852166262055,0.03537445887234725,0.1937959961432778,0.7315872919284366,-39.39187554961448,-75.92208044947543,3.5409086581191236,-0.9671179883945835,0.0,-0.044016852166262055,0.03537445887234725,0.1937959961432778,-0.15686243638980524,-187184081.32911354,-128258749.60446796,0.4906771344455274,160682226.06138247,197075579.5599533,0.815333012949484,-0.9671179883945835,False,False,falling,falling,buy_advantage_weakening,accelerating,neutral,False,False,False,pass,S0,🌱 초발사 준비,발사 구조 관찰 또는 초기 준비,S0,False,,,2026-09-04T15:10:00Z,33889285661-1
KRW-SYRUP,메이플파이낸스,309.0,269.3333333333333,245.44,250.25,1.5585721468074354,-9.734897870491084,-7.625707625707618,-1.4524415400717958,-1.7719458936888415,,,,,False,False,False,False,192.79458014006315,27.685950413223146,8.0,B급,3.0000000000000027,3.15457707514355,0.0,0.2262443438913797,-0.207566990818707,False,False,False,False,2026-09-05T00:34:54.830847+09:00,1788536094,30172063.544481784,19552893.473715164,1.5430996739711136,100,0.0,complete,1788535492443,1788536683103,582899.58949568,490488.43463813,0.08609296245141435,290.0,314.0,8.275862068965512,6.5517241379310365,1.5923566878980893,20.833333333333265,complete_hourly_ordered,/v1/candles/minutes/60,120,False,31.380753138075313,239.0,2026-08-31T08:00:00,314.0,2026-09-04T20:00:00,D-1,0.6369426751592355,2.6666666666666385,False,False,1.5090235210709961,16643.56054971558,269.7467759267788,3.15457707514355,3.0000000000000027,0.0,0.2262443438913797,-0.207566990818707,,1.5090235210709961,16643.56054971558,269.7467759267788,3.15457707514355,3.0000000000000027,0.0,0.2262443438913797,-0.207566990818707,,1.3130744336546574,647.3823185209687,11.410040664213227,6.421948155364987,1.6447368421052655,0.0,0.12569130216188995,-0.11529963236873808,,1.3130744336546574,647.3823185209687,11.410040664213227,6.421948155364987,1.6447368421052655,0.0,0.12569130216188995,-0.11529963236873808,,1.3130744336546574,647.3823185209687,11.410040664213227,6.421948155364987,1.6447368421052655,0.0,0.12569130216188995,-0.11529963236873808,,1.3130744336546574,647.3823185209687,11.410040664213227,6.421948155364987,1.6447368421052655,0.0,0.12569130216188995,-0.11529963236873808,,1.5090235210709961,29991862.544492003,14264708.492330164,3.0000000000000027,49724957.01819695,5238802.763968299,9.49166427111892,1.6447368421052655,False,False,rising,rising,buy_advantage_accelerating,accelerating,neutral,False,False,False,pass,S0,🌱 초발사 준비,발사 구조 관찰 또는 초기 준비,S0,False,,,2026-09-04T15:10:00Z,33889285661-1
KRW-BTC,비트코인,108702000.0,108290133.33333333,97210540.0,99827483.33333333,0.5032736920390635,-11.397522669181066,-8.477274711756898,-0.6589441190905934,-1.03821136670475,,,,,False,False,False,False,3.64184833860115,0.642408197646982,8.0,B급,0.5977109336688935,0.6327397586293637,0.0,0.03817554315073135,-0.035619073711277593,False,False,False,False,2026-09-05T00:34:54.830847+09:00,1788536094,935584993.4395604,1693547275.1347098,0.5524410255185472,1122,0.0,complete,1788535201742,1788536687133,3.42230515,1.54525277,0.37786220316480984,110937000.0,111392000.0,0.41014269360086786,-2.0146569674680204,2.4148951450732548,591.2087912087964,complete_hourly_ordered,/v1/candles/minutes/60,120,False,6.869209263270393,104801000.0,2026-09-02T20:00:00,112000000.0,2026-09-04T06:00:00,D-1,2.867857142857144,44.617307959438826,False,False,-0.1874013606082705,-66.71276552208191,-55.42093029642496,0.6327397586293637,0.5764302038323788,0.0,0.03817554315073135,-0.035619073711277593,,-0.1874013606082705,-66.71276552208191,-55.42093029642496,0.6327397586293637,0.5764302038323788,0.0,0.03817554315073135,-0.035619073711277593,,0.08409794244549756,-55.80396967735799,-62.53191898362874,3.6207478149438588,0.09207933555550607,0.0,0.007486613810758769,-0.006984974824213452,,0.08409794244549756,-55.80396967735799,-62.53191898362874,3.6207478149438588,0.09207933555550607,0.0,0.007486613810758769,-0.006984974824213452,,0.08409794244549756,-55.80396967735799,-62.53191898362874,3.6207478149438588,0.09207933555550607,0.0,0.007486613810758769,-0.006984974824213452,,0.08409794244549756,-55.80396967735799,-62.53191898362874,3.6207478149438588,0.09207933555550607,0.0,0.007486613810758769,-0.006984974824213452,,-0.1874013606082705,-1875057008.256927,-2105426742.0348206,0.5764302038323788,2629132268.5742702,2082439394.7450027,1.2625252265246407,0.09207933555550607,False,False,falling,falling,sell_advantage_accelerating,accelerating,neutral,False,False,False,pass,S0,🌱 초발사 준비,발사 구조 관찰 또는 초기 준비,S0,False,,,2026-09-04T15:10:00Z,33889285661-1
KRW-HOLO,홀로월드에이아이,87.9,90.46666666666667,93.64200000000001,100.1675,0.07374631268435294,3.390928571937102,9.684611608888446,-0.7561102983020901,-0.5115573201822121,4.484700948461779,,,,False,False,False,False,55.04937204504594,-0.45300113250281715,7.0,B급,0.34246575342467,1.1911044420164245,0.0,0.014749262536861707,-0.011808494440192163,False,False,False,False,2026-09-05T00:34:54.830847+09:00,1788536094,46490117.702965155,32713925.590902,1.4211109447499148,204,0.0,complete,1788535224274,1788536674397,2656822.31813313,1390765.71161369,0.3127928527347268,85.9,94.3,9.77881257275901,2.328288707799775,6.7868504772004155,76.19047619047609,complete_hourly_ordered,/v1/candles/minutes/60,120,False,13.477737665463296,83.1,2026-09-03T10:00:00,94.3,2026-09-04T09:00:00,D-1,6.786850477200412,57.142857142857025,False,True,-21.1378400013857,20.975179680962164,1820.3800760277913,1.1911044420164245,0.34246575342467,0.0,0.014749262536861707,-0.011808494440192163,,-21.1378400013857,20.975179680962164,1820.3800760277913,1.1911044420164245,0.34246575342467,0.0,0.014749262536861707,-0.011808494440192163,,-3.39900842454599,59.33393653751216,440.42831527539886,4.4396415022604145,1.0344827586207028,0.0,0.06637168141592209,-0.053141319759062,,-3.39900842454599,59.33393653751216,440.42831527539886,4.4396415022604145,1.0344827586207028,0.0,0.06637168141592209,-0.053141319759062,,-3.39900842454599,59.33393653751216,440.42831527539886,4.4396415022604145,1.0344827586207028,0.0,0.06637168141592209,-0.053141319759062,,-3.39900842454599,59.33393653751216,440.42831527539886,4.4396415022604145,1.0344827586207028,0.0,0.06637168141592209,-0.053141319759062,,-21.1378400013857,8060649.918276019,31010412.520793032,0.34246575342467,79204043.29386716,13068317.219410729,6.060768342554711,1.0344827586207028,False,False,rising,rising,buy_advantage_weakening,accelerating,neutral,False,False,False,pass,S0,🌱 초발사 준비,발사 구조 관찰 또는 초기 준비,S0,False,,,2026-09-04T15:10:00Z,33889285661-1
KRW-MIRA,미라네트워크,61.3,59.85333333333333,59.57,77.93916666666668,0.5487736588643877,-0.4756309104135159,23.205063778374175,-0.7691747348808112,-1.0474559545238766,,,,,True,False,False,False,416.8311082989747,-0.6482982171799101,10.0,A급,1.490066225165565,1.128724906663706,0.0,0.10079516183225667,-0.0695999227314914,False,True,False,False,2026-09-05T00:34:54.830847+09:00,1788536094,122716725.43857412,61284783.41639527,2.002401225844003,215,0.0,complete,1788535196783,1788536682025,2235217.95110736,1695891.35958235,0.13719450386648893,61.7,62.5,1.296596434359798,-0.6482982171799101,1.9200000000000046,150.00000000000085,complete_hourly_ordered,/v1/candles/minutes/60,120,False,20.268006700167483,59.7,2026-08-31T10:00:00,71.8,2026-08-31T14:00:00,D-4,13.509749303621167,80.16528925619835,False,True,1.8603819874269745,1173.3164043027919,-9.690713494859027,1.128724906663706,1.490066225165565,0.0,0.10079516183225667,-0.0695999227314914,,1.8603819874269745,1173.3164043027919,-9.690713494859027,1.128724906663706,1.490066225165565,0.0,0.10079516183225667,-0.0695999227314914,,1.404205650061305,647.1150209038339,123.19248227442343,3.6015175743331156,2.1666666666666723,0.0,0.1455930115354498,-0.10053752196587595,,1.404205650061305,647.1150209038339,123.19248227442343,3.6015175743331156,2.1666666666666723,0.0,0.1455930115354498,-0.10053752196587595,,1.404205650061305,647.1150209038339,123.19248227442343,3.6015175743331156,2.1666666666666723,0.0,0.1455930115354498,-0.10053752196587595,,1.404205650061305,647.1150209038339,123.19248227442343,3.6015175743331156,2.1666666666666723,0.0,0.1455930115354498,-0.10053752196587595,,1.8603819874269745,113079158.13606474,-6576214.923910029,1.490066225165565,184001508.85496938,30603172.2199739,6.012497904870017,2.1666666666666723,False,True,rising,falling,buy_advantage_accelerating,accelerating,neutral,True,True,True,⚡ 2차 시동/재점화,S4,⚡ 2차 시동·재점화,Higher Low·BID 증가·ASK 감소·ratio 및 거래대금 재가속 확인,S3,True,Higher Low·BID 증가·ASK 감소·ratio 및 거래대금 재가속 확인,2026-09-05T00:34:54.830847+09:00,2026-09-04T15:10:00Z,33889285661-1
KRW-SUN,썬,22.4,23.38,25.092,26.33,-0.48240635641316754,6.822891758329347,11.20394986707178,0.1618632485278555,0.2634952819049888,,,,,False,False,False,False,23.100349612643377,-3.4482758620689724,4.0,-,0.4484304932735439,0.05945356638663668,0.0,0.02837684449488176,-0.022510015821074703,False,False,False,False,2026-09-05T00:34:54.830847+09:00,1788536094,0.0,151095.81596211198,0.0,2,0.0,complete,1788536118800,1788536140313,2123619.19805601,4143978.66923764,-0.32234988810059406,22.5,22.7,0.8888888888888946,-0.4444444444444473,1.3215859030837036,150.0,complete_hourly_ordered,/v1/candles/minutes/60,120,False,3.65296803652968,21.9,2026-09-02T19:00:00,22.7,2026-09-04T00:00:00,D-1,1.3215859030836996,37.50000000000015,False,False,-2.7976901004619243,-100.0,85.96635787401938,0.05945356638663668,0.4484304932735439,0.0,0.02837684449488176,-0.022510015821074703,,-2.7976901004619243,-100.0,85.96635787401938,0.05945356638663668,0.4484304932735439,0.0,0.02837684449488176,-0.022510015821074703,,,,,0.7399719573713419,0.4484304932735439,0.0,0.02837684449488176,-0.022510015821074703,,,,,0.7399719573713419,0.4484304932735439,0.0,0.02837684449488176,-0.022510015821074703,,,,,0.7399719573713419,0.4484304932735439,0.0,0.02837684449488176,-0.022510015821074703,,,,,0.7399719573713419,0.4484304932735439,0.0,0.02837684449488176,-0.022510015821074703,,-2.7976901004619243,-227309.537795424,69846.81066381498,0.4484304932735439,151095.81596211198,553559.3014621335,0.2729532600446201,0.4484304932735439,False,False,falling,rising,sell_only,accelerating,neutral,False,False,False,pass,S0,🌱 초발사 준비,발사 구조 관찰 또는 초기 준비,S0,False,,,2026-09-04T15:10:00Z,33889285661-1
KRW-ZBT,제로베이스,117.0,112.06666666666666,137.66,170.59166666666667,0.5382775119617156,18.59169935590101,34.30706853597773,-0.8969319101235979,-0.8431603663342095,,,,,False,False,False,False,-25.172221302426244,1.7391304347825987,6.0,관찰,1.7391304347825987,0.9568477448727819,0.0,0.11961722488036397,-0.07174821129863318,False,False,False,False,2026-09-05T00:34:54.830847+09:00,1788536094,30670310.35437408,31114190.778884828,0.9857338271252106,99,0.0,complete,1788535212134,1788536693648,4429615.48038642,6659233.35121684,-0.2010684701982771,116.0,117.0,0.8620689655172376,0.8620689655172376,0.0,0.0,complete_hourly_ordered,/v1/candles/minutes/60,120,False,8.25688073394495,109.0,2026-08-31T11:00:00,118.0,2026-08-31T19:00:00,D-4,1.6949152542372836,22.22222222222211,False,True,-47.31497315498068,-36.16014612560278,3028.1366134714594,0.9568477448727819,1.7391304347825987,0.0,0.11961722488036397,-0.07174821129863318,,-47.31497315498068,-36.16014612560278,3028.1366134714594,0.9568477448727819,1.7391304347825987,0.0,0.11961722488036397,-0.07174821129863318,,-0.28787994735696276,18.17484259652231,52.68737176965666,2.2448311418646902,3.539823008849563,1.0,0.23923444976077235,-0.14351044482063458,,-0.28787994735696276,18.17484259652231,52.68737176965666,2.2448311418646902,3.539823008849563,1.0,0.23923444976077235,-0.14351044482063458,,-0.28787994735696276,18.17484259652231,52.68737176965666,2.2448311418646902,3.539823008849563,1.0,0.23923444976077235,-0.14351044482063458,,-0.28787994735696276,18.17484259652231,52.68737176965666,2.2448311418646902,3.539823008849563,1.0,0.23923444976077235,-0.14351044482063458,,-47.31497315498068,-17372265.70589838,30119535.026163217,1.7391304347825987,61784501.13325891,8419994.97960214,7.337831113074885,3.539823008849563,False,False,falling,rising,sell_advantage_accelerating,accelerating,neutral,False,False,False,pass,S0,🌱 초발사 준비,발사 구조 관찰 또는 초기 준비,S0,False,,,2026-09-04T15:10:00Z,33889285661-1
KRW-ONG,온톨로지가스,133.0,142.62666666666667,89.22,84.76333333333334,1.134537203365782,-59.859523275797656,-68.26457981045263,-1.561129813732626,-3.714277824965559,,,,,False,False,False,False,-73.30770918580197,-8.275862068965523,6.0,관찰,1.526717557251911,0.013945789598537317,1.0,0.14181715042069776,-0.18637828811914403,False,False,False,False,2026-09-05T00:34:54.830847+09:00,1788536094,9602325.057718772,15460269.76899228,0.621096863198181,71,0.0,complete,1788535229774,1788536653442,6191937.04614852,9078529.92587845,-0.1890310810414444,138.0,139.0,0.7246376811594235,-3.6231884057971064,4.316546762589928,599.9999999999985,complete_hourly_ordered,/v1/candles/minutes/60,120,False,36.36363636363635,121.0,2026-09-01T09:00:00,165.0,2026-09-01T19:00:00,D-4,20.606060606060606,77.27272727272728,False,True,-0.20934836441876248,-62.789753233204834,-50.247580245669575,0.013945789598537317,1.526717557251911,1.0,0.14181715042069776,-0.18637828811914403,,-0.20934836441876248,-62.789753233204834,-50.247580245669575,0.013945789598537317,1.526717557251911,1.0,0.14181715042069776,-0.18637828811914403,,0.2983840352074421,-60.15250432676682,-79.29582521019006,0.07732940725412618,0.7575757575757569,0.0,0.04727238347357332,-0.06211387923914913,,0.2983840352074421,-60.15250432676682,-79.29582521019006,0.07732940725412618,0.7575757575757569,0.0,0.04727238347357332,-0.06211387923914913,,0.2983840352074421,-60.15250432676682,-79.29582521019006,0.07732940725412618,0.7575757575757569,0.0,0.04727238347357332,-0.06211387923914913,,0.2983840352074421,-60.15250432676682,-79.29582521019006,0.07732940725412618,0.7575757575757569,0.0,0.04727238347357332,-0.06211387923914913,,-0.20934836441876248,-16203268.540997908,-15614137.958978834,1.526717557251911,25062594.82671105,87747941.98502046,0.2856203149583783,0.7575757575757569,False,False,falling,falling,sell_advantage_accelerating,accelerating,neutral,True,True,False,🔴 1차 급등 완료·상승분 반납 / 신규매수 금지,S3,🔴 1차 급등 완료·반납,당일/5D 급등 후 상승분 상당 부분 반납,S3,False,,,2026-09-04T15:10:00Z,33889285661-1
KRW-BTT,비트토렌트,0.000406,0.00040506666666666663,0.00038732,0.00041229166666666665,0.31368664355291287,-4.581913318874988,1.7524002021222906,-0.5476602493590624,-0.685449946796514,,,2.5565691708230833,,False,False,False,False,-22.726083053716174,1.2468827930174564,11.0,A급,0.0,0.11209650679730743,0.0,0.0,0.0,False,False,False,False,2026-09-05T00:34:54.830847+09:00,1788536094,8000.000000000001,502266.5368761141,0.015927798116427635,11,0.0,complete,1788535302971,1788536273181,517579298679.0387,357735424611.02924,0.18261303027921225,0.000413,0.000415,0.4842615012106588,-1.6949152542372947,2.168674698795181,449.99999999999767,complete_hourly_ordered,/v1/candles/minutes/60,120,False,4.534005037783384,0.000397,2026-08-31T12:00:00,0.000415,2026-09-04T00:00:00,D-1,2.168674698795181,50.0,False,True,-0.4640893141042967,-99.79918331662812,-93.94797424394183,0.11209650679730743,0.0,0.0,0.0,0.0,0.0,-0.4640893141042967,-99.79918331662812,-93.94797424394183,0.11209650679730743,0.0,0.0,0.0,0.0,0.0,-0.8748407464027778,-99.69399846072355,-82.88674029081298,2.084080430353872,-0.24570024570025328,0.0,-0.0330196466897803,0.02836681287071574,0.062031125475583426,-0.8748407464027778,-99.69399846072355,-82.88674029081298,2.084080430353872,-0.24570024570025328,0.0,-0.0330196466897803,0.02836681287071574,0.062031125475583426,-0.8748407464027778,-99.69399846072355,-82.88674029081298,2.084080430353872,-0.24570024570025328,0.0,-0.0330196466897803,0.02836681287071574,0.062031125475583426,-0.8748407464027778,-99.69399846072355,-82.88674029081298,2.084080430353872,-0.24570024570025328,0.0,-0.0330196466897803,0.02836681287071574,0.062031125475583426,-0.4640893141042967,-3975732.758490582,-7796880.841558924,0.0,510266.5368761141,2528750.3122142833,0.20178604997553223,-0.24570024570025328,False,True,falling,falling,sell_advantage_accelerating,accelerating,neutral,False,False,False,pass,S1,⚡ 선행 시동,가격 미급등 상태에서 선행조건 3개 개선,S1,False,,,2026-09-04T15:10:00Z,33889285661-1
KRW-ENSO,엔소,1148.0,1180.6666666666667,1200.54,1116.3166666666666,-0.005646208570941891,1.6553661963227564,-5.764493348661533,-0.04154006669783887,-0.3933622232540578,,,,,False,False,False,False,29.57831750006774,-2.8013582342954146,4.0,-,-0.2613240418118501,0.22089934475462059,0.0,-0.016938625712825672,0.015547110875185233,False,False,False,False,2026-09-05T00:34:54.830847+09:00,1788536094,4366449.831692611,12441899.070869438,0.3509472152780841,42,0.0,complete,1788535240440,1788536667920,205013.71195433,114162.15567783,0.28464418989597146,1184.0,1210.0,2.195945945945943,-3.0405405405405372,5.12396694214876,238.4615384615385,complete_hourly_ordered,/v1/candles/minutes/60,120,False,15.378006872852223,1164.0,2026-08-31T08:00:00,1343.0,2026-08-31T20:00:00,D-4,13.998510796723751,105.02793296089384,False,True,0.15816779050447852,22.341276671791952,-32.79650068125384,0.22089934475462059,0.0,0.0,-0.016938625712825672,0.015547110875185233,,0.15816779050447852,22.341276671791952,-32.79650068125384,0.22089934475462059,0.0,0.0,-0.016938625712825672,0.015547110875185233,,-1.328073470548969,32.49917187582443,533.9097184691525,0.7953160407347504,-1.7123287671232834,0.0,-0.1298627971317301,0.119176723960698,,-1.328073470548969,32.49917187582443,533.9097184691525,0.7953160407347504,-1.7123287671232834,0.0,-0.1298627971317301,0.119176723960698,,-1.328073470548969,32.49917187582443,533.9097184691525,0.7953160407347504,-1.7123287671232834,0.0,-0.1298627971317301,0.119176723960698,,-1.328073470548969,32.49917187582443,533.9097184691525,0.7953160407347504,-1.7123287671232834,0.0,-0.1298627971317301,0.119176723960698,,0.15816779050447852,797376.538950541,-6071867.618358333,0.0,16808348.90256205,9597406.123052996,1.7513428823427977,-1.7123287671232834,False,False,rising,falling,sell_advantage_weakening,accelerating,leading_buy_inflow,True,True,False,🔴 1차 급등 완료·상승분 반납 / 신규매수 금지,S3,🔴 1차 급등 완료·반납,당일/5D 급등 후 상승분 상당 부분 반납,S3,False,,,2026-09-04T15:10:00Z,33889285661-1
KRW-BIRB,문버드,81.2,78.90666666666667,77.31,111.17916666666666,0.4327535002121463,-2.065278316733494,29.02747067421204,-0.9542158862340969,-0.9825853831927859,,,,,False,False,False,False,36.84846173964913,1.8820577164366359,9.0,B급,0.6195786864931829,0.6235755039323294,1.0,0.04242681374631019,-0.027322819529068454,False,False,False,False,2026-09-05T00:34:54.830847+09:00,1788536094,6626804.498975783,8453090.194853244,0.7839505253369453,47,0.0,complete,1788535436780,1788536665334,953155.97936916,957854.22098654,-0.0024585120563487576,79.5,84.7,6.540880503144653,2.1383647798742134,4.132231404958678,67.3076923076923,complete_hourly_ordered,/v1/candles/minutes/60,120,False,12.35668789808917,78.5,2026-08-31T08:00:00,88.2,2026-08-31T16:00:00,D-4,7.709750566893425,70.10309278350515,False,True,0.7772637483116791,6048.106555735865,-47.55916816547368,0.6235755039323294,0.6195786864931829,1.0,0.04242681374631019,-0.027322819529068454,,0.7772637483116791,6048.106555735865,-47.55916816547368,0.6235755039323294,0.6195786864931829,1.0,0.04242681374631019,-0.027322819529068454,,0.3791382910610937,-21.58907582570707,-59.510580858419374,2.6069466382282727,0.4950495049504955,1.0,0.033941450997021505,-0.021858091781759015,,0.3791382910610937,-21.58907582570707,-59.510580858419374,2.6069466382282727,0.4950495049504955,1.0,0.033941450997021505,-0.021858091781759015,,0.3791382910610937,-21.58907582570707,-59.510580858419374,2.6069466382282727,0.4950495049504955,1.0,0.033941450997021505,-0.021858091781759015,,0.3791382910610937,-21.58907582570707,-59.510580858419374,2.6069466382282727,0.4950495049504955,1.0,0.033941450997021505,-0.021858091781759015,,0.7772637483116791,6519018.3954185285,-7666200.630903348,0.6195786864931829,15079894.693829026,5531236.401963148,2.7263153475915196,0.4950495049504955,False,False,rising,falling,sell_advantage_weakening,accelerating,neutral,False,True,False,pass,S0,🌱 초발사 준비,발사 구조 관찰 또는 초기 준비,S0,False,,,2026-09-04T15:10:00Z,33889285661-1
KRW-ONT,온톨로지,76.0,74.74666666666667,61.918,69.65249999999999,0.890848555745527,-20.71880013350992,-7.313688190182235,-1.630682086042738,-2.032999830823883,,,,,False,False,False,False,-77.63022104609487,3.825136612021862,8.0,B급,1.1984021304926928,0.04033218954350559,0.0,0.0809862323404964,-0.0745946922043883,False,False,False,False,2026-09-05T00:34:54.830847+09:00,1788536094,12659132.611023,3306738.332379759,3.8282837462716945,52,0.0,complete,1788535321021,1788536582518,1392195.36007055,1242909.06155161,0.0566528966723224,75.4,77.6,2.9177718832890998,0.7957559681697646,2.0618556701030855,72.72727272727238,complete_hourly_ordered,/v1/candles/minutes/60,120,False,20.396600566572243,70.6,2026-09-01T09:00:00,85.0,2026-09-01T21:00:00,D-4,10.11764705882352,59.72222222222212,False,True,-3.344840602274067,-28.221983619131706,34.491764747936784,0.04033218954350559,1.1984021304926928,0.0,0.0809862323404964,-0.0745946922043883,,-3.344840602274067,-28.221983619131706,34.491764747936784,0.04033218954350559,1.1984021304926928,0.0,0.0809862323404964,-0.0745946922043883,,2.858746396819353,218.85194486238456,-19.248705169603475,0.08274041467880977,1.7402945113788482,0.0,0.11698011338070469,-0.10775304599171953,,2.858746396819353,218.85194486238456,-19.248705169603475,0.08274041467880977,1.7402945113788482,0.0,0.11698011338070469,-0.10775304599171953,,2.858746396819353,218.85194486238456,-19.248705169603475,0.08274041467880977,1.7402945113788482,0.0,0.11698011338070469,-0.10775304599171953,,2.858746396819353,218.85194486238456,-19.248705169603475,0.08274041467880977,1.7402945113788482,0.0,0.11698011338070469,-0.10775304599171953,,-3.344840602274067,-4977371.223035535,848046.2789464374,1.1984021304926928,15965870.943402758,11749266.508930512,1.3588823550191191,1.7402945113788482,False,False,falling,rising,buy_advantage_weakening,accelerating,neutral,False,True,False,pass,S0,🌱 초발사 준비,발사 구조 관찰 또는 초기 준비,S3,True,발사 구조 관찰 또는 초기 준비,2026-09-05T00:34:54.830847+09:00,2026-09-04T15:10:00Z,33889285661-1
KRW-SOMI,솜니아,156.0,154.4,138.12,170.54166666666666,0.7394519356241691,-11.786852012742543,9.464940141705343,-1.0620155737330976,-1.4144934325181981,,,6.691399142698792,,False,False,False,False,1142.7446539959267,2.6315789473684292,13.0,A급,0.0,0.0008116505409816455,0.0,0.0,0.0,False,True,False,False,2026-09-05T00:34:54.830847+09:00,1788536094,13440.608918000002,5554.999944,2.419551584787559,3,0.0,complete,1788535312999,1788536424381,749316.23733032,1232377.91524626,-0.2437619737071272,158.0,161.0,1.8987341772152,-1.2658227848101222,3.1055900621118013,166.66666666666606,complete_hourly_ordered,/v1/candles/minutes/60,120,False,30.666666666666664,150.0,2026-08-31T08:00:00,196.0,2026-09-01T16:00:00,D-4,19.897959183673475,84.78260869565219,False,False,1.0336900021562425,-98.70289433333333,-99.25704873442301,0.0008116505409816455,0.0,0.0,0.0,0.0,0.0,1.0336900021562425,-98.70289433333333,-99.25704873442301,0.0008116505409816455,0.0,0.0,0.0,0.0,0.0,,,,4.423762787471787,0.6451612903225712,0.0,0.043497172683770735,-0.03466892788026499,-0.05759305114751978,,,,4.423762787471787,0.6451612903225712,0.0,0.043497172683770735,-0.03466892788026499,-0.05759305114751978,,,,4.423762787471787,0.6451612903225712,0.0,0.043497172683770735,-0.03466892788026499,-0.05759305114751978,,,,4.423762787471787,0.6451612903225712,0.0,0.043497172683770735,-0.03466892788026499,-0.05759305114751978,1.0336900021562425,-1022759.391082,-742138.7185243199,0.0,18995.608862,2433729.1928440602,0.007805144844320867,0.6451612903225712,False,True,falling,falling,buy_advantage_accelerating,accelerating,neutral,True,True,False,🔴 1차 급등 완료·상승분 반납 / 신규매수 금지,S3,🔴 1차 급등 완료·반납,당일/5D 급등 후 상승분 상당 부분 반납,S3,False,,,2026-09-04T15:10:00Z,33889285661-1
KRW-DEEP,딥북,20.1,19.59333333333333,21.79,29.118333333333332,-0.16983695652175168,10.081076946611606,32.71135023753649,-0.7520135107109605,-0.6447213189553629,13.40544658177865,,,,False,False,False,False,37.70580611102228,8.64864864864865,6.0,관찰,0.5000000000000115,0.04607941656775694,0.0,0.03396739130433479,-0.02096995936685886,False,False,False,False,2026-09-05T00:34:54.830847+09:00,1788536094,170749.999999962,0.0,,2,0.0,complete,1788535496538,1788536000829,6623749.03223457,10942423.42281469,-0.24585175863617062,20.7,20.8,0.48309178743961567,-2.898550724637672,3.365384615384612,699.9999999999953,complete_hourly_ordered,/v1/candles/minutes/60,120,False,16.483516483516492,18.2,2026-08-31T08:00:00,21.2,2026-09-03T17:00:00,D-2,5.188679245283012,36.66666666666666,False,True,,-91.20087232965192,-100.0,0.04607941656775694,0.5000000000000115,0.0,0.03396739130433479,-0.02096995936685886,,,-91.20087232965192,-100.0,0.04607941656775694,0.5000000000000115,0.0,0.03396739130433479,-0.02096995936685886,,,-50.489356394587205,-100.0,1.991974564292029,0.0,0.0,0.0,0.0,,,-50.489356394587205,-100.0,1.991974564292029,0.0,0.0,0.0,0.0,,,-50.489356394587205,-100.0,1.991974564292029,0.0,0.0,0.0,0.0,,,-50.489356394587205,-100.0,1.991974564292029,0.0,0.0,0.0,0.0,,,-1769783.2709896986,-20467310.098232955,0.5000000000000115,170749.999999962,4343328.332857262,0.039313168822223014,0.0,False,False,falling,falling,buy_only,accelerating,neutral,False,False,False,pass,S0,🌱 초발사 준비,발사 구조 관찰 또는 초기 준비,S0,False,,,2026-09-04T15:10:00Z,33889285661-1
KRW-STRAX,저트라,12.9,13.04,12.752,14.883333333333333,0.3076923076922977,-2.258469259723953,12.385218365061593,-0.7927155315260153,-0.849157276182989,,,14.585305587598407,,False,False,False,False,181.74404319111807,0.0,12.0,A급,-0.7692307692307665,0.5262044390091773,0.0,-0.05128205128204222,0.039884957077715555,False,False,False,False,2026-09-05T00:34:54.830847+09:00,1788536094,0.0,1076702.585937615,0.0,2,0.0,complete,1788535388783,1788536367445,21130160.3188022,48723691.0333016,-0.39501802950580417,13.1,13.2,0.7633587786259444,-1.5267175572518998,2.272727272727265,300.0000000000015,complete_hourly_ordered,/v1/candles/minutes/60,120,False,17.599999999999994,12.5,2026-08-31T19:00:00,14.7,2026-09-01T18:00:00,D-4,12.244897959183664,81.8181818181818,False,True,-0.6291933534732553,-100.0,15.451758953190131,0.5262044390091773,-0.7692307692307665,0.0,-0.05128205128204222,0.039884957077715555,0.18227227687533798,-0.6291933534732553,-100.0,15.451758953190131,0.5262044390091773,-0.7692307692307665,0.0,-0.05128205128204222,0.039884957077715555,0.18227227687533798,0.0,,-40.7981588880318,1.196564221438166,0.78125,0.0,0.05128205128204222,-0.03988942372837556,-0.1857502838005889,0.0,,-40.7981588880318,1.196564221438166,0.78125,0.0,0.05128205128204222,-0.03988942372837556,-0.1857502838005889,0.0,,-40.7981588880318,1.196564221438166,0.78125,0.0,0.05128205128204222,-0.03988942372837556,-0.1857502838005889,0.0,,-40.7981588880318,1.196564221438166,0.78125,0.0,0.05128205128204222,-0.03988942372837556,-0.1857502838005889,-0.6291933534732553,-586785.439114953,144103.03466168896,-0.7692307692307665,1076702.585937615,4385955.848112476,0.24548869692816921,0.78125,False,False,falling,rising,sell_only,accelerating,neutral,True,True,False,🔴 1차 급등 완료·상승분 반납 / 신규매수 금지,S3,🔴 1차 급등 완료·반납,당일/5D 급등 후 상승분 상당 부분 반납,S3,False,,,2026-09-04T15:10:00Z,33889285661-1
KRW-ICP,인터넷컴퓨터,3359.0,3355.5333333333333,3177.56,3488.9,0.1253232544260907,-5.600943281427679,3.822599291085064,-0.35792458423950385,-0.6185550986377044,,,6.179884863133283,,False,False,False,False,46.72825541446477,3.322054752383874,12.0,A급,0.6894484412470092,0.00029864134365453765,0.0,0.04575293415556292,-0.03866741459636458,False,False,False,False,2026-09-05T00:34:54.830847+09:00,1788536094,311462.78308905,0.0,,9,0.0,complete,1788536032610,1788536609420,24134.93796796,14672.54485631,0.24382908715048807,3425.0,3551.0,3.678832116788322,-1.9270072992700782,5.406927626020839,152.3809523809525,complete_hourly_ordered,/v1/candles/minutes/60,120,False,9.938271604938276,3240.0,2026-08-31T08:00:00,3562.0,2026-09-02T14:00:00,D-3,5.586749017405957,61.80124223602485,True,True,,2118.1594083345826,,0.00029864134365453765,0.6894484412470092,0.0,0.04575293415556292,-0.03866741459636458,-0.14154615096060041,,2118.1594083345826,,0.00029864134365453765,0.6894484412470092,0.0,0.04575293415556292,-0.03866741459636458,-0.14154615096060041,,8.304403000133153,-100.0,2.1171576468075983,-0.6213017751479311,0.0,-0.04177441814203764,0.03530132051502921,0.1261684806286203,,8.304403000133153,-100.0,2.1171576468075983,-0.6213017751479311,0.0,-0.04177441814203764,0.03530132051502921,0.1261684806286203,,8.304403000133153,-100.0,2.1171576468075983,-0.6213017751479311,0.0,-0.04177441814203764,0.03530132051502921,0.1261684806286203,,8.304403000133153,-100.0,2.1171576468075983,-0.6213017751479311,0.0,-0.04177441814203764,0.03530132051502921,0.1261684806286203,,297421.28625529,0.0,0.6894484412470092,311462.78308905,1657569.9522443598,0.18790325118244783,-0.6213017751479311,False,True,rising,flat_or_na,buy_only,accelerating,neutral,False,False,False,pass,S1,⚡ 선행 시동,가격 미급등 상태에서 선행조건 5개 개선,S1,False,,,2026-09-04T15:10:00Z,33889285661-1
KRW-BREV,브레비스,105.0,101.41333333333334,101.234,122.48916666666668,0.6084656084656137,-0.17714733521677148,17.206283548885278,-0.9280707343646946,-1.0668967691227924,,,,,True,False,False,False,40.215315310800534,5.000000000000004,9.0,B급,0.9615384615384581,0.06744721382401053,0.0,0.0661375661375807,-0.04879717803118311,False,False,False,False,2026-09-05T00:34:54.830847+09:00,1788536094,11703803.71865355,0.0,,7,0.0,complete,1788536381677,1788536673984,1380293.29011982,3358884.74788678,-0.41749675616727794,106.0,106.0,0.0,-0.9433962264150941,0.9433962264150944,,complete_hourly_ordered,/v1/candles/minutes/60,120,False,8.739837398373984,98.4,2026-08-31T08:00:00,107.0,2026-08-31T13:00:00,D-4,1.869158878504673,23.25581395348856,False,True,,-2.6708416169725746,,0.06744721382401053,0.9615384615384581,0.0,0.0661375661375807,-0.04879717803118311,,,-2.6708416169725746,,0.06744721382401053,0.9615384615384581,0.0,0.0661375661375807,-0.04879717803118311,,,973.628298503243,-100.0,1.3350276034168616,1.9417475728155331,0.0,0.1322751322751392,-0.09760099662494426,,,973.628298503243,-100.0,1.3350276034168616,1.9417475728155331,0.0,0.1322751322751392,-0.09760099662494426,,,973.628298503243,-100.0,1.3350276034168616,1.9417475728155331,0.0,0.1322751322751392,-0.09760099662494426,,,973.628298503243,-100.0,1.3350276034168616,1.9417475728155331,0.0,0.1322751322751392,-0.09760099662494426,,,-321167.94769397005,0.0,0.9615384615384581,11703803.71865355,3654179.5637025004,3.202854023625205,1.9417475728155331,False,False,falling,flat_or_na,buy_only,accelerating,neutral,False,False,False,pass,S0,🌱 초발사 준비,발사 구조 관찰 또는 초기 준비,S0,False,,,2026-09-04T15:10:00Z,33889285661-1
KRW-ICX,아이콘,20.3,21.246666666666666,27.736,38.416666666666664,-0.7783312577833157,23.39678877031055,44.6941431670282,0.0786032972805188,0.1931131528605249,,,,,False,False,False,False,673.5714979434936,11.538461538461542,5.0,관찰,-0.4901960784313597,0.18868744599319598,1.0,-0.031133250311332628,0.016153535566836297,False,True,False,False,2026-09-05T00:34:54.830847+09:00,1788536094,3034982.693595912,12904716.966442551,0.23518397974074798,9,0.0,complete,1788535391755,1788536706386,10997407.36841301,11658006.92007163,-0.029158573012473696,20.6,21.0,1.9417475728155331,-1.4563106796116498,3.33333333333333,175.0,complete_hourly_ordered,/v1/candles/minutes/60,120,False,64.20454545454544,17.6,2026-08-31T11:00:00,28.9,2026-09-01T21:00:00,D-4,29.757785467128016,76.1061946902655,True,True,-0.555066262824571,12.416819594493944,277.73584344860274,0.18868744599319598,-0.4901960784313597,1.0,-0.031133250311332628,0.016153535566836297,,-0.555066262824571,12.416819594493944,277.73584344860274,0.18868744599319598,-0.4901960784313597,1.0,-0.031133250311332628,0.016153535566836297,,-0.26374270861563576,-69.38210337458987,-35.04623153076428,0.6667857264729946,0.0,0.0,0.0,0.0,,-0.26374270861563576,-69.38210337458987,-35.04623153076428,0.6667857264729946,0.0,0.0,0.0,0.0,,-0.26374270861563576,-69.38210337458987,-35.04623153076428,0.6667857264729946,0.0,0.0,0.0,0.0,,-0.26374270861563576,-69.38210337458987,-35.04623153076428,0.6667857264729946,0.0,0.0,0.0,0.0,,-0.555066262824571,335224.14808324166,9488383.253277613,-0.4901960784313597,15939699.660038464,10613097.616989905,1.5018894798933635,0.0,False,True,rising,rising,sell_advantage_accelerating,accelerating,neutral,True,True,False,🔴 1차 급등 완료·상승분 반납 / 신규매수 금지,S3,🔴 1차 급등 완료·반납,당일/5D 급등 후 상승분 상당 부분 반납,S3,False,,,2026-09-04T15:10:00Z,33889285661-1
KRW-POLYX,폴리매쉬,47.7,47.919999999999995,47.282,57.505,0.4331423780913557,-1.3493507042849249,16.66811581601601,-1.130331369975093,-1.0546037993318393,,,,,False,False,False,False,-52.55173560986329,3.6956521739130554,8.0,B급,0.21008403361344463,0.1392195382749719,0.0,0.013972334777134776,-0.010385741842121377,False,False,False,False,2026-09-05T00:34:54.830847+09:00,1788536094,2005918.2118577347,874733.9130649731,2.293175309539805,17,0.0,complete,1788535542905,1788536052092,854432.13890466,878459.73804556,-0.013865607808830524,48.5,48.8,0.6185567010309256,-1.6494845360824684,2.2540983606557266,366.66666666666663,complete_hourly_ordered,/v1/candles/minutes/60,120,False,9.251101321585908,45.4,2026-08-31T08:00:00,49.6,2026-09-03T13:00:00,D-2,3.8306451612903247,45.238095238095205,True,True,1.3595226352942194,-42.39873184701008,-76.54798661609146,0.1392195382749719,0.21008403361344463,0.0,0.013972334777134776,-0.010385741842121377,,1.3595226352942194,-42.39873184701008,-76.54798661609146,0.1392195382749719,0.21008403361344463,0.0,0.013972334777134776,-0.010385741842121377,,1.2348334435167985,-10.357852364847952,-58.62852813397175,0.3683752165444787,0.42105263157894424,0.0,0.027944669554269552,-0.020771784702787954,,1.2348334435167985,-10.357852364847952,-58.62852813397175,0.3683752165444787,0.42105263157894424,0.0,0.027944669554269552,-0.020771784702787954,,1.2348334435167985,-10.357852364847952,-58.62852813397175,0.3683752165444787,0.42105263157894424,0.0,0.027944669554269552,-0.020771784702787954,,1.2348334435167985,-10.357852364847952,-58.62852813397175,0.3683752165444787,0.42105263157894424,0.0,0.027944669554269552,-0.020771784702787954,,1.3595226352942194,-1476502.0128671494,-2855154.428484271,0.21008403361344463,2880652.1249227077,6061111.767141985,0.47526794350486473,0.42105263157894424,False,False,falling,falling,buy_advantage_accelerating,accelerating,neutral,False,False,False,pass,S0,🌱 초발사 준비,발사 구조 관찰 또는 초기 준비,S0,False,,,2026-09-04T15:10:00Z,33889285661-1
