market,name,price,ma15,ma50,ma120,slope15,gap50,gap120,conv50,conv120,f50up,f50down,f120up,f120down,golden_now,dead_now,up120_now,down120_now,value_accel_pct,ret5_pct,launch_score,launch_grade,delta_price_pct,delta_value_accel_pct,delta_launch_score,delta_slope15,delta_gap120,flag_score14,flag_value300,flag_ankr_like,flag_early_ignition,snapshot_kst,snapshot_epoch,bid_trade_value_15m,ask_trade_value_15m,buy_sell_ratio_15m,trade_count_15m,trade_unknown_value_15m,trade_coverage_15m,trade_oldest_timestamp,trade_newest_timestamp,total_bid_size,total_ask_size,orderbook_imbalance,day_open,day_high,day_high_return_pct,current_day_return_pct,drawdown_from_day_high_pct,gain_retrace_pct,path_5d_status,path_5d_source,path_5d_points,stage_provisional,max_rally_5d_pct,max_rally_5d_base_price,max_rally_5d_base_time_kst,high_5d,high_5d_time_kst,max_rally_day,drawdown_from_5d_high_pct,gain_retrace_5d_pct,post_surge_higher_low,higher_low,buy_sell_ratio_change_15m,bid_trade_value_change_15m,ask_trade_value_change_15m,value_accel_change_15m,price_change_15m,launch_score_change_15m,slope15_change_15m,gap120_change_15m,f120up_change_15m,buy_sell_ratio_change_30m,bid_trade_value_change_30m,ask_trade_value_change_30m,value_accel_change_30m,price_change_30m,launch_score_change_30m,slope15_change_30m,gap120_change_30m,f120up_change_30m,buy_sell_ratio_change_45m,bid_trade_value_change_45m,ask_trade_value_change_45m,value_accel_change_45m,price_change_45m,launch_score_change_45m,slope15_change_45m,gap120_change_45m,f120up_change_45m,buy_sell_ratio_change_60m,bid_trade_value_change_60m,ask_trade_value_change_60m,value_accel_change_60m,price_change_60m,launch_score_change_60m,slope15_change_60m,gap120_change_60m,f120up_change_60m,buy_sell_ratio_change_90m,bid_trade_value_change_90m,ask_trade_value_change_90m,value_accel_change_90m,price_change_90m,launch_score_change_90m,slope15_change_90m,gap120_change_90m,f120up_change_90m,buy_sell_ratio_change_120m,bid_trade_value_change_120m,ask_trade_value_change_120m,value_accel_change_120m,price_change_120m,launch_score_change_120m,slope15_change_120m,gap120_change_120m,f120up_change_120m,delta_buy_sell_ratio,delta_bid_trade_value_15m,delta_ask_trade_value_15m,delta_price_pct_15m,trade_value_15m,normal_trade_value_15m_median,trade_value_anomaly_ratio,surge_return_from_120m,surge_success_15_120m,signal_failure_120m,buy_pressure_trend,sell_pressure_trend,buy_sell_state,value_accel_direction,flow_signal,first_surge_retrace_gate,first_surge_retrace_seen,second_ignition_reentry,candidate_gate,stage,stage_label,stage_reason,stage_previous,stage_changed,stage_change_reason,stage_change_kst,scan_cycle,scan_run_id
KRW-WAXP,왁스,6.08,5.901333333333333,5.6064,6.736000000000001,0.23779866379798342,-5.2606544901065355,12.39113222486146,-0.7542750767260598,-1.1224244722045746,,,11.03961338309366,,False,False,False,False,32.115257647337515,2.184873949579824,11.0,A급,0.16474464579900872,-7.085486022053345,-1.0,-0.5037871890257506,-0.6919334919202544,False,False,False,False,2026-09-05T19:57:07.171995+09:00,1788605827,29985.007496198403,0.0,,1,0.0,complete,1788605466709,1788605466709,9021570.88223975,17026230.13801217,-0.3073065265489733,6.06,6.08,0.33003300330034513,0.33003300330034513,0.0,0.0,complete_hourly_ordered,/v1/candles/minutes/60,120,False,14.436619718309874,5.68,2026-09-02T10:00:00,6.5,2026-09-03T10:00:00,D-2,6.4615384615384635,51.21951219512191,True,True,,172.59097723954017,,-7.085486022053345,0.16474464579900872,-1.0,-0.5037871890257506,-0.6919334919202544,0.37008920328624306,,172.59097723954017,,-7.085486022053345,0.16474464579900872,-1.0,-0.5037871890257506,-0.6919334919202544,0.37008920328624306,,172.59097723954017,,-7.085486022053345,0.16474464579900872,-1.0,-0.5037871890257506,-0.6919334919202544,0.37008920328624306,,172.59097723954017,,-7.085486022053345,0.16474464579900872,-1.0,-0.5037871890257506,-0.6919334919202544,0.37008920328624306,,172.59097723954017,,-7.085486022053345,0.16474464579900872,-1.0,-0.5037871890257506,-0.6919334919202544,0.37008920328624306,,172.59097723954017,,-7.085486022053345,0.16474464579900872,-1.0,-0.5037871890257506,-0.6919334919202544,0.37008920328624306,,18985.007496253802,0.0,0.16474464579900872,29985.007496198403,4283654.4628158035,0.006999866062139885,0.16474464579900872,False,True,rising,flat_or_na,buy_only,decelerating,neutral,False,False,False,pass,S1,⚡ 선행 시동,가격 미급등 상태에서 선행조건 3개 개선,S1,False,,,2026-09-05T10:40:00Z,33961613178-1
KRW-CARV,카브,48.2,46.440000000000005,43.662,56.50833333333333,0.11497556769188844,-6.362512024185804,17.81743105736616,-0.6269033392447505,-0.9424712070797305,,,,,False,False,False,False,34.50962197796612,0.0,8.0,B급,3.205128205128216,-230.5793050670158,-1.0,-0.14450259289626732,-0.649202394173944,False,False,False,False,2026-09-05T19:57:07.171995+09:00,1788605827,3266121.5828032047,336302.86933764,9.711845721792212,12,0.0,complete,1788605106273,1788605670281,2292746.56067381,1513672.99583106,0.20467359240821864,47.1,48.3,2.547770700636942,2.3354564755838636,0.20703933747410835,8.333333333333332,complete_hourly_ordered,/v1/candles/minutes/60,120,False,16.455696202531644,47.4,2026-09-02T03:00:00,55.2,2026-09-02T13:00:00,D-3,12.681159420289855,89.74358974358974,True,True,,,,-230.5793050670158,2.991452991453003,-1.0,-0.14450259289626732,-0.649202394173944,,,,,-230.5793050670158,2.991452991453003,-1.0,-0.14450259289626732,-0.649202394173944,,,,,-230.5793050670158,2.991452991453003,-1.0,-0.14450259289626732,-0.649202394173944,,,,,-230.5793050670158,2.991452991453003,-1.0,-0.14450259289626732,-0.649202394173944,,,,,-230.5793050670158,2.991452991453003,-1.0,-0.14450259289626732,-0.649202394173944,,,,,-230.5793050670158,2.991452991453003,-1.0,-0.14450259289626732,-0.649202394173944,,,3266121.5828032047,336302.86933764,2.991452991453003,3602424.4521408444,1999999.9999995679,1.8012122260708114,2.991452991453003,False,False,rising,rising,buy_advantage_weakening,decelerating,rally_weakening,True,True,False,🔴 1차 급등 완료·상승분 반납 / 신규매수 금지,S3,🔴 1차 급등 완료·반납,당일/5D 급등 후 상승분 상당 부분 반납,S3,False,,,2026-09-05T10:40:00Z,33961613178-1
KRW-LSK,리스크,139.0,135.46666666666667,119.08,137.36666666666667,0.7936507936507908,-13.761056992498045,1.3831594273234693,-1.0968248934806362,-1.462609107684116,,,0.9456794847350249,,False,False,False,False,-82.36318094182076,0.0,12.0,A급,0.7246376811594235,10.700687448163734,-1.0,-0.4117736161935337,-1.1797032419221771,False,False,False,False,2026-09-05T19:57:07.171995+09:00,1788605827,0.0,0.0,,0,0.0,complete,,,926901.64314997,3846981.88136122,-0.6116781490830873,139.0,139.0,0.0,0.0,0.0,,complete_hourly_ordered,/v1/candles/minutes/60,120,False,7.575757575757569,132.0,2026-09-03T08:00:00,142.0,2026-09-04T01:00:00,D-1,2.1126760563380254,30.0,False,True,,,,10.700687448163734,0.7246376811594235,-1.0,-0.4117736161935337,-1.1797032419221771,-0.7027255935235837,,,,10.700687448163734,0.7246376811594235,-1.0,-0.4117736161935337,-1.1797032419221771,-0.7027255935235837,,,,10.700687448163734,0.7246376811594235,-1.0,-0.4117736161935337,-1.1797032419221771,-0.7027255935235837,,,,10.700687448163734,0.7246376811594235,-1.0,-0.4117736161935337,-1.1797032419221771,-0.7027255935235837,,,,10.700687448163734,0.7246376811594235,-1.0,-0.4117736161935337,-1.1797032419221771,-0.7027255935235837,,,,10.700687448163734,0.7246376811594235,-1.0,-0.4117736161935337,-1.1797032419221771,-0.7027255935235837,,0.0,0.0,0.7246376811594235,0,1852458.7902509947,0.0,0.7246376811594235,False,False,flat_or_na,flat_or_na,unavailable,accelerating,neutral,False,False,False,pass,S1,⚡ 선행 시동,가격 미급등 상태에서 선행조건 3개 개선,S0,True,가격 미급등 상태에서 선행조건 3개 개선,2026-09-05T19:57:07.171995+09:00,2026-09-05T10:40:00Z,33961613178-1
KRW-0G,제로지,270.0,244.26666666666668,232.4,385.1333333333333,0.8532892925956714,-5.106138841078603,36.57607754890081,-1.423229645752207,-1.5016530251997344,,,,,False,False,False,False,-29.75672175002112,-13.183279742765276,7.0,B급,-1.098901098901095,-2578.314023022049,-1.0,-0.5406332053134566,-1.2383660168945667,False,False,False,False,2026-09-05T19:57:07.171995+09:00,1788605827,70777.7502174,1776167.7262151004,0.0398485735174475,8,0.0,complete,1788605163852,1788605763498,1288978.65689158,1745571.82126508,-0.15046484402225463,269.0,273.0,1.486988847583648,0.3717472118959009,1.098901098901099,75.00000000000074,complete_hourly_ordered,/v1/candles/minutes/60,120,False,29.241877256317682,277.0,2026-08-31T22:00:00,358.0,2026-09-01T11:00:00,D-4,24.581005586592177,108.64197530864199,False,True,0.008928456655841011,-84.9039534298986,-88.2863680454856,-2578.314023022049,-1.098901098901095,-1.0,-0.5406332053134566,-1.2383660168945667,,0.008928456655841011,-84.9039534298986,-88.2863680454856,-2578.314023022049,-1.098901098901095,-1.0,-0.5406332053134566,-1.2383660168945667,,0.008928456655841011,-84.9039534298986,-88.2863680454856,-2578.314023022049,-1.098901098901095,-1.0,-0.5406332053134566,-1.2383660168945667,,0.008928456655841011,-84.9039534298986,-88.2863680454856,-2578.314023022049,-1.098901098901095,-1.0,-0.5406332053134566,-1.2383660168945667,,0.008928456655841011,-84.9039534298986,-88.2863680454856,-2578.314023022049,-1.098901098901095,-1.0,-0.5406332053134566,-1.2383660168945667,,0.008928456655841011,-84.9039534298986,-88.2863680454856,-2578.314023022049,-1.098901098901095,-1.0,-0.5406332053134566,-1.2383660168945667,,0.008928456655841011,-398071.82499243994,-13387085.935093358,-1.098901098901095,1846945.4764325004,25113582.098093655,0.07354368919648066,-1.098901098901095,False,True,falling,falling,sell_advantage_weakening,decelerating,neutral,True,True,False,🔴 1차 급등 완료·상승분 반납 / 신규매수 금지,S3,🔴 1차 급등 완료·반납,당일/5D 급등 후 상승분 상당 부분 반납,S3,False,,,2026-09-05T10:40:00Z,33961613178-1
KRW-BORA,보라,32.2,30.473333333333336,29.98,37.270833333333336,0.39534372940919216,-1.6455414720925143,18.23812185578535,-1.1180318276202357,-1.0629665601920795,,,,,False,False,False,False,-65.33842900671955,6.688963210702337,7.0,B급,2.2435897435897356,2.7546603099775098,-1.0,-0.3350679571777926,-0.7580068319733044,False,False,False,False,2026-09-05T19:57:07.171995+09:00,1788605827,67796.571905512,2992485.185683335,0.02265560819811732,12,0.0,complete,1788605177747,1788605709188,2599998.6302896,4979902.34197961,-0.3139755678071257,31.3,32.7,4.472843450479247,2.8753993610223683,1.5290519877675839,35.71428571428582,complete_hourly_ordered,/v1/candles/minutes/60,120,False,11.60409556313995,29.3,2026-08-31T23:00:00,32.7,2026-09-05T09:00:00,D0,1.5290519877675823,14.705882352941197,False,True,0.02265560819811732,,250.6915352401527,2.7546603099775098,3.205128205128216,-1.0,-0.3350679571777926,-0.7580068319733044,,0.02265560819811732,,250.6915352401527,2.7546603099775098,3.205128205128216,-1.0,-0.3350679571777926,-0.7580068319733044,,0.02265560819811732,,250.6915352401527,2.7546603099775098,3.205128205128216,-1.0,-0.3350679571777926,-0.7580068319733044,,0.02265560819811732,,250.6915352401527,2.7546603099775098,3.205128205128216,-1.0,-0.3350679571777926,-0.7580068319733044,,0.02265560819811732,,250.6915352401527,2.7546603099775098,3.205128205128216,-1.0,-0.3350679571777926,-0.7580068319733044,,0.02265560819811732,,250.6915352401527,2.7546603099775098,3.205128205128216,-1.0,-0.3350679571777926,-0.7580068319733044,,0.02265560819811732,67796.571905512,2139175.4005942573,3.205128205128216,3060281.757588847,2374500.864358159,1.2888105468919502,3.205128205128216,False,False,rising,rising,sell_advantage_weakening,accelerating,neutral,False,False,False,pass,S0,🌱 초발사 준비,발사 구조 관찰 또는 초기 준비,S0,False,,,2026-09-05T10:40:00Z,33961613178-1
KRW-PUNDIX,펀디엑스,132.0,125.33333333333333,115.3,144.25,0.48102618920362605,-8.701936976004625,13.113807047949166,-0.8868045707092733,-1.3209400849446802,,,9.927631992860873,,False,False,False,False,389.83008307554076,6.451612903225801,13.0,A급,1.538461538461533,214.21895979943977,0.0,-0.3829046963255367,-1.0751105518211492,False,True,False,False,2026-09-05T19:57:07.171995+09:00,1788605827,0.0,1967537.1401281198,0.0,3,0.0,complete,1788605308577,1788605362205,1155058.57139309,2653037.4121465,-0.3933668813045653,132.0,135.0,2.2727272727272707,0.0,2.2222222222222223,100.0,complete_hourly_ordered,/v1/candles/minutes/60,120,False,19.999999999999996,120.0,2026-09-02T03:00:00,144.0,2026-09-03T19:00:00,D-2,8.333333333333337,49.99999999999994,False,False,,-100.0,,214.21895979943977,1.538461538461533,0.0,-0.3829046963255367,-1.0751105518211492,-0.5058248743859952,,-100.0,,214.21895979943977,1.538461538461533,0.0,-0.3829046963255367,-1.0751105518211492,-0.5058248743859952,,-100.0,,214.21895979943977,1.538461538461533,0.0,-0.3829046963255367,-1.0751105518211492,-0.5058248743859952,,-100.0,,214.21895979943977,1.538461538461533,0.0,-0.3829046963255367,-1.0751105518211492,-0.5058248743859952,,-100.0,,214.21895979943977,1.538461538461533,0.0,-0.3829046963255367,-1.0751105518211492,-0.5058248743859952,,-100.0,,214.21895979943977,1.538461538461533,0.0,-0.3829046963255367,-1.0751105518211492,-0.5058248743859952,,-500252.873562,1967537.1401281198,1.538461538461533,1967537.1401281198,16945676.54565188,0.11610850324137538,1.538461538461533,False,False,falling,rising,sell_only,accelerating,neutral,False,True,False,pass,S0,🌱 초발사 준비,발사 구조 관찰 또는 초기 준비,S0,False,,,2026-09-05T10:40:00Z,33961613178-1
KRW-USD1,월드리버티파이낸셜유에스디,1365.0,1380.0666666666666,1414.14,1462.1333333333334,-0.04345726702077446,2.409473838045278,5.612803209921586,-0.08151327262383772,0.0012595994202481363,,,,,False,False,False,False,-23.57335967775699,-1.0152284263959421,5.0,관찰,-0.36496350364964014,2.265992459219646,0.0,-0.004841637344643601,-0.022146808590086664,False,False,False,False,2026-09-05T19:57:07.171995+09:00,1788605827,0.0,64155.0,0.0,1,0.0,complete,1788605808292,1788605808292,44282.94985628,22747.18968112,0.3212847283891443,1371.0,1372.0,0.07293946024800047,-0.4376367614879695,0.5102040816326531,699.9999999999543,complete_hourly_ordered,/v1/candles/minutes/60,120,False,0.9454545454545382,1375.0,2026-09-01T04:00:00,1388.0,2026-09-02T07:00:00,D-3,1.6570605187319898,176.923076923078,False,True,,-100.0,,2.265992459219646,-0.36496350364964014,0.0,-0.004841637344643601,-0.022146808590086664,,,-100.0,,2.265992459219646,-0.36496350364964014,0.0,-0.004841637344643601,-0.022146808590086664,,,-100.0,,2.265992459219646,-0.36496350364964014,0.0,-0.004841637344643601,-0.022146808590086664,,,-100.0,,2.265992459219646,-0.36496350364964014,0.0,-0.004841637344643601,-0.022146808590086664,,,-100.0,,2.265992459219646,-0.36496350364964014,0.0,-0.004841637344643601,-0.022146808590086664,,,-100.0,,2.265992459219646,-0.36496350364964014,0.0,-0.004841637344643601,-0.022146808590086664,,,-9999.9999959,64155.0,-0.36496350364964014,64155.0,39999.99996344,1.6038750014659418,-0.36496350364964014,False,False,falling,rising,sell_only,accelerating,neutral,False,False,False,pass,S0,🌱 초발사 준비,발사 구조 관찰 또는 초기 준비,S0,False,,,2026-09-05T10:40:00Z,33961613178-1
KRW-BAT,베이직어텐션토큰,97.5,95.49333333333334,96.52,121.75833333333334,-0.06976419701408831,1.063682829120034,21.57141879405927,-0.9158672463650921,-0.6977880468134565,1.161394113984963,,,,False,False,False,False,4.641727875099044,4.055496264674496,5.0,관찰,1.2461059190031154,7.327172310272845,0.0,-0.434113972798833,-0.3446999071774819,False,False,False,False,2026-09-05T19:57:07.171995+09:00,1788605827,0.0,0.0,,0,0.0,complete,,,524505.31210783,671957.86302911,-0.123240358738499,97.1,98.6,1.5447991761071034,0.4119464469618972,1.1156186612576007,73.33333333333314,complete_hourly_ordered,/v1/candles/minutes/60,120,False,7.36728060671723,92.3,2026-09-03T10:00:00,99.1,2026-09-04T04:00:00,D-1,1.6145307769929285,23.529411764706023,False,True,,,,7.327172310272845,1.2461059190031154,0.0,-0.434113972798833,-0.3446999071774819,,,,,7.327172310272845,1.2461059190031154,0.0,-0.434113972798833,-0.3446999071774819,,,,,7.327172310272845,1.2461059190031154,0.0,-0.434113972798833,-0.3446999071774819,,,,,7.327172310272845,1.2461059190031154,0.0,-0.434113972798833,-0.3446999071774819,,,,,7.327172310272845,1.2461059190031154,0.0,-0.434113972798833,-0.3446999071774819,,,,,7.327172310272845,1.2461059190031154,0.0,-0.434113972798833,-0.3446999071774819,,,0.0,0.0,1.2461059190031154,0,1344592.0208931211,0.0,1.2461059190031154,False,False,flat_or_na,flat_or_na,unavailable,accelerating,neutral,False,False,False,pass,S0,🌱 초발사 준비,발사 구조 관찰 또는 초기 준비,S0,False,,,2026-09-05T10:40:00Z,33961613178-1
KRW-HUNT,헌트,122.0,120.06666666666666,115.2,125.525,0.2783964365256075,-4.224537037037032,4.348403372502165,-0.7402894778862669,-0.9024613742901135,,,4.818381701845876,,False,False,False,False,183.92026090810245,5.1724137931034475,13.0,A급,-0.8130081300813052,16.721632676730906,-1.0,-0.5067970575854508,-0.4399932100529753,False,False,False,False,2026-09-05T19:57:07.171995+09:00,1788605827,2030508.9999996799,0.0,,4,0.0,complete,1788604935446,1788604935446,1807088.30324024,3426806.52650832,-0.3094670940007964,122.0,123.0,0.8196721311475308,0.0,0.8130081300813009,100.0,complete_hourly_ordered,/v1/candles/minutes/60,120,False,12.280701754385959,114.0,2026-08-31T18:00:00,128.0,2026-09-03T13:00:00,D-2,4.6875,42.85714285714283,False,True,,,,16.721632676730906,-0.8130081300813052,-1.0,-0.5067970575854508,-0.4399932100529753,-0.0256135937645956,,,,16.721632676730906,-0.8130081300813052,-1.0,-0.5067970575854508,-0.4399932100529753,-0.0256135937645956,,,,16.721632676730906,-0.8130081300813052,-1.0,-0.5067970575854508,-0.4399932100529753,-0.0256135937645956,,,,16.721632676730906,-0.8130081300813052,-1.0,-0.5067970575854508,-0.4399932100529753,-0.0256135937645956,,,,16.721632676730906,-0.8130081300813052,-1.0,-0.5067970575854508,-0.4399932100529753,-0.0256135937645956,,,,16.721632676730906,-0.8130081300813052,-1.0,-0.5067970575854508,-0.4399932100529753,-0.0256135937645956,,2030508.9999996799,0.0,-0.8130081300813052,2030508.9999996799,1993282.6004300201,1.0186759266155379,-0.8130081300813052,False,True,rising,flat_or_na,buy_only,accelerating,neutral,False,False,False,pass,S1,⚡ 선행 시동,가격 미급등 상태에서 선행조건 4개 개선,S1,False,,,2026-09-05T10:40:00Z,33961613178-1
KRW-PENGU,펏지펭귄,11.8,12.42,9.9758,10.50225,-0.2676659528908054,-24.50129312937309,-18.260372777262013,-0.5642449424268523,-1.5330647995262843,,,,,False,False,False,False,5.487433363599092,-2.4793388429751984,7.0,B급,4.424778761061954,5.9595490468224765,0.0,-1.0340735521999544,-0.07431043996963993,False,False,False,False,2026-09-05T19:57:07.171995+09:00,1788605827,157300.999999894,819349.80813738,0.1919827141443834,12,0.0,complete,1788604939604,1788605840176,71952636.69120158,107073609.86348175,-0.19617778872190403,11.4,11.9,4.385964912280693,3.5087719298245723,0.8403361344537785,19.999999999999595,complete_hourly_ordered,/v1/candles/minutes/60,120,False,10.71428571428572,11.2,2026-09-02T19:00:00,12.4,2026-09-04T00:00:00,D-1,4.8387096774193505,50.0,True,False,,-98.18907911959795,,5.9595490468224765,4.424778761061954,0.0,-1.0340735521999544,-0.07431043996963993,,,-98.18907911959795,,5.9595490468224765,4.424778761061954,0.0,-1.0340735521999544,-0.07431043996963993,,,-98.18907911959795,,5.9595490468224765,4.424778761061954,0.0,-1.0340735521999544,-0.07431043996963993,,,-98.18907911959795,,5.9595490468224765,4.424778761061954,0.0,-1.0340735521999544,-0.07431043996963993,,,-98.18907911959795,,5.9595490468224765,4.424778761061954,0.0,-1.0340735521999544,-0.07431043996963993,,,-98.18907911959795,,5.9595490468224765,4.424778761061954,0.0,-1.0340735521999544,-0.07431043996963993,,,-8528942.651074013,819349.80813738,4.424778761061954,976650.8081372741,40513403.457971305,0.024106856614760936,4.424778761061954,False,False,falling,rising,sell_advantage_weakening,accelerating,neutral,False,False,False,pass,S0,🌱 초발사 준비,발사 구조 관찰 또는 초기 준비,S0,False,,,2026-09-05T10:40:00Z,33961613178-1
KRW-FIL,파일코인,1054.0,1014.4,1014.4,1168.4916666666666,-0.39277297721916904,0.0,13.187228549625937,-0.7073883154515139,-0.8295326554041862,,,,,False,False,False,False,159.5343805715788,11.808510638297864,8.0,B급,3.039215686274499,16.046342137621394,-4.0,-0.44524231544963433,-0.2853540853338554,False,False,False,False,2026-09-05T19:57:07.171995+09:00,1788605827,0.0,30085.63273332,0.0,1,0.0,complete,1788605709305,1788605709305,144250.5837163,70650.27846768,0.34248492305074896,1039.0,1060.0,2.02117420596728,1.4436958614052031,0.5660377358490566,28.571428571428413,complete_hourly_ordered,/v1/candles/minutes/60,120,False,24.56521739130435,920.0,2026-09-01T01:00:00,1146.0,2026-09-03T10:00:00,D-2,8.027923211169286,40.707964601769945,False,True,-8.134822059637012,-100.0,202.33111328173305,16.046342137621394,3.3333333333333437,-4.0,-0.44524231544963433,-0.2853540853338554,,-8.134822059637012,-100.0,202.33111328173305,16.046342137621394,3.3333333333333437,-4.0,-0.44524231544963433,-0.2853540853338554,,-8.134822059637012,-100.0,202.33111328173305,16.046342137621394,3.3333333333333437,-4.0,-0.44524231544963433,-0.2853540853338554,,-8.134822059637012,-100.0,202.33111328173305,16.046342137621394,3.3333333333333437,-4.0,-0.44524231544963433,-0.2853540853338554,,-8.134822059637012,-100.0,202.33111328173305,16.046342137621394,3.3333333333333437,-4.0,-0.44524231544963433,-0.2853540853338554,,-8.134822059637012,-100.0,202.33111328173305,16.046342137621394,3.3333333333333437,-4.0,-0.44524231544963433,-0.2853540853338554,,-8.134822059637012,-80951.40000000001,20134.413222119998,3.3333333333333437,30085.63273332,5018331.847916701,0.005995146125262657,3.3333333333333437,False,False,falling,rising,sell_only,accelerating,neutral,False,False,False,pass,S0,🌱 초발사 준비,발사 구조 관찰 또는 초기 준비,S0,False,,,2026-09-05T10:40:00Z,33961613178-1
KRW-BEAM,빔,2.14,2.1266666666666665,2.0802,2.2594166666666666,-0.125234815278652,-2.233759574399886,5.87541031977281,-0.8079618416301102,-0.8245044948500972,,,7.125989435437845,,False,False,False,False,-93.13900708508655,1.904761904761898,11.0,A급,0.9433962264151052,-1.5109033389026223,-1.0,-0.5970813078863935,-0.2075830275275088,False,False,False,False,2026-09-05T19:57:07.171995+09:00,1788605827,0.0,107000.0,0.0,1,0.0,complete,1788605168372,1788605168372,76480188.49744213,92582414.98866571,-0.09524416493767492,2.11,2.17,2.8436018957346043,1.4218009478673022,1.382488479262664,50.0,complete_hourly_ordered,/v1/candles/minutes/60,120,False,10.294117647058831,2.04,2026-08-31T21:00:00,2.25,2026-09-03T05:00:00,D-2,4.8888888888888875,52.38095238095237,True,True,,,,-1.5109033389026223,0.9433962264151052,-1.0,-0.5970813078863935,-0.2075830275275088,1.243617394166228,,,,-1.5109033389026223,0.9433962264151052,-1.0,-0.5970813078863935,-0.2075830275275088,1.243617394166228,,,,-1.5109033389026223,0.9433962264151052,-1.0,-0.5970813078863935,-0.2075830275275088,1.243617394166228,,,,-1.5109033389026223,0.9433962264151052,-1.0,-0.5970813078863935,-0.2075830275275088,1.243617394166228,,,,-1.5109033389026223,0.9433962264151052,-1.0,-0.5970813078863935,-0.2075830275275088,1.243617394166228,,,,-1.5109033389026223,0.9433962264151052,-1.0,-0.5970813078863935,-0.2075830275275088,1.243617394166228,,0.0,107000.0,0.9433962264151052,107000.0,4847530.635105258,0.02207309412861021,0.9433962264151052,False,False,flat_or_na,rising,sell_only,decelerating,rally_weakening,False,False,False,pass,S0,🌱 초발사 준비,발사 구조 관찰 또는 초기 준비,S0,False,,,2026-09-05T10:40:00Z,33961613178-1
KRW-DOOD,두들즈,1.96,1.8586666666666667,1.8944,2.4745,-0.07168458781361409,1.8862612612612646,24.887182595810597,-0.7059716273726884,-1.0596309022848438,2.671865536977864,,,,False,False,False,False,134.51437097957898,5.434782608695654,7.0,B급,4.3010752688172005,67.28406145748,1.0,-0.39565866988704457,-0.7680358103247755,False,False,False,False,2026-09-05T19:57:07.171995+09:00,1788605827,4820724.354032931,12026988.18275798,0.4008255666987329,60,0.0,complete,1788604941838,1788605808799,105400456.65747872,140423115.64595082,-0.14247071043798143,1.88,2.09,11.170212765957444,4.255319148936176,6.220095693779899,61.90476190476184,complete_hourly_ordered,/v1/candles/minutes/60,120,False,17.41573033707864,1.78,2026-09-02T19:00:00,2.09,2026-09-05T17:00:00,D0,6.2200956937799035,41.93548387096768,False,False,-1.932168856662006,461.75184102197863,3169.661471973783,67.28406145748,5.376344086021501,1.0,-0.39565866988704457,-0.7680358103247755,,-1.932168856662006,461.75184102197863,3169.661471973783,67.28406145748,5.376344086021501,1.0,-0.39565866988704457,-0.7680358103247755,,-1.932168856662006,461.75184102197863,3169.661471973783,67.28406145748,5.376344086021501,1.0,-0.39565866988704457,-0.7680358103247755,,-1.932168856662006,461.75184102197863,3169.661471973783,67.28406145748,5.376344086021501,1.0,-0.39565866988704457,-0.7680358103247755,,-1.932168856662006,461.75184102197863,3169.661471973783,67.28406145748,5.376344086021501,1.0,-0.39565866988704457,-0.7680358103247755,,-1.932168856662006,461.75184102197863,3169.661471973783,67.28406145748,5.376344086021501,1.0,-0.39565866988704457,-0.7680358103247755,,-1.932168856662006,3962565.287698101,11659152.298650451,5.376344086021501,16847712.53679091,2708340.8295851815,6.22067664185802,5.376344086021501,False,False,rising,rising,sell_advantage_accelerating,accelerating,neutral,False,False,False,pass,S0,🌱 초발사 준비,발사 구조 관찰 또는 초기 준비,S0,False,,,2026-09-05T10:40:00Z,33961613178-1
KRW-WAVES,웨이브,308.0,303.6666666666667,310.12,400.675,-0.06581834137779907,2.080914914656687,24.2112268879599,-0.9352965019021229,-0.8714629969109222,2.224871910057086,,,,False,False,False,False,-49.82904560552153,2.3255813953488413,5.0,관찰,1.650165016501659,-14.9716819769245,0.0,-0.46290636255581497,-0.5609697357977801,False,False,False,False,2026-09-05T19:57:07.171995+09:00,1788605827,86984.24379939999,2132516.31857264,0.0407894856615312,14,0.0,complete,1788605357055,1788605648535,850562.29671882,670431.35894474,0.11842977589245413,310.0,314.0,1.2903225806451646,-0.6451612903225823,1.910828025477707,150.0,complete_hourly_ordered,/v1/candles/minutes/60,120,False,6.440677966101704,295.0,2026-08-31T22:00:00,314.0,2026-09-05T09:00:00,D0,1.9108280254777066,31.578947368421197,True,False,,,,-14.9716819769245,1.650165016501659,0.0,-0.46290636255581497,-0.5609697357977801,,,,,-14.9716819769245,1.650165016501659,0.0,-0.46290636255581497,-0.5609697357977801,,,,,-14.9716819769245,1.650165016501659,0.0,-0.46290636255581497,-0.5609697357977801,,,,,-14.9716819769245,1.650165016501659,0.0,-0.46290636255581497,-0.5609697357977801,,,,,-14.9716819769245,1.650165016501659,0.0,-0.46290636255581497,-0.5609697357977801,,,,,-14.9716819769245,1.650165016501659,0.0,-0.46290636255581497,-0.5609697357977801,,,86984.24379939999,2132516.31857264,1.650165016501659,2219500.56237204,3568286.49429363,0.6220073881179228,1.650165016501659,False,False,rising,rising,sell_advantage_weakening,decelerating,rally_weakening,False,False,False,pass,S0,🌱 초발사 준비,발사 구조 관찰 또는 초기 준비,S0,False,,,2026-09-05T10:40:00Z,33961613178-1
KRW-USDC,유에스디코인,1365.0,1379.0666666666666,1413.56,1461.7333333333333,-0.028996713705786714,2.440174688964978,5.655386299370615,-0.08202932913364495,7.433866550776714e-07,,,,,False,False,False,False,-58.2195854619483,-0.726216412490921,5.0,관찰,0.0,-2.365593318665873,0.0,0.014483647664342847,-0.03820904684306203,False,False,False,False,2026-09-05T19:57:07.171995+09:00,1788605827,0.0,12963340.93652394,0.0,2,0.0,complete,1788605810660,1788605810660,323014.02428356,149648.71585041,0.36678437649646745,1369.0,1372.0,0.21913805697588717,-0.29218407596786067,0.5102040816326531,233.3333333333384,complete_hourly_ordered,/v1/candles/minutes/60,120,False,0.9454545454545382,1375.0,2026-09-01T05:00:00,1388.0,2026-09-02T03:00:00,D-3,1.6570605187319898,176.923076923078,False,True,0.0,,862.0578328514329,-2.365593318665873,-0.1463057790782707,0.0,0.014483647664342847,-0.03820904684306203,,0.0,,862.0578328514329,-2.365593318665873,-0.1463057790782707,0.0,0.014483647664342847,-0.03820904684306203,,0.0,,862.0578328514329,-2.365593318665873,-0.1463057790782707,0.0,0.014483647664342847,-0.03820904684306203,,0.0,,862.0578328514329,-2.365593318665873,-0.1463057790782707,0.0,0.014483647664342847,-0.03820904684306203,,0.0,,862.0578328514329,-2.365593318665873,-0.1463057790782707,0.0,0.014483647664342847,-0.03820904684306203,,0.0,,862.0578328514329,-2.365593318665873,-0.1463057790782707,0.0,0.014483647664342847,-0.03820904684306203,,0.0,0.0,11615881.30427896,-0.1463057790782707,12963340.93652394,5084816.6634986345,2.5494215021716133,-0.1463057790782707,False,False,flat_or_na,rising,sell_only,decelerating,neutral,False,False,False,pass,S0,🌱 초발사 준비,발사 구조 관찰 또는 초기 준비,S0,False,,,2026-09-05T10:40:00Z,33961613178-1
KRW-MOVE,무브먼트,12.4,11.926666666666668,11.541199999999998,16.601333333333333,1.3023782559456576,-3.3399184371353896,28.15838085294353,-2.661151346060328,-1.9313373532597602,,,14.579731917584,,False,False,False,False,-22.71963564473595,10.71428571428572,11.0,A급,-0.8000000000000007,27.7528881177593,2.0,-0.7844475721368926,-1.47113808950688,False,False,False,True,2026-09-05T19:57:07.171995+09:00,1788605827,1289086.151424084,2118032.427516404,0.6086243698051692,19,0.0,complete,1788605240674,1788605706705,32715494.42515845,38103797.03382654,-0.07608523747782377,12.6,12.7,0.7936507936507908,-1.5873015873015817,2.3622047244094406,300.0,complete_hourly_ordered,/v1/candles/minutes/60,120,False,21.62162162162162,11.1,2026-08-31T21:00:00,13.5,2026-09-04T07:00:00,D-1,8.148148148148149,45.83333333333327,False,True,0.6086243698051692,,3401.8136135005584,27.7528881177593,-0.8000000000000007,2.0,-0.7844475721368926,-1.47113808950688,,0.6086243698051692,,3401.8136135005584,27.7528881177593,-0.8000000000000007,2.0,-0.7844475721368926,-1.47113808950688,,0.6086243698051692,,3401.8136135005584,27.7528881177593,-0.8000000000000007,2.0,-0.7844475721368926,-1.47113808950688,,0.6086243698051692,,3401.8136135005584,27.7528881177593,-0.8000000000000007,2.0,-0.7844475721368926,-1.47113808950688,,0.6086243698051692,,3401.8136135005584,27.7528881177593,-0.8000000000000007,2.0,-0.7844475721368926,-1.47113808950688,,0.6086243698051692,,3401.8136135005584,27.7528881177593,-0.8000000000000007,2.0,-0.7844475721368926,-1.47113808950688,,0.6086243698051692,1289086.151424084,2057548.5565487791,-0.8000000000000007,3407118.5789404884,24758639.912995026,0.13761331765046592,-0.8000000000000007,False,False,rising,rising,sell_advantage_weakening,accelerating,leading_buy_inflow,False,False,False,pass,S1,⚡ 선행 시동,가격 미급등 상태에서 선행조건 6개 개선,S0,True,가격 미급등 상태에서 선행조건 6개 개선,2026-09-05T19:57:07.171995+09:00,2026-09-05T10:40:00Z,33961613178-1
KRW-TREE,트리하우스,57.6,54.2,52.282,66.68166666666667,0.5192878338279083,-3.6685666194866426,18.71828838511335,-1.1734319503166784,-1.1776365435420728,,,,,False,False,False,False,-48.42897790612021,3.2258064516129004,8.0,B급,0.6993006993006867,-296.3065967951225,-2.0,-0.3915044306761484,-0.9160518374621738,False,False,False,False,2026-09-05T19:57:07.171995+09:00,1788605827,0.0,671307.3989641371,0.0,4,0.0,complete,1788605335931,1788605867866,1203467.59280927,1547453.77044639,-0.1250439878913948,57.0,58.5,2.6315789473684292,1.0526315789473717,1.538461538461536,60.0,complete_hourly_ordered,/v1/candles/minutes/60,120,False,10.169491525423723,53.1,2026-09-02T03:00:00,58.5,2026-09-05T09:00:00,D0,1.538461538461533,16.666666666666632,False,True,-0.007891969359792672,-100.0,-90.7153091890578,-296.3065967951225,0.6993006993006867,-2.0,-0.3915044306761484,-0.9160518374621738,,-0.007891969359792672,-100.0,-90.7153091890578,-296.3065967951225,0.6993006993006867,-2.0,-0.3915044306761484,-0.9160518374621738,,-0.007891969359792672,-100.0,-90.7153091890578,-296.3065967951225,0.6993006993006867,-2.0,-0.3915044306761484,-0.9160518374621738,,-0.007891969359792672,-100.0,-90.7153091890578,-296.3065967951225,0.6993006993006867,-2.0,-0.3915044306761484,-0.9160518374621738,,-0.007891969359792672,-100.0,-90.7153091890578,-296.3065967951225,0.6993006993006867,-2.0,-0.3915044306761484,-0.9160518374621738,,-0.007891969359792672,-100.0,-90.7153091890578,-296.3065967951225,0.6993006993006867,-2.0,-0.3915044306761484,-0.9160518374621738,,-0.007891969359792672,-57060.99999995001,-6558953.81956764,0.6993006993006867,671307.3989641371,9871188.406285347,0.06800674562514591,0.6993006993006867,False,True,falling,falling,sell_only,decelerating,neutral,False,False,False,pass,S0,🌱 초발사 준비,발사 구조 관찰 또는 초기 준비,S1,True,발사 구조 관찰 또는 초기 준비,2026-09-05T19:57:07.171995+09:00,2026-09-05T10:40:00Z,33961613178-1
KRW-USDE,유에스디이,1363.0,1378.1333333333334,1413.86,1461.325,-0.08699855002415324,2.5268885651101565,5.69289286549307,-0.06678005063296735,0.0184626844359669,,,,,False,False,False,False,-23.296411923879056,-1.0885341074020283,5.0,관찰,-0.43827611395178545,-13.986683820122757,0.0,-0.053183758468189346,0.04064461792937735,False,False,False,False,2026-09-05T19:57:07.171995+09:00,1788605827,0.0,0.0,,0,0.0,complete,,,47023.20176324,20851.02582982,0.38559814028876044,1372.0,1372.0,0.0,-0.6559766763848396,0.6559766763848397,,complete_hourly_ordered,/v1/candles/minutes/60,120,False,2.2760646108663796,1362.0,2026-08-30T12:00:00,1393.0,2026-08-31T08:00:00,D-4,2.153625269203163,96.77419354838757,False,False,,,,-13.986683820122757,-0.43827611395178545,0.0,-0.053183758468189346,0.04064461792937735,,,,,-13.986683820122757,-0.43827611395178545,0.0,-0.053183758468189346,0.04064461792937735,,,,,-13.986683820122757,-0.43827611395178545,0.0,-0.053183758468189346,0.04064461792937735,,,,,-13.986683820122757,-0.43827611395178545,0.0,-0.053183758468189346,0.04064461792937735,,,,,-13.986683820122757,-0.43827611395178545,0.0,-0.053183758468189346,0.04064461792937735,,,,,-13.986683820122757,-0.43827611395178545,0.0,-0.053183758468189346,0.04064461792937735,,,0.0,0.0,-0.43827611395178545,0,179736.64959705,0.0,-0.43827611395178545,False,False,flat_or_na,flat_or_na,unavailable,decelerating,neutral,False,False,False,pass,S0,🌱 초발사 준비,발사 구조 관찰 또는 초기 준비,S0,False,,,2026-09-05T10:40:00Z,33961613178-1
KRW-WET,휴미디파이,85.1,86.24666666666667,94.574,99.26666666666667,-1.6646397081179654,8.805097947991339,13.116185359301541,0.9472534359181498,0.7490083734981399,,,,,False,False,False,False,-35.05199206910719,2.530120481927711,4.0,-,1.5513126491646823,-11.786802676808946,0.0,-0.15232406837850654,1.044799756734875,False,False,False,False,2026-09-05T19:57:07.171995+09:00,1788605827,0.0,0.0,,0,0.0,complete,,,497749.39407116,934325.28917624,-0.3048555359662473,84.2,85.5,1.5439429928741033,1.0688836104512989,0.4678362573099482,30.769230769230994,complete_hourly_ordered,/v1/candles/minutes/60,120,False,6.815365551425034,80.7,2026-09-02T10:00:00,86.2,2026-09-04T16:00:00,D-1,1.2761020881670637,20.000000000000327,False,False,,-100.0,-100.0,-11.786802676808946,1.5513126491646823,0.0,-0.15232406837850654,1.044799756734875,,,-100.0,-100.0,-11.786802676808946,1.5513126491646823,0.0,-0.15232406837850654,1.044799756734875,,,-100.0,-100.0,-11.786802676808946,1.5513126491646823,0.0,-0.15232406837850654,1.044799756734875,,,-100.0,-100.0,-11.786802676808946,1.5513126491646823,0.0,-0.15232406837850654,1.044799756734875,,,-100.0,-100.0,-11.786802676808946,1.5513126491646823,0.0,-0.15232406837850654,1.044799756734875,,,-100.0,-100.0,-11.786802676808946,1.5513126491646823,0.0,-0.15232406837850654,1.044799756734875,,,-1031729.835068016,-1175961.1933338558,1.5513126491646823,0,1021474.0721051064,0.0,1.5513126491646823,False,False,falling,falling,unavailable,decelerating,neutral,False,False,False,pass,S0,🌱 초발사 준비,발사 구조 관찰 또는 초기 준비,S0,False,,,2026-09-05T10:40:00Z,33961613178-1
KRW-USDT,테더,1367.0,1378.9333333333334,1413.1,1461.2083333333333,-0.028999516674710346,2.4178520038685525,5.630613932532998,-0.08414077416011448,0.0005767231703091902,,,,,False,False,False,False,-45.58774779723631,-0.9427121102247971,5.0,관찰,-0.21913805697589828,7.208885525787821,0.0,0.014487147414965484,-0.04225966606260112,False,False,False,False,2026-09-05T19:57:07.171995+09:00,1788605827,739979875.1913221,147046354.17660904,5.03228984720406,554,0.0,complete,1788604933602,1788605868512,11209781.13475241,10013961.11956695,0.05634350440446442,1371.0,1371.0,0.0,-0.29175784099197966,0.29175784099197666,,complete_hourly_ordered,/v1/candles/minutes/60,120,False,0.9454545454545382,1375.0,2026-09-01T04:00:00,1388.0,2026-09-02T03:00:00,D-3,1.5850144092218965,169.23076923076948,False,True,2.720865759894267,993.5013743710615,402.26546820071167,7.208885525787821,-0.14609203798392478,0.0,0.014487147414965484,-0.04225966606260112,,2.720865759894267,993.5013743710615,402.26546820071167,7.208885525787821,-0.14609203798392478,0.0,0.014487147414965484,-0.04225966606260112,,2.720865759894267,993.5013743710615,402.26546820071167,7.208885525787821,-0.14609203798392478,0.0,0.014487147414965484,-0.04225966606260112,,2.720865759894267,993.5013743710615,402.26546820071167,7.208885525787821,-0.14609203798392478,0.0,0.014487147414965484,-0.04225966606260112,,2.720865759894267,993.5013743710615,402.26546820071167,7.208885525787821,-0.14609203798392478,0.0,0.014487147414965484,-0.04225966606260112,,2.720865759894267,993.5013743710615,402.26546820071167,7.208885525787821,-0.14609203798392478,0.0,0.014487147414965484,-0.04225966606260112,,2.720865759894267,672309189.7642527,117769733.8460536,-0.14609203798392478,887026229.3679311,758038735.3849162,1.170159502360414,-0.14609203798392478,False,False,rising,rising,buy_advantage_accelerating,accelerating,leading_buy_inflow,False,False,False,pass,S0,🌱 초발사 준비,발사 구조 관찰 또는 초기 준비,S0,False,,,2026-09-05T10:40:00Z,33961613178-1
KRW-USDS,유에스디에스,1364.0,1378.4666666666667,1413.44,1461.4833333333333,-0.07249178426445013,2.4743415591276148,5.680301976302614,-0.08337220944112578,0.0006882851980877014,,,,,False,False,False,False,-57.2537476228375,-1.2309920347574277,5.0,관찰,-0.29239766081871066,9.294434963286058,0.0,-0.004878532067009722,0.011409085782688955,False,False,False,False,2026-09-05T19:57:07.171995+09:00,1788605827,0.0,0.0,,0,0.0,complete,,,46925.0134419,11868.93547563,0.596253162301498,1369.0,1375.0,0.43827611395179655,-0.36523009495982306,0.8,183.33333333333164,complete_hourly_ordered,/v1/candles/minutes/60,120,False,1.8261504747991264,1369.0,2026-08-25T12:00:00,1394.0,2026-08-31T01:00:00,D-4,2.152080344332852,119.99999999999989,False,False,,,,9.294434963286058,-0.29239766081871066,0.0,-0.004878532067009722,0.011409085782688955,,,,,9.294434963286058,-0.29239766081871066,0.0,-0.004878532067009722,0.011409085782688955,,,,,9.294434963286058,-0.29239766081871066,0.0,-0.004878532067009722,0.011409085782688955,,,,,9.294434963286058,-0.29239766081871066,0.0,-0.004878532067009722,0.011409085782688955,,,,,9.294434963286058,-0.29239766081871066,0.0,-0.004878532067009722,0.011409085782688955,,,,,9.294434963286058,-0.29239766081871066,0.0,-0.004878532067009722,0.011409085782688955,,,0.0,0.0,-0.29239766081871066,0,367617.73916112003,0.0,-0.29239766081871066,False,False,flat_or_na,flat_or_na,unavailable,accelerating,neutral,False,False,False,pass,S0,🌱 초발사 준비,발사 구조 관찰 또는 초기 준비,S0,False,,,2026-09-05T10:40:00Z,33961613178-1
KRW-2Z,더블제로,72.0,75.98,79.072,102.21583333333334,-0.714347939715998,3.910360178065559,25.667093323767514,-0.6570880772528743,-0.3911664009403104,5.951044180277666,,,,False,False,False,False,0.08280724336200418,-3.6144578313253017,4.0,-,1.6949152542372836,-42.02117120424631,-2.0,-0.3930000154498847,0.0801190071863509,False,False,False,False,2026-09-05T19:57:07.171995+09:00,1788605827,0.0,0.0,,0,0.0,complete,,,1195298.36250711,1148182.96034328,0.02010487632413607,70.9,72.4,2.115655853314524,1.5514809590973178,0.5524861878453117,26.666666666666668,complete_hourly_ordered,/v1/candles/minutes/60,120,False,4.389574759945125,72.9,2026-09-01T01:00:00,76.1,2026-09-02T01:00:00,D-3,5.387647831800257,128.12500000000014,False,False,,,,-42.02117120424631,1.6949152542372836,-2.0,-0.3930000154498847,0.0801190071863509,,,,,-42.02117120424631,1.6949152542372836,-2.0,-0.3930000154498847,0.0801190071863509,,,,,-42.02117120424631,1.6949152542372836,-2.0,-0.3930000154498847,0.0801190071863509,,,,,-42.02117120424631,1.6949152542372836,-2.0,-0.3930000154498847,0.0801190071863509,,,,,-42.02117120424631,1.6949152542372836,-2.0,-0.3930000154498847,0.0801190071863509,,,,,-42.02117120424631,1.6949152542372836,-2.0,-0.3930000154498847,0.0801190071863509,,,0.0,0.0,1.6949152542372836,0,1833291.4593787794,0.0,1.6949152542372836,False,False,flat_or_na,flat_or_na,unavailable,decelerating,neutral,False,False,False,pass,S0,🌱 초발사 준비,발사 구조 관찰 또는 초기 준비,S0,False,,,2026-09-05T10:40:00Z,33961613178-1
KRW-BOUNTY,체인바운티,16.6,16.053333333333335,17.944000000000003,22.054166666666667,0.33333333333334103,10.536483875761634,27.209522010202146,-1.2523371135723607,-1.0206004268279234,8.41345653783727,,,,False,False,False,False,104.88516884482073,3.750000000000009,7.0,B급,0.0,-20.3476939276877,-1.0,-0.46498599439774857,-0.6780559562816606,False,False,False,False,2026-09-05T19:57:07.171995+09:00,1788605827,0.0,20000.000000026,0.0,1,0.0,complete,1788605577648,1788605577648,7164919.34416442,9214185.6944342,-0.12511467173820096,16.5,16.7,1.2121212121211977,0.60606060606061,0.5988023952095681,49.99999999999908,complete_hourly_ordered,/v1/candles/minutes/60,120,False,15.923566878980889,15.7,2026-09-01T13:00:00,18.2,2026-09-02T13:00:00,D-3,8.791208791208781,63.999999999999865,False,True,,-100.0,,-20.3476939276877,0.0,-1.0,-0.46498599439774857,-0.6780559562816606,,,-100.0,,-20.3476939276877,0.0,-1.0,-0.46498599439774857,-0.6780559562816606,,,-100.0,,-20.3476939276877,0.0,-1.0,-0.46498599439774857,-0.6780559562816606,,,-100.0,,-20.3476939276877,0.0,-1.0,-0.46498599439774857,-0.6780559562816606,,,-100.0,,-20.3476939276877,0.0,-1.0,-0.46498599439774857,-0.6780559562816606,,,-100.0,,-20.3476939276877,0.0,-1.0,-0.46498599439774857,-0.6780559562816606,,,-5019.999999930001,20000.000000026,0.0,20000.000000026,1072536.5969781317,0.01864738234236103,0.0,False,False,falling,rising,sell_only,decelerating,neutral,True,True,False,🔴 1차 급등 완료·상승분 반납 / 신규매수 금지,S3,🔴 1차 급등 완료·반납,당일/5D 급등 후 상승분 상당 부분 반납,S3,False,,,2026-09-05T10:40:00Z,33961613178-1
KRW-KAITO,카이토,426.0,436.6,935.34,847.125,-1.622352410995942,53.32178672995915,48.46097093109045,-0.23233610131806232,0.41216685835587513,,,,,False,False,False,False,-52.81737212573161,2.158273381294973,1.0,-,2.898550724637672,-17.93875601607683,0.0,-0.537657017236659,0.6783669247760429,False,False,False,False,2026-09-05T19:57:07.171995+09:00,1788605827,2370046.69420736,3383917.46368825,0.7003854909700319,21,0.0,complete,1788604933423,1788605727601,480452.84676432,626129.63398322,-0.1316456655996303,415.0,429.0,3.3734939759036076,2.650602409638547,0.6993006993006993,21.428571428571473,complete_hourly_ordered,/v1/candles/minutes/60,120,False,6.982543640897765,401.0,2026-09-04T21:00:00,429.0,2026-09-05T18:00:00,D0,0.6993006993006978,10.714285714285827,False,False,,640.6041818107121,,-17.93875601607683,2.898550724637672,0.0,-0.537657017236659,0.6783669247760429,,,640.6041818107121,,-17.93875601607683,2.898550724637672,0.0,-0.537657017236659,0.6783669247760429,,,640.6041818107121,,-17.93875601607683,2.898550724637672,0.0,-0.537657017236659,0.6783669247760429,,,640.6041818107121,,-17.93875601607683,2.898550724637672,0.0,-0.537657017236659,0.6783669247760429,,,640.6041818107121,,-17.93875601607683,2.898550724637672,0.0,-0.537657017236659,0.6783669247760429,,,640.6041818107121,,-17.93875601607683,2.898550724637672,0.0,-0.537657017236659,0.6783669247760429,,,2050031.39421097,3383917.46368825,2.898550724637672,5753964.15789561,7080224.34402605,0.812681050530627,2.898550724637672,False,False,rising,rising,sell_advantage_weakening,decelerating,rally_weakening,False,False,False,pass,S0,🌱 초발사 준비,발사 구조 관찰 또는 초기 준비,S0,False,,,2026-09-05T10:40:00Z,33961613178-1
KRW-LPT,라이브피어,1999.0,1917.0666666666666,1887.74,2392.1583333333333,0.0800473323356421,-1.5535331489859088,19.86037713501406,-0.8805849127534018,-0.8236901415105088,,,,,False,False,False,False,3535.2536900728737,7.485191168551419,9.0,B급,0.15052684395384652,601.4798996948439,-1.0,-0.5469009356759758,-0.4784531794853564,False,True,False,False,2026-09-05T19:57:07.171995+09:00,1788605827,13831677.574195305,8586917.83722184,1.6107848981900033,62,0.0,complete,1788604934167,1788605671015,16968.78267059,27445.64765942,-0.2358887620753964,1995.0,2059.0,3.2080200501253042,0.2005012531328232,2.9140359397765905,93.75000000000026,complete_hourly_ordered,/v1/candles/minutes/60,120,False,36.0601001669449,1797.0,2026-09-02T19:00:00,2445.0,2026-09-04T09:00:00,D-1,18.241308793456035,68.82716049382714,True,True,1.3127117626784193,1594.665547171628,213.5951136967496,601.4798996948439,0.30105368790767084,-1.0,-0.5469009356759758,-0.4784531794853564,,1.3127117626784193,1594.665547171628,213.5951136967496,601.4798996948439,0.30105368790767084,-1.0,-0.5469009356759758,-0.4784531794853564,,1.3127117626784193,1594.665547171628,213.5951136967496,601.4798996948439,0.30105368790767084,-1.0,-0.5469009356759758,-0.4784531794853564,,1.3127117626784193,1594.665547171628,213.5951136967496,601.4798996948439,0.30105368790767084,-1.0,-0.5469009356759758,-0.4784531794853564,,1.3127117626784193,1594.665547171628,213.5951136967496,601.4798996948439,0.30105368790767084,-1.0,-0.5469009356759758,-0.4784531794853564,,1.3127117626784193,1594.665547171628,213.5951136967496,601.4798996948439,0.30105368790767084,-1.0,-0.5469009356759758,-0.4784531794853564,,1.3127117626784193,13015488.350470295,5848699.8414129205,0.30105368790767084,22418595.411417145,3554407.21953393,6.307267014373433,0.30105368790767084,False,True,rising,rising,buy_advantage_accelerating,accelerating,leading_buy_inflow,True,True,False,🔴 1차 급등 완료·상승분 반납 / 신규매수 금지,S3,🔴 1차 급등 완료·반납,당일/5D 급등 후 상승분 상당 부분 반납,S3,False,,,2026-09-05T10:40:00Z,33961613178-1
KRW-BLAST,블라스트,0.396,0.3908666666666667,0.37201999999999996,0.46655833333333335,0.1879699248120481,-5.0660358762073905,16.223409005662027,-1.1051585042220915,-1.1576403527661128,,,14.014204814904005,,False,False,False,False,-31.48556235823251,2.590673575129543,9.0,B급,0.7633587786259444,3.0434876397996113,-1.0,-0.48340208413957253,-0.7423187688618818,False,False,False,False,2026-09-05T19:57:07.171995+09:00,1788605827,1357326.6652107993,1518566.11694153,0.8938212502360614,13,0.0,complete,1788605138126,1788605569123,327045211.5731037,237683176.76225415,0.15823896346748356,0.396,0.399,0.7575757575757569,0.0,0.7518796992481209,100.0,complete_hourly_ordered,/v1/candles/minutes/60,120,False,15.58441558441559,0.385,2026-08-31T21:00:00,0.445,2026-09-01T12:00:00,D-4,11.011235955056176,81.66666666666659,True,True,,,,3.0434876397996113,0.7633587786259444,-1.0,-0.48340208413957253,-0.7423187688618818,0.9941802529523045,,,,3.0434876397996113,0.7633587786259444,-1.0,-0.48340208413957253,-0.7423187688618818,0.9941802529523045,,,,3.0434876397996113,0.7633587786259444,-1.0,-0.48340208413957253,-0.7423187688618818,0.9941802529523045,,,,3.0434876397996113,0.7633587786259444,-1.0,-0.48340208413957253,-0.7423187688618818,0.9941802529523045,,,,3.0434876397996113,0.7633587786259444,-1.0,-0.48340208413957253,-0.7423187688618818,0.9941802529523045,,,,3.0434876397996113,0.7633587786259444,-1.0,-0.48340208413957253,-0.7423187688618818,0.9941802529523045,,1357326.6652107993,1518566.11694153,0.7633587786259444,2875892.7821523296,1333200.0594890143,2.1571352038902507,0.7633587786259444,False,False,rising,rising,sell_advantage_weakening,accelerating,neutral,True,True,False,🔴 1차 급등 완료·상승분 반납 / 신규매수 금지,S3,🔴 1차 급등 완료·반납,당일/5D 급등 후 상승분 상당 부분 반납,S3,False,,,2026-09-05T10:40:00Z,33961613178-1
KRW-ETHFI,이더파이,761.0,783.4666666666667,666.8,601.6333333333333,-0.5584701303096962,-17.49650069986004,-30.223281068203235,0.20516393719667042,-0.13185256313326868,,,,,False,False,False,False,45.66968973278962,-2.310654685494218,6.0,관찰,-0.2621231979030192,4.297150238946344,0.0,-0.6177569940346128,0.8667781575620701,False,False,False,False,2026-09-05T19:57:07.171995+09:00,1788605827,61920.287000000004,0.0,,1,0.0,complete,1788604957960,1788604957960,124713.65479363,119173.62753603,0.022715523354397787,767.0,769.0,0.26075619295957697,-0.7822685788787531,1.0403120936280885,400.0000000000085,complete_hourly_ordered,/v1/candles/minutes/60,120,False,13.839891451831754,737.0,2026-08-31T21:00:00,839.0,2026-09-02T16:00:00,D-3,9.296781883194283,76.47058823529407,True,True,,,,4.297150238946344,-0.2621231979030192,0.0,-0.6177569940346128,0.8667781575620701,,,,,4.297150238946344,-0.2621231979030192,0.0,-0.6177569940346128,0.8667781575620701,,,,,4.297150238946344,-0.2621231979030192,0.0,-0.6177569940346128,0.8667781575620701,,,,,4.297150238946344,-0.2621231979030192,0.0,-0.6177569940346128,0.8667781575620701,,,,,4.297150238946344,-0.2621231979030192,0.0,-0.6177569940346128,0.8667781575620701,,,,,4.297150238946344,-0.2621231979030192,0.0,-0.6177569940346128,0.8667781575620701,,,61920.287000000004,0.0,-0.2621231979030192,61920.287000000004,4984624.227580065,0.012422257761657002,-0.2621231979030192,False,False,rising,flat_or_na,buy_only,accelerating,neutral,False,True,False,pass,S0,🌱 초발사 준비,발사 구조 관찰 또는 초기 준비,S3,True,발사 구조 관찰 또는 초기 준비,2026-09-05T19:57:07.171995+09:00,2026-09-05T10:40:00Z,33961613178-1
KRW-DKA,디카르고,4.99,4.83,4.8866000000000005,6.037916666666666,0.26293938555215224,1.158269553472771,20.005520668000816,-1.0130381387244105,-0.9701550200350486,1.1433622380014554,,,,False,False,False,False,-87.52331007692044,1.8367346938775508,5.0,관찰,-1.5779092702169595,-5.467588837334503,-1.0,-0.5032907621213001,-0.5666060015026844,False,False,False,False,2026-09-05T19:57:07.171995+09:00,1788605827,0.0,0.0,,0,0.0,complete,,,16849598.33371399,12837580.81760963,0.13514310321145756,5.0,5.06,1.200000000000001,-0.20000000000000018,1.3833992094861542,116.66666666666667,complete_hourly_ordered,/v1/candles/minutes/60,120,False,7.724425887265141,4.79,2026-09-01T00:00:00,5.16,2026-09-04T11:00:00,D-1,3.2945736434108475,45.94594594594584,False,True,,-100.0,-100.0,-5.467588837334503,-1.5779092702169595,-1.0,-0.5032907621213001,-0.5666060015026844,,,-100.0,-100.0,-5.467588837334503,-1.5779092702169595,-1.0,-0.5032907621213001,-0.5666060015026844,,,-100.0,-100.0,-5.467588837334503,-1.5779092702169595,-1.0,-0.5032907621213001,-0.5666060015026844,,,-100.0,-100.0,-5.467588837334503,-1.5779092702169595,-1.0,-0.5032907621213001,-0.5666060015026844,,,-100.0,-100.0,-5.467588837334503,-1.5779092702169595,-1.0,-0.5032907621213001,-0.5666060015026844,,,-100.0,-100.0,-5.467588837334503,-1.5779092702169595,-1.0,-0.5032907621213001,-0.5666060015026844,,,-54297.87068856991,-32841.6297663176,-1.5779092702169595,0,1567559.561979922,0.0,-1.5779092702169595,False,False,falling,falling,unavailable,decelerating,neutral,False,True,False,pass,S0,🌱 초발사 준비,발사 구조 관찰 또는 초기 준비,S0,False,,,2026-09-05T10:40:00Z,33961613178-1
KRW-ANKR,앵커,5.76,5.581333333333333,5.1402,5.6970833333333335,0.4198152812762146,-8.582026639689762,2.031741388137209,-0.8226967721353029,-1.1448924130968714,,,1.774613374056222,,False,False,False,False,10058.36775042805,6.864564007421148,14.0,A급,-0.8605851979345935,885.571180741923,0.0,-0.5725603692139147,-0.5936961847916189,True,True,False,False,2026-09-05T19:57:07.171995+09:00,1788605827,5999.9999999895,2050413.9658367918,0.0029262383596479493,5,0.0,complete,1788605113805,1788605173952,13077050.62663772,17822433.78847914,-0.15357483309721018,5.75,5.85,1.7391304347825987,0.17391304347824654,1.538461538461536,90.00000000000077,complete_hourly_ordered,/v1/candles/minutes/60,120,False,32.706766917293216,5.32,2026-09-02T10:00:00,7.06,2026-09-03T09:00:00,D-2,18.41359773371105,74.71264367816093,False,True,-0.06449577453838538,-99.39882614720732,-86.14865015240095,885.571180741923,-0.8605851979345935,0.0,-0.5725603692139147,-0.5936961847916189,-0.3300188299961717,-0.06449577453838538,-99.39882614720732,-86.14865015240095,885.571180741923,-0.8605851979345935,0.0,-0.5725603692139147,-0.5936961847916189,-0.3300188299961717,-0.06449577453838538,-99.39882614720732,-86.14865015240095,885.571180741923,-0.8605851979345935,0.0,-0.5725603692139147,-0.5936961847916189,-0.3300188299961717,-0.06449577453838538,-99.39882614720732,-86.14865015240095,885.571180741923,-0.8605851979345935,0.0,-0.5725603692139147,-0.5936961847916189,-0.3300188299961717,-0.06449577453838538,-99.39882614720732,-86.14865015240095,885.571180741923,-0.8605851979345935,0.0,-0.5725603692139147,-0.5936961847916189,-0.3300188299961717,-0.06449577453838538,-99.39882614720732,-86.14865015240095,885.571180741923,-0.8605851979345935,0.0,-0.5725603692139147,-0.5936961847916189,-0.3300188299961717,-0.06449577453838538,-992047.3987877779,-12752576.272635901,-0.8605851979345935,2056413.9658367813,58425843.1640853,0.035196992537385764,-0.8605851979345935,False,True,falling,falling,sell_advantage_accelerating,accelerating,neutral,True,True,False,🔴 1차 급등 완료·상승분 반납 / 신규매수 금지,S3,🔴 1차 급등 완료·반납,당일/5D 급등 후 상승분 상당 부분 반납,S3,False,,,2026-09-05T10:40:00Z,33961613178-1
KRW-ALGO,알고랜드,129.0,124.73333333333333,120.68,136.74166666666667,-0.26652452025586193,-3.358744890067391,8.781766103967339,-0.38113966922972126,-0.6975249145996856,,,12.589895959497383,,False,False,False,False,53.56061714324267,9.322033898305083,11.0,A급,3.200000000000003,20.347465886531538,0.0,-0.48019973393107485,-0.1281634905944582,False,False,False,False,2026-09-05T19:57:07.171995+09:00,1788605827,119945.02748468998,0.0,,2,0.0,complete,1788605354999,1788605747539,5361909.44913049,5514420.09975032,-0.014022253549270539,124.0,129.0,4.0322580645161255,4.0322580645161255,0.0,0.0,complete_hourly_ordered,/v1/candles/minutes/60,120,False,12.93103448275863,116.0,2026-08-31T21:00:00,131.0,2026-09-04T01:00:00,D-1,1.526717557251911,13.333333333333444,False,False,,-88.00549725153101,,20.347465886531538,3.200000000000003,0.0,-0.48019973393107485,-0.1281634905944582,2.498795950642787,,-88.00549725153101,,20.347465886531538,3.200000000000003,0.0,-0.48019973393107485,-0.1281634905944582,2.498795950642787,,-88.00549725153101,,20.347465886531538,3.200000000000003,0.0,-0.48019973393107485,-0.1281634905944582,2.498795950642787,,-88.00549725153101,,20.347465886531538,3.200000000000003,0.0,-0.48019973393107485,-0.1281634905944582,2.498795950642787,,-88.00549725153101,,20.347465886531538,3.200000000000003,0.0,-0.48019973393107485,-0.1281634905944582,2.498795950642787,,-88.00549725153101,,20.347465886531538,3.200000000000003,0.0,-0.48019973393107485,-0.1281634905944582,2.498795950642787,,-880054.97251531,0.0,3.200000000000003,119945.02748468998,6425067.437334249,0.018668290824112345,3.200000000000003,False,False,falling,flat_or_na,buy_only,accelerating,neutral,False,False,False,pass,S0,🌱 초발사 준비,발사 구조 관찰 또는 초기 준비,S0,False,,,2026-09-05T10:40:00Z,33961613178-1
KRW-SHIB,시바이누,0.00738,0.007288,0.006814,0.007186583333333333,-0.6452785603926148,-6.956266510126217,-1.4111944711789404,-0.049595995804901705,-0.621569389324535,,,,,False,False,False,False,-8.614687816285327,5.722460658082973,7.0,B급,3.7921348314606806,-7.125701576894706,0.0,-0.9462087081219761,0.37720522342809604,False,False,False,False,2026-09-05T19:57:07.171995+09:00,1788605827,5751336.868564809,20145362.108799838,0.28549185849841474,49,0.0,complete,1788604928527,1788605869921,85991358727.19772,57384341000.457886,0.1995248691450456,0.00717,0.00743,3.6262203626220346,2.9288702928870203,0.6729475100942086,19.230769230769443,complete_hourly_ordered,/v1/candles/minutes/60,120,False,8.695652173913038,0.0069,2026-08-31T22:00:00,0.0075,2026-09-04T00:00:00,D-1,1.5999999999999903,19.999999999999897,True,True,0.13724560831026936,209.407343291791,60.66475122946082,-7.125701576894706,3.6516853932584414,0.0,-0.9462087081219761,0.37720522342809604,,0.13724560831026936,209.407343291791,60.66475122946082,-7.125701576894706,3.6516853932584414,0.0,-0.9462087081219761,0.37720522342809604,,0.13724560831026936,209.407343291791,60.66475122946082,-7.125701576894706,3.6516853932584414,0.0,-0.9462087081219761,0.37720522342809604,,0.13724560831026936,209.407343291791,60.66475122946082,-7.125701576894706,3.6516853932584414,0.0,-0.9462087081219761,0.37720522342809604,,0.13724560831026936,209.407343291791,60.66475122946082,-7.125701576894706,3.6516853932584414,0.0,-0.9462087081219761,0.37720522342809604,,0.13724560831026936,209.407343291791,60.66475122946082,-7.125701576894706,3.6516853932584414,0.0,-0.9462087081219761,0.37720522342809604,,0.13724560831026936,3892513.21965712,7606605.502487166,3.6516853932584414,25896698.977364644,37584846.75643772,0.6890196771370082,3.6516853932584414,False,False,rising,rising,sell_advantage_weakening,decelerating,rally_weakening,False,False,False,pass,S0,🌱 초발사 준비,발사 구조 관찰 또는 초기 준비,S0,False,,,2026-09-05T10:40:00Z,33961613178-1
KRW-UNI,유니스왑,8575.0,7023.333333333333,5883.18,5206.316666666667,2.820612922115928,-19.3798818552778,-34.900233370361,-2.61713590803543,-3.6341773463128093,,,,,False,False,False,False,126.26553705122005,18.64171864171864,6.0,관찰,0.5875440658049458,-41.4451979532473,0.0,-0.5170900122392297,-3.027010789259233,False,False,False,False,2026-09-05T19:57:07.171995+09:00,1788605827,32593536.78397785,96272427.91667365,0.3385552591671255,89,0.0,complete,1788604955982,1788605813496,40446.48284433,10326.55118897,0.5932269408128249,8470.0,8800.0,3.8961038961038863,1.2396694214876103,2.556818181818182,68.18181818181792,complete_hourly_ordered,/v1/candles/minutes/60,120,False,27.33142037302725,6970.0,2026-08-31T22:00:00,8875.0,2026-09-04T07:00:00,D-1,3.3802816901408406,15.748031496062973,False,True,-0.3329486603625337,1249.1337238114954,2575.9253001645097,-41.4451979532473,0.763807285546414,0.0,-0.5170900122392297,-3.027010789259233,,-0.3329486603625337,1249.1337238114954,2575.9253001645097,-41.4451979532473,0.763807285546414,0.0,-0.5170900122392297,-3.027010789259233,,-0.3329486603625337,1249.1337238114954,2575.9253001645097,-41.4451979532473,0.763807285546414,0.0,-0.5170900122392297,-3.027010789259233,,-0.3329486603625337,1249.1337238114954,2575.9253001645097,-41.4451979532473,0.763807285546414,0.0,-0.5170900122392297,-3.027010789259233,,-0.3329486603625337,1249.1337238114954,2575.9253001645097,-41.4451979532473,0.763807285546414,0.0,-0.5170900122392297,-3.027010789259233,,-0.3329486603625337,1249.1337238114954,2575.9253001645097,-41.4451979532473,0.763807285546414,0.0,-0.5170900122392297,-3.027010789259233,,-0.3329486603625337,30177650.485331602,92674703.12552364,0.763807285546414,128865964.7006515,97299620.60852078,1.3244241230820006,0.763807285546414,False,False,rising,rising,sell_advantage_accelerating,decelerating,rally_weakening,False,False,False,pass,S0,🌱 초발사 준비,발사 구조 관찰 또는 초기 준비,S0,False,,,2026-09-05T10:40:00Z,33961613178-1
KRW-BIO,바이오프로토콜,37.4,38.46666666666667,36.646,43.76583333333333,-1.1478499229055972,-4.968254834543109,12.107999009882134,0.353587469179379,-0.14585910930069143,,14.050992378416714,,,False,False,False,False,-9.716874664323583,2.1857923497267784,8.0,B급,2.1857923497267784,-3.652548795304079,0.0,-0.0789663124543094,0.22451046646425254,False,False,False,False,2026-09-05T19:57:07.171995+09:00,1788605827,25000.999999400003,1404198.5900029999,0.01780446168895996,3,0.0,complete,1788605331947,1788605501790,2225673.18857329,3775119.74277834,-0.2582069689673577,37.1,37.9,2.156334231805923,0.8086253369272267,1.3192612137203166,62.499999999999744,complete_hourly_ordered,/v1/candles/minutes/60,120,False,14.285714285714302,34.3,2026-09-02T19:00:00,39.2,2026-09-04T03:00:00,D-1,4.591836734693889,36.73469387755113,False,False,,,,-3.652548795304079,2.1857923497267784,0.0,-0.0789663124543094,0.22451046646425254,,,,,-3.652548795304079,2.1857923497267784,0.0,-0.0789663124543094,0.22451046646425254,,,,,-3.652548795304079,2.1857923497267784,0.0,-0.0789663124543094,0.22451046646425254,,,,,-3.652548795304079,2.1857923497267784,0.0,-0.0789663124543094,0.22451046646425254,,,,,-3.652548795304079,2.1857923497267784,0.0,-0.0789663124543094,0.22451046646425254,,,,,-3.652548795304079,2.1857923497267784,0.0,-0.0789663124543094,0.22451046646425254,,,25000.999999400003,1404198.5900029999,2.1857923497267784,1429199.5900023999,5440522.865390064,0.26269526392293396,2.1857923497267784,False,False,rising,rising,sell_advantage_weakening,decelerating,rally_weakening,False,False,False,pass,S0,🌱 초발사 준비,발사 구조 관찰 또는 초기 준비,S0,False,,,2026-09-05T10:40:00Z,33961613178-1
KRW-WLFI,월드리버티파이낸셜,77.3,79.38000000000001,79.944,85.45833333333333,-0.7170849662302858,0.7054938456919756,7.112627986348106,0.38714166090515045,0.28799183179776505,,,,,False,False,False,False,-53.676184651628134,-2.1518987341772156,5.0,관찰,-0.6426735218509005,-6.900243740789428,0.0,-0.3352154659812534,0.42159731102444287,False,False,False,False,2026-09-05T19:57:07.171995+09:00,1788605827,4395156.421788546,29994.2552,146.5332742047399,8,0.0,complete,1788605246830,1788605832468,5381107.70533511,4383310.27287145,0.10218708730931726,77.1,77.8,0.9079118028534339,0.25940337224383825,0.6426735218508998,71.42857142857143,complete_hourly_ordered,/v1/candles/minutes/60,120,False,5.49738219895286,76.4,2026-09-03T09:00:00,80.6,2026-09-04T14:00:00,D-1,4.094292803970223,78.5714285714286,False,False,,3875.2787360744796,,-6.900243740789428,-0.6426735218509005,0.0,-0.3352154659812534,0.42159731102444287,,,3875.2787360744796,,-6.900243740789428,-0.6426735218509005,0.0,-0.3352154659812534,0.42159731102444287,,,3875.2787360744796,,-6.900243740789428,-0.6426735218509005,0.0,-0.3352154659812534,0.42159731102444287,,,3875.2787360744796,,-6.900243740789428,-0.6426735218509005,0.0,-0.3352154659812534,0.42159731102444287,,,3875.2787360744796,,-6.900243740789428,-0.6426735218509005,0.0,-0.3352154659812534,0.42159731102444287,,,3875.2787360744796,,-6.900243740789428,-0.6426735218509005,0.0,-0.3352154659812534,0.42159731102444287,,,4284594.20178863,29994.2552,-0.6426735218509005,4425150.676988546,8434909.836758316,0.5246233525466123,-0.6426735218509005,False,False,rising,rising,buy_advantage_weakening,decelerating,neutral,False,False,False,pass,S0,🌱 초발사 준비,발사 구조 관찰 또는 초기 준비,S0,False,,,2026-09-05T10:40:00Z,33961613178-1
KRW-TOKAMAK,토카막네트워크,437.0,433.3333333333333,447.56,552.5333333333333,0.20040080160321772,3.178717192480715,21.57335907335907,-1.1473736082008217,-1.0369132793659595,2.7704290649191514,,,,False,False,False,False,-83.27062170998146,1.6279069767441756,5.0,관찰,0.691244239631339,-2.751241389184173,-1.0,-0.4987912431450692,-0.658529332220656,False,False,False,False,2026-09-05T19:57:07.171995+09:00,1788605827,999999.99999965,0.0,,1,0.0,complete,1788605026278,1788605026278,203507.36487047,124762.84260757,0.239877151410908,437.0,446.0,2.0594965675057253,0.0,2.0179372197309418,100.0,complete_hourly_ordered,/v1/candles/minutes/60,120,False,8.872901678657064,417.0,2026-08-31T18:00:00,454.0,2026-09-04T00:00:00,D-1,3.7444933920704804,45.945945945945965,True,True,,,-100.0,-2.751241389184173,0.691244239631339,-1.0,-0.4987912431450692,-0.658529332220656,,,,-100.0,-2.751241389184173,0.691244239631339,-1.0,-0.4987912431450692,-0.658529332220656,,,,-100.0,-2.751241389184173,0.691244239631339,-1.0,-0.4987912431450692,-0.658529332220656,,,,-100.0,-2.751241389184173,0.691244239631339,-1.0,-0.4987912431450692,-0.658529332220656,,,,-100.0,-2.751241389184173,0.691244239631339,-1.0,-0.4987912431450692,-0.658529332220656,,,,-100.0,-2.751241389184173,0.691244239631339,-1.0,-0.4987912431450692,-0.658529332220656,,,999999.99999965,-99999.99999836,0.691244239631339,999999.99999965,2085051.096523915,0.47960455341684255,0.691244239631339,False,False,rising,falling,buy_only,decelerating,neutral,False,False,False,pass,S0,🌱 초발사 준비,발사 구조 관찰 또는 초기 준비,S0,False,,,2026-09-05T10:40:00Z,33961613178-1
KRW-SKY,스카이프로토콜,91.7,94.05333333333333,85.25200000000001,89.43666666666667,-0.08498583569406248,-10.323902469541263,-5.161939547538288,-0.5664890607720888,-0.8463883606126205,,,,,False,False,False,False,100.9341092934716,-1.6094420600858417,9.0,B급,0.10917030567687558,99.52476714886195,2.0,-0.5264240699411116,-0.281080099934111,False,False,False,False,2026-09-05T19:57:07.171995+09:00,1788605827,336616.68595937203,0.0,,4,0.0,complete,1788605287356,1788605510390,718417.50612434,1087818.73702961,-0.204514349828482,92.7,93.6,0.9708737864077666,-1.0787486515641875,2.029914529914521,211.11111111111137,complete_hourly_ordered,/v1/candles/minutes/60,120,False,15.384615384615374,88.4,2026-09-01T14:00:00,102.0,2026-09-02T08:00:00,D-3,10.098039215686272,75.73529411764713,False,False,,,,99.52476714886195,0.10917030567687558,2.0,-0.5264240699411116,-0.281080099934111,,,,,99.52476714886195,0.10917030567687558,2.0,-0.5264240699411116,-0.281080099934111,,,,,99.52476714886195,0.10917030567687558,2.0,-0.5264240699411116,-0.281080099934111,,,,,99.52476714886195,0.10917030567687558,2.0,-0.5264240699411116,-0.281080099934111,,,,,99.52476714886195,0.10917030567687558,2.0,-0.5264240699411116,-0.281080099934111,,,,,99.52476714886195,0.10917030567687558,2.0,-0.5264240699411116,-0.281080099934111,,,336616.68595937203,0.0,0.10917030567687558,336616.68595937203,1160257.403290812,0.29012242025315566,0.10917030567687558,False,False,rising,flat_or_na,buy_only,accelerating,neutral,True,True,False,🔴 1차 급등 완료·상승분 반납 / 신규매수 금지,S3,🔴 1차 급등 완료·반납,당일/5D 급등 후 상승분 상당 부분 반납,S3,False,,,2026-09-05T10:40:00Z,33961613178-1
KRW-CYBER,사이버,422.0,436.8,443.46,537.6,-0.9224255254801195,1.5018265457989375,18.75,-0.09770227259281059,-0.2853961657273924,,,,,False,False,False,False,80.07404013680326,-1.1709601873536313,7.0,B급,1.6867469879518149,-28.102477418558195,0.0,-0.5156765046907208,0.18882233377476254,False,False,False,False,2026-09-05T19:57:07.171995+09:00,1788605827,0.0,0.0,,0,0.0,complete,,,86391.83231702,49910.34410063,0.26765154581688655,416.0,431.0,3.605769230769229,1.4423076923076872,2.088167053364269,60.00000000000012,complete_hourly_ordered,/v1/candles/minutes/60,120,False,6.157635467980294,406.0,2026-09-02T19:00:00,431.0,2026-09-05T10:00:00,D0,2.088167053364265,36.00000000000006,True,True,,,,-28.102477418558195,1.6867469879518149,0.0,-0.5156765046907208,0.18882233377476254,,,,,-28.102477418558195,1.6867469879518149,0.0,-0.5156765046907208,0.18882233377476254,,,,,-28.102477418558195,1.6867469879518149,0.0,-0.5156765046907208,0.18882233377476254,,,,,-28.102477418558195,1.6867469879518149,0.0,-0.5156765046907208,0.18882233377476254,,,,,-28.102477418558195,1.6867469879518149,0.0,-0.5156765046907208,0.18882233377476254,,,,,-28.102477418558195,1.6867469879518149,0.0,-0.5156765046907208,0.18882233377476254,,,0.0,0.0,1.6867469879518149,0,1015574.741851565,0.0,1.6867469879518149,False,False,flat_or_na,flat_or_na,unavailable,decelerating,neutral,False,False,False,pass,S0,🌱 초발사 준비,발사 구조 관찰 또는 초기 준비,S0,False,,,2026-09-05T10:40:00Z,33961613178-1
KRW-SKR,시커,30.7,21.7,14.025799999999998,15.551583333333333,6.3030698889614545,-54.71488257354306,-39.53563142016622,-6.036544047173281,-7.987968250128057,,,,,False,False,False,False,-45.65192193708783,-23.250000000000004,8.0,B급,-0.9677419354838679,-269.59855587778725,-2.0,-0.7750333188488723,-7.5411544713833685,False,False,False,False,2026-09-05T19:57:07.171995+09:00,1788605827,72023467.69780262,99122253.2088714,0.7266124948353833,370,0.0,complete,1788604927340,1788605905787,10530314.3564241,11878935.07131494,-0.06018143174494119,30.1,33.4,10.963455149501655,1.9933554817275656,8.08383233532934,81.81818181818188,complete_hourly_ordered,/v1/candles/minutes/60,120,False,49.7093023255814,34.4,2026-08-31T22:00:00,51.5,2026-08-31T23:00:00,D-4,40.582524271844655,122.22222222222221,True,True,-0.5385134123690055,-27.523985696810694,26.19007242182594,-269.59855587778725,-0.9677419354838679,-2.0,-0.7750333188488723,-7.5411544713833685,,-0.5385134123690055,-27.523985696810694,26.19007242182594,-269.59855587778725,-0.9677419354838679,-2.0,-0.7750333188488723,-7.5411544713833685,,-0.5385134123690055,-27.523985696810694,26.19007242182594,-269.59855587778725,-0.9677419354838679,-2.0,-0.7750333188488723,-7.5411544713833685,,-0.5385134123690055,-27.523985696810694,26.19007242182594,-269.59855587778725,-0.9677419354838679,-2.0,-0.7750333188488723,-7.5411544713833685,,-0.5385134123690055,-27.523985696810694,26.19007242182594,-269.59855587778725,-0.9677419354838679,-2.0,-0.7750333188488723,-7.5411544713833685,,-0.5385134123690055,-27.523985696810694,26.19007242182594,-269.59855587778725,-0.9677419354838679,-2.0,-0.7750333188488723,-7.5411544713833685,,-0.5385134123690055,-27352123.510216147,20572291.784388423,-0.9677419354838679,171145720.90667403,121157995.60754271,1.4125829669636705,-0.9677419354838679,False,False,falling,rising,sell_advantage_accelerating,decelerating,neutral,True,True,False,🔴 1차 급등 완료·상승분 반납 / 신규매수 금지,S3,🔴 1차 급등 완료·반납,당일/5D 급등 후 상승분 상당 부분 반납,S3,False,,,2026-09-05T10:40:00Z,33961613178-1
KRW-DOGE,도지코인,118.0,119.53333333333333,107.48,121.9,-0.4441976679622428,-11.214489517429593,1.9414820891441131,-0.29765121216869267,-0.742249094385994,,,2.615674581253822,,False,False,False,False,-0.649524725080397,2.60869565217392,11.0,A급,1.724137931034475,1.711592479548052,0.0,-0.7786458284973596,0.10099129159810083,False,False,False,False,2026-09-05T19:57:07.171995+09:00,1788605827,53570854.95171326,5880660.755868991,9.109665933075414,21,0.0,complete,1788605037250,1788605882079,113029734.9059764,94516149.56859083,0.08920237269100958,116.0,118.0,1.724137931034475,1.724137931034475,0.0,0.0,complete_hourly_ordered,/v1/candles/minutes/60,120,False,11.818181818181817,110.0,2026-09-02T10:00:00,123.0,2026-09-04T00:00:00,D-1,4.0650406504065035,38.46153846153843,True,False,-13.76748836031677,137.50892862707335,496.45748221477044,1.711592479548052,1.724137931034475,0.0,-0.7786458284973596,0.10099129159810083,0.8184205122708843,-13.76748836031677,137.50892862707335,496.45748221477044,1.711592479548052,1.724137931034475,0.0,-0.7786458284973596,0.10099129159810083,0.8184205122708843,-13.76748836031677,137.50892862707335,496.45748221477044,1.711592479548052,1.724137931034475,0.0,-0.7786458284973596,0.10099129159810083,0.8184205122708843,-13.76748836031677,137.50892862707335,496.45748221477044,1.711592479548052,1.724137931034475,0.0,-0.7786458284973596,0.10099129159810083,0.8184205122708843,-13.76748836031677,137.50892862707335,496.45748221477044,1.711592479548052,1.724137931034475,0.0,-0.7786458284973596,0.10099129159810083,0.8184205122708843,-13.76748836031677,137.50892862707335,496.45748221477044,1.711592479548052,1.724137931034475,0.0,-0.7786458284973596,0.10099129159810083,0.8184205122708843,-13.76748836031677,31015553.44731045,4894729.4981986405,1.724137931034475,59451515.70758225,141671847.02340633,0.419642412777748,1.724137931034475,False,True,rising,rising,buy_advantage_weakening,accelerating,neutral,False,False,False,pass,S0,🌱 초발사 준비,발사 구조 관찰 또는 초기 준비,S1,True,발사 구조 관찰 또는 초기 준비,2026-09-05T19:57:07.171995+09:00,2026-09-05T10:40:00Z,33961613178-1
KRW-WLD,월드코인,550.0,534.2,499.5,568.2666666666667,-0.024953212726142038,-6.946946946946957,5.9948381041764325,-0.5842590873080457,-0.0931323878924168,,,,,False,False,False,False,-32.96766325699486,9.362549800796804,9.0,B급,5.984555984555984,0.785441732266257,0.0,-0.049940718973007225,0.1318517879073422,False,False,False,False,2026-09-05T19:57:07.171995+09:00,1788605827,48557718.281048134,76826472.96660793,0.6320440911318862,94,0.0,complete,1788605003529,1788605900526,1173086.93806427,1347979.33698762,-0.06937239240953723,526.0,551.0,4.752851711026618,4.562737642585546,0.18148820326678766,4.000000000000149,complete_hourly_ordered,/v1/candles/minutes/60,120,False,15.020576131687235,486.0,2026-09-03T00:00:00,559.0,2026-09-04T03:00:00,D-1,1.4311270125223596,10.958904109588996,True,True,0.629508276337185,156126.57225994725,526.7943309979795,0.785441732266257,6.1776061776061875,0.0,-0.049940718973007225,0.1318517879073422,,0.629508276337185,156126.57225994725,526.7943309979795,0.785441732266257,6.1776061776061875,0.0,-0.049940718973007225,0.1318517879073422,,0.629508276337185,156126.57225994725,526.7943309979795,0.785441732266257,6.1776061776061875,0.0,-0.049940718973007225,0.1318517879073422,,0.629508276337185,156126.57225994725,526.7943309979795,0.785441732266257,6.1776061776061875,0.0,-0.049940718973007225,0.1318517879073422,,0.629508276337185,156126.57225994725,526.7943309979795,0.785441732266257,6.1776061776061875,0.0,-0.049940718973007225,0.1318517879073422,,0.629508276337185,156126.57225994725,526.7943309979795,0.785441732266257,6.1776061776061875,0.0,-0.049940718973007225,0.1318517879073422,,0.629508276337185,48526636.681049734,64569426.4096799,6.1776061776061875,125384191.24765606,79719865.95093277,1.5728098605287355,6.1776061776061875,False,False,rising,rising,sell_advantage_weakening,accelerating,neutral,False,True,False,pass,S0,🌱 초발사 준비,발사 구조 관찰 또는 초기 준비,S0,False,,,2026-09-05T10:40:00Z,33961613178-1
KRW-PEPE,페페,0.00484,0.005124,0.0043734,0.0044983333333333325,-1.0556127703398532,-17.162848127315126,-13.90885513153022,-0.34964228126297703,-1.0234432879526172,,,,,False,False,False,False,17.839652785534366,-1.2269938650306789,7.0,B급,-0.6172839506172756,-20.04997465711673,-2.0,-1.6250446326408818,0.9278524198219316,False,False,False,False,2026-09-05T19:57:07.171995+09:00,1788605827,11185649.386573117,80506.44,138.94105100875305,14,0.0,complete,1788605094059,1788605849740,83016195987.949,56420928350.328445,0.1907330473418246,0.00483,0.00484,0.20703933747410197,0.20703933747410197,0.0,0.0,complete_hourly_ordered,/v1/candles/minutes/60,120,False,14.686825053995678,0.00463,2026-09-02T19:00:00,0.00531,2026-09-04T03:00:00,D-1,8.851224105461398,69.11764705882358,True,False,-2441.0958898858335,-13.386008933126126,1508.3604876198199,-20.04997465711673,-0.4115226337448541,-2.0,-1.6250446326408818,0.9278524198219316,,-2441.0958898858335,-13.386008933126126,1508.3604876198199,-20.04997465711673,-0.4115226337448541,-2.0,-1.6250446326408818,0.9278524198219316,,-2441.0958898858335,-13.386008933126126,1508.3604876198199,-20.04997465711673,-0.4115226337448541,-2.0,-1.6250446326408818,0.9278524198219316,,-2441.0958898858335,-13.386008933126126,1508.3604876198199,-20.04997465711673,-0.4115226337448541,-2.0,-1.6250446326408818,0.9278524198219316,,-2441.0958898858335,-13.386008933126126,1508.3604876198199,-20.04997465711673,-0.4115226337448541,-2.0,-1.6250446326408818,0.9278524198219316,,-2441.0958898858335,-13.386008933126126,1508.3604876198199,-20.04997465711673,-0.4115226337448541,-2.0,-1.6250446326408818,0.9278524198219316,,-2441.0958898858335,-1728718.4295188338,75500.94274862572,-0.4115226337448541,11266155.826573117,17231900.19836849,0.6537964877280216,-0.4115226337448541,False,False,falling,rising,buy_advantage_weakening,decelerating,neutral,False,False,False,pass,S0,🌱 초발사 준비,발사 구조 관찰 또는 초기 준비,S0,False,,,2026-09-05T10:40:00Z,33961613178-1
KRW-HBAR,헤데라,110.0,106.8,100.91,112.805,0.0,-5.836884352393223,5.323345596383147,-0.27702546771532094,-0.5936175802807837,,,8.967634674608494,,False,False,False,False,-3.920592439205628,7.843137254901955,11.0,A급,3.7735849056603765,11.195471349469644,0.0,-0.1879699248120259,-0.337588354470868,False,False,False,False,2026-09-05T19:57:07.171995+09:00,1788605827,2668341.7496219003,1489675.38217623,1.7912236327110311,8,0.0,complete,1788604940414,1788605827773,12415164.82126305,13459034.12599369,-0.04034402405494811,107.0,111.0,3.738317757009346,2.8037383177569986,0.9009009009009009,25.000000000000295,complete_hourly_ordered,/v1/candles/minutes/60,120,False,11.00000000000001,100.0,2026-09-02T10:00:00,111.0,2026-09-04T01:00:00,D-1,0.9009009009009028,9.090909090909099,False,False,1.5912236327182312,26583.41749664594,2879.350764292873,11.195471349469644,3.7735849056603765,0.0,-0.1879699248120259,-0.337588354470868,0.8666720968635815,1.5912236327182312,26583.41749664594,2879.350764292873,11.195471349469644,3.7735849056603765,0.0,-0.1879699248120259,-0.337588354470868,0.8666720968635815,1.5912236327182312,26583.41749664594,2879.350764292873,11.195471349469644,3.7735849056603765,0.0,-0.1879699248120259,-0.337588354470868,0.8666720968635815,1.5912236327182312,26583.41749664594,2879.350764292873,11.195471349469644,3.7735849056603765,0.0,-0.1879699248120259,-0.337588354470868,0.8666720968635815,1.5912236327182312,26583.41749664594,2879.350764292873,11.195471349469644,3.7735849056603765,0.0,-0.1879699248120259,-0.337588354470868,0.8666720968635815,1.5912236327182312,26583.41749664594,2879.350764292873,11.195471349469644,3.7735849056603765,0.0,-0.1879699248120259,-0.337588354470868,0.8666720968635815,1.5912236327182312,2658341.7496220605,1439675.38217523,3.7735849056603765,4158017.1317981305,18912967.72649332,0.21985006223923134,3.7735849056603765,False,False,rising,rising,buy_advantage_accelerating,accelerating,neutral,False,False,False,pass,S2,🚀 발사 진행,가격 상승 초입과 실제 매수수급·구조 동반,S0,True,가격 상승 초입과 실제 매수수급·구조 동반,2026-09-05T19:57:07.171995+09:00,2026-09-05T10:40:00Z,33961613178-1
KRW-BCH,비트코인캐시,344400.0,354880.0,321310.0,370740.8333333333,-0.9637209302325478,-10.447854097289222,4.27814578467887,-0.4706498425884316,-1.159242911289061,,,3.690465339936075,,False,False,False,False,-11.474995012685696,1.1750881316098694,11.0,A급,-0.4048582995951455,6.375870218414292,-1.0,-1.6769102529834767,0.3199877038020458,False,False,False,False,2026-09-05T19:57:07.171995+09:00,1788605827,0.0,3151530.2320550005,0.0,4,0.0,complete,1788605089319,1788605377872,613.64656554,451.8866944,0.1518111890276505,340500.0,346200.0,1.6740088105726914,1.1453744493391982,0.5199306759098787,31.57894736842175,complete_hourly_ordered,/v1/candles/minutes/60,120,False,9.090909090909083,330000.0,2026-09-03T00:00:00,360000.0,2026-09-04T18:00:00,D-1,4.333333333333334,51.99999999999989,True,False,-0.04581749013340973,-100.0,61.27928635303861,6.375870218414292,-0.4048582995951455,-1.0,-1.6769102529834767,0.3199877038020458,1.1493093334351951,-0.04581749013340973,-100.0,61.27928635303861,6.375870218414292,-0.4048582995951455,-1.0,-1.6769102529834767,0.3199877038020458,1.1493093334351951,-0.04581749013340973,-100.0,61.27928635303861,6.375870218414292,-0.4048582995951455,-1.0,-1.6769102529834767,0.3199877038020458,1.1493093334351951,-0.04581749013340973,-100.0,61.27928635303861,6.375870218414292,-0.4048582995951455,-1.0,-1.6769102529834767,0.3199877038020458,1.1493093334351951,-0.04581749013340973,-100.0,61.27928635303861,6.375870218414292,-0.4048582995951455,-1.0,-1.6769102529834767,0.3199877038020458,1.1493093334351951,-0.04581749013340973,-100.0,61.27928635303861,6.375870218414292,-0.4048582995951455,-1.0,-1.6769102529834767,0.3199877038020458,1.1493093334351951,-0.04581749013340973,-89531.15342799999,1197447.7808490007,-0.4048582995951455,3151530.2320550005,28518737.369563,0.11050735490900494,-0.4048582995951455,False,True,falling,rising,sell_only,accelerating,neutral,False,False,False,pass,S0,🌱 초발사 준비,발사 구조 관찰 또는 초기 준비,S1,True,발사 구조 관찰 또는 초기 준비,2026-09-05T19:57:07.171995+09:00,2026-09-05T10:40:00Z,33961613178-1
KRW-NEWT,뉴턴프로토콜,59.7,57.56666666666667,57.918,75.8,-0.046301655284175514,0.6066047400347548,24.054529463500433,-0.6631925640965314,-0.7320227411953028,0.9146736149871249,,,,False,False,False,False,2.567377327090181,4.5534150612959845,5.0,관찰,2.931034482758621,-99.87630819407882,-2.0,-0.2902324254084543,-0.5364223245153852,False,False,False,False,2026-09-05T19:57:07.171995+09:00,1788605827,10935.413680697999,1137227.603517933,0.009615853191454438,7,0.0,complete,1788605118032,1788605664925,2256135.60922982,504720.35922122,0.6343740021292091,58.7,60.3,2.72572402044291,1.7035775127768327,0.9950248756218811,37.49999999999949,complete_hourly_ordered,/v1/candles/minutes/60,120,False,10.439560439560424,54.6,2026-09-02T19:00:00,60.3,2026-09-05T18:00:00,D0,0.995024875621886,10.526315789473442,False,False,,,,-99.87630819407882,2.931034482758621,-2.0,-0.2902324254084543,-0.5364223245153852,,,,,-99.87630819407882,2.931034482758621,-2.0,-0.2902324254084543,-0.5364223245153852,,,,,-99.87630819407882,2.931034482758621,-2.0,-0.2902324254084543,-0.5364223245153852,,,,,-99.87630819407882,2.931034482758621,-2.0,-0.2902324254084543,-0.5364223245153852,,,,,-99.87630819407882,2.931034482758621,-2.0,-0.2902324254084543,-0.5364223245153852,,,,,-99.87630819407882,2.931034482758621,-2.0,-0.2902324254084543,-0.5364223245153852,,,10935.413680697999,1137227.603517933,2.931034482758621,1148163.017198631,1298548.952636885,0.884189244361659,2.931034482758621,False,False,rising,rising,sell_advantage_weakening,decelerating,rally_weakening,False,False,False,pass,S0,🌱 초발사 준비,발사 구조 관찰 또는 초기 준비,S0,False,,,2026-09-05T10:40:00Z,33961613178-1
KRW-SEI,세이,65.5,64.75333333333333,61.978,74.77333333333333,-0.0411649686117177,-4.477933029999885,13.400499286733233,-0.8815632498023798,-0.8483276185109814,,,,,False,False,False,False,65.29168937612843,7.014681892332786,9.0,B급,1.5479876160990669,10.394524979929201,-3.0,-0.4855175572238912,-0.23596531710070678,False,False,False,False,2026-09-05T19:57:07.171995+09:00,1788605827,19623530.028563153,13193494.390970921,1.4873641089348308,25,0.0,complete,1788604927441,1788605886973,4560407.82937134,2387236.35699387,0.3127925688310767,64.3,65.8,2.3328149300155587,1.8662519440124425,0.45592705167172826,20.00000000000019,complete_hourly_ordered,/v1/candles/minutes/60,120,False,14.072847682119228,60.4,2026-09-01T01:00:00,68.9,2026-09-03T04:00:00,D-2,4.78955007256896,38.8235294117648,True,False,,4228.5825177016,,10.394524979929201,1.3931888544891802,-3.0,-0.4855175572238912,-0.23596531710070678,,,4228.5825177016,,10.394524979929201,1.3931888544891802,-3.0,-0.4855175572238912,-0.23596531710070678,,,4228.5825177016,,10.394524979929201,1.3931888544891802,-3.0,-0.4855175572238912,-0.23596531710070678,,,4228.5825177016,,10.394524979929201,1.3931888544891802,-3.0,-0.4855175572238912,-0.23596531710070678,,,4228.5825177016,,10.394524979929201,1.3931888544891802,-3.0,-0.4855175572238912,-0.23596531710070678,,,4228.5825177016,,10.394524979929201,1.3931888544891802,-3.0,-0.4855175572238912,-0.23596531710070678,,,19170182.311422188,13193494.390970921,1.3931888544891802,32817024.419534072,19025613.97789339,1.724886485012545,1.3931888544891802,False,False,rising,rising,buy_advantage_weakening,accelerating,neutral,False,False,False,pass,S0,🌱 초발사 준비,발사 구조 관찰 또는 초기 준비,S0,False,,,2026-09-05T10:40:00Z,33961613178-1
KRW-BONK,봉크,0.00625,0.004863999999999999,0.0045836,0.006252333333333333,2.702702702702675,-6.117462256741408,22.20504345044517,-2.8295819714664727,-2.6387095655730617,,,8.415114622750378,,False,False,False,False,114.44129857754777,28.073770491803284,10.0,A급,13.224637681159424,-12317.139064810082,0.0,0.25372311086593324,-3.214458585714919,False,False,False,True,2026-09-05T19:57:07.171995+09:00,1788605827,118569363.27274139,241149026.61176082,0.4916850170978827,554,0.0,complete,1788604927774,1788605916691,57013342684.12205,51046784220.728905,0.055215171722376506,0.00621,0.00667,7.407407407407396,0.6441223832528209,6.2968515742128846,91.30434782608691,complete_hourly_ordered,/v1/candles/minutes/60,120,False,70.80459770114945,0.00435,2026-09-01T04:00:00,0.00743,2026-09-01T11:00:00,D-4,15.88156123822342,38.31168831168831,True,False,-0.21891321197501168,685.0032175110816,1034.5106659389007,-12317.139064810082,13.224637681159424,0.0,0.25372311086593324,-3.214458585714919,-1.6261249719756563,-0.21891321197501168,685.0032175110816,1034.5106659389007,-12317.139064810082,13.224637681159424,0.0,0.25372311086593324,-3.214458585714919,-1.6261249719756563,-0.21891321197501168,685.0032175110816,1034.5106659389007,-12317.139064810082,13.224637681159424,0.0,0.25372311086593324,-3.214458585714919,-1.6261249719756563,-0.21891321197501168,685.0032175110816,1034.5106659389007,-12317.139064810082,13.224637681159424,0.0,0.25372311086593324,-3.214458585714919,-1.6261249719756563,-0.21891321197501168,685.0032175110816,1034.5106659389007,-12317.139064810082,13.224637681159424,0.0,0.25372311086593324,-3.214458585714919,-1.6261249719756563,-0.21891321197501168,685.0032175110816,1034.5106659389007,-12317.139064810082,13.224637681159424,0.0,0.25372311086593324,-3.214458585714919,-1.6261249719756563,-0.21891321197501168,103465047.6944339,219893252.30732182,13.224637681159424,359718389.88450223,93133791.28798702,3.8623831899228285,13.224637681159424,False,False,rising,rising,sell_advantage_accelerating,decelerating,rally_weakening,False,True,False,pass,S1,⚡ 선행 시동,가격 미급등 상태에서 선행조건 3개 개선,S3,True,가격 미급등 상태에서 선행조건 3개 개선,2026-09-05T19:57:07.171995+09:00,2026-09-05T10:40:00Z,33961613178-1
KRW-JST,저스트,149.0,140.73333333333332,145.66,137.85,0.0948316737790389,3.3823058263536154,-2.091645508402848,-0.0071800348131171084,0.09747896651998426,,,,,False,False,False,False,-44.8116987805141,7.971014492753614,1.0,-,0.0,-31.69176675517491,1.0,-9.001582703671573e-05,0.08239918365795829,False,False,False,False,2026-09-05T19:57:07.171995+09:00,1788605827,0.0,0.0,,0,0.0,complete,,,631986.58451436,4815663.41364882,-0.767978271464778,149.0,150.0,0.6711409395973256,0.0,0.6666666666666667,100.0,complete_hourly_ordered,/v1/candles/minutes/60,120,False,20.967741935483875,124.0,2026-09-01T00:00:00,150.0,2026-09-03T13:00:00,D-2,0.666666666666671,3.8461538461538547,False,False,,-100.0,,-31.69176675517491,0.0,1.0,-9.001582703671573e-05,0.08239918365795829,,,-100.0,,-31.69176675517491,0.0,1.0,-9.001582703671573e-05,0.08239918365795829,,,-100.0,,-31.69176675517491,0.0,1.0,-9.001582703671573e-05,0.08239918365795829,,,-100.0,,-31.69176675517491,0.0,1.0,-9.001582703671573e-05,0.08239918365795829,,,-100.0,,-31.69176675517491,0.0,1.0,-9.001582703671573e-05,0.08239918365795829,,,-100.0,,-31.69176675517491,0.0,1.0,-9.001582703671573e-05,0.08239918365795829,,,-99999.99999891,0.0,0.0,0,1309070.5070299201,0.0,0.0,False,False,falling,flat_or_na,unavailable,decelerating,neutral,False,False,False,pass,S0,🌱 초발사 준비,발사 구조 관찰 또는 초기 준비,S0,False,,,2026-09-05T10:40:00Z,33961613178-1
KRW-AAVE,에이브,178300.0,177020.0,146038.0,133641.66666666666,0.374234520299388,-21.215026226050753,-32.458689281037614,-1.180321001614494,-1.6786566623654129,,,,,False,False,False,False,46.00140913620279,4.269005847953222,6.0,관찰,-0.05605381165919576,15.693034134750384,-2.0,-1.2392883379411135,-0.20372972005407775,False,False,False,False,2026-09-05T19:57:07.171995+09:00,1788605827,958733.0668609999,11367198.546689,0.0843420709969262,9,0.0,complete,1788604960136,1788605370784,1026.36222646,494.26994511,0.3499151808689101,178700.0,180200.0,0.8393956351427034,-0.22383883603804833,1.0543840177580466,126.66666666666595,complete_hourly_ordered,/v1/candles/minutes/60,120,False,10.355029585798814,169000.0,2026-08-31T22:00:00,186500.0,2026-09-02T14:00:00,D-3,4.396782841823055,46.857142857142854,True,True,,,,15.693034134750384,-0.05605381165919576,-2.0,-1.2392883379411135,-0.20372972005407775,,,,,15.693034134750384,-0.05605381165919576,-2.0,-1.2392883379411135,-0.20372972005407775,,,,,15.693034134750384,-0.05605381165919576,-2.0,-1.2392883379411135,-0.20372972005407775,,,,,15.693034134750384,-0.05605381165919576,-2.0,-1.2392883379411135,-0.20372972005407775,,,,,15.693034134750384,-0.05605381165919576,-2.0,-1.2392883379411135,-0.20372972005407775,,,,,15.693034134750384,-0.05605381165919576,-2.0,-1.2392883379411135,-0.20372972005407775,,,958733.0668609999,11367198.546689,-0.05605381165919576,12325931.61355,21406641.98935,0.5757994000031516,-0.05605381165919576,False,False,rising,rising,sell_advantage_weakening,accelerating,neutral,False,False,False,pass,S0,🌱 초발사 준비,발사 구조 관찰 또는 초기 준비,S0,False,,,2026-09-05T10:40:00Z,33961613178-1
KRW-JTO,지토,565.0,674.4,759.26,844.2666666666667,-3.159103963239518,11.176672022759004,20.120025268477576,1.3287749347180644,1.7429480581748884,,,,,False,False,False,False,-36.746749097016654,-7.224958949096882,2.0,-,0.8928571428571397,-5.206431397096491,0.0,-0.9510201309041899,2.439493641600876,False,False,False,False,2026-09-05T19:57:07.171995+09:00,1788605827,932610.64507655,5100.00000291,182.86483226361045,9,0.0,complete,1788605085421,1788605754005,346733.36670753,271738.02361131,0.12125919528396892,555.0,566.0,1.981981981981984,1.8018018018018056,0.17667844522968199,9.090909090908989,complete_hourly_ordered,/v1/candles/minutes/60,120,False,12.169312169312164,567.0,2026-09-03T00:00:00,636.0,2026-09-04T02:00:00,D-1,11.16352201257862,102.89855072463767,True,False,162.4083048316825,-91.69201304005537,-99.07061100241947,-5.206431397096491,0.8928571428571397,0.0,-0.9510201309041899,2.439493641600876,,162.4083048316825,-91.69201304005537,-99.07061100241947,-5.206431397096491,0.8928571428571397,0.0,-0.9510201309041899,2.439493641600876,,162.4083048316825,-91.69201304005537,-99.07061100241947,-5.206431397096491,0.8928571428571397,0.0,-0.9510201309041899,2.439493641600876,,162.4083048316825,-91.69201304005537,-99.07061100241947,-5.206431397096491,0.8928571428571397,0.0,-0.9510201309041899,2.439493641600876,,162.4083048316825,-91.69201304005537,-99.07061100241947,-5.206431397096491,0.8928571428571397,0.0,-0.9510201309041899,2.439493641600876,,162.4083048316825,-91.69201304005537,-99.07061100241947,-5.206431397096491,0.8928571428571397,0.0,-0.9510201309041899,2.439493641600876,,162.4083048316825,-10292860.0925757,-543647.6197974999,0.8928571428571397,937710.64507946,7874906.87122535,0.11907577580451444,0.8928571428571397,False,False,falling,falling,buy_advantage_accelerating,decelerating,neutral,False,False,False,pass,S0,🌱 초발사 준비,발사 구조 관찰 또는 초기 준비,S0,False,,,2026-09-05T10:40:00Z,33961613178-1
KRW-JUP,주피터,300.0,300.73333333333335,275.72,292.55833333333334,0.3559510567296975,-9.072005416122632,-2.794314524168973,-1.0691873064395878,-1.0613309278949106,,,,,False,False,False,False,-25.378446333354976,-2.5974025974025983,7.0,B급,0.0,-17.312589099215145,-1.0,-0.4508620315715195,-0.4827510201457601,False,False,False,False,2026-09-05T19:57:07.171995+09:00,1788605827,0.0,16100.000000999999,0.0,1,0.0,complete,1788605574734,1788605574734,905139.84286512,399879.54668577,0.387166888266105,297.0,301.0,1.3468013468013407,1.0101010101010166,0.33222591362126247,24.999999999999176,complete_hourly_ordered,/v1/candles/minutes/60,120,False,14.035087719298245,285.0,2026-08-31T22:00:00,325.0,2026-09-04T03:00:00,D-1,7.692307692307687,62.500000000000036,True,True,-287.2123310027385,-100.0,59.91946311509218,-17.312589099215145,0.0,-1.0,-0.4508620315715195,-0.4827510201457601,,-287.2123310027385,-100.0,59.91946311509218,-17.312589099215145,0.0,-1.0,-0.4508620315715195,-0.4827510201457601,,-287.2123310027385,-100.0,59.91946311509218,-17.312589099215145,0.0,-1.0,-0.4508620315715195,-0.4827510201457601,,-287.2123310027385,-100.0,59.91946311509218,-17.312589099215145,0.0,-1.0,-0.4508620315715195,-0.4827510201457601,,-287.2123310027385,-100.0,59.91946311509218,-17.312589099215145,0.0,-1.0,-0.4508620315715195,-0.4827510201457601,,-287.2123310027385,-100.0,59.91946311509218,-17.312589099215145,0.0,-1.0,-0.4508620315715195,-0.4827510201457601,,-287.2123310027385,-2891529.5482848,6032.432434559998,0.0,16100.000000999999,8970748.687906198,0.0017947219971399947,0.0,False,False,falling,rising,sell_only,decelerating,neutral,False,True,False,pass,S0,🌱 초발사 준비,발사 구조 관찰 또는 초기 준비,S0,False,,,2026-09-05T10:40:00Z,33961613178-1
KRW-PIEVERSE,파이버스,1404.0,1426.2666666666667,1182.42,1127.8083333333334,-0.49302325581395134,-20.62267778510737,-26.463568721044496,0.18922912755661975,-0.5562099106176369,,,,,False,False,False,False,-15.806407805122923,-0.28409090909090606,5.0,관찰,0.7896625987078298,16.621581492153474,0.0,-0.8291263274225802,0.8526412316428633,False,False,False,False,2026-09-05T19:57:07.171995+09:00,1788605827,16812640.52205743,66611.999986,252.39657307378525,17,0.0,complete,1788604927213,1788605448309,181094.29265516,85285.85593965,0.35966808045161014,1395.0,1475.0,5.7347670250896154,0.6451612903225712,4.813559322033898,88.75000000000018,complete_hourly_ordered,/v1/candles/minutes/60,120,False,16.58107116654439,1363.0,2026-09-01T00:00:00,1589.0,2026-09-03T23:00:00,D-2,11.64254247954688,81.85840707964597,True,False,251.89406196660843,775.4164810613643,-98.25708209988105,16.621581492153474,0.7896625987078298,0.0,-0.8291263274225802,0.8526412316428633,,251.89406196660843,775.4164810613643,-98.25708209988105,16.621581492153474,0.7896625987078298,0.0,-0.8291263274225802,0.8526412316428633,,251.89406196660843,775.4164810613643,-98.25708209988105,16.621581492153474,0.7896625987078298,0.0,-0.8291263274225802,0.8526412316428633,,251.89406196660843,775.4164810613643,-98.25708209988105,16.621581492153474,0.7896625987078298,0.0,-0.8291263274225802,0.8526412316428633,,251.89406196660843,775.4164810613643,-98.25708209988105,16.621581492153474,0.7896625987078298,0.0,-0.8291263274225802,0.8526412316428633,,251.89406196660843,775.4164810613643,-98.25708209988105,16.621581492153474,0.7896625987078298,0.0,-0.8291263274225802,0.8526412316428633,,251.89406196660843,14892110.021914959,-3755254.7661682493,0.7896625987078298,16879252.52204343,7002453.696871501,2.410476848934339,0.7896625987078298,False,False,rising,falling,buy_advantage_accelerating,accelerating,neutral,True,True,False,🔴 1차 급등 완료·상승분 반납 / 신규매수 금지,S3,🔴 1차 급등 완료·반납,당일/5D 급등 후 상승분 상당 부분 반납,S3,False,,,2026-09-05T10:40:00Z,33961613178-1
KRW-ALT,알트레이어,8.77,8.698,8.615599999999999,9.366999999999999,-0.541241042841889,-0.9564046613120571,7.1420945873812185,-0.16127104354870148,-0.2223962808010139,,,,,False,False,False,False,-21.695765527578814,4.028436018957349,9.0,B급,0.6880733944953921,3.2315922221095903,0.0,-0.4497706563795001,0.15313818519910516,False,False,False,False,2026-09-05T19:57:07.171995+09:00,1788605827,0.0,132207.4994285589,0.0,1,0.0,complete,1788605642647,1788605642647,6538607.76557086,8237518.94607736,-0.11497676039602617,8.83,8.89,0.679501698754259,-0.6795016987542479,1.3498312710911247,199.99999999999835,complete_hourly_ordered,/v1/candles/minutes/60,120,False,7.757575757575763,8.25,2026-09-02T03:00:00,8.89,2026-09-05T09:00:00,D0,1.3498312710911287,18.750000000000107,False,False,,,,3.2315922221095903,0.5733944954128267,0.0,-0.4497706563795001,0.15313818519910516,,,,,3.2315922221095903,0.5733944954128267,0.0,-0.4497706563795001,0.15313818519910516,,,,,3.2315922221095903,0.5733944954128267,0.0,-0.4497706563795001,0.15313818519910516,,,,,3.2315922221095903,0.5733944954128267,0.0,-0.4497706563795001,0.15313818519910516,,,,,3.2315922221095903,0.5733944954128267,0.0,-0.4497706563795001,0.15313818519910516,,,,,3.2315922221095903,0.5733944954128267,0.0,-0.4497706563795001,0.15313818519910516,,,0.0,132207.4994285589,0.5733944954128267,132207.4994285589,1209325.7922609,0.10932331078574767,0.5733944954128267,False,False,flat_or_na,rising,sell_only,accelerating,neutral,False,False,False,pass,S0,🌱 초발사 준비,발사 구조 관찰 또는 초기 준비,S0,False,,,2026-09-05T10:40:00Z,33961613178-1
KRW-LAYER,솔레이어,95.3,94.53333333333333,90.434,104.45416666666667,-0.12677841949571,-4.532955894169597,9.497786110335475,-0.39443864953990937,-0.5506122984318118,,,,,False,False,False,False,-51.712624580221586,2.0342612419700146,8.0,B급,1.5991471215351716,-18.562914337039736,-2.0,-0.36697622945687236,-0.19328658265457932,False,False,False,False,2026-09-05T19:57:07.171995+09:00,1788605827,425994.27076461597,594005.72923389,0.7171551549074042,6,0.0,complete,1788605563009,1788605906309,1226176.03464572,1162879.81414709,0.026494240614179626,94.7,96.5,1.9007391763463444,0.6335797254487741,1.243523316062179,66.66666666666706,complete_hourly_ordered,/v1/candles/minutes/60,120,False,5.349344978165949,91.6,2026-08-31T22:00:00,96.5,2026-09-05T16:00:00,D0,1.2435233160621784,24.48979591836757,False,True,,609.9904512788803,,-18.562914337039736,1.5991471215351716,-2.0,-0.36697622945687236,-0.19328658265457932,,,609.9904512788803,,-18.562914337039736,1.5991471215351716,-2.0,-0.36697622945687236,-0.19328658265457932,,,609.9904512788803,,-18.562914337039736,1.5991471215351716,-2.0,-0.36697622945687236,-0.19328658265457932,,,609.9904512788803,,-18.562914337039736,1.5991471215351716,-2.0,-0.36697622945687236,-0.19328658265457932,,,609.9904512788803,,-18.562914337039736,1.5991471215351716,-2.0,-0.36697622945687236,-0.19328658265457932,,,609.9904512788803,,-18.562914337039736,1.5991471215351716,-2.0,-0.36697622945687236,-0.19328658265457932,,,365994.270764998,594005.72923389,1.5991471215351716,1019999.9999985059,1633484.828697352,0.6244318784472096,1.5991471215351716,False,True,rising,rising,sell_advantage_weakening,decelerating,rally_weakening,False,False,False,pass,S0,🌱 초발사 준비,발사 구조 관찰 또는 초기 준비,S1,True,발사 구조 관찰 또는 초기 준비,2026-09-05T19:57:07.171995+09:00,2026-09-05T10:40:00Z,33961613178-1
KRW-TRX,트론,455.0,463.26666666666665,469.02,487.9583333333333,-0.24404249210450146,1.2266712151578463,5.06019981214243,0.08562720433257578,0.08542323881304296,,,,,False,False,False,False,-1.308171945745773,-0.8714596949891074,5.0,관찰,0.0,-4.969370980051435,0.0,-0.10071441413401772,0.14524340018002047,False,False,False,False,2026-09-05T19:57:07.171995+09:00,1788605827,8534165.54369925,1445444.8641081,5.904179229254232,28,0.0,complete,1788604932390,1788605937476,1047364.45158527,1429584.51965509,-0.15431083664126477,454.0,456.0,0.4405286343612369,0.22026431718060735,0.21929824561403508,50.00000000000252,complete_hourly_ordered,/v1/candles/minutes/60,120,False,3.167420814479649,442.0,2026-09-02T12:00:00,456.0,2026-09-04T01:00:00,D-1,0.21929824561403022,7.142857142857793,False,False,5.321169314044049,302.8915652474993,-60.21635384474742,-4.969370980051435,0.0,0.0,-0.10071441413401772,0.14524340018002047,,5.321169314044049,302.8915652474993,-60.21635384474742,-4.969370980051435,0.0,0.0,-0.10071441413401772,0.14524340018002047,,5.321169314044049,302.8915652474993,-60.21635384474742,-4.969370980051435,0.0,0.0,-0.10071441413401772,0.14524340018002047,,5.321169314044049,302.8915652474993,-60.21635384474742,-4.969370980051435,0.0,0.0,-0.10071441413401772,0.14524340018002047,,5.321169314044049,302.8915652474993,-60.21635384474742,-4.969370980051435,0.0,0.0,-0.10071441413401772,0.14524340018002047,,5.321169314044049,302.8915652474993,-60.21635384474742,-4.969370980051435,0.0,0.0,-0.10071441413401772,0.14524340018002047,,5.321169314044049,6415936.65040965,-2187819.0616451195,0.0,9979610.40780735,18031010.40377511,0.5534692834361596,0.0,False,False,rising,falling,buy_advantage_accelerating,decelerating,neutral,False,False,False,pass,S0,🌱 초발사 준비,발사 구조 관찰 또는 초기 준비,S0,False,,,2026-09-05T10:40:00Z,33961613178-1
KRW-POWR,파워렛저,66.3,63.4,59.06,70.45583333333335,0.7308547823323686,-7.348459194039952,10.014548121163394,-1.1865279860887046,-1.3477708960238535,,,7.4304528690358005,,False,False,False,False,33.56121643248462,6.0799999999999965,12.0,A급,0.9132420091324089,26.480532603822837,0.0,-0.37287432182535607,-1.0536235215069087,False,False,False,False,2026-09-05T19:57:07.171995+09:00,1788605827,0.0,547722.6954955889,0.0,3,0.0,complete,1788605295408,1788605486746,767355.70568279,1703719.44533372,-0.3789296894777741,66.4,66.5,0.1506024096385561,-0.1506024096385672,0.3007518796992524,200.00000000000736,complete_hourly_ordered,/v1/candles/minutes/60,120,False,8.794788273615639,61.4,2026-09-02T10:00:00,66.8,2026-09-04T18:00:00,D-1,0.7485029940119792,9.25925925925926,True,True,-41.332734722638605,-100.0,1341.372883656075,26.480532603822837,0.9132420091324089,0.0,-0.37287432182535607,-1.0536235215069087,-0.3819162315104334,-41.332734722638605,-100.0,1341.372883656075,26.480532603822837,0.9132420091324089,0.0,-0.37287432182535607,-1.0536235215069087,-0.3819162315104334,-41.332734722638605,-100.0,1341.372883656075,26.480532603822837,0.9132420091324089,0.0,-0.37287432182535607,-1.0536235215069087,-0.3819162315104334,-41.332734722638605,-100.0,1341.372883656075,26.480532603822837,0.9132420091324089,0.0,-0.37287432182535607,-1.0536235215069087,-0.3819162315104334,-41.332734722638605,-100.0,1341.372883656075,26.480532603822837,0.9132420091324089,0.0,-0.37287432182535607,-1.0536235215069087,-0.3819162315104334,-41.332734722638605,-100.0,1341.372883656075,26.480532603822837,0.9132420091324089,0.0,-0.37287432182535607,-1.0536235215069087,-0.3819162315104334,-41.332734722638605,-1570646.786212858,509722.6261376669,0.9132420091324089,547722.6954955889,2314756.524772493,0.23662216290735893,0.9132420091324089,False,True,falling,rising,sell_only,accelerating,neutral,False,False,False,pass,S1,⚡ 선행 시동,가격 미급등 상태에서 선행조건 3개 개선,S1,False,,,2026-09-05T10:40:00Z,33961613178-1
KRW-ATOM,코스모스,2105.0,2084.2,2026.96,2427.0333333333333,-0.32838104954410197,-2.8239333780636904,14.12561288816251,-0.12144277054680859,-0.14485132637695858,,,,,False,False,False,False,1.9860074141506923,3.6049382716049294,8.0,B급,2.5415444770283457,7.462461500433948,0.0,-0.20738120875442023,0.0564192342814529,False,False,False,False,2026-09-05T19:57:07.171995+09:00,1788605827,16424.98111564,322817.39762637997,0.05088009889308947,3,0.0,complete,1788605015221,1788605820418,25639.21904996,23227.95421548,0.04934324359999973,2046.0,2135.0,4.349951124144669,2.883675464320623,1.405152224824356,33.70786516853933,complete_hourly_ordered,/v1/candles/minutes/60,120,False,7.99190692969145,1977.0,2026-09-02T21:00:00,2135.0,2026-09-05T18:00:00,D0,1.4051522248243575,18.98734177215188,False,False,,48.978398983858206,,7.462461500433948,2.883675464320623,0.0,-0.20738120875442023,0.0564192342814529,,,48.978398983858206,,7.462461500433948,2.883675464320623,0.0,-0.20738120875442023,0.0564192342814529,,,48.978398983858206,,7.462461500433948,2.883675464320623,0.0,-0.20738120875442023,0.0564192342814529,,,48.978398983858206,,7.462461500433948,2.883675464320623,0.0,-0.20738120875442023,0.0564192342814529,,,48.978398983858206,,7.462461500433948,2.883675464320623,0.0,-0.20738120875442023,0.0564192342814529,,,48.978398983858206,,7.462461500433948,2.883675464320623,0.0,-0.20738120875442023,0.0564192342814529,,,5399.905515639999,322817.39762637997,2.883675464320623,339242.37874202,4121156.6651123,0.08231727311263858,2.883675464320623,False,False,rising,rising,sell_advantage_weakening,accelerating,neutral,False,False,False,pass,S0,🌱 초발사 준비,발사 구조 관찰 또는 초기 준비,S0,False,,,2026-09-05T10:40:00Z,33961613178-1
KRW-ARKM,아캄,147.0,151.86666666666667,143.76,169.29166666666666,-0.04387889425185865,-5.639028009645718,10.292887029288693,-0.8939997558976606,-0.7904377139663777,,,13.021755980796375,,False,False,False,False,-17.035104939951474,-1.342281879194629,10.0,A급,0.6849315068493178,-63.211449798683994,-2.0,-0.5732128157339922,-0.24685781860139855,False,False,False,False,2026-09-05T19:57:07.171995+09:00,1788605827,0.0,0.0,,0,0.0,complete,,,368033.32562781,1534611.9840146,-0.6131351190233356,146.0,149.0,2.0547945205479534,0.6849315068493178,1.342281879194631,66.66666666666666,complete_hourly_ordered,/v1/candles/minutes/60,120,False,5.47945205479452,146.0,2026-08-31T22:00:00,154.0,2026-09-01T15:00:00,D-4,4.545454545454541,87.49999999999994,False,True,,,,-63.211449798683994,0.6849315068493178,-2.0,-0.5732128157339922,-0.24685781860139855,2.4293444043039276,,,,-63.211449798683994,0.6849315068493178,-2.0,-0.5732128157339922,-0.24685781860139855,2.4293444043039276,,,,-63.211449798683994,0.6849315068493178,-2.0,-0.5732128157339922,-0.24685781860139855,2.4293444043039276,,,,-63.211449798683994,0.6849315068493178,-2.0,-0.5732128157339922,-0.24685781860139855,2.4293444043039276,,,,-63.211449798683994,0.6849315068493178,-2.0,-0.5732128157339922,-0.24685781860139855,2.4293444043039276,,,,-63.211449798683994,0.6849315068493178,-2.0,-0.5732128157339922,-0.24685781860139855,2.4293444043039276,,0.0,0.0,0.6849315068493178,0,1657903.547112,0.0,0.6849315068493178,False,False,flat_or_na,flat_or_na,unavailable,decelerating,neutral,False,False,False,pass,S0,🌱 초발사 준비,발사 구조 관찰 또는 초기 준비,S0,False,,,2026-09-05T10:40:00Z,33961613178-1
KRW-CRO,크로노스,76.5,79.42666666666668,76.756,86.43,-0.26787209107651533,-3.4794239755415552,8.102896370858879,-0.7416231024373883,-0.6747098164935803,,,12.009453801886364,,False,False,False,False,-28.151279891984082,-1.9230769230769273,10.0,A급,-0.13054830287205776,-21.796348617652928,1.0,-0.5280046747804579,-0.0008983471090591166,False,False,False,False,2026-09-05T19:57:07.171995+09:00,1788605827,0.0,0.0,,0,0.0,complete,,,948145.96891608,638982.53334779,0.1947942054643346,76.4,77.2,1.0471204188481575,0.13089005235600304,0.9067357512953403,87.50000000000159,complete_hourly_ordered,/v1/candles/minutes/60,120,False,8.991825613079008,73.4,2026-09-03T00:00:00,80.0,2026-09-04T05:00:00,D-1,4.374999999999996,53.03030303030308,False,False,,-100.0,-100.0,-21.796348617652928,-0.13054830287205776,1.0,-0.5280046747804579,-0.0008983471090591166,3.1875561410711413,,-100.0,-100.0,-21.796348617652928,-0.13054830287205776,1.0,-0.5280046747804579,-0.0008983471090591166,3.1875561410711413,,-100.0,-100.0,-21.796348617652928,-0.13054830287205776,1.0,-0.5280046747804579,-0.0008983471090591166,3.1875561410711413,,-100.0,-100.0,-21.796348617652928,-0.13054830287205776,1.0,-0.5280046747804579,-0.0008983471090591166,3.1875561410711413,,-100.0,-100.0,-21.796348617652928,-0.13054830287205776,1.0,-0.5280046747804579,-0.0008983471090591166,3.1875561410711413,,-100.0,-100.0,-21.796348617652928,-0.13054830287205776,1.0,-0.5280046747804579,-0.0008983471090591166,3.1875561410711413,,-23261.38900079,-49999.99999920999,-0.13054830287205776,0,4387517.890135419,0.0,-0.13054830287205776,False,False,falling,falling,unavailable,decelerating,neutral,False,False,False,pass,S1,⚡ 선행 시동,가격 미급등 상태에서 선행조건 3개 개선,S0,True,가격 미급등 상태에서 선행조건 3개 개선,2026-09-05T19:57:07.171995+09:00,2026-09-05T10:40:00Z,33961613178-1
KRW-NXPC,넥스페이스,285.0,284.6666666666667,318.32,414.1666666666667,-0.5125815470642947,10.572170562117778,31.267605633802813,-0.24763455525675973,-0.04592877323164579,,,,,False,False,False,False,-7.706410249252937,0.7067137809187329,5.0,관찰,0.35211267605634866,-15.810062679653967,0.0,-0.30327922148288833,0.040519587524137535,False,False,False,False,2026-09-05T19:57:07.171995+09:00,1788605827,800940.2310000001,7262670.6513735,0.11028177779871212,9,0.0,complete,1788605252790,1788605317107,300055.60362106,232478.41341865,0.12689741507606067,285.0,287.0,0.7017543859649145,0.0,0.6968641114982579,100.0,complete_hourly_ordered,/v1/candles/minutes/60,120,False,6.691449814126393,269.0,2026-09-03T06:00:00,287.0,2026-09-04T20:00:00,D-1,0.6968641114982632,11.111111111111148,False,False,,,,-15.810062679653967,0.35211267605634866,0.0,-0.30327922148288833,0.040519587524137535,,,,,-15.810062679653967,0.35211267605634866,0.0,-0.30327922148288833,0.040519587524137535,,,,,-15.810062679653967,0.35211267605634866,0.0,-0.30327922148288833,0.040519587524137535,,,,,-15.810062679653967,0.35211267605634866,0.0,-0.30327922148288833,0.040519587524137535,,,,,-15.810062679653967,0.35211267605634866,0.0,-0.30327922148288833,0.040519587524137535,,,,,-15.810062679653967,0.35211267605634866,0.0,-0.30327922148288833,0.040519587524137535,,,800940.2310000001,7262670.6513735,0.35211267605634866,8063610.882373501,1386757.870789795,5.8147215546583215,0.35211267605634866,False,False,rising,rising,sell_advantage_weakening,decelerating,rally_weakening,False,False,False,pass,S0,🌱 초발사 준비,발사 구조 관찰 또는 초기 준비,S0,False,,,2026-09-05T10:40:00Z,33961613178-1
KRW-A,볼타,106.0,104.73333333333333,95.74600000000001,104.15833333333333,0.0,-9.386641043315986,-0.5520441635330854,-0.8519825065908041,-0.9629303720860367,,,,,False,False,False,False,-27.10866587698678,1.9230769230769162,7.0,B급,0.952380952380949,-0.17840349175319759,-1.0,-0.5890639006274956,-0.29677932626442005,False,False,False,False,2026-09-05T19:57:07.171995+09:00,1788605827,0.0,210453.91990953998,0.0,3,0.0,complete,1788605017359,1788605807636,1500562.20298006,3337614.76105807,-0.37969933132514755,106.0,109.0,2.8301886792452935,0.0,2.7522935779816518,100.0,complete_hourly_ordered,/v1/candles/minutes/60,120,False,7.843137254901955,102.0,2026-09-01T18:00:00,110.0,2026-09-04T03:00:00,D-1,3.6363636363636376,49.99999999999986,True,True,,,,-0.17840349175319759,0.952380952380949,-1.0,-0.5890639006274956,-0.29677932626442005,,,,,-0.17840349175319759,0.952380952380949,-1.0,-0.5890639006274956,-0.29677932626442005,,,,,-0.17840349175319759,0.952380952380949,-1.0,-0.5890639006274956,-0.29677932626442005,,,,,-0.17840349175319759,0.952380952380949,-1.0,-0.5890639006274956,-0.29677932626442005,,,,,-0.17840349175319759,0.952380952380949,-1.0,-0.5890639006274956,-0.29677932626442005,,,,,-0.17840349175319759,0.952380952380949,-1.0,-0.5890639006274956,-0.29677932626442005,,,0.0,210453.91990953998,0.952380952380949,210453.91990953998,1129999.9999994,0.1862424069996918,0.952380952380949,False,False,flat_or_na,rising,sell_only,decelerating,rally_weakening,False,False,False,pass,S0,🌱 초발사 준비,발사 구조 관찰 또는 초기 준비,S0,False,,,2026-09-05T10:40:00Z,33961613178-1
KRW-TRUMP,오피셜트럼프,3273.0,3328.866666666667,2511.18,2684.5416666666665,1.4238706532336831,-32.561850073139595,-24.001303760728877,-1.3810769032727261,-2.2564211825525433,,,,,False,False,False,False,-70.7072186774252,-2.304699191858728,9.0,B급,5.4263565891472965,-2.343122160054392,1.0,-0.2744455107644983,-2.0314470343131923,False,False,False,False,2026-09-05T19:57:07.171995+09:00,1788605827,133341800.92646727,85386928.00120601,1.561618435606255,238,0.0,complete,1788604928020,1788605945910,128779.33705271,112999.42037647,0.06526593503923574,3156.0,3351.0,6.178707224334601,3.707224334600756,2.3276633840644583,40.00000000000007,complete_hourly_ordered,/v1/candles/minutes/60,120,False,16.081081081081084,2960.0,2026-09-03T02:00:00,3436.0,2026-09-04T02:00:00,D-1,4.772991850989527,34.45378151260503,True,True,-1.4851963455655068,222.11914066568292,528.4744958825572,-2.343122160054392,5.717054263565902,1.0,-0.2744455107644983,-2.0314470343131923,,-1.4851963455655068,222.11914066568292,528.4744958825572,-2.343122160054392,5.717054263565902,1.0,-0.2744455107644983,-2.0314470343131923,,-1.4851963455655068,222.11914066568292,528.4744958825572,-2.343122160054392,5.717054263565902,1.0,-0.2744455107644983,-2.0314470343131923,,-1.4851963455655068,222.11914066568292,528.4744958825572,-2.343122160054392,5.717054263565902,1.0,-0.2744455107644983,-2.0314470343131923,,-1.4851963455655068,222.11914066568292,528.4744958825572,-2.343122160054392,5.717054263565902,1.0,-0.2744455107644983,-2.0314470343131923,,-1.4851963455655068,222.11914066568292,528.4744958825572,-2.343122160054392,5.717054263565902,1.0,-0.2744455107644983,-2.0314470343131923,,-1.4851963455655068,91946620.04683788,71800548.8305925,5.717054263565902,218728728.92767328,426243120.2103218,0.5131548605869477,5.717054263565902,False,False,rising,rising,buy_advantage_weakening,decelerating,rally_weakening,False,True,False,pass,S0,🌱 초발사 준비,발사 구조 관찰 또는 초기 준비,S3,True,발사 구조 관찰 또는 초기 준비,2026-09-05T19:57:07.171995+09:00,2026-09-05T10:40:00Z,33961613178-1
KRW-F,신퓨처스,4.62,4.472666666666667,4.2896,5.4879999999999995,0.17918470957145605,-4.2676861867462454,18.500971817298336,-1.060083183272411,-1.171299253412419,,,,,False,False,False,False,-34.47779663856028,4.054054054054057,7.0,B급,0.0,-356.81769568051067,-5.0,-0.6333340987342728,-0.6348679026944275,False,False,False,False,2026-09-05T19:57:07.171995+09:00,1788605827,0.0,144468.2913319338,0.0,1,0.0,complete,1788605251318,1788605251318,11773374.19112693,18241797.10411168,-0.21550511404247272,4.59,4.65,1.3071895424836777,0.6535947712418277,0.645161290322586,50.000000000000846,complete_hourly_ordered,/v1/candles/minutes/60,120,False,9.76744186046512,4.3,2026-09-02T19:00:00,4.72,2026-09-03T19:00:00,D-2,2.1186440677966045,23.809523809523835,True,True,,,,-356.81769568051067,0.0,-5.0,-0.6333340987342728,-0.6348679026944275,,,,,-356.81769568051067,0.0,-5.0,-0.6333340987342728,-0.6348679026944275,,,,,-356.81769568051067,0.0,-5.0,-0.6333340987342728,-0.6348679026944275,,,,,-356.81769568051067,0.0,-5.0,-0.6333340987342728,-0.6348679026944275,,,,,-356.81769568051067,0.0,-5.0,-0.6333340987342728,-0.6348679026944275,,,,,-356.81769568051067,0.0,-5.0,-0.6333340987342728,-0.6348679026944275,,,0.0,144468.2913319338,0.0,144468.2913319338,3548835.516862613,0.040708646722419126,0.0,False,True,flat_or_na,rising,sell_only,decelerating,neutral,False,False,False,pass,S0,🌱 초발사 준비,발사 구조 관찰 또는 초기 준비,S0,False,,,2026-09-05T10:40:00Z,33961613178-1
KRW-G,그래비티,5.27,5.260000000000001,5.114,4.999416666666666,-0.6922592825676421,-2.8549080954243413,-5.212274765389324,0.6307474954265411,0.5352898179790737,,4.5262297767725865,,9.737294808012003,False,False,False,False,-16.729086786896996,3.740157480314954,3.0,-,1.3461538461538414,-7.82883351380349,0.0,-0.17905362478820575,0.6675314058261002,False,False,False,False,2026-09-05T19:57:07.171995+09:00,1788605827,1358556.7216391452,0.0,,1,0.0,complete,1788605078288,1788605078288,8689291.70119922,14782865.10953783,-0.2596085846508651,5.17,5.28,2.1276595744680993,1.934235976789167,0.18939393939395216,9.090909090909754,complete_hourly_ordered,/v1/candles/minutes/60,120,False,5.765407554671964,5.03,2026-08-31T21:00:00,5.32,2026-09-02T09:00:00,D-3,0.9398496240601628,17.24137931034487,True,False,,,,-7.82883351380349,1.3461538461538414,0.0,-0.17905362478820575,0.6675314058261002,,,,,-7.82883351380349,1.3461538461538414,0.0,-0.17905362478820575,0.6675314058261002,,,,,-7.82883351380349,1.3461538461538414,0.0,-0.17905362478820575,0.6675314058261002,,,,,-7.82883351380349,1.3461538461538414,0.0,-0.17905362478820575,0.6675314058261002,,,,,-7.82883351380349,1.3461538461538414,0.0,-0.17905362478820575,0.6675314058261002,,,,,-7.82883351380349,1.3461538461538414,0.0,-0.17905362478820575,0.6675314058261002,,,1358556.7216391452,0.0,1.3461538461538414,1358556.7216391452,1299824.2695688154,1.0451849172579404,1.3461538461538414,False,False,rising,flat_or_na,buy_only,decelerating,neutral,False,False,False,pass,S0,🌱 초발사 준비,발사 구조 관찰 또는 초기 준비,S0,False,,,2026-09-05T10:40:00Z,33961613178-1
KRW-CELO,셀로,106.0,104.12666666666668,95.42200000000001,101.86999999999999,0.2567558893382227,-9.122284867920047,-2.2152416478518595,-0.9769933572300264,-1.21695192349265,,,,,False,False,False,False,143.68516551792766,3.9215686274509887,9.0,B급,1.9230769230769162,10.006856466448767,-1.0,-0.5380231233265587,-0.46383106111299943,False,False,False,False,2026-09-05T19:57:07.171995+09:00,1788605827,0.0,0.0,,0,0.0,complete,,,1001497.7090028,2431039.20290234,-0.4164679158850211,103.0,106.0,2.9126213592232997,2.9126213592232997,0.0,0.0,complete_hourly_ordered,/v1/candles/minutes/60,120,False,13.682092555331993,99.4,2026-09-01T18:00:00,113.0,2026-09-03T13:00:00,D-2,6.194690265486724,51.470588235294215,True,False,,-100.0,-100.0,10.006856466448767,1.9230769230769162,-1.0,-0.5380231233265587,-0.46383106111299943,,,-100.0,-100.0,10.006856466448767,1.9230769230769162,-1.0,-0.5380231233265587,-0.46383106111299943,,,-100.0,-100.0,10.006856466448767,1.9230769230769162,-1.0,-0.5380231233265587,-0.46383106111299943,,,-100.0,-100.0,10.006856466448767,1.9230769230769162,-1.0,-0.5380231233265587,-0.46383106111299943,,,-100.0,-100.0,10.006856466448767,1.9230769230769162,-1.0,-0.5380231233265587,-0.46383106111299943,,,-100.0,-100.0,10.006856466448767,1.9230769230769162,-1.0,-0.5380231233265587,-0.46383106111299943,,,-99999.99999911999,-128173.67051327002,1.9230769230769162,0,4633314.65730542,0.0,1.9230769230769162,False,False,falling,falling,unavailable,accelerating,neutral,False,False,False,pass,S0,🌱 초발사 준비,발사 구조 관찰 또는 초기 준비,S0,False,,,2026-09-05T10:40:00Z,33961613178-1
KRW-AERO,에어로드롬파이낸스,703.0,684.0666666666667,630.52,658.5416666666666,0.3520782396088107,-8.49246124891625,-3.8759886111990016,-0.7044859820836857,-0.5422247525592719,,,,,False,False,False,False,94.19877230215054,7.492354740061158,9.0,B급,3.079178885630496,-19.493268290201996,0.0,0.15601902972743886,-0.35777721467543966,False,False,False,False,2026-09-05T19:57:07.171995+09:00,1788605827,1634814.74262729,0.0,,2,0.0,complete,1788605113168,1788605670903,64841.64856553,120405.48678239,-0.2999443857121102,685.0,720.0,5.109489051094895,2.6277372262773824,2.361111111111111,48.57142857142842,complete_hourly_ordered,/v1/candles/minutes/60,120,False,15.384615384615374,624.0,2026-09-02T20:00:00,720.0,2026-09-05T14:00:00,D0,2.361111111111114,17.708333333333286,False,True,,,,-19.493268290201996,3.079178885630496,0.0,0.15601902972743886,-0.35777721467543966,,,,,-19.493268290201996,3.079178885630496,0.0,0.15601902972743886,-0.35777721467543966,,,,,-19.493268290201996,3.079178885630496,0.0,0.15601902972743886,-0.35777721467543966,,,,,-19.493268290201996,3.079178885630496,0.0,0.15601902972743886,-0.35777721467543966,,,,,-19.493268290201996,3.079178885630496,0.0,0.15601902972743886,-0.35777721467543966,,,,,-19.493268290201996,3.079178885630496,0.0,0.15601902972743886,-0.35777721467543966,,,1634814.74262729,0.0,3.079178885630496,1634814.74262729,4591500.4642751,0.35605239623674795,3.079178885630496,False,False,rising,flat_or_na,buy_only,decelerating,neutral,False,False,False,pass,S0,🌱 초발사 준비,발사 구조 관찰 또는 초기 준비,S0,False,,,2026-09-05T10:40:00Z,33961613178-1
KRW-CTC,크레딧코인,133.0,126.06666666666666,110.23200000000001,139.64666666666665,0.7995735607675858,-14.364854730628718,9.724542893970487,-1.6602147673544139,-1.9459719484001539,,,4.997267767382437,,False,False,False,False,60.95700091246885,9.016393442622949,12.0,A급,0.0,-54.04055038545736,-2.0,-0.8255618671847431,-1.2473629526506187,False,False,False,False,2026-09-05T19:57:07.171995+09:00,1788605827,438118.25533315,481356.78158316,0.9101736427026114,7,0.0,complete,1788605604995,1788605935652,2481571.94207658,2435458.45314108,0.009378320902866541,135.0,135.0,0.0,-1.4814814814814836,1.4814814814814816,,complete_hourly_ordered,/v1/candles/minutes/60,120,False,14.999999999999991,120.0,2026-09-01T03:00:00,138.0,2026-09-04T03:00:00,D-1,4.347826086956519,33.333333333333236,False,True,,-71.32749029120838,,-54.04055038545736,0.0,-2.0,-0.8255618671847431,-1.2473629526506187,-0.2686165519994388,,-71.32749029120838,,-54.04055038545736,0.0,-2.0,-0.8255618671847431,-1.2473629526506187,-0.2686165519994388,,-71.32749029120838,,-54.04055038545736,0.0,-2.0,-0.8255618671847431,-1.2473629526506187,-0.2686165519994388,,-71.32749029120838,,-54.04055038545736,0.0,-2.0,-0.8255618671847431,-1.2473629526506187,-0.2686165519994388,,-71.32749029120838,,-54.04055038545736,0.0,-2.0,-0.8255618671847431,-1.2473629526506187,-0.2686165519994388,,-71.32749029120838,,-54.04055038545736,0.0,-2.0,-0.8255618671847431,-1.2473629526506187,-0.2686165519994388,,-1089889.7906413297,481356.78158316,0.0,919475.03691631,6232691.0793839935,0.14752456446264076,0.0,False,True,falling,rising,sell_advantage_weakening,decelerating,neutral,False,False,False,pass,S0,🌱 초발사 준비,발사 구조 관찰 또는 초기 준비,S1,True,발사 구조 관찰 또는 초기 준비,2026-09-05T19:57:07.171995+09:00,2026-09-05T10:40:00Z,33961613178-1
KRW-ANIME,애니메코인,3.93,3.7953333333333332,3.6632,4.4865,-0.03511852502195989,-3.6070466622989037,15.405475686318223,-0.5655928587607402,-0.8859743113766394,,,,,False,False,False,False,-79.15713578914423,-1.5037593984962405,7.0,B급,2.8795811518324665,-1754.6278630411482,-2.0,-0.35241096288549656,-0.5619655732103777,False,False,False,False,2026-09-05T19:57:07.171995+09:00,1788605827,1234005.9223398247,4042360.958433843,0.3052686128301425,12,0.0,complete,1788605081661,1788605961652,40552089.58213789,35381375.38669906,0.0680953278974019,3.86,3.96,2.590673575129543,1.81347150259068,0.7575757575757527,30.0,complete_hourly_ordered,/v1/candles/minutes/60,120,False,8.184143222506401,3.91,2026-08-31T20:00:00,4.23,2026-08-31T21:00:00,D-4,6.855791962174951,90.62499999999997,True,False,,162.2406102329451,,-1754.6278630411482,2.8795811518324665,-2.0,-0.35241096288549656,-0.5619655732103777,,,162.2406102329451,,-1754.6278630411482,2.8795811518324665,-2.0,-0.35241096288549656,-0.5619655732103777,,,162.2406102329451,,-1754.6278630411482,2.8795811518324665,-2.0,-0.35241096288549656,-0.5619655732103777,,,162.2406102329451,,-1754.6278630411482,2.8795811518324665,-2.0,-0.35241096288549656,-0.5619655732103777,,,162.2406102329451,,-1754.6278630411482,2.8795811518324665,-2.0,-0.35241096288549656,-0.5619655732103777,,,162.2406102329451,,-1754.6278630411482,2.8795811518324665,-2.0,-0.35241096288549656,-0.5619655732103777,,,763443.441096484,4042360.958433843,2.8795811518324665,5276366.880773668,5613419.527185436,0.9399559137207822,2.8795811518324665,False,True,rising,rising,sell_advantage_weakening,decelerating,rally_weakening,False,True,False,pass,S0,🌱 초발사 준비,발사 구조 관찰 또는 초기 준비,S3,True,발사 구조 관찰 또는 초기 준비,2026-09-05T19:57:07.171995+09:00,2026-09-05T10:40:00Z,33961613178-1
KRW-APT,앱토스,823.0,793.8666666666667,818.7,1003.5,-0.5844047420270448,3.033264117910513,20.890217571831922,-0.3499454771728404,-0.5556661084464214,8.667819176906702,,,,False,False,False,False,14.130238369526626,11.111111111111116,5.0,관찰,3.015075376884413,-15.841312527664432,-1.0,-0.6094506595424876,-0.06966367997197409,False,False,False,False,2026-09-05T19:57:07.171995+09:00,1788605827,27999.9999976,5890249.68521015,0.004753618521113851,13,0.0,complete,1788604948757,1788605915388,126062.92763158,145517.38995643,-0.07163428667302255,794.0,836.0,5.289672544080615,3.652392947103267,1.555023923444976,30.95238095238123,complete_hourly_ordered,/v1/candles/minutes/60,120,False,21.037868162692842,713.0,2026-08-31T21:00:00,863.0,2026-09-03T16:00:00,D-2,4.634994206257237,26.66666666666668,False,False,-51.85019573096241,-94.61625843846923,58628.6600184469,-15.841312527664432,3.3919597989949812,-1.0,-0.6094506595424876,-0.06966367997197409,,-51.85019573096241,-94.61625843846923,58628.6600184469,-15.841312527664432,3.3919597989949812,-1.0,-0.6094506595424876,-0.06966367997197409,,-51.85019573096241,-94.61625843846923,58628.6600184469,-15.841312527664432,3.3919597989949812,-1.0,-0.6094506595424876,-0.06966367997197409,,-51.85019573096241,-94.61625843846923,58628.6600184469,-15.841312527664432,3.3919597989949812,-1.0,-0.6094506595424876,-0.06966367997197409,,-51.85019573096241,-94.61625843846923,58628.6600184469,-15.841312527664432,3.3919597989949812,-1.0,-0.6094506595424876,-0.06966367997197409,,-51.85019573096241,-94.61625843846923,58628.6600184469,-15.841312527664432,3.3919597989949812,-1.0,-0.6094506595424876,-0.06966367997197409,,-51.85019573096241,-492084.39999798,5880220.08521015,3.3919597989949812,5918249.68520775,25857131.178688504,0.22888268788633373,3.3919597989949812,False,False,falling,rising,sell_advantage_accelerating,decelerating,rally_weakening,False,False,False,pass,S0,🌱 초발사 준비,발사 구조 관찰 또는 초기 준비,S0,False,,,2026-09-05T10:40:00Z,33961613178-1
KRW-MOCA,모카네트워크,12.2,11.793333333333333,11.422,13.948333333333332,0.22662889518412221,-3.251036012373773,15.449874536981714,-0.8405196226428753,-1.025426318971601,,,,,False,False,False,False,-59.78875601903918,0.8264462809917328,7.0,B급,1.6666666666666607,-27.61079958864395,-3.0,-0.34349653240994815,-0.6948755967160771,False,False,False,False,2026-09-05T19:57:07.171995+09:00,1788605827,0.0,0.0,,0,0.0,complete,,,12876759.04864608,31338852.68374152,-0.41754694579001145,12.0,12.3,2.5000000000000133,1.6666666666666607,0.8130081300813123,33.333333333333925,complete_hourly_ordered,/v1/candles/minutes/60,120,False,8.695652173913038,11.5,2026-09-01T22:00:00,12.5,2026-09-04T08:00:00,D-1,2.400000000000002,30.000000000000103,True,False,,,,-27.61079958864395,1.6666666666666607,-3.0,-0.34349653240994815,-0.6948755967160771,,,,,-27.61079958864395,1.6666666666666607,-3.0,-0.34349653240994815,-0.6948755967160771,,,,,-27.61079958864395,1.6666666666666607,-3.0,-0.34349653240994815,-0.6948755967160771,,,,,-27.61079958864395,1.6666666666666607,-3.0,-0.34349653240994815,-0.6948755967160771,,,,,-27.61079958864395,1.6666666666666607,-3.0,-0.34349653240994815,-0.6948755967160771,,,,,-27.61079958864395,1.6666666666666607,-3.0,-0.34349653240994815,-0.6948755967160771,,,0.0,0.0,1.6666666666666607,0,1043979.100193215,0.0,1.6666666666666607,False,False,flat_or_na,flat_or_na,unavailable,decelerating,neutral,False,False,False,pass,S0,🌱 초발사 준비,발사 구조 관찰 또는 초기 준비,S0,False,,,2026-09-05T10:40:00Z,33961613178-1
KRW-API3,에이피아이쓰리,320.0,315.2,295.96,363.53333333333336,0.12706480304955914,-6.500878497094205,13.295433706216771,-0.6355134432579794,-0.8904970926510212,,,14.930350492932094,,False,False,False,False,1.436572059523189,4.234527687296419,10.0,A급,2.2364217252396124,-31.07489386706317,-2.0,-0.29837659239821956,-0.60010467465092,False,False,False,False,2026-09-05T19:57:07.171995+09:00,1788605827,26600.0,0.0,,2,0.0,complete,1788605144378,1788605377075,473867.64746939,257365.60051766,0.29607795809028126,314.0,320.0,1.9108280254777066,1.9108280254777066,0.0,0.0,complete_hourly_ordered,/v1/candles/minutes/60,120,False,13.14878892733564,289.0,2026-08-31T18:00:00,327.0,2026-09-01T18:00:00,D-4,2.1406727828746197,18.421052631578885,False,True,,,,-31.07489386706317,2.2364217252396124,-2.0,-0.29837659239821956,-0.60010467465092,1.3726284738141121,,,,-31.07489386706317,2.2364217252396124,-2.0,-0.29837659239821956,-0.60010467465092,1.3726284738141121,,,,-31.07489386706317,2.2364217252396124,-2.0,-0.29837659239821956,-0.60010467465092,1.3726284738141121,,,,-31.07489386706317,2.2364217252396124,-2.0,-0.29837659239821956,-0.60010467465092,1.3726284738141121,,,,-31.07489386706317,2.2364217252396124,-2.0,-0.29837659239821956,-0.60010467465092,1.3726284738141121,,,,-31.07489386706317,2.2364217252396124,-2.0,-0.29837659239821956,-0.60010467465092,1.3726284738141121,,26600.0,0.0,2.2364217252396124,26600.0,1101904.5964872749,0.024140020909974656,2.2364217252396124,False,False,rising,flat_or_na,buy_only,decelerating,neutral,False,False,False,pass,S1,⚡ 선행 시동,가격 미급등 상태에서 선행조건 3개 개선,S0,True,가격 미급등 상태에서 선행조건 3개 개선,2026-09-05T19:57:07.171995+09:00,2026-09-05T10:40:00Z,33961613178-1
KRW-AHT,아하토큰,1.33,1.306,1.3356000000000001,1.5994166666666667,0.10219724067450642,2.216232404911655,18.34523003178242,-0.8441086549037113,-0.929096932274166,2.6255297727808085,,,,False,False,False,False,992.6280304407306,0.0,7.0,B급,1.526717557251911,-176.1826608176924,-1.0,-0.41167737391951675,-0.5434284795175905,False,True,False,False,2026-09-05T19:57:07.171995+09:00,1788605827,9995.002498744201,0.0,,1,0.0,complete,1788605817906,1788605817906,179126980.0996955,192782636.4326309,-0.03671767474113819,1.33,1.34,0.7518796992481258,0.0,0.7462686567164185,100.0,complete_hourly_ordered,/v1/candles/minutes/60,120,False,34.883720930232556,1.29,2026-08-31T23:00:00,1.74,2026-09-01T18:00:00,D-4,23.563218390804597,91.1111111111111,False,False,,,,-176.1826608176924,1.526717557251911,-1.0,-0.41167737391951675,-0.5434284795175905,,,,,-176.1826608176924,1.526717557251911,-1.0,-0.41167737391951675,-0.5434284795175905,,,,,-176.1826608176924,1.526717557251911,-1.0,-0.41167737391951675,-0.5434284795175905,,,,,-176.1826608176924,1.526717557251911,-1.0,-0.41167737391951675,-0.5434284795175905,,,,,-176.1826608176924,1.526717557251911,-1.0,-0.41167737391951675,-0.5434284795175905,,,,,-176.1826608176924,1.526717557251911,-1.0,-0.41167737391951675,-0.5434284795175905,,,9995.002498744201,0.0,1.526717557251911,9995.002498744201,920618.5934174253,0.010856833188260716,1.526717557251911,False,True,rising,flat_or_na,buy_only,decelerating,neutral,True,True,False,🔴 1차 급등 완료·상승분 반납 / 신규매수 금지,S3,🔴 1차 급등 완료·반납,당일/5D 급등 후 상승분 상당 부분 반납,S3,False,,,2026-09-05T10:40:00Z,33961613178-1
KRW-EGLD,멀티버스엑스,6390.0,5411.2,4442.46,4700.825,2.3775588713847773,-21.806386551595285,-15.111709114889408,-2.8661140583862497,-3.5494501329739747,,,,,False,False,False,False,398.86027512078783,19.493908153701977,8.0,B급,-4.850746268656714,-75.22528261598171,0.0,-0.9369631300715886,-2.549927319954495,False,True,False,False,2026-09-05T19:57:07.171995+09:00,1788605827,58843.6699755,3120245.99498315,0.018858663730395322,12,0.0,complete,1788605093055,1788605973449,3236.29170563,19778.08063112,-0.7187590729587531,6480.0,6585.0,1.620370370370372,-1.388888888888884,2.9612756264236904,185.71428571428532,complete_hourly_ordered,/v1/candles/minutes/60,120,False,44.75190839694656,5240.0,2026-08-31T23:00:00,7585.0,2026-09-03T07:00:00,D-2,15.754779169413313,50.959488272921114,True,True,-15.975905500172564,-99.47846406610186,342.3348538876886,-75.22528261598171,-4.626865671641789,0.0,-0.9369631300715886,-2.549927319954495,,-15.975905500172564,-99.47846406610186,342.3348538876886,-75.22528261598171,-4.626865671641789,0.0,-0.9369631300715886,-2.549927319954495,,-15.975905500172564,-99.47846406610186,342.3348538876886,-75.22528261598171,-4.626865671641789,0.0,-0.9369631300715886,-2.549927319954495,,-15.975905500172564,-99.47846406610186,342.3348538876886,-75.22528261598171,-4.626865671641789,0.0,-0.9369631300715886,-2.549927319954495,,-15.975905500172564,-99.47846406610186,342.3348538876886,-75.22528261598171,-4.626865671641789,0.0,-0.9369631300715886,-2.549927319954495,,-15.975905500172564,-99.47846406610186,342.3348538876886,-75.22528261598171,-4.626865671641789,0.0,-0.9369631300715886,-2.549927319954495,,-15.975905500172564,-11223920.5943549,2414842.39235965,-4.626865671641789,3179089.6649586502,14311767.534152228,0.22213116984833464,-4.626865671641789,False,True,falling,rising,sell_advantage_accelerating,decelerating,neutral,False,False,False,pass,S0,🌱 초발사 준비,발사 구조 관찰 또는 초기 준비,S0,False,,,2026-09-05T10:40:00Z,33961613178-1
KRW-BLEND,플루언트,88.0,89.1,91.242,104.59166666666667,-0.3281378178835337,2.3476030775300956,14.811568799298868,0.00539940514213173,-0.47716730199221224,,,,,False,False,False,False,-75.4461869215867,-1.0123734533183382,6.0,관찰,2.564102564102577,-1.9300561496094701,2.0,-0.14198740835262846,-0.3708159645342217,False,False,False,False,2026-09-05T19:57:07.171995+09:00,1788605827,99999.99999968,0.0,,1,0.0,complete,1788605238210,1788605238210,219881.40505845,608959.32417527,-0.46942422759138586,86.3,88.5,2.549246813441486,1.969872537659323,0.5649717514124294,22.727272727273004,complete_hourly_ordered,/v1/candles/minutes/60,120,False,5.1068883610451365,84.2,2026-09-02T11:00:00,88.5,2026-09-05T09:00:00,D0,0.5649717514124242,11.627906976744429,False,True,,,,-1.9300561496094701,2.564102564102577,2.0,-0.14198740835262846,-0.3708159645342217,,,,,-1.9300561496094701,2.564102564102577,2.0,-0.14198740835262846,-0.3708159645342217,,,,,-1.9300561496094701,2.564102564102577,2.0,-0.14198740835262846,-0.3708159645342217,,,,,-1.9300561496094701,2.564102564102577,2.0,-0.14198740835262846,-0.3708159645342217,,,,,-1.9300561496094701,2.564102564102577,2.0,-0.14198740835262846,-0.3708159645342217,,,,,-1.9300561496094701,2.564102564102577,2.0,-0.14198740835262846,-0.3708159645342217,,,99999.99999968,0.0,2.564102564102577,99999.99999968,2249910.2690167087,0.04444621697885915,2.564102564102577,False,False,rising,flat_or_na,buy_only,decelerating,neutral,False,False,False,pass,S0,🌱 초발사 준비,발사 구조 관찰 또는 초기 준비,S0,False,,,2026-09-05T10:40:00Z,33961613178-1
KRW-ERA,칼데라,81.0,81.20666666666666,93.988,130.13666666666666,-0.5551473589681,13.598899150246133,37.59893445352321,-0.5140923505257883,-0.4390078675660362,,,,,False,False,False,False,-80.83966173000225,-2.761104441776707,5.0,관찰,1.5037593984962516,-46.04827144110765,1.0,-0.43281821201002213,-0.19092153916212595,False,False,False,False,2026-09-05T19:57:07.171995+09:00,1788605827,20591275.52298838,15917194.280363308,1.2936498204580804,21,0.0,complete,1788605147916,1788605563465,970284.43395164,750091.24751083,0.12799133864390974,79.8,81.4,2.0050125313283207,1.5037593984962516,0.49140049140049835,24.999999999999446,complete_hourly_ordered,/v1/candles/minutes/60,120,False,4.656862745098045,81.6,2026-09-01T06:00:00,85.4,2026-09-01T10:00:00,D-4,5.152224824355978,115.78947368421044,True,True,,721.7202153239823,,-46.04827144110765,1.5037593984962516,1.0,-0.43281821201002213,-0.19092153916212595,,,721.7202153239823,,-46.04827144110765,1.5037593984962516,1.0,-0.43281821201002213,-0.19092153916212595,,,721.7202153239823,,-46.04827144110765,1.5037593984962516,1.0,-0.43281821201002213,-0.19092153916212595,,,721.7202153239823,,-46.04827144110765,1.5037593984962516,1.0,-0.43281821201002213,-0.19092153916212595,,,721.7202153239823,,-46.04827144110765,1.5037593984962516,1.0,-0.43281821201002213,-0.19092153916212595,,,721.7202153239823,,-46.04827144110765,1.5037593984962516,1.0,-0.43281821201002213,-0.19092153916212595,,,18085401.243764304,15917194.280363308,1.5037593984962516,36508469.803351685,4702770.117126014,7.763184015820651,1.5037593984962516,False,False,rising,rising,buy_advantage_weakening,decelerating,rally_weakening,False,True,False,pass,S0,🌱 초발사 준비,발사 구조 관찰 또는 초기 준비,S0,False,,,2026-09-05T10:40:00Z,33961613178-1
KRW-FF,팔콘파이낸스,160.0,131.93333333333334,103.43,110.35,3.0729166666666696,-27.558090818266777,-19.558979006192427,-2.4112768533207674,-2.9290833433409302,,,,,False,False,False,False,386.91032975315716,35.593220338983045,8.0,B급,8.108108108108114,257.67710315395436,-2.0,-0.054770349670407725,-3.065322720148586,False,True,False,False,2026-09-05T19:57:07.171995+09:00,1788605827,4901779.75305947,33531041.504175723,0.14618632566032988,68,0.0,complete,1788604951142,1788605659972,1108794.66827173,3807290.66677196,-0.5489115453843617,148.0,166.0,12.162162162162172,8.108108108108114,3.614457831325301,33.333333333333336,complete_hourly_ordered,/v1/candles/minutes/60,120,False,48.21428571428572,112.0,2026-09-01T16:00:00,166.0,2026-09-05T18:00:00,D0,3.6144578313253017,11.111111111111118,False,True,-0.0932183210387327,181.70184715319522,361.3340604023759,257.67710315395436,8.108108108108114,-2.0,-0.054770349670407725,-3.065322720148586,,-0.0932183210387327,181.70184715319522,361.3340604023759,257.67710315395436,8.108108108108114,-2.0,-0.054770349670407725,-3.065322720148586,,-0.0932183210387327,181.70184715319522,361.3340604023759,257.67710315395436,8.108108108108114,-2.0,-0.054770349670407725,-3.065322720148586,,-0.0932183210387327,181.70184715319522,361.3340604023759,257.67710315395436,8.108108108108114,-2.0,-0.054770349670407725,-3.065322720148586,,-0.0932183210387327,181.70184715319522,361.3340604023759,257.67710315395436,8.108108108108114,-2.0,-0.054770349670407725,-3.065322720148586,,-0.0932183210387327,181.70184715319522,361.3340604023759,257.67710315395436,8.108108108108114,-2.0,-0.054770349670407725,-3.065322720148586,,-0.0932183210387327,3161720.25306131,26262763.61571244,8.108108108108114,38432821.25723519,13419954.75803304,2.8638562461791994,8.108108108108114,False,False,rising,rising,sell_advantage_accelerating,accelerating,neutral,False,True,False,pass,S0,🌱 초발사 준비,발사 구조 관찰 또는 초기 준비,S0,False,,,2026-09-05T10:40:00Z,33961613178-1
KRW-PLUME,플룸,18.7,19.40666666666667,17.61,17.401666666666664,-0.5126452494873424,-10.202536437630156,-11.521884876927535,0.257366342489763,-0.24904068276491725,,,,,False,False,False,False,-13.78336557342259,-5.999999999999995,4.0,-,-2.590673575129532,-8.272564769304813,0.0,-0.7178436079004924,0.5132934043075466,False,False,False,False,2026-09-05T19:57:07.171995+09:00,1788605827,8981832.8692087,859510.419680392,10.449940644755166,23,0.0,complete,1788605013963,1788605812350,10660800.91946003,16262330.74352633,-0.20805639901717765,18.9,18.9,0.0,-1.0582010582010581,1.0582010582010546,,complete_hourly_ordered,/v1/candles/minutes/60,120,False,7.446808510638281,18.8,2026-09-02T03:00:00,20.2,2026-09-02T15:00:00,D-3,7.425742574257422,107.14285714285721,False,True,,2173.2116205462903,,-8.272564769304813,-3.1088082901554515,0.0,-0.7178436079004924,0.5132934043075466,,,2173.2116205462903,,-8.272564769304813,-3.1088082901554515,0.0,-0.7178436079004924,0.5132934043075466,,,2173.2116205462903,,-8.272564769304813,-3.1088082901554515,0.0,-0.7178436079004924,0.5132934043075466,,,2173.2116205462903,,-8.272564769304813,-3.1088082901554515,0.0,-0.7178436079004924,0.5132934043075466,,,2173.2116205462903,,-8.272564769304813,-3.1088082901554515,0.0,-0.7178436079004924,0.5132934043075466,,,2173.2116205462903,,-8.272564769304813,-3.1088082901554515,0.0,-0.7178436079004924,0.5132934043075466,,,8586716.427429723,859510.419680392,-3.1088082901554515,9841343.288889091,5654436.233940706,1.740464103179113,-3.1088082901554515,False,False,rising,rising,buy_advantage_weakening,decelerating,neutral,False,False,False,pass,S0,🌱 초발사 준비,발사 구조 관찰 또는 초기 준비,S0,False,,,2026-09-05T10:40:00Z,33961613178-1
KRW-ESP,에스프레소,123.0,118.2,107.536,103.445,0.22611644997172498,-9.916679065615238,-14.263618347914361,-0.1852669356123336,-0.28191770833572816,,,,,False,False,False,False,-0.841831714783603,13.888888888888884,4.0,-,3.3613445378151363,43.25809974806641,-1.0,0.05652911249292014,0.018410609552359958,False,False,False,False,2026-09-05T19:57:07.171995+09:00,1788605827,6970058.970509061,8809235.57110519,0.7912217710888858,28,0.0,complete,1788605446393,1788605923560,1720326.74258363,1578369.9826869,0.04303419553826604,117.0,125.0,6.8376068376068355,5.128205128205132,1.6,24.99999999999992,complete_hourly_ordered,/v1/candles/minutes/60,120,False,17.9245283018868,106.0,2026-09-01T07:00:00,125.0,2026-09-05T13:00:00,D0,2.400000000000002,15.789473684210575,True,True,-3.1902123759094647,307.18498032554686,1948.9580090571856,43.25809974806641,3.3613445378151363,-1.0,0.05652911249292014,0.018410609552359958,,-3.1902123759094647,307.18498032554686,1948.9580090571856,43.25809974806641,3.3613445378151363,-1.0,0.05652911249292014,0.018410609552359958,,-3.1902123759094647,307.18498032554686,1948.9580090571856,43.25809974806641,3.3613445378151363,-1.0,0.05652911249292014,0.018410609552359958,,-3.1902123759094647,307.18498032554686,1948.9580090571856,43.25809974806641,3.3613445378151363,-1.0,0.05652911249292014,0.018410609552359958,,-3.1902123759094647,307.18498032554686,1948.9580090571856,43.25809974806641,3.3613445378151363,-1.0,0.05652911249292014,0.018410609552359958,,-3.1902123759094647,307.18498032554686,1948.9580090571856,43.25809974806641,3.3613445378151363,-1.0,0.05652911249292014,0.018410609552359958,,-3.1902123759094647,5258291.7621664405,8379298.230653849,3.3613445378151363,15779294.54161425,2942796.49999912,5.362006697241542,3.3613445378151363,False,False,rising,rising,sell_advantage_accelerating,accelerating,neutral,False,False,False,pass,S0,🌱 초발사 준비,발사 구조 관찰 또는 초기 준비,S0,False,,,2026-09-05T10:40:00Z,33961613178-1
KRW-CC,캔톤,149.0,159.46666666666667,157.42,197.63333333333333,-0.20859407592824786,-1.3001312836149672,19.311856974194633,-1.0722226534697274,-0.6117335537896669,,,,,False,False,False,False,-35.93087965943354,-10.240963855421692,6.0,관찰,2.0547945205479534,-9.982138112566837,0.0,-0.5436024511376369,-0.09275976885713177,False,False,False,False,2026-09-05T19:57:07.171995+09:00,1788605827,217540.0,0.0,,2,0.0,complete,1788605535665,1788605841754,1762655.06691466,1923057.20252764,-0.04351998308246973,147.0,150.0,2.0408163265306145,1.3605442176870763,0.6666666666666667,33.33333333333333,complete_hourly_ordered,/v1/candles/minutes/60,120,False,7.453416149068315,161.0,2026-08-31T23:00:00,173.0,2026-09-01T05:00:00,D-4,13.8728323699422,200.00000000000017,False,True,,25.209990395479952,-100.0,-9.982138112566837,2.0547945205479534,0.0,-0.5436024511376369,-0.09275976885713177,,,25.209990395479952,-100.0,-9.982138112566837,2.0547945205479534,0.0,-0.5436024511376369,-0.09275976885713177,,,25.209990395479952,-100.0,-9.982138112566837,2.0547945205479534,0.0,-0.5436024511376369,-0.09275976885713177,,,25.209990395479952,-100.0,-9.982138112566837,2.0547945205479534,0.0,-0.5436024511376369,-0.09275976885713177,,,25.209990395479952,-100.0,-9.982138112566837,2.0547945205479534,0.0,-0.5436024511376369,-0.09275976885713177,,,25.209990395479952,-100.0,-9.982138112566837,2.0547945205479534,0.0,-0.5436024511376369,-0.09275976885713177,,,43799.87006876001,-2014449.2722216498,2.0547945205479534,217540.0,6105114.385303559,0.03563242001225559,2.0547945205479534,False,False,rising,falling,buy_only,decelerating,neutral,False,False,False,pass,S0,🌱 초발사 준비,발사 구조 관찰 또는 초기 준비,S0,False,,,2026-09-05T10:40:00Z,33961613178-1
KRW-NEO,네오,2918.0,2919.4666666666667,2744.8,3203.3083333333334,-0.08669860825918363,-6.363548042358878,8.860891214031327,-0.6109849434330485,-0.8519275650682593,,,10.400991325267615,,False,False,False,False,-53.0137182391467,3.6958066808812973,10.0,A급,2.782669954209238,11.832067666739718,0.0,-0.47858585473563586,-0.3581732797866195,False,False,False,False,2026-09-05T19:57:07.171995+09:00,1788605827,5099.99997992,1739992.4286366901,0.00293104722525484,5,0.0,complete,1788605089646,1788605096582,17039.76094449,13225.74743812,0.12601848474355914,2864.0,2944.0,2.7932960893854775,1.88547486033519,0.8831521739130435,32.500000000000256,complete_hourly_ordered,/v1/candles/minutes/60,120,False,7.288629737609331,2744.0,2026-09-02T19:00:00,2944.0,2026-09-05T15:00:00,D0,0.8831521739130488,13.000000000000131,False,False,,,,11.832067666739718,2.782669954209238,0.0,-0.47858585473563586,-0.3581732797866195,1.6071429022483716,,,,11.832067666739718,2.782669954209238,0.0,-0.47858585473563586,-0.3581732797866195,1.6071429022483716,,,,11.832067666739718,2.782669954209238,0.0,-0.47858585473563586,-0.3581732797866195,1.6071429022483716,,,,11.832067666739718,2.782669954209238,0.0,-0.47858585473563586,-0.3581732797866195,1.6071429022483716,,,,11.832067666739718,2.782669954209238,0.0,-0.47858585473563586,-0.3581732797866195,1.6071429022483716,,,,11.832067666739718,2.782669954209238,0.0,-0.47858585473563586,-0.3581732797866195,1.6071429022483716,,5099.99997992,1739992.4286366901,2.782669954209238,1745092.4286166101,3271545.703287065,0.5334152681600136,2.782669954209238,False,True,rising,rising,sell_advantage_weakening,accelerating,neutral,False,False,False,pass,S1,⚡ 선행 시동,가격 미급등 상태에서 선행조건 3개 개선,S1,False,,,2026-09-05T10:40:00Z,33961613178-1
KRW-ETC,이더리움클래식,10480.0,10460.666666666666,9773.6,10828.083333333334,-0.6143906764631502,-7.029821832964984,3.393182850150468,-0.4987419041894573,-0.6871995720218892,,,4.937696396065838,,False,False,False,False,-23.152500880845196,4.486540378863402,11.0,A급,3.8652130822596664,2.827677552013874,0.0,-0.9451163649449756,0.23544966517558885,False,False,False,False,2026-09-05T19:57:07.171995+09:00,1788605827,0.0,2701804.3608175996,0.0,7,0.0,complete,1788605459561,1788605997297,12750.98670566,18284.63662993,-0.17829994469369348,10190.0,10640.0,4.416094210009813,2.845927379784108,1.5037593984962405,35.55555555555542,complete_hourly_ordered,/v1/candles/minutes/60,120,False,8.295165394402026,9825.0,2026-09-02T19:00:00,10640.0,2026-09-05T16:00:00,D0,1.5037593984962405,19.631901840490727,False,True,-0.12384027130230058,-100.0,-44.407759327927884,2.827677552013874,3.8652130822596664,0.0,-0.9451163649449756,0.23544966517558885,1.7094426678607322,-0.12384027130230058,-100.0,-44.407759327927884,2.827677552013874,3.8652130822596664,0.0,-0.9451163649449756,0.23544966517558885,1.7094426678607322,-0.12384027130230058,-100.0,-44.407759327927884,2.827677552013874,3.8652130822596664,0.0,-0.9451163649449756,0.23544966517558885,1.7094426678607322,-0.12384027130230058,-100.0,-44.407759327927884,2.827677552013874,3.8652130822596664,0.0,-0.9451163649449756,0.23544966517558885,1.7094426678607322,-0.12384027130230058,-100.0,-44.407759327927884,2.827677552013874,3.8652130822596664,0.0,-0.9451163649449756,0.23544966517558885,1.7094426678607322,-0.12384027130230058,-100.0,-44.407759327927884,2.827677552013874,3.8652130822596664,0.0,-0.9451163649449756,0.23544966517558885,1.7094426678607322,-0.12384027130230058,-601868.5,-2158234.2491658,3.8652130822596664,2701804.3608175996,12429116.4715359,0.21737702490800861,3.8652130822596664,False,False,falling,falling,sell_only,accelerating,neutral,False,False,False,pass,S1,⚡ 선행 시동,가격 미급등 상태에서 선행조건 3개 개선,S1,False,,,2026-09-05T10:40:00Z,33961613178-1
KRW-IOTA,아이오타,54.0,57.080000000000005,51.45399999999999,63.0275,-0.7419429631347008,-10.934038170015961,9.436357145690371,-0.34118316812385474,-0.6887205149635587,,,13.701286575135146,,False,False,False,False,30.112794945463193,-1.6393442622950838,11.0,A급,0.3717472118959231,11.920946847779533,1.0,-0.9393648653527986,0.25143510108803824,False,False,False,False,2026-09-05T19:57:07.171995+09:00,1788605827,54200.030759042,331583.8774824,0.16345797983473687,5,0.0,complete,1788605335177,1788605859397,2225649.6035513,1413724.41512261,0.22309473669445315,53.5,54.5,1.869158878504673,0.9345794392523255,0.9174311926605505,50.00000000000059,complete_hourly_ordered,/v1/candles/minutes/60,120,False,7.34463276836157,53.1,2026-09-02T10:00:00,57.0,2026-09-04T00:00:00,D-1,4.912280701754379,71.79487179487175,True,True,,,,11.920946847779533,0.3717472118959231,1.0,-0.9393648653527986,0.25143510108803824,4.910596036081007,,,,11.920946847779533,0.3717472118959231,1.0,-0.9393648653527986,0.25143510108803824,4.910596036081007,,,,11.920946847779533,0.3717472118959231,1.0,-0.9393648653527986,0.25143510108803824,4.910596036081007,,,,11.920946847779533,0.3717472118959231,1.0,-0.9393648653527986,0.25143510108803824,4.910596036081007,,,,11.920946847779533,0.3717472118959231,1.0,-0.9393648653527986,0.25143510108803824,4.910596036081007,,,,11.920946847779533,0.3717472118959231,1.0,-0.9393648653527986,0.25143510108803824,4.910596036081007,,54200.030759042,331583.8774824,0.3717472118959231,385783.908241442,6198691.640541822,0.06223634447602898,0.3717472118959231,False,False,rising,rising,sell_advantage_weakening,accelerating,neutral,False,False,False,pass,S1,⚡ 선행 시동,가격 미급등 상태에서 선행조건 4개 개선,S0,True,가격 미급등 상태에서 선행조건 4개 개선,2026-09-05T19:57:07.171995+09:00,2026-09-05T10:40:00Z,33961613178-1
KRW-IOST,아이오에스티,0.836,0.8203999999999999,0.8517399999999999,1.1141833333333333,0.0406471018616239,3.67952661610351,26.367593603685812,-0.6993135102794208,-0.6946967418650118,5.261626669608174,,,,False,False,False,False,402.34572958700073,4.993757802746557,7.0,B급,2.1871202916160515,32.684841515543724,0.0,-0.18760756513112042,-0.5213200619030651,False,True,False,False,2026-09-05T19:57:07.171995+09:00,1788605827,59999.99999998638,93547.49224197275,0.6413854456385488,7,0.0,complete,1788605022282,1788605789738,75792025.9601028,68577641.06518134,0.04997161137497091,0.83,0.841,1.3253012048192847,0.7228915662650603,0.5945303210463739,45.45454545454576,complete_hourly_ordered,/v1/candles/minutes/60,120,False,10.41405269761606,0.797,2026-08-31T22:00:00,0.88,2026-09-01T19:00:00,D-4,5.000000000000004,53.012048192771076,True,True,,,,32.684841515543724,1.5795868772782606,0.0,-0.18760756513112042,-0.5213200619030651,,,,,32.684841515543724,1.5795868772782606,0.0,-0.18760756513112042,-0.5213200619030651,,,,,32.684841515543724,1.5795868772782606,0.0,-0.18760756513112042,-0.5213200619030651,,,,,32.684841515543724,1.5795868772782606,0.0,-0.18760756513112042,-0.5213200619030651,,,,,32.684841515543724,1.5795868772782606,0.0,-0.18760756513112042,-0.5213200619030651,,,,,32.684841515543724,1.5795868772782606,0.0,-0.18760756513112042,-0.5213200619030651,,,59999.99999998638,93547.49224197275,1.5795868772782606,153547.49224195915,3164694.108183922,0.048518904827131386,1.5795868772782606,False,True,rising,rising,sell_advantage_weakening,accelerating,neutral,False,False,False,pass,S0,🌱 초발사 준비,발사 구조 관찰 또는 초기 준비,S0,False,,,2026-09-05T10:40:00Z,33961613178-1
KRW-AKT,아카시네트워크,718.0,730.8666666666667,720.88,910.8333333333334,-0.7693700217233812,-1.3853438390115802,19.75846294602013,-0.16276129530559855,-0.019896381855979684,,,,,False,False,False,False,-13.175488229321052,2.279202279202286,7.0,B급,2.4251069900142586,9.30009068963996,0.0,-0.480717667402597,0.39456463475339376,False,False,False,False,2026-09-05T19:57:07.171995+09:00,1788605827,5918672.54312964,705481.20025568,8.389553883200003,11,0.0,complete,1788604977542,1788605946271,120833.65442182,114602.02709676,0.02646849145747783,695.0,723.0,4.028776978417259,3.3093525179856087,0.6915629322268326,17.857142857142776,complete_hourly_ordered,/v1/candles/minutes/60,120,False,7.964601769911495,678.0,2026-09-02T10:00:00,732.0,2026-09-04T20:00:00,D-1,1.5027322404371546,20.370370370370196,False,False,,5818.672543179949,,9.30009068963996,2.4251069900142586,0.0,-0.480717667402597,0.39456463475339376,,,5818.672543179949,,9.30009068963996,2.4251069900142586,0.0,-0.480717667402597,0.39456463475339376,,,5818.672543179949,,9.30009068963996,2.4251069900142586,0.0,-0.480717667402597,0.39456463475339376,,,5818.672543179949,,9.30009068963996,2.4251069900142586,0.0,-0.480717667402597,0.39456463475339376,,,5818.672543179949,,9.30009068963996,2.4251069900142586,0.0,-0.480717667402597,0.39456463475339376,,,5818.672543179949,,9.30009068963996,2.4251069900142586,0.0,-0.480717667402597,0.39456463475339376,,,5818672.54313049,705481.20025568,2.4251069900142586,6624153.74338532,3903347.9271832947,1.6970441444007767,2.4251069900142586,False,False,rising,rising,buy_advantage_weakening,accelerating,neutral,False,False,False,pass,S0,🌱 초발사 준비,발사 구조 관찰 또는 초기 준비,S0,False,,,2026-09-05T10:40:00Z,33961613178-1
KRW-COW,카우프로토콜,175.0,168.33333333333334,168.46,204.89166666666668,0.27799841143765214,0.0751909454272024,17.84276243543336,-1.156394037445453,-0.9066543897062381,0.06502190688677702,,,,False,False,False,False,-43.226491163284784,3.5502958579881616,5.0,관찰,0.5747126436781658,18.92266252020665,-1.0,-0.482001588562353,-0.5140013291009318,False,False,False,False,2026-09-05T19:57:07.171995+09:00,1788605827,820002.2820377499,2526348.83720275,0.32457999068160404,16,0.0,complete,1788605250481,1788605684311,446703.93849979,815790.93910012,-0.29234732524379814,173.0,175.0,1.1560693641618602,1.1560693641618602,0.0,0.0,complete_hourly_ordered,/v1/candles/minutes/60,120,False,10.303030303030303,165.0,2026-08-31T22:00:00,182.0,2026-09-04T04:00:00,D-1,3.8461538461538436,41.17647058823534,False,True,,-35.30490476831899,,18.92266252020665,0.5747126436781658,-1.0,-0.482001588562353,-0.5140013291009318,,,-35.30490476831899,,18.92266252020665,0.5747126436781658,-1.0,-0.482001588562353,-0.5140013291009318,,,-35.30490476831899,,18.92266252020665,0.5747126436781658,-1.0,-0.482001588562353,-0.5140013291009318,,,-35.30490476831899,,18.92266252020665,0.5747126436781658,-1.0,-0.482001588562353,-0.5140013291009318,,,-35.30490476831899,,18.92266252020665,0.5747126436781658,-1.0,-0.482001588562353,-0.5140013291009318,,,-35.30490476831899,,18.92266252020665,0.5747126436781658,-1.0,-0.482001588562353,-0.5140013291009318,,,-447485.27494199015,2526348.83720275,0.5747126436781658,3346351.1192405,1402734.648536925,2.385590975977387,0.5747126436781658,False,False,falling,rising,sell_advantage_weakening,accelerating,neutral,False,False,False,pass,S0,🌱 초발사 준비,발사 구조 관찰 또는 초기 준비,S0,False,,,2026-09-05T10:40:00Z,33961613178-1
KRW-VIRTUAL,버추얼프로토콜,938.0,974.4666666666667,877.5,927.875,-0.36128152692569415,-11.05033238366572,-5.0213301001392106,-0.3533160485401051,-0.7322503691257681,,,,,False,False,False,False,-3.0910565666045,-2.2916666666666696,7.0,B급,3.3039647577092435,14.557539088059258,0.0,-0.4977909802053482,-0.02034600666821884,False,False,False,False,2026-09-05T19:57:07.171995+09:00,1788605827,369035.6629758,10253352.72852736,0.03599170659066977,26,0.0,complete,1788604987506,1788605985919,178796.01020732,352220.43643254,-0.3265895572964013,905.0,940.0,3.8674033149171283,3.646408839779003,0.2127659574468085,5.714285714285813,complete_hourly_ordered,/v1/candles/minutes/60,120,False,8.297413793103448,928.0,2026-08-31T22:00:00,1005.0,2026-09-01T14:00:00,D-4,6.766169154228852,88.31168831168833,True,True,-0.12866206584964843,-78.49996605357215,-1.6422939557984795,14.557539088059258,3.3039647577092435,0.0,-0.4977909802053482,-0.02034600666821884,,-0.12866206584964843,-78.49996605357215,-1.6422939557984795,14.557539088059258,3.3039647577092435,0.0,-0.4977909802053482,-0.02034600666821884,,-0.12866206584964843,-78.49996605357215,-1.6422939557984795,14.557539088059258,3.3039647577092435,0.0,-0.4977909802053482,-0.02034600666821884,,-0.12866206584964843,-78.49996605357215,-1.6422939557984795,14.557539088059258,3.3039647577092435,0.0,-0.4977909802053482,-0.02034600666821884,,-0.12866206584964843,-78.49996605357215,-1.6422939557984795,14.557539088059258,3.3039647577092435,0.0,-0.4977909802053482,-0.02034600666821884,,-0.12866206584964843,-78.49996605357215,-1.6422939557984795,14.557539088059258,3.3039647577092435,0.0,-0.4977909802053482,-0.02034600666821884,,-0.12866206584964843,-1347406.57100083,-171201.82942415215,3.3039647577092435,10622388.391503159,25874357.927165225,0.4105372748342026,3.3039647577092435,False,False,falling,falling,sell_advantage_accelerating,accelerating,neutral,False,False,False,pass,S0,🌱 초발사 준비,발사 구조 관찰 또는 초기 준비,S0,False,,,2026-09-05T10:40:00Z,33961613178-1
KRW-ETH,이더리움,3358000.0,3386600.0,2946680.0,2852516.6666666665,-0.18666247494794064,-14.929344211112166,-18.72323270094829,-0.09085973660749821,-0.5969970906088765,,,,,False,False,False,False,-10.680925179927813,-1.2356575463371544,5.0,관찰,0.0,1.6335597866383171,0.0,-0.4803511255569992,0.18589644853233622,False,False,False,False,2026-09-05T19:57:07.171995+09:00,1788605827,108507963.42462994,124571940.72867005,0.871046583925115,390,0.0,complete,1788604938478,1788606005076,979.257155,316.41659198,0.5115798360235136,3364000.0,3370000.0,0.1783590963139181,-0.178359096313907,0.35608308605341243,199.99999999999378,complete_hourly_ordered,/v1/candles/minutes/60,120,False,7.222222222222219,3240000.0,2026-09-02T19:00:00,3474000.0,2026-09-04T18:00:00,D-1,3.3966609096142797,50.427350427350305,False,True,0.378525462339402,164.1394210461945,49.353945368158406,1.6335597866383171,0.029788501638372544,0.0,-0.4803511255569992,0.18589644853233622,,0.378525462339402,164.1394210461945,49.353945368158406,1.6335597866383171,0.029788501638372544,0.0,-0.4803511255569992,0.18589644853233622,,0.378525462339402,164.1394210461945,49.353945368158406,1.6335597866383171,0.029788501638372544,0.0,-0.4803511255569992,0.18589644853233622,,0.378525462339402,164.1394210461945,49.353945368158406,1.6335597866383171,0.029788501638372544,0.0,-0.4803511255569992,0.18589644853233622,,0.378525462339402,164.1394210461945,49.353945368158406,1.6335597866383171,0.029788501638372544,0.0,-0.4803511255569992,0.18589644853233622,,0.378525462339402,164.1394210461945,49.353945368158406,1.6335597866383171,0.029788501638372544,0.0,-0.4803511255569992,0.18589644853233622,,0.378525462339402,67428156.78506994,41164742.866170034,0.029788501638372544,233079904.1533,747238600.1483102,0.31192165943654254,0.029788501638372544,False,False,rising,rising,sell_advantage_weakening,accelerating,leading_buy_inflow,False,False,False,pass,S0,🌱 초발사 준비,발사 구조 관찰 또는 초기 준비,S0,False,,,2026-09-05T10:40:00Z,33961613178-1
KRW-IQ,아이큐,0.973,0.9628666666666666,0.9583800000000001,1.1769083333333334,0.03463083529573474,-0.46815111611954835,18.186774670924535,-0.9196211407869544,-0.9324617718222822,,,,,False,False,False,False,3922.9719526375275,6.455142231947475,9.0,B급,1.3541666666666785,-96.17559201977974,-1.0,-0.5228216070427782,-0.47687661589586483,False,True,False,False,2026-09-05T19:57:07.171995+09:00,1788605827,0.0,0.0,,0,0.0,complete,,,66635199.46586905,218482143.46702224,-0.5325770170245089,0.966,0.976,1.0351966873705987,0.7246376811594235,0.30737704918032815,29.99999999999957,complete_hourly_ordered,/v1/candles/minutes/60,120,False,45.05494505494505,0.91,2026-08-31T21:00:00,1.32,2026-09-01T19:00:00,D-4,26.287878787878793,84.63414634146342,False,True,,,,-96.17559201977974,1.3541666666666785,-1.0,-0.5228216070427782,-0.47687661589586483,,,,,-96.17559201977974,1.3541666666666785,-1.0,-0.5228216070427782,-0.47687661589586483,,,,,-96.17559201977974,1.3541666666666785,-1.0,-0.5228216070427782,-0.47687661589586483,,,,,-96.17559201977974,1.3541666666666785,-1.0,-0.5228216070427782,-0.47687661589586483,,,,,-96.17559201977974,1.3541666666666785,-1.0,-0.5228216070427782,-0.47687661589586483,,,,,-96.17559201977974,1.3541666666666785,-1.0,-0.5228216070427782,-0.47687661589586483,,,0.0,0.0,1.3541666666666785,0,2221748.4423676035,0.0,1.3541666666666785,False,True,flat_or_na,flat_or_na,unavailable,decelerating,neutral,True,True,False,🔴 1차 급등 완료·상승분 반납 / 신규매수 금지,S3,🔴 1차 급등 완료·반납,당일/5D 급등 후 상승분 상당 부분 반납,S3,False,,,2026-09-05T10:40:00Z,33961613178-1
KRW-NEAR,니어프로토콜,3083.0,2677.266666666667,2527.16,2817.95,0.9654305468259183,-5.939737359987774,4.992399912465904,-1.141136246514764,-0.7599074587519639,,,6.569747217200876,,False,False,False,False,113.62995544972527,16.565809379727693,13.0,A급,11.143166245943025,59.88282499626201,0.0,0.10393286624275078,-1.1294196711886828,False,False,False,False,2026-09-05T19:57:07.171995+09:00,1788605827,34438959.285660625,32872415.921287317,1.0476552550358447,135,0.0,complete,1788604930876,1788605993633,43900.50149978,87074.72886667,-0.3296365827805355,2977.0,3129.0,5.105811219348344,3.5606315082297613,1.4701182486417386,30.263157894736942,complete_hourly_ordered,/v1/candles/minutes/60,120,False,24.562101910828016,2512.0,2026-09-02T19:00:00,3129.0,2026-09-05T15:00:00,D0,1.2464046021092967,6.3209076175039725,False,True,-1.6408777869220152,-85.16329240665702,-61.92547270981339,59.88282499626201,11.179228272628915,0.0,0.10393286624275078,-1.1294196711886828,-3.622790176707123,-1.6408777869220152,-85.16329240665702,-61.92547270981339,59.88282499626201,11.179228272628915,0.0,0.10393286624275078,-1.1294196711886828,-3.622790176707123,-1.6408777869220152,-85.16329240665702,-61.92547270981339,59.88282499626201,11.179228272628915,0.0,0.10393286624275078,-1.1294196711886828,-3.622790176707123,-1.6408777869220152,-85.16329240665702,-61.92547270981339,59.88282499626201,11.179228272628915,0.0,0.10393286624275078,-1.1294196711886828,-3.622790176707123,-1.6408777869220152,-85.16329240665702,-61.92547270981339,59.88282499626201,11.179228272628915,0.0,0.10393286624275078,-1.1294196711886828,-3.622790176707123,-1.6408777869220152,-85.16329240665702,-61.92547270981339,59.88282499626201,11.179228272628915,0.0,0.10393286624275078,-1.1294196711886828,-3.622790176707123,-1.6408777869220152,-197680997.71283746,-53464613.74358237,11.179228272628915,67311375.20694794,75235220.02172822,0.8946790504169212,11.179228272628915,False,False,falling,falling,buy_advantage_weakening,accelerating,neutral,False,False,False,pass,S2,🚀 발사 진행,가격 상승 초입과 실제 매수수급·구조 동반,S2,False,,,2026-09-05T10:40:00Z,33961613178-1
KRW-RVN,레이븐코인,3.99,3.7826666666666666,4.4152,5.83725,0.6385242993969698,14.326266835779421,35.19779576570017,-1.4655065743591797,-1.0932534625216441,9.775641465166302,,,,False,False,False,False,-81.89389213279047,1.7857142857143016,6.0,관찰,1.0126582278481067,-94.70353785178722,-1.0,-0.36577986129169293,-0.960900656545661,False,False,False,False,2026-09-05T19:57:07.171995+09:00,1788605827,796445.8086599113,0.0,,6,0.0,complete,1788605594339,1788605687044,21653220.81580145,40432396.19628972,-0.3024722356682229,4.01,4.01,0.0,-0.4987531172069737,0.49875311720697196,,complete_hourly_ordered,/v1/candles/minutes/60,120,False,10.569105691056912,3.69,2026-08-31T20:00:00,4.08,2026-09-04T13:00:00,D-1,2.2058823529411686,23.076923076923094,False,True,,-65.34484892143205,-100.0,-94.70353785178722,1.0126582278481067,-1.0,-0.36577986129169293,-0.960900656545661,,,-65.34484892143205,-100.0,-94.70353785178722,1.0126582278481067,-1.0,-0.36577986129169293,-0.960900656545661,,,-65.34484892143205,-100.0,-94.70353785178722,1.0126582278481067,-1.0,-0.36577986129169293,-0.960900656545661,,,-65.34484892143205,-100.0,-94.70353785178722,1.0126582278481067,-1.0,-0.36577986129169293,-0.960900656545661,,,-65.34484892143205,-100.0,-94.70353785178722,1.0126582278481067,-1.0,-0.36577986129169293,-0.960900656545661,,,-65.34484892143205,-100.0,-94.70353785178722,1.0126582278481067,-1.0,-0.36577986129169293,-0.960900656545661,,,-1501757.4421476237,-161465.47769035303,1.0126582278481067,796445.8086599113,7824461.029627278,0.10178922300771563,1.0126582278481067,False,False,falling,falling,buy_only,decelerating,neutral,False,False,False,pass,S0,🌱 초발사 준비,발사 구조 관찰 또는 초기 준비,S0,False,,,2026-09-05T10:40:00Z,33961613178-1
KRW-PRL,펄,181.0,246.0,333.36,298.90833333333336,-4.329789992221933,26.205903527717783,17.70052134154842,4.70178365588207,5.045947746281274,,,,,False,False,False,False,40.062782379307826,-17.727272727272727,1.0,-,5.84795321637428,-44.95306380691297,-2.0,0.22353839184141577,3.1623687311066497,False,False,False,False,2026-09-05T19:57:07.171995+09:00,1788605827,59831450.04605904,51657501.15610898,1.1582335325367052,148,0.0,complete,1788604930337,1788606002983,1761414.13001674,2035436.49532627,-0.07217096281863197,171.0,184.0,7.602339181286544,5.84795321637428,1.6304347826086956,23.076923076922874,complete_hourly_ordered,/v1/candles/minutes/60,120,False,10.843373493975905,166.0,2026-09-04T21:00:00,184.0,2026-09-05T19:00:00,D0,2.1739130434782594,22.222222222222282,False,False,1.1582335325367052,,7947.309231674426,-44.95306380691297,5.84795321637428,-2.0,0.22353839184141577,3.1623687311066497,,1.1582335325367052,,7947.309231674426,-44.95306380691297,5.84795321637428,-2.0,0.22353839184141577,3.1623687311066497,,1.1582335325367052,,7947.309231674426,-44.95306380691297,5.84795321637428,-2.0,0.22353839184141577,3.1623687311066497,,1.1582335325367052,,7947.309231674426,-44.95306380691297,5.84795321637428,-2.0,0.22353839184141577,3.1623687311066497,,1.1582335325367052,,7947.309231674426,-44.95306380691297,5.84795321637428,-2.0,0.22353839184141577,3.1623687311066497,,1.1582335325367052,,7947.309231674426,-44.95306380691297,5.84795321637428,-2.0,0.22353839184141577,3.1623687311066497,,1.1582335325367052,59831450.04605904,51015578.500113815,5.84795321637428,111488951.20216802,23811874.98939241,4.682073597809224,5.84795321637428,False,False,rising,rising,buy_advantage_accelerating,decelerating,rally_weakening,False,False,False,pass,S0,🌱 초발사 준비,발사 구조 관찰 또는 초기 준비,S0,False,,,2026-09-05T10:40:00Z,33961613178-1
KRW-AGLD,어드벤처골드,236.0,230.6,223.1,263.21666666666664,-0.28826751225137226,-3.3617212012550426,12.391565883619318,-0.15064373301479886,-0.47953507882778046,,,,,False,False,False,False,-17.258368686007188,4.888888888888898,8.0,B급,3.5087719298245723,-7.497174798194729,0.0,-0.3460375873524768,-0.31004701960649683,False,False,False,False,2026-09-05T19:57:07.171995+09:00,1788605827,0.0,0.0,,0,0.0,complete,,,260798.20031428,692127.76697984,-0.45263701637845116,233.0,238.0,2.145922746781115,1.2875536480686733,0.8403361344537815,39.999999999999794,complete_hourly_ordered,/v1/candles/minutes/60,120,False,8.675799086757996,219.0,2026-09-03T07:00:00,238.0,2026-09-05T15:00:00,D0,0.8403361344537785,10.526315789473806,False,True,,-100.0,,-7.497174798194729,3.5087719298245723,0.0,-0.3460375873524768,-0.31004701960649683,,,-100.0,,-7.497174798194729,3.5087719298245723,0.0,-0.3460375873524768,-0.31004701960649683,,,-100.0,,-7.497174798194729,3.5087719298245723,0.0,-0.3460375873524768,-0.31004701960649683,,,-100.0,,-7.497174798194729,3.5087719298245723,0.0,-0.3460375873524768,-0.31004701960649683,,,-100.0,,-7.497174798194729,3.5087719298245723,0.0,-0.3460375873524768,-0.31004701960649683,,,-100.0,,-7.497174798194729,3.5087719298245723,0.0,-0.3460375873524768,-0.31004701960649683,,,-1568626.96705032,0.0,3.5087719298245723,0,655500.950814165,0.0,3.5087719298245723,False,False,falling,flat_or_na,unavailable,decelerating,neutral,False,False,False,pass,S0,🌱 초발사 준비,발사 구조 관찰 또는 초기 준비,S0,False,,,2026-09-05T10:40:00Z,33961613178-1
KRW-ID,스페이스아이디,44.5,43.85333333333333,42.358000000000004,46.20666666666667,-0.06077180188392983,-3.5302264822072043,5.093060164478442,-0.790131900625067,-0.5085804642982585,,,10.01426622138518,,False,False,False,False,-17.926447896246046,0.22522522522523403,11.0,A급,2.5345622119815614,2.7493202891549195,0.0,-0.35045010650354147,-0.1008793386472977,False,False,False,False,2026-09-05T19:57:07.171995+09:00,1788605827,2224606.845855745,8533265.603894472,0.2606981839215767,13,0.0,complete,1788605026232,1788605877420,3171894.78954481,2690585.42755261,0.0820999549966075,43.8,46.1,5.251141552511429,1.598173515981749,3.4707158351410006,69.56521739130417,complete_hourly_ordered,/v1/candles/minutes/60,120,False,7.9625292740046705,42.7,2026-09-04T22:00:00,46.1,2026-09-05T10:00:00,D0,3.6876355748373113,50.00000000000014,False,True,,1383.0712305733641,,2.7493202891549195,2.5345622119815614,0.0,-0.35045010650354147,-0.1008793386472977,2.6702342881739423,,1383.0712305733641,,2.7493202891549195,2.5345622119815614,0.0,-0.35045010650354147,-0.1008793386472977,2.6702342881739423,,1383.0712305733641,,2.7493202891549195,2.5345622119815614,0.0,-0.35045010650354147,-0.1008793386472977,2.6702342881739423,,1383.0712305733641,,2.7493202891549195,2.5345622119815614,0.0,-0.35045010650354147,-0.1008793386472977,2.6702342881739423,,1383.0712305733641,,2.7493202891549195,2.5345622119815614,0.0,-0.35045010650354147,-0.1008793386472977,2.6702342881739423,,1383.0712305733641,,2.7493202891549195,2.5345622119815614,0.0,-0.35045010650354147,-0.1008793386472977,2.6702342881739423,,2074606.8458560351,8533265.603894472,2.5345622119815614,10757872.449750217,2795972.556339622,3.847631631919164,2.5345622119815614,False,True,rising,rising,sell_advantage_weakening,accelerating,neutral,False,False,False,pass,S1,⚡ 선행 시동,가격 미급등 상태에서 선행조건 4개 개선,S1,False,,,2026-09-05T10:40:00Z,33961613178-1
KRW-IN,인피닛,47.5,45.15333333333333,48.748000000000005,83.61416666666668,0.014766686355560665,7.3739777358387535,45.997986784536124,-1.0186574267499624,-0.4299427581843922,7.238918150693221,,,,False,False,False,False,42.31714800663393,3.4858387799564294,6.0,관찰,1.4957264957265126,-112.74475385405502,-1.0,-0.28148572069524036,-0.3017425727618104,False,False,False,False,2026-09-05T19:57:07.171995+09:00,1788605827,3369129.1859493256,1237506.65465245,2.722513994799919,40,0.0,complete,1788605267283,1788605987133,3817290.26123999,2604250.44707678,0.1889016778469003,46.9,47.7,1.7057569296375252,1.279317697228155,0.41928721174004785,24.999999999999346,complete_hourly_ordered,/v1/candles/minutes/60,120,False,7.191011235955069,44.5,2026-09-02T03:00:00,47.7,2026-09-05T00:00:00,D0,0.41928721174004924,6.250000000000251,True,True,,-58.842714869655374,,-112.74475385405502,1.4957264957265126,-1.0,-0.28148572069524036,-0.3017425727618104,,,-58.842714869655374,,-112.74475385405502,1.4957264957265126,-1.0,-0.28148572069524036,-0.3017425727618104,,,-58.842714869655374,,-112.74475385405502,1.4957264957265126,-1.0,-0.28148572069524036,-0.3017425727618104,,,-58.842714869655374,,-112.74475385405502,1.4957264957265126,-1.0,-0.28148572069524036,-0.3017425727618104,,,-58.842714869655374,,-112.74475385405502,1.4957264957265126,-1.0,-0.28148572069524036,-0.3017425727618104,,,-58.842714869655374,,-112.74475385405502,1.4957264957265126,-1.0,-0.28148572069524036,-0.3017425727618104,,,-4816855.811067203,1237506.65465245,1.4957264957265126,4606635.840601776,8871950.529419431,0.5192359701878576,1.4957264957265126,False,False,falling,rising,buy_advantage_weakening,decelerating,rally_weakening,False,False,False,pass,S0,🌱 초발사 준비,발사 구조 관찰 또는 초기 준비,S0,False,,,2026-09-05T10:40:00Z,33961613178-1
KRW-MANTRA,만트라,6.2,6.181333333333333,7.4172,10.023166666666667,-0.06466910972192652,16.66217260781248,38.329536573604486,-0.6223979357524563,-0.3527367563994851,,,,,False,False,False,False,-91.00850640427844,-0.6410256410256387,5.0,관찰,-0.8000000000000007,-13.1675124868717,0.0,-0.16181936878928438,-0.4842506141094489,False,False,False,False,2026-09-05T19:57:07.171995+09:00,1788605827,0.0,6597631.670348622,0.0,6,0.0,complete,1788604999085,1788605987757,26521306.78240053,11013136.57447327,0.4131717116589982,6.3,6.33,0.4761904761904745,-1.5873015873015817,2.053712480252763,433.3333333333333,complete_hourly_ordered,/v1/candles/minutes/60,120,False,17.152658662092634,5.83,2026-08-31T19:00:00,6.83,2026-09-01T11:00:00,D-4,9.224011713030745,62.99999999999996,False,True,-0.03177205023100356,-100.0,-20.366712407519792,-13.1675124868717,-0.8000000000000007,0.0,-0.16181936878928438,-0.4842506141094489,,-0.03177205023100356,-100.0,-20.366712407519792,-13.1675124868717,-0.8000000000000007,0.0,-0.16181936878928438,-0.4842506141094489,,-0.03177205023100356,-100.0,-20.366712407519792,-13.1675124868717,-0.8000000000000007,0.0,-0.16181936878928438,-0.4842506141094489,,-0.03177205023100356,-100.0,-20.366712407519792,-13.1675124868717,-0.8000000000000007,0.0,-0.16181936878928438,-0.4842506141094489,,-0.03177205023100356,-100.0,-20.366712407519792,-13.1675124868717,-0.8000000000000007,0.0,-0.16181936878928438,-0.4842506141094489,,-0.03177205023100356,-100.0,-20.366712407519792,-13.1675124868717,-0.8000000000000007,0.0,-0.16181936878928438,-0.4842506141094489,,-0.03177205023100356,-263231.9864887392,-1687385.6506889164,-0.8000000000000007,6597631.670348622,7085652.842264662,0.9311254470434849,-0.8000000000000007,False,False,falling,falling,sell_only,decelerating,neutral,True,True,False,🔴 1차 급등 완료·상승분 반납 / 신규매수 금지,S3,🔴 1차 급등 완료·반납,당일/5D 급등 후 상승분 상당 부분 반납,S3,False,,,2026-09-05T10:40:00Z,33961613178-1
KRW-WAL,월러스,36.4,33.413333333333334,35.525999999999996,54.97083333333333,0.36043251902282414,5.9468182927058,39.216251042219355,-1.1791411781128398,-1.112615955563483,5.043347143743555,,,,False,False,False,False,194.95581741917056,9.638554216867457,7.0,B급,2.5352112676056304,57.103723249667866,-1.0,-0.3042200489530078,-0.9229809362221459,False,False,False,False,2026-09-05T19:57:07.171995+09:00,1788605827,11457419.25564851,28376152.00216934,0.4037693079305678,29,0.0,complete,1788604942327,1788606026640,1967561.68643572,3886303.60144737,-0.3277735001834176,35.2,36.9,4.829545454545436,3.409090909090895,1.3550135501355014,29.411764705882383,complete_hourly_ordered,/v1/candles/minutes/60,120,False,12.158054711246201,32.9,2026-08-31T22:00:00,36.9,2026-09-05T18:00:00,D0,1.0840108401083959,9.999999999999895,False,True,,,,57.103723249667866,2.5352112676056304,-1.0,-0.3042200489530078,-0.9229809362221459,,,,,57.103723249667866,2.5352112676056304,-1.0,-0.3042200489530078,-0.9229809362221459,,,,,57.103723249667866,2.5352112676056304,-1.0,-0.3042200489530078,-0.9229809362221459,,,,,57.103723249667866,2.5352112676056304,-1.0,-0.3042200489530078,-0.9229809362221459,,,,,57.103723249667866,2.5352112676056304,-1.0,-0.3042200489530078,-0.9229809362221459,,,,,57.103723249667866,2.5352112676056304,-1.0,-0.3042200489530078,-0.9229809362221459,,,11457419.25564851,28376152.00216934,2.5352112676056304,39833571.25781785,4510185.514716369,8.831914148064229,2.5352112676056304,False,False,rising,rising,sell_advantage_weakening,accelerating,neutral,False,False,False,pass,S0,🌱 초발사 준비,발사 구조 관찰 또는 초기 준비,S0,False,,,2026-09-05T10:40:00Z,33961613178-1
KRW-PENDLE,펜들,2622.0,2473.133333333333,2176.8,2232.25,0.9607010668408522,-13.613254930785235,-10.79105536267592,-1.4374484592818917,-1.8133222705745524,,,,,False,False,False,False,65.8366701910505,8.123711340206174,9.0,B급,-0.07621951219511924,-61.053236559595604,-2.0,-0.5145185585528234,-1.2601815936383929,False,False,False,False,2026-09-05T19:57:07.171995+09:00,1788605827,0.0,1677426.2222236,0.0,10,0.0,complete,1788605984736,1788605984736,21408.61223503,26230.07999539,-0.10120907049755702,2642.0,2672.0,1.1355034065102299,-0.7570022710068125,1.87125748502994,166.666666666666,complete_hourly_ordered,/v1/candles/minutes/60,120,False,15.225643188528037,2371.0,2026-08-31T22:00:00,2732.0,2026-09-04T09:00:00,D-1,4.099560761346998,31.024930747922415,False,True,-16.578387316504646,-100.0,777.8291793433391,-61.053236559595604,-0.07621951219511924,-2.0,-0.5145185585528234,-1.2601815936383929,,-16.578387316504646,-100.0,777.8291793433391,-61.053236559595604,-0.07621951219511924,-2.0,-0.5145185585528234,-1.2601815936383929,,-16.578387316504646,-100.0,777.8291793433391,-61.053236559595604,-0.07621951219511924,-2.0,-0.5145185585528234,-1.2601815936383929,,-16.578387316504646,-100.0,777.8291793433391,-61.053236559595604,-0.07621951219511924,-2.0,-0.5145185585528234,-1.2601815936383929,,-16.578387316504646,-100.0,777.8291793433391,-61.053236559595604,-0.07621951219511924,-2.0,-0.5145185585528234,-1.2601815936383929,,-16.578387316504646,-100.0,777.8291793433391,-61.053236559595604,-0.07621951219511924,-2.0,-0.5145185585528234,-1.2601815936383929,,-16.578387316504646,-3167930.8755362397,1486338.2222236,-0.07621951219511924,1677426.2222236,4303724.21158969,0.3897615506370934,-0.07621951219511924,False,True,falling,rising,sell_only,decelerating,neutral,False,False,False,pass,S0,🌱 초발사 준비,발사 구조 관찰 또는 초기 준비,S1,True,발사 구조 관찰 또는 초기 준비,2026-09-05T19:57:07.171995+09:00,2026-09-05T10:40:00Z,33961613178-1
KRW-BLUR,블러,22.9,22.3,20.88,25.293333333333333,0.14970059880239361,-6.800766283524913,11.834475487612014,-0.9673386995012117,-1.1436139100989062,,,10.348313694950162,,False,False,False,False,27.752040530919373,6.018518518518512,11.0,A급,3.153153153153143,-2.2383279864056007,-1.0,-0.5744997632977977,-0.637254165932843,False,False,False,False,2026-09-05T19:57:07.171995+09:00,1788605827,9842.999999790001,529798.1009492738,0.018578775541387666,6,0.0,complete,1788604987293,1788605470354,4199570.16312223,7602805.76377937,-0.2883517371193046,22.4,23.0,2.6785714285714413,2.2321428571428603,0.4347826086956583,16.666666666666945,complete_hourly_ordered,/v1/candles/minutes/60,120,False,11.057692307692314,20.8,2026-09-02T03:00:00,23.1,2026-09-03T17:00:00,D-2,0.8658008658008809,8.695652173913217,True,False,,,,-2.2383279864056007,3.153153153153143,-1.0,-0.5744997632977977,-0.637254165932843,0.6511344484054344,,,,-2.2383279864056007,3.153153153153143,-1.0,-0.5744997632977977,-0.637254165932843,0.6511344484054344,,,,-2.2383279864056007,3.153153153153143,-1.0,-0.5744997632977977,-0.637254165932843,0.6511344484054344,,,,-2.2383279864056007,3.153153153153143,-1.0,-0.5744997632977977,-0.637254165932843,0.6511344484054344,,,,-2.2383279864056007,3.153153153153143,-1.0,-0.5744997632977977,-0.637254165932843,0.6511344484054344,,,,-2.2383279864056007,3.153153153153143,-1.0,-0.5744997632977977,-0.637254165932843,0.6511344484054344,,9842.999999790001,529798.1009492738,3.153153153153143,539641.1009490638,3943770.542322453,0.13683379779779828,3.153153153153143,False,False,rising,rising,sell_advantage_weakening,decelerating,rally_weakening,False,False,False,pass,S0,🌱 초발사 준비,발사 구조 관찰 또는 초기 준비,S0,False,,,2026-09-05T10:40:00Z,33961613178-1
KRW-AWE,에이더블유이,83.7,86.11999999999999,84.266,83.67166666666667,-0.6384124298130955,-2.2001756343008863,-2.9261199529908453,0.1775904607676979,0.2700407373615218,,12.389041758154379,,10.835846404438788,False,False,False,False,-24.417253234710344,-3.7931034482758585,2.0,-,-0.5938242280285055,-5.999975649280298,-1.0,-0.19430829505047154,0.6971478619903935,False,False,False,False,2026-09-05T19:57:07.171995+09:00,1788605827,0.0,803967.370445142,0.0,6,0.0,complete,1788605053407,1788605287020,2428500.00072468,1243598.35516978,0.32267699029708535,84.2,84.3,0.11876484560569,-0.5938242280285055,0.7117437722419862,600.0000000000467,complete_hourly_ordered,/v1/candles/minutes/60,120,False,3.4482758620689724,84.1,2026-09-02T19:00:00,87.0,2026-09-02T20:00:00,D-3,3.7931034482758585,113.79310344827567,True,True,,,,-5.999975649280298,-0.5938242280285055,-1.0,-0.19430829505047154,0.6971478619903935,,,,,-5.999975649280298,-0.5938242280285055,-1.0,-0.19430829505047154,0.6971478619903935,,,,,-5.999975649280298,-0.5938242280285055,-1.0,-0.19430829505047154,0.6971478619903935,,,,,-5.999975649280298,-0.5938242280285055,-1.0,-0.19430829505047154,0.6971478619903935,,,,,-5.999975649280298,-0.5938242280285055,-1.0,-0.19430829505047154,0.6971478619903935,,,,,-5.999975649280298,-0.5938242280285055,-1.0,-0.19430829505047154,0.6971478619903935,,,0.0,803967.370445142,-0.5938242280285055,803967.370445142,2549074.165535541,0.3153958332460816,-0.5938242280285055,False,False,flat_or_na,rising,sell_only,decelerating,neutral,False,False,False,pass,S0,🌱 초발사 준비,발사 구조 관찰 또는 초기 준비,S0,False,,,2026-09-05T10:40:00Z,33961613178-1
KRW-THETA,쎄타토큰,241.0,243.2,209.36,233.425,-0.49099836333879043,-16.163546045089785,-4.187640569776149,-0.2826123812460001,-0.7732246905037322,,,,,False,False,False,False,-26.09070544589398,2.991452991452981,7.0,B급,1.2605042016806678,-7.9280788462355005,0.0,-0.8742450099306298,0.15152574122114348,False,False,False,False,2026-09-05T19:57:07.171995+09:00,1788605827,0.0,1211999.99999915,0.0,7,0.0,complete,1788605510728,1788605989192,284701.98066372,423158.26375318,-0.1955983319892663,238.0,244.0,2.5210084033613356,1.2605042016806678,1.2295081967213115,50.0,complete_hourly_ordered,/v1/candles/minutes/60,120,False,8.333333333333325,228.0,2026-09-02T22:00:00,247.0,2026-09-04T12:00:00,D-1,2.429149797570851,31.578947368420906,True,False,,,,-7.9280788462355005,1.2605042016806678,0.0,-0.8742450099306298,0.15152574122114348,,,,,-7.9280788462355005,1.2605042016806678,0.0,-0.8742450099306298,0.15152574122114348,,,,,-7.9280788462355005,1.2605042016806678,0.0,-0.8742450099306298,0.15152574122114348,,,,,-7.9280788462355005,1.2605042016806678,0.0,-0.8742450099306298,0.15152574122114348,,,,,-7.9280788462355005,1.2605042016806678,0.0,-0.8742450099306298,0.15152574122114348,,,,,-7.9280788462355005,1.2605042016806678,0.0,-0.8742450099306298,0.15152574122114348,,,0.0,1211999.99999915,1.2605042016806678,1211999.99999915,1123238.99999458,1.079022363010008,1.2605042016806678,False,False,flat_or_na,rising,sell_only,decelerating,rally_weakening,False,False,False,pass,S0,🌱 초발사 준비,발사 구조 관찰 또는 초기 준비,S0,False,,,2026-09-05T10:40:00Z,33961613178-1
KRW-AXL,엑셀라,60.0,57.7,55.23,66.00666666666667,0.06937218175513404,-4.472207133804103,12.58458741541259,-0.7180104319024249,-1.0472977894016227,,,12.01624556335867,,False,False,False,False,-78.90565418154777,-0.6633499170812573,10.0,A급,0.8417508417508435,-4935.712478973243,-3.0,-0.4301631342300105,-0.5917621473830064,False,False,False,False,2026-09-05T19:57:07.171995+09:00,1788605827,2611068.0,287229.3053,9.090534815982092,12,0.0,complete,1788605703676,1788605980215,1017813.39537826,2013612.52211926,-0.3284919882070035,59.3,60.1,1.3490725126475533,1.180438448566612,0.16638935108153316,12.499999999999794,complete_hourly_ordered,/v1/candles/minutes/60,120,False,10.81081081081081,66.6,2026-08-31T20:00:00,73.8,2026-08-31T20:00:00,D-4,18.834688346883468,193.05555555555546,False,True,8.841248052710952,69.24364210574205,-95.35888695232924,-4935.712478973243,1.0101010101010166,-3.0,-0.4301631342300105,-0.5917621473830064,1.6491474868433595,8.841248052710952,69.24364210574205,-95.35888695232924,-4935.712478973243,1.0101010101010166,-3.0,-0.4301631342300105,-0.5917621473830064,1.6491474868433595,8.841248052710952,69.24364210574205,-95.35888695232924,-4935.712478973243,1.0101010101010166,-3.0,-0.4301631342300105,-0.5917621473830064,1.6491474868433595,8.841248052710952,69.24364210574205,-95.35888695232924,-4935.712478973243,1.0101010101010166,-3.0,-0.4301631342300105,-0.5917621473830064,1.6491474868433595,8.841248052710952,69.24364210574205,-95.35888695232924,-4935.712478973243,1.0101010101010166,-3.0,-0.4301631342300105,-0.5917621473830064,1.6491474868433595,8.841248052710952,69.24364210574205,-95.35888695232924,-4935.712478973243,1.0101010101010166,-3.0,-0.4301631342300105,-0.5917621473830064,1.6491474868433595,8.841248052710952,1068281.536938288,-5901572.87102604,1.0101010101010166,2898297.3053,3445882.562594003,0.8410899827991265,1.0101010101010166,False,True,rising,falling,buy_advantage_accelerating,decelerating,neutral,False,True,False,pass,S1,⚡ 선행 시동,가격 미급등 상태에서 선행조건 5개 개선,S3,True,가격 미급등 상태에서 선행조건 5개 개선,2026-09-05T19:57:07.171995+09:00,2026-09-05T10:40:00Z,33961613178-1
KRW-HP,히포프로토콜,10.5,10.099333333333334,10.488,14.78,0.5776125348559313,3.705822527332815,31.668921966621554,-1.4598964105325924,-1.2007560951293144,2.5384147125759933,,,,False,False,False,False,-61.08485772360337,2.941176470588247,6.0,관찰,-0.9433962264150941,-3.6153438524530443,-1.0,-0.4892867471678164,-0.9131851222834939,False,False,False,False,2026-09-05T19:57:07.171995+09:00,1788605827,1688.05,487049.024804895,0.0034658728670613993,3,0.0,complete,1788605592520,1788605987989,11132574.12884438,28858407.69373565,-0.4432457708473356,10.6,10.7,0.943396226415083,-0.9433962264150941,1.8691588785046664,200.0000000000012,complete_hourly_ordered,/v1/candles/minutes/60,120,False,15.618661257606492,9.86,2026-08-31T19:00:00,11.4,2026-09-04T14:00:00,D-1,7.8947368421052655,58.44155844155845,False,True,,,,-3.6153438524530443,-0.9433962264150941,-1.0,-0.4892867471678164,-0.9131851222834939,,,,,-3.6153438524530443,-0.9433962264150941,-1.0,-0.4892867471678164,-0.9131851222834939,,,,,-3.6153438524530443,-0.9433962264150941,-1.0,-0.4892867471678164,-0.9131851222834939,,,,,-3.6153438524530443,-0.9433962264150941,-1.0,-0.4892867471678164,-0.9131851222834939,,,,,-3.6153438524530443,-0.9433962264150941,-1.0,-0.4892867471678164,-0.9131851222834939,,,,,-3.6153438524530443,-0.9433962264150941,-1.0,-0.4892867471678164,-0.9131851222834939,,,1688.05,487049.024804895,-0.9433962264150941,488737.074804895,748442.681083734,0.6530053498515221,-0.9433962264150941,False,False,rising,rising,sell_advantage_weakening,decelerating,neutral,False,True,False,pass,S0,🌱 초발사 준비,발사 구조 관찰 또는 초기 준비,S0,False,,,2026-09-05T10:40:00Z,33961613178-1
KRW-SAND,샌드박스,52.0,51.419999999999995,58.163999999999994,75.33166666666666,-1.9326128417037514,11.594800907778009,31.74185269585611,0.2920038122442179,0.20176625319641167,,,,,False,False,False,False,-12.567789927357653,4.208416833667328,3.0,-,1.1673151750972721,-141.10349283690576,-2.0,-0.837860104821897,0.777786953621014,False,False,False,False,2026-09-05T19:57:07.171995+09:00,1788605827,14922106.14460399,6120439.301722339,2.4380776295591713,46,0.0,complete,1788604965641,1788606038366,6143199.24800347,6796041.80399667,-0.050454470503297745,52.0,52.2,0.38461538461538325,0.0,0.38314176245211273,100.0,complete_hourly_ordered,/v1/candles/minutes/60,120,False,14.16666666666666,48.0,2026-08-31T21:00:00,54.8,2026-09-04T13:00:00,D-1,5.109489051094885,41.176470588235325,True,True,0.8797912230117104,772.6507858478111,457.7508446666959,-141.10349283690576,1.1673151750972721,-2.0,-0.837860104821897,0.777786953621014,,0.8797912230117104,772.6507858478111,457.7508446666959,-141.10349283690576,1.1673151750972721,-2.0,-0.837860104821897,0.777786953621014,,0.8797912230117104,772.6507858478111,457.7508446666959,-141.10349283690576,1.1673151750972721,-2.0,-0.837860104821897,0.777786953621014,,0.8797912230117104,772.6507858478111,457.7508446666959,-141.10349283690576,1.1673151750972721,-2.0,-0.837860104821897,0.777786953621014,,0.8797912230117104,772.6507858478111,457.7508446666959,-141.10349283690576,1.1673151750972721,-2.0,-0.837860104821897,0.777786953621014,,0.8797912230117104,772.6507858478111,457.7508446666959,-141.10349283690576,1.1673151750972721,-2.0,-0.837860104821897,0.777786953621014,,0.8797912230117104,13212131.61795452,5023096.400273248,1.1673151750972721,21042545.44632633,21938182.814643614,0.9591744960881878,1.1673151750972721,False,False,rising,rising,buy_advantage_accelerating,decelerating,rally_weakening,False,False,False,pass,S0,🌱 초발사 준비,발사 구조 관찰 또는 초기 준비,S0,False,,,2026-09-05T10:40:00Z,33961613178-1
KRW-WCT,월렛커넥트,54.0,52.34666666666667,52.946000000000005,66.40166666666667,-0.20335536349770367,1.1319709389440824,21.166637383599806,-0.5308497454503287,-0.5591425978965254,2.1323754012235847,,,,False,False,False,False,-59.63320769101568,3.8610038610038533,5.0,관찰,0.7490636704119868,-17.862758193256,0.0,-0.3178446142291569,-0.335494626474258,False,False,False,False,2026-09-05T19:57:07.171995+09:00,1788605827,54000.0,0.0,,2,0.0,complete,1788605791578,1788605791578,952785.05612121,1289014.13953625,-0.1499818021463929,53.3,54.1,1.5009380863039379,1.3133208255159623,0.18484288354898598,12.49999999999889,complete_hourly_ordered,/v1/candles/minutes/60,120,False,10.6122448979592,49.0,2026-09-02T19:00:00,54.2,2026-09-05T02:00:00,D0,0.3690036900369065,3.846153846154104,True,False,,-97.45317872384132,-100.0,-17.862758193256,1.1235955056179803,0.0,-0.3178446142291569,-0.335494626474258,,,-97.45317872384132,-100.0,-17.862758193256,1.1235955056179803,0.0,-0.3178446142291569,-0.335494626474258,,,-97.45317872384132,-100.0,-17.862758193256,1.1235955056179803,0.0,-0.3178446142291569,-0.335494626474258,,,-97.45317872384132,-100.0,-17.862758193256,1.1235955056179803,0.0,-0.3178446142291569,-0.335494626474258,,,-97.45317872384132,-100.0,-17.862758193256,1.1235955056179803,0.0,-0.3178446142291569,-0.335494626474258,,,-97.45317872384132,-100.0,-17.862758193256,1.1235955056179803,0.0,-0.3178446142291569,-0.335494626474258,,,-2066290.1242228919,-1676798.523248218,1.1235955056179803,54000.0,1374016.10239482,0.03930084946303143,1.1235955056179803,False,False,falling,falling,buy_only,decelerating,neutral,False,False,False,pass,S0,🌱 초발사 준비,발사 구조 관찰 또는 초기 준비,S0,False,,,2026-09-05T10:40:00Z,33961613178-1
KRW-YGG,일드길드게임즈,31.9,31.220000000000002,28.375999999999998,37.27916666666667,-0.3617021276595578,-10.022554271215128,16.253492790879623,-0.5396247473202813,-1.0081707470761578,,,,,False,False,False,False,128.2417732034664,5.980066445182719,9.0,B급,4.590163934426217,-14.031489903487596,-2.0,-0.5750127078643308,-0.4578645498405933,False,False,False,False,2026-09-05T19:57:07.171995+09:00,1788605827,44999.999999998996,628875.4318491069,0.07155630148833092,2,0.0,complete,1788604969404,1788605915112,1379307.41376832,3509387.17176951,-0.4357154493354075,30.8,32.3,4.870129870129869,3.5714285714285587,1.2383900928792526,26.66666666666691,complete_hourly_ordered,/v1/candles/minutes/60,120,False,7.308970099667755,30.1,2026-08-31T21:00:00,32.3,2026-09-05T15:00:00,D0,1.8575851393188736,27.272727272727217,False,True,,,,-14.031489903487596,4.590163934426217,-2.0,-0.5750127078643308,-0.4578645498405933,,,,,-14.031489903487596,4.590163934426217,-2.0,-0.5750127078643308,-0.4578645498405933,,,,,-14.031489903487596,4.590163934426217,-2.0,-0.5750127078643308,-0.4578645498405933,,,,,-14.031489903487596,4.590163934426217,-2.0,-0.5750127078643308,-0.4578645498405933,,,,,-14.031489903487596,4.590163934426217,-2.0,-0.5750127078643308,-0.4578645498405933,,,,,-14.031489903487596,4.590163934426217,-2.0,-0.5750127078643308,-0.4578645498405933,,,44999.999999998996,628875.4318491069,4.590163934426217,673875.4318491059,957388.7984023201,0.7038680972387203,4.590163934426217,False,False,rising,rising,sell_advantage_weakening,decelerating,rally_weakening,False,False,False,pass,S0,🌱 초발사 준비,발사 구조 관찰 또는 초기 준비,S0,False,,,2026-09-05T10:40:00Z,33961613178-1
KRW-AXS,엑시인피니티,1292.0,1291.4,1271.12,1466.0416666666667,-0.8902532617037551,-1.5954433885077886,11.912462697172089,-0.18851531771541333,-0.325469118889883,,,,,False,False,False,False,60.37613586119106,4.446240905416321,9.0,B급,2.0537124802527673,-19.0549073811124,0.0,-0.5738460149571467,0.32458185188651,False,False,False,False,2026-09-05T19:57:07.171995+09:00,1788605827,4483559.38097206,11397723.5931305,0.3933732332019648,24,0.0,complete,1788605305499,1788605954944,131966.07971178,133523.04936196,-0.005864532591643484,1276.0,1294.0,1.4106583072100332,1.2539184952978122,0.1545595054095827,11.11111111111076,complete_hourly_ordered,/v1/candles/minutes/60,120,False,8.713355048859928,1228.0,2026-08-31T23:00:00,1335.0,2026-09-01T21:00:00,D-4,2.921348314606742,36.44859813084104,True,False,-163.4832324301362,335.34756368768706,181262.82542720233,-19.0549073811124,2.0537124802527673,0.0,-0.5738460149571467,0.32458185188651,,-163.4832324301362,335.34756368768706,181262.82542720233,-19.0549073811124,2.0537124802527673,0.0,-0.5738460149571467,0.32458185188651,,-163.4832324301362,335.34756368768706,181262.82542720233,-19.0549073811124,2.0537124802527673,0.0,-0.5738460149571467,0.32458185188651,,-163.4832324301362,335.34756368768706,181262.82542720233,-19.0549073811124,2.0537124802527673,0.0,-0.5738460149571467,0.32458185188651,,-163.4832324301362,335.34756368768706,181262.82542720233,-19.0549073811124,2.0537124802527673,0.0,-0.5738460149571467,0.32458185188651,,-163.4832324301362,335.34756368768706,181262.82542720233,-19.0549073811124,2.0537124802527673,0.0,-0.5738460149571467,0.32458185188651,,-163.4832324301362,3453678.9463617704,11391439.105906459,2.0537124802527673,15881282.97410256,11514376.053114768,1.3792569307137137,2.0537124802527673,False,False,rising,rising,sell_advantage_accelerating,decelerating,rally_weakening,False,False,False,pass,S0,🌱 초발사 준비,발사 구조 관찰 또는 초기 준비,S0,False,,,2026-09-05T10:40:00Z,33961613178-1
KRW-ARDR,아더,30.1,29.393333333333334,27.445999999999998,38.41166666666666,0.409929401047604,-7.095144404770591,23.47810994923416,-0.9575922121778028,-1.1364412345642325,,,,,False,False,False,False,109.08836459950204,6.737588652482285,10.0,A급,-0.9868421052631526,-6.928726077928232,0.0,-0.4626308744977381,-0.8278195344936705,False,False,False,False,2026-09-05T19:57:07.171995+09:00,1788605827,5554.99999997,1077485.20441751,0.005155523228713884,4,0.0,complete,1788605296552,1788605754007,8347253.00689112,7504361.19717786,0.05317387862599487,30.2,30.4,0.6622516556291425,-0.3311258278145601,0.9868421052631486,149.99999999999832,complete_hourly_ordered,/v1/candles/minutes/60,120,False,23.10469314079424,27.7,2026-08-31T20:00:00,34.1,2026-09-02T13:00:00,D-3,11.730205278592376,62.499999999999964,False,False,,,,-6.928726077928232,-0.9868421052631526,0.0,-0.4626308744977381,-0.8278195344936705,,,,,-6.928726077928232,-0.9868421052631526,0.0,-0.4626308744977381,-0.8278195344936705,,,,,-6.928726077928232,-0.9868421052631526,0.0,-0.4626308744977381,-0.8278195344936705,,,,,-6.928726077928232,-0.9868421052631526,0.0,-0.4626308744977381,-0.8278195344936705,,,,,-6.928726077928232,-0.9868421052631526,0.0,-0.4626308744977381,-0.8278195344936705,,,,,-6.928726077928232,-0.9868421052631526,0.0,-0.4626308744977381,-0.8278195344936705,,,5554.99999997,1077485.20441751,-0.9868421052631526,1083040.20441748,4619783.710049994,0.23443526199319828,-0.9868421052631526,False,True,rising,rising,sell_advantage_weakening,decelerating,neutral,True,True,False,🔴 1차 급등 완료·상승분 반납 / 신규매수 금지,S3,🔴 1차 급등 완료·반납,당일/5D 급등 후 상승분 상당 부분 반납,S1,True,당일/5D 급등 후 상승분 상당 부분 반납,2026-09-05T19:57:07.171995+09:00,2026-09-05T10:40:00Z,33961613178-1
KRW-ME,매직에덴,87.2,88.80666666666666,89.042,102.95,-0.7377049180327999,0.2642947522891937,13.738060547191205,-0.11247542649074882,-0.4557975823280264,2.3497999566237,,,,False,True,False,False,-47.75852133294964,3.4400948991696323,6.0,관찰,0.92592592592593,-17.346266462216395,-2.0,-0.49235175818149735,0.052241722053503636,False,False,False,False,2026-09-05T19:57:07.171995+09:00,1788605827,1193646.138426522,1005293.47889802,1.187360868723599,4,0.0,complete,1788605029699,1788605984081,823402.27970129,973791.32602177,-0.08367993623033977,86.8,87.7,1.0368663594470195,0.4608294930875667,0.5701254275940707,55.555555555555316,complete_hourly_ordered,/v1/candles/minutes/60,120,False,6.529625151148721,82.7,2026-09-02T10:00:00,88.1,2026-09-04T09:00:00,D-1,1.1350737797956922,18.51851851851844,True,True,,,,-17.346266462216395,0.92592592592593,-2.0,-0.49235175818149735,0.052241722053503636,,,,,-17.346266462216395,0.92592592592593,-2.0,-0.49235175818149735,0.052241722053503636,,,,,-17.346266462216395,0.92592592592593,-2.0,-0.49235175818149735,0.052241722053503636,,,,,-17.346266462216395,0.92592592592593,-2.0,-0.49235175818149735,0.052241722053503636,,,,,-17.346266462216395,0.92592592592593,-2.0,-0.49235175818149735,0.052241722053503636,,,,,-17.346266462216395,0.92592592592593,-2.0,-0.49235175818149735,0.052241722053503636,,,1193646.138426522,1005293.47889802,0.92592592592593,2198939.6173245423,6910901.192278227,0.3181842072610571,0.92592592592593,False,False,rising,rising,buy_advantage_weakening,decelerating,rally_weakening,False,False,False,pass,S0,🌱 초발사 준비,발사 구조 관찰 또는 초기 준비,S0,False,,,2026-09-05T10:40:00Z,33961613178-1
KRW-TRUST,인튜이션,75.8,72.65333333333334,72.276,79.95583333333335,-0.045858937906995134,-0.5220727950264814,9.133167269430007,-0.11008943215336435,-0.4252372930870873,,,,,False,False,False,False,-31.177660762842628,0.7947019867549532,8.0,B급,2.2849462365591267,-53.15230574531242,-1.0,-0.19286371556229698,-0.2722538603010012,False,False,False,False,2026-09-05T19:57:07.171995+09:00,1788605827,623637.487743516,1657285.965211068,0.37630047006648665,13,0.0,complete,1788605728336,1788606041069,820142.66582409,764053.57345196,0.03540539421919203,74.7,76.2,2.008032128514059,1.4725568942436373,0.5249343832021072,26.66666666666696,complete_hourly_ordered,/v1/candles/minutes/60,120,False,9.206798866855515,70.6,2026-09-02T10:00:00,77.1,2026-09-04T09:00:00,D-1,1.6861219195849486,19.99999999999995,True,True,,-74.85309400639255,,-53.15230574531242,1.8817204301075252,-1.0,-0.19286371556229698,-0.2722538603010012,,,-74.85309400639255,,-53.15230574531242,1.8817204301075252,-1.0,-0.19286371556229698,-0.2722538603010012,,,-74.85309400639255,,-53.15230574531242,1.8817204301075252,-1.0,-0.19286371556229698,-0.2722538603010012,,,-74.85309400639255,,-53.15230574531242,1.8817204301075252,-1.0,-0.19286371556229698,-0.2722538603010012,,,-74.85309400639255,,-53.15230574531242,1.8817204301075252,-1.0,-0.19286371556229698,-0.2722538603010012,,,-74.85309400639255,,-53.15230574531242,1.8817204301075252,-1.0,-0.19286371556229698,-0.2722538603010012,,,-1856339.52375066,1657285.965211068,1.8817204301075252,2280923.452954584,1786385.009542252,1.2768375466490585,1.8817204301075252,False,False,falling,rising,sell_advantage_weakening,decelerating,rally_weakening,False,False,False,pass,S0,🌱 초발사 준비,발사 구조 관찰 또는 초기 준비,S0,False,,,2026-09-05T10:40:00Z,33961613178-1
KRW-SONIC,소닉SVM,30.5,29.1,28.44,38.410833333333336,0.34482758620690834,-2.3206751054852326,24.240123229123732,-1.095937683051788,-1.044373487135601,,,,,False,False,False,False,50.79940775400485,1.3289036544850363,8.0,B급,2.6936026936027035,-19.75746514574658,-1.0,-0.2806067431885051,-0.8358744424369817,False,False,False,False,2026-09-05T19:57:07.171995+09:00,1788605827,1342358.308183536,0.0,,3,0.0,complete,1788604934979,1788605495453,3165882.60909002,3108254.49648319,0.009185026026230744,30.3,30.5,0.660066006600668,0.660066006600668,0.0,0.0,complete_hourly_ordered,/v1/candles/minutes/60,120,False,12.751677852348987,29.8,2026-09-01T06:00:00,33.6,2026-09-01T12:00:00,D-4,9.226190476190476,81.57894736842111,False,True,,-38.61917382111759,,-19.75746514574658,2.6936026936027035,-1.0,-0.2806067431885051,-0.8358744424369817,,,-38.61917382111759,,-19.75746514574658,2.6936026936027035,-1.0,-0.2806067431885051,-0.8358744424369817,,,-38.61917382111759,,-19.75746514574658,2.6936026936027035,-1.0,-0.2806067431885051,-0.8358744424369817,,,-38.61917382111759,,-19.75746514574658,2.6936026936027035,-1.0,-0.2806067431885051,-0.8358744424369817,,,-38.61917382111759,,-19.75746514574658,2.6936026936027035,-1.0,-0.2806067431885051,-0.8358744424369817,,,-38.61917382111759,,-19.75746514574658,2.6936026936027035,-1.0,-0.2806067431885051,-0.8358744424369817,,,-844575.9378161761,0.0,2.6936026936027035,1342358.308183536,2691001.769935284,0.49883219074055773,2.6936026936027035,False,False,falling,flat_or_na,buy_only,decelerating,neutral,False,True,False,pass,S0,🌱 초발사 준비,발사 구조 관찰 또는 초기 준비,S3,True,발사 구조 관찰 또는 초기 준비,2026-09-05T19:57:07.171995+09:00,2026-09-05T10:40:00Z,33961613178-1
KRW-ARB,아비트럼,183.0,145.8,125.18,134.725,2.244039270687259,-16.47227991691964,-8.220449062905931,-2.327327014570384,-3.010885057857574,,,,,False,False,False,False,176.00553342504864,21.19205298013245,8.0,B급,1.6666666666666607,-174.8901740427887,0.0,-0.39511619956225097,-2.5516828531986278,False,False,False,False,2026-09-05T19:57:07.171995+09:00,1788605827,2955904.8753321404,58435075.74455044,0.05058442789145873,35,0.0,complete,1788604929102,1788605939752,3530887.07354936,2943025.70564305,0.09080464750710512,180.0,188.0,4.444444444444451,1.6666666666666607,2.6595744680851063,62.50000000000019,complete_hourly_ordered,/v1/candles/minutes/60,120,False,70.33898305084745,118.0,2026-08-31T20:00:00,201.0,2026-09-04T10:00:00,D-1,9.452736318407961,22.891566265060213,True,False,-0.0366121617991851,129.55114675593987,295.6964226153521,-174.8901740427887,1.6666666666666607,0.0,-0.39511619956225097,-2.5516828531986278,,-0.0366121617991851,129.55114675593987,295.6964226153521,-174.8901740427887,1.6666666666666607,0.0,-0.39511619956225097,-2.5516828531986278,,-0.0366121617991851,129.55114675593987,295.6964226153521,-174.8901740427887,1.6666666666666607,0.0,-0.39511619956225097,-2.5516828531986278,,-0.0366121617991851,129.55114675593987,295.6964226153521,-174.8901740427887,1.6666666666666607,0.0,-0.39511619956225097,-2.5516828531986278,,-0.0366121617991851,129.55114675593987,295.6964226153521,-174.8901740427887,1.6666666666666607,0.0,-0.39511619956225097,-2.5516828531986278,,-0.0366121617991851,129.55114675593987,295.6964226153521,-174.8901740427887,1.6666666666666607,0.0,-0.39511619956225097,-2.5516828531986278,,-0.0366121617991851,1668215.8713321404,43667422.461681634,1.6666666666666607,61390980.619882576,109724154.55021316,0.5595028813075809,1.6666666666666607,False,True,rising,rising,sell_advantage_accelerating,decelerating,rally_weakening,False,False,False,pass,S0,🌱 초발사 준비,발사 구조 관찰 또는 초기 준비,S0,False,,,2026-09-05T10:40:00Z,33961613178-1
KRW-POL,폴리곤에코시스템토큰,129.0,141.86666666666667,119.24,121.89166666666667,-0.09389671361501595,-18.975735211897586,-16.387502563751973,-0.5099742459157965,-0.7584867244744368,,,,,False,False,False,False,-14.734831275012784,3.200000000000003,7.0,B급,1.5748031496062964,-67.06999943341378,-1.0,-0.8031165717710342,-0.05762817817031873,False,False,False,False,2026-09-05T19:57:07.171995+09:00,1788605827,90879.62604601998,1044786.49521297,0.08698392108092383,11,0.0,complete,1788605163175,1788605908390,7060722.42164007,5001398.64869796,0.1707265049764916,127.0,131.0,3.149606299212593,1.5748031496062964,1.5267175572519083,50.0,complete_hourly_ordered,/v1/candles/minutes/60,120,False,10.924369747899165,119.0,2026-08-31T23:00:00,132.0,2026-09-04T00:00:00,D-1,2.2727272727272707,23.076923076923194,False,True,,,,-67.06999943341378,1.5748031496062964,-1.0,-0.8031165717710342,-0.05762817817031873,,,,,-67.06999943341378,1.5748031496062964,-1.0,-0.8031165717710342,-0.05762817817031873,,,,,-67.06999943341378,1.5748031496062964,-1.0,-0.8031165717710342,-0.05762817817031873,,,,,-67.06999943341378,1.5748031496062964,-1.0,-0.8031165717710342,-0.05762817817031873,,,,,-67.06999943341378,1.5748031496062964,-1.0,-0.8031165717710342,-0.05762817817031873,,,,,-67.06999943341378,1.5748031496062964,-1.0,-0.8031165717710342,-0.05762817817031873,,,90879.62604601998,1044786.49521297,1.5748031496062964,1135666.12125899,23745133.526275296,0.047827320911980255,1.5748031496062964,False,False,rising,rising,sell_advantage_weakening,decelerating,rally_weakening,False,False,False,pass,S0,🌱 초발사 준비,발사 구조 관찰 또는 초기 준비,S0,False,,,2026-09-05T10:40:00Z,33961613178-1
KRW-CVC,시빅,28.9,27.733333333333334,26.74,32.62833333333334,0.2892960462873795,-3.7147843430566043,15.00229861572254,-0.9601857917386536,-1.1100670905600578,,,13.514767479642593,,False,False,False,False,379.680859687012,6.25,11.0,A급,-0.34482758620689724,-16.983021731685994,-1.0,-0.6098534069325368,-0.5774299462659762,False,True,False,False,2026-09-05T19:57:07.171995+09:00,1788605827,1025219.9999996099,4064888.8888888354,0.252213535971917,13,0.0,complete,1788605140284,1788605963175,1934594.95780633,4714532.74314471,-0.4180905993038393,28.4,29.1,2.464788732394374,1.760563380281699,0.6872852233677073,28.57142857142844,complete_hourly_ordered,/v1/candles/minutes/60,120,False,12.267657992565063,26.9,2026-08-31T22:00:00,30.2,2026-09-02T15:00:00,D-3,3.9735099337748325,36.36363636363629,True,True,,,,-16.983021731685994,-0.34482758620689724,-1.0,-0.6098534069325368,-0.5774299462659762,1.0713109512317782,,,,-16.983021731685994,-0.34482758620689724,-1.0,-0.6098534069325368,-0.5774299462659762,1.0713109512317782,,,,-16.983021731685994,-0.34482758620689724,-1.0,-0.6098534069325368,-0.5774299462659762,1.0713109512317782,,,,-16.983021731685994,-0.34482758620689724,-1.0,-0.6098534069325368,-0.5774299462659762,1.0713109512317782,,,,-16.983021731685994,-0.34482758620689724,-1.0,-0.6098534069325368,-0.5774299462659762,1.0713109512317782,,,,-16.983021731685994,-0.34482758620689724,-1.0,-0.6098534069325368,-0.5774299462659762,1.0713109512317782,,1025219.9999996099,4064888.8888888354,-0.34482758620689724,5090108.888888446,5611893.364079928,0.9070216696326999,-0.34482758620689724,False,True,rising,rising,sell_advantage_weakening,decelerating,neutral,False,False,False,pass,S1,⚡ 선행 시동,가격 미급등 상태에서 선행조건 3개 개선,S1,False,,,2026-09-05T10:40:00Z,33961613178-1
KRW-T,쓰레스홀드,5.83,5.432666666666667,5.155399999999999,5.949166666666667,0.5056734089788018,-5.378179514037082,8.681888219638601,-1.6933164550027153,-1.8643116389157703,,,4.656886777088264,,False,False,False,False,9426.708879932181,18.016194331983804,10.0,A급,-1.85185185185186,-636.5165339684936,-1.0,-0.679308504455145,-0.8467674522466186,False,True,False,False,2026-09-05T19:57:07.171995+09:00,1788605827,15327977.934736324,13641009.316930233,1.1236689000506985,44,0.0,complete,1788605199451,1788606036921,28066570.08587972,24628657.20360585,0.06524144707427512,5.9,5.91,0.16949152542371504,-1.1864406779661052,1.3536379018612532,800.000000000059,complete_hourly_ordered,/v1/candles/minutes/60,120,False,71.34146341463415,4.92,2026-09-01T04:00:00,8.43,2026-09-02T20:00:00,D-3,30.84223013048636,74.07407407407406,True,False,0.7595217607028768,328.2341971412188,38.777764386689114,-636.5165339684936,-1.85185185185186,-1.0,-0.679308504455145,-0.8467674522466186,-0.03348897622749547,0.7595217607028768,328.2341971412188,38.777764386689114,-636.5165339684936,-1.85185185185186,-1.0,-0.679308504455145,-0.8467674522466186,-0.03348897622749547,0.7595217607028768,328.2341971412188,38.777764386689114,-636.5165339684936,-1.85185185185186,-1.0,-0.679308504455145,-0.8467674522466186,-0.03348897622749547,0.7595217607028768,328.2341971412188,38.777764386689114,-636.5165339684936,-1.85185185185186,-1.0,-0.679308504455145,-0.8467674522466186,-0.03348897622749547,0.7595217607028768,328.2341971412188,38.777764386689114,-636.5165339684936,-1.85185185185186,-1.0,-0.679308504455145,-0.8467674522466186,-0.03348897622749547,0.7595217607028768,328.2341971412188,38.777764386689114,-636.5165339684936,-1.85185185185186,-1.0,-0.679308504455145,-0.8467674522466186,-0.03348897622749547,0.7595217607028768,11748633.259074746,3811618.1480964087,-1.85185185185186,28968987.251666557,80706383.13746534,0.3589429500554416,-1.85185185185186,False,True,rising,rising,buy_advantage_accelerating,decelerating,neutral,True,True,False,🔴 1차 급등 완료·상승분 반납 / 신규매수 금지,S3,🔴 1차 급등 완료·반납,당일/5D 급등 후 상승분 상당 부분 반납,S3,False,,,2026-09-05T10:40:00Z,33961613178-1
KRW-W,웜홀,13.6,13.093333333333334,12.527999999999999,14.821666666666665,0.10193679918450993,-4.512558535547055,11.660856853705152,-0.7470138466107314,-0.897109579518203,,,12.998252521133116,,False,False,False,False,-5.655983766735262,7.086614173228356,10.0,A급,1.4925373134328401,25.0547754015123,-1.0,-0.4098339275299123,-0.4447596153035711,False,False,False,False,2026-09-05T19:57:07.171995+09:00,1788605827,1013122.0991999999,0.0,,9,0.0,complete,1788605149439,1788606044391,21726006.10085384,15951847.3750216,0.15325073466643607,13.1,13.7,4.580152671755733,3.8167938931297662,0.7299270072992675,16.66666666666691,complete_hourly_ordered,/v1/candles/minutes/60,120,False,9.599999999999987,12.5,2026-08-31T22:00:00,13.7,2026-09-02T05:00:00,D-3,0.7299270072992692,8.33333333333313,False,False,,,,25.0547754015123,1.4925373134328401,-1.0,-0.4098339275299123,-0.4447596153035711,1.7202631612979697,,,,25.0547754015123,1.4925373134328401,-1.0,-0.4098339275299123,-0.4447596153035711,1.7202631612979697,,,,25.0547754015123,1.4925373134328401,-1.0,-0.4098339275299123,-0.4447596153035711,1.7202631612979697,,,,25.0547754015123,1.4925373134328401,-1.0,-0.4098339275299123,-0.4447596153035711,1.7202631612979697,,,,25.0547754015123,1.4925373134328401,-1.0,-0.4098339275299123,-0.4447596153035711,1.7202631612979697,,,,25.0547754015123,1.4925373134328401,-1.0,-0.4098339275299123,-0.4447596153035711,1.7202631612979697,,1013122.0991999999,0.0,1.4925373134328401,1013122.0991999999,4597361.938115162,0.22037031515847158,1.4925373134328401,False,False,rising,flat_or_na,buy_only,accelerating,neutral,False,False,False,pass,S0,🌱 초발사 준비,발사 구조 관찰 또는 초기 준비,S0,False,,,2026-09-05T10:40:00Z,33961613178-1
KRW-ARK,아크,161.0,153.4,141.98,173.79166666666666,0.5681818181818121,-8.043386392449653,11.733397266842475,-1.1826486897583306,-1.4021039443820231,,,8.368421837664801,,False,False,False,False,99.82016843478067,5.921052631578938,13.0,A급,1.2578616352201255,92.81467273054062,1.0,-0.5817518394917842,-0.9931816303145471,False,False,False,False,2026-09-05T19:57:07.171995+09:00,1788605827,349853.0,337679.99999874,1.0360489220602507,13,0.0,complete,1788605371748,1788606052228,1562121.75186057,2227877.00180073,-0.1756610735813599,161.0,162.0,0.6211180124223503,0.0,0.6172839506172839,100.0,complete_hourly_ordered,/v1/candles/minutes/60,120,False,14.093959731543615,149.0,2026-09-02T03:00:00,170.0,2026-09-04T16:00:00,D-1,5.294117647058827,42.85714285714274,False,False,,-93.58029342817005,,92.81467273054062,1.2578616352201255,1.0,-0.5817518394917842,-0.9931816303145471,-0.13087425502828864,,-93.58029342817005,,92.81467273054062,1.2578616352201255,1.0,-0.5817518394917842,-0.9931816303145471,-0.13087425502828864,,-93.58029342817005,,92.81467273054062,1.2578616352201255,1.0,-0.5817518394917842,-0.9931816303145471,-0.13087425502828864,,-93.58029342817005,,92.81467273054062,1.2578616352201255,1.0,-0.5817518394917842,-0.9931816303145471,-0.13087425502828864,,-93.58029342817005,,92.81467273054062,1.2578616352201255,1.0,-0.5817518394917842,-0.9931816303145471,-0.13087425502828864,,-93.58029342817005,,92.81467273054062,1.2578616352201255,1.0,-0.5817518394917842,-0.9931816303145471,-0.13087425502828864,,-5099819.75506291,337679.99999874,1.2578616352201255,687532.9999987399,12711950.42564606,0.0540855633460982,1.2578616352201255,False,False,falling,rising,buy_advantage_weakening,accelerating,neutral,False,False,False,pass,S1,⚡ 선행 시동,가격 미급등 상태에서 선행조건 3개 개선,S0,True,가격 미급등 상태에서 선행조건 3개 개선,2026-09-05T19:57:07.171995+09:00,2026-09-05T10:40:00Z,33961613178-1
KRW-AVNT,아반티스,145.0,141.4,132.64,157.68333333333334,0.09438414346389923,-6.604342581423417,10.326603953070498,-0.5527300465699192,-0.9129951027243353,,,11.310689315042751,,False,False,False,False,-1.8377448505544125,5.072463768115942,10.0,A급,5.072463768115942,-34.13027764333787,-1.0,-0.23736941103846831,-0.5928153610469096,False,False,False,False,2026-09-05T19:57:07.171995+09:00,1788605827,6962612.5898783505,527892.21459585,13.189458751932666,16,0.0,complete,1788605202660,1788605549178,2041176.22500535,3245395.74234391,-0.22778835222068633,140.0,146.0,4.285714285714293,3.571428571428581,0.684931506849315,16.66666666666658,complete_hourly_ordered,/v1/candles/minutes/60,120,False,10.370370370370363,135.0,2026-09-01T01:00:00,149.0,2026-09-04T04:00:00,D-1,2.684563758389258,28.57142857142842,True,True,,,,-34.13027764333787,5.072463768115942,-1.0,-0.23736941103846831,-0.5928153610469096,-0.0022709838020045225,,,,-34.13027764333787,5.072463768115942,-1.0,-0.23736941103846831,-0.5928153610469096,-0.0022709838020045225,,,,-34.13027764333787,5.072463768115942,-1.0,-0.23736941103846831,-0.5928153610469096,-0.0022709838020045225,,,,-34.13027764333787,5.072463768115942,-1.0,-0.23736941103846831,-0.5928153610469096,-0.0022709838020045225,,,,-34.13027764333787,5.072463768115942,-1.0,-0.23736941103846831,-0.5928153610469096,-0.0022709838020045225,,,,-34.13027764333787,5.072463768115942,-1.0,-0.23736941103846831,-0.5928153610469096,-0.0022709838020045225,,6962612.5898783505,527892.21459585,5.072463768115942,7490504.8044742,5523394.84606568,1.356141469735718,5.072463768115942,False,False,rising,rising,buy_advantage_weakening,decelerating,rally_weakening,False,False,False,pass,S0,🌱 초발사 준비,발사 구조 관찰 또는 초기 준비,S0,False,,,2026-09-05T10:40:00Z,33961613178-1
KRW-LA,라그랑주,93.9,81.99333333333334,78.87,107.7925,0.44099632503062924,-3.960103123283041,23.93410178506544,-0.5903593643101351,-1.2611013631866768,,,,,False,False,False,False,346.6553162459734,11.005917159763312,10.0,A급,2.6258205689277725,-823.8733996141559,1.0,-0.4325820497839139,-1.041763612810719,False,True,False,False,2026-09-05T19:57:07.171995+09:00,1788605827,7100564.868977822,42760367.51225802,0.16605481388676838,102,0.0,complete,1788604972160,1788606058395,3331520.88255649,1479405.55360653,0.38498101218673475,92.4,99.8,8.008658008658,1.6233766233766156,5.911823647294581,79.7297297297298,complete_hourly_ordered,/v1/candles/minutes/60,120,False,28.94056847545219,77.4,2026-09-02T03:00:00,99.8,2026-09-05T10:00:00,D0,6.212424849699405,27.67857142857143,False,True,-0.7958232548334951,-81.16656649325637,9.093294104625382,-823.8733996141559,2.7352297592997843,1.0,-0.4325820497839139,-1.041763612810719,,-0.7958232548334951,-81.16656649325637,9.093294104625382,-823.8733996141559,2.7352297592997843,1.0,-0.4325820497839139,-1.041763612810719,,-0.7958232548334951,-81.16656649325637,9.093294104625382,-823.8733996141559,2.7352297592997843,1.0,-0.4325820497839139,-1.041763612810719,,-0.7958232548334951,-81.16656649325637,9.093294104625382,-823.8733996141559,2.7352297592997843,1.0,-0.4325820497839139,-1.041763612810719,,-0.7958232548334951,-81.16656649325637,9.093294104625382,-823.8733996141559,2.7352297592997843,1.0,-0.4325820497839139,-1.041763612810719,,-0.7958232548334951,-81.16656649325637,9.093294104625382,-823.8733996141559,2.7352297592997843,1.0,-0.4325820497839139,-1.041763612810719,,-0.7958232548334951,-30601348.945278876,3564220.890038602,2.7352297592997843,49860932.381235845,139468547.8551523,0.3575066432398784,2.7352297592997843,False,True,falling,rising,sell_advantage_accelerating,decelerating,rally_weakening,False,False,False,pass,S1,⚡ 선행 시동,가격 미급등 상태에서 선행조건 3개 개선,S0,True,가격 미급등 상태에서 선행조건 3개 개선,2026-09-05T19:57:07.171995+09:00,2026-09-05T10:40:00Z,33961613178-1
KRW-HYPER,하이퍼레인,92.1,90.61333333333333,90.58,111.54666666666667,-0.4394960445356033,-0.03679988224037474,18.766435572555583,-0.2306159009007256,-0.3832200146310605,,,,,False,False,False,False,-41.5904761026237,2.3333333333333206,7.0,B급,3.483146067415732,-240.7410940850205,-2.0,-0.322314266302115,-0.16417127387891028,False,False,False,False,2026-09-05T19:57:07.171995+09:00,1788605827,1128819.6202529157,61844.1204,18.252658667499063,18,0.0,complete,1788605551188,1788606065678,783023.55458163,921927.99045877,-0.08147119270410026,90.4,92.9,2.765486725663724,1.880530973451311,0.8611410118407011,32.000000000000774,complete_hourly_ordered,/v1/candles/minutes/60,120,False,5.929304446978345,87.7,2026-09-02T10:00:00,92.9,2026-09-05T17:00:00,D0,0.8611410118407048,15.384615384615874,False,False,18.252658667499063,,76.69748685997003,-240.7410940850205,3.483146067415732,-2.0,-0.322314266302115,-0.16417127387891028,,18.252658667499063,,76.69748685997003,-240.7410940850205,3.483146067415732,-2.0,-0.322314266302115,-0.16417127387891028,,18.252658667499063,,76.69748685997003,-240.7410940850205,3.483146067415732,-2.0,-0.322314266302115,-0.16417127387891028,,18.252658667499063,,76.69748685997003,-240.7410940850205,3.483146067415732,-2.0,-0.322314266302115,-0.16417127387891028,,18.252658667499063,,76.69748685997003,-240.7410940850205,3.483146067415732,-2.0,-0.322314266302115,-0.16417127387891028,,18.252658667499063,,76.69748685997003,-240.7410940850205,3.483146067415732,-2.0,-0.322314266302115,-0.16417127387891028,,18.252658667499063,1128819.6202529157,26844.12040056,3.483146067415732,1190663.7406529156,1562652.7468868615,0.7619503072739432,3.483146067415732,False,False,rising,rising,buy_advantage_accelerating,decelerating,rally_weakening,False,False,False,pass,S0,🌱 초발사 준비,발사 구조 관찰 또는 초기 준비,S0,False,,,2026-09-05T10:40:00Z,33961613178-1
KRW-ATH,에이셔,6.27,6.6146666666666665,6.1026,7.000166666666667,-0.29142799718622214,-8.390959044778729,5.5070117378157715,-0.683460274227936,-0.9365797239230307,,,5.879917744480602,,False,False,False,False,-17.902200602710273,-5.555555555555558,10.0,A급,1.12540192926045,-19.454884147226373,-1.0,-0.7257275628866466,-0.2325967744359998,False,False,False,False,2026-09-05T19:57:07.171995+09:00,1788605827,9714130.551888786,13952294.056294378,0.6962389491430189,71,0.0,complete,1788605345974,1788606040960,16222723.45947994,15759946.45694324,0.014469617569328134,6.29,6.37,1.2718600953895098,-0.31796502384738856,1.5698587127158639,125.00000000000087,complete_hourly_ordered,/v1/candles/minutes/60,120,False,6.612903225806455,6.2,2026-09-02T19:00:00,6.61,2026-09-04T00:00:00,D-1,5.597579425113464,90.24390243902454,True,True,0.5416893881705395,1505.41284076394,256.36594307894836,-19.454884147226373,0.8038585209003246,-1.0,-0.7257275628866466,-0.2325967744359998,0.9836947286814004,0.5416893881705395,1505.41284076394,256.36594307894836,-19.454884147226373,0.8038585209003246,-1.0,-0.7257275628866466,-0.2325967744359998,0.9836947286814004,0.5416893881705395,1505.41284076394,256.36594307894836,-19.454884147226373,0.8038585209003246,-1.0,-0.7257275628866466,-0.2325967744359998,0.9836947286814004,0.5416893881705395,1505.41284076394,256.36594307894836,-19.454884147226373,0.8038585209003246,-1.0,-0.7257275628866466,-0.2325967744359998,0.9836947286814004,0.5416893881705395,1505.41284076394,256.36594307894836,-19.454884147226373,0.8038585209003246,-1.0,-0.7257275628866466,-0.2325967744359998,0.9836947286814004,0.5416893881705395,1505.41284076394,256.36594307894836,-19.454884147226373,0.8038585209003246,-1.0,-0.7257275628866466,-0.2325967744359998,0.9836947286814004,0.5416893881705395,9109044.414215544,10037134.842215544,0.8038585209003246,23666424.608183164,4564211.235183964,5.185216763358078,0.8038585209003246,False,False,rising,rising,sell_advantage_weakening,decelerating,rally_weakening,False,False,False,pass,S1,⚡ 선행 시동,가격 미급등 상태에서 선행조건 4개 개선,S0,True,가격 미급등 상태에서 선행조건 4개 개선,2026-09-05T19:57:07.171995+09:00,2026-09-05T10:40:00Z,33961613178-1
KRW-TAIKO,타이코,108.0,103.40666666666667,104.536,126.82833333333333,-0.0644288383480407,1.0803295834289957,18.467219469887116,-0.49206656813914285,-0.5191619081111419,2.195494783387739,,,,False,False,False,False,340.9280030142057,5.882352941176472,7.0,B급,-0.917431192660545,33.006812128116735,0.0,-0.4525020548282188,-0.32627187108500166,False,True,False,False,2026-09-05T19:57:07.171995+09:00,1788605827,43434.78269688,0.0,,2,0.0,complete,1788605120794,1788605720842,1778800.74998835,3568832.16711852,-0.3347334128720632,109.0,110.0,0.917431192660545,-0.917431192660545,1.8181818181818181,200.0,complete_hourly_ordered,/v1/candles/minutes/60,120,False,15.999999999999993,100.0,2026-08-31T23:00:00,116.0,2026-09-04T19:00:00,D-1,6.896551724137934,49.999999999999936,False,False,,-95.34433775770586,,33.006812128116735,-0.917431192660545,0.0,-0.4525020548282188,-0.32627187108500166,,,-95.34433775770586,,33.006812128116735,-0.917431192660545,0.0,-0.4525020548282188,-0.32627187108500166,,,-95.34433775770586,,33.006812128116735,-0.917431192660545,0.0,-0.4525020548282188,-0.32627187108500166,,,-95.34433775770586,,33.006812128116735,-0.917431192660545,0.0,-0.4525020548282188,-0.32627187108500166,,,-95.34433775770586,,33.006812128116735,-0.917431192660545,0.0,-0.4525020548282188,-0.32627187108500166,,,-95.34433775770586,,33.006812128116735,-0.917431192660545,0.0,-0.4525020548282188,-0.32627187108500166,,,-889510.53069589,0.0,-0.917431192660545,43434.78269688,6298343.99883111,0.006896222674553966,-0.917431192660545,False,True,falling,flat_or_na,buy_only,accelerating,neutral,False,False,False,pass,S0,🌱 초발사 준비,발사 구조 관찰 또는 초기 준비,S0,False,,,2026-09-05T10:40:00Z,33961613178-1
KRW-AVAX,아발란체,10250.0,10184.0,9586.9,10621.75,-0.3132341425215346,-6.228290688335128,4.121260620895804,-0.19387984992912805,-0.5484758553326607,,,7.514023782133824,,False,False,False,False,14.187013984746088,3.060712493728057,11.0,A급,1.8849206349206282,-0.8008016602138568,0.0,-0.339350622020107,-0.047132776606757076,False,False,False,False,2026-09-05T19:57:07.171995+09:00,1788605827,3340144.7367818,8930132.0824257,0.3740308324616083,16,0.0,complete,1788604985548,1788606071322,35431.04164709,12522.7067572,0.4777172932708758,10120.0,10300.0,1.7786561264822032,1.2845849802371578,0.48543689320388345,27.777777777777153,complete_hourly_ordered,/v1/candles/minutes/60,120,False,6.666666666666665,9675.0,2026-09-02T19:00:00,10320.0,2026-09-04T01:00:00,D-1,0.4844961240310086,7.7519379844960286,True,False,0.3740308324616083,,8821.272818876232,-0.8008016602138568,1.6865079365079305,0.0,-0.339350622020107,-0.047132776606757076,2.1449827598328843,0.3740308324616083,,8821.272818876232,-0.8008016602138568,1.6865079365079305,0.0,-0.339350622020107,-0.047132776606757076,2.1449827598328843,0.3740308324616083,,8821.272818876232,-0.8008016602138568,1.6865079365079305,0.0,-0.339350622020107,-0.047132776606757076,2.1449827598328843,0.3740308324616083,,8821.272818876232,-0.8008016602138568,1.6865079365079305,0.0,-0.339350622020107,-0.047132776606757076,2.1449827598328843,0.3740308324616083,,8821.272818876232,-0.8008016602138568,1.6865079365079305,0.0,-0.339350622020107,-0.047132776606757076,2.1449827598328843,0.3740308324616083,,8821.272818876232,-0.8008016602138568,1.6865079365079305,0.0,-0.339350622020107,-0.047132776606757076,2.1449827598328843,0.3740308324616083,3340144.7367818,8830032.777497701,1.6865079365079305,12270276.8192075,25616715.0253166,0.4789949377615739,1.6865079365079305,False,True,rising,rising,sell_advantage_weakening,decelerating,rally_weakening,False,False,False,pass,S1,⚡ 선행 시동,가격 미급등 상태에서 선행조건 3개 개선,S1,False,,,2026-09-05T10:40:00Z,33961613178-1
KRW-XAUT,테더골드,6049000.0,6209733.333333333,6065760.0,6272633.333333333,-0.2687452487767361,-2.3735415402741458,1.0027686404965486,0.18340669088978562,0.02252311611704234,,12.941411945000826,,,False,False,False,False,40.561983397794464,-1.1437908496731986,8.0,B급,-0.1485393629311771,-6.258256294465681,0.0,-0.10945680841367711,0.14633477062034606,False,False,False,False,2026-09-05T19:57:07.171995+09:00,1788605827,999999.9625,1214406.46785,0.8234474938777395,9,0.0,complete,1788605275948,1788606079302,8.2634268,65.07224599,-0.7746410038764437,6072000.0,6075000.0,0.049407114624511195,-0.37878787878787845,0.4279835390946502,866.6666666665843,complete_hourly_ordered,/v1/candles/minutes/60,120,False,4.487722269263328,5905000.0,2026-09-02T12:00:00,6170000.0,2026-09-04T00:00:00,D-1,1.9773095623986991,46.0377358490566,False,False,,9900.00684500494,,-6.258256294465681,-0.165043736590198,0.0,-0.10945680841367711,0.14633477062034606,,,9900.00684500494,,-6.258256294465681,-0.165043736590198,0.0,-0.10945680841367711,0.14633477062034606,,,9900.00684500494,,-6.258256294465681,-0.165043736590198,0.0,-0.10945680841367711,0.14633477062034606,,,9900.00684500494,,-6.258256294465681,-0.165043736590198,0.0,-0.10945680841367711,0.14633477062034606,,,9900.00684500494,,-6.258256294465681,-0.165043736590198,0.0,-0.10945680841367711,0.14633477062034606,,,9900.00684500494,,-6.258256294465681,-0.165043736590198,0.0,-0.10945680841367711,0.14633477062034606,,,989999.96972,1214406.46785,-0.165043736590198,2214406.43035,1077063.354335,2.0559667371816004,-0.165043736590198,False,False,rising,rising,sell_advantage_weakening,decelerating,neutral,False,False,False,pass,S0,🌱 초발사 준비,발사 구조 관찰 또는 초기 준비,S0,False,,,2026-09-05T10:40:00Z,33961613178-1
KRW-CPOOL,클리어풀,27.4,27.153333333333332,26.552,33.10916666666667,0.024557956778004097,-2.264738375012552,17.98847247741059,-0.7558888646052278,-0.8037158824037618,,,,,False,False,False,False,-82.24955069394937,0.7352941176470562,7.0,B급,-0.363636363636366,-36.965308523000935,-1.0,-0.5680346358146071,-0.3764208198542107,False,False,False,False,2026-09-05T19:57:07.171995+09:00,1788605827,1706231.8142969818,1601577.999999794,1.065344188230109,4,0.0,complete,1788605033062,1788605420207,4361820.71080484,5821902.82039965,-0.14337409152172045,27.3,27.8,1.831501831501825,0.366300366300365,1.438848920863317,80.0,complete_hourly_ordered,/v1/candles/minutes/60,120,False,9.23076923076922,26.0,2026-09-01T00:00:00,28.4,2026-09-01T09:00:00,D-4,3.5211267605633756,41.666666666666565,False,True,-6.198717577279885,95.36504668663943,1232.0988480832305,-36.965308523000935,-0.363636363636366,-1.0,-0.5680346358146071,-0.3764208198542107,,-6.198717577279885,95.36504668663943,1232.0988480832305,-36.965308523000935,-0.363636363636366,-1.0,-0.5680346358146071,-0.3764208198542107,,-6.198717577279885,95.36504668663943,1232.0988480832305,-36.965308523000935,-0.363636363636366,-1.0,-0.5680346358146071,-0.3764208198542107,,-6.198717577279885,95.36504668663943,1232.0988480832305,-36.965308523000935,-0.363636363636366,-1.0,-0.5680346358146071,-0.3764208198542107,,-6.198717577279885,95.36504668663943,1232.0988480832305,-36.965308523000935,-0.363636363636366,-1.0,-0.5680346358146071,-0.3764208198542107,,-6.198717577279885,95.36504668663943,1232.0988480832305,-36.965308523000935,-0.363636363636366,-1.0,-0.5680346358146071,-0.3764208198542107,,-6.198717577279885,832876.0921581418,1481348.3336875439,-0.363636363636366,3307809.8142967755,1740641.3842482879,1.9003396358551385,-0.363636363636366,False,False,rising,rising,buy_advantage_weakening,decelerating,neutral,False,True,False,pass,S0,🌱 초발사 준비,발사 구조 관찰 또는 초기 준비,S0,False,,,2026-09-05T10:40:00Z,33961613178-1
KRW-IMX,이뮤터블엑스,172.0,175.4,167.22,199.075,0.11415525114155667,-4.891759358928362,11.892502825568245,-1.1020968881290374,-1.0347245326875742,,,11.493399885551066,,False,False,False,False,72.45439181366733,0.0,11.0,A급,0.5847953216374213,30.191007558705095,-1.0,-0.6527159145025996,-0.4819397201742657,False,False,False,False,2026-09-05T19:57:07.171995+09:00,1788605827,0.0,34999.99999948,0.0,1,0.0,complete,1788605995549,1788605995549,417356.99602634,517239.7605172,-0.10687257770962183,171.0,173.0,1.1695906432748648,0.5847953216374213,0.5780346820809248,50.000000000000945,complete_hourly_ordered,/v1/candles/minutes/60,120,False,6.626506024096379,166.0,2026-09-02T19:00:00,177.0,2026-09-04T01:00:00,D-1,2.824858757062143,45.45454545454539,False,False,,,,30.191007558705095,0.5847953216374213,-1.0,-0.6527159145025996,-0.4819397201742657,0.9404959311117249,,,,30.191007558705095,0.5847953216374213,-1.0,-0.6527159145025996,-0.4819397201742657,0.9404959311117249,,,,30.191007558705095,0.5847953216374213,-1.0,-0.6527159145025996,-0.4819397201742657,0.9404959311117249,,,,30.191007558705095,0.5847953216374213,-1.0,-0.6527159145025996,-0.4819397201742657,0.9404959311117249,,,,30.191007558705095,0.5847953216374213,-1.0,-0.6527159145025996,-0.4819397201742657,0.9404959311117249,,,,30.191007558705095,0.5847953216374213,-1.0,-0.6527159145025996,-0.4819397201742657,0.9404959311117249,,0.0,34999.99999948,0.5847953216374213,34999.99999948,965426.0372310751,0.03625342455012195,0.5847953216374213,False,True,flat_or_na,rising,sell_only,accelerating,neutral,False,False,False,pass,S0,🌱 초발사 준비,발사 구조 관찰 또는 초기 준비,S1,True,발사 구조 관찰 또는 초기 준비,2026-09-05T19:57:07.171995+09:00,2026-09-05T10:40:00Z,33961613178-1
KRW-SC,시아코인,0.994,0.9484666666666667,0.80164,1.0015,1.7668097281831052,-18.315785972090545,5.295390247961395,-2.455521341121951,-2.491970599070522,,,2.1249810290444513,,False,False,False,False,3424.257215230638,20.777642770352365,12.0,A급,2.579979360165119,1762.9602777496505,-2.0,-0.3299173320155946,-2.0329641257589968,False,True,False,True,2026-09-05T19:57:07.171995+09:00,1788605827,1336483.0481272992,1330150.788316845,1.0047605578751466,9,0.0,complete,1788605158670,1788605507659,55280157.66562426,510846009.01915586,-0.8047072864010388,0.973,1.04,6.885919835560128,2.158273381294973,4.423076923076927,68.65671641791035,complete_hourly_ordered,/v1/candles/minutes/60,120,False,84.14634146341464,0.82,2026-09-01T08:00:00,1.51,2026-09-01T18:00:00,D-4,34.17218543046358,74.78260869565217,False,True,0.5886335306819663,181.56699185383783,16.612494745661998,1762.9602777496505,2.579979360165119,-2.0,-0.3299173320155946,-2.0329641257589968,-0.3414019134081703,0.5886335306819663,181.56699185383783,16.612494745661998,1762.9602777496505,2.579979360165119,-2.0,-0.3299173320155946,-2.0329641257589968,-0.3414019134081703,0.5886335306819663,181.56699185383783,16.612494745661998,1762.9602777496505,2.579979360165119,-2.0,-0.3299173320155946,-2.0329641257589968,-0.3414019134081703,0.5886335306819663,181.56699185383783,16.612494745661998,1762.9602777496505,2.579979360165119,-2.0,-0.3299173320155946,-2.0329641257589968,-0.3414019134081703,0.5886335306819663,181.56699185383783,16.612494745661998,1762.9602777496505,2.579979360165119,-2.0,-0.3299173320155946,-2.0329641257589968,-0.3414019134081703,0.5886335306819663,181.56699185383783,16.612494745661998,1762.9602777496505,2.579979360165119,-2.0,-0.3299173320155946,-2.0329641257589968,-0.3414019134081703,0.5886335306819663,861824.0551367177,189491.8981884981,2.579979360165119,2666633.836444144,16610720.906539656,0.1605369117600602,2.579979360165119,False,True,rising,rising,buy_advantage_accelerating,accelerating,neutral,True,True,False,🔴 1차 급등 완료·상승분 반납 / 신규매수 금지,S2,🚀 발사 진행,가격 상승 초입과 실제 매수수급·구조 동반,S3,True,가격 상승 초입과 실제 매수수급·구조 동반,2026-09-05T19:57:07.171995+09:00,2026-09-05T10:40:00Z,33961613178-1
KRW-INJ,인젝티브,6635.0,7015.666666666667,6854.1,7327.791666666667,-0.36923076923076614,-2.3572265748481436,4.2594688031296375,-0.3650838204320849,-0.015940570651795927,,,,,False,False,False,False,772.921960433322,-3.7390029325513163,10.0,A급,3.0612244897959107,-73.26635416542274,0.0,-0.17551472859763662,0.38688632303862125,False,True,False,False,2026-09-05T19:57:07.171995+09:00,1788605827,1619883.8994729,2393091.8913591,0.6768999992528181,20,0.0,complete,1788605644124,1788605982242,3679.02790782,9979.90190883,-0.46130070844418153,6370.0,6720.0,5.494505494505497,4.160125588697028,1.2648809523809523,24.28571428571413,complete_hourly_ordered,/v1/candles/minutes/60,120,False,41.70324846356452,5695.0,2026-09-01T18:00:00,8070.0,2026-09-02T16:00:00,D-3,18.09169764560099,61.473684210526294,False,True,-0.1135415390743233,922.0087693835331,1093.4380037628362,-73.26635416542274,4.160125588697028,0.0,-0.17551472859763662,0.38688632303862125,,-0.1135415390743233,922.0087693835331,1093.4380037628362,-73.26635416542274,4.160125588697028,0.0,-0.17551472859763662,0.38688632303862125,,-0.1135415390743233,922.0087693835331,1093.4380037628362,-73.26635416542274,4.160125588697028,0.0,-0.17551472859763662,0.38688632303862125,,-0.1135415390743233,922.0087693835331,1093.4380037628362,-73.26635416542274,4.160125588697028,0.0,-0.17551472859763662,0.38688632303862125,,-0.1135415390743233,922.0087693835331,1093.4380037628362,-73.26635416542274,4.160125588697028,0.0,-0.17551472859763662,0.38688632303862125,,-0.1135415390743233,922.0087693835331,1093.4380037628362,-73.26635416542274,4.160125588697028,0.0,-0.17551472859763662,0.38688632303862125,,-0.1135415390743233,1461383.8994729,2192571.0529231,4.160125588697028,4012975.790832,9661056.4139391,0.41537649910024593,4.160125588697028,False,False,rising,rising,sell_advantage_accelerating,decelerating,rally_weakening,True,True,False,🔴 1차 급등 완료·상승분 반납 / 신규매수 금지,S3,🔴 1차 급등 완료·반납,당일/5D 급등 후 상승분 상당 부분 반납,S3,False,,,2026-09-05T10:40:00Z,33961613178-1
KRW-MVL,엠블,1.25,1.228,1.1662000000000001,1.4174166666666668,0.3814713896457711,-5.299262562167711,13.363513434064325,-1.074081085478955,-1.1698404471413641,,,11.423364157667452,,False,False,False,False,332.8654913533781,3.3057851239669533,12.0,A급,-0.7936507936507908,28.49489669559898,-1.0,-0.6086276202552199,-0.6411704066850898,False,True,False,False,2026-09-05T19:57:07.171995+09:00,1788605827,0.0,0.0,,0,0.0,complete,,,73438746.63838486,208319281.6407091,-0.4787105298334889,1.25,1.25,0.0,0.0,0.0,,complete_hourly_ordered,/v1/candles/minutes/60,120,False,13.333333333333353,1.2,2026-08-31T12:00:00,1.36,2026-09-01T18:00:00,D-4,8.088235294117652,68.74999999999999,False,False,,,,28.49489669559898,-0.7936507936507908,-1.0,-0.6086276202552199,-0.6411704066850898,1.171995156163815,,,,28.49489669559898,-0.7936507936507908,-1.0,-0.6086276202552199,-0.6411704066850898,1.171995156163815,,,,28.49489669559898,-0.7936507936507908,-1.0,-0.6086276202552199,-0.6411704066850898,1.171995156163815,,,,28.49489669559898,-0.7936507936507908,-1.0,-0.6086276202552199,-0.6411704066850898,1.171995156163815,,,,28.49489669559898,-0.7936507936507908,-1.0,-0.6086276202552199,-0.6411704066850898,1.171995156163815,,,,28.49489669559898,-0.7936507936507908,-1.0,-0.6086276202552199,-0.6411704066850898,1.171995156163815,,0.0,0.0,-0.7936507936507908,0,284444.16000000003,0.0,-0.7936507936507908,False,True,flat_or_na,flat_or_na,unavailable,accelerating,neutral,False,False,False,pass,S0,🌱 초발사 준비,발사 구조 관찰 또는 초기 준비,S0,False,,,2026-09-05T10:40:00Z,33961613178-1
KRW-HIVE,하이브,63.5,60.56666666666667,61.053999999999995,72.70083333333334,0.1653803748621785,0.7982005001037197,16.690546875895507,-0.9223455367972783,-0.8816779597694075,0.86540289756848,,,,False,False,False,False,3478.672390550296,6.1872909698996725,7.0,B급,0.4746835443038,230.39501664806858,-1.0,-0.4115000333916541,-0.5120970502663447,False,True,False,False,2026-09-05T19:57:07.171995+09:00,1788605827,6632693.8459613295,7148799.748322999,0.9278052371682757,36,0.0,complete,1788605309480,1788606068814,1712646.62436215,3323338.9811612,-0.3198365688401652,63.6,64.1,0.7861635220125729,-0.15723270440252124,0.9360374414976511,120.00000000000084,complete_hourly_ordered,/v1/candles/minutes/60,120,False,30.37542662116042,58.6,2026-08-31T22:00:00,76.4,2026-09-03T13:00:00,D-2,17.015706806282726,73.03370786516858,False,True,0.7316392570683868,1746.0796721157515,290.31686146581535,230.39501664806858,0.4746835443038,-1.0,-0.4115000333916541,-0.5120970502663447,,0.7316392570683868,1746.0796721157515,290.31686146581535,230.39501664806858,0.4746835443038,-1.0,-0.4115000333916541,-0.5120970502663447,,0.7316392570683868,1746.0796721157515,290.31686146581535,230.39501664806858,0.4746835443038,-1.0,-0.4115000333916541,-0.5120970502663447,,0.7316392570683868,1746.0796721157515,290.31686146581535,230.39501664806858,0.4746835443038,-1.0,-0.4115000333916541,-0.5120970502663447,,0.7316392570683868,1746.0796721157515,290.31686146581535,230.39501664806858,0.4746835443038,-1.0,-0.4115000333916541,-0.5120970502663447,,0.7316392570683868,1746.0796721157515,290.31686146581535,230.39501664806858,0.4746835443038,-1.0,-0.4115000333916541,-0.5120970502663447,,0.7316392570683868,6273408.494080512,5317262.232501612,0.4746835443038,13781493.59428433,67725997.56275904,0.20348897159489687,0.4746835443038,False,True,rising,rising,sell_advantage_weakening,accelerating,leading_buy_inflow,True,True,False,🔴 1차 급등 완료·상승분 반납 / 신규매수 금지,S3,🔴 1차 급등 완료·반납,당일/5D 급등 후 상승분 상당 부분 반납,S3,False,,,2026-09-05T10:40:00Z,33961613178-1
KRW-CBK,코박토큰,250.0,243.46666666666667,240.84,283.4166666666667,0.2195389681668436,-1.0906272490726894,14.095854160541021,-0.7327639789595934,-0.8345505407233549,,,,,False,False,False,False,44.6820390275821,5.042016806722693,9.0,B급,0.40160642570281624,-32.82000948186256,-1.0,-0.3875250494931981,-0.49022449476367136,False,False,False,False,2026-09-05T19:57:07.171995+09:00,1788605827,0.0,0.0,,0,0.0,complete,,,500805.87522365,796313.2791861,-0.2278182408746556,247.0,251.0,1.6194331983805599,1.2145748987854255,0.398406374501992,24.999999999999655,complete_hourly_ordered,/v1/candles/minutes/60,120,False,10.54852320675106,237.0,2026-08-31T23:00:00,262.0,2026-09-03T14:00:00,D-2,4.580152671755721,48.00000000000003,False,True,,-100.0,,-32.82000948186256,0.40160642570281624,-1.0,-0.3875250494931981,-0.49022449476367136,,,-100.0,,-32.82000948186256,0.40160642570281624,-1.0,-0.3875250494931981,-0.49022449476367136,,,-100.0,,-32.82000948186256,0.40160642570281624,-1.0,-0.3875250494931981,-0.49022449476367136,,,-100.0,,-32.82000948186256,0.40160642570281624,-1.0,-0.3875250494931981,-0.49022449476367136,,,-100.0,,-32.82000948186256,0.40160642570281624,-1.0,-0.3875250494931981,-0.49022449476367136,,,-100.0,,-32.82000948186256,0.40160642570281624,-1.0,-0.3875250494931981,-0.49022449476367136,,,-111300.25351351002,0.0,0.40160642570281624,0,2094010.69129152,0.0,0.40160642570281624,False,True,falling,flat_or_na,unavailable,decelerating,neutral,False,False,False,pass,S0,🌱 초발사 준비,발사 구조 관찰 또는 초기 준비,S1,True,발사 구조 관찰 또는 초기 준비,2026-09-05T19:57:07.171995+09:00,2026-09-05T10:40:00Z,33961613178-1
KRW-XLM,스텔라루멘,251.0,253.46666666666667,247.82,267.2416666666667,-0.6532532009406844,-2.278535496193477,5.154510586547759,-0.3006827350359853,-0.05081570744266602,,,,,False,False,False,False,-6.471736115566729,3.2786885245901676,9.0,B급,3.2786885245901676,5.469269980684266,-2.0,-0.4966770005231491,0.6344369676813688,False,False,False,False,2026-09-05T19:57:07.171995+09:00,1788605827,83688658.63229755,35061506.80594927,2.3869099264751843,186,0.0,complete,1788604957956,1788606025484,13572323.05635877,11203993.84983324,0.09558842888119679,245.0,252.0,2.857142857142847,2.448979591836742,0.3968253968253968,14.28571428571373,complete_hourly_ordered,/v1/candles/minutes/60,120,False,9.361702127659566,235.0,2026-09-02T19:00:00,257.0,2026-09-04T01:00:00,D-1,2.3346303501945553,27.2727272727271,True,False,2.1936608588421693,786.753518376782,-28.20663706415294,5.469269980684266,2.868852459016402,-2.0,-0.4966770005231491,0.6344369676813688,,2.1936608588421693,786.753518376782,-28.20663706415294,5.469269980684266,2.868852459016402,-2.0,-0.4966770005231491,0.6344369676813688,,2.1936608588421693,786.753518376782,-28.20663706415294,5.469269980684266,2.868852459016402,-2.0,-0.4966770005231491,0.6344369676813688,,2.1936608588421693,786.753518376782,-28.20663706415294,5.469269980684266,2.868852459016402,-2.0,-0.4966770005231491,0.6344369676813688,,2.1936608588421693,786.753518376782,-28.20663706415294,5.469269980684266,2.868852459016402,-2.0,-0.4966770005231491,0.6344369676813688,,2.1936608588421693,786.753518376782,-28.20663706415294,5.469269980684266,2.868852459016402,-2.0,-0.4966770005231491,0.6344369676813688,,2.1936608588421693,74251012.5561375,-13775189.752309807,2.868852459016402,118750165.43824682,104208341.31128769,1.1395456826581691,2.868852459016402,False,False,rising,falling,buy_advantage_accelerating,accelerating,neutral,False,False,False,pass,S0,🌱 초발사 준비,발사 구조 관찰 또는 초기 준비,S0,False,,,2026-09-05T10:40:00Z,33961613178-1
KRW-OP,옵티미즘,138.0,136.26666666666668,130.9,153.45833333333334,-0.4383828543594648,-4.099821746880576,11.202823784957912,-0.4820756417266473,-0.6483200944877903,,,,,False,False,False,False,78.4981533552495,6.153846153846154,9.0,B급,3.759398496240607,-92.21629735687843,-3.0,-0.34101187091253315,-0.20092169510036584,False,False,False,False,2026-09-05T19:57:07.171995+09:00,1788605827,2519078.58919702,7464924.467877541,0.3374553352866349,8,0.0,complete,1788605466986,1788605924545,1402399.53027918,1839837.74777384,-0.13491863179037406,135.0,141.0,4.444444444444451,2.2222222222222143,2.127659574468085,50.00000000000024,complete_hourly_ordered,/v1/candles/minutes/60,120,False,21.00840336134453,119.0,2026-08-31T19:00:00,144.0,2026-09-04T03:00:00,D-1,3.472222222222221,19.999999999999936,False,True,,,,-92.21629735687843,3.759398496240607,-3.0,-0.34101187091253315,-0.20092169510036584,,,,,-92.21629735687843,3.759398496240607,-3.0,-0.34101187091253315,-0.20092169510036584,,,,,-92.21629735687843,3.759398496240607,-3.0,-0.34101187091253315,-0.20092169510036584,,,,,-92.21629735687843,3.759398496240607,-3.0,-0.34101187091253315,-0.20092169510036584,,,,,-92.21629735687843,3.759398496240607,-3.0,-0.34101187091253315,-0.20092169510036584,,,,,-92.21629735687843,3.759398496240607,-3.0,-0.34101187091253315,-0.20092169510036584,,,2519078.58919702,7464924.467877541,3.759398496240607,9984003.057074562,5410070.36859016,1.8454479104448964,3.759398496240607,False,False,rising,rising,sell_advantage_weakening,decelerating,rally_weakening,False,False,False,pass,S0,🌱 초발사 준비,발사 구조 관찰 또는 초기 준비,S0,False,,,2026-09-05T10:40:00Z,33961613178-1
KRW-SAFE,세이프,134.0,127.4,125.14,148.44166666666666,0.05235602094242342,-1.805977305417936,14.175040700611907,-0.6047691102588056,-0.7139332517509775,,,,,False,False,False,False,480.6353937628625,7.200000000000006,10.0,A급,5.5118110236220375,-88.60007023263012,0.0,-0.05257577339126129,-0.5416874254356969,False,True,False,False,2026-09-05T19:57:07.171995+09:00,1788605827,5997.00149902,0.0,,1,0.0,complete,1788605875758,1788605875758,857848.72361891,2777659.03609031,-0.5280721261959163,129.0,135.0,4.651162790697683,3.875968992248069,0.7407407407407408,16.666666666666664,complete_hourly_ordered,/v1/candles/minutes/60,120,False,24.390243902439025,123.0,2026-08-31T18:00:00,153.0,2026-09-02T20:00:00,D-3,12.418300653594772,63.333333333333364,True,False,,,,-88.60007023263012,5.5118110236220375,0.0,-0.05257577339126129,-0.5416874254356969,,,,,-88.60007023263012,5.5118110236220375,0.0,-0.05257577339126129,-0.5416874254356969,,,,,-88.60007023263012,5.5118110236220375,0.0,-0.05257577339126129,-0.5416874254356969,,,,,-88.60007023263012,5.5118110236220375,0.0,-0.05257577339126129,-0.5416874254356969,,,,,-88.60007023263012,5.5118110236220375,0.0,-0.05257577339126129,-0.5416874254356969,,,,,-88.60007023263012,5.5118110236220375,0.0,-0.05257577339126129,-0.5416874254356969,,,5997.00149902,0.0,5.5118110236220375,5997.00149902,3606576.0151516404,0.001662796368030483,5.5118110236220375,False,False,rising,flat_or_na,buy_only,decelerating,neutral,True,True,False,🔴 1차 급등 완료·상승분 반납 / 신규매수 금지,S0,🌱 초발사 준비,발사 구조 관찰 또는 초기 준비,S3,True,발사 구조 관찰 또는 초기 준비,2026-09-05T19:57:07.171995+09:00,2026-09-05T10:40:00Z,33961613178-1
KRW-GLM,골렘,150.0,150.46666666666667,139.2,159.85833333333332,0.31111111111110645,-8.093869731800776,5.8749934838137845,-0.8210911722400673,-1.0110072836732686,,,5.811029830040701,,False,False,False,False,155.852814380049,2.7397260273972712,13.0,A급,2.7397260273972712,123.80292543875055,0.0,-0.3606309399412977,-0.6822132084859058,False,False,False,False,2026-09-05T19:57:07.171995+09:00,1788605827,0.0,3000000.0,0.0,3,0.0,complete,1788605326844,1788605326844,1428058.9396101,1792007.98048078,-0.11302530348046565,148.0,151.0,2.0270270270270174,1.3513513513513598,0.6622516556291391,33.333333333332604,complete_hourly_ordered,/v1/candles/minutes/60,120,False,8.450704225352123,142.0,2026-09-02T10:00:00,154.0,2026-09-03T09:00:00,D-2,2.5974025974025983,33.333333333333506,True,True,,,,123.80292543875055,2.7397260273972712,0.0,-0.3606309399412977,-0.6822132084859058,-0.21120190017775364,,,,123.80292543875055,2.7397260273972712,0.0,-0.3606309399412977,-0.6822132084859058,-0.21120190017775364,,,,123.80292543875055,2.7397260273972712,0.0,-0.3606309399412977,-0.6822132084859058,-0.21120190017775364,,,,123.80292543875055,2.7397260273972712,0.0,-0.3606309399412977,-0.6822132084859058,-0.21120190017775364,,,,123.80292543875055,2.7397260273972712,0.0,-0.3606309399412977,-0.6822132084859058,-0.21120190017775364,,,,123.80292543875055,2.7397260273972712,0.0,-0.3606309399412977,-0.6822132084859058,-0.21120190017775364,,0.0,3000000.0,2.7397260273972712,3000000.0,3797632.723637339,0.7899658072059761,2.7397260273972712,False,True,flat_or_na,rising,sell_only,accelerating,neutral,False,False,False,pass,S1,⚡ 선행 시동,가격 미급등 상태에서 선행조건 3개 개선,S1,False,,,2026-09-05T10:40:00Z,33961613178-1
KRW-SUPER,슈퍼버스,157.0,152.93333333333334,131.38,142.44166666666666,0.7908611599297233,-16.405338204698843,-7.365588252501029,-0.7901092956989226,-1.3983867102370549,,,,,False,False,False,False,-53.40151112857345,6.0810810810810745,8.0,B급,1.2903225806451646,15.731134326387014,-1.0,-0.2748582006386613,-1.0725351293253231,False,False,False,False,2026-09-05T19:57:07.171995+09:00,1788605827,249999.99999873003,0.0,,1,0.0,complete,1788605987849,1788605987849,750078.82077043,870613.56223667,-0.07437237487511038,155.0,157.0,1.2903225806451646,1.2903225806451646,0.0,0.0,complete_hourly_ordered,/v1/candles/minutes/60,120,False,10.344827586206895,145.0,2026-09-03T04:00:00,160.0,2026-09-04T06:00:00,D-1,1.8750000000000044,20.000000000000036,True,False,,,-100.0,15.731134326387014,1.2903225806451646,-1.0,-0.2748582006386613,-1.0725351293253231,,,,-100.0,15.731134326387014,1.2903225806451646,-1.0,-0.2748582006386613,-1.0725351293253231,,,,-100.0,15.731134326387014,1.2903225806451646,-1.0,-0.2748582006386613,-1.0725351293253231,,,,-100.0,15.731134326387014,1.2903225806451646,-1.0,-0.2748582006386613,-1.0725351293253231,,,,-100.0,15.731134326387014,1.2903225806451646,-1.0,-0.2748582006386613,-1.0725351293253231,,,,-100.0,15.731134326387014,1.2903225806451646,-1.0,-0.2748582006386613,-1.0725351293253231,,,249999.99999873003,-268925.0,1.2903225806451646,249999.99999873003,616089.14143717,0.40578543458102084,1.2903225806451646,False,False,rising,falling,buy_only,accelerating,neutral,False,False,False,pass,S0,🌱 초발사 준비,발사 구조 관찰 또는 초기 준비,S0,False,,,2026-09-05T10:40:00Z,33961613178-1
KRW-LINEA,리네아,3.56,3.4566666666666666,3.3182,3.817833333333333,0.09652509652509078,-4.172945171076684,9.459990395948836,-0.7650811751268426,-1.0322961996733313,,,9.164027145447632,,False,False,False,False,1.8386583992219263,3.1884057971014457,10.0,A급,3.488372093023262,-19.537754747525902,-2.0,-0.34990347490349016,-0.71575271535513,False,False,False,False,2026-09-05T19:57:07.171995+09:00,1788605827,273841.6022456872,0.0,,6,0.0,complete,1788605440422,1788605951740,17080643.26844661,38354571.941897,-0.3837619930350862,3.5,3.57,2.0000000000000018,1.7142857142857126,0.28011204481792124,14.285714285714443,complete_hourly_ordered,/v1/candles/minutes/60,120,False,7.100591715976345,3.38,2026-09-02T03:00:00,3.62,2026-09-04T03:00:00,D-1,1.6574585635359185,25.000000000000078,False,True,,,,-19.537754747525902,3.488372093023262,-2.0,-0.34990347490349016,-0.71575271535513,0.14467262139662296,,,,-19.537754747525902,3.488372093023262,-2.0,-0.34990347490349016,-0.71575271535513,0.14467262139662296,,,,-19.537754747525902,3.488372093023262,-2.0,-0.34990347490349016,-0.71575271535513,0.14467262139662296,,,,-19.537754747525902,3.488372093023262,-2.0,-0.34990347490349016,-0.71575271535513,0.14467262139662296,,,,-19.537754747525902,3.488372093023262,-2.0,-0.34990347490349016,-0.71575271535513,0.14467262139662296,,,,-19.537754747525902,3.488372093023262,-2.0,-0.34990347490349016,-0.71575271535513,0.14467262139662296,,273841.6022456872,0.0,3.488372093023262,273841.6022456872,1399300.3498250328,0.1956989450334434,3.488372093023262,False,False,rising,flat_or_na,buy_only,decelerating,neutral,False,False,False,pass,S1,⚡ 선행 시동,가격 미급등 상태에서 선행조건 3개 개선,S1,False,,,2026-09-05T10:40:00Z,33961613178-1
KRW-DATA,데이터네트워크,258.0,259.8,301.22,450.73333333333335,-0.4088934321492488,13.750746962353103,42.3605975447419,-0.9814695403473982,-0.6611515791762479,14.010365474496465,,,,False,False,False,False,121.36389318361655,2.7888446215139417,7.0,B급,-0.38610038610038533,-8.007238540389935,0.0,-0.5880590323540158,-0.3564636678006323,False,False,False,False,2026-09-05T19:57:07.171995+09:00,1788605827,8067358.087262372,41580820.33328776,0.19401632826382703,113,0.0,complete,1788604930938,1788606087981,1850419.03131086,1397993.37596509,0.13927592886063522,259.0,272.0,5.019305019305009,-0.38610038610038533,5.147058823529411,107.6923076923077,complete_hourly_ordered,/v1/candles/minutes/60,120,False,11.244979919678721,249.0,2026-09-01T05:00:00,277.0,2026-09-02T09:00:00,D-3,6.859205776173283,67.85714285714288,False,False,0.18861933126998123,44718.65605379211,1146.7309022651098,-8.007238540389935,-0.38610038610038533,0.0,-0.5880590323540158,-0.3564636678006323,,0.18861933126998123,44718.65605379211,1146.7309022651098,-8.007238540389935,-0.38610038610038533,0.0,-0.5880590323540158,-0.3564636678006323,,0.18861933126998123,44718.65605379211,1146.7309022651098,-8.007238540389935,-0.38610038610038533,0.0,-0.5880590323540158,-0.3564636678006323,,0.18861933126998123,44718.65605379211,1146.7309022651098,-8.007238540389935,-0.38610038610038533,0.0,-0.5880590323540158,-0.3564636678006323,,0.18861933126998123,44718.65605379211,1146.7309022651098,-8.007238540389935,-0.38610038610038533,0.0,-0.5880590323540158,-0.3564636678006323,,0.18861933126998123,44718.65605379211,1146.7309022651098,-8.007238540389935,-0.38610038610038533,0.0,-0.5880590323540158,-0.3564636678006323,,0.18861933126998123,8049358.087267771,38245632.26200934,-0.38610038610038533,49648178.42055013,27412663.56389856,1.8111402529280263,-0.38610038610038533,False,False,rising,rising,sell_advantage_weakening,decelerating,neutral,False,False,False,pass,S0,🌱 초발사 준비,발사 구조 관찰 또는 초기 준비,S0,False,,,2026-09-05T10:40:00Z,33961613178-1
KRW-KERNEL,커널다오,54.7,52.42666666666666,49.456,67.07666666666667,0.17834394904456818,-6.006686077860439,21.840679819112466,-0.6158359396998083,-0.8348855508401141,,,,,False,False,False,False,-92.13585126011957,4.190476190476189,7.0,B급,2.819548872180455,-12.536686447140454,-1.0,-0.2698568449111205,-0.6389060930050405,False,False,False,False,2026-09-05T19:57:07.171995+09:00,1788605827,0.0,0.0,,0,0.0,complete,,,2437819.6934587,3567574.1010347,-0.1881232848729953,53.8,54.9,2.0446096654275214,1.6728624535315983,0.3642987249544549,18.181818181818677,complete_hourly_ordered,/v1/candles/minutes/60,120,False,9.799999999999986,50.0,2026-09-03T07:00:00,54.9,2026-09-05T14:00:00,D0,0.36429872495445936,4.081632653060998,False,False,,-100.0,-100.0,-12.536686447140454,2.819548872180455,-1.0,-0.2698568449111205,-0.6389060930050405,,,-100.0,-100.0,-12.536686447140454,2.819548872180455,-1.0,-0.2698568449111205,-0.6389060930050405,,,-100.0,-100.0,-12.536686447140454,2.819548872180455,-1.0,-0.2698568449111205,-0.6389060930050405,,,-100.0,-100.0,-12.536686447140454,2.819548872180455,-1.0,-0.2698568449111205,-0.6389060930050405,,,-100.0,-100.0,-12.536686447140454,2.819548872180455,-1.0,-0.2698568449111205,-0.6389060930050405,,,-100.0,-100.0,-12.536686447140454,2.819548872180455,-1.0,-0.2698568449111205,-0.6389060930050405,,,-143751.80928208202,-18344.16890844,2.819548872180455,0,1309674.6564522465,0.0,2.819548872180455,False,False,falling,falling,unavailable,decelerating,neutral,False,False,False,pass,S0,🌱 초발사 준비,발사 구조 관찰 또는 초기 준비,S0,False,,,2026-09-05T10:40:00Z,33961613178-1
KRW-POKT,포켓네트워크,10.3,10.237333333333334,10.219199999999999,12.254666666666667,0.0,-0.17744376598300152,16.46175606571646,-0.7258561771932801,-0.8347343498590949,,,,,True,False,False,False,227.65167348933457,0.9803921568627638,9.0,B급,-1.904761904761898,-79.7367349211452,-1.0,-0.5496662740479108,-0.36976633526861846,False,False,False,False,2026-09-05T19:57:07.171995+09:00,1788605827,49629.629629528004,110000.000000047,0.4511784511773345,3,0.0,complete,1788605514940,1788606015659,16673586.60916272,54032910.06975214,-0.528371864190101,10.4,10.5,0.9615384615384581,-0.9615384615384581,1.904761904761898,200.0,complete_hourly_ordered,/v1/candles/minutes/60,120,False,14.999999999999991,10.0,2026-08-31T23:00:00,11.5,2026-09-03T10:00:00,D-2,9.565217391304348,73.3333333333333,False,False,,401.0229276912739,,-79.7367349211452,-1.904761904761898,-1.0,-0.5496662740479108,-0.36976633526861846,,,401.0229276912739,,-79.7367349211452,-1.904761904761898,-1.0,-0.5496662740479108,-0.36976633526861846,,,401.0229276912739,,-79.7367349211452,-1.904761904761898,-1.0,-0.5496662740479108,-0.36976633526861846,,,401.0229276912739,,-79.7367349211452,-1.904761904761898,-1.0,-0.5496662740479108,-0.36976633526861846,,,401.0229276912739,,-79.7367349211452,-1.904761904761898,-1.0,-0.5496662740479108,-0.36976633526861846,,,401.0229276912739,,-79.7367349211452,-1.904761904761898,-1.0,-0.5496662740479108,-0.36976633526861846,,,39723.969252223,110000.000000047,-1.904761904761898,159629.629629575,2865163.8273291774,0.05571396235948473,-1.904761904761898,False,True,rising,rising,sell_advantage_weakening,decelerating,neutral,False,True,False,pass,S0,🌱 초발사 준비,발사 구조 관찰 또는 초기 준비,S3,True,발사 구조 관찰 또는 초기 준비,2026-09-05T19:57:07.171995+09:00,2026-09-05T10:40:00Z,33961613178-1
KRW-SENT,센티언트,18.3,17.726666666666667,18.45,20.704166666666666,-0.15020653398423178,3.9205058717253807,14.381163211913863,-0.4524846397436404,-0.47298905570830724,8.664395489638238,,,,False,False,False,False,96.91492295707984,3.3898305084745894,8.0,B급,2.2346368715083997,-23.39868514156167,0.0,-0.3761101484420548,-0.15794349381269335,False,False,False,False,2026-09-05T19:57:07.171995+09:00,1788605827,3207467.266366614,0.0,,2,0.0,complete,1788605703021,1788606104298,10569992.79441617,16296993.67264365,-0.21316126709071187,18.0,18.4,2.2222222222222143,1.6666666666666607,0.5434782608695536,25.0,complete_hourly_ordered,/v1/candles/minutes/60,120,False,6.358381502890165,17.3,2026-09-02T03:00:00,18.4,2026-09-05T01:00:00,D0,0.5434782608695565,9.090909090908838,True,True,,,,-23.39868514156167,2.2346368715083997,0.0,-0.3761101484420548,-0.15794349381269335,,,,,-23.39868514156167,2.2346368715083997,0.0,-0.3761101484420548,-0.15794349381269335,,,,,-23.39868514156167,2.2346368715083997,0.0,-0.3761101484420548,-0.15794349381269335,,,,,-23.39868514156167,2.2346368715083997,0.0,-0.3761101484420548,-0.15794349381269335,,,,,-23.39868514156167,2.2346368715083997,0.0,-0.3761101484420548,-0.15794349381269335,,,,,-23.39868514156167,2.2346368715083997,0.0,-0.3761101484420548,-0.15794349381269335,,,3207467.266366614,0.0,2.2346368715083997,3207467.266366614,1180556.1066576904,2.716912180859727,2.2346368715083997,False,False,rising,flat_or_na,buy_only,decelerating,neutral,False,False,False,pass,S0,🌱 초발사 준비,발사 구조 관찰 또는 초기 준비,S0,False,,,2026-09-05T10:40:00Z,33961613178-1
KRW-ZKC,바운드리스,67.2,62.72,58.102,72.22250000000001,0.8792622775037451,-7.948091287735366,13.157257087472754,-1.2984585483405944,-1.5911649411839983,,,8.268946070218425,,False,False,False,False,-79.46298652124264,-6.7586206896551815,10.0,A급,1.0463378176382543,-50.39003375305554,-1.0,-0.3913719535996396,-1.2628415703223617,False,False,False,False,2026-09-05T19:57:07.171995+09:00,1788605827,47233469.25924556,103671083.96802469,0.45560890704889123,199,0.0,complete,1788604964471,1788606052576,1622092.85320567,1760701.34175533,-0.04097455551866885,67.3,71.4,6.09212481426451,-0.14858841010400026,5.882352941176474,102.4390243902437,complete_hourly_ordered,/v1/candles/minutes/60,120,False,18.881118881118873,71.5,2026-09-01T08:00:00,85.0,2026-09-01T09:00:00,D-4,20.94117647058823,131.85185185185182,False,True,-0.6197500820356622,3587.715906876082,8603.99675751673,-50.39003375305554,0.4484304932735439,-1.0,-0.3913719535996396,-1.2628415703223617,-0.15070534809979286,-0.6197500820356622,3587.715906876082,8603.99675751673,-50.39003375305554,0.4484304932735439,-1.0,-0.3913719535996396,-1.2628415703223617,-0.15070534809979286,-0.6197500820356622,3587.715906876082,8603.99675751673,-50.39003375305554,0.4484304932735439,-1.0,-0.3913719535996396,-1.2628415703223617,-0.15070534809979286,-0.6197500820356622,3587.715906876082,8603.99675751673,-50.39003375305554,0.4484304932735439,-1.0,-0.3913719535996396,-1.2628415703223617,-0.15070534809979286,-0.6197500820356622,3587.715906876082,8603.99675751673,-50.39003375305554,0.4484304932735439,-1.0,-0.3913719535996396,-1.2628415703223617,-0.15070534809979286,-0.6197500820356622,3587.715906876082,8603.99675751673,-50.39003375305554,0.4484304932735439,-1.0,-0.3913719535996396,-1.2628415703223617,-0.15070534809979286,-0.6197500820356622,45952636.61237126,102480009.48975705,0.4484304932735439,150904553.22727025,16594532.540736027,9.093630860455505,0.4484304932735439,False,False,rising,rising,sell_advantage_accelerating,decelerating,rally_weakening,True,True,False,🔴 1차 급등 완료·상승분 반납 / 신규매수 금지,S3,🔴 1차 급등 완료·반납,당일/5D 급등 후 상승분 상당 부분 반납,S3,False,,,2026-09-05T10:40:00Z,33961613178-1
KRW-KNC,카이버네트워크,160.0,159.93333333333334,153.26,173.25,-0.08329862557266976,-4.354256383487764,7.686387686387684,-0.45880839388319117,-0.6463761538357915,,,11.891508745757925,,False,False,False,False,-80.40884686056896,1.8987341772152,11.0,A급,1.2578616352201255,-7.329342073629903,0.0,-0.459552806174679,-0.2242461231817856,False,False,False,False,2026-09-05T19:57:07.171995+09:00,1788605827,0.0,128000.0,0.0,1,0.0,complete,1788605746539,1788605746539,741237.97583431,1205674.6369478,-0.23855033762908168,159.0,161.0,1.2578616352201255,0.6289308176100628,0.6211180124223602,50.0,complete_hourly_ordered,/v1/candles/minutes/60,120,False,5.228758169934644,153.0,2026-09-02T19:00:00,161.0,2026-09-04T13:00:00,D-1,0.6211180124223614,12.499999999999947,False,False,,,,-7.329342073629903,0.6289308176100628,0.0,-0.459552806174679,-0.2242461231817856,1.9985159815353946,,,,-7.329342073629903,0.6289308176100628,0.0,-0.459552806174679,-0.2242461231817856,1.9985159815353946,,,,-7.329342073629903,0.6289308176100628,0.0,-0.459552806174679,-0.2242461231817856,1.9985159815353946,,,,-7.329342073629903,0.6289308176100628,0.0,-0.459552806174679,-0.2242461231817856,1.9985159815353946,,,,-7.329342073629903,0.6289308176100628,0.0,-0.459552806174679,-0.2242461231817856,1.9985159815353946,,,,-7.329342073629903,0.6289308176100628,0.0,-0.459552806174679,-0.2242461231817856,1.9985159815353946,,0.0,128000.0,0.6289308176100628,128000.0,805017.6969067999,0.15900271570653318,0.6289308176100628,False,False,flat_or_na,rising,sell_only,decelerating,rally_weakening,False,False,False,pass,S0,🌱 초발사 준비,발사 구조 관찰 또는 초기 준비,S0,False,,,2026-09-05T10:40:00Z,33961613178-1
KRW-ZKP,지케이패스,68.6,62.26,63.023999999999994,78.09750000000001,0.5815831987076026,1.2122366082762057,20.27913825666636,-0.8094872473476169,-1.1234896714815363,1.4975363876926362,,,,False,False,False,False,-81.51658688108331,8.571428571428585,6.0,관찰,2.0895522388059806,-48.133031550420874,1.0,-0.3854927547858322,-0.9500659395824371,False,False,False,False,2026-09-05T19:57:07.171995+09:00,1788605827,45969022.75241347,21452560.665163226,2.1428221772640166,113,0.0,complete,1788604932648,1788605964361,1653431.3963089,1946816.9516452,-0.08149036593628908,66.1,68.9,4.2360060514372355,3.782148260211793,0.43541364296082924,10.714285714286294,complete_hourly_ordered,/v1/candles/minutes/60,120,False,15.025041736227053,59.9,2026-09-02T03:00:00,68.9,2026-09-05T19:00:00,D0,0.5805515239477588,4.444444444444424,False,False,0.4431837894847144,157.48181168997797,104.22878573247485,-48.133031550420874,2.3880597014925398,1.0,-0.3854927547858322,-0.9500659395824371,,0.4431837894847144,157.48181168997797,104.22878573247485,-48.133031550420874,2.3880597014925398,1.0,-0.3854927547858322,-0.9500659395824371,,0.4431837894847144,157.48181168997797,104.22878573247485,-48.133031550420874,2.3880597014925398,1.0,-0.3854927547858322,-0.9500659395824371,,0.4431837894847144,157.48181168997797,104.22878573247485,-48.133031550420874,2.3880597014925398,1.0,-0.3854927547858322,-0.9500659395824371,,0.4431837894847144,157.48181168997797,104.22878573247485,-48.133031550420874,2.3880597014925398,1.0,-0.3854927547858322,-0.9500659395824371,,0.4431837894847144,157.48181168997797,104.22878573247485,-48.133031550420874,2.3880597014925398,1.0,-0.3854927547858322,-0.9500659395824371,,0.4431837894847144,28115714.02714993,10948379.979652736,2.3880597014925398,67421583.4175767,19916088.58755129,3.385282362105936,2.3880597014925398,False,False,rising,rising,buy_advantage_accelerating,decelerating,rally_weakening,False,True,False,pass,S0,🌱 초발사 준비,발사 구조 관찰 또는 초기 준비,S3,True,발사 구조 관찰 또는 초기 준비,2026-09-05T19:57:07.171995+09:00,2026-09-05T10:40:00Z,33961613178-1
KRW-AUCTION,바운스토큰,4689.0,4545.4,4385.76,5274.666666666667,0.2853486695985952,-3.6399620590273845,13.8258341759353,-0.9569456149724672,-1.035565339093678,,,13.351001287891313,,False,False,False,False,-92.10027666853249,-0.14950875694147436,10.0,A급,0.14995715509853458,-24.38403283930562,0.0,-0.5805805733064107,-0.5798191830665207,False,False,False,False,2026-09-05T19:57:07.171995+09:00,1788605827,493653.25376128004,56135.53769755,8.79395253005344,6,0.0,complete,1788605776563,1788606110070,18652.88191868,14033.27996361,0.14133204050405776,4622.0,4692.0,1.5144958892254534,1.4495889225443426,0.0639386189258312,4.285714285715605,complete_hourly_ordered,/v1/candles/minutes/60,120,False,8.79818594104309,4410.0,2026-09-02T03:00:00,4798.0,2026-09-04T03:00:00,D-1,2.271779908295124,28.09278350515459,True,True,8.158789756891846,-63.26963685851001,-97.34706785913939,-24.38403283930562,0.44987146529562594,0.0,-0.5805805733064107,-0.5798191830665207,0.5840360452259841,8.158789756891846,-63.26963685851001,-97.34706785913939,-24.38403283930562,0.44987146529562594,0.0,-0.5805805733064107,-0.5798191830665207,0.5840360452259841,8.158789756891846,-63.26963685851001,-97.34706785913939,-24.38403283930562,0.44987146529562594,0.0,-0.5805805733064107,-0.5798191830665207,0.5840360452259841,8.158789756891846,-63.26963685851001,-97.34706785913939,-24.38403283930562,0.44987146529562594,0.0,-0.5805805733064107,-0.5798191830665207,0.5840360452259841,8.158789756891846,-63.26963685851001,-97.34706785913939,-24.38403283930562,0.44987146529562594,0.0,-0.5805805733064107,-0.5798191830665207,0.5840360452259841,8.158789756891846,-63.26963685851001,-97.34706785913939,-24.38403283930562,0.44987146529562594,0.0,-0.5805805733064107,-0.5798191830665207,0.5840360452259841,8.158789756891846,-850339.0499893401,-2059845.3738737404,0.44987146529562594,549788.79145883,3014726.397764635,0.18236772393889158,0.44987146529562594,False,True,falling,falling,buy_advantage_accelerating,decelerating,neutral,False,True,False,pass,S1,⚡ 선행 시동,가격 미급등 상태에서 선행조건 4개 개선,S1,False,,,2026-09-05T10:40:00Z,33961613178-1
KRW-ORDER,오덜리,47.5,45.373333333333335,43.321999999999996,55.10666666666667,0.42791795779844044,-4.735084560577397,17.66271473505928,-0.9328549087013309,-1.140748728127037,,,,,False,False,False,False,14.786840886760944,2.37068965517242,8.0,B급,2.5917926565874883,-34.11321298245993,-1.0,-0.16652400980448068,-0.9619959913555434,False,False,False,False,2026-09-05T19:57:07.171995+09:00,1788605827,182168.9155419,240629.685157302,0.7570508826573678,3,0.0,complete,1788604933356,1788605868361,661087.22281149,1736163.39447237,-0.4484621523964675,47.1,47.6,1.0615711252653925,0.849256900212314,0.21008403361344835,20.0,complete_hourly_ordered,/v1/candles/minutes/60,120,False,15.753424657534264,43.8,2026-09-02T03:00:00,50.7,2026-09-02T19:00:00,D-3,6.5088757396449815,47.82608695652172,True,True,-4.277647642870606,-93.20348582759786,-54.80039629250406,-34.11321298245993,2.5917926565874883,-1.0,-0.16652400980448068,-0.9619959913555434,,-4.277647642870606,-93.20348582759786,-54.80039629250406,-34.11321298245993,2.5917926565874883,-1.0,-0.16652400980448068,-0.9619959913555434,,-4.277647642870606,-93.20348582759786,-54.80039629250406,-34.11321298245993,2.5917926565874883,-1.0,-0.16652400980448068,-0.9619959913555434,,-4.277647642870606,-93.20348582759786,-54.80039629250406,-34.11321298245993,2.5917926565874883,-1.0,-0.16652400980448068,-0.9619959913555434,,-4.277647642870606,-93.20348582759786,-54.80039629250406,-34.11321298245993,2.5917926565874883,-1.0,-0.16652400980448068,-0.9619959913555434,,-4.277647642870606,-93.20348582759786,-54.80039629250406,-34.11321298245993,2.5917926565874883,-1.0,-0.16652400980448068,-0.9619959913555434,,-4.277647642870606,-2498159.7194164926,-291741.5425076781,2.5917926565874883,422798.60069920204,2812934.8275664975,0.15030515337782283,2.5917926565874883,False,False,falling,falling,sell_advantage_accelerating,decelerating,neutral,False,True,False,pass,S0,🌱 초발사 준비,발사 구조 관찰 또는 초기 준비,S0,False,,,2026-09-05T10:40:00Z,33961613178-1
KRW-FCT2,피르마체인,9.82,9.501333333333331,9.7782,12.35425,0.3520630897056787,2.83146864112688,23.092592967332447,-1.103289542416989,-1.0659708248621584,2.5663876364892837,,,,False,False,False,False,-22.426212562372882,4.802561366061919,5.0,관찰,0.6147540983606703,-7.886873516977776,-1.0,-0.36424896703188825,-0.7360872697475074,False,False,False,False,2026-09-05T19:57:07.171995+09:00,1788605827,0.0,239897.30461459098,0.0,2,0.0,complete,1788605468010,1788605633106,2811160.82360672,46538687.97132659,-0.8860721606143871,9.8,9.91,1.122448979591839,0.20408163265306367,0.9081735620585252,81.81818181818163,complete_hourly_ordered,/v1/candles/minutes/60,120,False,12.07834602829163,9.19,2026-08-31T14:00:00,10.3,2026-09-02T19:00:00,D-3,4.660194174757281,43.24324324324312,False,True,,,,-7.886873516977776,0.6147540983606703,-1.0,-0.36424896703188825,-0.7360872697475074,,,,,-7.886873516977776,0.6147540983606703,-1.0,-0.36424896703188825,-0.7360872697475074,,,,,-7.886873516977776,0.6147540983606703,-1.0,-0.36424896703188825,-0.7360872697475074,,,,,-7.886873516977776,0.6147540983606703,-1.0,-0.36424896703188825,-0.7360872697475074,,,,,-7.886873516977776,0.6147540983606703,-1.0,-0.36424896703188825,-0.7360872697475074,,,,,-7.886873516977776,0.6147540983606703,-1.0,-0.36424896703188825,-0.7360872697475074,,,0.0,239897.30461459098,0.6147540983606703,239897.30461459098,1392912.930184232,0.1722270641732511,0.6147540983606703,False,False,flat_or_na,rising,sell_only,decelerating,rally_weakening,False,False,False,pass,S0,🌱 초발사 준비,발사 구조 관찰 또는 초기 준비,S0,False,,,2026-09-05T10:40:00Z,33961613178-1
KRW-MTL,메탈,332.0,322.8,303.74,352.89166666666665,0.35233160621761517,-6.275103707117931,8.527168394455325,-0.9588845021164867,-1.087391624000691,,,7.841855874411174,,False,False,False,False,-46.87275502752316,1.8404907975460016,10.0,A급,3.750000000000009,34.3574575844461,-1.0,-0.2735811832670576,-0.682676774729094,False,False,False,False,2026-09-05T19:57:07.171995+09:00,1788605827,0.0,0.0,,0,0.0,complete,,,323092.79370793,298550.49786227,0.039479708344747025,322.0,332.0,3.105590062111796,3.105590062111796,0.0,0.0,complete_hourly_ordered,/v1/candles/minutes/60,120,False,6.070287539936103,313.0,2026-09-03T05:00:00,332.0,2026-09-05T19:00:00,D0,0.0,0.0,False,True,,,-100.0,34.3574575844461,3.750000000000009,-1.0,-0.2735811832670576,-0.682676774729094,0.7292827270624791,,,-100.0,34.3574575844461,3.750000000000009,-1.0,-0.2735811832670576,-0.682676774729094,0.7292827270624791,,,-100.0,34.3574575844461,3.750000000000009,-1.0,-0.2735811832670576,-0.682676774729094,0.7292827270624791,,,-100.0,34.3574575844461,3.750000000000009,-1.0,-0.2735811832670576,-0.682676774729094,0.7292827270624791,,,-100.0,34.3574575844461,3.750000000000009,-1.0,-0.2735811832670576,-0.682676774729094,0.7292827270624791,,,-100.0,34.3574575844461,3.750000000000009,-1.0,-0.2735811832670576,-0.682676774729094,0.7292827270624791,,0.0,-1024259.8340573399,3.750000000000009,0,1143428.71827832,0.0,3.750000000000009,False,False,flat_or_na,falling,unavailable,accelerating,neutral,False,False,False,pass,S0,🌱 초발사 준비,발사 구조 관찰 또는 초기 준비,S0,False,,,2026-09-05T10:40:00Z,33961613178-1
KRW-VET,비체인,9.43,8.979333333333333,7.3844,7.859083333333333,1.1641880727053966,-21.598685517216467,-14.254206915564785,-1.3912617175273134,-2.18586530734752,,,,,False,False,False,False,-85.68437303854286,1.8398268398268414,9.0,B급,2.841530054644803,-1.6218740463496175,0.0,-0.394491633896088,-1.7364831731568913,False,False,False,False,2026-09-05T19:57:07.171995+09:00,1788605827,250010.9999999064,3745404.090408285,0.06675140891744281,5,0.0,complete,1788605446800,1788606047938,5976154.160899,7415191.16900061,-0.10746022693392805,9.36,9.55,2.029914529914545,0.7478632478632452,1.2565445026178113,63.157894736842515,complete_hourly_ordered,/v1/candles/minutes/60,120,False,7.909604519774027,8.85,2026-09-03T10:00:00,9.55,2026-09-05T10:00:00,D0,1.465968586387445,20.000000000000114,False,True,,,,-1.6218740463496175,3.0601092896174853,0.0,-0.394491633896088,-1.7364831731568913,,,,,-1.6218740463496175,3.0601092896174853,0.0,-0.394491633896088,-1.7364831731568913,,,,,-1.6218740463496175,3.0601092896174853,0.0,-0.394491633896088,-1.7364831731568913,,,,,-1.6218740463496175,3.0601092896174853,0.0,-0.394491633896088,-1.7364831731568913,,,,,-1.6218740463496175,3.0601092896174853,0.0,-0.394491633896088,-1.7364831731568913,,,,,-1.6218740463496175,3.0601092896174853,0.0,-0.394491633896088,-1.7364831731568913,,,250010.9999999064,3745404.090408285,3.0601092896174853,3995415.0904081916,4391026.5214803815,0.9099045680692417,3.0601092896174853,False,False,rising,rising,sell_advantage_weakening,decelerating,rally_weakening,False,False,False,pass,S0,🌱 초발사 준비,발사 구조 관찰 또는 초기 준비,S0,False,,,2026-09-05T10:40:00Z,33961613178-1
KRW-TAO,비트텐서,326000.0,319620.0,293306.0,329646.6666666667,0.21739584857543015,-8.97151780052232,3.041640544421305,-0.29779622990752996,-0.733361755613875,,,4.147530902910583,,False,False,False,False,-43.12313673137472,2.6141732283464503,11.0,A급,6.540222367560489,6.212436192757167,1.0,-0.0006015103027223745,-0.6018822077571753,False,False,False,False,2026-09-05T19:57:07.171995+09:00,1788605827,37708631.71088201,57938345.011734,0.6508406773311362,148,0.0,complete,1788604945712,1788606116598,561.81416041,562.89277168,-0.0009590154014572207,307800.0,327700.0,6.465237166991544,5.912930474333988,0.5187671650900214,8.542713567838993,complete_hourly_ordered,/v1/candles/minutes/60,120,False,10.859269282814621,295600.0,2026-09-02T20:00:00,327700.0,2026-09-05T19:00:00,D0,0.6408300274641454,6.542056074766475,False,False,,,,6.212436192757167,6.605624591236103,1.0,-0.0006015103027223745,-0.6018822077571753,-0.35421328660795126,,,,6.212436192757167,6.605624591236103,1.0,-0.0006015103027223745,-0.6018822077571753,-0.35421328660795126,,,,6.212436192757167,6.605624591236103,1.0,-0.0006015103027223745,-0.6018822077571753,-0.35421328660795126,,,,6.212436192757167,6.605624591236103,1.0,-0.0006015103027223745,-0.6018822077571753,-0.35421328660795126,,,,6.212436192757167,6.605624591236103,1.0,-0.0006015103027223745,-0.6018822077571753,-0.35421328660795126,,,,6.212436192757167,6.605624591236103,1.0,-0.0006015103027223745,-0.6018822077571753,-0.35421328660795126,,37708631.71088201,57938345.011734,6.605624591236103,95646976.72261602,11514988.037577499,8.306302743041151,6.605624591236103,False,False,rising,rising,sell_advantage_weakening,accelerating,neutral,False,False,False,pass,S0,🌱 초발사 준비,발사 구조 관찰 또는 초기 준비,S1,True,발사 구조 관찰 또는 초기 준비,2026-09-05T19:57:07.171995+09:00,2026-09-05T10:40:00Z,33961613178-1
KRW-QTUM,퀀텀,1179.0,1165.2666666666667,1029.04,1109.1666666666667,-0.051463860933198546,-13.23822851071549,-5.057851239669413,-0.3589294155707467,-0.8139371702287794,,,,,False,False,False,False,-59.839194568121876,3.9682539682539764,7.0,B급,1.2017167381974225,8.890205024962434,0.0,-0.442156190723475,-0.21408483251702481,False,False,False,False,2026-09-05T19:57:07.171995+09:00,1788605827,3278908.1805334007,23111423.53853041,0.1418739168129103,122,0.0,complete,1788605089882,1788605984781,18001.73316406,47271.42303946,-0.4484184859107758,1180.0,1192.0,1.016949152542379,-0.08474576271186862,1.0906040268456376,108.3333333333337,complete_hourly_ordered,/v1/candles/minutes/60,120,False,10.52158273381294,1112.0,2026-09-03T00:00:00,1229.0,2026-09-04T09:00:00,D-1,4.149715215622463,43.58974358974346,True,True,0.1418739168129103,,5264.578783244006,8.890205024962434,1.2017167381974225,0.0,-0.442156190723475,-0.21408483251702481,,0.1418739168129103,,5264.578783244006,8.890205024962434,1.2017167381974225,0.0,-0.442156190723475,-0.21408483251702481,,0.1418739168129103,,5264.578783244006,8.890205024962434,1.2017167381974225,0.0,-0.442156190723475,-0.21408483251702481,,0.1418739168129103,,5264.578783244006,8.890205024962434,1.2017167381974225,0.0,-0.442156190723475,-0.21408483251702481,,0.1418739168129103,,5264.578783244006,8.890205024962434,1.2017167381974225,0.0,-0.442156190723475,-0.21408483251702481,,0.1418739168129103,,5264.578783244006,8.890205024962434,1.2017167381974225,0.0,-0.442156190723475,-0.21408483251702481,,0.1418739168129103,3278908.1805334007,22680608.28774655,1.2017167381974225,26390331.71906381,1328882.50723401,19.859040641594206,1.2017167381974225,False,False,rising,rising,sell_advantage_weakening,accelerating,neutral,False,False,False,pass,S0,🌱 초발사 준비,발사 구조 관찰 또는 초기 준비,S0,False,,,2026-09-05T10:40:00Z,33961613178-1
KRW-LINK,체인링크,16080.0,15866.666666666666,13516.2,13026.583333333334,-0.1635974663366735,-17.389996202088348,-21.80221214311759,0.04383702347312237,-0.5060151486740608,,,,,False,False,False,False,1.6456535774698189,3.1430404105195597,5.0,관찰,0.6887914840325582,4.116514861285625,-1.0,-0.6822128055448351,0.26874416044687166,False,False,False,False,2026-09-05T19:57:07.171995+09:00,1788605827,7148473.964646699,13562068.0305184,0.5270932094250418,30,0.0,complete,1788605143428,1788606075908,19811.11922083,15653.80356234,0.1172233105907923,15960.0,16250.0,1.8170426065162948,0.7518796992481258,1.0461538461538462,58.6206896551722,complete_hourly_ordered,/v1/candles/minutes/60,120,False,10.807204803202142,14990.0,2026-09-02T19:00:00,16610.0,2026-09-04T18:00:00,D-1,3.2510535821794084,33.33333333333347,True,False,-0.5926347419610694,-56.61518934009613,-7.835683911619517,4.116514861285625,0.6887914840325582,-1.0,-0.6822128055448351,0.26874416044687166,,-0.5926347419610694,-56.61518934009613,-7.835683911619517,4.116514861285625,0.6887914840325582,-1.0,-0.6822128055448351,0.26874416044687166,,-0.5926347419610694,-56.61518934009613,-7.835683911619517,4.116514861285625,0.6887914840325582,-1.0,-0.6822128055448351,0.26874416044687166,,-0.5926347419610694,-56.61518934009613,-7.835683911619517,4.116514861285625,0.6887914840325582,-1.0,-0.6822128055448351,0.26874416044687166,,-0.5926347419610694,-56.61518934009613,-7.835683911619517,4.116514861285625,0.6887914840325582,-1.0,-0.6822128055448351,0.26874416044687166,,-0.5926347419610694,-56.61518934009613,-7.835683911619517,4.116514861285625,0.6887914840325582,-1.0,-0.6822128055448351,0.26874416044687166,,-0.5926347419610694,-9328430.868899802,-1153028.4472910017,0.6887914840325582,20710541.9951651,58940469.31451729,0.35138067674096385,0.6887914840325582,False,False,falling,falling,sell_advantage_accelerating,accelerating,neutral,False,False,False,pass,S0,🌱 초발사 준비,발사 구조 관찰 또는 초기 준비,S0,False,,,2026-09-05T10:40:00Z,33961613178-1
KRW-XRP,엑스알피(리플),1924.0,1952.9333333333334,1662.5,1746.625,-0.24857833622773384,-17.469674185463663,-11.811827572222624,-0.6334360983491603,-1.0835961592528822,,,,,False,False,False,False,-9.286864038698683,1.210526315789484,7.0,B급,0.2606882168926017,6.851588810623101,-1.0,-0.8307701170496395,0.2003004007754683,False,False,False,False,2026-09-05T19:57:07.171995+09:00,1788605827,299781847.48122996,282482643.4484078,1.0612398829947285,689,0.0,complete,1788604927914,1788606124232,2810238.41400916,1772335.04885909,0.22648919293056835,1917.0,1931.0,0.7303077725612894,0.3651538862806447,0.3625064733298809,50.0,complete_hourly_ordered,/v1/candles/minutes/60,120,False,12.153163152053281,1802.0,2026-09-02T19:00:00,2021.0,2026-09-04T05:00:00,D-1,4.997525977238992,46.11872146118717,True,False,0.23331728473362134,83.77719894422538,43.373141632867984,6.851588810623101,0.31282586027112647,-1.0,-0.8307701170496395,0.2003004007754683,,0.23331728473362134,83.77719894422538,43.373141632867984,6.851588810623101,0.31282586027112647,-1.0,-0.8307701170496395,0.2003004007754683,,0.23331728473362134,83.77719894422538,43.373141632867984,6.851588810623101,0.31282586027112647,-1.0,-0.8307701170496395,0.2003004007754683,,0.23331728473362134,83.77719894422538,43.373141632867984,6.851588810623101,0.31282586027112647,-1.0,-0.8307701170496395,0.2003004007754683,,0.23331728473362134,83.77719894422538,43.373141632867984,6.851588810623101,0.31282586027112647,-1.0,-0.8307701170496395,0.2003004007754683,,0.23331728473362134,83.77719894422538,43.373141632867984,6.851588810623101,0.31282586027112647,-1.0,-0.8307701170496395,0.2003004007754683,,0.23331728473362134,136659409.44025683,85456449.9569141,0.31282586027112647,582264490.9296378,2587490789.7729383,0.22503055594672614,0.31282586027112647,False,False,rising,rising,buy_advantage_accelerating,accelerating,leading_buy_inflow,False,False,False,pass,S0,🌱 초발사 준비,발사 구조 관찰 또는 초기 준비,S0,False,,,2026-09-05T10:40:00Z,33961613178-1
KRW-CHZ,칠리즈,18.5,19.113333333333333,19.092,32.37,-0.41681139284472923,-0.11173964662337385,40.9535578210277,-0.7795851270160076,-0.7647852591656417,,,,,False,False,False,False,-1.7513293728378065,1.6393442622950838,7.0,B급,1.6393442622950838,-17.272872512292004,0.0,-0.45155774447780406,-0.47512259501381493,False,False,False,False,2026-09-05T19:57:07.171995+09:00,1788605827,34478645.037382476,157494.11166029001,218.920216596744,67,0.0,complete,1788604956943,1788606045502,14324830.93980912,13950317.01992721,0.013245338995757548,18.3,18.6,1.6393442622950838,1.0928961748633892,0.5376344086021582,33.33333333333333,complete_hourly_ordered,/v1/candles/minutes/60,120,False,5.555555555555558,18.0,2026-09-02T19:00:00,19.0,2026-09-04T00:00:00,D-1,2.1052631578947323,39.999999999999844,False,True,,2646.214952781436,,-17.272872512292004,1.0928961748633892,0.0,-0.45155774447780406,-0.47512259501381493,,,2646.214952781436,,-17.272872512292004,1.0928961748633892,0.0,-0.45155774447780406,-0.47512259501381493,,,2646.214952781436,,-17.272872512292004,1.0928961748633892,0.0,-0.45155774447780406,-0.47512259501381493,,,2646.214952781436,,-17.272872512292004,1.0928961748633892,0.0,-0.45155774447780406,-0.47512259501381493,,,2646.214952781436,,-17.272872512292004,1.0928961748633892,0.0,-0.45155774447780406,-0.47512259501381493,,,2646.214952781436,,-17.272872512292004,1.0928961748633892,0.0,-0.45155774447780406,-0.47512259501381493,,,33223148.085024044,157494.11166029001,1.0928961748633892,34636139.14904276,5969638.325959005,5.802049849222409,1.0928961748633892,False,False,rising,rising,buy_advantage_weakening,decelerating,rally_weakening,False,False,False,pass,S0,🌱 초발사 준비,발사 구조 관찰 또는 초기 준비,S0,False,,,2026-09-05T10:40:00Z,33961613178-1
KRW-ASTR,아스타,8.03,7.649333333333333,7.1616,8.520249999999999,0.4464676529808198,-6.810396187071785,10.221726670774522,-0.8668788931330382,-1.2453412758774083,,,8.207972279384043,,False,False,False,False,-65.97172901524195,5.242463958060273,11.0,A급,2.9487179487179382,3.1996324432024608,0.0,-0.401813693665809,-0.9956984556354431,False,False,False,False,2026-09-05T19:57:07.171995+09:00,1788605827,0.0,105552.0503097401,0.0,2,0.0,complete,1788605778357,1788606058723,8065477.92620563,6184236.38952827,0.13201959667361032,7.91,8.05,1.7699115044247815,1.5170670037926604,0.24844720496896086,14.285714285714823,complete_hourly_ordered,/v1/candles/minutes/60,120,False,9.375,7.36,2026-09-02T03:00:00,8.05,2026-09-05T17:00:00,D0,0.2484472049689601,2.8985507246377438,False,True,,-100.0,,3.1996324432024608,2.9487179487179382,0.0,-0.401813693665809,-0.9956984556354431,-0.2761968118955771,,-100.0,,3.1996324432024608,2.9487179487179382,0.0,-0.401813693665809,-0.9956984556354431,-0.2761968118955771,,-100.0,,3.1996324432024608,2.9487179487179382,0.0,-0.401813693665809,-0.9956984556354431,-0.2761968118955771,,-100.0,,3.1996324432024608,2.9487179487179382,0.0,-0.401813693665809,-0.9956984556354431,-0.2761968118955771,,-100.0,,3.1996324432024608,2.9487179487179382,0.0,-0.401813693665809,-0.9956984556354431,-0.2761968118955771,,-100.0,,3.1996324432024608,2.9487179487179382,0.0,-0.401813693665809,-0.9956984556354431,-0.2761968118955771,,-9989.999999928,105552.0503097401,2.9487179487179382,105552.0503097401,1073770.919167675,0.09830034360732913,2.9487179487179382,False,True,falling,rising,sell_only,accelerating,neutral,False,False,False,pass,S1,⚡ 선행 시동,가격 미급등 상태에서 선행조건 3개 개선,S1,False,,,2026-09-05T10:40:00Z,33961613178-1
KRW-ZK,지케이싱크,13.6,12.346666666666666,12.027999999999999,15.913333333333332,0.3794037940379358,-2.6493736836270965,22.413070800167574,-0.9488888660393797,-1.0307733489832895,,,,,False,False,False,False,-52.1391895805165,13.223140495867769,6.0,관찰,6.201550387596888,-67.27662149668464,-1.0,-0.0016522756408843264,-0.9531629660661984,False,False,False,False,2026-09-05T19:57:07.171995+09:00,1788605827,11335831.968357876,84551540.59938003,0.13407008184592434,82,0.0,complete,1788604962521,1788606120364,18964201.8218842,57128277.44855576,-0.501548589198057,12.9,14.8,14.72868217054264,5.426356589147274,8.108108108108116,63.1578947368422,complete_hourly_ordered,/v1/candles/minutes/60,120,False,26.49572649572651,11.7,2026-09-02T10:00:00,14.8,2026-09-05T15:00:00,D0,8.108108108108114,38.70967741935484,False,True,,,,-67.27662149668464,5.426356589147274,-1.0,-0.0016522756408843264,-0.9531629660661984,,,,,-67.27662149668464,5.426356589147274,-1.0,-0.0016522756408843264,-0.9531629660661984,,,,,-67.27662149668464,5.426356589147274,-1.0,-0.0016522756408843264,-0.9531629660661984,,,,,-67.27662149668464,5.426356589147274,-1.0,-0.0016522756408843264,-0.9531629660661984,,,,,-67.27662149668464,5.426356589147274,-1.0,-0.0016522756408843264,-0.9531629660661984,,,,,-67.27662149668464,5.426356589147274,-1.0,-0.0016522756408843264,-0.9531629660661984,,,11335831.968357876,84551540.59938003,5.426356589147274,95887372.5677379,7762394.446384134,12.352808560560074,5.426356589147274,False,False,rising,rising,sell_advantage_weakening,decelerating,rally_weakening,False,True,False,pass,S0,🌱 초발사 준비,발사 구조 관찰 또는 초기 준비,S3,True,발사 구조 관찰 또는 초기 준비,2026-09-05T19:57:07.171995+09:00,2026-09-05T10:40:00Z,33961613178-1
KRW-STORJ,스토리지,76.8,67.75333333333333,74.214,106.96416666666667,1.8540789737422347,8.705455394759303,36.657915033850905,-2.3957213991164075,-1.5518209630519535,3.6337511523543844,,,,False,False,False,False,-47.78194542114448,-17.684887459807076,6.0,관찰,5.785123966942152,-4195.9107586163545,0.0,0.13153206509872728,-1.9649505934690694,False,False,False,False,2026-09-05T19:57:07.171995+09:00,1788605827,8890716.607523983,6807782.379617948,1.3059636915160806,62,0.0,complete,1788604994058,1788606137713,1426549.07074912,1979719.74611222,-0.1623978332610905,78.6,81.6,3.8167938931297662,-2.2900763358778553,5.8823529411764675,159.9999999999999,complete_hourly_ordered,/v1/candles/minutes/60,120,False,60.24653312788906,64.9,2026-08-31T21:00:00,104.0,2026-09-01T09:00:00,D-4,25.576923076923073,68.03069053708438,True,True,-2.3157063558532145,-54.4975183121985,26.18649054352471,-4195.9107586163545,5.785123966942152,0.0,0.13153206509872728,-1.9649505934690694,,-2.3157063558532145,-54.4975183121985,26.18649054352471,-4195.9107586163545,5.785123966942152,0.0,0.13153206509872728,-1.9649505934690694,,-2.3157063558532145,-54.4975183121985,26.18649054352471,-4195.9107586163545,5.785123966942152,0.0,0.13153206509872728,-1.9649505934690694,,-2.3157063558532145,-54.4975183121985,26.18649054352471,-4195.9107586163545,5.785123966942152,0.0,0.13153206509872728,-1.9649505934690694,,-2.3157063558532145,-54.4975183121985,26.18649054352471,-4195.9107586163545,5.785123966942152,0.0,0.13153206509872728,-1.9649505934690694,,-2.3157063558532145,-54.4975183121985,26.18649054352471,-4195.9107586163545,5.785123966942152,0.0,0.13153206509872728,-1.9649505934690694,,-2.3157063558532145,-10648254.18647437,1412765.5673627704,5.785123966942152,15698498.987141931,24915544.07790815,0.6300684800642707,5.785123966942152,False,False,falling,rising,buy_advantage_weakening,decelerating,rally_weakening,True,True,False,🔴 1차 급등 완료·상승분 반납 / 신규매수 금지,S3,🔴 1차 급등 완료·반납,당일/5D 급등 후 상승분 상당 부분 반납,S3,False,,,2026-09-05T10:40:00Z,33961613178-1
KRW-ENA,에테나,224.0,216.93333333333334,153.72,143.4,0.8679479231246123,-41.122387024026374,-51.278475127847514,-1.3821497101898566,-3.023110414877041,,,,,False,False,False,False,-39.41619747676685,8.737864077669899,6.0,관찰,-0.8849557522123908,-3.313473389727477,-1.0,-1.1870631423195777,-0.955406264700656,False,False,False,False,2026-09-05T19:57:07.171995+09:00,1788605827,169938614.8349534,31820000.336163126,5.340622659950754,158,0.0,complete,1788604927490,1788606103707,9116301.91507651,4644441.77453528,0.3249722719504695,223.0,228.0,2.2421524663677195,0.4484304932735439,1.7543859649122806,80.0,complete_hourly_ordered,/v1/candles/minutes/60,120,False,22.388059701492537,201.0,2026-09-01T06:00:00,246.0,2026-09-04T02:00:00,D-1,9.349593495934961,51.11111111111113,False,True,0.343356617816835,82.71109710217324,70.96432742135403,-3.313473389727477,-0.8849557522123908,-1.0,-1.1870631423195777,-0.955406264700656,,0.343356617816835,82.71109710217324,70.96432742135403,-3.313473389727477,-0.8849557522123908,-1.0,-1.1870631423195777,-0.955406264700656,,0.343356617816835,82.71109710217324,70.96432742135403,-3.313473389727477,-0.8849557522123908,-1.0,-1.1870631423195777,-0.955406264700656,,0.343356617816835,82.71109710217324,70.96432742135403,-3.313473389727477,-0.8849557522123908,-1.0,-1.1870631423195777,-0.955406264700656,,0.343356617816835,82.71109710217324,70.96432742135403,-3.313473389727477,-0.8849557522123908,-1.0,-1.1870631423195777,-0.955406264700656,,0.343356617816835,82.71109710217324,70.96432742135403,-3.313473389727477,-0.8849557522123908,-1.0,-1.1870631423195777,-0.955406264700656,,0.343356617816835,76929149.32891321,13207930.311905716,-0.8849557522123908,201758615.17111653,271377028.5632452,0.7434623934062868,-0.8849557522123908,False,False,rising,rising,buy_advantage_accelerating,decelerating,neutral,False,False,False,pass,S0,🌱 초발사 준비,발사 구조 관찰 또는 초기 준비,S0,False,,,2026-09-05T10:40:00Z,33961613178-1
KRW-MANA,디센트럴랜드,102.0,102.65333333333334,97.81200000000001,106.94333333333334,-0.2591009198082639,-4.949631265420729,4.011470249041554,-0.5232612190037578,-0.6848352021731784,,,5.857570166241468,,False,False,False,False,-36.67111599451164,3.238866396761142,11.0,A급,2.0000000000000018,-28.15684002448695,0.0,-0.4474248369457201,-0.11182465820762744,False,False,False,False,2026-09-05T19:57:07.171995+09:00,1788605827,0.0,4310905.65066066,0.0,6,0.0,complete,1788604968568,1788605984566,1496449.47023286,2784751.70560716,-0.3009207422077101,101.0,103.0,1.980198019801982,0.990099009900991,0.9708737864077669,50.0,complete_hourly_ordered,/v1/candles/minutes/60,120,False,8.4710743801653,96.8,2026-08-31T23:00:00,105.0,2026-09-04T08:00:00,D-1,2.857142857142858,36.58536585365869,False,False,,,,-28.15684002448695,2.0000000000000018,0.0,-0.4474248369457201,-0.11182465820762744,1.276177740294953,,,,-28.15684002448695,2.0000000000000018,0.0,-0.4474248369457201,-0.11182465820762744,1.276177740294953,,,,-28.15684002448695,2.0000000000000018,0.0,-0.4474248369457201,-0.11182465820762744,1.276177740294953,,,,-28.15684002448695,2.0000000000000018,0.0,-0.4474248369457201,-0.11182465820762744,1.276177740294953,,,,-28.15684002448695,2.0000000000000018,0.0,-0.4474248369457201,-0.11182465820762744,1.276177740294953,,,,-28.15684002448695,2.0000000000000018,0.0,-0.4474248369457201,-0.11182465820762744,1.276177740294953,,0.0,4310905.65066066,2.0000000000000018,4310905.65066066,1935819.63735018,2.2269149292036237,2.0000000000000018,False,False,flat_or_na,rising,sell_only,decelerating,rally_weakening,False,False,False,pass,S0,🌱 초발사 준비,발사 구조 관찰 또는 초기 준비,S0,False,,,2026-09-05T10:40:00Z,33961613178-1
KRW-OPEN,오픈렛저,171.0,197.73333333333332,236.6,260.51666666666665,-2.305665349143615,16.42716258100874,24.099545774422623,1.202195007820053,1.0482500795981504,,,,,False,False,False,False,40.68224773701523,-6.5573770491803245,3.0,-,1.7857142857142794,-225.0381682133396,-1.0,-0.5910098978333611,1.4171000150537907,False,False,False,False,2026-09-05T19:57:07.171995+09:00,1788605827,1290384.54792158,3301788.3423589696,0.3908138299984614,18,0.0,complete,1788605046211,1788606088170,1215121.71567417,2610343.29583857,-0.3647194722642815,166.0,177.0,6.626506024096379,3.0120481927710774,3.389830508474576,54.54545454545461,complete_hourly_ordered,/v1/candles/minutes/60,120,False,12.73885350318471,157.0,2026-09-03T06:00:00,177.0,2026-09-05T16:00:00,D0,3.3898305084745783,30.0,False,False,,-71.10476106479577,,-225.0381682133396,1.7857142857142794,-1.0,-0.5910098978333611,1.4171000150537907,,,-71.10476106479577,,-225.0381682133396,1.7857142857142794,-1.0,-0.5910098978333611,1.4171000150537907,,,-71.10476106479577,,-225.0381682133396,1.7857142857142794,-1.0,-0.5910098978333611,1.4171000150537907,,,-71.10476106479577,,-225.0381682133396,1.7857142857142794,-1.0,-0.5910098978333611,1.4171000150537907,,,-71.10476106479577,,-225.0381682133396,1.7857142857142794,-1.0,-0.5910098978333611,1.4171000150537907,,,-71.10476106479577,,-225.0381682133396,1.7857142857142794,-1.0,-0.5910098978333611,1.4171000150537907,,,-3175349.585010099,3301788.3423589696,1.7857142857142794,4592172.890280549,7215827.7554473,0.6364027864736478,1.7857142857142794,False,False,falling,rising,sell_advantage_weakening,decelerating,rally_weakening,False,False,False,pass,S0,🌱 초발사 준비,발사 구조 관찰 또는 초기 준비,S0,False,,,2026-09-05T10:40:00Z,33961613178-1
KRW-PYTH,피스네트워크,74.1,70.63333333333334,63.256,62.0275,0.6555196655899875,-11.662661776484981,-13.874222455093847,-1.5272577050404965,-1.7431928271543575,,,,,False,False,False,False,56.488762143102164,8.65102639296187,7.0,B급,-1.331557922769644,101.57106108931484,1.0,-0.7012932674354211,-0.8895080544502427,False,False,False,False,2026-09-05T19:57:07.171995+09:00,1788605827,2748947.2763599856,490079.365078875,5.609187964723961,9,0.0,complete,1788605195616,1788606112735,1193565.99171986,551274.44654913,0.3681090437174475,74.5,74.9,0.5369127516778649,-0.5369127516778649,1.068090787716971,200.0,complete_hourly_ordered,/v1/candles/minutes/60,120,False,28.169014084507047,63.9,2026-08-31T21:00:00,81.9,2026-09-03T13:00:00,D-2,9.523809523809534,43.33333333333339,True,False,-91.38392672098074,-87.62415732406305,114.00094551091837,101.57106108931484,-1.331557922769644,1.0,-0.7012932674354211,-0.8895080544502427,,-91.38392672098074,-87.62415732406305,114.00094551091837,101.57106108931484,-1.331557922769644,1.0,-0.7012932674354211,-0.8895080544502427,,-91.38392672098074,-87.62415732406305,114.00094551091837,101.57106108931484,-1.331557922769644,1.0,-0.7012932674354211,-0.8895080544502427,,-91.38392672098074,-87.62415732406305,114.00094551091837,101.57106108931484,-1.331557922769644,1.0,-0.7012932674354211,-0.8895080544502427,,-91.38392672098074,-87.62415732406305,114.00094551091837,101.57106108931484,-1.331557922769644,1.0,-0.7012932674354211,-0.8895080544502427,,-91.38392672098074,-87.62415732406305,114.00094551091837,101.57106108931484,-1.331557922769644,1.0,-0.7012932674354211,-0.8895080544502427,,-91.38392672098074,-19463255.547653917,261071.32779715603,-1.331557922769644,3239026.6414388604,15665650.494678374,0.20675979223072535,-1.331557922769644,False,False,falling,rising,buy_advantage_weakening,accelerating,neutral,False,False,False,pass,S0,🌱 초발사 준비,발사 구조 관찰 또는 초기 준비,S0,False,,,2026-09-05T10:40:00Z,33961613178-1
KRW-ENS,이더리움네임서비스,7970.0,7932.0,6686.1,7306.75,-0.1259128682951416,-18.634181361331713,-8.557156054333321,-1.0236422256529665,-1.6169298285354206,,,,,False,False,False,False,91.68901064179371,-0.9322560596643825,9.0,B급,1.4640356460853043,49.45443674672876,-1.0,-1.5243353794867853,-0.3179265585402504,False,False,False,False,2026-09-05T19:57:07.171995+09:00,1788605827,793785.2228390999,6577668.919288299,0.12067880469194961,34,0.0,complete,1788605031421,1788606147390,29971.18937232,18073.55944917,0.2476364267686273,8060.0,8150.0,1.1166253101736912,-1.1166253101737023,2.208588957055215,200.00000000000097,complete_hourly_ordered,/v1/candles/minutes/60,120,False,15.185444366690003,7145.0,2026-09-03T04:00:00,8230.0,2026-09-04T10:00:00,D-1,3.2199270959902826,24.423963133640676,False,False,-4.359893133421196,-90.3103552634442,259.757874696565,49.45443674672876,1.4640356460853043,-1.0,-1.5243353794867853,-0.3179265585402504,,-4.359893133421196,-90.3103552634442,259.757874696565,49.45443674672876,1.4640356460853043,-1.0,-1.5243353794867853,-0.3179265585402504,,-4.359893133421196,-90.3103552634442,259.757874696565,49.45443674672876,1.4640356460853043,-1.0,-1.5243353794867853,-0.3179265585402504,,-4.359893133421196,-90.3103552634442,259.757874696565,49.45443674672876,1.4640356460853043,-1.0,-1.5243353794867853,-0.3179265585402504,,-4.359893133421196,-90.3103552634442,259.757874696565,49.45443674672876,1.4640356460853043,-1.0,-1.5243353794867853,-0.3179265585402504,,-4.359893133421196,-90.3103552634442,259.757874696565,49.45443674672876,1.4640356460853043,-1.0,-1.5243353794867853,-0.3179265585402504,,-4.359893133421196,-7398313.08850985,4749308.963349549,1.4640356460853043,7371454.142127399,44798656.61063762,0.16454632124787907,1.4640356460853043,False,True,falling,rising,sell_advantage_accelerating,accelerating,neutral,False,False,False,pass,S0,🌱 초발사 준비,발사 구조 관찰 또는 초기 준비,S1,True,발사 구조 관찰 또는 초기 준비,2026-09-05T19:57:07.171995+09:00,2026-09-05T10:40:00Z,33961613178-1
KRW-GRT,더그래프,23.7,23.466666666666665,21.968000000000004,27.970833333333335,0.028417163967042747,-6.8220441854818885,16.103083569194112,-1.0891841718380335,-1.0492886877908567,,,,,False,False,False,False,37.66740297984612,4.867256637168138,8.0,B급,2.5974025974025983,11.928913337340699,-3.0,-0.6584746505721606,-0.4677351893284545,False,False,False,False,2026-09-05T19:57:07.171995+09:00,1788605827,5000.999999887999,397489.539749415,0.012581463157598375,3,0.0,complete,1788604986787,1788605248877,5504844.25485728,4961839.66307748,0.051879334088741964,23.2,24.1,3.8793103448276023,2.155172413793105,1.659751037344407,44.444444444444635,complete_hourly_ordered,/v1/candles/minutes/60,120,False,10.045662100456632,21.9,2026-09-02T20:00:00,24.1,2026-09-05T15:00:00,D0,1.6597510373444035,18.18181818181815,False,True,-0.9863308453306626,-1.8344025880418058,7693.912543922791,11.928913337340699,2.5974025974025983,-3.0,-0.6584746505721606,-0.4677351893284545,,-0.9863308453306626,-1.8344025880418058,7693.912543922791,11.928913337340699,2.5974025974025983,-3.0,-0.6584746505721606,-0.4677351893284545,,-0.9863308453306626,-1.8344025880418058,7693.912543922791,11.928913337340699,2.5974025974025983,-3.0,-0.6584746505721606,-0.4677351893284545,,-0.9863308453306626,-1.8344025880418058,7693.912543922791,11.928913337340699,2.5974025974025983,-3.0,-0.6584746505721606,-0.4677351893284545,,-0.9863308453306626,-1.8344025880418058,7693.912543922791,11.928913337340699,2.5974025974025983,-3.0,-0.6584746505721606,-0.4677351893284545,,-0.9863308453306626,-1.8344025880418058,7693.912543922791,11.928913337340699,2.5974025974025983,-3.0,-0.6584746505721606,-0.4677351893284545,,-0.9863308453306626,-93.45277352200083,392389.539749295,2.5974025974025983,402490.539749303,2012401.8244195012,0.20000505608039076,2.5974025974025983,False,True,falling,rising,sell_advantage_accelerating,accelerating,neutral,False,False,False,pass,S0,🌱 초발사 준비,발사 구조 관찰 또는 초기 준비,S1,True,발사 구조 관찰 또는 초기 준비,2026-09-05T19:57:07.171995+09:00,2026-09-05T10:40:00Z,33961613178-1
KRW-PUMP,펌프펀,5.78,6.352,4.2989999999999995,3.1944999999999997,0.21034917963820288,-47.75529192835546,-98.84175927375179,0.845740153631968,-0.5862316256917396,,,,,False,False,False,False,-38.236873152745275,-5.709624796084823,4.0,-,-1.7006802721088343,8.325887369439215,-1.0,-0.4242356960889371,1.0479495049042384,False,False,False,False,2026-09-05T19:57:07.171995+09:00,1788605827,4298106.711106447,1232370.105029053,3.4876752475305453,19,0.0,complete,1788604937394,1788606151826,39095812.69954203,20536895.64056944,0.31122042878084544,5.82,5.86,0.6872852233676952,-0.6872852233676952,1.3651877133105812,200.0,complete_hourly_ordered,/v1/candles/minutes/60,120,False,12.862318840579734,5.52,2026-09-03T07:00:00,6.23,2026-09-04T02:00:00,D-1,7.223113964687,63.38028169014074,True,False,3.147869451969043,52.808437984697896,-85.11180395173935,8.325887369439215,-1.7006802721088343,-1.0,-0.4242356960889371,1.0479495049042384,,3.147869451969043,52.808437984697896,-85.11180395173935,8.325887369439215,-1.7006802721088343,-1.0,-0.4242356960889371,1.0479495049042384,,3.147869451969043,52.808437984697896,-85.11180395173935,8.325887369439215,-1.7006802721088343,-1.0,-0.4242356960889371,1.0479495049042384,,3.147869451969043,52.808437984697896,-85.11180395173935,8.325887369439215,-1.7006802721088343,-1.0,-0.4242356960889371,1.0479495049042384,,3.147869451969043,52.808437984697896,-85.11180395173935,8.325887369439215,-1.7006802721088343,-1.0,-0.4242356960889371,1.0479495049042384,,3.147869451969043,52.808437984697896,-85.11180395173935,8.325887369439215,-1.7006802721088343,-1.0,-0.4242356960889371,1.0479495049042384,,3.147869451969043,1485364.975249651,-7045127.726368912,-1.7006802721088343,5530476.8161355,50535587.3928635,0.10943727186035437,-1.7006802721088343,False,False,rising,falling,buy_advantage_accelerating,accelerating,leading_buy_inflow,False,False,False,pass,S0,🌱 초발사 준비,발사 구조 관찰 또는 초기 준비,S0,False,,,2026-09-05T10:40:00Z,33961613178-1
KRW-XTZ,테조스,318.0,309.53333333333336,302.34,364.6166666666667,-0.27920962199311505,-2.379219862847584,15.107190199753159,-0.3128588519749108,-0.6178469567258122,,,,,False,False,False,False,9.819485002322036,8.163265306122458,7.0,B급,1.9230769230769162,-12.227446005836029,-1.0,-0.4083251804179011,-0.32356225390006443,False,False,False,False,2026-09-05T19:57:07.171995+09:00,1788605827,0.0,0.0,,0,0.0,complete,,,127822.96867814,150481.83118703,-0.08141743340347535,315.0,320.0,1.5873015873015817,0.952380952380949,0.625,40.0,complete_hourly_ordered,/v1/candles/minutes/60,120,False,13.793103448275868,290.0,2026-09-02T10:00:00,330.0,2026-09-04T20:00:00,D-1,3.6363636363636376,30.00000000000006,False,False,,,,-12.227446005836029,1.9230769230769162,-1.0,-0.4083251804179011,-0.32356225390006443,,,,,-12.227446005836029,1.9230769230769162,-1.0,-0.4083251804179011,-0.32356225390006443,,,,,-12.227446005836029,1.9230769230769162,-1.0,-0.4083251804179011,-0.32356225390006443,,,,,-12.227446005836029,1.9230769230769162,-1.0,-0.4083251804179011,-0.32356225390006443,,,,,-12.227446005836029,1.9230769230769162,-1.0,-0.4083251804179011,-0.32356225390006443,,,,,-12.227446005836029,1.9230769230769162,-1.0,-0.4083251804179011,-0.32356225390006443,,,0.0,0.0,1.9230769230769162,0,1288340.20650456,0.0,1.9230769230769162,False,False,flat_or_na,flat_or_na,unavailable,decelerating,neutral,False,False,False,pass,S0,🌱 초발사 준비,발사 구조 관찰 또는 초기 준비,S0,False,,,2026-09-05T10:40:00Z,33961613178-1
KRW-CKB,너보스,1.47,1.398,1.2748,1.5420833333333335,0.527325023969305,-9.664261060558518,9.343420697108904,-0.9327166243364363,-1.3164005797144842,,,7.097703268358793,,False,False,False,False,58.15563008504847,3.5211267605633756,12.0,A급,2.7972027972027913,-39.521941903897726,-2.0,-0.49061002208012905,-1.0221707007405616,False,False,False,False,2026-09-05T19:57:07.171995+09:00,1788605827,0.0,0.0,,0,0.0,complete,,,41321946.93830851,137364332.606387,-0.5374916636733433,1.46,1.47,0.6849315068493178,0.6849315068493178,0.0,0.0,complete_hourly_ordered,/v1/candles/minutes/60,120,False,8.088235294117641,1.36,2026-09-03T08:00:00,1.47,2026-09-05T16:00:00,D0,0.0,0.0,False,True,,-100.0,,-39.521941903897726,2.7972027972027913,-2.0,-0.49061002208012905,-1.0221707007405616,-0.3465953019732817,,-100.0,,-39.521941903897726,2.7972027972027913,-2.0,-0.49061002208012905,-1.0221707007405616,-0.3465953019732817,,-100.0,,-39.521941903897726,2.7972027972027913,-2.0,-0.49061002208012905,-1.0221707007405616,-0.3465953019732817,,-100.0,,-39.521941903897726,2.7972027972027913,-2.0,-0.49061002208012905,-1.0221707007405616,-0.3465953019732817,,-100.0,,-39.521941903897726,2.7972027972027913,-2.0,-0.49061002208012905,-1.0221707007405616,-0.3465953019732817,,-100.0,,-39.521941903897726,2.7972027972027913,-2.0,-0.49061002208012905,-1.0221707007405616,-0.3465953019732817,,-8762729.586364567,0.0,2.7972027972027913,0,1493915.570686563,0.0,2.7972027972027913,False,True,falling,flat_or_na,unavailable,decelerating,neutral,False,False,False,pass,S0,🌱 초발사 준비,발사 구조 관찰 또는 초기 준비,S1,True,발사 구조 관찰 또는 초기 준비,2026-09-05T19:57:07.171995+09:00,2026-09-05T10:40:00Z,33961613178-1
KRW-KAVA,카바,67.7,64.52,61.88,69.50333333333333,0.5610972568578454,-4.266321913380726,7.1699199079180875,-0.9671744441983166,-1.1860414710755642,,,6.045252280610416,,False,False,False,False,-60.74647102752997,4.961240310077519,12.0,A급,-0.4411764705882337,-6.792544912269108,0.0,-0.4571685420084126,-0.8726520906007291,False,False,False,False,2026-09-05T19:57:07.171995+09:00,1788605827,0.0,0.0,,0,0.0,complete,,,547545.89281293,446508.64681873,0.10164155181227652,68.0,68.8,1.17647058823529,-0.4411764705882337,1.5988372093023173,137.5,complete_hourly_ordered,/v1/candles/minutes/60,120,False,12.00000000000001,62.5,2026-08-31T21:00:00,70.0,2026-09-03T21:00:00,D-2,3.2857142857142807,30.666666666666785,False,True,,,,-6.792544912269108,-0.4411764705882337,0.0,-0.4571685420084126,-0.8726520906007291,-0.6016886001435244,,,,-6.792544912269108,-0.4411764705882337,0.0,-0.4571685420084126,-0.8726520906007291,-0.6016886001435244,,,,-6.792544912269108,-0.4411764705882337,0.0,-0.4571685420084126,-0.8726520906007291,-0.6016886001435244,,,,-6.792544912269108,-0.4411764705882337,0.0,-0.4571685420084126,-0.8726520906007291,-0.6016886001435244,,,,-6.792544912269108,-0.4411764705882337,0.0,-0.4571685420084126,-0.8726520906007291,-0.6016886001435244,,,,-6.792544912269108,-0.4411764705882337,0.0,-0.4571685420084126,-0.8726520906007291,-0.6016886001435244,,0.0,0.0,-0.4411764705882337,0,1201434.0944114055,0.0,-0.4411764705882337,False,False,flat_or_na,flat_or_na,unavailable,decelerating,neutral,False,False,False,pass,S0,🌱 초발사 준비,발사 구조 관찰 또는 초기 준비,S0,False,,,2026-09-05T10:40:00Z,33961613178-1
KRW-TOSHI,토시,0.165,0.17126666666666665,0.15736,0.18490833333333334,-0.46493607129021175,-8.837485172004735,7.377529406462674,-0.4025415066947934,-0.7951974732595357,,,9.277606700914156,,False,False,False,False,9.354709398624728,-2.3668639053254448,11.0,A급,1.85185185185186,-27.827041232077818,-1.0,-0.7369920370889016,-0.08301578722454206,False,False,False,False,2026-09-05T19:57:07.171995+09:00,1788605827,842735.640787757,3432673.286637774,0.24550418010016836,11,0.0,complete,1788604984062,1788606108154,289543489.45699364,732528816.8769546,-0.43341877543761714,0.163,0.168,3.0674846625766916,1.2269938650306678,1.7857142857142874,60.000000000000284,complete_hourly_ordered,/v1/candles/minutes/60,120,False,7.594936708860756,0.158,2026-09-03T13:00:00,0.17,2026-09-04T02:00:00,D-1,2.941176470588236,41.66666666666662,False,False,,,,-27.827041232077818,1.85185185185186,-1.0,-0.7369920370889016,-0.08301578722454206,2.379629250711333,,,,-27.827041232077818,1.85185185185186,-1.0,-0.7369920370889016,-0.08301578722454206,2.379629250711333,,,,-27.827041232077818,1.85185185185186,-1.0,-0.7369920370889016,-0.08301578722454206,2.379629250711333,,,,-27.827041232077818,1.85185185185186,-1.0,-0.7369920370889016,-0.08301578722454206,2.379629250711333,,,,-27.827041232077818,1.85185185185186,-1.0,-0.7369920370889016,-0.08301578722454206,2.379629250711333,,,,-27.827041232077818,1.85185185185186,-1.0,-0.7369920370889016,-0.08301578722454206,2.379629250711333,,842735.640787757,3432673.286637774,1.85185185185186,4275408.927425532,1245037.703247351,3.433959402413485,1.85185185185186,False,False,rising,rising,sell_advantage_weakening,decelerating,rally_weakening,False,False,False,pass,S0,🌱 초발사 준비,발사 구조 관찰 또는 초기 준비,S0,False,,,2026-09-05T10:40:00Z,33961613178-1
KRW-BARD,롬바드,169.0,167.93333333333334,165.2,221.29166666666666,0.11923688394277487,-1.6545601291364096,24.112219920918843,-0.7564342676765308,-1.061680142479902,,,,,False,False,False,False,-32.723272759545864,-7.14285714285714,6.0,관찰,2.4242424242424176,-95.12981206318477,-2.0,-0.36057119282653094,-0.8700555371206349,False,False,False,False,2026-09-05T19:57:07.171995+09:00,1788605827,0.0,0.0,,0,0.0,complete,,,1216494.83850552,1359125.13842221,-0.05537707472156793,167.0,169.0,1.1976047904191711,1.1976047904191711,0.0,0.0,complete_hourly_ordered,/v1/candles/minutes/60,120,False,8.333333333333325,180.0,2026-08-31T20:00:00,195.0,2026-08-31T21:00:00,D-4,13.33333333333333,173.3333333333334,False,True,,,-100.0,-95.12981206318477,2.4242424242424176,-2.0,-0.36057119282653094,-0.8700555371206349,,,,-100.0,-95.12981206318477,2.4242424242424176,-2.0,-0.36057119282653094,-0.8700555371206349,,,,-100.0,-95.12981206318477,2.4242424242424176,-2.0,-0.36057119282653094,-0.8700555371206349,,,,-100.0,-95.12981206318477,2.4242424242424176,-2.0,-0.36057119282653094,-0.8700555371206349,,,,-100.0,-95.12981206318477,2.4242424242424176,-2.0,-0.36057119282653094,-0.8700555371206349,,,,-100.0,-95.12981206318477,2.4242424242424176,-2.0,-0.36057119282653094,-0.8700555371206349,,,0.0,-458508.94053195,2.4242424242424176,0,5097248.9599670805,0.0,2.4242424242424176,False,False,flat_or_na,falling,unavailable,decelerating,neutral,False,True,False,pass,S0,🌱 초발사 준비,발사 구조 관찰 또는 초기 준비,S3,True,발사 구조 관찰 또는 초기 준비,2026-09-05T19:57:07.171995+09:00,2026-09-05T10:40:00Z,33961613178-1
KRW-ZRO,레이어제로,1426.0,1514.9333333333334,1263.42,1442.475,0.25588987911409067,-19.90734144887158,-5.02319508714768,-0.8116470324225229,-1.5204926539199306,,,,,False,False,False,False,-27.22496752415863,0.635144671841914,7.0,B급,-1.5873015873015928,19.613054235240554,-2.0,-0.8399761223114366,-0.5935398076267138,False,False,False,False,2026-09-05T19:57:07.171995+09:00,1788605827,1060828.22088612,7264511.461115081,0.14602884537583016,26,0.0,complete,1788605061500,1788606055205,122300.78079676,75062.67532123,0.23934575531191346,1422.0,1464.0,2.9535864978903037,0.2812939521800173,2.5956284153005464,90.47619047619087,complete_hourly_ordered,/v1/candles/minutes/60,120,False,17.060561299852296,1354.0,2026-09-01T17:00:00,1585.0,2026-09-04T12:00:00,D-1,9.968454258675074,68.39826839826834,False,False,-1.1854485401453312,-50.53520986916917,351.01534062839715,19.613054235240554,-1.5873015873015928,-2.0,-0.8399761223114366,-0.5935398076267138,,-1.1854485401453312,-50.53520986916917,351.01534062839715,19.613054235240554,-1.5873015873015928,-2.0,-0.8399761223114366,-0.5935398076267138,,-1.1854485401453312,-50.53520986916917,351.01534062839715,19.613054235240554,-1.5873015873015928,-2.0,-0.8399761223114366,-0.5935398076267138,,-1.1854485401453312,-50.53520986916917,351.01534062839715,19.613054235240554,-1.5873015873015928,-2.0,-0.8399761223114366,-0.5935398076267138,,-1.1854485401453312,-50.53520986916917,351.01534062839715,19.613054235240554,-1.5873015873015928,-2.0,-0.8399761223114366,-0.5935398076267138,,-1.1854485401453312,-50.53520986916917,351.01534062839715,19.613054235240554,-1.5873015873015928,-2.0,-0.8399761223114366,-0.5935398076267138,,-1.1854485401453312,-1083784.5796136,5653809.82711002,-1.5873015873015928,8325339.682001201,29773246.811126098,0.2796248502830423,-1.5873015873015928,False,False,falling,rising,sell_advantage_accelerating,accelerating,neutral,True,True,False,🔴 1차 급등 완료·상승분 반납 / 신규매수 금지,S3,🔴 1차 급등 완료·반납,당일/5D 급등 후 상승분 상당 부분 반납,S0,True,당일/5D 급등 후 상승분 상당 부분 반납,2026-09-05T19:57:07.171995+09:00,2026-09-05T10:40:00Z,33961613178-1
KRW-RAY,레이디움,1141.0,1101.2666666666667,965.74,994.3333333333334,0.7256097560975672,-14.03345275816127,-10.7542742205833,-1.0627803116278867,-1.3754384590072917,,,,,False,False,False,False,-27.172738318881052,4.0109389243391025,8.0,B급,2.515723270440251,4.567078396007194,-1.0,-0.2791985289474219,-0.9977682085928201,False,False,False,False,2026-09-05T19:57:07.171995+09:00,1788605827,69245.45982459,242516.34286129999,0.2855290452082765,5,0.0,complete,1788605165788,1788606069792,16246.00081258,31946.84261027,-0.3257919782804443,1126.0,1150.0,2.131438721136769,1.3321492007104752,0.782608695652174,37.50000000000026,complete_hourly_ordered,/v1/candles/minutes/60,120,False,9.719626168224305,1070.0,2026-08-31T22:00:00,1174.0,2026-09-04T00:00:00,D-1,2.9812606473594516,33.65384615384609,False,True,,,,4.567078396007194,2.515723270440251,-1.0,-0.2791985289474219,-0.9977682085928201,,,,,4.567078396007194,2.515723270440251,-1.0,-0.2791985289474219,-0.9977682085928201,,,,,4.567078396007194,2.515723270440251,-1.0,-0.2791985289474219,-0.9977682085928201,,,,,4.567078396007194,2.515723270440251,-1.0,-0.2791985289474219,-0.9977682085928201,,,,,4.567078396007194,2.515723270440251,-1.0,-0.2791985289474219,-0.9977682085928201,,,,,4.567078396007194,2.515723270440251,-1.0,-0.2791985289474219,-0.9977682085928201,,,69245.45982459,242516.34286129999,2.515723270440251,311761.80268589,1436208.0620177998,0.21707286773469325,2.515723270440251,False,False,rising,rising,sell_advantage_weakening,accelerating,neutral,False,False,False,pass,S0,🌱 초발사 준비,발사 구조 관찰 또는 초기 준비,S0,False,,,2026-09-05T10:40:00Z,33961613178-1
KRW-ONDO,온도파이낸스,503.0,498.6,515.84,526.8,-0.5452127659574368,3.3421215880893316,5.353075170842812,-0.12755747940414808,-0.05894395266198158,,,,,False,False,False,False,-8.162595317495091,5.439330543933063,7.0,B급,3.490759753593431,0.1537481325723853,0.0,-0.4920354195070309,0.25485031877180475,False,False,False,False,2026-09-05T19:57:07.171995+09:00,1788605827,14141835.48411781,43466042.812832825,0.32535364548857904,53,0.0,complete,1788604942362,1788606077668,4252092.06005132,4047767.44178573,0.02461784060565916,489.0,515.0,5.316973415132931,2.862985685071573,2.3300970873786406,46.15384615384625,complete_hourly_ordered,/v1/candles/minutes/60,120,False,11.23110151187905,463.0,2026-09-02T10:00:00,515.0,2026-09-05T13:00:00,D0,2.135922330097084,21.153846153846178,False,True,-2.6070543492738825,-94.28937922893766,-48.53025243048149,0.1537481325723853,3.285420944558526,0.0,-0.4920354195070309,0.25485031877180475,,-2.6070543492738825,-94.28937922893766,-48.53025243048149,0.1537481325723853,3.285420944558526,0.0,-0.4920354195070309,0.25485031877180475,,-2.6070543492738825,-94.28937922893766,-48.53025243048149,0.1537481325723853,3.285420944558526,0.0,-0.4920354195070309,0.25485031877180475,,-2.6070543492738825,-94.28937922893766,-48.53025243048149,0.1537481325723853,3.285420944558526,0.0,-0.4920354195070309,0.25485031877180475,,-2.6070543492738825,-94.28937922893766,-48.53025243048149,0.1537481325723853,3.285420944558526,0.0,-0.4920354195070309,0.25485031877180475,,-2.6070543492738825,-94.28937922893766,-48.53025243048149,0.1537481325723853,3.285420944558526,0.0,-0.4920354195070309,0.25485031877180475,,-2.6070543492738825,-233499113.7412152,-40983648.24913452,3.285420944558526,57607878.29695064,214294457.06122938,0.2688257973956396,3.285420944558526,False,False,falling,falling,sell_advantage_accelerating,accelerating,neutral,False,False,False,pass,S0,🌱 초발사 준비,발사 구조 관찰 또는 초기 준비,S0,False,,,2026-09-05T10:40:00Z,33961613178-1
KRW-ZRX,제로엑스,143.0,136.13333333333333,122.06,132.90833333333333,0.5911330049261032,-11.529848708285535,-2.426484419085832,-1.106874493100307,-1.3909561550865435,,,,,False,False,False,False,160.8166819196497,9.160305343511443,10.0,A급,0.0,82.55152654501906,0.0,-0.6551282114248602,-0.7748327674341673,False,False,False,False,2026-09-05T19:57:07.171995+09:00,1788605827,0.0,0.0,,0,0.0,complete,,,822175.7655926,2287918.21179935,-0.4712855807128653,142.0,145.0,2.1126760563380254,0.7042253521126751,1.3793103448275863,66.66666666666666,complete_hourly_ordered,/v1/candles/minutes/60,120,False,11.538461538461542,130.0,2026-09-01T17:00:00,145.0,2026-09-05T14:00:00,D0,1.379310344827589,13.333333333333282,False,True,,,,82.55152654501906,0.0,0.0,-0.6551282114248602,-0.7748327674341673,,,,,82.55152654501906,0.0,0.0,-0.6551282114248602,-0.7748327674341673,,,,,82.55152654501906,0.0,0.0,-0.6551282114248602,-0.7748327674341673,,,,,82.55152654501906,0.0,0.0,-0.6551282114248602,-0.7748327674341673,,,,,82.55152654501906,0.0,0.0,-0.6551282114248602,-0.7748327674341673,,,,,82.55152654501906,0.0,0.0,-0.6551282114248602,-0.7748327674341673,,,0.0,0.0,0.0,0,1947066.7726771203,0.0,0.0,False,False,flat_or_na,flat_or_na,unavailable,accelerating,neutral,False,False,False,pass,S1,⚡ 선행 시동,가격 미급등 상태에서 선행조건 3개 개선,S0,True,가격 미급등 상태에서 선행조건 3개 개선,2026-09-05T19:57:07.171995+09:00,2026-09-05T10:40:00Z,33961613178-1
KRW-GMT,스테픈,10.1,9.958666666666666,9.7064,11.945166666666667,-0.13370771493517175,-2.598972499244473,16.630157246306045,-0.8961073573258205,-0.9455495794651683,,,,,False,False,False,False,46.040500368464876,1.4056224899598346,8.0,B급,-0.9803921568627416,-53.468269418253996,-2.0,-0.8406356082900635,-0.3171366557774782,False,False,False,False,2026-09-05T19:57:07.171995+09:00,1788605827,58675.699999968,864209.594858362,0.06789521934153547,3,0.0,complete,1788605355873,1788606160966,9208413.47460921,32841691.23824333,-0.5620266090897665,10.1,10.3,1.980198019801982,0.0,1.9417475728155442,100.0,complete_hourly_ordered,/v1/candles/minutes/60,120,False,11.111111111111116,9.72,2026-08-31T23:00:00,10.8,2026-09-03T14:00:00,D-2,5.55555555555557,55.55555555555578,False,True,,-98.73728886813537,,-53.468269418253996,-0.9803921568627416,-2.0,-0.8406356082900635,-0.3171366557774782,,,-98.73728886813537,,-53.468269418253996,-0.9803921568627416,-2.0,-0.8406356082900635,-0.3171366557774782,,,-98.73728886813537,,-53.468269418253996,-0.9803921568627416,-2.0,-0.8406356082900635,-0.3171366557774782,,,-98.73728886813537,,-53.468269418253996,-0.9803921568627416,-2.0,-0.8406356082900635,-0.3171366557774782,,,-98.73728886813537,,-53.468269418253996,-0.9803921568627416,-2.0,-0.8406356082900635,-0.3171366557774782,,,-98.73728886813537,,-53.468269418253996,-0.9803921568627416,-2.0,-0.8406356082900635,-0.3171366557774782,,,-4588127.398450764,864209.594858362,-0.9803921568627416,922885.2948583299,3218192.0340076843,0.286771356434265,-0.9803921568627416,False,True,falling,rising,sell_advantage_weakening,decelerating,neutral,False,False,False,pass,S0,🌱 초발사 준비,발사 구조 관찰 또는 초기 준비,S1,True,발사 구조 관찰 또는 초기 준비,2026-09-05T19:57:07.171995+09:00,2026-09-05T10:40:00Z,33961613178-1
KRW-TFUEL,쎄타퓨엘,12.9,12.466666666666667,11.322000000000001,12.661666666666667,0.4836109618484796,-10.110110110110101,1.5400816111623032,-0.8277386203876922,-1.1803889417079727,,,1.3047238556249692,,False,False,False,False,-64.62637310656734,2.3809523809523947,12.0,A급,0.78125,-18.632751957304997,0.0,-0.3293971682328145,-0.8157160133537387,False,False,False,False,2026-09-05T19:57:07.171995+09:00,1788605827,0.0,0.0,,0,0.0,complete,,,5927215.87292435,24493576.24445234,-0.6103181107148975,12.7,13.0,2.3622047244094446,1.5748031496063186,0.7692307692307665,33.33333333333239,complete_hourly_ordered,/v1/candles/minutes/60,120,False,9.243697478991585,11.9,2026-09-02T05:00:00,13.0,2026-09-05T19:00:00,D0,0.7692307692307665,9.09090909090907,False,False,,-100.0,-100.0,-18.632751957304997,0.78125,0.0,-0.3293971682328145,-0.8157160133537387,-0.5122298501699201,,-100.0,-100.0,-18.632751957304997,0.78125,0.0,-0.3293971682328145,-0.8157160133537387,-0.5122298501699201,,-100.0,-100.0,-18.632751957304997,0.78125,0.0,-0.3293971682328145,-0.8157160133537387,-0.5122298501699201,,-100.0,-100.0,-18.632751957304997,0.78125,0.0,-0.3293971682328145,-0.8157160133537387,-0.5122298501699201,,-100.0,-100.0,-18.632751957304997,0.78125,0.0,-0.3293971682328145,-0.8157160133537387,-0.5122298501699201,,-100.0,-100.0,-18.632751957304997,0.78125,0.0,-0.3293971682328145,-0.8157160133537387,-0.5122298501699201,,-4198367.982148227,-549620.744817653,0.78125,0,533630.146095071,0.0,0.78125,False,True,falling,falling,unavailable,decelerating,neutral,False,False,False,pass,S0,🌱 초발사 준비,발사 구조 관찰 또는 초기 준비,S2,True,발사 구조 관찰 또는 초기 준비,2026-09-05T19:57:07.171995+09:00,2026-09-05T10:40:00Z,33961613178-1
KRW-CFG,센트리퓨즈,139.0,168.66666666666666,215.96,292.275,-2.3919753086419915,21.899117120454413,42.29179140649502,0.6994444841334306,0.7612346361848182,,,,,False,False,False,False,-11.263545353649384,-6.711409395973156,2.0,-,1.4598540145985384,-45.34504220265293,-1.0,-0.5737934904601838,0.9260343020131927,False,False,False,False,2026-09-05T19:57:07.171995+09:00,1788605827,71770.99999911,1580505.2187550198,0.04541016324871408,5,0.0,complete,1788605122921,1788605935115,1838228.93557295,1438672.54475293,0.12193115759473029,136.0,141.0,3.6764705882353033,2.2058823529411686,1.4184397163120568,40.00000000000036,complete_hourly_ordered,/v1/candles/minutes/60,120,False,10.294117647058831,136.0,2026-09-03T22:00:00,150.0,2026-09-04T11:00:00,D-1,7.9999999999999964,85.71428571428578,True,False,,,,-45.34504220265293,1.4598540145985384,-1.0,-0.5737934904601838,0.9260343020131927,,,,,-45.34504220265293,1.4598540145985384,-1.0,-0.5737934904601838,0.9260343020131927,,,,,-45.34504220265293,1.4598540145985384,-1.0,-0.5737934904601838,0.9260343020131927,,,,,-45.34504220265293,1.4598540145985384,-1.0,-0.5737934904601838,0.9260343020131927,,,,,-45.34504220265293,1.4598540145985384,-1.0,-0.5737934904601838,0.9260343020131927,,,,,-45.34504220265293,1.4598540145985384,-1.0,-0.5737934904601838,0.9260343020131927,,,71770.99999911,1580505.2187550198,1.4598540145985384,1652276.21875413,10091768.753140576,0.16372513671004785,1.4598540145985384,False,False,rising,rising,sell_advantage_weakening,decelerating,rally_weakening,False,False,False,pass,S0,🌱 초발사 준비,발사 구조 관찰 또는 초기 준비,S0,False,,,2026-09-05T10:40:00Z,33961613178-1
KRW-AZTEC,아즈텍,20.9,19.30666666666667,19.258,23.34416666666667,0.34650034650034467,-0.2527088309620381,17.295541355799095,-0.4729201014227044,-0.7125000058157382,,,,,False,False,False,False,2442.983301296796,14.130434782608713,8.0,B급,1.9417475728155331,841.8107556522375,0.0,-0.2464539611382932,-0.8104466468985336,False,True,False,False,2026-09-05T19:57:07.171995+09:00,1788605827,128011786.38036357,156463122.842501,0.8181594746081021,296,0.0,complete,1788604928156,1788606170887,22396322.96920609,15635107.60331857,0.17777967497157673,20.6,21.0,1.9417475728155331,1.4563106796116276,0.476190476190483,25.000000000001144,complete_hourly_ordered,/v1/candles/minutes/60,120,False,54.06976744186047,17.2,2026-09-02T19:00:00,26.5,2026-09-04T20:00:00,D-1,21.886792452830196,62.365591397849485,True,True,0.5985539503722033,336.1800946931028,17.076879666063927,841.8107556522375,1.4563106796116276,0.0,-0.2464539611382932,-0.8104466468985336,,0.5985539503722033,336.1800946931028,17.076879666063927,841.8107556522375,1.4563106796116276,0.0,-0.2464539611382932,-0.8104466468985336,,0.5985539503722033,336.1800946931028,17.076879666063927,841.8107556522375,1.4563106796116276,0.0,-0.2464539611382932,-0.8104466468985336,,0.5985539503722033,336.1800946931028,17.076879666063927,841.8107556522375,1.4563106796116276,0.0,-0.2464539611382932,-0.8104466468985336,,0.5985539503722033,336.1800946931028,17.076879666063927,841.8107556522375,1.4563106796116276,0.0,-0.2464539611382932,-0.8104466468985336,,0.5985539503722033,336.1800946931028,17.076879666063927,841.8107556522375,1.4563106796116276,0.0,-0.2464539611382932,-0.8104466468985336,,0.5985539503722033,98663407.59420347,22821772.570117876,1.4563106796116276,284474909.22286457,3946536.8764829077,72.08216168409002,1.4563106796116276,False,True,rising,rising,sell_advantage_weakening,accelerating,neutral,True,True,False,🔴 1차 급등 완료·상승분 반납 / 신규매수 금지,S0,🌱 초발사 준비,발사 구조 관찰 또는 초기 준비,S3,True,발사 구조 관찰 또는 초기 준비,2026-09-05T19:57:07.171995+09:00,2026-09-05T10:40:00Z,33961613178-1
KRW-XPL,플라즈마,128.0,124.6,117.14,127.8325,-0.5851063829787284,-6.36844801092709,2.528699665578004,-0.5144676869187814,-0.5411185611828101,,,4.673097259962063,,False,False,False,False,6.747198579518043,11.206896551724132,11.0,A급,-1.526717557251911,-6.433169155991569,-1.0,-1.0653625195849115,0.49382917802850734,False,False,False,False,2026-09-05T19:57:07.171995+09:00,1788605827,128473661.96432032,162858156.06591746,0.7888684550273314,136,0.0,complete,1788604951103,1788605992489,5497621.95448442,8708349.31441119,-0.2260125196055233,127.0,131.0,3.149606299212593,0.7874015748031482,2.2900763358778624,75.0,complete_hourly_ordered,/v1/candles/minutes/60,120,False,27.27272727272727,110.0,2026-09-01T18:00:00,140.0,2026-09-04T20:00:00,D-1,8.571428571428575,40.00000000000001,False,False,0.6407847819101913,826.0277832741185,73.8307504652388,-6.433169155991569,-2.2900763358778664,-1.0,-1.0653625195849115,0.49382917802850734,1.9193766495467988,0.6407847819101913,826.0277832741185,73.8307504652388,-6.433169155991569,-2.2900763358778664,-1.0,-1.0653625195849115,0.49382917802850734,1.9193766495467988,0.6407847819101913,826.0277832741185,73.8307504652388,-6.433169155991569,-2.2900763358778664,-1.0,-1.0653625195849115,0.49382917802850734,1.9193766495467988,0.6407847819101913,826.0277832741185,73.8307504652388,-6.433169155991569,-2.2900763358778664,-1.0,-1.0653625195849115,0.49382917802850734,1.9193766495467988,0.6407847819101913,826.0277832741185,73.8307504652388,-6.433169155991569,-2.2900763358778664,-1.0,-1.0653625195849115,0.49382917802850734,1.9193766495467988,0.6407847819101913,826.0277832741185,73.8307504652388,-6.433169155991569,-2.2900763358778664,-1.0,-1.0653625195849115,0.49382917802850734,1.9193766495467988,0.6407847819101913,114600032.65375242,69170384.69632629,-2.2900763358778664,291331818.0302378,73971734.60194197,3.9384207981326624,-2.2900763358778664,False,True,rising,rising,sell_advantage_weakening,decelerating,neutral,False,False,False,pass,S0,🌱 초발사 준비,발사 구조 관찰 또는 초기 준비,S1,True,발사 구조 관찰 또는 초기 준비,2026-09-05T19:57:07.171995+09:00,2026-09-05T10:40:00Z,33961613178-1
KRW-ZAMA,자마,70.4,73.36,70.232,57.18,-0.10893246187363426,-4.4538102289554615,-28.296607205316544,-0.18361860625562204,-0.4463581286897075,,,,,False,False,False,False,101.17999582918257,2.1770682148040565,7.0,B급,0.42796005706136064,46.552355809257136,0.0,-0.6752459437881497,0.5921516111545273,False,False,False,False,2026-09-05T19:57:07.171995+09:00,1788605827,110786.83834028801,0.0,,1,0.0,complete,1788605329698,1788605329698,1418890.82745747,2134787.7751008,-0.20145236182246778,70.5,71.8,1.8439716312056653,-0.14184397163119478,1.9498607242339716,107.69230769230714,complete_hourly_ordered,/v1/candles/minutes/60,120,False,22.205663189269753,67.1,2026-09-02T19:00:00,82.0,2026-09-03T20:00:00,D-2,14.146341463414625,77.85234899328847,False,False,,,,46.552355809257136,0.42796005706136064,0.0,-0.6752459437881497,0.5921516111545273,,,,,46.552355809257136,0.42796005706136064,0.0,-0.6752459437881497,0.5921516111545273,,,,,46.552355809257136,0.42796005706136064,0.0,-0.6752459437881497,0.5921516111545273,,,,,46.552355809257136,0.42796005706136064,0.0,-0.6752459437881497,0.5921516111545273,,,,,46.552355809257136,0.42796005706136064,0.0,-0.6752459437881497,0.5921516111545273,,,,,46.552355809257136,0.42796005706136064,0.0,-0.6752459437881497,0.5921516111545273,,,110786.83834028801,0.0,0.42796005706136064,110786.83834028801,7137733.907594684,0.015521290058516853,0.42796005706136064,False,False,rising,flat_or_na,buy_only,accelerating,neutral,True,True,False,🔴 1차 급등 완료·상승분 반납 / 신규매수 금지,S3,🔴 1차 급등 완료·반납,당일/5D 급등 후 상승분 상당 부분 반납,S3,False,,,2026-09-05T10:40:00Z,33961613178-1
KRW-MASK,마스크네트워크,607.0,595.5333333333333,544.36,589.875,0.13451406792959197,-9.400641732187024,-0.9592427774245904,-0.6933245653410411,-0.9424580878143616,,,,,False,False,False,False,-64.3246214186823,5.017301038062283,7.0,B급,2.0168067226890685,21.679165539378786,-1.0,-0.4069410928149164,-0.47163038699645116,False,False,False,False,2026-09-05T19:57:07.171995+09:00,1788605827,5099.99999651,5099.99999748,0.9999999998098038,2,0.0,complete,1788605459042,1788606167457,34700.91901521,34277.18242288,0.006143059659453105,603.0,611.0,1.3266998341625147,0.6633499170812573,0.6546644844517185,50.0,complete_hourly_ordered,/v1/candles/minutes/60,120,False,8.027923211169274,573.0,2026-09-01T01:00:00,619.0,2026-09-02T04:00:00,D-3,2.100161550888535,28.260869565217426,False,True,,,,21.679165539378786,2.0168067226890685,-1.0,-0.4069410928149164,-0.47163038699645116,,,,,21.679165539378786,2.0168067226890685,-1.0,-0.4069410928149164,-0.47163038699645116,,,,,21.679165539378786,2.0168067226890685,-1.0,-0.4069410928149164,-0.47163038699645116,,,,,21.679165539378786,2.0168067226890685,-1.0,-0.4069410928149164,-0.47163038699645116,,,,,21.679165539378786,2.0168067226890685,-1.0,-0.4069410928149164,-0.47163038699645116,,,,,21.679165539378786,2.0168067226890685,-1.0,-0.4069410928149164,-0.47163038699645116,,,5099.99999651,5099.99999748,2.0168067226890685,10199.99999399,490004.03849130997,0.020816154955365523,2.0168067226890685,False,False,rising,rising,sell_advantage_weakening,accelerating,neutral,False,False,False,pass,S0,🌱 초발사 준비,발사 구조 관찰 또는 초기 준비,S0,False,,,2026-09-05T10:40:00Z,33961613178-1
KRW-COMP,컴파운드,27290.0,26614.0,24889.4,26358.5,-0.08759635599158155,-6.929054135495425,-0.9693267826317886,-0.19302673057416042,-0.5520715192226188,,,,,False,False,False,False,105.74091745256551,2.981132075471704,9.0,B급,1.5252976190476275,-42.04024652654614,0.0,-0.335847315143023,-0.0749739817459536,False,False,False,False,2026-09-05T19:57:07.171995+09:00,1788605827,9999.9997413,0.0,,1,0.0,complete,1788606085169,1788606085169,1665.86921062,1236.86128082,0.14779461306005567,26740.0,27480.0,2.7673896783844354,2.056843679880327,0.6914119359534207,25.675675675675556,complete_hourly_ordered,/v1/candles/minutes/60,120,False,14.895267649340571,25780.0,2026-09-02T19:00:00,29620.0,2026-09-03T17:00:00,D-2,7.798784604996623,60.15624999999996,True,False,,,,-42.04024652654614,1.5252976190476275,0.0,-0.335847315143023,-0.0749739817459536,,,,,-42.04024652654614,1.5252976190476275,0.0,-0.335847315143023,-0.0749739817459536,,,,,-42.04024652654614,1.5252976190476275,0.0,-0.335847315143023,-0.0749739817459536,,,,,-42.04024652654614,1.5252976190476275,0.0,-0.335847315143023,-0.0749739817459536,,,,,-42.04024652654614,1.5252976190476275,0.0,-0.335847315143023,-0.0749739817459536,,,,,-42.04024652654614,1.5252976190476275,0.0,-0.335847315143023,-0.0749739817459536,,,9999.9997413,0.0,1.5252976190476275,9999.9997413,3885440.3511631005,0.0025737107862964658,1.5252976190476275,False,False,rising,flat_or_na,buy_only,decelerating,neutral,False,True,False,pass,S0,🌱 초발사 준비,발사 구조 관찰 또는 초기 준비,S0,False,,,2026-09-05T10:40:00Z,33961613178-1
KRW-ZETA,제타체인,47.6,46.086666666666666,43.872,55.0375,0.2319849209801328,-5.048018477996595,16.26315391021274,-1.0242108305555102,-1.1943817599146527,,,13.616378327290313,,False,False,False,False,30.745304493595892,3.2537960954446943,10.0,A급,1.9271948608136968,-31.62043445142311,-1.0,-0.39621084235075266,-0.8462657474183644,False,False,False,False,2026-09-05T19:57:07.171995+09:00,1788605827,0.0,472192.031800636,0.0,2,0.0,complete,1788604957290,1788604958446,732723.32503504,1494525.59834069,-0.34203732924069585,47.6,47.8,0.42016806722688926,0.0,0.4184100418409953,100.0,complete_hourly_ordered,/v1/candles/minutes/60,120,False,9.523809523809511,44.1,2026-09-02T10:00:00,48.3,2026-09-04T09:00:00,D-1,1.449275362318836,16.66666666666662,False,False,,,,-31.62043445142311,1.9271948608136968,-1.0,-0.39621084235075266,-0.8462657474183644,0.381620075884042,,,,-31.62043445142311,1.9271948608136968,-1.0,-0.39621084235075266,-0.8462657474183644,0.381620075884042,,,,-31.62043445142311,1.9271948608136968,-1.0,-0.39621084235075266,-0.8462657474183644,0.381620075884042,,,,-31.62043445142311,1.9271948608136968,-1.0,-0.39621084235075266,-0.8462657474183644,0.381620075884042,,,,-31.62043445142311,1.9271948608136968,-1.0,-0.39621084235075266,-0.8462657474183644,0.381620075884042,,,,-31.62043445142311,1.9271948608136968,-1.0,-0.39621084235075266,-0.8462657474183644,0.381620075884042,,0.0,472192.031800636,1.9271948608136968,472192.031800636,2844376.5673280377,0.1660089726601164,1.9271948608136968,False,False,flat_or_na,rising,sell_only,decelerating,rally_weakening,False,False,False,pass,S0,🌱 초발사 준비,발사 구조 관찰 또는 초기 준비,S0,False,,,2026-09-05T10:40:00Z,33961613178-1
KRW-RED,레드스톤,173.0,156.6,139.8,155.525,0.17057569296374808,-12.017167381974236,-0.6912072014145563,-0.9294466028644779,-1.2376654495176627,,,,,False,False,False,False,329.5818748657486,20.138888888888886,6.0,관찰,2.3668639053254337,204.65059956926825,-4.0,-0.862126544557773,-0.3493268595342156,False,True,False,False,2026-09-05T19:57:07.171995+09:00,1788605827,3083565.21738786,7366097.18587595,0.4186158748082243,8,0.0,complete,1788605027521,1788606020384,1190770.69535544,2314440.52979084,-0.32057121875401584,167.0,176.0,5.389221556886237,3.592814371257491,1.7045454545454544,33.33333333333333,complete_hourly_ordered,/v1/candles/minutes/60,120,False,23.076923076923084,143.0,2026-09-01T08:00:00,176.0,2026-09-05T18:00:00,D0,1.7045454545454586,9.090909090909113,False,True,,-80.8780352896966,,204.65059956926825,2.3668639053254337,-4.0,-0.862126544557773,-0.3493268595342156,,,-80.8780352896966,,204.65059956926825,2.3668639053254337,-4.0,-0.862126544557773,-0.3493268595342156,,,-80.8780352896966,,204.65059956926825,2.3668639053254337,-4.0,-0.862126544557773,-0.3493268595342156,,,-80.8780352896966,,204.65059956926825,2.3668639053254337,-4.0,-0.862126544557773,-0.3493268595342156,,,-80.8780352896966,,204.65059956926825,2.3668639053254337,-4.0,-0.862126544557773,-0.3493268595342156,,,-80.8780352896966,,204.65059956926825,2.3668639053254337,-4.0,-0.862126544557773,-0.3493268595342156,,,-13042210.89455296,7366097.18587595,2.3668639053254337,10449662.403263811,20113639.12125481,0.5195311668996425,2.3668639053254337,False,True,falling,rising,sell_advantage_weakening,accelerating,neutral,False,False,False,pass,S0,🌱 초발사 준비,발사 구조 관찰 또는 초기 준비,S1,True,발사 구조 관찰 또는 초기 준비,2026-09-05T19:57:07.171995+09:00,2026-09-05T10:40:00Z,33961613178-1
KRW-TIA,셀레스티아,497.0,489.3333333333333,478.4,538.4333333333333,-0.5824190708384136,-2.285395763656634,9.119049093047725,-0.7358373965724193,-0.4068421137563467,,,,,False,False,False,False,88.14172968071804,7.343412526997839,10.0,A급,3.541666666666665,-1.5465174083592501,-2.0,-0.6908936471096028,0.3051914671850984,False,False,False,False,2026-09-05T19:57:07.171995+09:00,1788605827,0.0,34999.99976081,0.0,2,0.0,complete,1788605249143,1788605305145,148007.68320184,126753.08283663,0.07735675173592321,480.0,506.0,5.41666666666667,3.541666666666665,1.7786561264822136,34.615384615384684,complete_hourly_ordered,/v1/candles/minutes/60,120,False,15.212527964205824,447.0,2026-09-01T01:00:00,515.0,2026-09-03T19:00:00,D-2,3.495145631067964,26.470588235294212,True,False,,,,-1.5465174083592501,3.541666666666665,-2.0,-0.6908936471096028,0.3051914671850984,,,,,-1.5465174083592501,3.541666666666665,-2.0,-0.6908936471096028,0.3051914671850984,,,,,-1.5465174083592501,3.541666666666665,-2.0,-0.6908936471096028,0.3051914671850984,,,,,-1.5465174083592501,3.541666666666665,-2.0,-0.6908936471096028,0.3051914671850984,,,,,-1.5465174083592501,3.541666666666665,-2.0,-0.6908936471096028,0.3051914671850984,,,,,-1.5465174083592501,3.541666666666665,-2.0,-0.6908936471096028,0.3051914671850984,,,0.0,34999.99976081,3.541666666666665,34999.99976081,1285877.99135888,0.02721875636414228,3.541666666666665,False,False,flat_or_na,rising,sell_only,decelerating,rally_weakening,False,False,False,pass,S0,🌱 초발사 준비,발사 구조 관찰 또는 초기 준비,S0,False,,,2026-09-05T10:40:00Z,33961613178-1
KRW-ADA,에이다,292.0,289.46666666666664,266.7,281.175,-0.5269186712485774,-8.53643294588176,-2.9489345306896517,-0.08900552570291645,-0.7605281151407416,,,,,False,False,False,False,30.685047323223436,6.959706959706957,8.0,B급,0.0,8.930308837820114,0.0,-0.9176334494604865,0.2707736278735835,False,False,False,False,2026-09-05T19:57:07.171995+09:00,1788605827,28605210.131783843,27267076.136694357,1.0490750819186185,61,0.0,complete,1788605037719,1788606149242,6905116.89521186,5449201.69151935,0.11784666175406812,290.0,294.0,1.379310344827589,0.6896551724137945,0.6802721088435374,50.0,complete_hourly_ordered,/v1/candles/minutes/60,120,False,17.42424242424243,264.0,2026-09-02T19:00:00,310.0,2026-09-04T13:00:00,D-1,5.8064516129032295,39.130434782608766,False,False,1.0033255555565652,1788.5196631207368,-17.64280593226365,8.930308837820114,0.0,0.0,-0.9176334494604865,0.2707736278735835,,1.0033255555565652,1788.5196631207368,-17.64280593226365,8.930308837820114,0.0,0.0,-0.9176334494604865,0.2707736278735835,,1.0033255555565652,1788.5196631207368,-17.64280593226365,8.930308837820114,0.0,0.0,-0.9176334494604865,0.2707736278735835,,1.0033255555565652,1788.5196631207368,-17.64280593226365,8.930308837820114,0.0,0.0,-0.9176334494604865,0.2707736278735835,,1.0033255555565652,1788.5196631207368,-17.64280593226365,8.930308837820114,0.0,0.0,-0.9176334494604865,0.2707736278735835,,1.0033255555565652,1788.5196631207368,-17.64280593226365,8.930308837820114,0.0,0.0,-0.9176334494604865,0.2707736278735835,,1.0033255555565652,27090520.574116524,-5841235.0987127125,0.0,55872286.2684782,178991272.91369122,0.31215089629213133,0.0,False,False,rising,falling,buy_advantage_accelerating,accelerating,leading_buy_inflow,False,False,False,pass,S0,🌱 초발사 준비,발사 구조 관찰 또는 초기 준비,S0,False,,,2026-09-05T10:40:00Z,33961613178-1
KRW-ELF,엘프,90.8,89.08,86.28399999999999,94.83,0.3228470605901368,-3.2404617310277763,6.063482020457661,-0.7256987397659331,-0.8245507399018145,,,7.353679679166483,,False,False,False,False,84.11225285413184,1.452513966480451,13.0,A급,2.0224719101123556,102.05349389575228,1.0,-0.3494599344242122,-0.46782441616675996,False,False,False,False,2026-09-05T19:57:07.171995+09:00,1788605827,5051477.771973727,11022231.53046855,0.45829900760204695,10,0.0,complete,1788605215654,1788605644717,1338415.48380532,822219.42934295,0.23890942950200625,88.3,98.9,12.004530011325043,2.8312570781426905,8.190091001011131,76.41509433962271,complete_hourly_ordered,/v1/candles/minutes/60,120,False,15.000000000000014,86.0,2026-09-01T18:00:00,98.9,2026-09-05T09:00:00,D0,8.190091001011135,62.790697674418595,True,True,,2737.9088606593973,,102.05349389575228,2.0224719101123556,1.0,-0.3494599344242122,-0.46782441616675996,0.6149894671327694,,2737.9088606593973,,102.05349389575228,2.0224719101123556,1.0,-0.3494599344242122,-0.46782441616675996,0.6149894671327694,,2737.9088606593973,,102.05349389575228,2.0224719101123556,1.0,-0.3494599344242122,-0.46782441616675996,0.6149894671327694,,2737.9088606593973,,102.05349389575228,2.0224719101123556,1.0,-0.3494599344242122,-0.46782441616675996,0.6149894671327694,,2737.9088606593973,,102.05349389575228,2.0224719101123556,1.0,-0.3494599344242122,-0.46782441616675996,0.6149894671327694,,2737.9088606593973,,102.05349389575228,2.0224719101123556,1.0,-0.3494599344242122,-0.46782441616675996,0.6149894671327694,,4873477.771973727,11022231.53046855,2.0224719101123556,16073709.302442277,1498982.823182854,10.723077712333144,2.0224719101123556,False,True,rising,rising,sell_advantage_weakening,accelerating,neutral,True,True,False,🔴 1차 급등 완료·상승분 반납 / 신규매수 금지,S3,🔴 1차 급등 완료·반납,당일/5D 급등 후 상승분 상당 부분 반납,S1,True,당일/5D 급등 후 상승분 상당 부분 반납,2026-09-05T19:57:07.171995+09:00,2026-09-05T10:40:00Z,33961613178-1
KRW-SOON,쑨,258.0,269.1333333333333,282.46,263.175,-0.7620452310717729,4.718072175411264,-2.2640195053988084,0.5719375593797061,0.47423496906724577,,,,4.774045890904713,False,False,False,False,-43.52248759224038,-5.147058823529416,0.0,-,0.78125,-1.2067729134606324,0.0,-0.248346600934779,0.6947476222237428,False,False,False,False,2026-09-05T19:57:07.171995+09:00,1788605827,70272.37353672,176365.81708914,0.3984466757591833,3,0.0,complete,1788605115721,1788605529954,505819.91334487,638335.47799599,-0.11581955183187329,257.0,260.0,1.1673151750972721,0.3891050583657574,0.7692307692307693,66.66666666666666,complete_hourly_ordered,/v1/candles/minutes/60,120,False,6.827309236947787,249.0,2026-09-02T10:00:00,266.0,2026-09-04T00:00:00,D-1,3.007518796992481,47.058823529411725,False,False,,,,-1.2067729134606324,0.78125,0.0,-0.248346600934779,0.6947476222237428,,,,,-1.2067729134606324,0.78125,0.0,-0.248346600934779,0.6947476222237428,,,,,-1.2067729134606324,0.78125,0.0,-0.248346600934779,0.6947476222237428,,,,,-1.2067729134606324,0.78125,0.0,-0.248346600934779,0.6947476222237428,,,,,-1.2067729134606324,0.78125,0.0,-0.248346600934779,0.6947476222237428,,,,,-1.2067729134606324,0.78125,0.0,-0.248346600934779,0.6947476222237428,,,70272.37353672,176365.81708914,0.78125,246638.19062586,1222600.99999541,0.2017323645463941,0.78125,False,False,rising,rising,sell_advantage_weakening,decelerating,rally_weakening,False,False,False,pass,S0,🌱 초발사 준비,발사 구조 관찰 또는 초기 준비,S0,False,,,2026-09-05T10:40:00Z,33961613178-1
KRW-STEEM,스팀,62.2,61.1,55.672,64.01,0.42735042735042583,-9.749964075298182,4.546164661771604,-0.9276520431011527,-1.1844538708943975,,,3.838194777766003,,False,False,False,False,58.93815357811836,5.245346869712364,13.0,A급,1.4681892332789603,30.52725422460061,0.0,-0.4348138259932188,-0.7421222238996839,False,False,False,False,2026-09-05T19:57:07.171995+09:00,1788605827,1802914.1562035913,0.0,,15,0.0,complete,1788605146172,1788606143698,829278.72580442,1106310.21300403,-0.1431251654962189,61.4,62.3,1.4657980456026065,1.3029315960912058,0.16051364365970197,11.11111111111111,complete_hourly_ordered,/v1/candles/minutes/60,120,False,8.762886597938135,58.2,2026-09-03T08:00:00,63.3,2026-09-03T13:00:00,D-2,1.7377567140600236,21.56862745098033,True,True,,,-100.0,30.52725422460061,1.4681892332789603,0.0,-0.4348138259932188,-0.7421222238996839,-0.15154333387644758,,,-100.0,30.52725422460061,1.4681892332789603,0.0,-0.4348138259932188,-0.7421222238996839,-0.15154333387644758,,,-100.0,30.52725422460061,1.4681892332789603,0.0,-0.4348138259932188,-0.7421222238996839,-0.15154333387644758,,,-100.0,30.52725422460061,1.4681892332789603,0.0,-0.4348138259932188,-0.7421222238996839,-0.15154333387644758,,,-100.0,30.52725422460061,1.4681892332789603,0.0,-0.4348138259932188,-0.7421222238996839,-0.15154333387644758,,,-100.0,30.52725422460061,1.4681892332789603,0.0,-0.4348138259932188,-0.7421222238996839,-0.15154333387644758,,1802914.1562035913,-1361936.115457046,1.4681892332789603,1802914.1562035913,5699005.039803197,0.31635595048813137,1.4681892332789603,False,False,rising,falling,buy_only,accelerating,neutral,False,False,False,pass,S1,⚡ 선행 시동,가격 미급등 상태에서 선행조건 5개 개선,S0,True,가격 미급등 상태에서 선행조건 5개 개선,2026-09-05T19:57:07.171995+09:00,2026-09-05T10:40:00Z,33961613178-1
KRW-ELSA,헤이엘사,72.3,63.56666666666667,68.77600000000001,75.87916666666666,0.7076468103084155,7.574347640649847,16.226456537257693,-0.893064944559808,-0.8569505636382353,8.481295438578933,,,,False,False,False,False,1048.0855995664938,12.948517940717652,7.0,B급,5.5393586005831,681.5520319182833,-1.0,0.05933136764713076,-0.9422346274755853,False,True,False,False,2026-09-05T19:57:07.171995+09:00,1788605827,12195568.49834121,43746693.14779539,0.2787769227982391,136,0.0,complete,1788604932743,1788606181603,1701630.52543708,1239636.20397443,0.1570732490334483,68.2,81.5,19.50146627565983,6.011730205278587,11.288343558282211,69.17293233082711,complete_hourly_ordered,/v1/candles/minutes/60,120,False,32.952691680261026,61.3,2026-09-02T10:00:00,81.5,2026-09-05T09:00:00,D0,10.920245398773009,44.05940594059407,False,True,0.09399108058122088,1736.3386188297802,1117.207561049384,681.5520319182833,5.393586005830908,-1.0,0.05933136764713076,-0.9422346274755853,,0.09399108058122088,1736.3386188297802,1117.207561049384,681.5520319182833,5.393586005830908,-1.0,0.05933136764713076,-0.9422346274755853,,0.09399108058122088,1736.3386188297802,1117.207561049384,681.5520319182833,5.393586005830908,-1.0,0.05933136764713076,-0.9422346274755853,,0.09399108058122088,1736.3386188297802,1117.207561049384,681.5520319182833,5.393586005830908,-1.0,0.05933136764713076,-0.9422346274755853,,0.09399108058122088,1736.3386188297802,1117.207561049384,681.5520319182833,5.393586005830908,-1.0,0.05933136764713076,-0.9422346274755853,,0.09399108058122088,1736.3386188297802,1117.207561049384,681.5520319182833,5.393586005830908,-1.0,0.05933136764713076,-0.9422346274755853,,0.09399108058122088,11531444.334459446,40152672.32935089,5.393586005830908,55942261.6461366,4818346.287747369,11.610261758975865,5.393586005830908,False,False,rising,rising,sell_advantage_weakening,accelerating,neutral,False,False,False,pass,S0,🌱 초발사 준비,발사 구조 관찰 또는 초기 준비,S0,False,,,2026-09-05T10:40:00Z,33961613178-1
KRW-SPK,스파크,28.6,27.040000000000003,23.724,29.065833333333334,1.1976047904191711,-13.977406845388646,6.969809914275057,-1.7497240559944078,-2.2652828654719164,,,3.076794523329018,,False,False,False,False,129.50563446107842,7.462686567164178,15.0,A급,5.882352941176472,3.127648591307789,1.0,-0.2979592146505228,-1.9007448510165599,True,False,False,True,2026-09-05T19:57:07.171995+09:00,1788605827,4237647.163416762,6331216.960845793,0.6693258483516968,45,0.0,complete,1788605041501,1788606101853,3385810.45725216,9609754.43143471,-0.4789283134279702,27.6,28.8,4.347826086956519,3.6231884057970953,0.694444444444442,16.666666666666753,complete_hourly_ordered,/v1/candles/minutes/60,120,False,23.684210526315773,26.6,2026-08-31T20:00:00,32.9,2026-09-03T20:00:00,D-2,13.06990881458966,68.2539682539682,False,True,-0.6458683534793377,4137.647163421,8226.779837447017,3.127648591307789,5.147058823529416,1.0,-0.2979592146505228,-1.9007448510165599,-0.5739337240866758,-0.6458683534793377,4137.647163421,8226.779837447017,3.127648591307789,5.147058823529416,1.0,-0.2979592146505228,-1.9007448510165599,-0.5739337240866758,-0.6458683534793377,4137.647163421,8226.779837447017,3.127648591307789,5.147058823529416,1.0,-0.2979592146505228,-1.9007448510165599,-0.5739337240866758,-0.6458683534793377,4137.647163421,8226.779837447017,3.127648591307789,5.147058823529416,1.0,-0.2979592146505228,-1.9007448510165599,-0.5739337240866758,-0.6458683534793377,4137.647163421,8226.779837447017,3.127648591307789,5.147058823529416,1.0,-0.2979592146505228,-1.9007448510165599,-0.5739337240866758,-0.6458683534793377,4137.647163421,8226.779837447017,3.127648591307789,5.147058823529416,1.0,-0.2979592146505228,-1.9007448510165599,-0.5739337240866758,-0.6458683534793377,4137647.163416862,6255182.562381537,5.147058823529416,10568864.124262555,16385044.00601339,0.6450311711328777,5.147058823529416,False,False,rising,rising,sell_advantage_accelerating,accelerating,neutral,True,True,False,🔴 1차 급등 완료·상승분 반납 / 신규매수 금지,S3,🔴 1차 급등 완료·반납,당일/5D 급등 후 상승분 상당 부분 반납,S3,False,,,2026-09-05T10:40:00Z,33961613178-1
KRW-SOPH,소폰,5.89,5.440666666666667,5.6326,7.749666666666667,0.7157842774281109,3.4075441773485258,29.79482988515635,-1.3635288610018435,-1.2670307403659653,2.499062744330073,,,,False,False,False,False,583.9602398933657,6.486486486486487,8.0,B급,4.78723404255319,-103.54312953563613,0.0,-0.10592886998224138,-1.0948650156330615,False,True,False,False,2026-09-05T19:57:07.171995+09:00,1788605827,16322117.691925133,4563783.925598211,3.5764440118154073,105,0.0,complete,1788605024671,1788606197384,9644879.02008283,28951260.14286614,-0.500215346443688,5.63,5.91,4.973357015985802,4.618117229129659,0.3384094754653208,7.14285714285743,complete_hourly_ordered,/v1/candles/minutes/60,120,False,45.10166358595193,5.41,2026-09-01T18:00:00,7.85,2026-09-02T10:00:00,D-3,24.585987261146492,79.09836065573774,True,True,3.149431864386482,938.442558468793,23.985608444702677,-103.54312953563613,4.432624113475181,0.0,-0.10592886998224138,-1.0948650156330615,,3.149431864386482,938.442558468793,23.985608444702677,-103.54312953563613,4.432624113475181,0.0,-0.10592886998224138,-1.0948650156330615,,3.149431864386482,938.442558468793,23.985608444702677,-103.54312953563613,4.432624113475181,0.0,-0.10592886998224138,-1.0948650156330615,,3.149431864386482,938.442558468793,23.985608444702677,-103.54312953563613,4.432624113475181,0.0,-0.10592886998224138,-1.0948650156330615,,3.149431864386482,938.442558468793,23.985608444702677,-103.54312953563613,4.432624113475181,0.0,-0.10592886998224138,-1.0948650156330615,,3.149431864386482,938.442558468793,23.985608444702677,-103.54312953563613,4.432624113475181,0.0,-0.10592886998224138,-1.0948650156330615,,3.149431864386482,14750329.48286016,882885.8093997901,4.432624113475181,20885901.617523342,19008320.072338276,1.0987768270967513,4.432624113475181,False,False,rising,rising,buy_advantage_accelerating,decelerating,rally_weakening,True,True,False,🔴 1차 급등 완료·상승분 반납 / 신규매수 금지,S3,🔴 1차 급등 완료·반납,당일/5D 급등 후 상승분 상당 부분 반납,S3,False,,,2026-09-05T10:40:00Z,33961613178-1
KRW-MED,메디블록,2.01,2.0006666666666666,1.9282,2.3008333333333337,0.06668889629877217,-3.758254676209246,13.04599782687434,-0.7065131858130929,-0.9265525058729025,,,14.08014952653303,,False,False,False,False,214.0221693862137,2.5510204081632626,12.0,A급,-0.4950495049505066,-37.47904739108833,-1.0,-0.43599206884867847,-0.4402274724188988,False,False,False,False,2026-09-05T19:57:07.171995+09:00,1788605827,112179.99999999518,169851.85179201208,0.6604579156273341,5,0.0,complete,1788605144414,1788606160844,60061947.34256719,69339157.41178417,-0.07169343791019696,2.02,2.04,0.990099009900991,-0.4950495049505066,1.4705882352941297,150.0000000000011,complete_hourly_ordered,/v1/candles/minutes/60,120,False,14.583333333333348,1.92,2026-09-01T01:00:00,2.2,2026-09-02T14:00:00,D-3,7.727272727272738,60.71428571428585,False,True,,,,-37.47904739108833,-0.4950495049505066,-1.0,-0.43599206884867847,-0.4402274724188988,2.275059528515637,,,,-37.47904739108833,-0.4950495049505066,-1.0,-0.43599206884867847,-0.4402274724188988,2.275059528515637,,,,-37.47904739108833,-0.4950495049505066,-1.0,-0.43599206884867847,-0.4402274724188988,2.275059528515637,,,,-37.47904739108833,-0.4950495049505066,-1.0,-0.43599206884867847,-0.4402274724188988,2.275059528515637,,,,-37.47904739108833,-0.4950495049505066,-1.0,-0.43599206884867847,-0.4402274724188988,2.275059528515637,,,,-37.47904739108833,-0.4950495049505066,-1.0,-0.43599206884867847,-0.4402274724188988,2.275059528515637,,112179.99999999518,169851.85179201208,-0.4950495049505066,282031.8517920073,1295673.076923057,0.2176720785630368,-0.4950495049505066,False,False,rising,rising,sell_advantage_weakening,decelerating,neutral,False,False,False,pass,S1,⚡ 선행 시동,가격 미급등 상태에서 선행조건 3개 개선,S0,True,가격 미급등 상태에서 선행조건 3개 개선,2026-09-05T19:57:07.171995+09:00,2026-09-05T10:40:00Z,33961613178-1
KRW-1INCH,1인치네트워크,125.0,123.8,119.94,118.95,-0.26852846401719255,-3.218275804568951,-4.077343421605712,0.14491142325719802,-0.26720139305875934,,,,,False,False,False,False,453.81044535056424,1.6260162601626105,7.0,B급,0.0,2.3534339622960374,0.0,-0.4299055484711989,0.11234672317991379,False,True,False,False,2026-09-05T19:57:07.171995+09:00,1788605827,10000.0,34999.99999924,0.28571428572048985,2,0.0,complete,1788605274858,1788605985331,1603102.83850029,1432156.43911507,0.05632019664544879,125.0,126.0,0.8000000000000007,0.0,0.7936507936507936,100.0,complete_hourly_ordered,/v1/candles/minutes/60,120,False,8.403361344537807,119.0,2026-09-02T19:00:00,129.0,2026-09-04T18:00:00,D-1,3.875968992248058,49.99999999999986,False,False,,0.0,,2.3534339622960374,0.0,0.0,-0.4299055484711989,0.11234672317991379,,,0.0,,2.3534339622960374,0.0,0.0,-0.4299055484711989,0.11234672317991379,,,0.0,,2.3534339622960374,0.0,0.0,-0.4299055484711989,0.11234672317991379,,,0.0,,2.3534339622960374,0.0,0.0,-0.4299055484711989,0.11234672317991379,,,0.0,,2.3534339622960374,0.0,0.0,-0.4299055484711989,0.11234672317991379,,,0.0,,2.3534339622960374,0.0,0.0,-0.4299055484711989,0.11234672317991379,,,0.0,34999.99999924,0.0,44999.99999924,1909698.5166949998,0.023563928864079965,0.0,False,True,flat_or_na,rising,sell_advantage_weakening,accelerating,neutral,False,False,False,pass,S0,🌱 초발사 준비,발사 구조 관찰 또는 초기 준비,S0,False,,,2026-09-05T10:40:00Z,33961613178-1
KRW-KAT,카타나,6.44,6.311333333333334,6.431,8.289083333333332,-0.2738860212788352,1.8607785207069873,23.859694980345623,-0.2582879108372548,-0.5520428523529276,7.204280350075887,,,,False,False,False,False,-5.706152256262708,-0.6172839506172867,5.0,관찰,2.2222222222222365,-179.71257930048995,-2.0,-0.16856743254791695,-0.44726682399764783,False,False,False,False,2026-09-05T19:57:07.171995+09:00,1788605827,1626275.7300872114,48814.0462964112,33.31573293908181,7,0.0,complete,1788605093227,1788605120260,10740307.54611729,14452788.2682011,-0.14736103690654154,6.38,6.49,1.7241379310344973,0.9404388714733702,0.77041602465331,45.454545454544984,complete_hourly_ordered,/v1/candles/minutes/60,120,False,7.807308970099669,6.02,2026-09-02T19:00:00,6.49,2026-09-05T19:00:00,D0,0.7704160246533087,10.63829787234028,False,False,33.24767333496289,2380.186948713188,-94.93330847083608,-179.71257930048995,2.2222222222222365,-2.0,-0.16856743254791695,-0.44726682399764783,,33.24767333496289,2380.186948713188,-94.93330847083608,-179.71257930048995,2.2222222222222365,-2.0,-0.16856743254791695,-0.44726682399764783,,33.24767333496289,2380.186948713188,-94.93330847083608,-179.71257930048995,2.2222222222222365,-2.0,-0.16856743254791695,-0.44726682399764783,,33.24767333496289,2380.186948713188,-94.93330847083608,-179.71257930048995,2.2222222222222365,-2.0,-0.16856743254791695,-0.44726682399764783,,33.24767333496289,2380.186948713188,-94.93330847083608,-179.71257930048995,2.2222222222222365,-2.0,-0.16856743254791695,-0.44726682399764783,,33.24767333496289,2380.186948713188,-94.93330847083608,-179.71257930048995,2.2222222222222365,-2.0,-0.16856743254791695,-0.44726682399764783,,33.24767333496289,1560705.0386951377,-914616.3503527067,2.2222222222222365,1675089.7763836225,3904018.7498874585,0.4290680664461231,2.2222222222222365,False,False,rising,falling,buy_advantage_accelerating,decelerating,neutral,False,False,False,pass,S0,🌱 초발사 준비,발사 구조 관찰 또는 초기 준비,S0,False,,,2026-09-05T10:40:00Z,33961613178-1
KRW-MEW,캣인어독스월드,0.579,0.5786,0.51628,0.5969833333333334,-0.2872242647058654,-12.07096924149687,3.0793712833970934,-0.6044502057823615,-1.172290153254912,,,2.626799581014216,,False,False,False,False,-31.879960708847534,1.7574692442882345,11.0,A급,1.936619718309851,-1.262377309887011,-1.0,-0.7260233409183359,-0.32180038553703394,False,False,False,False,2026-09-05T19:57:07.171995+09:00,1788605827,2288943.4799999953,0.0,,4,0.0,complete,1788605042625,1788605927213,75721159.46947819,70641256.07006694,0.03470770402828399,0.572,0.579,1.2237762237762295,1.2237762237762295,0.0,0.0,complete_hourly_ordered,/v1/candles/minutes/60,120,False,10.275229357798143,0.545,2026-09-02T10:00:00,0.601,2026-09-04T01:00:00,D-1,3.660565723793685,39.285714285714256,True,False,,40202.330937319006,,-1.262377309887011,1.936619718309851,-1.0,-0.7260233409183359,-0.32180038553703394,0.3672326798848955,,40202.330937319006,,-1.262377309887011,1.936619718309851,-1.0,-0.7260233409183359,-0.32180038553703394,0.3672326798848955,,40202.330937319006,,-1.262377309887011,1.936619718309851,-1.0,-0.7260233409183359,-0.32180038553703394,0.3672326798848955,,40202.330937319006,,-1.262377309887011,1.936619718309851,-1.0,-0.7260233409183359,-0.32180038553703394,0.3672326798848955,,40202.330937319006,,-1.262377309887011,1.936619718309851,-1.0,-0.7260233409183359,-0.32180038553703394,0.3672326798848955,,40202.330937319006,,-1.262377309887011,1.936619718309851,-1.0,-0.7260233409183359,-0.32180038553703394,0.3672326798848955,,2283264.0479999953,0.0,1.936619718309851,2288943.4799999953,2035300.1218299717,1.1246220915773193,1.936619718309851,False,True,rising,flat_or_na,buy_only,decelerating,neutral,False,False,False,pass,S0,🌱 초발사 준비,발사 구조 관찰 또는 초기 준비,S1,True,발사 구조 관찰 또는 초기 준비,2026-09-05T19:57:07.171995+09:00,2026-09-05T10:40:00Z,33961613178-1
KRW-ORBS,오브스,8.4,8.356666666666666,8.0694,9.295166666666667,0.19183118855405912,-3.559950760486104,10.096645209876113,-0.7520922605613377,-0.8907728084405291,,,11.334702983976635,,False,False,False,False,-95.26154597563584,0.5988023952095967,10.0,A급,1.2048192771084265,-2.652520563790688,0.0,-0.2984042852062885,-0.5771057389116674,False,False,False,False,2026-09-05T19:57:07.171995+09:00,1788605827,5554.99999992,0.0,,1,0.0,complete,1788605269029,1788605269029,4469816.21184757,8901080.07275734,-0.3314111310557299,8.38,8.43,0.5966587112171684,0.23866348448686736,0.35587188612098886,60.0,complete_hourly_ordered,/v1/candles/minutes/60,120,False,5.1724137931034475,8.12,2026-09-02T20:00:00,8.54,2026-09-04T08:00:00,D-1,1.6393442622950727,33.333333333333194,True,True,,,-100.0,-2.652520563790688,1.2048192771084265,0.0,-0.2984042852062885,-0.5771057389116674,0.7426176070068049,,,-100.0,-2.652520563790688,1.2048192771084265,0.0,-0.2984042852062885,-0.5771057389116674,0.7426176070068049,,,-100.0,-2.652520563790688,1.2048192771084265,0.0,-0.2984042852062885,-0.5771057389116674,0.7426176070068049,,,-100.0,-2.652520563790688,1.2048192771084265,0.0,-0.2984042852062885,-0.5771057389116674,0.7426176070068049,,,-100.0,-2.652520563790688,1.2048192771084265,0.0,-0.2984042852062885,-0.5771057389116674,0.7426176070068049,,,-100.0,-2.652520563790688,1.2048192771084265,0.0,-0.2984042852062885,-0.5771057389116674,0.7426176070068049,,5554.99999992,-376338.1057779206,1.2048192771084265,5554.99999992,1242065.595060742,0.004472388593654217,1.2048192771084265,False,False,rising,falling,buy_only,decelerating,neutral,False,False,False,pass,S1,⚡ 선행 시동,가격 미급등 상태에서 선행조건 4개 개선,S0,True,가격 미급등 상태에서 선행조건 4개 개선,2026-09-05T19:57:07.171995+09:00,2026-09-05T10:40:00Z,33961613178-1
KRW-RENDER,렌더토큰,2021.0,2020.0,1980.9,2349.883333333333,-0.2370604504148499,-1.9738502700792522,14.038285588646241,-0.43991433027068194,-0.4459701321386486,,,,,False,False,False,False,-5.013473518834511,2.954661232806921,8.0,B급,3.3231083844580844,19.95852056854327,0.0,-0.31614048600085987,-0.09921653155504906,False,False,False,False,2026-09-05T19:57:07.171995+09:00,1788605827,798696.94843688,1099025.87570882,0.7267317049489467,7,0.0,complete,1788605133546,1788606184154,43842.92446995,52328.95686723,-0.08823818645626627,1955.0,2053.0,5.012787723785173,3.3759590792838967,1.5586945932781295,32.6530612244897,complete_hourly_ordered,/v1/candles/minutes/60,120,False,7.486910994764395,1910.0,2026-09-02T19:00:00,2053.0,2026-09-05T16:00:00,D0,1.5099853872381885,21.678321678321684,False,True,-5.4401384603950875,-87.51730790585144,5.925117803947266,19.95852056854327,3.3231083844580844,0.0,-0.31614048600085987,-0.09921653155504906,,-5.4401384603950875,-87.51730790585144,5.925117803947266,19.95852056854327,3.3231083844580844,0.0,-0.31614048600085987,-0.09921653155504906,,-5.4401384603950875,-87.51730790585144,5.925117803947266,19.95852056854327,3.3231083844580844,0.0,-0.31614048600085987,-0.09921653155504906,,-5.4401384603950875,-87.51730790585144,5.925117803947266,19.95852056854327,3.3231083844580844,0.0,-0.31614048600085987,-0.09921653155504906,,-5.4401384603950875,-87.51730790585144,5.925117803947266,19.95852056854327,3.3231083844580844,0.0,-0.31614048600085987,-0.09921653155504906,,-5.4401384603950875,-87.51730790585144,5.925117803947266,19.95852056854327,3.3231083844580844,0.0,-0.31614048600085987,-0.09921653155504906,,-5.4401384603950875,-5599738.11999904,61476.04947878001,3.3231083844580844,1897722.8241457,6406651.82684705,0.296211324641258,3.3231083844580844,False,False,falling,rising,sell_advantage_accelerating,accelerating,neutral,False,False,False,pass,S0,🌱 초발사 준비,발사 구조 관찰 또는 초기 준비,S0,False,,,2026-09-05T10:40:00Z,33961613178-1
KRW-ORCA,오르카,1751.0,1747.6,1640.96,1777.8,0.09163802978235935,-6.498634945397807,1.6987287658904289,-0.6443816561347181,-0.836054114000983,,,2.0318406876333266,,False,False,False,False,-85.53359368935828,0.9803921568627416,11.0,A급,2.5175644028103017,-9.407493488069733,0.0,-0.3535911096971933,-0.45120580131839105,False,False,False,False,2026-09-05T19:57:07.171995+09:00,1788605827,0.0,0.0,,0,0.0,complete,,,25141.31161397,18070.85329701,0.16362194144925685,1728.0,1764.0,2.083333333333326,1.331018518518512,0.7369614512471655,36.1111111111112,complete_hourly_ordered,/v1/candles/minutes/60,120,False,7.272727272727275,1650.0,2026-09-02T10:00:00,1770.0,2026-09-04T04:00:00,D-1,1.0734463276836137,15.833333333333277,True,False,,-100.0,-100.0,-9.407493488069733,2.5175644028103017,0.0,-0.3535911096971933,-0.45120580131839105,-0.1270827579440068,,-100.0,-100.0,-9.407493488069733,2.5175644028103017,0.0,-0.3535911096971933,-0.45120580131839105,-0.1270827579440068,,-100.0,-100.0,-9.407493488069733,2.5175644028103017,0.0,-0.3535911096971933,-0.45120580131839105,-0.1270827579440068,,-100.0,-100.0,-9.407493488069733,2.5175644028103017,0.0,-0.3535911096971933,-0.45120580131839105,-0.1270827579440068,,-100.0,-100.0,-9.407493488069733,2.5175644028103017,0.0,-0.3535911096971933,-0.45120580131839105,-0.1270827579440068,,-100.0,-100.0,-9.407493488069733,2.5175644028103017,0.0,-0.3535911096971933,-0.45120580131839105,-0.1270827579440068,,-4388522.21128033,-224010.0,2.5175644028103017,0,2206472.42769502,0.0,2.5175644028103017,False,False,falling,falling,unavailable,decelerating,neutral,False,True,False,pass,S0,🌱 초발사 준비,발사 구조 관찰 또는 초기 준비,S0,False,,,2026-09-05T10:40:00Z,33961613178-1
KRW-BERA,베라체인,250.0,246.8,236.78,340.43333333333334,-0.5106154259607587,-4.231776332460516,27.504161362968766,-0.7275820239175607,-0.8845185130228235,,,,,False,False,False,False,7.061000376875803,0.40160642570281624,7.0,B급,0.8064516129032251,-208.84040380031786,-2.0,-0.861397940801556,-0.269975019426294,False,False,False,False,2026-09-05T19:57:07.171995+09:00,1788605827,4892201.198214999,12846677.6630225,0.38081450523948057,17,0.0,complete,1788604999167,1788606154286,736008.98023159,784512.38578578,-0.03189919368330399,250.0,254.0,1.6000000000000014,0.0,1.574803149606299,100.0,complete_hourly_ordered,/v1/candles/minutes/60,120,False,9.745762711864403,236.0,2026-08-31T21:00:00,259.0,2026-09-01T01:00:00,D-4,3.474903474903479,39.13043478260861,False,True,0.22265889588141397,9954.03979733923,4075.531049318828,-208.84040380031786,0.8064516129032251,-2.0,-0.861397940801556,-0.269975019426294,,0.22265889588141397,9954.03979733923,4075.531049318828,-208.84040380031786,0.8064516129032251,-2.0,-0.861397940801556,-0.269975019426294,,0.22265889588141397,9954.03979733923,4075.531049318828,-208.84040380031786,0.8064516129032251,-2.0,-0.861397940801556,-0.269975019426294,,0.22265889588141397,9954.03979733923,4075.531049318828,-208.84040380031786,0.8064516129032251,-2.0,-0.861397940801556,-0.269975019426294,,0.22265889588141397,9954.03979733923,4075.531049318828,-208.84040380031786,0.8064516129032251,-2.0,-0.861397940801556,-0.269975019426294,,0.22265889588141397,9954.03979733923,4075.531049318828,-208.84040380031786,0.8064516129032251,-2.0,-0.861397940801556,-0.269975019426294,,0.22265889588141397,4843542.138803779,12539011.94311082,0.8064516129032251,17738878.8612375,11135311.752498005,1.5930293875479602,0.8064516129032251,False,False,rising,rising,sell_advantage_weakening,decelerating,rally_weakening,False,False,False,pass,S0,🌱 초발사 준비,발사 구조 관찰 또는 초기 준비,S0,False,,,2026-09-05T10:40:00Z,33961613178-1
KRW-SIGN,사인,14.0,11.853333333333333,10.8334,13.628916666666667,1.9495412844036775,-9.414711294084354,13.028059212336515,-1.9311588616687039,-2.11505162130114,,,6.15968853011819,,False,False,False,False,382.32536264590016,15.70247933884299,13.0,A급,8.52713178294573,78.12810118667716,0.0,0.21793955280193789,-2.3835431151820714,False,True,False,True,2026-09-05T19:57:07.171995+09:00,1788605827,8243282.758840161,21635089.495182946,0.38101449779884333,30,0.0,complete,1788604942879,1788606199838,24664973.50781017,44891641.1085179,-0.29079430780634363,13.3,14.5,9.022556390977442,5.263157894736836,3.4482758620689653,41.66666666666672,complete_hourly_ordered,/v1/candles/minutes/60,120,False,30.17241379310345,11.6,2026-08-31T21:00:00,15.1,2026-09-04T19:00:00,D-1,6.622516556291391,28.57142857142859,True,True,0.23769014486769288,235.4334846694365,26.17836701602252,78.12810118667716,8.52713178294573,0.0,0.21793955280193789,-2.3835431151820714,-1.5351554713318611,0.23769014486769288,235.4334846694365,26.17836701602252,78.12810118667716,8.52713178294573,0.0,0.21793955280193789,-2.3835431151820714,-1.5351554713318611,0.23769014486769288,235.4334846694365,26.17836701602252,78.12810118667716,8.52713178294573,0.0,0.21793955280193789,-2.3835431151820714,-1.5351554713318611,0.23769014486769288,235.4334846694365,26.17836701602252,78.12810118667716,8.52713178294573,0.0,0.21793955280193789,-2.3835431151820714,-1.5351554713318611,0.23769014486769288,235.4334846694365,26.17836701602252,78.12810118667716,8.52713178294573,0.0,0.21793955280193789,-2.3835431151820714,-1.5351554713318611,0.23769014486769288,235.4334846694365,26.17836701602252,78.12810118667716,8.52713178294573,0.0,0.21793955280193789,-2.3835431151820714,-1.5351554713318611,0.23769014486769288,5785781.306066666,4488656.230251204,8.52713178294573,29878372.25402311,20383915.403197337,1.4657818021230853,8.52713178294573,False,False,rising,rising,sell_advantage_weakening,accelerating,neutral,False,True,False,pass,S0,🌱 초발사 준비,발사 구조 관찰 또는 초기 준비,S3,True,발사 구조 관찰 또는 초기 준비,2026-09-05T19:57:07.171995+09:00,2026-09-05T10:40:00Z,33961613178-1
KRW-VANA,바나,1279.0,1299.8666666666666,1374.34,1682.4833333333333,-0.5102561485865964,5.418843469107598,22.74118614349821,-0.7143929745018849,-0.35299242457631974,7.585241824201759,,,,False,False,False,False,622.3744177467181,2.813504823151125,7.0,B급,-1.3117283950617287,-22.92398460619995,0.0,-0.540894967970762,-0.07333169350365054,False,True,False,False,2026-09-05T19:57:07.171995+09:00,1788605827,6009484.87769342,32197991.84378027,0.18664160506812105,49,0.0,complete,1788604968312,1788606205391,64775.70873522,43072.45085688,0.20123901938081648,1303.0,1306.0,0.23023791250960102,-1.8419033000767415,2.0673813169984685,899.999999999971,complete_hourly_ordered,/v1/candles/minutes/60,120,False,18.55241264559069,1202.0,2026-09-03T00:00:00,1425.0,2026-09-04T16:00:00,D-1,10.526315789473683,67.26457399103143,False,False,-2.56388559371743,58.341613022403216,2233.47175276776,-22.92398460619995,-1.3117283950617287,0.0,-0.540894967970762,-0.07333169350365054,,-2.56388559371743,58.341613022403216,2233.47175276776,-22.92398460619995,-1.3117283950617287,0.0,-0.540894967970762,-0.07333169350365054,,-2.56388559371743,58.341613022403216,2233.47175276776,-22.92398460619995,-1.3117283950617287,0.0,-0.540894967970762,-0.07333169350365054,,-2.56388559371743,58.341613022403216,2233.47175276776,-22.92398460619995,-1.3117283950617287,0.0,-0.540894967970762,-0.07333169350365054,,-2.56388559371743,58.341613022403216,2233.47175276776,-22.92398460619995,-1.3117283950617287,0.0,-0.540894967970762,-0.07333169350365054,,-2.56388559371743,58.341613022403216,2233.47175276776,-22.92398460619995,-1.3117283950617287,0.0,-0.540894967970762,-0.07333169350365054,,-2.56388559371743,2214219.2093797103,30818159.762865223,-1.3117283950617287,38207476.721473694,5639567.754691815,6.7748945279870325,-1.3117283950617287,False,True,rising,rising,sell_advantage_accelerating,decelerating,neutral,True,True,False,🔴 1차 급등 완료·상승분 반납 / 신규매수 금지,S3,🔴 1차 급등 완료·반납,당일/5D 급등 후 상승분 상당 부분 반납,S0,True,당일/5D 급등 후 상승분 상당 부분 반납,2026-09-05T19:57:07.171995+09:00,2026-09-05T10:40:00Z,33961613178-1
KRW-DOT,폴카닷,1240.0,1208.4666666666667,1165.28,1386.5416666666667,-0.27507289431698556,-3.706119273193286,12.843104847191755,-0.4872742578691314,-0.7257373570160303,,,,,False,False,False,False,16.084600026337604,7.173725151253252,8.0,B급,4.641350210970474,29.36351169755288,0.0,-0.3634121169318272,-0.37905155445734984,False,False,False,False,2026-09-05T19:57:07.171995+09:00,1788605827,0.0,13866458.57006754,0.0,14,0.0,complete,1788605105801,1788606210506,32117.48476234,64166.8771361,-0.3328618660584307,1230.0,1252.0,1.788617886178856,0.8130081300812941,0.9584664536741214,54.545454545454774,complete_hourly_ordered,/v1/candles/minutes/60,120,False,10.600706713780927,1132.0,2026-08-31T21:00:00,1252.0,2026-09-05T16:00:00,D0,0.9584664536741228,10.000000000000062,False,False,-37.220127364353786,-100.0,13719.572828360504,29.36351169755288,4.641350210970474,0.0,-0.3634121169318272,-0.37905155445734984,,-37.220127364353786,-100.0,13719.572828360504,29.36351169755288,4.641350210970474,0.0,-0.3634121169318272,-0.37905155445734984,,-37.220127364353786,-100.0,13719.572828360504,29.36351169755288,4.641350210970474,0.0,-0.3634121169318272,-0.37905155445734984,,-37.220127364353786,-100.0,13719.572828360504,29.36351169755288,4.641350210970474,0.0,-0.3634121169318272,-0.37905155445734984,,-37.220127364353786,-100.0,13719.572828360504,29.36351169755288,4.641350210970474,0.0,-0.3634121169318272,-0.37905155445734984,,-37.220127364353786,-100.0,13719.572828360504,29.36351169755288,4.641350210970474,0.0,-0.3634121169318272,-0.37905155445734984,,-37.220127364353786,-3734640.4297771496,13766119.299510559,4.641350210970474,13866458.57006754,9245948.51318185,1.4997334832979308,4.641350210970474,False,False,falling,rising,sell_only,accelerating,neutral,False,False,False,pass,S0,🌱 초발사 준비,발사 구조 관찰 또는 초기 준비,S0,False,,,2026-09-05T10:40:00Z,33961613178-1
KRW-EDGE,디피니티브,96.4,96.30666666666666,93.024,107.71499999999999,0.06233982129248972,-3.5288384359591682,10.591220659456281,-0.3389219231815579,-0.6789464370100939,,,,,False,False,False,False,14.879539464394242,-0.20703933747411307,8.0,B급,3.6559139784946293,57.99280518846545,1.0,-0.11119898198392875,-0.5534132916551009,False,False,False,False,2026-09-05T19:57:07.171995+09:00,1788605827,2644797.39385921,1053651.067123469,2.510126432159051,24,0.0,complete,1788605050197,1788605992522,490422.0709489,1151931.53027252,-0.4027813857086895,93.9,101.0,7.561235356762497,2.6624068157614422,4.554455445544549,64.7887323943662,complete_hourly_ordered,/v1/candles/minutes/60,120,False,10.382513661202175,91.5,2026-09-04T22:00:00,101.0,2026-09-05T09:00:00,D0,4.554455445544548,48.42105263157875,False,True,,,,57.99280518846545,3.6559139784946293,1.0,-0.11119898198392875,-0.5534132916551009,,,,,57.99280518846545,3.6559139784946293,1.0,-0.11119898198392875,-0.5534132916551009,,,,,57.99280518846545,3.6559139784946293,1.0,-0.11119898198392875,-0.5534132916551009,,,,,57.99280518846545,3.6559139784946293,1.0,-0.11119898198392875,-0.5534132916551009,,,,,57.99280518846545,3.6559139784946293,1.0,-0.11119898198392875,-0.5534132916551009,,,,,57.99280518846545,3.6559139784946293,1.0,-0.11119898198392875,-0.5534132916551009,,,2644797.39385921,1053651.067123469,3.6559139784946293,3698448.460982679,1086989.6094424091,3.4024690106098294,3.6559139784946293,False,False,rising,rising,buy_advantage_weakening,accelerating,neutral,False,False,False,pass,S0,🌱 초발사 준비,발사 구조 관찰 또는 초기 준비,S0,False,,,2026-09-05T10:40:00Z,33961613178-1
KRW-MET2,메테오라,258.0,284.8,252.88,229.75833333333333,-0.9046624913013113,-12.622587788674478,-23.956330927423753,0.855969503323621,0.500604812530705,,14.746539146152486,,,False,False,False,False,-45.14757902224511,-4.797047970479706,2.0,-,2.7888446215139417,-4.60209115092465,-2.0,0.015300710170640386,1.017379048280631,False,False,False,False,2026-09-05T19:57:07.171995+09:00,1788605827,0.0,0.0,,0,0.0,complete,,,364165.09118277,460546.58786427,-0.11686689922091262,254.0,260.0,2.3622047244094446,1.5748031496062964,0.7692307692307693,33.33333333333333,complete_hourly_ordered,/v1/candles/minutes/60,120,False,8.108108108108114,259.0,2026-09-02T19:00:00,280.0,2026-09-03T23:00:00,D-2,7.857142857142863,104.76190476190477,True,False,,,-100.0,-4.60209115092465,2.7888446215139417,-2.0,0.015300710170640386,1.017379048280631,,,,-100.0,-4.60209115092465,2.7888446215139417,-2.0,0.015300710170640386,1.017379048280631,,,,-100.0,-4.60209115092465,2.7888446215139417,-2.0,0.015300710170640386,1.017379048280631,,,,-100.0,-4.60209115092465,2.7888446215139417,-2.0,0.015300710170640386,1.017379048280631,,,,-100.0,-4.60209115092465,2.7888446215139417,-2.0,0.015300710170640386,1.017379048280631,,,,-100.0,-4.60209115092465,2.7888446215139417,-2.0,0.015300710170640386,1.017379048280631,,,0.0,-3626175.724409189,2.7888446215139417,0,2256501.8400291,0.0,2.7888446215139417,False,False,flat_or_na,falling,unavailable,decelerating,neutral,False,False,False,pass,S0,🌱 초발사 준비,발사 구조 관찰 또는 초기 준비,S0,False,,,2026-09-05T10:40:00Z,33961613178-1
KRW-MBL,무비블록,0.94,0.9214666666666668,0.9235599999999999,1.0693583333333334,0.05066956207022688,0.22665915948429657,13.829944748797951,-0.8060831591982701,-0.8260124928441425,0.2811858266704538,,,,False,False,False,False,315.74834352580734,2.062975027144387,8.0,B급,0.8583690987124415,-735.3886369346449,-2.0,-0.18141630970232026,-0.3235478126208253,False,True,False,False,2026-09-05T19:57:07.171995+09:00,1788605827,5554.9999999952,412047.3046609183,0.013481461805863569,2,0.0,complete,1788605020103,1788605274876,65091040.72500717,29858858.18582256,0.37106076934607585,0.927,0.942,1.6181229773462702,1.4023732470334282,0.21231422505307876,13.3333333333337,complete_hourly_ordered,/v1/candles/minutes/60,120,False,27.65957446808509,0.893,2026-09-01T00:00:00,1.14,2026-09-02T09:00:00,D-3,17.543859649122805,80.97165991902835,True,True,-6.748783779799509,-99.36235297083904,219.84204708666186,-735.3886369346449,0.8583690987124415,-2.0,-0.18141630970232026,-0.3235478126208253,,-6.748783779799509,-99.36235297083904,219.84204708666186,-735.3886369346449,0.8583690987124415,-2.0,-0.18141630970232026,-0.3235478126208253,,-6.748783779799509,-99.36235297083904,219.84204708666186,-735.3886369346449,0.8583690987124415,-2.0,-0.18141630970232026,-0.3235478126208253,,-6.748783779799509,-99.36235297083904,219.84204708666186,-735.3886369346449,0.8583690987124415,-2.0,-0.18141630970232026,-0.3235478126208253,,-6.748783779799509,-99.36235297083904,219.84204708666186,-735.3886369346449,0.8583690987124415,-2.0,-0.18141630970232026,-0.3235478126208253,,-6.748783779799509,-99.36235297083904,219.84204708666186,-735.3886369346449,0.8583690987124415,-2.0,-0.18141630970232026,-0.3235478126208253,,-6.748783779799509,-865616.6272409764,283218.9319018879,0.8583690987124415,417602.30466091353,3145176.2840214483,0.13277548440844905,0.8583690987124415,False,True,falling,rising,sell_advantage_accelerating,decelerating,rally_weakening,True,True,False,🔴 1차 급등 완료·상승분 반납 / 신규매수 금지,S3,🔴 1차 급등 완료·반납,당일/5D 급등 후 상승분 상당 부분 반납,S3,False,,,2026-09-05T10:40:00Z,33961613178-1
KRW-FLUID,플루이드,1701.0,1801.5333333333333,1700.2,1775.9,-0.873042074758823,-5.960083127475194,-1.4433995908177943,0.3839062828454957,-0.24273888621182566,,,,,False,False,False,False,-61.58440555778502,-5.447470817120625,6.0,관찰,1.552238805970152,34.236984862029644,0.0,-0.4563754080921578,0.4241344790605177,False,False,False,False,2026-09-05T19:57:07.171995+09:00,1788605827,0.0,0.0,,0,0.0,complete,,,23728.26800659,30109.76685229,-0.11853142230074248,1690.0,1726.0,2.130177514792897,0.6508875739644981,1.4484356894553883,69.44444444444436,complete_hourly_ordered,/v1/candles/minutes/60,120,False,5.854241338112298,1674.0,2026-09-02T23:00:00,1772.0,2026-09-04T00:00:00,D-1,4.006772009029347,72.44897959183673,False,False,,-100.0,,34.236984862029644,1.552238805970152,0.0,-0.4563754080921578,0.4241344790605177,,,-100.0,,34.236984862029644,1.552238805970152,0.0,-0.4563754080921578,0.4241344790605177,,,-100.0,,34.236984862029644,1.552238805970152,0.0,-0.4563754080921578,0.4241344790605177,,,-100.0,,34.236984862029644,1.552238805970152,0.0,-0.4563754080921578,0.4241344790605177,,,-100.0,,34.236984862029644,1.552238805970152,0.0,-0.4563754080921578,0.4241344790605177,,,-100.0,,34.236984862029644,1.552238805970152,0.0,-0.4563754080921578,0.4241344790605177,,,-3088693.3678039997,0.0,1.552238805970152,0,1122175.8848762298,0.0,1.552238805970152,False,False,falling,flat_or_na,unavailable,accelerating,neutral,False,False,False,pass,S0,🌱 초발사 준비,발사 구조 관찰 또는 초기 준비,S0,False,,,2026-09-05T10:40:00Z,33961613178-1
KRW-BIGTIME,빅타임,9.33,9.01,8.4516,11.930583333333335,0.7078986587183422,-6.6070329878366305,24.479803306627936,-1.3154774342824616,-1.3397953332638923,,,,,False,False,False,False,9.23280986020436,2.414928649835346,8.0,B급,4.129464285714279,-54.38485662023269,0.0,-0.13452330442569327,-1.2385586411389014,False,False,False,False,2026-09-05T19:57:07.171995+09:00,1788605827,4007560.5449748775,4507744.032085483,0.8890390662046536,27,0.0,complete,1788605114354,1788606213557,6668295.90819026,25014795.05610548,-0.5790627931028015,9.1,9.37,2.9670329670329565,2.5274725274725407,0.42689434364993756,14.814814814814067,complete_hourly_ordered,/v1/candles/minutes/60,120,False,8.418657565415245,8.79,2026-09-02T03:00:00,9.53,2026-09-02T11:00:00,D-3,2.5183630640084,32.43243243243239,True,True,-5.325746708843012,301.56078150094805,2707.091755082262,-54.38485662023269,4.129464285714279,0.0,-0.13452330442569327,-1.2385586411389014,,-5.325746708843012,301.56078150094805,2707.091755082262,-54.38485662023269,4.129464285714279,0.0,-0.13452330442569327,-1.2385586411389014,,-5.325746708843012,301.56078150094805,2707.091755082262,-54.38485662023269,4.129464285714279,0.0,-0.13452330442569327,-1.2385586411389014,,-5.325746708843012,301.56078150094805,2707.091755082262,-54.38485662023269,4.129464285714279,0.0,-0.13452330442569327,-1.2385586411389014,,-5.325746708843012,301.56078150094805,2707.091755082262,-54.38485662023269,4.129464285714279,0.0,-0.13452330442569327,-1.2385586411389014,,-5.325746708843012,301.56078150094805,2707.091755082262,-54.38485662023269,4.129464285714279,0.0,-0.13452330442569327,-1.2385586411389014,,-5.325746708843012,3009564.542976008,4347159.896425358,4.129464285714279,8515304.57706036,8681256.560176335,0.9808838752816903,4.129464285714279,False,False,rising,rising,sell_advantage_accelerating,decelerating,rally_weakening,False,False,False,pass,S0,🌱 초발사 준비,발사 구조 관찰 또는 초기 준비,S0,False,,,2026-09-05T10:40:00Z,33961613178-1
KRW-SNT,스테이터스네트워크토큰,9.36,9.279333333333334,8.8058,10.846583333333333,0.2882052021039083,-5.377516333931432,14.449250532041576,-1.581371167888436,-1.4031653111326836,,,10.297610992376686,,False,False,False,False,132.49397470294846,1.9607843137254832,12.0,A급,0.0,149.251851081998,1.0,-0.8567772949789498,-0.6750963694218246,False,False,False,False,2026-09-05T19:57:07.171995+09:00,1788605827,3226076.663732488,0.0,,5,0.0,complete,1788605260917,1788605794529,7631364.66935082,4100459.4391102,0.30096813569631703,9.44,9.75,3.2838983050847537,-0.8474576271186418,4.000000000000005,125.80645161290309,complete_hourly_ordered,/v1/candles/minutes/60,120,False,31.818181818181813,8.8,2026-09-02T10:00:00,11.6,2026-09-03T14:00:00,D-2,19.310344827586214,80.00000000000004,True,False,,,-100.0,149.251851081998,0.0,1.0,-0.8567772949789498,-0.6750963694218246,0.4588758074120687,,,-100.0,149.251851081998,0.0,1.0,-0.8567772949789498,-0.6750963694218246,0.4588758074120687,,,-100.0,149.251851081998,0.0,1.0,-0.8567772949789498,-0.6750963694218246,0.4588758074120687,,,-100.0,149.251851081998,0.0,1.0,-0.8567772949789498,-0.6750963694218246,0.4588758074120687,,,-100.0,149.251851081998,0.0,1.0,-0.8567772949789498,-0.6750963694218246,0.4588758074120687,,,-100.0,149.251851081998,0.0,1.0,-0.8567772949789498,-0.6750963694218246,0.4588758074120687,,3226076.663732488,-250886.118132,0.0,3226076.663732488,17913725.69376856,0.18008965409438563,0.0,False,False,rising,falling,buy_only,accelerating,neutral,True,True,False,🔴 1차 급등 완료·상승분 반납 / 신규매수 금지,S3,🔴 1차 급등 완료·반납,당일/5D 급등 후 상승분 상당 부분 반납,S3,False,,,2026-09-05T10:40:00Z,33961613178-1
KRW-SOL,솔라나,140200.0,139686.66666666666,118136.0,116977.08333333333,0.5518763796909409,-18.24225186790365,-19.4137028264083,-0.6576677223272156,-1.139033302424148,,,,,False,False,False,False,-23.81886384862667,-1.2676056338028152,6.0,관찰,0.7907979870596771,-8.533556421905075,0.0,-0.3343221675245589,-0.6390492679221431,False,False,False,False,2026-09-05T19:57:07.171995+09:00,1788605827,45509597.595948964,82473895.08927801,0.5518060902384302,144,0.0,complete,1788604928340,1788606213316,10272.60631691,7090.3873798,0.18327593689750502,139700.0,140700.0,0.7158196134574135,0.35790980672869566,0.35536602700781805,50.000000000001556,complete_hourly_ordered,/v1/candles/minutes/60,120,False,8.451757666417347,133700.0,2026-09-02T20:00:00,145000.0,2026-09-04T00:00:00,D-1,3.3793103448275907,43.36283185840695,True,True,-2.1882630937977425,127.08751361315342,1027.6343431837342,-8.533556421905075,0.7907979870596771,0.0,-0.3343221675245589,-0.6390492679221431,,-2.1882630937977425,127.08751361315342,1027.6343431837342,-8.533556421905075,0.7907979870596771,0.0,-0.3343221675245589,-0.6390492679221431,,-2.1882630937977425,127.08751361315342,1027.6343431837342,-8.533556421905075,0.7907979870596771,0.0,-0.3343221675245589,-0.6390492679221431,,-2.1882630937977425,127.08751361315342,1027.6343431837342,-8.533556421905075,0.7907979870596771,0.0,-0.3343221675245589,-0.6390492679221431,,-2.1882630937977425,127.08751361315342,1027.6343431837342,-8.533556421905075,0.7907979870596771,0.0,-0.3343221675245589,-0.6390492679221431,,-2.1882630937977425,127.08751361315342,1027.6343431837342,-8.533556421905075,0.7907979870596771,0.0,-0.3343221675245589,-0.6390492679221431,,-2.1882630937977425,25469042.801960967,75160008.66964102,0.7907979870596771,127983492.68522698,382202336.4851692,0.3348579547215646,0.7907979870596771,False,False,rising,rising,sell_advantage_accelerating,decelerating,rally_weakening,False,False,False,pass,S0,🌱 초발사 준비,발사 구조 관찰 또는 초기 준비,S0,False,,,2026-09-05T10:40:00Z,33961613178-1
KRW-QKC,쿼크체인,3.09,2.9993333333333334,2.8668,3.3474166666666667,0.11125945705385831,-4.623040788800522,10.398566058403246,-0.3447574871974799,-0.7724795583297037,,,13.461283145003314,,False,False,False,False,367.3208839546741,6.185567010309279,12.0,A급,1.980198019801982,6.73956264350096,0.0,-0.22341256436513302,-0.4261123244636771,False,True,False,False,2026-09-05T19:57:07.171995+09:00,1788605827,476256.9061828683,341210.4317831744,1.3957864760873153,12,0.0,complete,1788605168028,1788606224175,27510807.58876957,38889018.00363413,-0.17135904068046615,3.02,3.09,2.3178807947019875,2.3178807947019875,0.0,0.0,complete_hourly_ordered,/v1/candles/minutes/60,120,False,23.958333333333325,2.88,2026-09-01T11:00:00,3.57,2026-09-03T14:00:00,D-2,13.725490196078427,71.01449275362319,False,True,,,,6.73956264350096,1.980198019801982,0.0,-0.22341256436513302,-0.4261123244636771,1.3536611568802321,,,,6.73956264350096,1.980198019801982,0.0,-0.22341256436513302,-0.4261123244636771,1.3536611568802321,,,,6.73956264350096,1.980198019801982,0.0,-0.22341256436513302,-0.4261123244636771,1.3536611568802321,,,,6.73956264350096,1.980198019801982,0.0,-0.22341256436513302,-0.4261123244636771,1.3536611568802321,,,,6.73956264350096,1.980198019801982,0.0,-0.22341256436513302,-0.4261123244636771,1.3536611568802321,,,,6.73956264350096,1.980198019801982,0.0,-0.22341256436513302,-0.4261123244636771,1.3536611568802321,,476256.9061828683,341210.4317831744,1.980198019801982,817467.3379660427,4551420.899271913,0.17960706251026184,1.980198019801982,False,True,rising,rising,buy_advantage_weakening,accelerating,neutral,True,True,False,🔴 1차 급등 완료·상승분 반납 / 신규매수 금지,S2,🚀 발사 진행,가격 상승 초입과 실제 매수수급·구조 동반,S3,True,가격 상승 초입과 실제 매수수급·구조 동반,2026-09-05T19:57:07.171995+09:00,2026-09-05T10:40:00Z,33961613178-1
KRW-META,메타디움,10.4,10.283333333333333,10.205599999999999,11.728166666666668,0.19486846378695688,-0.7616733296752229,12.319345166195356,-0.917514685525725,-0.8074427675265351,,,,,False,False,False,False,-75.07844594717714,1.9607843137255054,8.0,B급,0.9708737864077666,1.058027614824809,-3.0,-0.3935591269289773,-0.46904551460506205,False,False,False,False,2026-09-05T19:57:07.171995+09:00,1788605827,0.0,0.0,,0,0.0,complete,,,5362107.39095889,32652100.05702922,-0.7178892971373693,10.4,10.4,0.0,0.0,0.0,,complete_hourly_ordered,/v1/candles/minutes/60,120,False,6.639839034205242,9.94,2026-08-31T08:00:00,10.6,2026-09-04T13:00:00,D-1,1.8867924528301772,30.30303030303012,False,False,,,,1.058027614824809,0.9708737864077666,-3.0,-0.3935591269289773,-0.46904551460506205,,,,,1.058027614824809,0.9708737864077666,-3.0,-0.3935591269289773,-0.46904551460506205,,,,,1.058027614824809,0.9708737864077666,-3.0,-0.3935591269289773,-0.46904551460506205,,,,,1.058027614824809,0.9708737864077666,-3.0,-0.3935591269289773,-0.46904551460506205,,,,,1.058027614824809,0.9708737864077666,-3.0,-0.3935591269289773,-0.46904551460506205,,,,,1.058027614824809,0.9708737864077666,-3.0,-0.3935591269289773,-0.46904551460506205,,,0.0,0.0,0.9708737864077666,0,293385.033832161,0.0,0.9708737864077666,False,False,flat_or_na,flat_or_na,unavailable,accelerating,neutral,False,False,False,pass,S0,🌱 초발사 준비,발사 구조 관찰 또는 초기 준비,S0,False,,,2026-09-05T10:40:00Z,33961613178-1
KRW-SAHARA,사하라에이아이,12.6,11.74,11.774000000000001,24.43,0.11370096645821892,0.2887718702225301,51.94433074089234,-1.0063740433308905,-0.7784658333570598,0.2869428838473961,,,,False,False,False,False,31.113505623930273,8.62068965517242,6.0,관찰,0.0,-20.519318401312226,-1.0,-0.8047835341158383,-0.6078773492530587,False,False,False,False,2026-09-05T19:57:07.171995+09:00,1788605827,8259292.766741436,113228301.08009751,0.07294371361183655,119,0.0,complete,1788604969286,1788606148086,52106543.51148108,92457910.91822453,-0.2791237138197362,12.7,13.0,2.3622047244094446,-0.7874015748031482,3.0769230769230793,133.33333333333331,complete_hourly_ordered,/v1/candles/minutes/60,120,False,16.964285714285722,11.2,2026-09-02T03:00:00,13.1,2026-09-04T20:00:00,D-1,4.580152671755721,31.578947368421062,False,True,-2.172679833124927,94.23717688633393,5879.728155722058,-20.519318401312226,0.0,-1.0,-0.8047835341158383,-0.6078773492530587,,-2.172679833124927,94.23717688633393,5879.728155722058,-20.519318401312226,0.0,-1.0,-0.8047835341158383,-0.6078773492530587,,-2.172679833124927,94.23717688633393,5879.728155722058,-20.519318401312226,0.0,-1.0,-0.8047835341158383,-0.6078773492530587,,-2.172679833124927,94.23717688633393,5879.728155722058,-20.519318401312226,0.0,-1.0,-0.8047835341158383,-0.6078773492530587,,-2.172679833124927,94.23717688633393,5879.728155722058,-20.519318401312226,0.0,-1.0,-0.8047835341158383,-0.6078773492530587,,-2.172679833124927,94.23717688633393,5879.728155722058,-20.519318401312226,0.0,-1.0,-0.8047835341158383,-0.6078773492530587,,-2.172679833124927,4007123.8981758114,111334765.15118161,0.0,121487593.84683895,40180177.58171651,3.0235703562972898,0.0,False,False,rising,rising,sell_advantage_accelerating,decelerating,neutral,False,False,False,pass,S0,🌱 초발사 준비,발사 구조 관찰 또는 초기 준비,S0,False,,,2026-09-05T10:40:00Z,33961613178-1
KRW-MLK,밀크,49.4,48.82,46.948,55.26833333333333,0.1778385772913893,-3.9873903041663112,11.667320044630737,-0.6334071465546998,-0.8741548007802196,,,13.346972451809643,,False,False,False,False,-95.01449409285524,4.0000000000000036,10.0,A급,1.855670103092777,-1.1517317926654016,-1.0,-0.24821969648542996,-0.5964769145599735,False,False,False,False,2026-09-05T19:57:07.171995+09:00,1788605827,795417.058374328,56298.215459563995,14.128637149176312,3,0.0,complete,1788604951745,1788606187312,2032951.5965311,1525765.03698089,0.14251951244841965,48.8,49.9,2.254098360655732,1.2295081967213184,1.002004008016032,45.454545454545006,complete_hourly_ordered,/v1/candles/minutes/60,120,False,6.553911205074003,47.3,2026-08-31T23:00:00,50.4,2026-09-04T13:00:00,D-1,1.9841269841269882,32.25806451612902,False,False,14.095897690687577,12002.818991555578,-71.95485057850807,-1.1517317926654016,1.855670103092777,-1.0,-0.24821969648542996,-0.5964769145599735,0.39439414474876955,14.095897690687577,12002.818991555578,-71.95485057850807,-1.1517317926654016,1.855670103092777,-1.0,-0.24821969648542996,-0.5964769145599735,0.39439414474876955,14.095897690687577,12002.818991555578,-71.95485057850807,-1.1517317926654016,1.855670103092777,-1.0,-0.24821969648542996,-0.5964769145599735,0.39439414474876955,14.095897690687577,12002.818991555578,-71.95485057850807,-1.1517317926654016,1.855670103092777,-1.0,-0.24821969648542996,-0.5964769145599735,0.39439414474876955,14.095897690687577,12002.818991555578,-71.95485057850807,-1.1517317926654016,1.855670103092777,-1.0,-0.24821969648542996,-0.5964769145599735,0.39439414474876955,14.095897690687577,12002.818991555578,-71.95485057850807,-1.1517317926654016,1.855670103092777,-1.0,-0.24821969648542996,-0.5964769145599735,0.39439414474876955,14.095897690687577,788844.8948235939,-144443.148451376,1.855670103092777,851715.273833892,1773989.1597076561,0.4801130092442335,1.855670103092777,False,False,rising,falling,buy_advantage_accelerating,decelerating,neutral,False,False,False,pass,S1,⚡ 선행 시동,가격 미급등 상태에서 선행조건 4개 개선,S0,True,가격 미급등 상태에서 선행조건 4개 개선,2026-09-05T19:57:07.171995+09:00,2026-09-05T10:40:00Z,33961613178-1
KRW-VTHO,비토르토큰,0.558,0.5417333333333334,0.50276,0.5898916666666667,0.5071119356833798,-7.7518763094385825,8.163928404933102,-0.9825250210445141,-1.2444071904633365,,,6.560496007655971,,False,False,False,False,-76.97841800633394,1.0869565217391353,11.0,A급,2.010968921389389,1.7682989579859623,0.0,-0.22827383023962255,-0.9198220872205543,False,False,False,False,2026-09-05T19:57:07.171995+09:00,1788605827,0.0,0.0,,0,0.0,complete,,,63439292.46918103,225890468.76871005,-0.5614741311245867,0.552,0.563,1.9927536231883813,1.0869565217391353,0.888099467140301,45.454545454544544,complete_hourly_ordered,/v1/candles/minutes/60,120,False,7.442748091603035,0.524,2026-09-03T06:00:00,0.563,2026-09-05T16:00:00,D0,0.888099467140302,12.820512820512537,False,True,,,,1.7682989579859623,2.010968921389389,0.0,-0.22827383023962255,-0.9198220872205543,-0.05963679098112884,,,,1.7682989579859623,2.010968921389389,0.0,-0.22827383023962255,-0.9198220872205543,-0.05963679098112884,,,,1.7682989579859623,2.010968921389389,0.0,-0.22827383023962255,-0.9198220872205543,-0.05963679098112884,,,,1.7682989579859623,2.010968921389389,0.0,-0.22827383023962255,-0.9198220872205543,-0.05963679098112884,,,,1.7682989579859623,2.010968921389389,0.0,-0.22827383023962255,-0.9198220872205543,-0.05963679098112884,,,,1.7682989579859623,2.010968921389389,0.0,-0.22827383023962255,-0.9198220872205543,-0.05963679098112884,,0.0,0.0,2.010968921389389,0,618838.3605848816,0.0,2.010968921389389,False,False,flat_or_na,flat_or_na,unavailable,accelerating,neutral,False,False,False,pass,S1,⚡ 선행 시동,가격 미급등 상태에서 선행조건 3개 개선,S0,True,가격 미급등 상태에서 선행조건 3개 개선,2026-09-05T19:57:07.171995+09:00,2026-09-05T10:40:00Z,33961613178-1
KRW-KITE,카이트,178.0,168.33333333333334,152.46,211.825,1.2024048096192397,-10.411474047837684,20.531885597387774,-2.0463463806484596,-1.6715356682840308,,,12.28324706852678,,False,False,False,False,-10.199697308046884,11.250000000000004,11.0,A급,-3.2608695652173947,16.735051753532147,1.0,-0.7183144384396156,-1.169707684144278,False,False,False,True,2026-09-05T19:57:07.171995+09:00,1788605827,5536957.499996929,14259958.333321795,0.38828707423769304,84,0.0,complete,1788604940374,1788606133872,1146564.70797656,1392137.35578413,-0.09673157449747861,184.0,189.0,2.717391304347827,-3.2608695652173947,5.82010582010582,220.0000000000001,complete_hourly_ordered,/v1/candles/minutes/60,120,False,27.848101265822777,158.0,2026-09-01T00:00:00,202.0,2026-09-03T02:00:00,D-2,11.881188118811881,54.54545454545453,False,False,0.38828707423769304,,408.2828650596503,16.735051753532147,-3.2608695652173947,1.0,-0.7183144384396156,-1.169707684144278,3.8348902835494414e-05,0.38828707423769304,,408.2828650596503,16.735051753532147,-3.2608695652173947,1.0,-0.7183144384396156,-1.169707684144278,3.8348902835494414e-05,0.38828707423769304,,408.2828650596503,16.735051753532147,-3.2608695652173947,1.0,-0.7183144384396156,-1.169707684144278,3.8348902835494414e-05,0.38828707423769304,,408.2828650596503,16.735051753532147,-3.2608695652173947,1.0,-0.7183144384396156,-1.169707684144278,3.8348902835494414e-05,0.38828707423769304,,408.2828650596503,16.735051753532147,-3.2608695652173947,1.0,-0.7183144384396156,-1.169707684144278,3.8348902835494414e-05,0.38828707423769304,,408.2828650596503,16.735051753532147,-3.2608695652173947,1.0,-0.7183144384396156,-1.169707684144278,3.8348902835494414e-05,0.38828707423769304,5536957.499996929,11454442.091563715,-3.2608695652173947,19796915.833318725,9177259.33946132,2.1571707958817203,-3.2608695652173947,False,True,rising,rising,sell_advantage_weakening,accelerating,leading_buy_inflow,False,False,False,pass,S0,🌱 초발사 준비,발사 구조 관찰 또는 초기 준비,S1,True,발사 구조 관찰 또는 초기 준비,2026-09-05T19:57:07.171995+09:00,2026-09-05T10:40:00Z,33961613178-1
KRW-MINA,미나,104.0,89.69333333333334,69.292,71.47666666666667,2.0634198148991034,-29.442552290788747,-25.486172643753207,-2.3514144048219405,-3.3477234405185086,,,,,False,False,False,False,-74.61822579161105,12.798264642082424,8.0,B급,1.9607843137254832,-2.469429951006674,0.0,-0.8543520683900185,-2.364738155845327,False,False,False,False,2026-09-05T19:57:07.171995+09:00,1788605827,1614749.9999966398,1032989.10828846,1.5631820190941688,15,0.0,complete,1788605242709,1788606067927,590174.67458558,3285766.37656531,-0.695467672600264,101.0,104.0,2.970297029702973,2.970297029702973,0.0,0.0,complete_hourly_ordered,/v1/candles/minutes/60,120,False,23.543123543123556,85.8,2026-08-31T21:00:00,106.0,2026-09-04T17:00:00,D-1,2.8301886792452824,14.85148514851486,False,True,,40.5722683036416,,-2.469429951006674,1.9607843137254832,0.0,-0.8543520683900185,-2.364738155845327,,,40.5722683036416,,-2.469429951006674,1.9607843137254832,0.0,-0.8543520683900185,-2.364738155845327,,,40.5722683036416,,-2.469429951006674,1.9607843137254832,0.0,-0.8543520683900185,-2.364738155845327,,,40.5722683036416,,-2.469429951006674,1.9607843137254832,0.0,-0.8543520683900185,-2.364738155845327,,,40.5722683036416,,-2.469429951006674,1.9607843137254832,0.0,-0.8543520683900185,-2.364738155845327,,,40.5722683036416,,-2.469429951006674,1.9607843137254832,0.0,-0.8543520683900185,-2.364738155845327,,,466052.59368551965,1032989.10828846,1.9607843137254832,2647739.1082850997,7270011.93683876,0.36420010466123437,1.9607843137254832,False,False,rising,rising,buy_advantage_weakening,decelerating,rally_weakening,False,False,False,pass,S0,🌱 초발사 준비,발사 구조 관찰 또는 초기 준비,S0,False,,,2026-09-05T10:40:00Z,33961613178-1
KRW-MMT,모멘텀,228.0,226.06666666666666,250.24,228.61666666666667,-0.9059029807130359,9.660059676044336,1.1154042429102622,0.4621409760927769,0.7539294079925876,,,,,False,False,False,False,-49.078973791230794,4.587155963302747,3.0,-,2.2421524663677195,-9.696844818708591,0.0,-0.23788090694016883,0.8965858621662797,False,False,False,False,2026-09-05T19:57:07.171995+09:00,1788605827,6053201.867167801,8767573.745024277,0.6904078646162605,59,0.0,complete,1788605217893,1788605984308,1344627.48326223,2318610.05824802,-0.26588026682655264,226.0,231.0,2.212389380530966,0.8849557522123908,1.2987012987012987,59.9999999999998,complete_hourly_ordered,/v1/candles/minutes/60,120,False,8.878504672897192,214.0,2026-08-31T22:00:00,233.0,2026-09-04T09:00:00,D-1,2.145922746781115,26.315789473684287,False,False,,,,-9.696844818708591,2.2421524663677195,0.0,-0.23788090694016883,0.8965858621662797,,,,,-9.696844818708591,2.2421524663677195,0.0,-0.23788090694016883,0.8965858621662797,,,,,-9.696844818708591,2.2421524663677195,0.0,-0.23788090694016883,0.8965858621662797,,,,,-9.696844818708591,2.2421524663677195,0.0,-0.23788090694016883,0.8965858621662797,,,,,-9.696844818708591,2.2421524663677195,0.0,-0.23788090694016883,0.8965858621662797,,,,,-9.696844818708591,2.2421524663677195,0.0,-0.23788090694016883,0.8965858621662797,,,6053201.867167801,8767573.745024277,2.2421524663677195,14820775.612192078,9425226.07827288,1.5724583674822474,2.2421524663677195,False,False,rising,rising,sell_advantage_weakening,decelerating,rally_weakening,False,False,False,pass,S0,🌱 초발사 준비,발사 구조 관찰 또는 초기 준비,S0,False,,,2026-09-05T10:40:00Z,33961613178-1
KRW-CHIP,유에스디에이아이,77.9,56.54666666666666,43.648,51.92333333333333,4.111943046520161,-29.551564027370453,-8.904153559735498,-3.419207104266735,-4.33455516841625,,,,,False,False,False,False,129.55898993477413,46.52908067542214,8.0,B급,8.022130013831251,22.30031424710424,0.0,0.2884136347554467,-5.095558248958598,False,False,False,False,2026-09-05T19:57:07.171995+09:00,1788605827,84420535.3640368,171817063.68332848,0.49133964668160124,347,0.0,complete,1788604927651,1788606249446,2896899.6227868,3446549.85841459,-0.08664847686683104,75.0,81.8,9.066666666666666,3.866666666666685,4.7677261613691835,57.35294117647038,complete_hourly_ordered,/v1/candles/minutes/60,120,False,61.71428571428572,52.5,2026-09-01T14:00:00,84.9,2026-09-04T11:00:00,D-1,8.833922261484094,23.14814814814813,False,True,-0.7305621869185203,87.16681791163874,365.46107064617496,22.30031424710424,7.7455048409405425,0.0,0.2884136347554467,-5.095558248958598,,-0.7305621869185203,87.16681791163874,365.46107064617496,22.30031424710424,7.7455048409405425,0.0,0.2884136347554467,-5.095558248958598,,-0.7305621869185203,87.16681791163874,365.46107064617496,22.30031424710424,7.7455048409405425,0.0,0.2884136347554467,-5.095558248958598,,-0.7305621869185203,87.16681791163874,365.46107064617496,22.30031424710424,7.7455048409405425,0.0,0.2884136347554467,-5.095558248958598,,-0.7305621869185203,87.16681791163874,365.46107064617496,22.30031424710424,7.7455048409405425,0.0,0.2884136347554467,-5.095558248958598,,-0.7305621869185203,87.16681791163874,365.46107064617496,22.30031424710424,7.7455048409405425,0.0,0.2884136347554467,-5.095558248958598,,-0.7305621869185203,39316100.55770716,134903758.8939926,7.7455048409405425,256237599.04736528,764972070.0642619,0.3349633392835374,7.7455048409405425,False,False,rising,rising,sell_advantage_accelerating,accelerating,neutral,False,False,False,pass,S0,🌱 초발사 준비,발사 구조 관찰 또는 초기 준비,S0,False,,,2026-09-05T10:40:00Z,33961613178-1
KRW-ZORA,조라,12.4,10.024666666666667,8.6288,11.469416666666666,2.0287691681367903,-16.176834167748314,12.596542980244557,-2.536283289811579,-2.629855341676556,,,4.789823523986741,,False,False,False,False,-57.76126916868889,0.8130081300812941,12.0,A급,3.3333333333333437,-375.6543051833941,-2.0,-1.1012637427237904,-2.2662029678886526,False,False,False,True,2026-09-05T19:57:07.171995+09:00,1788605827,139159966.02168134,93767771.59129658,1.4840916410836196,238,0.0,complete,1788604928320,1788606254319,38294569.13022573,46942433.01626877,-0.10145668745106952,12.1,12.7,4.958677685950419,2.4793388429752206,2.3622047244094406,49.99999999999978,complete_hourly_ordered,/v1/candles/minutes/60,120,False,40.657084188911696,9.74,2026-09-02T20:00:00,13.7,2026-09-05T01:00:00,D0,9.489051094890499,32.82828282828282,False,True,1.1988056381050376,994.656694987597,110.42516816463946,-375.6543051833941,3.3333333333333437,-2.0,-1.1012637427237904,-2.2662029678886526,-0.8228597599734364,1.1988056381050376,994.656694987597,110.42516816463946,-375.6543051833941,3.3333333333333437,-2.0,-1.1012637427237904,-2.2662029678886526,-0.8228597599734364,1.1988056381050376,994.656694987597,110.42516816463946,-375.6543051833941,3.3333333333333437,-2.0,-1.1012637427237904,-2.2662029678886526,-0.8228597599734364,1.1988056381050376,994.656694987597,110.42516816463946,-375.6543051833941,3.3333333333333437,-2.0,-1.1012637427237904,-2.2662029678886526,-0.8228597599734364,1.1988056381050376,994.656694987597,110.42516816463946,-375.6543051833941,3.3333333333333437,-2.0,-1.1012637427237904,-2.2662029678886526,-0.8228597599734364,1.1988056381050376,994.656694987597,110.42516816463946,-375.6543051833941,3.3333333333333437,-2.0,-1.1012637427237904,-2.2662029678886526,-0.8228597599734364,1.1988056381050376,126447307.64587356,49206670.65020981,3.3333333333333437,232927737.61297792,22206537.06708652,10.489151771358912,3.3333333333333437,False,False,rising,rising,buy_advantage_accelerating,decelerating,rally_weakening,False,True,False,pass,S1,⚡ 선행 시동,가격 미급등 상태에서 선행조건 4개 개선,S3,True,가격 미급등 상태에서 선행조건 4개 개선,2026-09-05T19:57:07.171995+09:00,2026-09-05T10:40:00Z,33961613178-1
KRW-XCN,오닉스코인,5.65,5.002,4.744800000000001,5.6419999999999995,0.3208985158443367,-5.420671050413066,11.343495214462953,-1.1074268452167073,-1.1761398983751623,,,9.644681921031669,,False,False,False,False,9440.315583396072,20.68230277185501,9.0,B급,4.23572744014733,2218.9243175136216,-4.0,-0.8366665120733918,-1.0854004205395533,False,True,False,False,2026-09-05T19:57:07.171995+09:00,1788605827,7557302.534061238,45654043.85530977,0.16553413226684607,65,0.0,complete,1788605139830,1788606170274,17520953.13703947,13353354.34610987,0.13498598448578006,5.92,6.24,5.405405405405417,-4.5608108108108,9.455128205128203,184.37499999999966,complete_hourly_ordered,/v1/candles/minutes/60,120,False,47.97297297297296,4.44,2026-09-03T20:00:00,6.57,2026-09-04T16:00:00,D-1,13.850837138508377,42.723004694835694,True,False,-0.41326776082602246,19.0925067778309,316.415439113578,2218.9243175136216,4.05156537753224,-4.0,-0.8366665120733918,-1.0854004205395533,-2.0294069345770875,-0.41326776082602246,19.0925067778309,316.415439113578,2218.9243175136216,4.05156537753224,-4.0,-0.8366665120733918,-1.0854004205395533,-2.0294069345770875,-0.41326776082602246,19.0925067778309,316.415439113578,2218.9243175136216,4.05156537753224,-4.0,-0.8366665120733918,-1.0854004205395533,-2.0294069345770875,-0.41326776082602246,19.0925067778309,316.415439113578,2218.9243175136216,4.05156537753224,-4.0,-0.8366665120733918,-1.0854004205395533,-2.0294069345770875,-0.41326776082602246,19.0925067778309,316.415439113578,2218.9243175136216,4.05156537753224,-4.0,-0.8366665120733918,-1.0854004205395533,-2.0294069345770875,-0.41326776082602246,19.0925067778309,316.415439113578,2218.9243175136216,4.05156537753224,-4.0,-0.8366665120733918,-1.0854004205395533,-2.0294069345770875,-0.41326776082602246,1211561.1112532401,34690462.881344594,4.05156537753224,53211346.38937101,4553649.132924604,11.685429605156195,4.05156537753224,False,False,rising,rising,sell_advantage_accelerating,accelerating,neutral,False,True,False,pass,S0,🌱 초발사 준비,발사 구조 관찰 또는 초기 준비,S0,False,,,2026-09-05T10:40:00Z,33961613178-1
KRW-GAS,가스,1700.0,1727.6666666666667,1496.5,1718.7416666666666,0.2514506769826008,-15.44715447154472,-0.5192752449708954,-0.8191052818071503,-1.260665879431596,,,,,False,False,True,False,-87.83789071761925,1.6716417910447756,7.0,B급,1.0083036773428145,0.501093090613935,-5.0,-0.48908796744193683,-0.6593272090789488,False,False,False,False,2026-09-05T19:57:07.171995+09:00,1788605827,454142.89973172004,1906275.2245805,0.23823574574949424,17,0.0,complete,1788604970606,1788606206904,24721.58500962,32651.72161838,-0.13821996804503228,1690.0,1708.0,1.0650887573964596,0.591715976331364,0.468384074941452,44.44444444444468,complete_hourly_ordered,/v1/candles/minutes/60,120,False,5.107692307692302,1625.0,2026-09-03T10:00:00,1708.0,2026-09-05T15:00:00,D0,0.5854800936768156,12.048192771084395,False,True,0.06320412159263633,1199.629212068463,854.836609738795,0.501093090613935,0.8303677342823335,-5.0,-0.48908796744193683,-0.6593272090789488,,0.06320412159263633,1199.629212068463,854.836609738795,0.501093090613935,0.8303677342823335,-5.0,-0.48908796744193683,-0.6593272090789488,,0.06320412159263633,1199.629212068463,854.836609738795,0.501093090613935,0.8303677342823335,-5.0,-0.48908796744193683,-0.6593272090789488,,0.06320412159263633,1199.629212068463,854.836609738795,0.501093090613935,0.8303677342823335,-5.0,-0.48908796744193683,-0.6593272090789488,,0.06320412159263633,1199.629212068463,854.836609738795,0.501093090613935,0.8303677342823335,-5.0,-0.48908796744193683,-0.6593272090789488,,0.06320412159263633,1199.629212068463,854.836609738795,0.501093090613935,0.8303677342823335,-5.0,-0.48908796744193683,-0.6593272090789488,,0.06320412159263633,419198.86373172,1706631.09645035,0.8303677342823335,2360418.12431222,5996308.87931969,0.39364518603318194,0.8303677342823335,False,True,rising,rising,sell_advantage_weakening,accelerating,neutral,False,False,False,pass,S0,🌱 초발사 준비,발사 구조 관찰 또는 초기 준비,S1,True,발사 구조 관찰 또는 초기 준비,2026-09-05T19:57:07.171995+09:00,2026-09-05T10:40:00Z,33961613178-1
KRW-MEGA,메가이더,52.7,53.586666666666666,53.66,77.02083333333333,-0.6795996540220006,0.13666293949558442,30.425750608601565,-0.8534864908144364,-1.1122157044327163,0.1601231430917838,,,,False,True,False,False,99.52585973034782,0.7648183556405508,7.0,B급,-0.7532956685499026,4.6580165024990805,-2.0,-0.803285491993555,-0.4600551544720659,False,False,False,False,2026-09-05T19:57:07.171995+09:00,1788605827,1610658.7980001117,929212.799999943,1.7333583846458105,8,0.0,complete,1788605033192,1788605683650,1782546.67178529,1984311.02542025,-0.05356304109513874,52.9,53.2,0.5671077504725952,-0.3780718336483857,0.9398496240601504,166.66666666666472,complete_hourly_ordered,/v1/candles/minutes/60,120,False,13.400000000000013,50.0,2026-09-03T02:00:00,56.7,2026-09-03T18:00:00,D-2,7.054673721340388,59.70149253731343,False,False,,,,4.6580165024990805,-0.7532956685499026,-2.0,-0.803285491993555,-0.4600551544720659,,,,,4.6580165024990805,-0.7532956685499026,-2.0,-0.803285491993555,-0.4600551544720659,,,,,4.6580165024990805,-0.7532956685499026,-2.0,-0.803285491993555,-0.4600551544720659,,,,,4.6580165024990805,-0.7532956685499026,-2.0,-0.803285491993555,-0.4600551544720659,,,,,4.6580165024990805,-0.7532956685499026,-2.0,-0.803285491993555,-0.4600551544720659,,,,,4.6580165024990805,-0.7532956685499026,-2.0,-0.803285491993555,-0.4600551544720659,,,1610658.7980001117,929212.799999943,-0.7532956685499026,2539871.5980000547,9322458.248103924,0.27244655115689403,-0.7532956685499026,False,False,rising,rising,buy_advantage_weakening,accelerating,neutral,False,False,False,pass,S0,🌱 초발사 준비,발사 구조 관찰 또는 초기 준비,S0,False,,,2026-09-05T10:40:00Z,33961613178-1
KRW-MNT,맨틀,784.0,734.1333333333333,645.58,744.5583333333333,0.667337050918726,-13.716864421657002,1.4001589309098175,-0.657621724260604,-1.2223373401019872,,,1.1454766904142792,,False,False,False,False,-79.86944135851373,4.394141145139807,12.0,A급,0.12771392081736277,-7.668696031577397,0.0,0.00447569941808279,-0.937781805530356,False,False,False,False,2026-09-05T19:57:07.171995+09:00,1788605827,13599999.99999905,589906.80163296,23.05448922160584,4,0.0,complete,1788605842638,1788605843784,379894.53852461,390572.90518641,-0.013859594910807365,788.0,788.0,0.0,-0.5076142131979711,0.5076142131979695,,complete_hourly_ordered,/v1/candles/minutes/60,120,False,10.20408163265305,735.0,2026-09-02T03:00:00,810.0,2026-09-04T20:00:00,D-1,3.2098765432098775,34.666666666666615,True,True,23.05448922160584,,-94.22186003036902,-7.668696031577397,0.12771392081736277,0.0,0.00447569941808279,-0.937781805530356,-0.5536599963305582,23.05448922160584,,-94.22186003036902,-7.668696031577397,0.12771392081736277,0.0,0.00447569941808279,-0.937781805530356,-0.5536599963305582,23.05448922160584,,-94.22186003036902,-7.668696031577397,0.12771392081736277,0.0,0.00447569941808279,-0.937781805530356,-0.5536599963305582,23.05448922160584,,-94.22186003036902,-7.668696031577397,0.12771392081736277,0.0,0.00447569941808279,-0.937781805530356,-0.5536599963305582,23.05448922160584,,-94.22186003036902,-7.668696031577397,0.12771392081736277,0.0,0.00447569941808279,-0.937781805530356,-0.5536599963305582,23.05448922160584,,-94.22186003036902,-7.668696031577397,0.12771392081736277,0.0,0.00447569941808279,-0.937781805530356,-0.5536599963305582,23.05448922160584,13599999.99999905,-9619378.62124395,0.12771392081736277,14189906.80163201,3527733.4999948097,4.02238627199387,0.12771392081736277,False,False,rising,falling,buy_advantage_accelerating,decelerating,neutral,False,False,False,pass,S1,⚡ 선행 시동,가격 미급등 상태에서 선행조건 6개 개선,S0,True,가격 미급등 상태에서 선행조건 6개 개선,2026-09-05T19:57:07.171995+09:00,2026-09-05T10:40:00Z,33961613178-1
KRW-MOC,모스코인,24.4,24.266666666666666,24.256,28.955,0.13755158184318717,-0.04397537379067237,16.19179186093363,-0.9842891921606307,-1.0689472321839677,,,,,True,False,False,False,3203.868164241036,1.2448132780082943,9.0,B급,0.0,365.84198497795296,-1.0,-0.5272683627551622,-0.5431358205786196,False,True,False,False,2026-09-05T19:57:07.171995+09:00,1788605827,749983.732067673,0.0,,5,0.0,complete,1788605281071,1788605858266,6978409.84204916,9482085.52619114,-0.15210208612389006,24.5,24.5,0.0,-0.40816326530612734,0.40816326530612823,,complete_hourly_ordered,/v1/candles/minutes/60,120,False,42.19409282700424,23.7,2026-09-01T08:00:00,33.7,2026-09-02T15:00:00,D-3,27.596439169139476,93.00000000000003,False,True,,,,365.84198497795296,0.0,-1.0,-0.5272683627551622,-0.5431358205786196,,,,,365.84198497795296,0.0,-1.0,-0.5272683627551622,-0.5431358205786196,,,,,365.84198497795296,0.0,-1.0,-0.5272683627551622,-0.5431358205786196,,,,,365.84198497795296,0.0,-1.0,-0.5272683627551622,-0.5431358205786196,,,,,365.84198497795296,0.0,-1.0,-0.5272683627551622,-0.5431358205786196,,,,,365.84198497795296,0.0,-1.0,-0.5272683627551622,-0.5431358205786196,,,749983.732067673,0.0,0.0,749983.732067673,7625462.950257121,0.09835255078413102,0.0,False,True,rising,flat_or_na,buy_only,accelerating,neutral,True,True,False,🔴 1차 급등 완료·상승분 반납 / 신규매수 금지,S3,🔴 1차 급등 완료·반납,당일/5D 급등 후 상승분 상당 부분 반납,S3,False,,,2026-09-05T10:40:00Z,33961613178-1
KRW-MOODENG,무뎅,58.1,57.88,54.4,61.568333333333335,-1.037273452638765,-6.397058823529419,5.990633713218374,0.08860955894755466,-0.410005510488055,,,14.611105363162926,,False,False,False,False,100.29571666447991,7.19557195571956,13.0,A급,3.1971580817051537,39.127223722339984,1.0,-0.6508659063266808,0.404184454442837,False,False,False,False,2026-09-05T19:57:07.171995+09:00,1788605827,235060.24096311297,1909125.179880098,0.12312458263102258,11,0.0,complete,1788604950977,1788606061337,649099.89854567,2716578.09545615,-0.6142828281835218,57.1,59.0,3.327495621716281,1.7513134851138368,1.525423728813557,47.36842105263144,complete_hourly_ordered,/v1/candles/minutes/60,120,False,11.742424242424242,52.8,2026-09-02T10:00:00,59.0,2026-09-05T19:00:00,D0,1.6949152542372836,16.1290322580644,False,False,,,,39.127223722339984,3.1971580817051537,1.0,-0.6508659063266808,0.404184454442837,7.110748026360551,,,,39.127223722339984,3.1971580817051537,1.0,-0.6508659063266808,0.404184454442837,7.110748026360551,,,,39.127223722339984,3.1971580817051537,1.0,-0.6508659063266808,0.404184454442837,7.110748026360551,,,,39.127223722339984,3.1971580817051537,1.0,-0.6508659063266808,0.404184454442837,7.110748026360551,,,,39.127223722339984,3.1971580817051537,1.0,-0.6508659063266808,0.404184454442837,7.110748026360551,,,,39.127223722339984,3.1971580817051537,1.0,-0.6508659063266808,0.404184454442837,7.110748026360551,,235060.24096311297,1909125.179880098,3.1971580817051537,2144185.420843211,4475251.076638496,0.4791206982857769,3.1971580817051537,False,False,rising,rising,sell_advantage_weakening,accelerating,neutral,False,False,False,pass,S1,⚡ 선행 시동,가격 미급등 상태에서 선행조건 3개 개선,S0,True,가격 미급등 상태에서 선행조건 3개 개선,2026-09-05T19:57:07.171995+09:00,2026-09-05T10:40:00Z,33961613178-1
KRW-XEC,이캐시,0.00985,0.009727333333333333,0.0097182,0.0094255,-0.49781778505183505,-0.09398173873076154,-3.2023058016373964,-0.2314223025668642,-0.327916908609988,,,,,False,False,False,False,-2.4858948489338117,4.334038054968303,5.0,관찰,0.0,-7.284709932107514,0.0,-0.6685478267099643,0.41911009161869917,False,False,False,False,2026-09-05T19:57:07.171995+09:00,1788605827,552801.7249375312,2113948.811998658,0.2615019445124966,8,0.0,complete,1788605288900,1788606196957,12045018182.654078,35393573133.412285,-0.4921848289127125,0.00983,0.00991,0.8138351983723258,0.20345879959307034,0.6054490413723614,75.00000000000136,complete_hourly_ordered,/v1/candles/minutes/60,120,False,7.4433656957928696,0.00927,2026-09-02T19:00:00,0.00996,2026-09-04T18:00:00,D-1,1.0040160642570184,14.492753623188154,False,False,-29.380837897185682,-87.17651873265028,1353.5952701577942,-7.284709932107514,-0.20263424518744966,0.0,-0.6685478267099643,0.41911009161869917,,-29.380837897185682,-87.17651873265028,1353.5952701577942,-7.284709932107514,-0.20263424518744966,0.0,-0.6685478267099643,0.41911009161869917,,-29.380837897185682,-87.17651873265028,1353.5952701577942,-7.284709932107514,-0.20263424518744966,0.0,-0.6685478267099643,0.41911009161869917,,-29.380837897185682,-87.17651873265028,1353.5952701577942,-7.284709932107514,-0.20263424518744966,0.0,-0.6685478267099643,0.41911009161869917,,-29.380837897185682,-87.17651873265028,1353.5952701577942,-7.284709932107514,-0.20263424518744966,0.0,-0.6685478267099643,0.41911009161869917,,-29.380837897185682,-87.17651873265028,1353.5952701577942,-7.284709932107514,-0.20263424518744966,0.0,-0.6685478267099643,0.41911009161869917,,-29.380837897185682,-3758053.599076839,1968519.8294339871,-0.20263424518744966,2666750.536936189,4911813.831545226,0.5429258168966974,-0.20263424518744966,False,False,falling,rising,sell_advantage_accelerating,decelerating,neutral,False,False,False,pass,S0,🌱 초발사 준비,발사 구조 관찰 또는 초기 준비,S0,False,,,2026-09-05T10:40:00Z,33961613178-1
KRW-MON,모나드,34.5,37.96666666666667,33.071999999999996,34.14,-0.8530640668523493,-14.800032252862463,-11.20874829134935,-0.01577483639952302,-0.5345863033976432,,,,,False,False,False,False,6.640548440944061,-5.47945205479452,6.0,관찰,2.3738872403560762,4.688400636637446,0.0,-0.3330432660203053,0.43951784356626966,False,False,False,False,2026-09-05T19:57:07.171995+09:00,1788605827,77196560.1902633,8451501.410882832,9.134064639788003,69,0.0,complete,1788605090662,1788606199403,4396384.8438846,6822887.71176203,-0.21627987517391908,34.2,35.2,2.923976608187129,0.8771929824561209,1.9886363636363715,70.00000000000061,complete_hourly_ordered,/v1/candles/minutes/60,120,False,12.979351032448383,33.9,2026-09-03T09:00:00,38.3,2026-09-04T19:00:00,D-1,10.44386422976501,90.90909090909095,True,True,6.323750448061476,2616.9175095149794,735.9248741770946,4.688400636637446,2.3738872403560762,0.0,-0.3330432660203053,0.43951784356626966,,6.323750448061476,2616.9175095149794,735.9248741770946,4.688400636637446,2.3738872403560762,0.0,-0.3330432660203053,0.43951784356626966,,6.323750448061476,2616.9175095149794,735.9248741770946,4.688400636637446,2.3738872403560762,0.0,-0.3330432660203053,0.43951784356626966,,6.323750448061476,2616.9175095149794,735.9248741770946,4.688400636637446,2.3738872403560762,0.0,-0.3330432660203053,0.43951784356626966,,6.323750448061476,2616.9175095149794,735.9248741770946,4.688400636637446,2.3738872403560762,0.0,-0.3330432660203053,0.43951784356626966,,6.323750448061476,2616.9175095149794,735.9248741770946,4.688400636637446,2.3738872403560762,0.0,-0.3330432660203053,0.43951784356626966,,6.323750448061476,74355231.37111765,7440465.410883107,2.3738872403560762,85648061.60114613,8670086.30818612,9.878570818871662,2.3738872403560762,False,False,rising,rising,buy_advantage_accelerating,accelerating,neutral,False,False,False,pass,S0,🌱 초발사 준비,발사 구조 관찰 또는 초기 준비,S0,False,,,2026-09-05T10:40:00Z,33961613178-1
KRW-ZIL,질리카,3.53,3.353333333333333,3.3284,4.343,0.3391182924396441,-0.7491086808476521,22.787627599969305,-1.1570452018428077,-0.9225403390776912,,,,,True,False,False,False,-8.752764787353517,3.8235294117646923,7.0,B급,2.6162790697674465,-357.57178822975976,-1.0,-0.16268821097262798,-0.7696243084276304,False,False,False,False,2026-09-05T19:57:07.171995+09:00,1788605827,9915.9663865218,586728.705379963,0.016900428248350766,5,0.0,complete,1788605148965,1788606159958,23340634.56343767,36417822.98998242,-0.21883410251769989,3.48,3.58,2.8735632183908066,1.4367816091954033,1.3966480446927447,50.0,complete_hourly_ordered,/v1/candles/minutes/60,120,False,23.100303951367774,3.29,2026-09-01T01:00:00,4.05,2026-09-01T21:00:00,D-4,13.086419753086421,69.73684210526318,False,True,,-96.17496207330296,,-357.57178822975976,2.6162790697674465,-1.0,-0.16268821097262798,-0.7696243084276304,,,-96.17496207330296,,-357.57178822975976,2.6162790697674465,-1.0,-0.16268821097262798,-0.7696243084276304,,,-96.17496207330296,,-357.57178822975976,2.6162790697674465,-1.0,-0.16268821097262798,-0.7696243084276304,,,-96.17496207330296,,-357.57178822975976,2.6162790697674465,-1.0,-0.16268821097262798,-0.7696243084276304,,,-96.17496207330296,,-357.57178822975976,2.6162790697674465,-1.0,-0.16268821097262798,-0.7696243084276304,,,-96.17496207330296,,-357.57178822975976,2.6162790697674465,-1.0,-0.16268821097262798,-0.7696243084276304,,,-249322.41442305982,586728.705379963,2.6162790697674465,596644.6717664849,3732010.527607018,0.15987218346596038,2.6162790697674465,False,True,falling,rising,sell_advantage_weakening,decelerating,rally_weakening,True,True,False,🔴 1차 급등 완료·상승분 반납 / 신규매수 금지,S3,🔴 1차 급등 완료·반납,당일/5D 급등 후 상승분 상당 부분 반납,S3,False,,,2026-09-05T10:40:00Z,33961613178-1
KRW-GAME2,게임빌드,1.16,1.1073333333333333,1.12518,1.3934916666666666,0.6056935190793311,1.5861165917157065,20.535345863807343,-1.3053297864389533,-1.2569458149021948,1.2151079429840965,,,,False,False,False,False,182.25396979468348,5.454545454545445,8.0,B급,0.8695652173912993,-112.45959865547775,-1.0,-0.4278824089984701,-0.8583458847904559,False,False,False,False,2026-09-05T19:57:07.171995+09:00,1788605827,0.0,0.0,,0,0.0,complete,,,80340774.6171486,209731540.87235752,-0.4460638239014914,1.14,1.16,1.7543859649122862,1.7543859649122862,0.0,0.0,complete_hourly_ordered,/v1/candles/minutes/60,120,False,17.59259259259258,1.08,2026-08-31T19:00:00,1.27,2026-09-01T18:00:00,D-4,8.661417322834652,57.894736842105296,True,True,,,,-112.45959865547775,0.8695652173912993,-1.0,-0.4278824089984701,-0.8583458847904559,,,,,-112.45959865547775,0.8695652173912993,-1.0,-0.4278824089984701,-0.8583458847904559,,,,,-112.45959865547775,0.8695652173912993,-1.0,-0.4278824089984701,-0.8583458847904559,,,,,-112.45959865547775,0.8695652173912993,-1.0,-0.4278824089984701,-0.8583458847904559,,,,,-112.45959865547775,0.8695652173912993,-1.0,-0.4278824089984701,-0.8583458847904559,,,,,-112.45959865547775,0.8695652173912993,-1.0,-0.4278824089984701,-0.8583458847904559,,,0.0,0.0,0.8695652173912993,0,1825855.818273575,0.0,0.8695652173912993,False,False,flat_or_na,flat_or_na,unavailable,decelerating,neutral,False,True,False,pass,S0,🌱 초발사 준비,발사 구조 관찰 또는 초기 준비,S3,True,발사 구조 관찰 또는 초기 준비,2026-09-05T19:57:07.171995+09:00,2026-09-05T10:40:00Z,33961613178-1
KRW-STX,스택스,357.0,347.06666666666666,244.36,277.325,1.8786692759295454,-42.030883396082274,-25.14799122569789,-3.245810636937345,-3.992873781534686,,,,,False,False,False,False,-36.88042037324233,2.8818443804034644,9.0,B급,-1.1080332409972304,14.21189932529414,0.0,-1.3334519361916763,-2.453466730020658,False,False,False,False,2026-09-05T19:57:07.171995+09:00,1788605827,2863075.57797398,5726834.403734149,0.49994034681832744,28,0.0,complete,1788605078409,1788606267057,2083261.18245276,1046927.4705419,0.33107707770884565,362.0,368.0,1.6574585635359185,-1.3812154696132617,2.989130434782609,183.33333333333312,complete_hourly_ordered,/v1/candles/minutes/60,120,False,15.476190476190466,336.0,2026-09-01T00:00:00,388.0,2026-09-03T13:00:00,D-2,8.247422680412376,61.5384615384615,False,True,0.18813036884138784,-5.657995351503042,-41.15942316126391,14.21189932529414,-1.1080332409972304,0.0,-1.3334519361916763,-2.453466730020658,,0.18813036884138784,-5.657995351503042,-41.15942316126391,14.21189932529414,-1.1080332409972304,0.0,-1.3334519361916763,-2.453466730020658,,0.18813036884138784,-5.657995351503042,-41.15942316126391,14.21189932529414,-1.1080332409972304,0.0,-1.3334519361916763,-2.453466730020658,,0.18813036884138784,-5.657995351503042,-41.15942316126391,14.21189932529414,-1.1080332409972304,0.0,-1.3334519361916763,-2.453466730020658,,0.18813036884138784,-5.657995351503042,-41.15942316126391,14.21189932529414,-1.1080332409972304,0.0,-1.3334519361916763,-2.453466730020658,,0.18813036884138784,-5.657995351503042,-41.15942316126391,14.21189932529414,-1.1080332409972304,0.0,-1.3334519361916763,-2.453466730020658,,0.18813036884138784,-171707.90859845,-4005963.45688105,-1.1080332409972304,8589909.98170813,104266162.91031903,0.08238444517322889,-1.1080332409972304,False,False,falling,falling,sell_advantage_weakening,accelerating,neutral,True,True,False,🔴 1차 급등 완료·상승분 반납 / 신규매수 금지,S3,🔴 1차 급등 완료·반납,당일/5D 급등 후 상승분 상당 부분 반납,S0,True,당일/5D 급등 후 상승분 상당 부분 반납,2026-09-05T19:57:07.171995+09:00,2026-09-05T10:40:00Z,33961613178-1
KRW-FLOCK,플록,74.2,50.79333333333333,45.1,59.52916666666667,3.561234198722296,-12.623798965262367,14.67487926086653,-2.3723383244525964,-2.6107129578152124,,,5.621023642961988,,False,False,False,False,78.72721141882036,31.32743362831858,10.0,A급,-1.8518518518518379,-2279.4393352934303,0.0,-0.7424203800839635,-3.0409330617248873,False,False,False,True,2026-09-05T19:57:07.171995+09:00,1788605827,767180306.8547518,411359059.97106826,1.864989449627557,1904,0.0,complete,1788604928078,1788606281694,2300800.37855364,3684203.01246665,-0.23114483710880154,71.7,79.7,11.15760111576012,3.4867503486750273,6.900878293601004,68.75000000000009,complete_hourly_ordered,/v1/candles/minutes/60,120,False,91.220556745182,46.7,2026-09-02T10:00:00,89.3,2026-09-05T01:00:00,D0,13.549832026875697,28.403755868544582,False,True,1.182302132825506,134.26364816821513,-14.246795645864552,-2279.4393352934303,-1.8518518518518379,0.0,-0.7424203800839635,-3.0409330617248873,-2.9160102634984026,1.182302132825506,134.26364816821513,-14.246795645864552,-2279.4393352934303,-1.8518518518518379,0.0,-0.7424203800839635,-3.0409330617248873,-2.9160102634984026,1.182302132825506,134.26364816821513,-14.246795645864552,-2279.4393352934303,-1.8518518518518379,0.0,-0.7424203800839635,-3.0409330617248873,-2.9160102634984026,1.182302132825506,134.26364816821513,-14.246795645864552,-2279.4393352934303,-1.8518518518518379,0.0,-0.7424203800839635,-3.0409330617248873,-2.9160102634984026,1.182302132825506,134.26364816821513,-14.246795645864552,-2279.4393352934303,-1.8518518518518379,0.0,-0.7424203800839635,-3.0409330617248873,-2.9160102634984026,1.182302132825506,134.26364816821513,-14.246795645864552,-2279.4393352934303,-1.8518518518518379,0.0,-0.7424203800839635,-3.0409330617248873,-2.9160102634984026,1.182302132825506,439694453.6916221,-68342034.66357261,-1.8518518518518379,1178539366.82582,116634868.4446805,10.104520050835372,-1.8518518518518379,False,True,rising,falling,buy_advantage_accelerating,decelerating,neutral,False,True,False,pass,S0,🌱 초발사 준비,발사 구조 관찰 또는 초기 준비,S0,False,,,2026-09-05T10:40:00Z,33961613178-1
KRW-PROVE,서싱트,247.0,239.2,240.62,288.34166666666664,0.08368200836819106,0.5901421328235459,17.042860032947022,-0.8311954625743218,-0.692745929466944,0.7099920047635944,,,,False,False,False,False,-13.635054846886351,0.0,5.0,관찰,1.2295081967213184,-78.64560101455805,-2.0,-0.36462283892797487,-0.4390136003824736,False,False,False,False,2026-09-05T19:57:07.171995+09:00,1788605827,0.0,0.0,,0,0.0,complete,,,209835.32680769,293476.2536413,-0.16618120878322792,245.0,247.0,0.8163265306122547,0.8163265306122547,0.0,0.0,complete_hourly_ordered,/v1/candles/minutes/60,120,False,5.084745762711873,236.0,2026-09-02T11:00:00,248.0,2026-09-04T13:00:00,D-1,0.40322580645161255,8.333333333333297,False,True,,,,-78.64560101455805,1.2295081967213184,-2.0,-0.36462283892797487,-0.4390136003824736,,,,,-78.64560101455805,1.2295081967213184,-2.0,-0.36462283892797487,-0.4390136003824736,,,,,-78.64560101455805,1.2295081967213184,-2.0,-0.36462283892797487,-0.4390136003824736,,,,,-78.64560101455805,1.2295081967213184,-2.0,-0.36462283892797487,-0.4390136003824736,,,,,-78.64560101455805,1.2295081967213184,-2.0,-0.36462283892797487,-0.4390136003824736,,,,,-78.64560101455805,1.2295081967213184,-2.0,-0.36462283892797487,-0.4390136003824736,,,0.0,0.0,1.2295081967213184,0,1208082.95851653,0.0,1.2295081967213184,False,False,flat_or_na,flat_or_na,unavailable,decelerating,neutral,False,False,False,pass,S0,🌱 초발사 준비,발사 구조 관찰 또는 초기 준비,S0,False,,,2026-09-05T10:40:00Z,33961613178-1
KRW-BSV,비트코인에스브이,23090.0,22877.333333333332,20747.0,20455.416666666668,-0.5362163415553289,-10.26815121865008,-11.839977186156874,0.07406943391119362,-0.314932418682843,,,,,False,False,False,False,-40.252572822252034,6.552838024919239,5.0,관찰,1.4945054945054936,-4.729203150714547,0.0,-0.672717270923362,0.49416794347259696,False,False,False,False,2026-09-05T19:57:07.171995+09:00,1788605827,1301698.6066764998,1043752.4335043995,1.2471334819369435,54,0.0,complete,1788605019572,1788605984095,1390.56132912,2540.13449851,-0.292460475142675,23040.0,23130.0,0.390625,0.21701388888888395,0.17293558149589278,44.44444444444571,complete_hourly_ordered,/v1/candles/minutes/60,120,False,8.384074941451992,21350.0,2026-09-02T10:00:00,23140.0,2026-09-04T09:00:00,D-1,0.2160760587726851,2.793296089385488,True,True,1.188888813807236,1357.858482477669,-31.913877125556766,-4.729203150714547,1.4945054945054936,0.0,-0.672717270923362,0.49416794347259696,,1.188888813807236,1357.858482477669,-31.913877125556766,-4.729203150714547,1.4945054945054936,0.0,-0.672717270923362,0.49416794347259696,,1.188888813807236,1357.858482477669,-31.913877125556766,-4.729203150714547,1.4945054945054936,0.0,-0.672717270923362,0.49416794347259696,,1.188888813807236,1357.858482477669,-31.913877125556766,-4.729203150714547,1.4945054945054936,0.0,-0.672717270923362,0.49416794347259696,,1.188888813807236,1357.858482477669,-31.913877125556766,-4.729203150714547,1.4945054945054936,0.0,-0.672717270923362,0.49416794347259696,,1.188888813807236,1357.858482477669,-31.913877125556766,-4.729203150714547,1.4945054945054936,0.0,-0.672717270923362,0.49416794347259696,,1.188888813807236,1212410.2002692998,-489236.0661186004,1.4945054945054936,2345451.040180899,4443152.72100795,0.5278799058810706,1.4945054945054936,False,False,rising,falling,buy_advantage_accelerating,decelerating,neutral,False,False,False,pass,S0,🌱 초발사 준비,발사 구조 관찰 또는 초기 준비,S0,False,,,2026-09-05T10:40:00Z,33961613178-1
KRW-SUI,수이,1072.0,1056.0666666666666,1021.42,1166.0166666666667,-0.5462079357106964,-3.3920098163993897,9.429539314761085,-0.3743895739438442,-0.49477350793506697,,,,,False,False,False,False,-2.7159842786557586,6.986027944111783,8.0,B급,3.7754114230396985,3.1355008968865894,-2.0,-0.6845466139475009,0.2019598888930858,False,False,False,False,2026-09-05T19:57:07.171995+09:00,1788605827,21630280.4047073,104615283.45803338,0.20676023320611972,128,0.0,complete,1788604947416,1788606276537,370094.01797634,589146.77252325,-0.22836055004794292,1035.0,1085.0,4.8309178743961345,3.5748792270531293,1.19815668202765,26.000000000000213,complete_hourly_ordered,/v1/candles/minutes/60,120,False,12.280701754385959,969.0,2026-09-02T19:00:00,1088.0,2026-09-04T02:00:00,D-1,1.5625,14.28571428571415,True,False,-3.648918756289212,-82.96772257105835,217.61907600751425,3.1355008968865894,3.7754114230396985,-2.0,-0.6845466139475009,0.2019598888930858,,-3.648918756289212,-82.96772257105835,217.61907600751425,3.1355008968865894,3.7754114230396985,-2.0,-0.6845466139475009,0.2019598888930858,,-3.648918756289212,-82.96772257105835,217.61907600751425,3.1355008968865894,3.7754114230396985,-2.0,-0.6845466139475009,0.2019598888930858,,-3.648918756289212,-82.96772257105835,217.61907600751425,3.1355008968865894,3.7754114230396985,-2.0,-0.6845466139475009,0.2019598888930858,,-3.648918756289212,-82.96772257105835,217.61907600751425,3.1355008968865894,3.7754114230396985,-2.0,-0.6845466139475009,0.2019598888930858,,-3.648918756289212,-82.96772257105835,217.61907600751425,3.1355008968865894,3.7754114230396985,-2.0,-0.6845466139475009,0.2019598888930858,,-3.648918756289212,-105365539.70771413,71677940.7854672,3.7754114230396985,126245563.86274068,173578244.58695507,0.7273121361674861,3.7754114230396985,False,False,falling,rising,sell_advantage_accelerating,accelerating,neutral,False,False,False,pass,S0,🌱 초발사 준비,발사 구조 관찰 또는 초기 준비,S0,False,,,2026-09-05T10:40:00Z,33961613178-1
KRW-SYRUP,메이플파이낸스,291.0,269.2,245.58,249.46666666666667,0.22338049143706407,-9.618047072237143,-7.910208444681984,-1.1726310353053961,-1.5439001748050076,,,,,False,False,False,False,219.13714336361338,12.790697674418606,8.0,B급,-6.430868167202575,4.064781746305613,0.0,-1.3854681762351273,-0.23839171585941088,False,False,False,False,2026-09-05T19:57:07.171995+09:00,1788605827,0.0,3554735.57591174,0.0,21,0.0,complete,1788605721273,1788606044710,496527.77742878,571525.81387936,-0.07021935702563693,299.0,303.0,1.3377926421404673,-2.6755852842809347,3.9603960396039604,300.0,complete_hourly_ordered,/v1/candles/minutes/60,120,False,32.644628099173545,242.0,2026-08-31T21:00:00,321.0,2026-09-05T02:00:00,D0,9.657320872274145,39.240506329113906,True,False,-0.18258616838631517,-100.0,8.693614276657247,4.064781746305613,-6.430868167202575,0.0,-1.3854681762351273,-0.23839171585941088,,-0.18258616838631517,-100.0,8.693614276657247,4.064781746305613,-6.430868167202575,0.0,-1.3854681762351273,-0.23839171585941088,,-0.18258616838631517,-100.0,8.693614276657247,4.064781746305613,-6.430868167202575,0.0,-1.3854681762351273,-0.23839171585941088,,-0.18258616838631517,-100.0,8.693614276657247,4.064781746305613,-6.430868167202575,0.0,-1.3854681762351273,-0.23839171585941088,,-0.18258616838631517,-100.0,8.693614276657247,4.064781746305613,-6.430868167202575,0.0,-1.3854681762351273,-0.23839171585941088,,-0.18258616838631517,-100.0,8.693614276657247,4.064781746305613,-6.430868167202575,0.0,-1.3854681762351273,-0.23839171585941088,,-0.18258616838631517,-597133.1,284317.5301341,-6.430868167202575,3554735.57591174,5840080.072811021,0.6086792529542716,-6.430868167202575,False,False,falling,rising,sell_only,accelerating,neutral,False,False,False,pass,S0,🌱 초발사 준비,발사 구조 관찰 또는 초기 준비,S0,False,,,2026-09-05T10:40:00Z,33961613178-1
KRW-BTC,비트코인,108944000.0,108412333.33333333,97511260.0,99754033.33333333,0.08813647366705535,-11.179296968712462,-8.67964904343049,-0.401444504771802,-0.7947515331288673,,,,,False,False,False,False,3.1106136632673698,0.5826192938395591,7.0,B급,-0.05229741632413187,-1.9420450537323442,-1.0,-0.43338970658832743,-0.18534543895912492,False,False,False,False,2026-09-05T19:57:07.171995+09:00,1788605827,714019670.8661174,723158530.2511791,0.9873625781861586,2001,0.0,complete,1788604927477,1788606295422,2.03961853,2.28866249,-0.0575387685894758,109147000.0,109279000.0,0.12093781780535551,-0.18598770465518832,0.3065547817970516,253.78787878786432,complete_hourly_ordered,/v1/candles/minutes/60,120,False,6.869209263270393,104801000.0,2026-09-02T20:00:00,112000000.0,2026-09-04T06:00:00,D-1,2.7071428571428524,42.116960688984484,False,False,-0.9785339075644188,215.75627213673104,528.6891557989213,-1.9420450537323442,-0.04403992953611047,-1.0,-0.43338970658832743,-0.18534543895912492,,-0.9785339075644188,215.75627213673104,528.6891557989213,-1.9420450537323442,-0.04403992953611047,-1.0,-0.43338970658832743,-0.18534543895912492,,-0.9785339075644188,215.75627213673104,528.6891557989213,-1.9420450537323442,-0.04403992953611047,-1.0,-0.43338970658832743,-0.18534543895912492,,-0.9785339075644188,215.75627213673104,528.6891557989213,-1.9420450537323442,-0.04403992953611047,-1.0,-0.43338970658832743,-0.18534543895912492,,-0.9785339075644188,215.75627213673104,528.6891557989213,-1.9420450537323442,-0.04403992953611047,-1.0,-0.43338970658832743,-0.18534543895912492,,-0.9785339075644188,215.75627213673104,528.6891557989213,-1.9420450537323442,-0.04403992953611047,-1.0,-0.43338970658832743,-0.18534543895912492,,-0.9785339075644188,487889666.849308,608132125.9334191,-0.04403992953611047,1437178201.1172965,2023710418.952755,0.710169887775257,-0.04403992953611047,False,False,rising,rising,sell_advantage_accelerating,decelerating,neutral,False,False,False,pass,S0,🌱 초발사 준비,발사 구조 관찰 또는 초기 준비,S0,False,,,2026-09-05T10:40:00Z,33961613178-1
KRW-HOLO,홀로월드에이아이,88.6,90.09333333333333,93.41,99.97083333333333,-0.39799528301887044,3.5506548192556076,9.880381778018586,-0.4653493589738419,-0.2740740845740245,7.630084259888701,,,,False,False,False,False,57.27067040382416,0.2262443438913797,7.0,B급,1.026225769669309,-0.6988552952438738,0.0,-0.4569923331663617,0.1839616746899484,False,False,False,False,2026-09-05T19:57:07.171995+09:00,1788605827,6242195.848988704,1030149.99999921,6.059501867682854,80,0.0,complete,1788604951001,1788606213222,1562458.90358191,1509944.57122583,0.017092264341800466,87.7,88.7,1.1402508551881407,1.026225769669309,0.11273957158963756,10.000000000001558,complete_hourly_ordered,/v1/candles/minutes/60,120,False,13.477737665463296,83.1,2026-09-03T10:00:00,94.3,2026-09-04T09:00:00,D-1,6.04453870625663,50.89285714285721,True,False,3.902501591025961,111.75897960489021,-24.620177109212516,-0.6988552952438738,1.026225769669309,0.0,-0.4569923331663617,0.1839616746899484,,3.902501591025961,111.75897960489021,-24.620177109212516,-0.6988552952438738,1.026225769669309,0.0,-0.4569923331663617,0.1839616746899484,,3.902501591025961,111.75897960489021,-24.620177109212516,-0.6988552952438738,1.026225769669309,0.0,-0.4569923331663617,0.1839616746899484,,3.902501591025961,111.75897960489021,-24.620177109212516,-0.6988552952438738,1.026225769669309,0.0,-0.4569923331663617,0.1839616746899484,,3.902501591025961,111.75897960489021,-24.620177109212516,-0.6988552952438738,1.026225769669309,0.0,-0.4569923331663617,0.1839616746899484,,3.902501591025961,111.75897960489021,-24.620177109212516,-0.6988552952438738,1.026225769669309,0.0,-0.4569923331663617,0.1839616746899484,,3.902501591025961,3294412.5433476944,-336462.391080193,1.026225769669309,7272345.848987915,12501462.51735162,0.5817196059176386,1.026225769669309,False,False,rising,falling,buy_advantage_accelerating,decelerating,neutral,False,False,False,pass,S0,🌱 초발사 준비,발사 구조 관찰 또는 초기 준비,S0,False,,,2026-09-05T10:40:00Z,33961613178-1
KRW-MIRA,미라네트워크,63.9,60.18666666666666,59.652,77.42083333333333,0.3445592975436007,-0.8963097074141005,22.260373499811646,-0.7057550680484117,-1.0502089359152855,,,,,False,False,False,False,67.04353213869345,1.9138755980861122,8.0,B급,3.0645161290322465,-354.38532697290407,-2.0,-0.28261059830139157,-0.8905662654074114,False,False,False,False,2026-09-05T19:57:07.171995+09:00,1788605827,13870784.262831109,5382229.005254571,2.577144942976101,65,0.0,complete,1788604959384,1788606287803,2059469.0393251,2671696.66065925,-0.12940312391429773,63.3,64.8,2.369668246445489,0.9478672985782088,1.3888888888888866,59.999999999999446,complete_hourly_ordered,/v1/candles/minutes/60,120,False,16.37931034482758,58.0,2026-09-02T03:00:00,67.5,2026-09-02T21:00:00,D-3,5.0370370370370505,35.78947368421054,False,True,-1.0983589153839004,-12.1382214196459,25.307777917036756,-354.38532697290407,3.0645161290322465,-2.0,-0.28261059830139157,-0.8905662654074114,,-1.0983589153839004,-12.1382214196459,25.307777917036756,-354.38532697290407,3.0645161290322465,-2.0,-0.28261059830139157,-0.8905662654074114,,-1.0983589153839004,-12.1382214196459,25.307777917036756,-354.38532697290407,3.0645161290322465,-2.0,-0.28261059830139157,-0.8905662654074114,,-1.0983589153839004,-12.1382214196459,25.307777917036756,-354.38532697290407,3.0645161290322465,-2.0,-0.28261059830139157,-0.8905662654074114,,-1.0983589153839004,-12.1382214196459,25.307777917036756,-354.38532697290407,3.0645161290322465,-2.0,-0.28261059830139157,-0.8905662654074114,,-1.0983589153839004,-12.1382214196459,25.307777917036756,-354.38532697290407,3.0645161290322465,-2.0,-0.28261059830139157,-0.8905662654074114,,-1.0983589153839004,-1916267.2707837783,1087021.5610542484,3.0645161290322465,19253013.26808568,29350437.292647097,0.6559702356771688,3.0645161290322465,False,False,falling,rising,buy_advantage_weakening,decelerating,rally_weakening,False,True,False,pass,S0,🌱 초발사 준비,발사 구조 관찰 또는 초기 준비,S3,True,발사 구조 관찰 또는 초기 준비,2026-09-05T19:57:07.171995+09:00,2026-09-05T10:40:00Z,33961613178-1
KRW-SUN,썬,22.7,23.253333333333334,25.011999999999997,26.272499999999997,-0.5701254275940704,7.031291646676248,11.491737241094924,0.1166156680000748,0.20645793184309563,,,,,False,False,False,False,-28.37160624664852,0.0,4.0,-,0.8888888888888946,-51.907627511267364,0.0,-0.11609591567579569,0.3102959650244195,False,False,False,False,2026-09-05T19:57:07.171995+09:00,1788605827,0.0,0.0,,0,0.0,complete,,,2670723.29147914,4291350.46231549,-0.2327793740985634,22.7,22.7,0.0,0.0,0.0,,complete_hourly_ordered,/v1/candles/minutes/60,120,False,3.65296803652968,21.9,2026-09-02T19:00:00,22.7,2026-09-04T00:00:00,D-1,0.0,0.0,True,False,,,,-51.907627511267364,0.8888888888888946,0.0,-0.11609591567579569,0.3102959650244195,,,,,-51.907627511267364,0.8888888888888946,0.0,-0.11609591567579569,0.3102959650244195,,,,,-51.907627511267364,0.8888888888888946,0.0,-0.11609591567579569,0.3102959650244195,,,,,-51.907627511267364,0.8888888888888946,0.0,-0.11609591567579569,0.3102959650244195,,,,,-51.907627511267364,0.8888888888888946,0.0,-0.11609591567579569,0.3102959650244195,,,,,-51.907627511267364,0.8888888888888946,0.0,-0.11609591567579569,0.3102959650244195,,,0.0,0.0,0.8888888888888946,0,542410.9567474751,0.0,0.8888888888888946,False,False,flat_or_na,flat_or_na,unavailable,decelerating,neutral,False,False,False,pass,S0,🌱 초발사 준비,발사 구조 관찰 또는 초기 준비,S0,False,,,2026-09-05T10:40:00Z,33961613178-1
KRW-ZBT,제로베이스,116.0,112.06666666666666,137.24,169.29166666666666,0.17878426698449967,18.342562906829894,33.80260890967266,-0.6209784951456857,-0.7597526263432058,,,,,False,False,False,False,-55.36183412493195,-0.8547008547008517,5.0,관찰,0.8695652173912993,-30.904550300750568,-1.0,-0.23987602009685194,-0.5762078376037039,False,False,False,False,2026-09-05T19:57:07.171995+09:00,1788605827,17526934.51951532,35000.00000035,500.76955769543,67,0.0,complete,1788605297240,1788606015328,5281461.09983774,6915370.64787712,-0.1339618010509575,115.0,116.0,0.8695652173912993,0.8695652173912993,0.0,0.0,complete_hourly_ordered,/v1/candles/minutes/60,120,False,6.363636363636371,110.0,2026-09-02T19:00:00,117.0,2026-09-05T00:00:00,D0,0.8547008547008517,14.285714285714535,False,True,500.060418613321,531.5954918071227,-99.10559849247727,-30.904550300750568,0.8695652173912993,-1.0,-0.23987602009685194,-0.5762078376037039,,500.060418613321,531.5954918071227,-99.10559849247727,-30.904550300750568,0.8695652173912993,-1.0,-0.23987602009685194,-0.5762078376037039,,500.060418613321,531.5954918071227,-99.10559849247727,-30.904550300750568,0.8695652173912993,-1.0,-0.23987602009685194,-0.5762078376037039,,500.060418613321,531.5954918071227,-99.10559849247727,-30.904550300750568,0.8695652173912993,-1.0,-0.23987602009685194,-0.5762078376037039,,500.060418613321,531.5954918071227,-99.10559849247727,-30.904550300750568,0.8695652173912993,-1.0,-0.23987602009685194,-0.5762078376037039,,500.060418613321,531.5954918071227,-99.10559849247727,-30.904550300750568,0.8695652173912993,-1.0,-0.23987602009685194,-0.5762078376037039,,500.060418613321,14751909.24671497,-3878231.32910275,0.8695652173912993,17561934.51951567,8296365.791880621,2.1168225895611976,0.8695652173912993,False,False,rising,falling,buy_advantage_accelerating,decelerating,neutral,False,False,False,pass,S0,🌱 초발사 준비,발사 구조 관찰 또는 초기 준비,S0,False,,,2026-09-05T10:40:00Z,33961613178-1
KRW-ONG,온톨로지가스,129.0,143.22666666666666,90.46,84.955,0.373761913660986,-58.331490898371285,-68.59121495693799,-0.45597972903957784,-2.479232639308021,,,,,False,False,False,False,-66.23704127443327,0.0,5.0,관찰,-3.731343283582089,7.021144900171507,-1.0,-0.8080476731783692,-0.2645334792430276,False,False,False,False,2026-09-05T19:57:07.171995+09:00,1788605827,12518760.71575676,91986205.88976231,0.13609389141193015,218,0.0,complete,1788604943565,1788606287876,4943893.72358937,10080420.74376434,-0.34188095778586874,133.0,135.0,1.5037593984962516,-3.007518796992481,4.444444444444445,299.9999999999985,complete_hourly_ordered,/v1/candles/minutes/60,120,False,36.36363636363635,121.0,2026-09-01T09:00:00,165.0,2026-09-01T19:00:00,D-4,21.212121212121215,79.54545454545455,False,True,-4.975289872762117,-11.021164793782512,3241.8470800542445,7.021144900171507,-3.731343283582089,-1.0,-0.8080476731783692,-0.2645334792430276,,-4.975289872762117,-11.021164793782512,3241.8470800542445,7.021144900171507,-3.731343283582089,-1.0,-0.8080476731783692,-0.2645334792430276,,-4.975289872762117,-11.021164793782512,3241.8470800542445,7.021144900171507,-3.731343283582089,-1.0,-0.8080476731783692,-0.2645334792430276,,-4.975289872762117,-11.021164793782512,3241.8470800542445,7.021144900171507,-3.731343283582089,-1.0,-0.8080476731783692,-0.2645334792430276,,-4.975289872762117,-11.021164793782512,3241.8470800542445,7.021144900171507,-3.731343283582089,-1.0,-0.8080476731783692,-0.2645334792430276,,-4.975289872762117,-11.021164793782512,3241.8470800542445,7.021144900171507,-3.731343283582089,-1.0,-0.8080476731783692,-0.2645334792430276,,-4.975289872762117,-1550608.3502051178,89233650.08196427,-3.731343283582089,104504966.60551907,75757682.23132834,1.3794636204208313,-3.731343283582089,False,False,falling,rising,sell_advantage_accelerating,accelerating,neutral,True,True,False,🔴 1차 급등 완료·상승분 반납 / 신규매수 금지,S3,🔴 1차 급등 완료·반납,당일/5D 급등 후 상승분 상당 부분 반납,S3,False,,,2026-09-05T10:40:00Z,33961613178-1
KRW-BTT,비트토렌트,0.000408,0.00040506666666666663,0.00038753999999999997,0.0004116666666666667,-0.04935022207601669,-4.522543909445906,1.6032388663967736,-0.38190740746852964,-0.5454916396863816,,,2.939071380302951,,False,False,False,False,-31.2884293572962,2.0000000000000018,11.0,A급,-0.7299270072992692,-8.921024869066262,0.0,-0.4455859823533803,-0.07824860328793992,False,False,False,False,2026-09-05T19:57:07.171995+09:00,1788605827,0.0,414457.6093655652,0.0,3,0.0,complete,1788605298849,1788605457273,725212727317.6852,468605305577.6698,0.21494684672978842,0.000409,0.000413,0.9779951100244544,-0.24449877750611915,1.2106537530266375,125.00000000000058,complete_hourly_ordered,/v1/candles/minutes/60,120,False,4.271356783919589,0.000398,2026-09-01T09:00:00,0.000415,2026-09-04T00:00:00,D-1,1.6867469879518038,41.17647058823517,False,True,,-100.0,,-8.921024869066262,-0.7299270072992692,0.0,-0.4455859823533803,-0.07824860328793992,0.5356846225039811,,-100.0,,-8.921024869066262,-0.7299270072992692,0.0,-0.4455859823533803,-0.07824860328793992,0.5356846225039811,,-100.0,,-8.921024869066262,-0.7299270072992692,0.0,-0.4455859823533803,-0.07824860328793992,0.5356846225039811,,-100.0,,-8.921024869066262,-0.7299270072992692,0.0,-0.4455859823533803,-0.07824860328793992,0.5356846225039811,,-100.0,,-8.921024869066262,-0.7299270072992692,0.0,-0.4455859823533803,-0.07824860328793992,0.5356846225039811,,-100.0,,-8.921024869066262,-0.7299270072992692,0.0,-0.4455859823533803,-0.07824860328793992,0.5356846225039811,,-1553309.3453273366,414457.6093655652,-0.7299270072992692,414457.6093655652,2198975.484330759,0.18847759437013556,-0.7299270072992692,False,True,falling,rising,sell_only,decelerating,neutral,False,False,False,pass,S0,🌱 초발사 준비,발사 구조 관찰 또는 초기 준비,S1,True,발사 구조 관찰 또는 초기 준비,2026-09-05T19:57:07.171995+09:00,2026-09-05T10:40:00Z,33961613178-1
KRW-ENSO,엔소,1216.0,1182.7333333333333,1203.9,1114.8666666666666,0.12981149113895363,1.75817482072155,-6.087424505172528,0.03590161969180057,-0.3047412035373302,,,,,False,False,False,False,-44.6349905238512,-0.7346938775510181,3.0,-,5.281385281385287,-74.31128068778057,-1.0,0.062056988287628734,-0.2555653714794133,False,False,False,False,2026-09-05T19:57:07.171995+09:00,1788605827,55039719.82983877,59106058.011369884,0.931202683475374,111,0.0,complete,1788604947443,1788606311357,84925.24934177,101458.90681128,-0.08870741918606712,1153.0,1221.0,5.89765828274067,5.464006938421506,0.4095004095004095,7.352941176470533,complete_hourly_ordered,/v1/candles/minutes/60,120,False,8.229426433915222,1203.0,2026-09-01T06:00:00,1302.0,2026-09-01T16:00:00,D-4,6.912442396313367,90.90909090909082,False,True,-60.757885228573905,1684.423200043562,118112.11602285798,-74.31128068778057,5.281385281385287,-1.0,0.062056988287628734,-0.2555653714794133,,-60.757885228573905,1684.423200043562,118112.11602285798,-74.31128068778057,5.281385281385287,-1.0,0.062056988287628734,-0.2555653714794133,,-60.757885228573905,1684.423200043562,118112.11602285798,-74.31128068778057,5.281385281385287,-1.0,0.062056988287628734,-0.2555653714794133,,-60.757885228573905,1684.423200043562,118112.11602285798,-74.31128068778057,5.281385281385287,-1.0,0.062056988287628734,-0.2555653714794133,,-60.757885228573905,1684.423200043562,118112.11602285798,-74.31128068778057,5.281385281385287,-1.0,0.062056988287628734,-0.2555653714794133,,-60.757885228573905,1684.423200043562,118112.11602285798,-74.31128068778057,5.281385281385287,-1.0,0.062056988287628734,-0.2555653714794133,,-60.757885228573905,51955265.43423939,59056058.011369936,5.281385281385287,114145777.84120865,8503924.441492839,13.42271778477499,5.281385281385287,False,False,rising,rising,sell_advantage_accelerating,decelerating,rally_weakening,False,True,False,pass,S0,🌱 초발사 준비,발사 구조 관찰 또는 초기 준비,S3,True,발사 구조 관찰 또는 초기 준비,2026-09-05T19:57:07.171995+09:00,2026-09-05T10:40:00Z,33961613178-1
KRW-BIRB,문버드,83.7,79.25333333333333,77.19800000000001,110.12166666666667,0.23608768971332683,-2.66241785193052,28.03111709775552,-0.8751752541519323,-1.0024304095542997,,,,,False,False,False,False,-21.43516368201549,0.4801920768307433,7.0,B급,2.19780219780219,-60.29845675015176,-2.0,-0.2560633497436182,-0.958105069503258,False,False,False,False,2026-09-05T19:57:07.171995+09:00,1788605827,1640328.362434228,933664.9647741781,1.7568704238901882,10,0.0,complete,1788605045366,1788606312048,638458.39026812,973437.97616232,-0.20781707364724417,83.6,84.4,0.9569377990430672,0.11961722488038617,0.8293838862559275,87.49999999999972,complete_hourly_ordered,/v1/candles/minutes/60,120,False,10.286458333333348,76.8,2026-09-02T02:00:00,84.7,2026-09-04T20:00:00,D-1,1.0625737898465215,11.392405063291347,False,True,1.7151897265018616,14708.417103211901,251.32081665555725,-60.29845675015176,2.19780219780219,-2.0,-0.2560633497436182,-0.958105069503258,,1.7151897265018616,14708.417103211901,251.32081665555725,-60.29845675015176,2.19780219780219,-2.0,-0.2560633497436182,-0.958105069503258,,1.7151897265018616,14708.417103211901,251.32081665555725,-60.29845675015176,2.19780219780219,-2.0,-0.2560633497436182,-0.958105069503258,,1.7151897265018616,14708.417103211901,251.32081665555725,-60.29845675015176,2.19780219780219,-2.0,-0.2560633497436182,-0.958105069503258,,1.7151897265018616,14708.417103211901,251.32081665555725,-60.29845675015176,2.19780219780219,-2.0,-0.2560633497436182,-0.958105069503258,,1.7151897265018616,14708.417103211901,251.32081665555725,-60.29845675015176,2.19780219780219,-2.0,-0.2560633497436182,-0.958105069503258,,1.7151897265018616,1629251.3624348259,667906.4555966351,2.19780219780219,2573993.3272084063,5568651.566107532,0.4622291943842374,2.19780219780219,False,False,rising,rising,buy_advantage_accelerating,decelerating,rally_weakening,False,True,False,pass,S0,🌱 초발사 준비,발사 구조 관찰 또는 초기 준비,S0,False,,,2026-09-05T10:40:00Z,33961613178-1
KRW-ONT,온톨로지,77.0,75.4,62.20399999999999,69.51166666666667,0.7303170644816781,-21.214069834737337,-8.471000071930373,-1.2085476839292508,-1.6810946334355752,,,,,False,False,False,False,-65.8205447133469,6.796116504854388,8.0,B급,-0.773195876288657,11.65323792394365,-1.0,-0.30450701542472647,-1.0247387530150736,False,False,False,False,2026-09-05T19:57:07.171995+09:00,1788605827,186819.656120478,117269.680224207,1.5930772196470473,10,0.0,complete,1788604941487,1788606136504,1509579.41572414,1788256.31200366,-0.08450296475850474,77.5,78.3,1.0322580645161228,-0.6451612903225823,1.6602809706257948,162.50000000000054,complete_hourly_ordered,/v1/candles/minutes/60,120,False,20.396600566572243,70.6,2026-09-01T09:00:00,85.0,2026-09-01T21:00:00,D-4,9.764705882352942,57.638888888888886,True,False,1.4402413236555731,-87.07944331569936,-98.76043368569967,11.65323792394365,-0.773195876288657,-1.0,-0.30450701542472647,-1.0247387530150736,,1.4402413236555731,-87.07944331569936,-98.76043368569967,11.65323792394365,-0.773195876288657,-1.0,-0.30450701542472647,-1.0247387530150736,,1.4402413236555731,-87.07944331569936,-98.76043368569967,11.65323792394365,-0.773195876288657,-1.0,-0.30450701542472647,-1.0247387530150736,,1.4402413236555731,-87.07944331569936,-98.76043368569967,11.65323792394365,-0.773195876288657,-1.0,-0.30450701542472647,-1.0247387530150736,,1.4402413236555731,-87.07944331569936,-98.76043368569967,11.65323792394365,-0.773195876288657,-1.0,-0.30450701542472647,-1.0247387530150736,,1.4402413236555731,-87.07944331569936,-98.76043368569967,11.65323792394365,-0.773195876288657,-1.0,-0.30450701542472647,-1.0247387530150736,,1.4402413236555731,-1259090.614506459,-9343271.38735063,-0.773195876288657,304089.336344685,13318939.473187853,0.022831347567637984,-0.773195876288657,False,False,falling,falling,buy_advantage_accelerating,accelerating,neutral,False,True,False,pass,S0,🌱 초발사 준비,발사 구조 관찰 또는 초기 준비,S0,False,,,2026-09-05T10:40:00Z,33961613178-1
KRW-SOMI,솜니아,167.0,155.8,138.64,169.50833333333333,0.6893580353296125,-12.37738026543568,8.087114694459455,-0.9284213675184075,-1.4088614806061766,,,5.740177303293078,,False,False,False,False,-8.950421509598671,0.6024096385542244,11.0,A급,4.374999999999996,-1157.1305906832526,-2.0,-0.22408259102966177,-1.2391836102940736,False,False,False,False,2026-09-05T19:57:07.171995+09:00,1788605827,9754101.393889207,1183559.74896778,8.24132571456242,19,0.0,complete,1788604970425,1788605499444,747657.84827248,1222081.21861187,-0.24085594803671778,161.0,169.0,4.968944099378891,3.7267080745341685,1.183431952662722,25.0,complete_hourly_ordered,/v1/candles/minutes/60,120,False,21.58273381294964,139.0,2026-09-02T18:00:00,169.0,2026-09-05T18:00:00,D0,1.1834319526627168,6.666666666666625,False,False,,,,-1157.1305906832526,4.374999999999996,-2.0,-0.22408259102966177,-1.2391836102940736,-0.7264412884830476,,,,-1157.1305906832526,4.374999999999996,-2.0,-0.22408259102966177,-1.2391836102940736,-0.7264412884830476,,,,-1157.1305906832526,4.374999999999996,-2.0,-0.22408259102966177,-1.2391836102940736,-0.7264412884830476,,,,-1157.1305906832526,4.374999999999996,-2.0,-0.22408259102966177,-1.2391836102940736,-0.7264412884830476,,,,-1157.1305906832526,4.374999999999996,-2.0,-0.22408259102966177,-1.2391836102940736,-0.7264412884830476,,,,-1157.1305906832526,4.374999999999996,-2.0,-0.22408259102966177,-1.2391836102940736,-0.7264412884830476,,9754101.393889207,1183559.74896778,4.374999999999996,10937661.142856987,2608909.291632555,4.192426765444428,4.374999999999996,False,False,rising,rising,buy_advantage_weakening,decelerating,rally_weakening,False,True,False,pass,S0,🌱 초발사 준비,발사 구조 관찰 또는 초기 준비,S3,True,발사 구조 관찰 또는 초기 준비,2026-09-05T19:57:07.171995+09:00,2026-09-05T10:40:00Z,33961613178-1
KRW-DEEP,딥북,20.7,19.553333333333335,21.695999999999998,28.8875,-0.23809523809523725,9.875860373647969,32.31213039088417,-0.6067816760674944,-0.582576447205988,,,,,False,False,False,False,-8.915510484829625,6.70103092783505,5.0,관찰,2.4752475247524774,-47.9589861497402,-1.0,-0.10222567287786477,-0.3782510875235232,False,False,False,False,2026-09-05T19:57:07.171995+09:00,1788605827,0.0,196578.403236405,0.0,2,0.0,complete,1788605985031,1788606322443,7774567.19556585,12354209.68952795,-0.22751717702994245,20.1,20.9,3.980099502487544,2.985074626865658,0.9569377990430589,25.0,complete_hourly_ordered,/v1/candles/minutes/60,120,False,9.844559585492219,19.3,2026-08-31T21:00:00,21.2,2026-09-03T17:00:00,D-2,2.358490566037741,26.31578947368433,False,True,,-100.0,,-47.9589861497402,2.4752475247524774,-1.0,-0.10222567287786477,-0.3782510875235232,,,-100.0,,-47.9589861497402,2.4752475247524774,-1.0,-0.10222567287786477,-0.3782510875235232,,,-100.0,,-47.9589861497402,2.4752475247524774,-1.0,-0.10222567287786477,-0.3782510875235232,,,-100.0,,-47.9589861497402,2.4752475247524774,-1.0,-0.10222567287786477,-0.3782510875235232,,,-100.0,,-47.9589861497402,2.4752475247524774,-1.0,-0.10222567287786477,-0.3782510875235232,,,-100.0,,-47.9589861497402,2.4752475247524774,-1.0,-0.10222567287786477,-0.3782510875235232,,,-531855.246376584,196578.403236405,2.4752475247524774,196578.403236405,4134342.99363962,0.0475476765084141,2.4752475247524774,False,False,falling,rising,sell_only,decelerating,rally_weakening,False,False,False,pass,S0,🌱 초발사 준비,발사 구조 관찰 또는 초기 준비,S0,False,,,2026-09-05T10:40:00Z,33961613178-1
KRW-STRAX,저트라,13.1,13.053333333333335,12.732000000000001,14.828333333333335,0.05109862033727541,-2.523824484239188,11.970327076542656,-0.6295611013653162,-0.7068010257351682,,,,,False,False,False,False,134.56176341141887,2.34375,10.0,A급,0.0,-48.79313387178894,-3.0,-0.35915778991915115,-0.33512584026396297,False,False,False,False,2026-09-05T19:57:07.171995+09:00,1788605827,36537.999999732,62166.242424197,0.5877466382866063,8,0.0,complete,1788605474378,1788606025800,29404955.61106384,56039133.62182079,-0.3117146926121875,13.0,13.2,1.538461538461533,0.7692307692307665,0.7575757575757549,50.0,complete_hourly_ordered,/v1/candles/minutes/60,120,False,17.599999999999994,12.5,2026-08-31T22:00:00,14.7,2026-09-01T18:00:00,D-4,10.204081632653061,68.18181818181814,False,True,,-98.92115241638663,,-48.79313387178894,0.0,-3.0,-0.35915778991915115,-0.33512584026396297,,,-98.92115241638663,,-48.79313387178894,0.0,-3.0,-0.35915778991915115,-0.33512584026396297,,,-98.92115241638663,,-48.79313387178894,0.0,-3.0,-0.35915778991915115,-0.33512584026396297,,,-98.92115241638663,,-48.79313387178894,0.0,-3.0,-0.35915778991915115,-0.33512584026396297,,,-98.92115241638663,,-48.79313387178894,0.0,-3.0,-0.35915778991915115,-0.33512584026396297,,,-98.92115241638663,,-48.79313387178894,0.0,-3.0,-0.35915778991915115,-0.33512584026396297,,,-3350223.9999998836,62166.242424197,0.0,98704.242423929,3386761.9999996154,0.029144133075763873,0.0,False,False,falling,rising,sell_advantage_weakening,decelerating,neutral,True,True,False,🔴 1차 급등 완료·상승분 반납 / 신규매수 금지,S3,🔴 1차 급등 완료·반납,당일/5D 급등 후 상승분 상당 부분 반납,S3,False,,,2026-09-05T10:40:00Z,33961613178-1
KRW-ICP,인터넷컴퓨터,3590.0,3365.133333333333,3186.56,3474.516666666667,0.23829854836467934,-5.6039532704023545,3.1481596960728444,-0.22430648256733382,-0.6258727343878091,,,5.030031703094055,,False,False,False,False,145.95133663937253,8.6232980332829,13.0,A급,6.118829441324269,98.35962240551814,1.0,0.06523310177626307,-0.6340955177836425,False,False,False,False,2026-09-05T19:57:07.171995+09:00,1788605827,7494208.18210547,9105614.338938858,0.8230315828397827,29,0.0,complete,1788604954024,1788606206221,18891.08979126,32695.02020637,-0.26759006282396924,3382.0,3719.0,9.964518036664693,6.150206978119455,3.468674374831944,38.27893175074183,complete_hourly_ordered,/v1/candles/minutes/60,120,False,13.522588522588519,3276.0,2026-09-04T21:00:00,3719.0,2026-09-05T16:00:00,D0,3.603119118042486,30.248306997742564,False,True,,,,98.35962240551814,6.118829441324269,1.0,0.06523310177626307,-0.6340955177836425,-1.0058937201941651,,,,98.35962240551814,6.118829441324269,1.0,0.06523310177626307,-0.6340955177836425,-1.0058937201941651,,,,98.35962240551814,6.118829441324269,1.0,0.06523310177626307,-0.6340955177836425,-1.0058937201941651,,,,98.35962240551814,6.118829441324269,1.0,0.06523310177626307,-0.6340955177836425,-1.0058937201941651,,,,98.35962240551814,6.118829441324269,1.0,0.06523310177626307,-0.6340955177836425,-1.0058937201941651,,,,98.35962240551814,6.118829441324269,1.0,0.06523310177626307,-0.6340955177836425,-1.0058937201941651,,7494208.18210547,9105614.338938858,6.118829441324269,16599822.521044329,1627834.5748818847,10.197487371988526,6.118829441324269,False,False,rising,rising,sell_advantage_weakening,accelerating,neutral,False,False,False,pass,S0,🌱 초발사 준비,발사 구조 관찰 또는 초기 준비,S0,False,,,2026-09-05T10:40:00Z,33961613178-1
KRW-BREV,브레비스,108.0,101.88000000000001,101.234,121.81416666666668,0.3282563025210239,-0.6381255309481153,16.364407533332876,-0.852282750633982,-1.049185281068589,,,,,False,False,False,False,-11.51328783021336,5.882352941176472,7.0,B급,0.9345794392523255,-54.45863004313537,-2.0,-0.412484438219729,-0.74430157575717,False,False,False,False,2026-09-05T19:57:07.171995+09:00,1788605827,6609464.70719105,463486.019567,14.260332411678295,48,0.0,complete,1788605610251,1788606238909,1408046.80938317,2769411.99239446,-0.3258835688414185,108.0,109.0,0.92592592592593,0.0,0.9174311926605505,100.0,complete_hourly_ordered,/v1/candles/minutes/60,120,False,8.910891089108919,101.0,2026-09-01T17:00:00,110.0,2026-09-05T20:00:00,D0,0.0,0.0,False,True,,161.44253631636576,,-54.45863004313537,0.9345794392523255,-2.0,-0.412484438219729,-0.74430157575717,,,161.44253631636576,,-54.45863004313537,0.9345794392523255,-2.0,-0.412484438219729,-0.74430157575717,,,161.44253631636576,,-54.45863004313537,0.9345794392523255,-2.0,-0.412484438219729,-0.74430157575717,,,161.44253631636576,,-54.45863004313537,0.9345794392523255,-2.0,-0.412484438219729,-0.74430157575717,,,161.44253631636576,,-54.45863004313537,0.9345794392523255,-2.0,-0.412484438219729,-0.74430157575717,,,161.44253631636576,,-54.45863004313537,0.9345794392523255,-2.0,-0.412484438219729,-0.74430157575717,,,4081389.20719166,463486.019567,0.9345794392523255,7072950.72675805,3654179.5637025004,1.9355783161327655,0.9345794392523255,False,False,rising,rising,buy_advantage_weakening,decelerating,rally_weakening,False,False,False,pass,S0,🌱 초발사 준비,발사 구조 관찰 또는 초기 준비,S0,False,,,2026-09-05T10:40:00Z,33961613178-1
KRW-ICX,아이콘,20.4,21.0,27.458000000000002,38.09083333333333,-1.1919698870765383,23.5195571418166,44.8686254348159,0.06665223518798484,0.17386770804739698,,,,,False,False,False,False,103.8178434810172,4.081632653061207,5.0,관찰,0.49261083743841194,-570.691020584971,0.0,-0.4136386292932226,0.17448226778769538,False,False,False,False,2026-09-05T19:57:07.171995+09:00,1788605827,3604720.671690891,8663955.049599338,0.41605948450270297,31,0.0,complete,1788604927178,1788606209464,10485622.78763857,9449737.5849637,0.05196220099931155,20.4,20.8,1.9607843137255054,0.0,1.9230769230769333,100.0,complete_hourly_ordered,/v1/candles/minutes/60,120,False,56.21621621621622,18.5,2026-09-01T07:00:00,28.9,2026-09-01T21:00:00,D-4,28.719723183391,79.80769230769228,True,True,-1.0714288369821026,6.729365575323909,281.5768916854132,-570.691020584971,0.49261083743841194,0.0,-0.4136386292932226,0.17448226778769538,,-1.0714288369821026,6.729365575323909,281.5768916854132,-570.691020584971,0.49261083743841194,0.0,-0.4136386292932226,0.17448226778769538,,-1.0714288369821026,6.729365575323909,281.5768916854132,-570.691020584971,0.49261083743841194,0.0,-0.4136386292932226,0.17448226778769538,,-1.0714288369821026,6.729365575323909,281.5768916854132,-570.691020584971,0.49261083743841194,0.0,-0.4136386292932226,0.17448226778769538,,-1.0714288369821026,6.729365575323909,281.5768916854132,-570.691020584971,0.49261083743841194,0.0,-0.4136386292932226,0.17448226778769538,,-1.0714288369821026,6.729365575323909,281.5768916854132,-570.691020584971,0.49261083743841194,0.0,-0.4136386292932226,0.17448226778769538,,-1.0714288369821026,227280.3090880881,6393389.080226582,0.49261083743841194,12268675.721290229,10071333.97910793,1.2181778249773552,0.49261083743841194,False,True,rising,rising,sell_advantage_accelerating,decelerating,rally_weakening,True,True,False,🔴 1차 급등 완료·상승분 반납 / 신규매수 금지,S3,🔴 1차 급등 완료·반납,당일/5D 급등 후 상승분 상당 부분 반납,S3,False,,,2026-09-05T10:40:00Z,33961613178-1
KRW-POLYX,폴리매쉬,48.3,47.86666666666667,47.176,57.232499999999995,-0.11129660545352582,-1.464021253744839,16.364536466751108,-0.8548727563339262,-0.8568718274621414,,,,,False,False,False,False,-52.28439246057718,4.545454545454541,7.0,B급,0.6249999999999867,0.12107183463486137,-1.0,-0.5863559878763303,-0.2724239297189115,False,False,False,False,2026-09-05T19:57:07.171995+09:00,1788605827,6999.999999908999,0.0,,1,0.0,complete,1788605873901,1788605873901,996567.835691,2046284.08206257,-0.34497776255459006,47.6,48.3,1.4705882352941124,1.4705882352941124,0.0,0.0,complete_hourly_ordered,/v1/candles/minutes/60,120,False,8.771929824561408,45.6,2026-09-02T10:00:00,49.6,2026-09-03T13:00:00,D-2,2.620967741935487,32.50000000000014,True,True,,,,0.12107183463486137,0.6249999999999867,-1.0,-0.5863559878763303,-0.2724239297189115,,,,,0.12107183463486137,0.6249999999999867,-1.0,-0.5863559878763303,-0.2724239297189115,,,,,0.12107183463486137,0.6249999999999867,-1.0,-0.5863559878763303,-0.2724239297189115,,,,,0.12107183463486137,0.6249999999999867,-1.0,-0.5863559878763303,-0.2724239297189115,,,,,0.12107183463486137,0.6249999999999867,-1.0,-0.5863559878763303,-0.2724239297189115,,,,,0.12107183463486137,0.6249999999999867,-1.0,-0.5863559878763303,-0.2724239297189115,,,6999.999999908999,0.0,0.6249999999999867,6999.999999908999,5016231.16292564,0.0013954699798616051,0.6249999999999867,False,False,rising,flat_or_na,buy_only,accelerating,neutral,False,False,False,pass,S0,🌱 초발사 준비,발사 구조 관찰 또는 초기 준비,S0,False,,,2026-09-05T10:40:00Z,33961613178-1
