market,snapshot_kst,snapshot_epoch,price,value_accel_pct,launch_score,bid_trade_value_15m,ask_trade_value_15m,buy_sell_ratio_15m,trade_count_15m,trade_unknown_value_15m,trade_coverage_15m,trade_oldest_timestamp,trade_newest_timestamp,total_bid_size,total_ask_size,orderbook_imbalance,day_open,day_high,day_high_return_pct,current_day_return_pct,drawdown_from_day_high_pct,gain_retrace_pct,path_5d_status,path_5d_source,path_5d_points,stage_provisional,max_rally_5d_pct,max_rally_5d_base_price,max_rally_5d_base_time_kst,high_5d,high_5d_time_kst,max_rally_day,drawdown_from_5d_high_pct,gain_retrace_5d_pct,post_surge_higher_low,slope15,gap120,f120up,higher_low,buy_sell_ratio_change_15m,bid_trade_value_change_15m,ask_trade_value_change_15m,value_accel_change_15m,price_change_15m,launch_score_change_15m,slope15_change_15m,gap120_change_15m,f120up_change_15m,buy_sell_ratio_change_30m,bid_trade_value_change_30m,ask_trade_value_change_30m,value_accel_change_30m,price_change_30m,launch_score_change_30m,slope15_change_30m,gap120_change_30m,f120up_change_30m,buy_sell_ratio_change_45m,bid_trade_value_change_45m,ask_trade_value_change_45m,value_accel_change_45m,price_change_45m,launch_score_change_45m,slope15_change_45m,gap120_change_45m,f120up_change_45m,buy_sell_ratio_change_60m,bid_trade_value_change_60m,ask_trade_value_change_60m,value_accel_change_60m,price_change_60m,launch_score_change_60m,slope15_change_60m,gap120_change_60m,f120up_change_60m,buy_sell_ratio_change_90m,bid_trade_value_change_90m,ask_trade_value_change_90m,value_accel_change_90m,price_change_90m,launch_score_change_90m,slope15_change_90m,gap120_change_90m,f120up_change_90m,buy_sell_ratio_change_120m,bid_trade_value_change_120m,ask_trade_value_change_120m,value_accel_change_120m,price_change_120m,launch_score_change_120m,slope15_change_120m,gap120_change_120m,f120up_change_120m,delta_buy_sell_ratio,delta_bid_trade_value_15m,delta_ask_trade_value_15m,delta_value_accel_pct,delta_price_pct_15m,delta_launch_score,delta_slope15,delta_gap120,trade_value_15m,normal_trade_value_15m_median,trade_value_anomaly_ratio,surge_return_from_120m,surge_success_15_120m,signal_failure_120m,buy_pressure_trend,sell_pressure_trend,buy_sell_state,value_accel_direction,flow_signal,first_surge_retrace_gate,first_surge_retrace_seen,second_ignition_reentry,candidate_gate,stage,stage_label,stage_reason,stage_previous,stage_changed,stage_change_reason,stage_change_kst,scan_cycle,scan_run_id
KRW-0G,2026-09-03T23:17:54.803607+09:00,1788445074,251.0,2611.9038054616085,10.0,572971.6216112201,2432865.2275051503,0.235513095889323,8,0.0,complete,1788444175215,1788444769999,1435085.34879455,1656957.60470754,-0.07175587766712443,255.0,259.0,1.5686274509803866,-1.5686274509803977,3.088803088803089,200.0000000000007,complete_hourly_ordered,/v1/candles/minutes/60,120,False,61.990950226244344,221.0,2026-08-30T04:00:00,358.0,2026-09-01T11:00:00,D-2,29.88826815642458,78.1021897810219,True,1.1884550084889645,39.547365974261986,,True,-1.1581825305516518,-97.25285560490445,-83.74322619220396,0.7041733908940842,0.40000000000000036,0.0,0.05659309564232107,-0.03125662458418077,,0.20189552555672452,-10.454729695098052,-87.21814423499727,1.318565468991892,0.8032128514056325,0.0,0.02829654782114943,-0.015627982037408117,,-0.0436990923096941,-97.79839079482933,-97.38988559674965,7.657105753317865,-1.5686274509803977,0.0,-0.05659309564234327,0.03125398271417623,,-0.0436990923096941,-97.79839079482933,-97.38988559674965,7.657105753317865,-1.5686274509803977,0.0,-0.05659309564234327,0.03125398271417623,,-0.0436990923096941,-97.79839079482933,-97.38988559674965,7.657105753317865,-1.5686274509803977,0.0,-0.05659309564234327,0.03125398271417623,,-0.0436990923096941,-97.79839079482933,-97.38988559674965,7.657105753317865,-1.5686274509803977,0.0,-0.05659309564234327,0.03125398271417623,,-1.1581825305516518,-20284018.008571353,-12532374.83961355,0.7041733908940842,0.40000000000000036,0.0,0.05659309564232107,-0.03125662458418077,3005836.84911637,31222326.071659975,0.09627203438390589,-1.5686274509803977,False,True,falling,falling,sell_advantage_accelerating,accelerating,neutral,True,True,False,🔴 1차 급등 완료·상승분 반납 / 신규매수 금지,S3,🔴 1차 급등 완료·반납,당일/5D 급등 후 상승분 상당 부분 반납,S3,False,,,2026-09-03T14:00:00Z,33765068330-1
KRW-1INCH,2026-09-03T23:17:54.803607+09:00,1788445074,123.0,103.91682547793559,9.0,161585.20739624,561841.99093596,0.2875990225064147,3,0.0,complete,1788444903831,1788445315401,1681317.46598877,961717.51200716,0.2722627433887551,120.0,124.0,3.3333333333333437,2.499999999999991,0.8064516129032258,25.0000000000005,complete_hourly_ordered,/v1/candles/minutes/60,120,False,5.000000000000004,120.0,2026-08-31T08:00:00,126.0,2026-09-01T21:00:00,D-2,2.3809523809523836,50.00000000000022,True,0.21586616297895045,-3.793753929993705,,True,0.22670416014500877,-51.483699613845104,-89.7273870802755,1.6766537045180314,-0.8064516129032251,0.0,-0.05396654074474316,0.04863813372013759,,0.20606992803389165,223.17041479299706,-8.387062484556761,2.2105818226143015,0.0,0.0,0.0,0.0,,-0.3442289359252642,-98.11549744546373,-95.8599254221548,27.225561620256016,1.6528925619834656,1.0,0.05396654074474316,-0.04864493055267438,,-0.3442289359252642,-98.11549744546373,-95.8599254221548,27.225561620256016,1.6528925619834656,1.0,0.05396654074474316,-0.04864493055267438,,-0.3442289359252642,-98.11549744546373,-95.8599254221548,27.225561620256016,1.6528925619834656,1.0,0.05396654074474316,-0.04864493055267438,,-0.3442289359252642,-98.11549744546373,-95.8599254221548,27.225561620256016,1.6528925619834656,1.0,0.05396654074474316,-0.04864493055267438,,0.22670416014500877,-171468.23260256005,-4907477.21077527,1.6766537045180314,-0.8064516129032251,0.0,-0.05396654074474316,0.04863813372013759,723427.1983322,31161.051147,23.215750807618285,1.6528925619834656,False,False,falling,falling,sell_advantage_weakening,accelerating,neutral,False,False,False,pass,S0,🌱 초발사 준비,발사 구조 관찰 또는 초기 준비,S0,False,,,2026-09-03T14:00:00Z,33765068330-1
KRW-2Z,2026-09-03T23:17:54.803607+09:00,1788445074,74.2,23.655828331264715,6.0,40216.802167710004,579750.124937336,0.06936919965658819,6,0.0,complete,1788444240869,1788445062421,797898.53963112,1325567.35121961,-0.24849413115700603,73.9,75.3,1.8944519621109546,0.4059539918809252,1.4608233731739633,78.57142857142824,complete_hourly_ordered,/v1/candles/minutes/60,120,False,5.841446453407495,71.9,2026-08-31T08:00:00,76.1,2026-09-02T01:00:00,D-1,2.4967148488830415,45.23809523809506,False,0.2787213657347021,25.769274166250263,,False,0.060959275895172395,-19.80437680087145,-90.2775427647615,0.06148151117410805,0.13495276653172628,0.0,-0.026130128037626932,0.01754747159111858,,0.06936919965658819,,864.992501346039,0.6646339565529402,-0.13458950201883368,0.0,-0.043550213396037485,0.029245314594518845,,0.0521152861778037,-51.17590815770859,-87.85618602351688,2.93308446901532,0.2702702702702675,0.0,-0.017420085358410553,0.011698408674501337,,0.0521152861778037,-51.17590815770859,-87.85618602351688,2.93308446901532,0.2702702702702675,0.0,-0.017420085358410553,0.011698408674501337,,0.0521152861778037,-51.17590815770859,-87.85618602351688,2.93308446901532,0.2702702702702675,0.0,-0.017420085358410553,0.011698408674501337,,0.0521152861778037,-51.17590815770859,-87.85618602351688,2.93308446901532,0.2702702702702675,0.0,-0.017420085358410553,0.011698408674501337,,0.060959275895172395,-9931.573221618004,-5383249.875063331,0.06148151117410805,0.13495276653172628,0.0,-0.026130128037626932,0.01754747159111858,619966.927105046,1507018.873365337,0.41138630581353797,0.2702702702702675,False,False,falling,falling,sell_advantage_weakening,accelerating,neutral,False,False,False,pass,S0,🌱 초발사 준비,발사 구조 관찰 또는 초기 준비,S0,False,,,2026-09-03T14:00:00Z,33765068330-1
KRW-A,2026-09-03T23:17:54.803607+09:00,1788445074,107.0,-40.07085825383301,12.0,9657033.11083665,3804919.50372886,2.5380387420476724,33,0.0,complete,1788444780063,1788445044912,1251857.33021979,3050893.89020241,-0.4181130787770929,105.0,108.0,2.857142857142847,1.904761904761898,0.9259259259259258,33.33333333333333,complete_hourly_ordered,/v1/candles/minutes/60,120,False,6.930693069306937,101.0,2026-08-31T08:00:00,108.0,2026-09-03T00:00:00,D0,0.92592592592593,14.285714285714285,False,0.9181430234061816,0.6176376950016002,0.4614476010735645,True,,,,0.4372992123038415,0.9433962264151052,0.0,0.0,0.0,0.0,2.5380387420476724,,461.4492641345518,0.4372992123038415,0.9433962264151052,0.0,0.0,0.0,0.0,,6491.546486223759,,1.6377379553889284,0.9433962264151052,0.0,0.0,0.0,0.0,,6491.546486223759,,1.6377379553889284,0.9433962264151052,0.0,0.0,0.0,0.0,,6491.546486223759,,1.6377379553889284,0.9433962264151052,0.0,0.0,0.0,0.0,,6491.546486223759,,1.6377379553889284,0.9433962264151052,0.0,0.0,0.0,0.0,,9657033.11083665,3804919.50372886,0.4372992123038415,0.9433962264151052,0.0,0.0,0.0,13461952.61456551,607729.1402910049,22.15123765189109,0.9433962264151052,False,True,rising,rising,buy_advantage_weakening,accelerating,neutral,False,False,False,pass,S1,⚡ 선행 시동,가격 미급등 상태에서 선행조건 3개 개선,S0,True,가격 미급등 상태에서 선행조건 3개 개선,2026-09-03T23:17:54.803607+09:00,2026-09-03T14:00:00Z,33765068330-1
KRW-AAVE,2026-09-03T23:17:54.803607+09:00,1788445074,179700.0,-11.061754577506244,7.0,10814076.67642,10724496.898271998,1.0083528186914237,19,0.0,complete,1788444437740,1788445081563,1112.83280633,503.21457698,0.37722794247615166,174900.0,180800.0,3.373356203544886,2.7444253859348233,0.6084070796460177,18.64406779661015,complete_hourly_ordered,/v1/candles/minutes/60,120,False,10.945865556216528,168100.0,2026-08-31T11:00:00,186500.0,2026-09-02T14:00:00,D-1,3.646112600536189,36.95652173913045,True,1.8955861042572408,-30.44372023063425,,True,-5.915461845970572,-60.41631600655355,171.79979728805804,0.44877018193186835,-0.05561735261401246,0.0,-0.01958250107703119,0.02098067495280631,,-1.4114385900634463,-76.5240704471768,-43.663714137104826,0.9269773085795787,0.3910614525139744,0.0,-0.003916500215406238,0.00419624018256215,,0.5732535258981528,-54.365569270564805,-80.30896709034049,2.8721624917940503,0.6159014557670872,0.0,0.035248501938678345,-0.03776852867061464,,0.5732535258981528,-54.365569270564805,-80.30896709034049,2.8721624917940503,0.6159014557670872,0.0,0.035248501938678345,-0.03776852867061464,,0.5732535258981528,-54.365569270564805,-80.30896709034049,2.8721624917940503,0.6159014557670872,0.0,0.035248501938678345,-0.03776852867061464,,0.5732535258981528,-54.365569270564805,-80.30896709034049,2.8721624917940503,0.6159014557670872,0.0,0.035248501938678345,-0.03776852867061464,,-5.915461845970572,-16505453.962038,6778762.940675998,0.44877018193186835,-0.05561735261401246,0.0,-0.01958250107703119,0.02098067495280631,21538573.574691996,28907453.427309997,0.7450872014324051,0.6159014557670872,False,False,falling,rising,buy_advantage_weakening,accelerating,neutral,False,False,False,pass,S0,🌱 초발사 준비,발사 구조 관찰 또는 초기 준비,S0,False,,,2026-09-03T14:00:00Z,33765068330-1
KRW-ADA,2026-09-03T23:17:54.803607+09:00,1788445074,291.0,-30.763516442057416,8.0,453553886.64506155,57793556.10091372,7.84782798021821,480,0.0,complete,1788444175098,1788445478757,6957312.28457526,4814855.35147112,0.1819934101638119,277.0,291.0,5.054151624548742,5.054151624548742,0.0,0.0,complete_hourly_ordered,/v1/candles/minutes/60,120,False,11.363636363636353,264.0,2026-09-02T19:00:00,294.0,2026-09-03T23:00:00,D0,0.3401360544217691,3.333333333333228,False,0.7897793263646813,-2.2866572371522773,,True,6.956289934106598,550.6907685067282,-26.079473474745907,0.5722441891815144,1.041666666666674,0.0,0.046457607433203485,-0.041121785982371595,,6.718616917154527,262.44621798206333,-47.84820970304233,0.8340472104915939,1.041666666666674,0.0,0.046457607433203485,-0.041121785982371595,,7.285894452781047,1045.1444096047678,-18.003422203418097,2.8910225297541743,2.1052631578947434,0.0,0.13937282229963266,-0.12337990146114608,,7.285894452781047,1045.1444096047678,-18.003422203418097,2.8910225297541743,2.1052631578947434,0.0,0.13937282229963266,-0.12337990146114608,,7.285894452781047,1045.1444096047678,-18.003422203418097,2.8910225297541743,2.1052631578947434,0.0,0.13937282229963266,-0.12337990146114608,,7.285894452781047,1045.1444096047678,-18.003422203418097,2.8910225297541743,2.1052631578947434,0.0,0.13937282229963266,-0.12337990146114608,,6.956289934106598,383850440.9229218,-20389810.30296223,0.5722441891815144,1.041666666666674,0.0,0.046457607433203485,-0.041121785982371595,511347442.74597526,126416401.53986843,4.044945406745419,2.1052631578947434,False,False,rising,falling,buy_advantage_accelerating,accelerating,neutral,False,False,False,pass,S0,🌱 초발사 준비,발사 구조 관찰 또는 초기 준비,S0,False,,,2026-09-03T14:00:00Z,33765068330-1
KRW-AERO,2026-09-03T23:17:54.803607+09:00,1788445074,687.0,3.3553226396299207,8.0,6364228.3956024395,11658047.794722559,0.5459085867261103,56,0.0,complete,1788444190573,1788445200902,98614.6039194,99175.12743381,-0.0028339363756403812,638.0,687.0,7.68025078369905,7.68025078369905,0.0,0.0,complete_hourly_ordered,/v1/candles/minutes/60,120,False,10.096153846153854,624.0,2026-09-02T20:00:00,687.0,2026-09-03T23:00:00,D0,0.29112081513827937,3.1746031746031433,False,0.7712844853159151,-3.2548950074723213,,True,-1.0346626643502215,-48.987649488832005,47.696256531377124,0.728732141626498,0.8810572687224738,0.0,0.02966478789674376,-0.026473754860072862,,-1.7305355820517008,-16.88615119879352,246.585565878108,1.9833428977108936,1.327433628318575,0.0,0.039553050529006484,-0.035298786888192435,,0.34421575582244596,1588.4135067779014,523.8057216873787,4.1543506627506055,2.998500749625177,0.0,0.15821220211607034,-0.14121661067466995,,0.34421575582244596,1588.4135067779014,523.8057216873787,4.1543506627506055,2.998500749625177,0.0,0.15821220211607034,-0.14121661067466995,,0.34421575582244596,1588.4135067779014,523.8057216873787,4.1543506627506055,2.998500749625177,0.0,0.15821220211607034,-0.14121661067466995,,0.34421575582244596,1588.4135067779014,523.8057216873787,4.1543506627506055,2.998500749625177,0.0,0.15821220211607034,-0.14121661067466995,,-1.0346626643502215,-6111629.571791432,3764788.975230488,0.728732141626498,0.8810572687224738,0.0,0.02966478789674376,-0.026473754860072862,18022276.190325,4591500.4642751,3.925138705865367,2.998500749625177,False,False,falling,rising,sell_advantage_accelerating,accelerating,neutral,False,False,False,pass,S0,🌱 초발사 준비,발사 구조 관찰 또는 초기 준비,S0,False,,,2026-09-03T14:00:00Z,33765068330-1
KRW-AGLD,2026-09-03T23:17:54.803607+09:00,1788445074,225.0,-26.997458973014133,7.0,1387398.93746582,77091.86920733,17.996696042413564,10,0.0,complete,1788444654437,1788445097226,589901.04162021,609593.52827427,-0.01641732038502877,221.0,225.0,1.8099547511312153,1.8099547511312153,0.0,0.0,complete_hourly_ordered,/v1/candles/minutes/60,120,False,5.882352941176472,221.0,2026-08-31T08:00:00,234.0,2026-08-31T12:00:00,D-3,3.8461538461538436,69.23076923076935,False,0.08678044547294483,13.223399586180953,,False,,27103.900738037744,,0.005301817562894939,0.44642857142858094,-1.0,-0.028926815157648278,0.022358801203367307,,,341.840466430878,,0.0066772719699557115,0.44642857142858094,-1.0,-0.028926815157648278,0.022358801203367307,,,,,1.1493068783432818,1.3513513513513598,0.0,0.028926815157648278,-0.02236020314093068,,,,,1.1493068783432818,1.3513513513513598,0.0,0.028926815157648278,-0.02236020314093068,,,,,1.1493068783432818,1.3513513513513598,0.0,0.028926815157648278,-0.02236020314093068,,,,,1.1493068783432818,1.3513513513513598,0.0,0.028926815157648278,-0.02236020314093068,,,1382298.93746646,77091.86920733,0.005301817562894939,0.44642857142858094,-1.0,-0.028926815157648278,0.022358801203367307,1464490.80667315,395104.79836971004,3.706588258902356,1.3513513513513598,False,False,rising,rising,buy_advantage_weakening,accelerating,neutral,False,False,False,pass,S0,🌱 초발사 준비,발사 구조 관찰 또는 초기 준비,S0,False,,,2026-09-03T14:00:00Z,33765068330-1
KRW-AHT,2026-09-03T23:17:54.803607+09:00,1788445074,1.33,1215.839789520261,8.0,7288.517365956401,537892.1115437598,0.013550147342816067,4,0.0,complete,1788444375839,1788444894309,202197066.38310477,188090768.7569565,0.03614331874086212,1.35,1.4,3.703703703703698,-1.4814814814814836,4.999999999999989,140.0000000000001,complete_hourly_ordered,/v1/candles/minutes/60,120,False,37.00787401574803,1.27,2026-08-30T08:00:00,1.74,2026-09-01T18:00:00,D-2,23.563218390804597,87.23404255319144,False,0.6739243131156147,19.867959562616036,,False,,-96.35574131702171,,0.09844258387443006,1.526717557251911,0.0,0.0,0.0,,0.013550147342816067,,-32.30221543789974,0.09844258387443006,1.526717557251911,0.0,0.0,0.0,,-2.16419583376837,-98.50825441341297,139.74964063786177,0.892471565533242,0.7575757575757569,0.0,0.0,0.0,,-2.16419583376837,-98.50825441341297,139.74964063786177,0.892471565533242,0.7575757575757569,0.0,0.0,0.0,,-2.16419583376837,-98.50825441341297,139.74964063786177,0.892471565533242,0.7575757575757569,0.0,0.0,0.0,,-2.16419583376837,-98.50825441341297,139.74964063786177,0.892471565533242,0.7575757575757569,0.0,0.0,0.0,,,-192711.4826340382,537892.1115437598,0.09844258387443006,1.526717557251911,0.0,0.0,0.0,545180.6289097163,2098882.81548116,0.2597480073153755,0.7575757575757569,False,True,falling,rising,sell_advantage_weakening,accelerating,neutral,True,True,False,🔴 1차 급등 완료·상승분 반납 / 신규매수 금지,S3,🔴 1차 급등 완료·반납,당일/5D 급등 후 상승분 상당 부분 반납,S3,False,,,2026-09-03T14:00:00Z,33765068330-1
KRW-AI,2026-09-03T23:17:54.803607+09:00,1788445074,26.6,,,466847.428135662,0.0,,3,0.0,complete,1788444507714,1788445113711,7754327.91370234,6340244.75374922,0.10032820386379267,26.2,26.9,2.6717557251908275,1.526717557251911,1.115241635687722,42.8571428571425,complete_hourly_ordered,/v1/candles/minutes/60,120,False,5.166051660516602,27.1,2026-08-29T21:00:00,28.5,2026-08-30T00:00:00,D-4,6.666666666666665,135.71428571428567,True,,,,True,,-89.19291344779663,,,0.0,,,,,,505.8200678346533,,,0.37735849056603765,,,,,,2495.4867122060223,,,0.0,,,,,,2495.4867122060223,,,0.0,,,,,,2495.4867122060223,,,0.0,,,,,,2495.4867122060223,,,0.0,,,,,,-3852979.4362145667,0.0,,0.0,,,,466847.428135662,3177987.612987427,0.1469003297016655,0.0,False,False,falling,flat_or_na,buy_only,flat_or_na,neutral,False,False,False,pass,S0,🌱 초발사 준비,발사 구조 관찰 또는 초기 준비,S0,False,,,2026-09-03T14:00:00Z,33765068330-1
KRW-AKT,2026-09-03T23:17:54.803607+09:00,1788445074,708.0,-40.17110901362061,7.0,1297773.84253712,4550864.149656239,0.2851708598322256,32,0.0,complete,1788444315249,1788445240333,192284.83708529,76129.48017603,0.4327465021032193,687.0,710.0,3.3478893740902516,3.056768558951961,0.28169014084507044,8.695652173913274,complete_hourly_ordered,/v1/candles/minutes/60,120,False,5.799151343705788,707.0,2026-08-30T08:00:00,748.0,2026-08-31T01:00:00,D-3,5.3475935828877,97.5609756097562,False,0.0632339656730041,19.34541416752373,,True,-0.2780097208504581,-49.75516233402364,-0.7720604072952941,0.20352164469984757,0.42553191489360653,0.0,0.018066847335140857,-0.013094602010895073,,-0.45426419068609075,244.07443841371506,792.1693468266355,0.2621317339190057,0.14144271570013522,0.0,0.018066847335140857,-0.013094602010895073,,0.20892390760528629,168.70949820702722,-28.154369332231543,1.5255205316558644,0.0,0.0,0.00903342366758153,-0.006547241414111227,,0.20892390760528629,168.70949820702722,-28.154369332231543,1.5255205316558644,0.0,0.0,0.00903342366758153,-0.006547241414111227,,0.20892390760528629,168.70949820702722,-28.154369332231543,1.5255205316558644,0.0,0.0,0.00903342366758153,-0.006547241414111227,,0.20892390760528629,168.70949820702722,-28.154369332231543,1.5255205316558644,0.0,0.0,0.00903342366758153,-0.006547241414111227,,-0.2780097208504581,-1285126.0190658094,-35408.7975962311,0.20352164469984757,0.42553191489360653,0.0,0.018066847335140857,-0.013094602010895073,5848637.992193359,4638740.84680631,1.2608244748615438,0.0,False,False,falling,falling,sell_advantage_accelerating,accelerating,neutral,False,False,False,pass,S0,🌱 초발사 준비,발사 구조 관찰 또는 초기 준비,S0,False,,,2026-09-03T14:00:00Z,33765068330-1
KRW-ALGO,2026-09-03T23:17:54.803607+09:00,1788445074,128.0,-2.5575252627873635,11.0,3932964.1184896007,0.0,,10,0.0,complete,1788444424317,1788445119806,5480045.66744698,6333834.59562707,-0.07226998320346345,128.0,130.0,1.5625,0.0,1.5384615384615385,100.0,complete_hourly_ordered,/v1/candles/minutes/60,120,False,12.06896551724137,116.0,2026-08-31T08:00:00,130.0,2026-09-03T09:00:00,D0,1.538461538461533,14.285714285714231,False,0.8073196986006392,9.41297382262258,10.750973097535928,False,,-85.19587218366314,-100.0,0.047305516751883214,0.0,0.0,0.0,0.0,0.0,,-21.056542194679718,-100.0,0.3683167072552451,0.7874015748031482,0.0,0.0,0.0,0.0,,21995.30403645843,-100.0,3.3830233471773834,0.0,0.0,0.053821313240032254,-0.042890748115032906,-0.15584680572642462,,21995.30403645843,-100.0,3.3830233471773834,0.0,0.0,0.053821313240032254,-0.042890748115032906,-0.15584680572642462,,21995.30403645843,-100.0,3.3830233471773834,0.0,0.0,0.053821313240032254,-0.042890748115032906,-0.15584680572642462,,21995.30403645843,-100.0,3.3830233471773834,0.0,0.0,0.053821313240032254,-0.042890748115032906,-0.15584680572642462,,-22633708.14537344,-68682.95128,0.047305516751883214,0.0,0.0,0.0,0.0,3932964.1184896007,6435260.179241611,0.6111585248994699,0.0,False,True,falling,falling,buy_only,accelerating,neutral,False,False,False,pass,S0,🌱 초발사 준비,발사 구조 관찰 또는 초기 준비,S1,True,발사 구조 관찰 또는 초기 준비,2026-09-03T23:17:54.803607+09:00,2026-09-03T14:00:00Z,33765068330-1
KRW-ALT,2026-09-03T23:17:54.803607+09:00,1788445074,8.42,-15.27405324353337,9.0,742732.489579104,483340.47393907123,1.5366652072938778,4,0.0,complete,1788444569493,1788444570641,7583854.44013815,7060899.14350938,0.035709395425588264,8.37,8.54,2.0310633213858953,0.5973715651135025,1.4051522248243469,70.58823529411745,complete_hourly_ordered,/v1/candles/minutes/60,120,False,5.415162454873634,8.31,2026-08-31T08:00:00,8.76,2026-08-31T16:00:00,D-3,3.8812785388127824,75.5555555555557,False,0.03817376698733721,7.273965695684096,,False,1.5366652072938778,,-19.443254343482707,0.21796613673271636,0.11890606420927874,0.0,0.022904260192402326,-0.018769876305583466,,1.3434002729111203,-61.063886781429446,-95.10304174872391,0.7750085642295055,0.35756853396899935,0.0,0.0,0.0,,1.1544215157295692,98.06199722112818,-50.732307455748106,1.6426629107771156,-0.35502958579880506,0.0,-0.04580852038478245,0.03753676412101292,,1.1544215157295692,98.06199722112818,-50.732307455748106,1.6426629107771156,-0.35502958579880506,0.0,-0.04580852038478245,0.03753676412101292,,1.1544215157295692,98.06199722112818,-50.732307455748106,1.6426629107771156,-0.35502958579880506,0.0,-0.04580852038478245,0.03753676412101292,,1.1544215157295692,98.06199722112818,-50.732307455748106,1.6426629107771156,-0.35502958579880506,0.0,-0.04580852038478245,0.03753676412101292,,1.5366652072938778,742732.489579104,-116659.52606088837,0.21796613673271636,0.11890606420927874,0.0,0.022904260192402326,-0.018769876305583466,1226072.9635181753,1773008.7646480445,0.6915210956453224,-0.35502958579880506,False,False,rising,falling,buy_advantage_accelerating,accelerating,leading_buy_inflow,False,False,False,pass,S0,🌱 초발사 준비,발사 구조 관찰 또는 초기 준비,S0,False,,,2026-09-03T14:00:00Z,33765068330-1
KRW-ANIME,2026-09-03T23:17:54.803607+09:00,1788445074,3.74,2666.9208278196725,10.0,6127265.821834724,2195804.76160254,2.7904419960192315,22,0.0,complete,1788444466332,1788445223213,34605274.96733628,22427189.9176649,0.213528997461831,3.8,3.85,1.3157894736842257,-1.5789473684210464,2.857142857142854,219.99999999999815,complete_hourly_ordered,/v1/candles/minutes/60,120,False,24.861878453038667,3.62,2026-08-30T10:00:00,4.52,2026-08-31T09:00:00,D-3,17.035398230088482,85.55555555555553,False,0.514184397163131,16.796007852202475,,False,-16.516730756276008,544.923813384454,4362.252035643766,0.7442157873842916,0.0,0.0,0.0,0.0,,2.762473244686358,1416.4704441513409,-84.80033456469347,1.6923907034433796,0.2680965147453085,0.0,0.017730496453904898,-0.013150772536071997,,1.8729071913481352,-38.871701329124754,-79.9001944276675,4.673084869025843,-0.2666666666666595,0.0,-0.017730496453904898,0.013150290009772192,,1.8729071913481352,-38.871701329124754,-79.9001944276675,4.673084869025843,-0.2666666666666595,0.0,-0.017730496453904898,0.013150290009772192,,1.8729071913481352,-38.871701329124754,-79.9001944276675,4.673084869025843,-0.2666666666666595,0.0,-0.017730496453904898,0.013150290009772192,,1.8729071913481352,-38.871701329124754,-79.9001944276675,4.673084869025843,-0.2666666666666595,0.0,-0.017730496453904898,0.013150290009772192,,-16.516730756276008,5177189.906715411,2146596.318330784,0.7442157873842916,0.0,0.0,0.0,0.0,8323070.583437264,3862097.2194200326,2.155065010167489,-0.2666666666666595,False,True,rising,rising,buy_advantage_weakening,accelerating,neutral,True,True,False,🔴 1차 급등 완료·상승분 반납 / 신규매수 금지,S3,🔴 1차 급등 완료·반납,당일/5D 급등 후 상승분 상당 부분 반납,S3,False,,,2026-09-03T14:00:00Z,33765068330-1
KRW-ANKR,2026-09-03T23:17:54.803607+09:00,1788445074,5.79,4697.367750191422,15.0,26832516.76120546,36102142.29117812,0.7432389065665564,137,0.0,complete,1788444188811,1788445138854,68084947.79792517,38086248.49581406,0.28255026174062325,5.49,7.06,28.5974499089253,5.464480874316946,17.98866855524079,80.89171974522289,complete_hourly_ordered,/v1/candles/minutes/60,120,False,32.706766917293216,5.32,2026-09-02T10:00:00,7.06,2026-09-03T09:00:00,D0,17.988668555240782,72.98850574712641,False,1.2756040721207063,3.8696063450483718,3.363033236736875,False,0.6073508868646021,123.71594396589481,-59.09751718768976,12.67376913265889,0.17301038062282892,0.0,0.012265423770396744,-0.010243467216955349,-0.014916918697770676,-0.2777086848466047,-59.900082024722465,-44.916884314022674,25.421824422712234,-0.6861063464837058,0.0,-0.03679627131114582,0.03072861286756723,0.044431162336272756,0.14067684365814948,-77.91096680623252,-82.09187746861188,285.3571787958326,0.17301038062282892,0.0,0.0,0.0,0.0,0.14067684365814948,-77.91096680623252,-82.09187746861188,285.3571787958326,0.17301038062282892,0.0,0.0,0.0,0.0,0.14067684365814948,-77.91096680623252,-82.09187746861188,285.3571787958326,0.17301038062282892,0.0,0.0,0.0,0.0,0.14067684365814948,-77.91096680623252,-82.09187746861188,285.3571787958326,0.17301038062282892,0.0,0.0,0.0,0.0,0.6073508868646021,14838504.941781431,-52161796.249766946,12.67376913265889,0.17301038062282892,0.0,0.012265423770396744,-0.010243467216955349,62934659.05238359,282832650.2250451,0.22251553702271487,0.17301038062282892,False,True,rising,falling,sell_advantage_weakening,accelerating,leading_buy_inflow,True,True,False,🔴 1차 급등 완료·상승분 반납 / 신규매수 금지,S3,🔴 1차 급등 완료·반납,당일/5D 급등 후 상승분 상당 부분 반납,S3,False,,,2026-09-03T14:00:00Z,33765068330-1
KRW-API3,2026-09-03T23:17:54.803607+09:00,1788445074,308.0,-6.475869447289728,10.0,464172.0,0.0,,5,0.0,complete,1788444416736,1788445225225,402042.64202978,254753.41915234,0.2242541202399185,304.0,308.0,1.3157894736842035,1.3157894736842035,0.0,0.0,complete_hourly_ordered,/v1/candles/minutes/60,120,False,13.14878892733564,289.0,2026-08-31T18:00:00,327.0,2026-09-01T18:00:00,D-2,5.810397553516822,50.00000000000008,True,0.599700149925031,14.753057011275208,13.960900704285047,True,,,,0.00980964164881648,0.6535947712418277,0.0,0.021417862497319362,-0.016215641748976495,-0.05836996234539704,,,,0.00980964164881648,0.6535947712418277,0.0,0.021417862497319362,-0.016215641748976495,-0.05836996234539704,,,,1.6619791824716295,0.9836065573770592,0.0,0.042835724994638724,-0.03243201928494699,-0.11710308420929039,,,,1.6619791824716295,0.9836065573770592,0.0,0.042835724994638724,-0.03243201928494699,-0.11710308420929039,,,,1.6619791824716295,0.9836065573770592,0.0,0.042835724994638724,-0.03243201928494699,-0.11710308420929039,,,,1.6619791824716295,0.9836065573770592,0.0,0.042835724994638724,-0.03243201928494699,-0.11710308420929039,,464172.0,0.0,0.00980964164881648,0.6535947712418277,0.0,0.021417862497319362,-0.016215641748976495,464172.0,265166.84836034995,1.7504903153248286,0.9836065573770592,False,False,rising,flat_or_na,buy_only,accelerating,neutral,False,False,False,pass,S1,⚡ 선행 시동,가격 미급등 상태에서 선행조건 5개 개선,S0,True,가격 미급등 상태에서 선행조건 5개 개선,2026-09-03T23:17:54.803607+09:00,2026-09-03T14:00:00Z,33765068330-1
KRW-APT,2026-09-03T23:17:54.803607+09:00,1788445074,834.0,23.511738003861016,7.0,1504922.7211123698,10576748.582248291,0.14228595011118905,22,0.0,complete,1788444360614,1788445215463,180654.18613257,105034.85729519,0.26469103585521747,806.0,863.0,7.071960297766755,3.473945409429291,3.360370799536501,50.87719298245603,complete_hourly_ordered,/v1/candles/minutes/60,120,False,21.89265536723164,708.0,2026-08-31T08:00:00,863.0,2026-09-03T16:00:00,D0,3.244495944380066,18.064516129032246,True,0.4947174241153762,21.401460811397932,,False,-0.35558071831159516,-91.35659994395515,-69.75624939506969,0.27204683500550075,0.6031363088057962,0.0,0.016770082173400702,-0.011827707682279254,,-0.4563786653782921,-73.4954986013218,11.517034016223171,0.5865882073188047,0.6031363088057962,0.0,0.008385041086711453,-0.005913805361370095,,-0.2828453071547977,-94.53944517795922,-83.6845975653257,2.4790624754333237,1.5834348355663774,1.0,0.10062049304040421,-0.07097206419132718,,-0.2828453071547977,-94.53944517795922,-83.6845975653257,2.4790624754333237,1.5834348355663774,1.0,0.10062049304040421,-0.07097206419132718,,-0.2828453071547977,-94.53944517795922,-83.6845975653257,2.4790624754333237,1.5834348355663774,1.0,0.10062049304040421,-0.07097206419132718,,-0.2828453071547977,-94.53944517795922,-83.6845975653257,2.4790624754333237,1.5834348355663774,1.0,0.10062049304040421,-0.07097206419132718,,-0.35558071831159516,-15906312.572340067,-24394934.395867772,0.27204683500550075,0.6031363088057962,0.0,0.016770082173400702,-0.011827707682279254,12081671.303360661,70268665.82954632,0.1719354019424203,1.5834348355663774,False,False,falling,falling,sell_advantage_accelerating,accelerating,neutral,False,False,False,pass,S0,🌱 초발사 준비,발사 구조 관찰 또는 초기 준비,S0,False,,,2026-09-03T14:00:00Z,33765068330-1
KRW-ARB,2026-09-03T23:17:54.803607+09:00,1788445074,183.0,287.62136027293644,8.0,86710060.21593428,188035868.81213805,0.46113574374772154,157,0.0,complete,1788444183602,1788445285072,3158951.04274667,5130258.73313383,-0.23781611802408062,171.0,193.0,12.865497076023402,7.017543859649122,5.181347150259067,45.4545454545455,complete_hourly_ordered,/v1/candles/minutes/60,120,False,66.37931034482759,116.0,2026-08-31T08:00:00,193.0,2026-09-03T18:00:00,D0,4.145077720207258,10.389610389610386,False,2.928039702233254,-2.4830142063002025,,False,-0.44675994916722767,-4.294227315829491,88.42794119770491,2.0920100602501748,0.0,0.0,0.0,0.0,,0.300566743254798,585.7708230408108,138.78768262022544,3.686694973208489,0.0,0.0,-0.09925558312653404,0.08615575417410737,,-0.15273413619385628,194.56568102516317,292.12965313908063,10.401038243376092,-1.6129032258064502,0.0,-0.14888337468981216,0.1292256504280176,,-0.15273413619385628,194.56568102516317,292.12965313908063,10.401038243376092,-1.6129032258064502,0.0,-0.14888337468981216,0.1292256504280176,,-0.15273413619385628,194.56568102516317,292.12965313908063,10.401038243376092,-1.6129032258064502,0.0,-0.14888337468981216,0.1292256504280176,,-0.15273413619385628,194.56568102516317,292.12965313908063,10.401038243376092,-1.6129032258064502,0.0,-0.14888337468981216,0.1292256504280176,,-0.44675994916722767,-3890598.2230063677,88243944.31467485,2.0920100602501748,0.0,0.0,0.0,0.0,274745929.02807236,202066703.61269087,1.359679373770993,-1.6129032258064502,False,False,falling,rising,sell_advantage_accelerating,accelerating,neutral,False,False,False,pass,S0,🌱 초발사 준비,발사 구조 관찰 또는 초기 준비,S0,False,,,2026-09-03T14:00:00Z,33765068330-1
KRW-ARDR,2026-09-03T23:17:54.803607+09:00,1788445074,29.8,48.89104017072516,9.0,1509546.782916642,13343486.633931091,0.11312986060764826,44,0.0,complete,1788444276723,1788445289321,5013910.75824534,6293139.71145225,-0.11313551280550037,30.1,30.2,0.33222591362125353,-0.9966777408637939,1.3245033112582734,400.00000000001006,complete_hourly_ordered,/v1/candles/minutes/60,120,False,25.830258302583033,27.1,2026-08-31T19:00:00,34.1,2026-09-02T13:00:00,D-1,14.076246334310849,68.57142857142857,False,0.9503940658321719,25.477529892408718,,False,-0.15959526822319128,-37.05325922433418,51.74736267963116,0.19382737766264313,0.33670033670034627,0.0,0.023180343069073572,-0.015518235933530633,,-1.984866325294013,-60.49879017696151,632.5509560614913,0.3965162611981441,0.0,0.0,0.0,0.0,,-3.2893818063271043,-22.148319515626703,2241.4795149199404,1.0272081206726043,0.0,0.0,0.0,0.0,,-3.2893818063271043,-22.148319515626703,2241.4795149199404,1.0272081206726043,0.0,0.0,0.0,0.0,,-3.2893818063271043,-22.148319515626703,2241.4795149199404,1.0272081206726043,0.0,0.0,0.0,0.0,,-3.2893818063271043,-22.148319515626703,2241.4795149199404,1.0272081206726043,0.0,0.0,0.0,0.0,,-0.15959526822319128,-888586.5665072382,4550261.896245308,0.19382737766264313,0.33670033670034627,0.0,0.023180343069073572,-0.015518235933530633,14853033.416847734,2751275.934077481,5.398598240502563,0.0,False,False,falling,rising,sell_advantage_accelerating,accelerating,neutral,True,True,False,🔴 1차 급등 완료·상승분 반납 / 신규매수 금지,S3,🔴 1차 급등 완료·반납,당일/5D 급등 후 상승분 상당 부분 반납,S3,False,,,2026-09-03T14:00:00Z,33765068330-1
KRW-ARK,2026-09-03T23:17:54.803607+09:00,1788445074,155.0,-35.787669450302204,12.0,8352111.671436099,1716040.87137868,4.86708202044509,14,0.0,complete,1788444317837,1788445218439,1409728.07740568,2034441.87278626,-0.1813829759898362,152.0,169.0,11.184210526315796,1.9736842105263053,8.284023668639055,82.35294117647068,complete_hourly_ordered,/v1/candles/minutes/60,120,False,13.422818791946312,149.0,2026-08-31T08:00:00,169.0,2026-09-03T14:00:00,D0,8.284023668639051,70.00000000000006,False,1.2992831541218441,14.144674387696988,9.494270220144916,False,4.495065969462748,670.8790018068626,-41.07776264449038,0.04924417892043209,0.0,0.0,0.044802867383508804,-0.03389873614599814,-0.06626120998643081,4.758913829512859,4162.911866157561,-5.259154719641435,0.10036235702191476,0.0,0.0,0.0,0.0,0.0,4.610868498134035,115.52980956566054,-88.65405361161372,1.0242776859030087,-0.6410256410256387,0.0,-0.04480286738353101,0.033895518267978986,0.06565466205630344,4.610868498134035,115.52980956566054,-88.65405361161372,1.0242776859030087,-0.6410256410256387,0.0,-0.04480286738353101,0.033895518267978986,0.06565466205630344,4.610868498134035,115.52980956566054,-88.65405361161372,1.0242776859030087,-0.6410256410256387,0.0,-0.04480286738353101,0.033895518267978986,0.06565466205630344,4.610868498134035,115.52980956566054,-88.65405361161372,1.0242776859030087,-0.6410256410256387,0.0,-0.04480286738353101,0.033895518267978986,0.06565466205630344,4.495065969462748,7268658.67143745,-1196341.5302346197,0.04924417892043209,0.0,0.0,0.044802867383508804,-0.03389873614599814,10068152.54281478,25880077.65434879,0.38903100204272245,-0.6410256410256387,False,True,rising,falling,buy_advantage_accelerating,accelerating,leading_buy_inflow,False,False,False,pass,S1,⚡ 선행 시동,가격 미급등 상태에서 선행조건 6개 개선,S1,False,,,2026-09-03T14:00:00Z,33765068330-1
KRW-ARKM,2026-09-03T23:17:54.803607+09:00,1788445074,148.0,29.13936061047897,11.0,631715.8184170199,21050150.15253572,0.030010038590671185,14,0.0,complete,1788444688287,1788445050408,444430.58584168,1552906.22979531,-0.5549768247776053,147.0,152.0,3.401360544217691,0.6802721088435382,2.631578947368421,80.0,complete_hourly_ordered,/v1/candles/minutes/60,120,False,5.47945205479452,146.0,2026-08-31T08:00:00,154.0,2026-08-31T14:00:00,D-3,3.8961038961038974,74.9999999999999,False,0.9354120267260679,11.250367179085483,10.658640106033534,True,0.026006406412496155,1048.3654216010939,53.203160346980624,0.00506641554212095,-1.3333333333333308,0.0,-0.04454342984407944,0.03481912993484748,0.10263161980119762,0.030010038590671185,,105530.61205444767,1.6998163346957362,-0.6711409395973145,0.0,-0.04454342984407944,0.03481912993484748,0.10263161980119762,-0.9789854635776623,10334.731325353801,350735.8358755954,2.5251622345625186,-1.9867549668874163,-1.0,-0.08908685968818109,0.06963485090847144,0.2039167879813295,-0.9789854635776623,10334.731325353801,350735.8358755954,2.5251622345625186,-1.9867549668874163,-1.0,-0.08908685968818109,0.06963485090847144,0.2039167879813295,-0.9789854635776623,10334.731325353801,350735.8358755954,2.5251622345625186,-1.9867549668874163,-1.0,-0.08908685968818109,0.06963485090847144,0.2039167879813295,-0.9789854635776623,10334.731325353801,350735.8358755954,2.5251622345625186,-1.9867549668874163,-1.0,-0.08908685968818109,0.06963485090847144,0.2039167879813295,0.026006406412496155,576705.8184175199,7310126.705982463,0.00506641554212095,-1.3333333333333308,0.0,-0.04454342984407944,0.03481912993484748,21681865.97095274,1952863.773556,11.102600327042728,-1.9867549668874163,False,True,rising,rising,sell_advantage_weakening,accelerating,leading_buy_inflow,False,False,False,pass,S1,⚡ 선행 시동,가격 미급등 상태에서 선행조건 4개 개선,S1,False,,,2026-09-03T14:00:00Z,33765068330-1
KRW-ARX,2026-09-03T23:17:54.803607+09:00,1788445074,174.0,,,2009990.00499612,5645219.440568379,0.35605170466035024,22,0.0,complete,1788444275213,1788445191062,1523146.34569655,1643828.11359379,-0.038106328121219654,174.0,175.0,0.5747126436781658,0.0,0.5714285714285714,100.0,complete_hourly_ordered,/v1/candles/minutes/60,120,False,14.814814814814813,162.0,2026-08-30T00:00:00,186.0,2026-09-01T06:00:00,D-2,6.989247311827961,54.16666666666662,False,,,,True,,23966.836752789983,,,0.0,,,,,0.17140951616962746,314.9538514880258,115.18781193448278,,0.0,,,,,,,,,1.1627906976744207,,,,,,,,,1.1627906976744207,,,,,,,,,1.1627906976744207,,,,,,,,,1.1627906976744207,,,,,,2001638.30499648,5645219.440568379,,0.0,,,,7655209.445564499,3657584.3693308197,2.0929686570606907,1.1627906976744207,False,False,rising,rising,sell_advantage_weakening,flat_or_na,neutral,False,True,False,pass,S0,🌱 초발사 준비,발사 구조 관찰 또는 초기 준비,S0,False,,,2026-09-03T14:00:00Z,33765068330-1
KRW-ASTR,2026-09-03T23:17:54.803607+09:00,1788445074,7.54,-74.79635119557362,10.0,3691097.9408123707,1879722.013016147,1.963640323012307,7,0.0,complete,1788445316929,1788445317048,10323729.36820999,6226771.32269147,0.24754284610681282,7.49,7.67,2.4032042723631575,0.6675567423231055,1.6949152542372867,72.22222222222197,complete_hourly_ordered,/v1/candles/minutes/60,120,False,4.211956521739135,7.36,2026-09-02T03:00:00,7.67,2026-09-03T09:00:00,D0,1.6949152542372836,41.93548387096794,False,0.919724975444236,12.510523005467139,9.353835836075776,True,1.963640323012307,,109.68900145199285,0.039220761324486375,0.5333333333333412,0.0,0.035717474774532576,-0.027579006319090382,-0.059440932494636556,1.963640323012307,,258.04160620962074,0.039220761324486375,0.5333333333333412,0.0,0.035717474774532576,-0.027579006319090382,-0.059440932494636556,1.963640323012307,,2427.703387036325,0.37307248420570716,0.5333333333333412,0.0,0.035717474774532576,-0.027579006319090382,-0.059440932494636556,1.963640323012307,,2427.703387036325,0.37307248420570716,0.5333333333333412,0.0,0.035717474774532576,-0.027579006319090382,-0.059440932494636556,1.963640323012307,,2427.703387036325,0.37307248420570716,0.5333333333333412,0.0,0.035717474774532576,-0.027579006319090382,-0.059440932494636556,1.963640323012307,,2427.703387036325,0.37307248420570716,0.5333333333333412,0.0,0.035717474774532576,-0.027579006319090382,-0.059440932494636556,1.963640323012307,3691097.9408123707,983288.7237162793,0.039220761324486375,0.5333333333333412,0.0,0.035717474774532576,-0.027579006319090382,5570819.953828517,318036.32384910097,17.516300925650587,0.5333333333333412,False,True,rising,rising,buy_advantage_accelerating,accelerating,neutral,False,False,False,pass,S1,⚡ 선행 시동,가격 미급등 상태에서 선행조건 6개 개선,S0,True,가격 미급등 상태에서 선행조건 6개 개선,2026-09-03T23:17:54.803607+09:00,2026-09-03T14:00:00Z,33765068330-1
KRW-ATH,2026-09-03T23:17:54.803607+09:00,1788445074,6.43,-21.23530192382288,11.0,4277274.091164737,3685067.5492854114,1.1607043925135547,39,0.0,complete,1788444667576,1788445333119,15926222.10891382,3511153.26780269,0.6387214631859606,6.37,6.49,1.883830455259039,0.9419152276294973,0.924499229583983,50.00000000000118,complete_hourly_ordered,/v1/candles/minutes/60,120,False,12.836767036450091,6.31,2026-08-31T09:00:00,7.12,2026-08-31T14:00:00,D-3,9.41011235955056,82.71604938271602,True,0.8668162349581676,6.638034783019092,5.247818159580658,True,-0.00041354028604967397,-54.86186510677919,-54.84578311610534,0.13589457223608292,0.15576323987538387,0.0,0.0,0.0,0.0,1.0582162762564742,409.92654895491586,-54.97440022718534,0.6088085794929121,0.46874999999999556,0.0,-0.010197838058356723,0.008337420031666376,0.013491499017370678,-6.687992277536136,-68.79753985724139,110.99140022162679,1.299338826640838,0.15576323987538387,0.0,0.0,0.0,0.0,-6.687992277536136,-68.79753985724139,110.99140022162679,1.299338826640838,0.15576323987538387,0.0,0.0,0.0,0.0,-6.687992277536136,-68.79753985724139,110.99140022162679,1.299338826640838,0.15576323987538387,0.0,0.0,0.0,0.0,-6.687992277536136,-68.79753985724139,110.99140022162679,1.299338826640838,0.15576323987538387,0.0,0.0,0.0,0.0,-0.00041354028604967397,-5198691.4118032,-4476003.118291108,0.13589457223608292,0.15576323987538387,0.0,0.0,0.0,7962341.640450148,2720141.641840728,2.9271790549340686,0.15576323987538387,False,True,falling,falling,buy_advantage_weakening,accelerating,neutral,False,False,False,pass,S1,⚡ 선행 시동,가격 미급등 상태에서 선행조건 3개 개선,S1,False,,,2026-09-03T14:00:00Z,33765068330-1
KRW-ATOM,2026-09-03T23:17:54.803607+09:00,1788445074,2073.0,-31.13983029958075,8.0,5090793.63908768,1546185.9245915003,3.2924847899082117,21,0.0,complete,1788444178061,1788445180734,17956.89767355,34379.16577699,-0.31378493185601936,2005.0,2095.0,4.488778054862852,3.3915211970074743,1.0501193317422435,24.444444444444752,complete_hourly_ordered,/v1/candles/minutes/60,120,False,5.9686393525543835,1977.0,2026-09-02T21:00:00,2095.0,2026-09-03T21:00:00,D0,1.0501193317422386,18.644067796610372,False,0.060505700273849605,14.141769505859534,,True,0.8880392625830149,143.30655964408297,77.682633765912,0.40547980565632713,0.0,0.0,-0.003184510540754637,0.002439242036489375,,0.8245804738229201,15.03249311403183,-13.776614210544302,0.5620260114420859,-0.04821600771456325,0.0,-0.019107063244394595,0.01463520227693671,,3.0202705630330247,385.84796697953954,-59.83133191211989,2.628502479728702,0.6799417192812074,0.0,0.04458314757018744,-0.03415113822412508,,3.0202705630330247,385.84796697953954,-59.83133191211989,2.628502479728702,0.6799417192812074,0.0,0.04458314757018744,-0.03415113822412508,,3.0202705630330247,385.84796697953954,-59.83133191211989,2.628502479728702,0.6799417192812074,0.0,0.04458314757018744,-0.03415113822412508,,3.0202705630330247,385.84796697953954,-59.83133191211989,2.628502479728702,0.6799417192812074,0.0,0.04458314757018744,-0.03415113822412508,,0.8880392625830149,2998456.44664426,675990.6264800804,0.40547980565632713,0.0,0.0,-0.003184510540754637,0.002439242036489375,6636979.56367918,4823100.4495427,1.3760815544093554,0.6799417192812074,False,False,rising,rising,buy_advantage_accelerating,accelerating,leading_buy_inflow,False,False,False,pass,S0,🌱 초발사 준비,발사 구조 관찰 또는 초기 준비,S0,False,,,2026-09-03T14:00:00Z,33765068330-1
KRW-AUCTION,2026-09-03T23:17:54.803607+09:00,1788445074,4576.0,7281.998554551235,12.0,10794490.54327763,692105.17896198,15.596604203232834,56,0.0,complete,1788444175735,1788445384257,20637.27629612,13093.53690935,0.2236453458983509,4478.0,4585.0,2.389459580169717,2.188476998660116,0.19629225736095968,8.411214953270976,complete_hourly_ordered,/v1/candles/minutes/60,120,False,36.779505946935046,4372.0,2026-08-30T04:00:00,5980.0,2026-08-31T04:00:00,D-3,23.227424749163884,86.38059701492539,False,0.9516102444214525,15.586868873566386,14.185386517156497,True,15.499881654603207,4211.587531266029,-73.26163251758823,1.4362438341095185,0.9263343625937281,0.0,0.050952359543821046,-0.038111545865044505,-0.13401783091156183,12.281186183104644,344.9642404280745,-5.412585854932117,1.7751094350833228,0.5272407732864748,0.0,0.02397758096179814,-0.017934339435999647,-0.06283306384674248,11.821572997839287,72.52131729710649,-58.242618206777095,4.218946052676074,1.6662963785825324,0.0,0.10789911432809163,-0.08071160736100147,-0.28605289104150344,11.821572997839287,72.52131729710649,-58.242618206777095,4.218946052676074,1.6662963785825324,0.0,0.10789911432809163,-0.08071160736100147,-0.28605289104150344,11.821572997839287,72.52131729710649,-58.242618206777095,4.218946052676074,1.6662963785825324,0.0,0.10789911432809163,-0.08071160736100147,-0.28605289104150344,11.821572997839287,72.52131729710649,-58.242618206777095,4.218946052676074,1.6662963785825324,0.0,0.10789911432809163,-0.08071160736100147,-0.28605289104150344,15.499881654603207,10544130.54327763,-1896329.5091962996,1.4362438341095185,0.9263343625937281,0.0,0.050952359543821046,-0.038111545865044505,11486595.72223961,3014726.397764635,3.8101619207489983,1.6662963785825324,False,True,rising,falling,buy_advantage_accelerating,accelerating,neutral,True,True,True,⚡ 2차 시동/재점화,S4,⚡ 2차 시동·재점화,Higher Low·BID 증가·ASK 감소·ratio 및 거래대금 재가속 확인,S3,True,Higher Low·BID 증가·ASK 감소·ratio 및 거래대금 재가속 확인,2026-09-03T23:17:54.803607+09:00,2026-09-03T14:00:00Z,33765068330-1
KRW-AVAX,2026-09-03T23:17:54.803607+09:00,1788445074,10100.0,-13.053336194196962,12.0,28346064.815147202,33590062.80075889,0.8438824596215637,87,0.0,complete,1788444294074,1788445348201,21103.06641447,19323.90962997,0.04400914831087619,9910.0,10100.0,1.9172552976791213,1.9172552976791213,0.0,0.0,complete_hourly_ordered,/v1/candles/minutes/60,120,False,4.496124031007742,9675.0,2026-09-02T19:00:00,10110.0,2026-09-03T23:00:00,D0,0.0,0.0,False,0.4926755567233876,4.584294891785692,5.278664849545871,False,0.0510535020170636,-62.96238390522765,-65.20309881337926,0.5643152192860938,0.4975124378109541,0.0,0.00656900742297406,-0.005493277834546895,-0.013019657731060619,0.5322986712226789,112.85358620662645,-21.408809949325125,1.60450461920213,1.0000000000000009,0.0,0.03941404453788877,-0.03296095190436965,-0.07861893554462984,0.2242757792393537,312.9377111618927,203.1926561578106,3.0431986079454205,0.7984031936127733,0.0,0.03941404453788877,-0.03296095190436965,-0.07861893554462984,0.2242757792393537,312.9377111618927,203.1926561578106,3.0431986079454205,0.7984031936127733,0.0,0.03941404453788877,-0.03296095190436965,-0.07861893554462984,0.2242757792393537,312.9377111618927,203.1926561578106,3.0431986079454205,0.7984031936127733,0.0,0.03941404453788877,-0.03296095190436965,-0.07861893554462984,0.2242757792393537,312.9377111618927,203.1926561578106,3.0431986079454205,0.7984031936127733,0.0,0.03941404453788877,-0.03296095190436965,-0.07861893554462984,0.0510535020170636,-48187113.623267695,-62941701.96935841,0.5643152192860938,0.4975124378109541,0.0,0.00656900742297406,-0.005493277834546895,61936127.61590609,19805290.131587848,3.1272517193334592,0.7984031936127733,False,True,falling,falling,sell_advantage_weakening,accelerating,neutral,False,False,False,pass,S1,⚡ 선행 시동,가격 미급등 상태에서 선행조건 5개 개선,S1,False,,,2026-09-03T14:00:00Z,33765068330-1
KRW-AVNT,2026-09-03T23:17:54.803607+09:00,1788445074,141.0,-12.514624095335803,9.0,31921006.29999903,0.0,,11,0.0,complete,1788444268891,1788444834497,1345570.00941007,4953184.45269974,-0.5727504485198293,140.0,143.0,2.1428571428571352,0.7142857142857117,1.3986013986013985,66.66666666666666,complete_hourly_ordered,/v1/candles/minutes/60,120,False,11.45038167938932,131.0,2026-08-31T08:00:00,146.0,2026-09-02T09:00:00,D-1,3.424657534246578,33.33333333333346,False,0.8133971291865993,11.776405317701245,,True,,876.2225150096807,-100.0,0.7690833818104874,0.0,0.0,0.0,0.0,,,6.687513537953227,-100.0,1.2668582923713085,0.0,0.0,0.0,0.0,,,25358.190148819667,,2.46630009233224,-0.7042253521126751,0.0,-0.04784688995214115,0.037252127770855736,,,25358.190148819667,,2.46630009233224,-0.7042253521126751,0.0,-0.04784688995214115,0.037252127770855736,,,25358.190148819667,,2.46630009233224,-0.7042253521126751,0.0,-0.04784688995214115,0.037252127770855736,,,25358.190148819667,,2.46630009233224,-0.7042253521126751,0.0,-0.04784688995214115,0.037252127770855736,,,28651156.874360397,-61040.0,0.7690833818104874,0.0,0.0,0.0,0.0,31921006.29999903,2965511.29299982,10.764081855074886,-0.7042253521126751,False,False,rising,falling,buy_only,accelerating,neutral,False,False,False,pass,S0,🌱 초발사 준비,발사 구조 관찰 또는 초기 준비,S0,False,,,2026-09-03T14:00:00Z,33765068330-1
KRW-AWE,2026-09-03T23:17:54.803607+09:00,1788445074,84.7,-24.436222935096197,5.0,59548.999999798994,0.0,,1,0.0,complete,1788445191195,1788445191195,1577824.41836352,1133502.53988979,0.163876170345745,84.8,85.5,0.8254716981132004,-0.1179245283018826,0.9356725146198798,114.28571428571391,complete_hourly_ordered,/v1/candles/minutes/60,120,False,4.750593824228022,84.2,2026-08-31T08:00:00,88.2,2026-08-31T19:00:00,D-3,3.5147392290249546,77.50000000000013,False,-0.06126043341757592,-4.055252693369478,,True,,-92.90728697684398,-100.0,0.01927965023505962,0.0,0.0,0.0,0.0,,,-85.615362721814,-100.0,0.18115234465171426,0.0,0.0,-0.022972662531595134,0.020807181857244395,,,-98.7921921031587,,0.9844568872187871,-0.9356725146198785,0.0,-0.06126043341757592,0.055483053588577746,,,-98.7921921031587,,0.9844568872187871,-0.9356725146198785,0.0,-0.06126043341757592,0.055483053588577746,,,-98.7921921031587,,0.9844568872187871,-0.9356725146198785,0.0,-0.06126043341757592,0.055483053588577746,,,-98.7921921031587,,0.9844568872187871,-0.9356725146198785,0.0,-0.06126043341757592,0.055483053588577746,,,-780030.9999999991,-1188292.3162752371,0.01927965023505962,0.0,0.0,0.0,0.0,59548.999999798994,4592779.471666783,0.012965786919916676,-0.9356725146198785,False,False,falling,falling,buy_only,accelerating,neutral,False,False,False,pass,S0,🌱 초발사 준비,발사 구조 관찰 또는 초기 준비,S0,False,,,2026-09-03T14:00:00Z,33765068330-1
KRW-AXL,2026-09-03T23:17:54.803607+09:00,1788445074,58.4,7725.824044089348,13.0,1065216.0,2110478.8271521,0.5047271672644129,12,0.0,complete,1788444274576,1788444941075,1189093.76705558,1721717.67932729,-0.18298124838473379,58.5,59.0,0.8547008547008517,-0.17094017094017033,1.0169491525423753,120.0,complete_hourly_ordered,/v1/candles/minutes/60,120,False,34.67153284671534,54.8,2026-08-31T08:00:00,73.8,2026-08-31T20:00:00,D-3,20.867208672086722,81.05263157894737,False,0.714118473425418,14.122432681989466,10.176064524478983,True,-0.7392570222986277,-68.75398774884901,-22.988997327020854,0.34668750906712376,0.5163511187607606,0.0,0.011706860220073168,-0.008910825079315288,-0.01951351372692578,,-49.77730337493471,,1.705295895859308,0.17152658662091813,0.0,-0.011706860220095372,0.008910602706187376,0.019462976061490167,,-78.57569005491041,,12.615733866123264,-0.34129692832765013,0.0,-0.04682744088035928,0.03564107666916705,0.07755063395329209,,-78.57569005491041,,12.615733866123264,-0.34129692832765013,0.0,-0.04682744088035928,0.03564107666916705,0.07755063395329209,,-78.57569005491041,,12.615733866123264,-0.34129692832765013,0.0,-0.04682744088035928,0.03564107666916705,0.07755063395329209,,-78.57569005491041,,12.615733866123264,-0.34129692832765013,0.0,-0.04682744088035928,0.03564107666916705,0.07755063395329209,-0.7392570222986277,-2343910.2316546054,-630011.172847087,0.34668750906712376,0.5163511187607606,0.0,0.011706860220073168,-0.008910825079315288,3175694.8271521,3043029.732637375,1.043596384580753,-0.34129692832765013,False,True,falling,falling,sell_advantage_accelerating,accelerating,neutral,True,True,False,🔴 1차 급등 완료·상승분 반납 / 신규매수 금지,S3,🔴 1차 급등 완료·반납,당일/5D 급등 후 상승분 상당 부분 반납,S3,False,,,2026-09-03T14:00:00Z,33765068330-1
KRW-AXS,2026-09-03T23:17:54.803607+09:00,1788445074,1277.0,41.82312718360455,9.0,1700815.9872712598,1004259.50365766,1.6936020830040832,18,0.0,complete,1788444391578,1788445239702,133649.03112243,172697.94563064,-0.12746629629606318,1271.0,1277.0,0.472069236821393,0.472069236821393,0.0,0.0,complete_hourly_ordered,/v1/candles/minutes/60,120,False,11.157368859283935,1201.0,2026-08-31T08:00:00,1335.0,2026-09-01T21:00:00,D-2,4.269662921348316,42.53731343283593,False,0.18946182600236838,11.80825529900949,,False,1.6069834557042542,303.6270323537044,-79.35665063568698,0.06549995383657858,0.472069236821393,0.0,0.015361769675870107,-0.012031714394613147,,1.2886998174023914,-48.747762931170634,-87.74673985431441,0.17095702517760003,0.6304176516942483,0.0,0.020482359567841613,-0.016042376247710877,,-1.032091764972747,-79.8760394089309,-67.61237121135912,1.4537170866005127,0.5511811023622082,0.0,0.015361769675870107,-0.012031714394613147,,-1.032091764972747,-79.8760394089309,-67.61237121135912,1.4537170866005127,0.5511811023622082,0.0,0.015361769675870107,-0.012031714394613147,,-1.032091764972747,-79.8760394089309,-67.61237121135912,1.4537170866005127,0.5511811023622082,0.0,0.015361769675870107,-0.012031714394613147,,-1.032091764972747,-79.8760394089309,-67.61237121135912,1.4537170866005127,0.5511811023622082,0.0,0.015361769675870107,-0.012031714394613147,,1.6069834557042542,1279432.9155396298,-3860549.4279480004,0.06549995383657858,0.472069236821393,0.0,0.015361769675870107,-0.012031714394613147,2705075.49092892,7186858.91306939,0.3763919013367171,0.5511811023622082,False,False,rising,falling,buy_advantage_accelerating,accelerating,leading_buy_inflow,False,False,False,pass,S0,🌱 초발사 준비,발사 구조 관찰 또는 초기 준비,S0,False,,,2026-09-03T14:00:00Z,33765068330-1
KRW-AZTEC,2026-09-03T23:17:54.803607+09:00,1788445074,17.7,-60.626989825357725,4.0,0.0,0.0,,0,0.0,complete,,,4511985.73146236,5174597.2636546,-0.06840508490210266,17.5,18.1,3.4285714285714475,1.1428571428571344,2.209944751381227,66.6666666666671,complete_hourly_ordered,/v1/candles/minutes/60,120,False,5.232558139534893,17.2,2026-09-02T19:00:00,18.1,2026-09-03T22:00:00,D0,2.209944751381232,44.44444444444444,False,-0.20986358866735833,19.327018238371267,,True,,-100.0,-100.0,0.0,0.0,0.0,0.0,0.0,,,-100.0,-100.0,0.27564036656442426,-1.1173184357541888,0.0,-0.06995452955579351,0.05084661187802553,,,-100.0,,3.440146183022847,0.5681818181818121,0.0,0.034977264777902306,-0.0254260018464727,,,-100.0,,3.440146183022847,0.5681818181818121,0.0,0.034977264777902306,-0.0254260018464727,,,-100.0,,3.440146183022847,0.5681818181818121,0.0,0.034977264777902306,-0.0254260018464727,,,-100.0,,3.440146183022847,0.5681818181818121,0.0,0.034977264777902306,-0.0254260018464727,,,-1580082.32,-3742849.83086232,0.0,0.0,0.0,0.0,0.0,0,926408.691340559,0.0,0.5681818181818121,False,False,falling,falling,unavailable,flat_or_na,neutral,False,False,False,pass,S0,🌱 초발사 준비,발사 구조 관찰 또는 초기 준비,S0,False,,,2026-09-03T14:00:00Z,33765068330-1
KRW-B3,2026-09-03T23:17:54.803607+09:00,1788445074,0.63,,,4048111.502834441,418287.9306900932,9.677810918799043,24,0.0,complete,1788444623451,1788445157523,108528198.36628427,81561059.58366603,0.14186566391730865,0.618,0.647,4.692556634304212,1.9417475728155331,2.6275115919629077,58.62068965517248,complete_hourly_ordered,/v1/candles/minutes/60,120,False,6.785137318255252,0.619,2026-08-31T09:00:00,0.661,2026-09-01T09:00:00,D-2,4.841149773071107,76.19047619047625,True,,,,False,9.660453519809593,40340.67435404084,-27.468626319000077,,0.31847133757962887,,,,,-1.3054271374224413,-14.977199765071914,-3.5085864952338675,,0.31847133757962887,,,,,8.619192758074963,12.53387940199766,-87.69035586340308,,0.4784688995215225,,,,,8.619192758074963,12.53387940199766,-87.69035586340308,,0.4784688995215225,,,,,8.619192758074963,12.53387940199766,-87.69035586340308,,0.4784688995215225,,,,,8.619192758074963,12.53387940199766,-87.69035586340308,,0.4784688995215225,,,,,9.660453519809593,4038101.5028344537,-158411.3781217934,,0.31847133757962887,,,,4466399.433524534,2362074.654203979,1.8908798778122085,0.4784688995215225,False,False,rising,falling,buy_advantage_accelerating,flat_or_na,neutral,False,False,False,pass,S0,🌱 초발사 준비,발사 구조 관찰 또는 초기 준비,S0,False,,,2026-09-03T14:00:00Z,33765068330-1
KRW-BABY,2026-09-03T23:17:54.803607+09:00,1788445074,15.5,,,38278.20700162,0.0,,2,0.0,complete,1788444678977,1788444678977,4385958.68114999,3951605.95585102,0.05209587501983139,15.4,15.7,1.9480519480519431,0.6493506493506551,1.2738853503184668,66.66666666666629,complete_hourly_ordered,/v1/candles/minutes/60,120,False,5.3254437869822535,16.9,2026-08-29T21:00:00,17.8,2026-08-31T01:00:00,D-3,12.921348314606739,255.55555555555517,True,,,,True,,-40.09463362422655,-100.0,,0.0,,,,,,,,,-0.6410256410256387,,,,,,-99.17174814283517,-100.0,,0.0,,,,,,-99.17174814283517,-100.0,,0.0,,,,,,-99.17174814283517,-100.0,,0.0,,,,,,-99.17174814283517,-100.0,,0.0,,,,,,-25619.585996604997,-11133991.45967327,,0.0,,,,38278.20700162,408354.1645357,0.0937377657091913,0.0,False,False,falling,falling,buy_only,flat_or_na,neutral,False,False,False,pass,S0,🌱 초발사 준비,발사 구조 관찰 또는 초기 준비,S0,False,,,2026-09-03T14:00:00Z,33765068330-1
KRW-BARD,2026-09-03T23:17:54.803607+09:00,1788445074,165.0,127.49572907921399,10.0,4762680.805171381,15027316.845894055,0.31693487626653044,37,0.0,complete,1788444373431,1788445403165,973070.26196925,1267983.48767118,-0.13159578423732488,166.0,169.0,1.8072289156626509,-0.6024096385542133,2.366863905325444,133.33333333333312,complete_hourly_ordered,/v1/candles/minutes/60,120,False,16.766467065868262,167.0,2026-08-30T06:00:00,195.0,2026-08-31T21:00:00,D-3,14.871794871794874,103.5714285714286,False,0.5629272215520453,26.00591715976332,,True,0.1293000308348822,804.6225685245279,435.56338708629994,0.4476408700407717,-0.6024096385542133,0.0,-0.04020908725375083,0.026848338343999245,,0.22236275761332075,322.74458131231916,26.14531784835359,0.8932184339166866,0.0,0.0,-0.08041817450745725,0.05369469101101387,,-0.6889005051497781,503.3622152744723,1814.8509974093913,3.1339316444903176,-1.19760479041916,0.0,-0.12062726176118588,0.080539058221337,,-0.6889005051497781,503.3622152744723,1814.8509974093913,3.1339316444903176,-1.19760479041916,0.0,-0.12062726176118588,0.080539058221337,,-0.6889005051497781,503.3622152744723,1814.8509974093913,3.1339316444903176,-1.19760479041916,0.0,-0.12062726176118588,0.080539058221337,,-0.6889005051497781,503.3622152744723,1814.8509974093913,3.1339316444903176,-1.19760479041916,0.0,-0.12062726176118588,0.080539058221337,,0.1293000308348822,4236198.162477701,12221427.345558856,0.4476408700407717,-0.6024096385542133,0.0,-0.04020908725375083,0.026848338343999245,19789997.651065435,3332372.1430288805,5.93871176497046,-1.19760479041916,False,False,rising,rising,sell_advantage_weakening,accelerating,leading_buy_inflow,True,True,False,🔴 1차 급등 완료·상승분 반납 / 신규매수 금지,S3,🔴 1차 급등 완료·반납,당일/5D 급등 후 상승분 상당 부분 반납,S3,False,,,2026-09-03T14:00:00Z,33765068330-1
KRW-BAT,2026-09-03T23:17:54.803607+09:00,1788445074,92.9,-30.853040463887282,6.0,0.0,0.0,,0,0.0,complete,,,606853.0478448,235499.85305481,0.44085227746398803,93.1,93.7,0.6444683136412444,-0.21482277121374072,0.8537886872998902,133.3333333333322,complete_hourly_ordered,/v1/candles/minutes/60,120,False,7.759562841530054,91.5,2026-08-31T08:00:00,98.6,2026-09-02T05:00:00,D-1,5.780933062880312,80.28169014084493,True,0.451817860924808,22.725699040791802,,False,,-100.0,-100.0,0.11629257743265242,-0.32188841201716833,0.0,-0.02117896223086113,0.014718265294902722,,,-100.0,,0.12097504055491726,-0.32188841201716833,0.0,-0.007059654076946309,0.0049061550406577226,,,-100.0,-100.0,1.8162282960007303,-0.21482277121374072,0.0,-0.007059654076946309,0.0049061550406577226,,,-100.0,-100.0,1.8162282960007303,-0.21482277121374072,0.0,-0.007059654076946309,0.0049061550406577226,,,-100.0,-100.0,1.8162282960007303,-0.21482277121374072,0.0,-0.007059654076946309,0.0049061550406577226,,,-100.0,-100.0,1.8162282960007303,-0.21482277121374072,0.0,-0.007059654076946309,0.0049061550406577226,,,-10010.729612889,-554640.091293744,0.11629257743265242,-0.32188841201716833,0.0,-0.02117896223086113,0.014718265294902722,0,757125.279426151,0.0,-0.21482277121374072,False,False,falling,falling,unavailable,accelerating,neutral,False,False,False,pass,S0,🌱 초발사 준비,발사 구조 관찰 또는 초기 준비,S0,False,,,2026-09-03T14:00:00Z,33765068330-1
KRW-BCH,2026-09-03T23:17:54.803607+09:00,1788445074,345600.0,-49.15108449168203,12.0,16944418.288212,15453240.733797,1.0964961059044218,48,0.0,complete,1788444175412,1788445036247,646.5545764,365.07397711,0.27824501227585957,336300.0,346400.0,3.0032708890871174,2.7653880463871516,0.23094688221709006,7.920792079207789,complete_hourly_ordered,/v1/candles/minutes/60,120,False,4.9696969696969795,330000.0,2026-09-03T00:00:00,346400.0,2026-09-03T17:00:00,D0,0.2309468822170868,4.878048780487827,True,0.9574085636979479,5.411112957730879,3.4951209089669724,True,0.7343965956996494,-50.498301418067285,-83.65289150202916,0.5164843004728326,0.5528076811172511,0.0,-0.007568447143846413,0.0062525498678986935,0.00685617162168084,0.8954580887015537,-1.424982201824676,-81.92667897572086,1.095381573519326,0.34843205574912606,0.0,-0.018921117859638237,0.01563116684485788,0.017119476657585064,0.424216151038179,15.128603653722417,-29.412742962459127,1.9916642253377574,0.6113537117903967,0.0,-0.00567633535788481,0.0046894227923219844,0.005143177832257262,0.424216151038179,15.128603653722417,-29.412742962459127,1.9916642253377574,0.6113537117903967,0.0,-0.00567633535788481,0.0046894227923219844,0.005143177832257262,0.424216151038179,15.128603653722417,-29.412742962459127,1.9916642253377574,0.6113537117903967,0.0,-0.00567633535788481,0.0046894227923219844,0.005143177832257262,0.424216151038179,15.128603653722417,-29.412742962459127,1.9916642253377574,0.6113537117903967,0.0,-0.00567633535788481,0.0046894227923219844,0.005143177832257262,0.7343965956996494,-17285555.174549997,-79078711.11392702,0.5164843004728326,0.5528076811172511,0.0,-0.007568447143846413,0.0062525498678986935,32397659.022009,19816158.550307,1.6349111731096382,0.6113537117903967,False,True,falling,falling,buy_advantage_accelerating,accelerating,neutral,False,False,False,pass,S2,🚀 발사 진행,가격 상승 초입과 실제 매수수급·구조 동반,S1,True,가격 상승 초입과 실제 매수수급·구조 동반,2026-09-03T23:17:54.803607+09:00,2026-09-03T14:00:00Z,33765068330-1
KRW-BEAM,2026-09-03T23:17:54.803607+09:00,1788445074,2.12,-85.13426377965419,12.0,5898959.768884182,5880.0,1003.2244504905071,9,0.0,complete,1788444178313,1788445060406,78566017.52941765,80959568.18174109,-0.015004180311597577,2.14,2.16,0.9345794392523477,-0.9345794392523366,1.8518518518518534,199.99999999999883,complete_hourly_ordered,/v1/candles/minutes/60,120,False,10.83743842364533,2.03,2026-08-31T11:00:00,2.25,2026-09-03T05:00:00,D0,5.777777777777771,59.09090909090907,True,0.6979695431472255,6.948109058926997,6.6591829158968325,True,,46.634418742080626,,0.012090034984097997,0.4739336492891155,0.0,0.031725888324873885,-0.025907872212362903,-0.058189724555128386,,-51.45496487324763,,0.022643800051014296,0.0,0.0,0.031725888324873885,-0.025907872212362903,-0.058189724555128386,993.2475037077727,-25.501817084500644,-99.25912450997886,0.10335002782930758,0.4739336492891155,0.0,0.0,0.0,0.0,993.2475037077727,-25.501817084500644,-99.25912450997886,0.10335002782930758,0.4739336492891155,0.0,0.0,0.0,0.0,993.2475037077727,-25.501817084500644,-99.25912450997886,0.10335002782930758,0.4739336492891155,0.0,0.0,0.0,0.0,993.2475037077727,-25.501817084500644,-99.25912450997886,0.10335002782930758,0.4739336492891155,0.0,0.0,0.0,0.0,,1876057.2201585467,5880.0,0.012090034984097997,0.4739336492891155,0.0,0.031725888324873885,-0.025907872212362903,5904839.768884182,4798439.065417638,1.2305751283663007,0.4739336492891155,False,True,rising,rising,buy_advantage_weakening,accelerating,neutral,False,False,False,pass,S1,⚡ 선행 시동,가격 미급등 상태에서 선행조건 5개 개선,S0,True,가격 미급등 상태에서 선행조건 5개 개선,2026-09-03T23:17:54.803607+09:00,2026-09-03T14:00:00Z,33765068330-1
KRW-BERA,2026-09-03T23:17:54.803607+09:00,1788445074,248.0,181.40000784948356,10.0,5529493.210279801,2032562.1600116398,2.7204546650854384,23,0.0,complete,1788444282864,1788445431051,994630.61622461,798237.82255781,0.10954110709884272,245.0,253.0,3.2653061224489743,1.2244897959183598,1.9762845849802373,62.50000000000016,complete_hourly_ordered,/v1/candles/minutes/60,120,False,14.601769911504414,226.0,2026-08-31T08:00:00,259.0,2026-09-01T01:00:00,D-2,3.8610038610038644,30.30303030303022,False,0.8712224339776808,28.5972392859724,,True,1.3746101161340414,-24.89536474993528,-62.84475339745901,0.661133440851728,0.4048582995951344,0.0,0.027225701061817098,-0.017552330505559155,,0.796200276083513,-77.34530419246865,-83.97569406370657,0.8678437598714197,0.0,0.0,0.0,0.0,,2.6362636023642874,8677.960812342159,171.65527101055199,6.110589745723473,0.0,0.0,0.0,0.0,,2.6362636023642874,8677.960812342159,171.65527101055199,6.110589745723473,0.0,0.0,0.0,0.0,,2.6362636023642874,8677.960812342159,171.65527101055199,6.110589745723473,0.0,0.0,0.0,0.0,,2.6362636023642874,8677.960812342159,171.65527101055199,6.110589745723473,0.0,0.0,0.0,0.0,,1.3746101161340414,-1832892.8686473789,-3437895.839512539,0.661133440851728,0.4048582995951344,0.0,0.027225701061817098,-0.017552330505559155,7562055.370291441,12682451.786601562,0.5962613142578954,0.0,False,True,falling,falling,buy_advantage_accelerating,accelerating,neutral,False,False,False,pass,S1,⚡ 선행 시동,가격 미급등 상태에서 선행조건 6개 개선,S1,False,,,2026-09-03T14:00:00Z,33765068330-1
KRW-BIGTIME,2026-09-03T23:17:54.803607+09:00,1788445074,9.15,244.60680222935446,11.0,3482703.1035219426,547193.2208700001,6.36466785532299,15,0.0,complete,1788444502185,1788445408395,14366923.43840473,8763681.33988735,0.24224364871669868,8.95,9.48,5.921787709497228,2.2346368715083997,3.4810126582278484,62.264150943396025,complete_hourly_ordered,/v1/candles/minutes/60,120,False,9.921082299887264,8.87,2026-08-30T04:00:00,9.75,2026-08-30T23:00:00,D-4,5.9487179487179525,65.90909090909078,True,1.2175633513431094,26.93313923546498,,True,1.0617739183918768,55.33392819216856,29.420633524660488,0.07747948670061078,0.660066006600668,0.0,0.015219541891764443,-0.009983356875814309,,4.688536276560042,-66.83293187758117,-91.26547189599621,0.20173429111281393,0.9933774834437026,0.0,0.03804885472946662,-0.0249589063503457,,4.183501150162696,-69.31665923396952,-89.48484307378568,3.7614468605259788,1.5538290788013276,0.0,0.07609770945893324,-0.049919526664108815,,4.183501150162696,-69.31665923396952,-89.48484307378568,3.7614468605259788,1.5538290788013276,0.0,0.07609770945893324,-0.049919526664108815,,4.183501150162696,-69.31665923396952,-89.48484307378568,3.7614468605259788,1.5538290788013276,0.0,0.07609770945893324,-0.049919526664108815,,4.183501150162696,-69.31665923396952,-89.48484307378568,3.7614468605259788,1.5538290788013276,0.0,0.07609770945893324,-0.049919526664108815,,1.0617739183918768,1240628.146650074,124391.07103680907,0.07747948670061078,0.660066006600668,0.0,0.015219541891764443,-0.009983356875814309,4029896.3243919425,16659760.342861217,0.2418940153673202,1.5538290788013276,False,True,rising,rising,buy_advantage_accelerating,accelerating,neutral,False,False,False,pass,S2,🚀 발사 진행,가격 상승 초입과 실제 매수수급·구조 동반,S1,True,가격 상승 초입과 실제 매수수급·구조 동반,2026-09-03T23:17:54.803607+09:00,2026-09-03T14:00:00Z,33765068330-1
KRW-BIO,2026-09-03T23:17:54.803607+09:00,1788445074,36.6,-38.68535257009308,9.0,0.0,2902418.5549950525,0.0,8,0.0,complete,1788444476229,1788445123724,2756337.56318212,5342347.50869484,-0.31931232324278824,35.4,37.3,5.36723163841808,3.3898305084745894,1.876675603217147,36.842105263157656,complete_hourly_ordered,/v1/candles/minutes/60,120,False,8.746355685131203,34.3,2026-09-02T19:00:00,37.3,2026-09-03T17:00:00,D0,1.6085790884718398,19.999999999999908,False,-0.2884289107566884,11.658931624734599,14.765311992447527,True,0.0,,-3.251837650159606,0.13491793120110174,-0.5434782608695565,0.0,-0.0339328130302019,0.02674253355222156,0.1329806018093933,-0.4868431899539235,-100.0,-53.04341000535887,0.3610588262908365,-0.27247956403270157,0.0,-0.0339328130302019,0.02674253355222156,0.1329806018093933,-2.5877473991590985,-100.0,64.5634169795617,2.1155408819250354,-1.0810810810810811,-1.0,-0.0678656260604038,0.05348305733207681,0.26417398634374223,-2.5877473991590985,-100.0,64.5634169795617,2.1155408819250354,-1.0810810810810811,-1.0,-0.0678656260604038,0.05348305733207681,0.26417398634374223,-2.5877473991590985,-100.0,64.5634169795617,2.1155408819250354,-1.0810810810810811,-1.0,-0.0678656260604038,0.05348305733207681,0.26417398634374223,-2.5877473991590985,-100.0,64.5634169795617,2.1155408819250354,-1.0810810810810811,-1.0,-0.0678656260604038,0.05348305733207681,0.26417398634374223,0.0,0.0,-97554.2450049473,0.13491793120110174,-0.5434782608695565,0.0,-0.0339328130302019,0.02674253355222156,2902418.5549950525,12982249.503007527,0.22356823093891895,-1.0810810810810811,False,True,flat_or_na,falling,sell_only,accelerating,neutral,False,False,False,pass,S0,🌱 초발사 준비,발사 구조 관찰 또는 초기 준비,S0,False,,,2026-09-03T14:00:00Z,33765068330-1
KRW-BIRB,2026-09-03T23:17:54.803607+09:00,1788445074,77.7,-17.999615617650665,8.0,8280434.563583289,9307060.201367017,0.8896938866224442,61,0.0,complete,1788444183995,1788445616452,700030.21597307,478653.05857083,0.1878173400635582,78.0,79.8,2.3076923076922995,-0.38461538461538325,2.631578947368414,116.66666666666667,complete_hourly_ordered,/v1/candles/minutes/60,120,False,14.99348109517602,76.7,2026-08-30T09:00:00,88.2,2026-08-31T16:00:00,D-3,11.451247165532886,87.82608695652186,False,0.409521371896604,30.080129514247307,,True,0.880966850159622,22239.931549806162,119.13311999056928,0.2836130522180369,0.5174644243208348,1.0,0.03412678099139477,-0.021687749385876032,,0.10117201881642135,43.17146867026314,26.89064810930375,0.3659472530369925,0.12886597938146505,0.0,0.008531695247859794,-0.005421816551173464,,-0.023736633920592887,550.7913492748355,568.154170632493,2.0718998079953934,-1.8939393939393923,0.0,-0.12797542871767487,0.08131758600683625,,-0.023736633920592887,550.7913492748355,568.154170632493,2.0718998079953934,-1.8939393939393923,0.0,-0.12797542871767487,0.08131758600683625,,-0.023736633920592887,550.7913492748355,568.154170632493,2.0718998079953934,-1.8939393939393923,0.0,-0.12797542871767487,0.08131758600683625,,-0.023736633920592887,550.7913492748355,568.154170632493,2.0718998079953934,-1.8939393939393923,0.0,-0.12797542871767487,0.08131758600683625,,0.880966850159622,8243368.941671591,5059842.710114412,0.2836130522180369,0.5174644243208348,1.0,0.03412678099139477,-0.021687749385876032,17587494.764950305,3639248.8304316634,4.832726637948578,-1.8939393939393923,False,False,rising,rising,sell_advantage_weakening,accelerating,neutral,False,True,False,pass,S0,🌱 초발사 준비,발사 구조 관찰 또는 초기 준비,S0,False,,,2026-09-03T14:00:00Z,33765068330-1
KRW-BLAST,2026-09-03T23:17:54.803607+09:00,1788445074,0.394,-36.76360406110016,10.0,3939.606,0.0,,1,0.0,complete,1788444893357,1788444893357,346240642.3597143,166544727.81768167,0.35043104774979755,0.397,0.398,0.25188916876575096,-0.7556675062972307,1.0050251256281415,399.9999999999912,complete_hourly_ordered,/v1/candles/minutes/60,120,False,16.79790026246719,0.381,2026-08-31T10:00:00,0.445,2026-09-01T12:00:00,D-2,11.460674157303362,79.68749999999999,False,0.9046624913013002,18.123908171728047,13.833425613963168,True,,-99.34255105756355,-100.0,0.0103025321296073,0.7672634271099765,0.0,0.0,0.0,0.0,,-98.93876773878276,-100.0,0.04294886332811387,0.5102040816326481,0.0,-0.03479471120391153,0.02534271727884274,0.07257941834330595,,,-100.0,0.1572810586908986,1.025641025641022,0.0,0.017397355601933562,-0.012672029436590293,-0.036502642392635565,,,-100.0,0.1572810586908986,1.025641025641022,0.0,0.017397355601933562,-0.012672029436590293,-0.036502642392635565,,,-100.0,0.1572810586908986,1.025641025641022,0.0,0.017397355601933562,-0.012672029436590293,-0.036502642392635565,,,-100.0,0.1572810586908986,1.025641025641022,0.0,0.017397355601933562,-0.012672029436590293,-0.036502642392635565,,-595286.5461328508,-4183229.8885119744,0.0103025321296073,0.7672634271099765,0.0,0.0,0.0,3939.606,649001.8809047649,0.006070253593884579,1.025641025641022,False,False,falling,falling,buy_only,accelerating,neutral,True,True,False,🔴 1차 급등 완료·상승분 반납 / 신규매수 금지,S3,🔴 1차 급등 완료·반납,당일/5D 급등 후 상승분 상당 부분 반납,S3,False,,,2026-09-03T14:00:00Z,33765068330-1
KRW-BLEND,2026-09-03T23:17:54.803607+09:00,1788445074,85.9,-69.89614813736083,4.0,0.0,49999.999999146006,0.0,2,0.0,complete,1788444410892,1788444410892,842931.68648183,427331.52427998,0.32717641405406345,85.2,86.0,0.9389671361502261,0.8215962441314506,0.11627906976743524,12.499999999999705,complete_hourly_ordered,/v1/candles/minutes/60,120,False,6.426155580608794,88.7,2026-08-30T09:00:00,94.4,2026-08-31T06:00:00,D-3,9.004237288135597,149.12280701754378,True,-0.18585978737640785,15.588947219515264,,True,-0.039650135585091784,-100.0,-91.68133285084322,0.0004269156619045589,0.0,0.0,0.0,0.0,,0.0,,-97.7320339679803,0.005762420951725744,0.4678362573099504,0.0,0.029737565980214598,-0.022495722955651942,,0.0,,-99.56600343779802,0.19562658926091103,0.4678362573099504,0.0,0.029737565980214598,-0.022495722955651942,,0.0,,-99.56600343779802,0.19562658926091103,0.4678362573099504,0.0,0.029737565980214598,-0.022495722955651942,,0.0,,-99.56600343779802,0.19562658926091103,0.4678362573099504,0.0,0.029737565980214598,-0.022495722955651942,,0.0,,-99.56600343779802,0.19562658926091103,0.4678362573099504,0.0,0.029737565980214598,-0.022495722955651942,,-0.039650135585091784,-23832.02433363,-551057.826965529,0.0004269156619045589,0.0,0.0,0.0,0.0,49999.999999146006,1414754.2039459576,0.035341828184492156,0.4678362573099504,False,False,falling,falling,sell_only,accelerating,neutral,False,False,False,pass,S0,🌱 초발사 준비,발사 구조 관찰 또는 초기 준비,S0,False,,,2026-09-03T14:00:00Z,33765068330-1
KRW-BLUR,2026-09-03T23:17:54.803607+09:00,1788445074,22.0,30.243847644278453,12.0,887579.52493738,0.0,,5,0.0,complete,1788444769751,1788445078775,5608878.40038567,7603689.98343382,-0.15097833555897097,21.7,23.1,6.451612903225823,1.382488479262678,4.761904761904768,78.57142857142854,complete_hourly_ordered,/v1/candles/minutes/60,120,False,11.057692307692314,20.8,2026-09-02T03:00:00,23.1,2026-09-03T17:00:00,D0,4.761904761904767,47.82608695652175,False,0.9149130832570851,13.665122953492926,10.584139769421531,False,,-55.86373569866679,-100.0,0.18141132727429365,0.0,0.0,0.0,0.0,0.0,,7.14732674019205,-100.0,0.39988182831214303,-0.4524886877828149,0.0,-0.030497102775250973,0.023274471609214586,0.05598500217779012,,-5.679930304799507,-100.0,2.193474059793907,-0.4524886877828149,0.0,-0.030497102775250973,0.023274471609214586,0.05598500217779012,,-5.679930304799507,-100.0,2.193474059793907,-0.4524886877828149,0.0,-0.030497102775250973,0.023274471609214586,0.05598500217779012,,-5.679930304799507,-100.0,2.193474059793907,-0.4524886877828149,0.0,-0.030497102775250973,0.023274471609214586,0.05598500217779012,,-5.679930304799507,-100.0,2.193474059793907,-0.4524886877828149,0.0,-0.030497102775250973,0.023274471609214586,0.05598500217779012,,-1123418.7754116799,-1419178.118232163,0.18141132727429365,0.0,0.0,0.0,0.0,887579.52493738,5640416.641636064,0.1573606315507799,-0.4524886877828149,False,True,falling,falling,buy_only,accelerating,neutral,False,False,False,pass,S0,🌱 초발사 준비,발사 구조 관찰 또는 초기 준비,S1,True,발사 구조 관찰 또는 초기 준비,2026-09-03T23:17:54.803607+09:00,2026-09-03T14:00:00Z,33765068330-1
KRW-BONK,2026-09-03T23:17:54.803607+09:00,1788445074,0.00467,6691.291144567447,13.0,41286643.201191604,71508736.87831503,0.5773650186472773,193,0.0,complete,1788444177257,1788445175370,55297353056.707756,23723383665.20112,0.39956561658773554,0.00539,0.0058,7.606679035250452,-13.358070500927644,19.482758620689655,275.6097560975613,complete_hourly_ordered,/v1/candles/minutes/60,120,False,102.07253886010359,0.00386,2026-08-31T08:00:00,0.0078,2026-08-31T18:00:00,D-3,39.871794871794876,78.93401015228427,False,1.8326573531620927,28.426442834329745,12.187543351903914,False,-0.7422804550839078,-80.54361132876024,-55.529804515500246,4.3218649488144365,0.0,0.0,0.04506534474990609,-0.028841718515788983,-0.042612202693586454,0.3696094858795681,137.95985046049614,-14.373968091151323,12.674247002782977,1.301518438177851,0.0,0.13519603424969606,-0.08653200793947136,-0.1284838950120495,-0.7427914171436011,-7.186382054078955,112.22015727142329,31.16872549454183,-0.4264392324093813,0.0,0.0,0.0,0.0,-0.7427914171436011,-7.186382054078955,112.22015727142329,31.16872549454183,-0.4264392324093813,0.0,0.0,0.0,0.0,-0.7427914171436011,-7.186382054078955,112.22015727142329,31.16872549454183,-0.4264392324093813,0.0,0.0,0.0,0.0,-0.7427914171436011,-7.186382054078955,112.22015727142329,31.16872549454183,-0.4264392324093813,0.0,0.0,0.0,0.0,-0.7422804550839078,-170914315.04868695,-89292752.9717569,4.3218649488144365,0.0,0.0,0.04506534474990609,-0.028841718515788983,112795380.07950664,73101115.70047134,1.543004904900232,-0.4264392324093813,False,True,falling,falling,sell_advantage_accelerating,accelerating,neutral,True,True,False,🔴 1차 급등 완료·상승분 반납 / 신규매수 금지,S3,🔴 1차 급등 완료·반납,당일/5D 급등 후 상승분 상당 부분 반납,S3,False,,,2026-09-03T14:00:00Z,33765068330-1
KRW-BORA,2026-09-03T23:17:54.803607+09:00,1788445074,30.9,-33.78107276208675,6.0,0.0,3194599.2458713944,0.0,12,0.0,complete,1788444586527,1788445019767,3665842.29817882,5618595.96513019,-0.2103254512088706,30.5,32.0,4.918032786885251,1.3114754098360715,3.4375000000000044,73.33333333333324,complete_hourly_ordered,/v1/candles/minutes/60,120,False,9.965635738831601,29.1,2026-08-31T09:00:00,32.0,2026-09-03T11:00:00,D0,3.4375000000000044,37.93103448275853,False,0.9170208007157177,20.07970773829294,,True,0.0,,228.96983510367144,0.0879396687774161,0.0,0.0,-0.04473272198612932,0.03188521299790992,,-0.16795428101759674,-100.0,30.155510344405535,0.10581916610779274,0.0,0.0,-0.04473272198612932,0.03188521299790992,,,,,0.6283316875410705,0.0,0.0,-0.04473272198612932,0.03188521299790992,,,,,0.6283316875410705,0.0,0.0,-0.04473272198612932,0.03188521299790992,,,,,0.6283316875410705,0.0,0.0,-0.04473272198612932,0.03188521299790992,,,,,0.6283316875410705,0.0,0.0,-0.04473272198612932,0.03188521299790992,,0.0,0.0,2223507.3994519045,0.0879396687774161,0.0,0.0,-0.04473272198612932,0.03188521299790992,3194599.2458713944,2866682.982132732,1.1143887432905826,0.0,False,False,flat_or_na,rising,sell_only,accelerating,neutral,False,False,False,pass,S0,🌱 초발사 준비,발사 구조 관찰 또는 초기 준비,S0,False,,,2026-09-03T14:00:00Z,33765068330-1
KRW-BOUNTY,2026-09-03T23:17:54.803607+09:00,1788445074,16.7,154.22664664027735,8.0,4536518.289401018,1010656.4213572219,4.488684971010105,12,0.0,complete,1788444637939,1788444817143,9779792.81108446,8584731.17399292,0.0650744684731617,17.4,17.4,0.0,-4.0229885057471275,4.022988505747123,,complete_hourly_ordered,/v1/candles/minutes/60,120,False,16.666666666666675,15.6,2026-08-29T20:00:00,18.2,2026-09-02T13:00:00,D-1,8.241758241758246,57.69230769230773,True,0.9762308998302327,28.876265929220075,,True,,,,0.4377386515576518,0.0,0.0,0.0,0.0,,-92.80047165510643,377.5282409895824,10250.095881327738,0.4469427382368565,0.0,0.0,0.0,0.0,,,,,1.829034785641113,0.6024096385542022,0.0,0.042444821731768556,-0.027239564464064614,,,,,1.829034785641113,0.6024096385542022,0.0,0.042444821731768556,-0.027239564464064614,,,,,1.829034785641113,0.6024096385542022,0.0,0.042444821731768556,-0.027239564464064614,,,,,1.829034785641113,0.6024096385542022,0.0,0.042444821731768556,-0.027239564464064614,,,4536518.289401018,1010656.4213572219,0.4377386515576518,0.0,0.0,0.0,0.0,5547174.71075824,1491528.208331015,3.71912155584734,0.6024096385542022,False,False,rising,rising,buy_advantage_weakening,accelerating,neutral,False,True,False,pass,S0,🌱 초발사 준비,발사 구조 관찰 또는 초기 준비,S0,False,,,2026-09-03T14:00:00Z,33765068330-1
KRW-BREV,2026-09-03T23:17:54.803607+09:00,1788445074,104.0,165.29765371085446,8.0,0.0,1282172.10264312,0.0,5,0.0,complete,1788444588735,1788444969545,1382413.29746057,4643979.29172727,-0.5412136607426454,105.0,107.0,1.904761904761898,-0.952380952380949,2.803738317757009,150.0,complete_hourly_ordered,/v1/candles/minutes/60,120,False,11.566018423746161,97.7,2026-08-30T10:00:00,109.0,2026-08-31T01:00:00,D-3,4.587155963302747,44.24778761061941,False,0.7674341007674279,18.277329400542563,,True,-0.021191302454862945,-100.0,-35.30738850881444,0.11542942316881977,-0.952380952380949,0.0,-0.0667334000667319,0.048589048644728905,,0.0,,-33.512494891371006,0.29763805607180416,0.0,0.0,0.0,0.0,,0.0,,156.5897184575209,0.5347757072427441,0.0,0.0,0.0,0.0,,0.0,,156.5897184575209,0.5347757072427441,0.0,0.0,0.0,0.0,,0.0,,156.5897184575209,0.5347757072427441,0.0,0.0,0.0,0.0,,0.0,,156.5897184575209,0.5347757072427441,0.0,0.0,0.0,0.0,,-0.021191302454862945,-42000.0,-699773.0887607199,0.11542942316881977,-0.952380952380949,0.0,-0.0667334000667319,0.048589048644728905,1282172.10264312,1801088.6230499402,0.7118872920711178,0.0,False,False,falling,falling,sell_only,accelerating,neutral,False,False,False,pass,S0,🌱 초발사 준비,발사 구조 관찰 또는 초기 준비,S0,False,,,2026-09-03T14:00:00Z,33765068330-1
KRW-BSB,2026-09-03T23:17:54.803607+09:00,1788445074,150.0,,,4372612.87393834,99328.85905784,44.0215755563258,13,0.0,complete,1788444303774,1788445301033,419853.10033676,1002830.13895216,-0.4097729013148291,149.0,152.0,2.0134228187919545,0.6711409395973256,1.3157894736842104,66.6666666666663,complete_hourly_ordered,/v1/candles/minutes/60,120,False,11.764705882352944,136.0,2026-09-03T18:00:00,152.0,2026-09-03T19:00:00,D0,2.631578947368418,25.0000000000001,False,,,,True,43.26031124985077,74.46352095302507,-96.98300550116473,,0.6711409395973256,,,,,44.0215755563258,,-88.42979749878596,,0.6711409395973256,,,,,,43626.12874253168,,,2.7397260273972712,,,,,,43626.12874253168,,,2.7397260273972712,,,,,,43626.12874253168,,,2.7397260273972712,,,,,,43626.12874253168,,,2.7397260273972712,,,,,43.26031124985077,1866293.5872172597,-3192982.7144695995,,0.6711409395973256,,,,4471941.73299618,5798630.860248519,0.7712064866299353,2.7397260273972712,False,False,rising,falling,buy_advantage_accelerating,flat_or_na,neutral,False,False,False,pass,S0,🌱 초발사 준비,발사 구조 관찰 또는 초기 준비,S0,False,,,2026-09-03T14:00:00Z,33765068330-1
KRW-BSV,2026-09-03T23:17:54.803607+09:00,1788445074,22180.0,-50.051475194262096,4.0,8520471.8288566,309369.3986716,27.541417688506428,22,0.0,complete,1788444396731,1788445572889,2242.77936777,1781.0603012,0.11474589063042576,22220.0,22240.0,0.09000900090008201,-0.18001800180017513,0.2697841726618705,300.00000000001234,complete_hourly_ordered,/v1/candles/minutes/60,120,False,4.449648711943799,21350.0,2026-09-02T10:00:00,22300.0,2026-09-03T23:00:00,D0,0.0,0.0,False,0.3913322819928622,-11.985796541979193,,False,27.384227348637623,7596.9031877656735,-56.070568272631526,0.00936199359203016,0.4074241738343032,0.0,0.026283511477132038,-0.025215840331977546,,27.45024451460238,1828.5812197502491,-93.61562019337354,0.026370557838504283,0.4074241738343032,0.0,0.026283511477132038,-0.025215840331977546,,27.52161532133224,28263.5740826568,-79.60649975577036,0.88892633521791,0.4074241738343032,0.0,0.026283511477132038,-0.025215840331977546,,27.52161532133224,28263.5740826568,-79.60649975577036,0.88892633521791,0.4074241738343032,0.0,0.026283511477132038,-0.025215840331977546,,27.52161532133224,28263.5740826568,-79.60649975577036,0.88892633521791,0.4074241738343032,0.0,0.026283511477132038,-0.025215840331977546,,27.52161532133224,28263.5740826568,-79.60649975577036,0.88892633521791,0.4074241738343032,0.0,0.026283511477132038,-0.025215840331977546,,27.384227348637623,8409771.8288566,-394872.35112289997,0.00936199359203016,0.4074241738343032,0.0,0.026283511477132038,-0.025215840331977546,8829841.2275282,1877550.2701597,4.702852098216872,0.4074241738343032,False,False,rising,falling,buy_advantage_accelerating,accelerating,leading_buy_inflow,False,False,False,pass,S0,🌱 초발사 준비,발사 구조 관찰 또는 초기 준비,S0,False,,,2026-09-03T14:00:00Z,33765068330-1
KRW-BTC,2026-09-03T23:17:54.803607+09:00,1788445074,108637000.0,-41.25015287879405,8.0,4839846869.477606,1270769277.01727,3.808596066185688,3303,0.0,complete,1788444176080,1788445595017,4.20922729,0.36678084,0.8396939736206283,106400000.0,108638000.0,2.103383458646624,2.102443609022564,0.0009204882269555772,0.044682752457534405,complete_hourly_ordered,/v1/candles/minutes/60,120,False,4.418850965162546,104801000.0,2026-09-02T20:00:00,109432000.0,2026-09-03T23:00:00,D0,0.09594999634475743,2.2673288706543926,False,0.8298560762295404,-7.718919124561276,,True,2.9481409756074153,103.70902020840367,-53.97714528162637,0.5618953536759648,0.3046894475887907,0.0,0.020179440835810247,-0.01865589750603025,,2.134012465384501,47.31690441135407,-35.2269266782302,1.1982304880426256,0.5172190455041692,0.0,0.037360079318315975,-0.034540194055239226,,2.1841387613494407,763.7259249589869,268.39976300801635,3.009333887618375,1.5593302732567427,0.0,0.10383353148335495,-0.09600484795875097,,2.1841387613494407,763.7259249589869,268.39976300801635,3.009333887618375,1.5593302732567427,0.0,0.10383353148335495,-0.09600484795875097,,2.1841387613494407,763.7259249589869,268.39976300801635,3.009333887618375,1.5593302732567427,0.0,0.10383353148335495,-0.09600484795875097,,2.1841387613494407,763.7259249589869,268.39976300801635,3.009333887618375,1.5593302732567427,0.0,0.10383353148335495,-0.09600484795875097,,2.9481409756074153,2463984050.7736425,-1490400765.1138692,0.5618953536759648,0.3046894475887907,0.0,0.020179440835810247,-0.01865589750603025,6110616146.494876,934074072.5194548,6.541896757730211,1.5593302732567427,False,False,rising,falling,buy_advantage_accelerating,accelerating,leading_buy_inflow,False,False,False,pass,S0,🌱 초발사 준비,발사 구조 관찰 또는 초기 준비,S0,False,,,2026-09-03T14:00:00Z,33765068330-1
KRW-BTT,2026-09-03T23:17:54.803607+09:00,1788445074,0.000409,-29.89016285858347,12.0,5850238.87705428,99602.77997280042,58.73569872901003,24,0.0,complete,1788444202435,1788445601152,436754777620.3893,469900102809.6231,-0.036557819193024706,0.000405,0.000411,1.4814814814814836,0.9876543209876631,0.4866180048661787,33.33333333333283,complete_hourly_ordered,/v1/candles/minutes/60,120,False,4.030226700251882,0.000397,2026-08-31T12:00:00,0.000413,2026-09-03T00:00:00,D0,0.7263922518159882,18.75000000000007,False,0.5646902507888907,2.242134366612174,3.1445573146022836,True,57.94895350833046,878.0855385052598,-86.89886832903623,0.12988128959818823,0.2450980392156854,0.0,0.01660853678788765,-0.01417239423545924,-0.03250637041473059,58.38430042057448,1902.6093629450759,-88.01898065701356,0.13823406133173322,0.2450980392156854,0.0,0.01660853678788765,-0.01417239423545924,-0.03250637041473059,58.73229962021556,116881.38126483266,-93.23014026474662,0.631888980113569,0.738916256157629,0.0,0.04982561036370736,-0.04251889890812377,-0.09830782296437279,58.73229962021556,116881.38126483266,-93.23014026474662,0.631888980113569,0.738916256157629,0.0,0.04982561036370736,-0.04251889890812377,-0.09830782296437279,58.73229962021556,116881.38126483266,-93.23014026474662,0.631888980113569,0.738916256157629,0.0,0.04982561036370736,-0.04251889890812377,-0.09830782296437279,58.73229962021556,116881.38126483266,-93.23014026474662,0.631888980113569,0.738916256157629,0.0,0.04982561036370736,-0.04251889890812377,-0.09830782296437279,57.94895350833046,5252107.256992215,-660658.1079743948,0.12988128959818823,0.2450980392156854,0.0,0.01660853678788765,-0.01417239423545924,5949841.65702708,1096829.2537355851,5.424583303885346,0.738916256157629,False,True,rising,falling,buy_advantage_accelerating,accelerating,leading_buy_inflow,False,False,False,pass,S1,⚡ 선행 시동,가격 미급등 상태에서 선행조건 7개 개선,S1,False,,,2026-09-03T14:00:00Z,33765068330-1
KRW-CAP,2026-09-03T23:17:54.803607+09:00,1788445074,67.2,,,76211616.76353027,110990428.18820024,0.686650353617003,247,0.0,complete,1788444180860,1788445355040,3487078.8018308,2120840.23073171,0.24362665779694653,101.0,104.0,2.970297029702973,-33.46534653465346,35.38461538461538,1226.6666666666656,complete_hourly_ordered,/v1/candles/minutes/60,120,False,15.291262135922313,82.4,2026-09-03T12:00:00,95.0,2026-09-03T14:00:00,D0,29.578947368421048,223.01587301587313,True,,,,True,0.4556960546424639,-0.08248372684487304,-66.39282306549995,,0.0,,,,,0.2311986343727151,-40.58706167249332,-60.5916974132791,,-1.0309278350515538,,,,,0.07962196334151983,-63.00047905668558,-67.2908351086182,,-0.8849557522123797,,,,,0.07962196334151983,-63.00047905668558,-67.2908351086182,,-0.8849557522123797,,,,,0.07962196334151983,-63.00047905668558,-67.2908351086182,,-0.8849557522123797,,,,,0.07962196334151983,-63.00047905668558,-67.2908351086182,,-0.8849557522123797,,,,,0.4556960546424639,-62914.07566961646,-219267684.25164896,,0.0,,,,187202044.9517305,357362416.6411905,0.5238436842665819,-0.8849557522123797,False,False,falling,falling,sell_advantage_weakening,flat_or_na,neutral,True,True,False,🔴 1차 급등 완료·상승분 반납 / 신규매수 금지,S3,🔴 1차 급등 완료·반납,당일/5D 급등 후 상승분 상당 부분 반납,S3,False,,,2026-09-03T14:00:00Z,33765068330-1
KRW-CARV,2026-09-03T23:17:54.803607+09:00,1788445074,47.6,298.3085528974183,10.0,476930.174387548,2220727.8420562074,0.21476300038006943,35,0.0,complete,1788444179494,1788445077105,1064463.65977499,1851863.49016667,-0.2699970853432653,48.8,48.8,0.0,-2.4590163934426146,2.459016393442614,,complete_hourly_ordered,/v1/candles/minutes/60,120,False,19.480519480519476,46.2,2026-08-31T08:00:00,55.2,2026-09-02T13:00:00,D-1,13.768115942028992,84.44444444444446,False,0.6098446348192343,19.275353876623754,,True,-0.5095962493458659,-84.00249299274223,-46.0431165854674,0.4370607903119321,0.42194092827005925,0.0,-0.04356033105852308,0.0314226683990384,,-0.07153211840287263,-88.57152880908563,-84.76499438301802,0.7035152649814336,0.634249471458781,0.0,-0.014520110352833626,0.010474527863774341,,,13.867580519218414,,6.702036397240988,-1.449275362318836,0.0,-0.14520110352838067,0.10473155215302654,,,13.867580519218414,,6.702036397240988,-1.449275362318836,0.0,-0.14520110352838067,0.10473155215302654,,,13.867580519218414,,6.702036397240988,-1.449275362318836,0.0,-0.14520110352838067,0.10473155215302654,,,13.867580519218414,,6.702036397240988,-1.449275362318836,0.0,-0.14520110352838067,0.10473155215302654,,-0.5095962493458659,-2504347.934577642,-1895017.3632313213,0.4370607903119321,0.42194092827005925,0.0,-0.04356033105852308,0.0314226683990384,2697658.0164437555,1105440.4814194362,2.4403466869422394,-1.449275362318836,False,False,falling,falling,sell_advantage_accelerating,accelerating,neutral,True,True,False,🔴 1차 급등 완료·상승분 반납 / 신규매수 금지,S3,🔴 1차 급등 완료·반납,당일/5D 급등 후 상승분 상당 부분 반납,S3,False,,,2026-09-03T14:00:00Z,33765068330-1
KRW-CBK,2026-09-03T23:17:54.803607+09:00,1788445074,246.0,52.45458922793211,9.0,11889003.400452198,785956.4413525601,15.126796823488458,33,0.0,complete,1788444201199,1788445285679,693386.76905517,939966.27581614,-0.15096522306382187,242.0,262.0,8.264462809917351,1.6528925619834656,6.106870229007633,80.00000000000006,complete_hourly_ordered,/v1/candles/minutes/60,120,False,11.016949152542367,236.0,2026-08-31T10:00:00,262.0,2026-09-03T14:00:00,D0,6.870229007633588,69.2307692307693,True,0.7230255839822064,15.475044485283396,,True,14.095278314959693,1018.176382373478,-23.749909007372604,0.7969939886194055,0.0,2.0,0.08342602892101869,-0.06261815547743055,,,6509.6755488888275,,0.9295275470313911,0.40816326530612734,2.0,0.05561735261401246,-0.04174421917123006,,,748.0560235023747,,1.7674933008413376,0.40816326530612734,2.0,0.05561735261401246,-0.04174421917123006,,,748.0560235023747,,1.7674933008413376,0.40816326530612734,2.0,0.05561735261401246,-0.04174421917123006,,,748.0560235023747,,1.7674933008413376,0.40816326530612734,2.0,0.05561735261401246,-0.04174421917123006,,,748.0560235023747,,1.7674933008413376,0.40816326530612734,2.0,0.05561735261401246,-0.04174421917123006,,14.095278314959693,10825754.025142,-244804.87462875992,0.7969939886194055,0.0,2.0,0.08342602892101869,-0.06261815547743055,12674959.841804758,8542439.49986586,1.4837634895750553,0.40816326530612734,False,False,rising,falling,buy_advantage_accelerating,accelerating,leading_buy_inflow,False,False,False,pass,S0,🌱 초발사 준비,발사 구조 관찰 또는 초기 준비,S0,False,,,2026-09-03T14:00:00Z,33765068330-1
KRW-CC,2026-09-03T23:17:54.803607+09:00,1788445074,151.0,-46.4167246972069,5.0,1733191.40429416,10131047.665504621,0.17107721348459679,20,0.0,complete,1788444220940,1788445106781,1399537.10752501,1035159.69171334,0.1496602845683531,151.0,155.0,2.6490066225165476,0.0,2.5806451612903225,100.0,complete_hourly_ordered,/v1/candles/minutes/60,120,False,8.125000000000004,160.0,2026-08-30T01:00:00,173.0,2026-09-01T05:00:00,D-2,12.138728323699421,161.53846153846158,False,0.5485232067510504,20.05703023441103,,True,-2.234905593960061,-98.38121990588198,-77.2339226472597,0.74022121542869,0.0,0.0,-0.04219409282701925,0.030193602408353115,,0.17107721348459679,,-42.32457620903579,2.457799989733658,0.6666666666666599,0.0,-0.04219409282701925,0.030193602408353115,,-0.5194136262341239,-94.21116599312357,-76.63548071081787,3.4015741741424605,0.0,0.0,-0.04219409282701925,0.030193602408353115,,-0.5194136262341239,-94.21116599312357,-76.63548071081787,3.4015741741424605,0.0,0.0,-0.04219409282701925,0.030193602408353115,,-0.5194136262341239,-94.21116599312357,-76.63548071081787,3.4015741741424605,0.0,0.0,-0.04219409282701925,0.030193602408353115,,-0.5194136262341239,-94.21116599312357,-76.63548071081787,3.4015741741424605,0.0,0.0,-0.04219409282701925,0.030193602408353115,,-2.234905593960061,-105334557.36478609,-34369581.5317566,0.74022121542869,0.0,0.0,-0.04219409282701925,0.030193602408353115,11864239.06979878,3471540.9757652655,3.4175713761187656,0.0,False,False,falling,falling,sell_advantage_accelerating,accelerating,neutral,False,False,False,pass,S0,🌱 초발사 준비,발사 구조 관찰 또는 초기 준비,S0,False,,,2026-09-03T14:00:00Z,33765068330-1
KRW-CELO,2026-09-03T23:17:54.803607+09:00,1788445074,105.0,96.46445257185121,11.0,2484440.35381969,0.0,,10,0.0,complete,1788444371682,1788445181273,978219.76770888,2464521.80484964,-0.43172047794345325,107.0,113.0,5.607476635514019,-1.869158878504673,7.079646017699115,133.33333333333331,complete_hourly_ordered,/v1/candles/minutes/60,120,False,13.682092555331993,99.4,2026-08-31T08:00:00,113.0,2026-09-03T13:00:00,D0,6.194690265486724,51.470588235294215,False,1.242154811715479,-0.7268647251085464,,False,,19.662715655112684,-100.0,0.7674171659836588,0.9615384615384581,0.0,0.0,0.0,,,396.8880707644349,-100.0,1.4553230145624099,0.0,0.0,0.0,0.0,,,,-100.0,6.309825615148853,0.0,0.0,0.0,0.0,,,,-100.0,6.309825615148853,0.0,0.0,0.0,0.0,,,,-100.0,6.309825615148853,0.0,0.0,0.0,0.0,,,,-100.0,6.309825615148853,0.0,0.0,0.0,0.0,,,408237.80382888997,-2249751.1168548004,0.7674171659836588,0.9615384615384581,0.0,0.0,0.0,2484440.35381969,5547473.2547130855,0.4478508033741183,0.0,False,False,rising,falling,buy_only,accelerating,neutral,False,False,False,pass,S1,⚡ 선행 시동,가격 미급등 상태에서 선행조건 3개 개선,S1,False,,,2026-09-03T14:00:00Z,33765068330-1
KRW-CFG,2026-09-03T23:17:54.803607+09:00,1788445074,139.0,8.32156177518415,2.0,8102941.83920204,3105549.28509546,2.6091815312964735,22,0.0,complete,1788444200909,1788445430855,957928.81177791,862370.85020187,0.052495731099631154,142.0,144.0,1.4084507042253502,-2.1126760563380254,3.4722222222222223,250.0,complete_hourly_ordered,/v1/candles/minutes/60,120,False,8.904109589041088,146.0,2026-09-01T04:00:00,159.0,2026-09-01T23:00:00,D-2,12.578616352201255,153.84615384615387,False,-1.7517704062616546,40.84878404532832,,False,2.5255714664673556,352.9714378048253,-85.48473119776318,0.136263629762869,0.0,0.0,0.0,0.0,,2.2298903048585292,-15.476334181462137,-87.7129726365132,0.6517953569757271,0.0,0.0,-0.037271710771535904,0.02078000628423382,,,-11.16342843342334,,2.398759777510252,-0.7142857142857117,0.0,-0.0745434215430607,0.04155884688780276,,,-11.16342843342334,,2.398759777510252,-0.7142857142857117,0.0,-0.0745434215430607,0.04155884688780276,,,-11.16342843342334,,2.398759777510252,-0.7142857142857117,0.0,-0.0745434215430607,0.04155884688780276,,,-11.16342843342334,,2.398759777510252,-0.7142857142857117,0.0,-0.0745434215430607,0.04155884688780276,,2.5255714664673556,6314100.16775577,-18289502.555879675,0.136263629762869,0.0,0.0,0.0,0.0,11208491.1242975,9786563.97859738,1.1452938077970765,-0.7142857142857117,False,False,rising,falling,buy_advantage_accelerating,accelerating,leading_buy_inflow,False,False,False,pass,S0,🌱 초발사 준비,발사 구조 관찰 또는 초기 준비,S0,False,,,2026-09-03T14:00:00Z,33765068330-1
KRW-CFX,2026-09-03T23:17:54.803607+09:00,1788445074,65.8,,,524887.5680560198,0.0,,15,0.0,complete,1788444188906,1788445216761,972926.42214186,821029.12158156,0.08467171948142685,65.7,66.6,1.3698630136986134,0.15220700152205335,1.201201201201197,88.88888888888997,complete_hourly_ordered,/v1/candles/minutes/60,120,False,10.082644628099157,60.5,2026-08-31T08:00:00,66.6,2026-09-03T13:00:00,D0,0.9009009009008917,9.836065573770423,False,,,,True,,202.34500109358495,-100.0,,0.7656967840734996,,,,,,336.6884724842668,-100.0,,0.45801526717557106,,,,,,,-100.0,,0.3048780487804992,,,,,,,-100.0,,0.3048780487804992,,,,,,,-100.0,,0.3048780487804992,,,,,,,-100.0,,0.3048780487804992,,,,,,351282.06237294385,-1761973.6820667782,,0.7656967840734996,,,,524887.5680560198,646722.611564284,0.8116115915391127,0.3048780487804992,False,False,rising,falling,buy_only,flat_or_na,neutral,False,False,False,pass,S0,🌱 초발사 준비,발사 구조 관찰 또는 초기 준비,S0,False,,,2026-09-03T14:00:00Z,33765068330-1
KRW-CHIP,2026-09-03T23:17:54.803607+09:00,1788445074,75.6,9.018463523443089,10.0,383898241.1572591,542190700.0953687,0.7080502138633754,1243,0.0,complete,1788444176269,1788445555144,2977069.57413123,2981726.46136843,-0.0007815147908162216,58.7,77.0,31.175468483816005,28.790459965928438,1.8181818181818257,7.650273224043727,complete_hourly_ordered,/v1/candles/minutes/60,120,False,48.07692307692308,52.0,2026-08-31T08:00:00,77.0,2026-09-03T22:00:00,D0,3.506493506493513,10.8,False,4.930145083288573,0.2904100845699641,0.08823663699991961,True,0.01585104173081675,-6.826517819195055,-8.912382247079309,1.6001345773665419,1.0695187165775444,0.0,0.13433637829125544,-0.11176035909425713,-0.034792195766913656,-0.045109888268552,-43.63418768075895,-40.04312105002737,3.2652109303547014,0.665778961384822,0.0,0.09403546480388769,-0.07822850598587122,-0.024303510939704356,-0.22261834951536474,-13.001507097343634,14.351723677967797,23.83493952744098,8.154506437768227,0.0,0.8597528210639638,-0.715883241948272,-0.23141563115258063,-0.22261834951536474,-13.001507097343634,14.351723677967797,23.83493952744098,8.154506437768227,0.0,0.8597528210639638,-0.715883241948272,-0.23141563115258063,-0.22261834951536474,-13.001507097343634,14.351723677967797,23.83493952744098,8.154506437768227,0.0,0.8597528210639638,-0.715883241948272,-0.23141563115258063,-0.22261834951536474,-13.001507097343634,14.351723677967797,23.83493952744098,8.154506437768227,0.0,0.8597528210639638,-0.715883241948272,-0.23141563115258063,0.01585104173081675,-28126974.785939336,-53050138.85827005,1.6001345773665419,1.0695187165775444,0.0,0.13433637829125544,-0.11176035909425713,926088941.2526278,1291125034.0640464,0.7172728564774224,8.154506437768227,False,False,falling,falling,sell_advantage_weakening,accelerating,neutral,False,False,False,pass,S0,🌱 초발사 준비,발사 구조 관찰 또는 초기 준비,S0,False,,,2026-09-03T14:00:00Z,33765068330-1
KRW-CHZ,2026-09-03T23:17:54.803607+09:00,1788445074,18.5,5.143682085668155,4.0,3959185.407296185,664187.0,5.960949863963289,4,0.0,complete,1788444451750,1788445000267,14481756.29596879,13529732.06310768,0.03398692067544593,18.4,18.7,1.6304347826086918,0.5434782608695787,1.0695187165775364,66.66666666666576,complete_hourly_ordered,/v1/candles/minutes/60,120,False,4.999999999999982,18.0,2026-09-02T19:00:00,18.9,2026-09-02T22:00:00,D-1,2.116402116402105,44.44444444444444,False,0.34916201117320966,42.210827929422415,,True,-9.72197248270546,-79.03759964762847,-44.8491088788582,0.46002724259699423,0.0,0.0,0.0,0.0,,5.775406981868608,210.2947856939373,-90.34164182714235,0.8024206661130018,0.0,0.0,0.0,0.0,,5.960949863963289,,294.5745703398775,3.0398783101590166,0.5434782608695787,0.0,0.0,0.0,,5.960949863963289,,294.5745703398775,3.0398783101590166,0.5434782608695787,0.0,0.0,0.0,,5.960949863963289,,294.5745703398775,3.0398783101590166,0.5434782608695787,0.0,0.0,0.0,,5.960949863963289,,294.5745703398775,3.0398783101590166,0.5434782608695787,0.0,0.0,0.0,,-9.72197248270546,-14927894.987808812,-540121.7364464859,0.46002724259699423,0.0,0.0,0.0,0.0,4623372.407296184,3242085.0549727897,1.4260490791889442,0.5434782608695787,False,False,falling,falling,buy_advantage_weakening,accelerating,neutral,False,False,False,pass,S0,🌱 초발사 준비,발사 구조 관찰 또는 초기 준비,S0,False,,,2026-09-03T14:00:00Z,33765068330-1
KRW-CKB,2026-09-03T23:17:54.803607+09:00,1788445074,1.38,146.0655034111733,13.0,757582.215704397,0.0,,3,0.0,complete,1788445230089,1788445235945,26245402.25112083,137997076.30371436,-0.6804066465380532,1.37,1.4,2.1897810218977964,0.7299270072992581,1.42857142857143,66.66666666666701,complete_hourly_ordered,/v1/candles/minutes/60,120,False,11.510791366906492,1.39,2026-08-29T20:00:00,1.55,2026-08-30T23:00:00,D-4,10.967741935483877,106.24999999999996,False,1.078431372549038,11.748341536486187,8.316712090211526,True,,353.4827018293331,,0.0,0.0,0.0,0.0,0.0,0.0,,193.12777501954236,,0.06570133440897052,0.0,0.0,0.0,0.0,0.0,,26.32683446870989,,0.8474354522192016,0.0,0.0,0.0,0.0,0.0,,26.32683446870989,,0.8474354522192016,0.0,0.0,0.0,0.0,0.0,,26.32683446870989,,0.8474354522192016,0.0,0.0,0.0,0.0,0.0,,26.32683446870989,,0.8474354522192016,0.0,0.0,0.0,0.0,0.0,,590523.535704402,0.0,0.0,0.0,0.0,0.0,0.0,757582.215704397,733953.796246767,1.0321933336654963,0.0,False,True,rising,flat_or_na,buy_only,flat_or_na,neutral,False,False,False,pass,S0,🌱 초발사 준비,발사 구조 관찰 또는 초기 준비,S0,False,,,2026-09-03T14:00:00Z,33765068330-1
KRW-COMP,2026-09-03T23:17:54.803607+09:00,1788445074,27490.0,118.33393713137062,10.0,11047.999875,18038.9996435,0.6124508062164594,3,0.0,complete,1788444187449,1788444206802,1504.92164236,1124.25733144,0.1447844801412736,26410.0,29620.0,12.154486936766373,4.089360090874661,7.1910871033085755,66.35514018691595,complete_hourly_ordered,/v1/candles/minutes/60,120,False,19.291180024164323,24830.0,2026-08-31T08:00:00,29620.0,2026-09-03T17:00:00,D0,7.19108710330858,44.467640918580415,False,0.6762041732899293,-0.4737128701963829,,False,,-88.73941143976708,,0.007083967045545592,-0.18155410312272746,0.0,-0.012615749501687645,0.011008949839620363,,0.2100015153103455,-97.11131097415942,-98.10180533963256,0.01925983202362147,0.1457194899817882,0.0,0.010092599601341234,-0.008807409367111996,,-0.15043872361522503,-99.45147463165387,-99.31673816719504,4.24057860545247,-0.3985507246376807,0.0,-0.025231499003353086,0.022017553173136195,,-0.15043872361522503,-99.45147463165387,-99.31673816719504,4.24057860545247,-0.3985507246376807,0.0,-0.025231499003353086,0.022017553173136195,,-0.15043872361522503,-99.45147463165387,-99.31673816719504,4.24057860545247,-0.3985507246376807,0.0,-0.025231499003353086,0.022017553173136195,,-0.15043872361522503,-99.45147463165387,-99.31673816719504,4.24057860545247,-0.3985507246376807,0.0,-0.025231499003353086,0.022017553173136195,,,-87064.09982480001,18038.9996435,0.007083967045545592,-0.18155410312272746,0.0,-0.012615749501687645,0.011008949839620363,29086.9995185,12137591.89359625,0.002396439077330174,-0.3985507246376807,False,False,falling,rising,sell_advantage_weakening,accelerating,neutral,False,False,False,pass,S0,🌱 초발사 준비,발사 구조 관찰 또는 초기 준비,S0,False,,,2026-09-03T14:00:00Z,33765068330-1
KRW-COW,2026-09-03T23:17:54.803607+09:00,1788445074,175.0,-77.15738427481008,6.0,15558164.943975497,14900978.027890502,1.044103609498311,39,0.0,complete,1788444441997,1788444925803,279501.84236143,1134381.46370381,-0.6046323750164809,173.0,177.0,2.3121387283236983,1.1560693641618602,1.1299435028248588,49.99999999999952,complete_hourly_ordered,/v1/candles/minutes/60,120,False,11.250000000000004,160.0,2026-08-31T08:00:00,178.0,2026-09-02T16:00:00,D-1,1.6853932584269704,16.666666666666693,False,0.9300444803881813,19.38309984254511,,True,,,,0.3812274509871685,-1.1299435028248594,-1.0,-0.08087343307723316,0.058082685385521415,,,,,0.3812274509871685,-1.1299435028248594,-1.0,-0.08087343307723316,0.058082685385521415,,,628.893877236969,,0.7152586669316179,-0.5681818181818232,0.0,-0.04043671653861658,0.029042515132921665,,,628.893877236969,,0.7152586669316179,-0.5681818181818232,0.0,-0.04043671653861658,0.029042515132921665,,,628.893877236969,,0.7152586669316179,-0.5681818181818232,0.0,-0.04043671653861658,0.029042515132921665,,,628.893877236969,,0.7152586669316179,-0.5681818181818232,0.0,-0.04043671653861658,0.029042515132921665,,,15558164.943975497,14900978.027890502,0.3812274509871685,-1.1299435028248594,-1.0,-0.08087343307723316,0.058082685385521415,30459142.971865997,1575412.8934193049,19.334069880408887,-0.5681818181818232,False,False,rising,rising,buy_advantage_weakening,accelerating,neutral,False,False,False,pass,S0,🌱 초발사 준비,발사 구조 관찰 또는 초기 준비,S0,False,,,2026-09-03T14:00:00Z,33765068330-1
KRW-CPOOL,2026-09-03T23:17:54.803607+09:00,1788445074,26.8,1128.787157261373,10.0,435346.69002305705,0.0,,8,0.0,complete,1788444338835,1788445227260,5048766.90792011,6796727.3462203,-0.1475633182371615,26.9,27.0,0.3717472118959231,-0.3717472118959009,0.740740740740738,199.99999999999403,complete_hourly_ordered,/v1/candles/minutes/60,120,False,17.50972762645915,25.7,2026-08-29T23:00:00,30.2,2026-08-31T14:00:00,D-3,11.258278145695355,75.55555555555553,False,0.6723107569721165,19.273199221284887,,True,,-26.803985110695283,-100.0,0.15261614689734415,0.3745318352059934,0.0,0.024900398406391133,-0.017952656913053033,,,82.15266464298682,-100.0,3.622955448887751,0.7518796992481258,0.0,0.04980079681276006,-0.035906210025022034,,,-77.7058532962352,-100.0,7.004838815260655,-0.3717472118959009,0.0,-0.02490039840636893,0.017951760781230064,,,-77.7058532962352,-100.0,7.004838815260655,-0.3717472118959009,0.0,-0.02490039840636893,0.017951760781230064,,,-77.7058532962352,-100.0,7.004838815260655,-0.3717472118959009,0.0,-0.02490039840636893,0.017951760781230064,,,-77.7058532962352,-100.0,7.004838815260655,-0.3717472118959009,0.0,-0.02490039840636893,0.017951760781230064,,,-159421.60532941192,-30640317.073447116,0.15261614689734415,0.3745318352059934,0.0,0.024900398406391133,-0.017952656913053033,435346.69002305705,1139135.38870536,0.38217291319325386,-0.3717472118959009,False,True,falling,falling,buy_only,accelerating,neutral,True,True,False,🔴 1차 급등 완료·상승분 반납 / 신규매수 금지,S3,🔴 1차 급등 완료·반납,당일/5D 급등 후 상승분 상당 부분 반납,S3,False,,,2026-09-03T14:00:00Z,33765068330-1
KRW-CRO,2026-09-03T23:17:54.803607+09:00,1788445074,75.7,39.01664009908674,11.0,9686018.109756991,11803022.14915833,0.820638814987541,68,0.0,complete,1788444198004,1788445152277,1252102.34679215,895311.01508876,0.16614934881045823,74.9,76.8,2.5367156208277564,1.0680907877169465,1.4322916666666594,57.8947368421054,complete_hourly_ordered,/v1/candles/minutes/60,120,False,11.883691529709228,79.1,2026-08-30T12:00:00,88.5,2026-08-30T23:00:00,D-4,14.237288135593218,134.04255319148922,False,0.737288135593217,8.769438874871692,8.982069198298646,True,-16.443585034920773,-40.23581209248873,1157.2916359786404,0.7757364461515692,0.26490066225166586,0.0,0.008474576271200185,-0.006799660758993298,-0.0195028748150321,0.1145687551260508,114.59842860887264,84.63850669353104,1.352489145690015,0.7989347536617952,0.0,0.025423728813556146,-0.020399373684430344,-0.05867343295097527,-16.680566495518335,275.0840994797366,7899.163229685572,6.294143282319496,0.1322751322751392,0.0,0.008474576271200185,-0.006799660758993298,-0.0195028748150321,-16.680566495518335,275.0840994797366,7899.163229685572,6.294143282319496,0.1322751322751392,0.0,0.008474576271200185,-0.006799660758993298,-0.0195028748150321,-16.680566495518335,275.0840994797366,7899.163229685572,6.294143282319496,0.1322751322751392,0.0,0.008474576271200185,-0.006799660758993298,-0.0195028748150321,-16.680566495518335,275.0840994797366,7899.163229685572,6.294143282319496,0.1322751322751392,0.0,0.008474576271200185,-0.006799660758993298,-0.0195028748150321,-16.443585034920773,-6521042.4207846355,10864256.487206623,0.7757364461515692,0.26490066225166586,0.0,0.008474576271200185,-0.006799660758993298,21489040.25891532,6436209.955259901,3.3387724154886698,0.1322751322751392,False,True,falling,rising,sell_advantage_accelerating,accelerating,neutral,False,False,False,pass,S1,⚡ 선행 시동,가격 미급등 상태에서 선행조건 4개 개선,S1,False,,,2026-09-03T14:00:00Z,33765068330-1
KRW-CRV,2026-09-03T23:17:54.803607+09:00,1788445074,495.0,,,13353822.99346112,14663304.895948306,0.9106966736503573,59,0.0,complete,1788444268168,1788445208935,294948.70371357,438322.19096657,-0.19552594858621913,500.0,510.0,2.0000000000000018,-1.0000000000000009,2.941176470588235,150.0,complete_hourly_ordered,/v1/candles/minutes/60,120,False,140.54054054054052,407.0,2026-08-31T08:00:00,979.0,2026-09-01T21:00:00,D-2,49.336057201225735,84.44055944055943,False,,,,False,0.6981655645764671,167.9625224984012,-37.46504874279649,,1.2269938650306678,,,,,-0.5180544952303435,17.970269854518307,85.07826571081335,,0.2024291497975783,,,,,0.5204445384321799,24.454434805702306,-46.668731394813804,,-2.3668639053254448,,,,,0.5204445384321799,24.454434805702306,-46.668731394813804,,-2.3668639053254448,,,,,0.5204445384321799,24.454434805702306,-46.668731394813804,,-2.3668639053254448,,,,,0.5204445384321799,24.454434805702306,-46.668731394813804,,-2.3668639053254448,,,,,0.6981655645764671,8370356.3247068,-8784870.246363353,,1.2269938650306678,,,,28017127.889409427,12544466.624697736,2.233425200737422,-2.3668639053254448,False,False,rising,falling,sell_advantage_weakening,flat_or_na,neutral,True,True,False,🔴 1차 급등 완료·상승분 반납 / 신규매수 금지,S3,🔴 1차 급등 완료·반납,당일/5D 급등 후 상승분 상당 부분 반납,S3,False,,,2026-09-03T14:00:00Z,33765068330-1
KRW-CTC,2026-09-03T23:17:54.803607+09:00,1788445074,132.0,98.41141914114755,14.0,3528227.13634104,881833.4315414696,4.001013128038931,49,0.0,complete,1788444203535,1788445170251,2984382.20906901,3240458.47932086,-0.041137803049235526,125.0,136.0,8.800000000000008,5.600000000000005,2.941176470588235,36.36363636363637,complete_hourly_ordered,/v1/candles/minutes/60,120,False,15.254237288135597,118.0,2026-08-31T13:00:00,136.0,2026-09-03T21:00:00,D0,2.941176470588236,22.22222222222231,False,2.0509977827050996,13.081453678458024,6.654821869305425,True,3.5674287305127943,-76.95548252513294,-97.5026967155896,1.8653303160610193,-0.7518796992481258,0.0,0.0,0.0,0.0,3.7313112883111392,47.49400211234271,-90.05766728438323,4.185079046659894,-1.4925373134328401,0.0,-0.05543237250553723,0.042080625866214305,0.0496870033973158,3.7752174341168327,130.96766572202677,-86.96542533444924,25.28534333728281,1.538461538461533,1.0,0.11086474501109667,-0.08417615403522127,-0.1006794084838809,3.7752174341168327,130.96766572202677,-86.96542533444924,25.28534333728281,1.538461538461533,1.0,0.11086474501109667,-0.08417615403522127,-0.1006794084838809,3.7752174341168327,130.96766572202677,-86.96542533444924,25.28534333728281,1.538461538461533,1.0,0.11086474501109667,-0.08417615403522127,-0.1006794084838809,3.7752174341168327,130.96766572202677,-86.96542533444924,25.28534333728281,1.538461538461533,1.0,0.11086474501109667,-0.08417615403522127,-0.1006794084838809,3.5674287305127943,-11782256.757231537,-34429593.780618906,1.8653303160610193,-0.7518796992481258,0.0,0.0,0.0,4410060.56788251,10821328.126341492,0.40753413226121965,1.538461538461533,False,False,falling,falling,buy_advantage_accelerating,accelerating,neutral,False,False,False,pass,S2,🚀 발사 진행,가격 상승 초입과 실제 매수수급·구조 동반,S0,True,가격 상승 초입과 실제 매수수급·구조 동반,2026-09-03T23:17:54.803607+09:00,2026-09-03T14:00:00Z,33765068330-1
KRW-CVC,2026-09-03T23:17:54.803607+09:00,1788445074,27.8,356.13025849116593,12.0,0.0,10061306.673161475,0.0,3,0.0,complete,1788444211192,1788444521010,3863647.0434057,7747164.3941476,-0.3344742416693883,27.9,29.8,6.810035842293916,-0.35842293906809264,6.7114093959731544,105.26315789473672,complete_hourly_ordered,/v1/candles/minutes/60,120,False,14.393939393939403,26.4,2026-08-31T08:00:00,30.2,2026-09-02T15:00:00,D-1,7.947019867549665,63.15789473684201,False,0.9338903907593954,16.851828419587502,14.42745780814872,True,0.0,,91.5274226828715,1.306186730541242,0.0,0.0,0.0,0.0,0.0,-11.968454155925283,-100.0,25053.266682897403,1.3158784683550948,0.0,0.0,-0.02457606291472736,0.018140799383029815,0.060158674806524814,-3.003489495421428,-100.0,89.62152528225558,3.421049869366527,0.7246376811594235,0.0,0.049152125829432514,-0.036284353423916116,-0.12145482544598352,-3.003489495421428,-100.0,89.62152528225558,3.421049869366527,0.7246376811594235,0.0,0.049152125829432514,-0.036284353423916116,-0.12145482544598352,-3.003489495421428,-100.0,89.62152528225558,3.421049869366527,0.7246376811594235,0.0,0.049152125829432514,-0.036284353423916116,-0.12145482544598352,-3.003489495421428,-100.0,89.62152528225558,3.421049869366527,0.7246376811594235,0.0,0.049152125829432514,-0.036284353423916116,-0.12145482544598352,0.0,0.0,4808112.883872695,1.306186730541242,0.0,0.0,0.0,0.0,10061306.673161475,8616388.632532168,1.1676941584521678,0.7246376811594235,False,True,flat_or_na,rising,sell_only,accelerating,neutral,False,False,False,pass,S0,🌱 초발사 준비,발사 구조 관찰 또는 초기 준비,S0,False,,,2026-09-03T14:00:00Z,33765068330-1
KRW-CYBER,2026-09-03T23:17:54.803607+09:00,1788445074,414.0,92.02240372464685,6.0,897532.3828749598,4552261.72007094,0.1971618588882392,7,0.0,complete,1788444645732,1788444645915,131213.97690039,32912.81535944,0.5989342762839653,410.0,416.0,1.4634146341463428,0.9756097560975618,0.4807692307692308,33.33333333333333,complete_hourly_ordered,/v1/candles/minutes/60,120,False,4.854368932038833,412.0,2026-08-31T08:00:00,432.0,2026-08-31T14:00:00,D-3,4.1666666666666625,90.0,True,-0.07534659433393598,18.834725664800022,,False,0.1971618588882392,,48.28342263186012,1.8935501936458934,-0.24096385542168308,0.0,-0.015069318866789416,0.010998251589906971,,-1.7275029024982076,-81.94470566203933,76.25309968512381,3.0557912344522578,-0.24096385542168308,0.0,-0.015069318866789416,0.010998251589906971,,-5.382570669444002,-70.98625523537237,721.096617493795,8.941571285977545,-0.24096385542168308,0.0,-0.015069318866789416,0.010998251589906971,,-5.382570669444002,-70.98625523537237,721.096617493795,8.941571285977545,-0.24096385542168308,0.0,-0.015069318866789416,0.010998251589906971,,-5.382570669444002,-70.98625523537237,721.096617493795,8.941571285977545,-0.24096385542168308,0.0,-0.015069318866789416,0.010998251589906971,,-5.382570669444002,-70.98625523537237,721.096617493795,8.941571285977545,-0.24096385542168308,0.0,-0.015069318866789416,0.010998251589906971,,0.1971618588882392,897532.3828749598,1482288.2602778408,1.8935501936458934,-0.24096385542168308,0.0,-0.015069318866789416,0.010998251589906971,5449794.1029459005,1028593.9076738302,5.298295140859462,-0.24096385542168308,False,False,rising,rising,sell_advantage_weakening,accelerating,leading_buy_inflow,False,False,False,pass,S0,🌱 초발사 준비,발사 구조 관찰 또는 초기 준비,S0,False,,,2026-09-03T14:00:00Z,33765068330-1
KRW-DATA,2026-09-03T23:17:54.803607+09:00,1788445074,258.0,77.58480333477573,6.0,19610104.09966219,20030000.42454708,0.979036629256867,86,0.0,complete,1788444243257,1788445349439,2165100.08896336,1368847.96563511,0.22531517470726403,265.0,272.0,2.6415094339622636,-2.6415094339622636,5.147058823529411,200.0,complete_hourly_ordered,/v1/candles/minutes/60,120,False,11.244979919678721,249.0,2026-09-01T05:00:00,277.0,2026-09-02T09:00:00,D-1,6.498194945848379,64.28571428571426,True,0.257003341043438,43.46888868761888,,False,0.7497979066140366,126.36839958884987,-46.996464465442514,0.47883386718616805,0.3891050583657574,0.0,-0.025700334104339362,0.013467175464398906,,-4.404381717624747,10.279502834644827,506.39273455543776,0.9040825735331737,-0.38610038610038533,0.0,0.0,0.0,,0.7552574137340685,168.72639387586608,-38.57698495156681,3.201304858555986,0.3891050583657574,0.0,0.025700334104339362,-0.013467663370178684,,0.7552574137340685,168.72639387586608,-38.57698495156681,3.201304858555986,0.3891050583657574,0.0,0.025700334104339362,-0.013467663370178684,,0.7552574137340685,168.72639387586608,-38.57698495156681,3.201304858555986,0.3891050583657574,0.0,0.025700334104339362,-0.013467663370178684,,0.7552574137340685,168.72639387586608,-38.57698495156681,3.201304858555986,0.3891050583657574,0.0,0.025700334104339362,-0.013467663370178684,,0.7497979066140366,10947188.191222768,-17759932.308313403,0.47883386718616805,0.3891050583657574,0.0,-0.025700334104339362,0.013467175464398906,39640104.52420927,27661679.813425798,1.4330331632632685,0.3891050583657574,False,False,rising,falling,sell_advantage_weakening,accelerating,leading_buy_inflow,False,False,False,pass,S0,🌱 초발사 준비,발사 구조 관찰 또는 초기 준비,S0,False,,,2026-09-03T14:00:00Z,33765068330-1
KRW-DEEP,2026-09-03T23:17:54.803607+09:00,1788445074,20.6,2.768081655362198,6.0,7635619.190404478,2716886.007447464,2.8104304595312057,9,0.0,complete,1788444656093,1788445533173,6364823.6817545,11638878.14475728,-0.2929427799807452,20.4,21.2,3.9215686274509887,0.9803921568627638,2.830188679245273,74.99999999999957,complete_hourly_ordered,/v1/candles/minutes/60,120,False,16.483516483516492,18.2,2026-08-31T08:00:00,21.2,2026-09-03T17:00:00,D0,1.4150943396226467,10.0000000000001,False,0.4094165813715467,33.10793533539789,,True,0.610090279281772,205.91423038479482,139.50614773013288,0.07993549804616862,0.0,0.0,0.0,0.0,,-1.8105717937119192,-31.325654203983312,12.916619440683608,0.1867472808124493,0.0,0.0,0.0,0.0,,2.7570730931842693,1548.846558106666,-68.69585954264883,1.6500591816950738,0.0,0.0,0.0,0.0,,2.7570730931842693,1548.846558106666,-68.69585954264883,1.6500591816950738,0.0,0.0,0.0,0.0,,2.7570730931842693,1548.846558106666,-68.69585954264883,1.6500591816950738,0.0,0.0,0.0,0.0,,2.7570730931842693,1548.846558106666,-68.69585954264883,1.6500591816950738,0.0,0.0,0.0,0.0,,0.610090279281772,5139619.190404478,1582515.957577698,0.07993549804616862,0.0,0.0,0.0,0.0,10352505.197851943,7862312.892473465,1.316725159559895,0.0,False,False,rising,rising,buy_advantage_accelerating,accelerating,leading_buy_inflow,False,False,False,pass,S0,🌱 초발사 준비,발사 구조 관찰 또는 초기 준비,S0,False,,,2026-09-03T14:00:00Z,33765068330-1
KRW-DKA,2026-09-03T23:17:54.803607+09:00,1788445074,4.9,127.54319778162105,8.0,2574324.834180414,223356.8159562465,11.5256157425019,17,0.0,complete,1788444443092,1788445054718,22211053.74151651,12261765.56834894,0.2886125467063344,4.93,5.05,2.4340770791074995,-0.6085192697768638,2.9702970297029596,124.99999999999953,complete_hourly_ordered,/v1/candles/minutes/60,120,False,17.758985200845668,4.73,2026-08-30T06:00:00,5.57,2026-08-30T09:00:00,D-4,12.02872531418312,79.76190476190479,False,0.8156377443397478,21.64599158423959,,True,,,,0.01110621174925086,-0.20366598778003286,0.0,-0.014062719730012496,0.009858955853179197,,11.410102507355408,1671.7352852174156,-82.24312876717225,0.015801690499330334,-0.20366598778003286,0.0,-0.014062719730012496,0.009858955853179197,,,315.1865407362428,,1.3559134636778083,0.0,0.0,-0.014062719730012496,0.009858955853179197,,,315.1865407362428,,1.3559134636778083,0.0,0.0,-0.014062719730012496,0.009858955853179197,,,315.1865407362428,,1.3559134636778083,0.0,0.0,-0.014062719730012496,0.009858955853179197,,,315.1865407362428,,1.3559134636778083,0.0,0.0,-0.014062719730012496,0.009858955853179197,,,2574324.834180414,223356.8159562465,0.01110621174925086,-0.20366598778003286,0.0,-0.014062719730012496,0.009858955853179197,2797681.650136661,1436525.1523749218,1.9475340515349973,0.0,False,False,rising,rising,buy_advantage_weakening,accelerating,neutral,True,True,False,🔴 1차 급등 완료·상승분 반납 / 신규매수 금지,S3,🔴 1차 급등 완료·반납,당일/5D 급등 후 상승분 상당 부분 반납,S3,False,,,2026-09-03T14:00:00Z,33765068330-1
KRW-DOGE,2026-09-03T23:17:54.803607+09:00,1788445074,116.0,-37.14564723939296,11.0,458836552.7902132,65318594.16960244,7.024593205402203,182,0.0,complete,1788444208136,1788445164283,108810001.62361908,93467282.8475,0.07584993449083849,112.0,116.0,3.571428571428581,3.571428571428581,0.0,0.0,complete_hourly_ordered,/v1/candles/minutes/60,120,False,5.454545454545445,110.0,2026-09-02T10:00:00,116.0,2026-09-03T23:00:00,D0,0.8620689655172376,16.6666666666666,False,0.618672665916753,2.6857958795131607,2.4853611100880375,False,-37.429739497209866,-8.15254980261776,481.2460578957105,0.3789038524950996,0.8695652173912993,0.0,0.0,0.0,0.0,5.453128178585099,776.9112167772518,96.17296952218058,0.8213333677359032,1.7543859649122862,0.0,0.0,0.0,0.0,5.353371091150003,889.950845980338,135.5193670934127,1.6321621056754694,0.8695652173912993,0.0,0.0,0.0,0.0,5.353371091150003,889.950845980338,135.5193670934127,1.6321621056754694,0.8695652173912993,0.0,0.0,0.0,0.0,5.353371091150003,889.950845980338,135.5193670934127,1.6321621056754694,0.8695652173912993,0.0,0.0,0.0,0.0,5.353371091150003,889.950845980338,135.5193670934127,1.6321621056754694,0.8695652173912993,0.0,0.0,0.0,0.0,-37.429739497209866,-40727182.298962474,54080910.355268136,0.3789038524950996,0.8695652173912993,0.0,0.0,0.0,524155146.9598157,93183250.1095407,5.624993186475574,0.8695652173912993,False,True,falling,rising,buy_advantage_weakening,accelerating,neutral,False,False,False,pass,S2,🚀 발사 진행,가격 상승 초입과 실제 매수수급·구조 동반,S2,False,,,2026-09-03T14:00:00Z,33765068330-1
KRW-DOOD,2026-09-03T23:17:54.803607+09:00,1788445074,1.84,-12.027984344953445,6.0,529999.9999999824,5010.000000005,105.78842315358352,5,0.0,complete,1788444238866,1788445010043,80532516.34372135,99623072.38455223,-0.10596704868048766,1.83,1.85,1.0928961748633892,0.5464480874316946,0.540540540540541,50.0,complete_hourly_ordered,/v1/candles/minutes/60,120,False,7.777777777777772,1.8,2026-08-31T08:00:00,1.94,2026-09-02T00:00:00,D-1,5.154639175257724,71.4285714285715,True,0.5070626584570803,26.70606490805242,,True,105.78842315358352,,-99.861889441435,0.09239617814079715,0.5464480874316946,0.0,-0.03621876131836288,0.02399161653707438,,105.70342519048697,-32.368990845814515,-99.94566042437437,0.4249357550700896,1.098901098901095,0.0,-0.03621876131836288,0.02399161653707438,,104.69350291363014,-62.55812738446478,-99.61247305776561,0.8669861690044911,0.5464480874316946,0.0,-0.03621876131836288,0.02399161653707438,,104.69350291363014,-62.55812738446478,-99.61247305776561,0.8669861690044911,0.5464480874316946,0.0,-0.03621876131836288,0.02399161653707438,,104.69350291363014,-62.55812738446478,-99.61247305776561,0.8669861690044911,0.5464480874316946,0.0,-0.03621876131836288,0.02399161653707438,,104.69350291363014,-62.55812738446478,-99.61247305776561,0.8669861690044911,0.5464480874316946,0.0,-0.03621876131836288,0.02399161653707438,,105.78842315358352,529999.9999999824,-3622518.591629996,0.09239617814079715,0.5464480874316946,0.0,-0.03621876131836288,0.02399161653707438,535009.9999999874,2429427.9763693465,0.22022056434845705,0.5464480874316946,False,False,rising,falling,buy_advantage_accelerating,accelerating,neutral,False,False,False,pass,S0,🌱 초발사 준비,발사 구조 관찰 또는 초기 준비,S0,False,,,2026-09-03T14:00:00Z,33765068330-1
KRW-DOS,2026-09-03T23:17:54.803607+09:00,1788445074,321.0,,,6567823.84034724,5042362.75295671,1.3025290250083732,39,0.0,complete,1788444269468,1788445455932,941942.73617656,526657.54082382,0.2827761929889875,326.0,332.0,1.8404907975460016,-1.5337423312883458,3.313253012048193,183.33333333333394,complete_hourly_ordered,/v1/candles/minutes/60,120,False,23.015873015873023,378.0,2026-08-30T01:00:00,465.0,2026-08-30T22:00:00,D-4,30.75268817204301,164.36781609195398,False,,,,False,1.081535655079346,28.640772950123328,-78.1741846986175,,0.6269592476489061,,,,,1.1398486203386144,11.270185868677252,-86.1028211139638,,0.9433962264151052,,,,,1.1577604259881713,556.9459635796553,-26.984239926022447,,0.31250000000000444,,,,,1.1577604259881713,556.9459635796553,-26.984239926022447,,0.31250000000000444,,,,,1.1577604259881713,556.9459635796553,-26.984239926022447,,0.31250000000000444,,,,,1.1577604259881713,556.9459635796553,-26.984239926022447,,0.31250000000000444,,,,,1.081535655079346,1462270.0647229906,-18060383.62022144,,0.6269592476489061,,,,11610186.593303949,31846403.599825658,0.36456821747267903,0.31250000000000444,False,False,rising,falling,buy_advantage_accelerating,flat_or_na,neutral,True,True,False,🔴 1차 급등 완료·상승분 반납 / 신규매수 금지,S3,🔴 1차 급등 완료·반납,당일/5D 급등 후 상승분 상당 부분 반납,S3,False,,,2026-09-03T14:00:00Z,33765068330-1
KRW-DOT,2026-09-03T23:17:54.803607+09:00,1788445074,1202.0,-37.87371976252797,9.0,2488883.65528484,1232841.59843902,2.0188186855766186,18,0.0,complete,1788444177939,1788445517898,104018.26002958,66060.53070542,0.22317732363997103,1195.0,1219.0,2.0083682008368298,0.585774058577404,1.3945857260049221,70.83333333333356,complete_hourly_ordered,/v1/candles/minutes/60,120,False,9.236234458259318,1126.0,2026-08-31T08:00:00,1230.0,2026-09-02T13:00:00,D-1,1.8699186991869898,22.11538461538467,False,0.6504697837326878,13.718060991665624,,False,1.6330714863801536,-40.09775282140156,-88.5541360203337,0.20798798502106308,0.16666666666667052,0.0,0.005559570801150215,-0.004251915672725204,,1.3455831591587608,-55.49701806709708,-85.1591484253551,0.35683137745110827,0.2502085070892335,0.0,0.022238283204534248,-0.017007966661502394,,2.0188186855766186,,-0.016908660614312065,1.7020388077141533,-0.08312551953449931,0.0,-0.005559570801128011,0.004251865012465217,,2.0188186855766186,,-0.016908660614312065,1.7020388077141533,-0.08312551953449931,0.0,-0.005559570801128011,0.004251865012465217,,2.0188186855766186,,-0.016908660614312065,1.7020388077141533,-0.08312551953449931,0.0,-0.005559570801128011,0.004251865012465217,,2.0188186855766186,,-0.016908660614312065,1.7020388077141533,-0.08312551953449931,0.0,-0.005559570801128011,0.004251865012465217,,1.6330714863801536,-1666025.0042588296,-9538224.706640054,0.20798798502106308,0.16666666666667052,0.0,0.005559570801150215,-0.004251915672725204,3721725.2537238603,7943273.606881799,0.4685379653169036,-0.08312551953449931,False,False,falling,falling,buy_advantage_accelerating,accelerating,neutral,False,False,False,pass,S0,🌱 초발사 준비,발사 구조 관찰 또는 초기 준비,S0,False,,,2026-09-03T14:00:00Z,33765068330-1
KRW-DRV,2026-09-03T23:17:54.803607+09:00,1788445074,200.0,,,0.0,0.0,,0,0.0,complete,,,927205.76796405,465932.25831915,0.3311039544843573,198.0,200.0,1.0101010101010166,1.0101010101010166,0.0,0.0,complete_hourly_ordered,/v1/candles/minutes/60,120,False,14.507772020725396,193.0,2026-09-01T07:00:00,221.0,2026-09-01T09:00:00,D-2,9.502262443438914,75.00000000000007,False,,,,True,,-100.0,-100.0,,0.5025125628140614,,,,,,-100.0,-100.0,,1.522842639593902,,,,,,,,,2.0408163265306145,,,,,,,,,2.0408163265306145,,,,,,,,,2.0408163265306145,,,,,,,,,2.0408163265306145,,,,,,-46501.41249904,-124181.15688594,,0.5025125628140614,,,,0,2008006.9969205498,0.0,2.0408163265306145,False,False,falling,falling,unavailable,flat_or_na,neutral,False,False,False,pass,S0,🌱 초발사 준비,발사 구조 관찰 또는 초기 준비,S0,False,,,2026-09-03T14:00:00Z,33765068330-1
KRW-EDGE,2026-09-03T23:17:54.803607+09:00,1788445074,93.6,-41.75295243559112,8.0,1055925.710096314,36974.4993182,28.558215244758014,15,0.0,complete,1788444247729,1788445466029,275758.87360424,356030.00645175,-0.12705372851829275,93.0,93.7,0.7526881720430145,0.6451612903225712,0.10672358591249576,14.285714285715972,complete_hourly_ordered,/v1/candles/minutes/60,120,False,3.2494758909853205,95.4,2026-08-30T00:00:00,98.5,2026-08-31T05:00:00,D-3,4.771573604060919,151.61290322580675,True,0.3134359545866161,11.788935336181417,,True,13.221906856005479,-76.12027302331894,-87.1761293899199,0.23559640437511575,0.42918454935620964,0.0,0.027860973741034023,-0.021798910813457084,,25.932193977925206,808.8235337716403,-16.430704544096407,0.258531112603265,0.3215434083601254,0.0,0.020895730305769966,-0.01634905793546082,,,233.38182743346664,,0.274884974778729,0.3215434083601254,0.0,0.020895730305769966,-0.01634905793546082,,,233.38182743346664,,0.274884974778729,0.3215434083601254,0.0,0.020895730305769966,-0.01634905793546082,,,233.38182743346664,,0.274884974778729,0.3215434083601254,0.0,0.020895730305769966,-0.01634905793546082,,,233.38182743346664,,0.274884974778729,0.3215434083601254,0.0,0.020895730305769966,-0.01634905793546082,,13.221906856005479,-3365924.301536745,-251351.080707042,0.23559640437511575,0.42918454935620964,0.0,0.027860973741034023,-0.021798910813457084,1092900.209414514,626043.481509971,1.745725723041663,0.3215434083601254,False,False,falling,falling,buy_advantage_accelerating,accelerating,neutral,False,False,False,pass,S0,🌱 초발사 준비,발사 구조 관찰 또는 초기 준비,S0,False,,,2026-09-03T14:00:00Z,33765068330-1
KRW-EGLD,2026-09-03T23:17:54.803607+09:00,1788445074,6605.0,2600.605803272144,8.0,17695340.754280243,4843774.4670847,3.6532131862304595,45,0.0,complete,1788444195143,1788445158621,10552.42699211,16904.4715541,-0.2313460331763072,7305.0,7490.0,2.532511978097185,-9.58247775496236,11.815754339118826,478.3783783783799,complete_hourly_ordered,/v1/candles/minutes/60,120,False,55.46218487394958,4879.0,2026-08-30T02:00:00,7585.0,2026-09-03T07:00:00,D0,12.920237310481209,36.2158167036216,False,3.5678770123901415,-9.204653337678714,,True,3.585694417993076,2363.40052470087,-54.4713761217013,15.978622870753043,-0.07564296520423675,0.0,-0.04031499449028697,0.036704474915374874,,3.3305413714339247,454.4038464039373,-51.03201315389848,16.313945084245915,0.37993920972645423,0.0,0.020157497245132383,-0.018353700256186656,,3.433274879214983,123.50352682167936,-86.54417774291717,45.73543789180803,0.07575757575757347,0.0,0.0067191657483700595,-0.006117791723220023,,3.433274879214983,123.50352682167936,-86.54417774291717,45.73543789180803,0.07575757575757347,0.0,0.0067191657483700595,-0.006117791723220023,,3.433274879214983,123.50352682167936,-86.54417774291717,45.73543789180803,0.07575757575757347,0.0,0.0067191657483700595,-0.006117791723220023,,3.433274879214983,123.50352682167936,-86.54417774291717,45.73543789180803,0.07575757575757347,0.0,0.0067191657483700595,-0.006117791723220023,,3.585694417993076,16977010.926189095,-5795190.7694497015,15.978622870753043,-0.07564296520423675,0.0,-0.04031499449028697,0.036704474915374874,22539115.221364945,45820635.28827102,0.49189879362354494,0.07575757575757347,False,True,rising,falling,buy_advantage_accelerating,accelerating,leading_buy_inflow,False,False,False,pass,S0,🌱 초발사 준비,발사 구조 관찰 또는 초기 준비,S0,False,,,2026-09-03T14:00:00Z,33765068330-1
KRW-ELF,2026-09-03T23:17:54.803607+09:00,1788445074,88.8,-55.263653688867606,12.0,0.0,0.0,,0,0.0,complete,,,1242190.85136016,1038872.90443125,0.08913295229592094,88.7,90.0,1.465614430665152,0.11273957158961512,1.3333333333333366,92.30769230769312,complete_hourly_ordered,/v1/candles/minutes/60,120,False,6.62790697674418,86.0,2026-09-01T18:00:00,91.7,2026-09-03T00:00:00,D0,3.1624863685932425,50.87719298245608,False,0.684827271343802,7.419975511631968,7.24572183489773,True,,-100.0,-100.0,0.0,0.0,0.0,0.0,0.0,0.0,,-100.0,,0.06360013877507242,0.22573363431150906,0.0,0.015218383807646951,-0.0123741883802726,-0.029666146142037775,,-100.0,,0.1279497566484764,0.6802721088435382,0.0,0.045655151422940854,-0.037123863881881825,-0.08943489981240038,,-100.0,,0.1279497566484764,0.6802721088435382,0.0,0.045655151422940854,-0.037123863881881825,-0.08943489981240038,,-100.0,,0.1279497566484764,0.6802721088435382,0.0,0.045655151422940854,-0.037123863881881825,-0.08943489981240038,,-100.0,,0.1279497566484764,0.6802721088435382,0.0,0.045655151422940854,-0.037123863881881825,-0.08943489981240038,,-1352837.473962283,-1146112.893566032,0.0,0.0,0.0,0.0,0.0,0,1620220.8421908885,0.0,0.6802721088435382,False,True,falling,falling,unavailable,flat_or_na,neutral,False,False,False,pass,S0,🌱 초발사 준비,발사 구조 관찰 또는 초기 준비,S1,True,발사 구조 관찰 또는 초기 준비,2026-09-03T23:17:54.803607+09:00,2026-09-03T14:00:00Z,33765068330-1
KRW-ELSA,2026-09-03T23:17:54.803607+09:00,1788445074,63.0,9.225445723451475,5.0,259529.38726098998,2428156.2484844686,0.10688331421133834,9,0.0,complete,1788444430416,1788444863709,759564.74231559,1131456.20820521,-0.19666173755885602,63.3,63.4,0.15797788309637184,-0.4739336492890933,0.6309148264984206,399.99999999998596,complete_hourly_ordered,/v1/candles/minutes/60,120,False,6.581059390048161,62.3,2026-08-31T08:00:00,66.4,2026-08-31T14:00:00,D-3,5.120481927710852,82.92682926829265,False,0.22411953041623356,18.215564820761795,,True,0.03590247231298804,-34.66413515243444,-56.610676537712834,0.14111090267536852,0.15898251192369983,0.0,0.01067235859126825,-0.00781858877445174,,,-86.02250898422527,,0.45578250591997715,0.0,0.0,0.0,0.0,,-0.87174076555774,-96.22165513077186,-65.40545829831352,3.02922757907238,-0.15847860538827918,0.0,-0.010672358591246045,0.00781841854977472,,-0.87174076555774,-96.22165513077186,-65.40545829831352,3.02922757907238,-0.15847860538827918,0.0,-0.010672358591246045,0.00781841854977472,,-0.87174076555774,-96.22165513077186,-65.40545829831352,3.02922757907238,-0.15847860538827918,0.0,-0.010672358591246045,0.00781841854977472,,-0.87174076555774,-96.22165513077186,-65.40545829831352,3.02922757907238,-0.15847860538827918,0.0,-0.010672358591246045,0.00781841854977472,,0.03590247231298804,-137694.07930901006,-3168050.501765871,0.14111090267536852,0.15898251192369983,0.0,0.01067235859126825,-0.00781858877445174,2687685.6357454583,1893000.0,1.4198022375834434,-0.15847860538827918,False,False,falling,falling,sell_advantage_weakening,accelerating,neutral,False,False,False,pass,S0,🌱 초발사 준비,발사 구조 관찰 또는 초기 준비,S0,False,,,2026-09-03T14:00:00Z,33765068330-1
KRW-ENA,2026-09-03T23:17:54.803607+09:00,1788445074,216.0,-46.932431626009574,7.0,287218024.90164036,104958516.87128974,2.7364908867172235,133,0.0,complete,1788444206887,1788445416566,8444760.09054273,5503115.9526113,0.2109026585001279,206.0,217.0,5.339805825242716,4.854368932038833,0.4608294930875576,9.090909090909092,complete_hourly_ordered,/v1/candles/minutes/60,120,False,14.925373134328357,201.0,2026-08-31T13:00:00,231.0,2026-09-01T21:00:00,D-2,6.060606060606055,46.66666666666661,True,2.8748774910160035,-47.183921476980615,,True,2.166232255705869,118.02601191332589,-54.56545618987608,0.25820639606068596,0.46511627906977715,1.0,0.06533812479581069,-0.07629029782904695,,1.8923111538147244,-21.089515516087452,-75.65691446729099,0.7205705347374973,1.4084507042253502,1.0,0.1306762495916436,-0.15259842882727526,,-0.7673494917121575,-21.080849138271095,1.0491607199932584,2.255593428190082,1.8867924528301883,1.0,0.1306762495916436,-0.15259842882727526,,-0.7673494917121575,-21.080849138271095,1.0491607199932584,2.255593428190082,1.8867924528301883,1.0,0.1306762495916436,-0.15259842882727526,,-0.7673494917121575,-21.080849138271095,1.0491607199932584,2.255593428190082,1.8867924528301883,1.0,0.1306762495916436,-0.15259842882727526,,-0.7673494917121575,-21.080849138271095,1.0491607199932584,2.255593428190082,1.8867924528301883,1.0,0.1306762495916436,-0.15259842882727526,,2.166232255705869,155482356.1247326,-126051873.17449398,0.25820639606068596,0.46511627906977715,1.0,0.06533812479581069,-0.07629029782904695,392176541.7729301,150734156.41835102,2.6017762071422905,1.8867924528301883,False,False,rising,falling,buy_advantage_accelerating,accelerating,leading_buy_inflow,False,False,False,pass,S0,🌱 초발사 준비,발사 구조 관찰 또는 초기 준비,S0,False,,,2026-09-03T14:00:00Z,33765068330-1
KRW-ENS,2026-09-03T23:17:54.803607+09:00,1788445074,7650.0,3.899114484297206,9.0,48962584.5692279,63260210.64560371,0.773987061844072,137,0.0,complete,1788444194076,1788445410240,34951.18222441,12262.45485731,0.48055453401798054,7435.0,7650.0,2.891728312037656,2.891728312037656,0.0,0.0,complete_hourly_ordered,/v1/candles/minutes/60,120,False,14.970453053184496,7615.0,2026-08-30T19:00:00,8755.0,2026-09-01T14:00:00,D-2,12.164477441462019,93.42105263157893,True,1.5616866215512726,-6.3849365255175945,,True,0.24548996290207925,-9.41969806937244,-38.14957749090816,0.5094730184150187,0.7905138339920903,0.0,0.026028110359188616,-0.023639386652846817,,0.05944801588782467,59.07786964654109,46.85949522098245,1.2852645160467135,1.458885941644561,1.0,0.07374631268437515,-0.0669824474208287,,-0.32488218231164356,350.56791089803517,539.6944394777105,2.8898041122298324,1.2574454003970947,1.0,0.043380183931973626,-0.039399872957161186,,-0.32488218231164356,350.56791089803517,539.6944394777105,2.8898041122298324,1.2574454003970947,1.0,0.043380183931973626,-0.039399872957161186,,-0.32488218231164356,350.56791089803517,539.6944394777105,2.8898041122298324,1.2574454003970947,1.0,0.043380183931973626,-0.039399872957161186,,-0.32488218231164356,350.56791089803517,539.6944394777105,2.8898041122298324,1.2574454003970947,1.0,0.043380183931973626,-0.039399872957161186,,0.24548996290207925,-5091755.641215108,-39019140.21300139,0.5094730184150187,0.7905138339920903,0.0,0.026028110359188616,-0.023639386652846817,112222795.2148316,26957590.69357825,4.162938613114449,1.2574454003970947,False,False,falling,falling,sell_advantage_weakening,accelerating,neutral,False,False,False,pass,S0,🌱 초발사 준비,발사 구조 관찰 또는 초기 준비,S0,False,,,2026-09-03T14:00:00Z,33765068330-1
KRW-ENSO,2026-09-03T23:17:54.803607+09:00,1788445074,1183.0,22.94611813800447,4.0,73754.79189135,9918.939898139999,7.435753482605587,3,0.0,complete,1788444808082,1788445479997,160059.92373438,66570.20688358,0.412521126806389,1184.0,1191.0,0.591216216216206,-0.08445945945946276,0.6717044500419815,114.2857142857151,complete_hourly_ordered,/v1/candles/minutes/60,120,False,15.378006872852223,1164.0,2026-08-31T08:00:00,1343.0,2026-08-31T20:00:00,D-3,11.764705882352944,88.26815642458104,True,0.15266312337440802,-5.61211561107219,,True,7.356269570297857,-88.22101718966341,-99.87408947338542,0.07280916712641883,0.16934801016088574,0.0,0.011308379509200606,-0.010350712285548624,,6.92809519133019,-96.73531571922706,-99.7771114860911,0.08588845811123846,0.3392705682782049,0.0,0.022616759018423416,-0.020701733156114344,,5.081654336820986,-92.81898493390277,-97.72654896742998,0.41524527273937295,0.3392705682782049,0.0,0.022616759018423416,-0.020701733156114344,,5.081654336820986,-92.81898493390277,-97.72654896742998,0.41524527273937295,0.3392705682782049,0.0,0.022616759018423416,-0.020701733156114344,,5.081654336820986,-92.81898493390277,-97.72654896742998,0.41524527273937295,0.3392705682782049,0.0,0.022616759018423416,-0.020701733156114344,,5.081654336820986,-92.81898493390277,-97.72654896742998,0.41524527273937295,0.3392705682782049,0.0,0.022616759018423416,-0.020701733156114344,,7.356269570297857,-552401.0746969499,-7867849.6350064,0.07280916712641883,0.16934801016088574,0.0,0.011308379509200606,-0.010350712285548624,83673.73178949,7606637.550540615,0.011000094487681116,0.3392705682782049,False,False,falling,falling,buy_advantage_accelerating,accelerating,neutral,True,True,False,🔴 1차 급등 완료·상승분 반납 / 신규매수 금지,S3,🔴 1차 급등 완료·반납,당일/5D 급등 후 상승분 상당 부분 반납,S3,False,,,2026-09-03T14:00:00Z,33765068330-1
KRW-ERA,2026-09-03T23:17:54.803607+09:00,1788445074,79.6,136.75704338697705,7.0,13283426.75090321,884275.9999998871,15.021810781820276,15,0.0,complete,1788445008519,1788445228536,1034959.8440961,914355.99373938,0.06186983556786694,80.7,80.7,0.0,-1.363073110285018,1.3630731102850169,,complete_hourly_ordered,/v1/candles/minutes/60,120,False,28.301886792452823,79.5,2026-08-30T00:00:00,102.0,2026-08-31T01:00:00,D-3,21.666666666666657,98.22222222222223,False,-0.00816459830175198,38.29022038307226,,True,14.914341325098341,2558.0136928576535,-80.98396447140831,0.02468464043226959,0.25188916876572875,0.0,-0.00816459830175198,0.004650061223046009,,15.016206428455153,27923.929791665603,-89.54480205395741,0.11559491710153225,0.25188916876572875,0.0,-0.00816459830175198,0.004650061223046009,,14.728486755160924,457.26565016507317,-89.11852859821778,0.7944684004574469,-0.25062656641604564,0.0,-0.04898758981057849,0.027899488724912658,,14.728486755160924,457.26565016507317,-89.11852859821778,0.7944684004574469,-0.25062656641604564,0.0,-0.04898758981057849,0.027899488724912658,,14.728486755160924,457.26565016507317,-89.11852859821778,0.7944684004574469,-0.25062656641604564,0.0,-0.04898758981057849,0.027899488724912658,,14.728486755160924,457.26565016507317,-89.11852859821778,0.7944684004574469,-0.25062656641604564,0.0,-0.04898758981057849,0.027899488724912658,,14.914341325098341,12783676.62596604,-3765883.591205799,0.02468464043226959,0.25188916876572875,0.0,-0.00816459830175198,0.004650061223046009,14167702.750903096,5797338.186523426,2.443828925460574,-0.25062656641604564,False,False,rising,falling,buy_advantage_accelerating,accelerating,leading_buy_inflow,True,True,True,⚡ 2차 시동/재점화,S4,⚡ 2차 시동·재점화,Higher Low·BID 증가·ASK 감소·ratio 및 거래대금 재가속 확인,S3,True,Higher Low·BID 증가·ASK 감소·ratio 및 거래대금 재가속 확인,2026-09-03T23:17:54.803607+09:00,2026-09-03T14:00:00Z,33765068330-1
KRW-ESP,2026-09-03T23:17:54.803607+09:00,1788445074,113.0,-54.60174771986024,5.0,453660.16991466004,954656.54800698,0.47520772874994527,3,0.0,complete,1788444286370,1788444464989,943076.15248609,1990220.79019057,-0.35698555521929226,114.0,119.0,4.385964912280693,-0.8771929824561431,5.042016806722689,120.00000000000011,complete_hourly_ordered,/v1/candles/minutes/60,120,False,12.264150943396235,106.0,2026-09-01T07:00:00,119.0,2026-09-03T16:00:00,D0,5.042016806722693,46.15384615384611,False,0.2272727272727204,-13.940607489463403,,True,0.47520772874994527,,54.39049242185949,0.043023273448028476,-0.8771929824561431,0.0,-0.056818181818196756,0.055388118622891724,,-0.06569018947569055,-96.68379870712788,-96.2253846745082,0.05614980802265279,-0.8771929824561431,0.0,-0.056818181818196756,0.055388118622891724,,,,,1.8451058690807258,-2.5862068965517238,0.0,-0.17045454545454586,0.16613753007099952,,,,,1.8451058690807258,-2.5862068965517238,0.0,-0.17045454545454586,0.16613753007099952,,,,,1.8451058690807258,-2.5862068965517238,0.0,-0.17045454545454586,0.16613753007099952,,,,,1.8451058690807258,-2.5862068965517238,0.0,-0.17045454545454586,0.16613753007099952,,0.47520772874994527,453660.16991466004,336317.5991302199,0.043023273448028476,-0.8771929824561431,0.0,-0.056818181818196756,0.055388118622891724,1408316.71792164,3290582.2250277447,0.42798405315939664,-2.5862068965517238,False,False,rising,rising,sell_advantage_weakening,accelerating,leading_buy_inflow,False,False,False,pass,S0,🌱 초발사 준비,발사 구조 관찰 또는 초기 준비,S0,False,,,2026-09-03T14:00:00Z,33765068330-1
KRW-ETC,2026-09-03T23:17:54.803607+09:00,1788445074,10200.0,-42.30663360443376,12.0,13027889.434606096,20028307.6344703,0.6504738029979162,56,0.0,complete,1788444521859,1788445237913,15604.05883299,12543.05201629,0.10875030240548832,10010.0,10240.0,2.2977022977022976,1.8981018981018893,0.390625,17.391304347826463,complete_hourly_ordered,/v1/candles/minutes/60,120,False,4.223918575063612,9825.0,2026-09-02T19:00:00,10240.0,2026-09-03T21:00:00,D0,0.1953125,4.81927710843378,False,0.7667875132343127,3.8378519051482525,3.726547195559883,False,0.10866519403276687,234.0791304187238,178.26939086897445,0.15088485639298455,0.3937007874015741,0.0,0.0,0.0,0.0,-0.12737961157956668,136.29320497575824,182.56553220858825,0.279086412494415,0.3937007874015741,0.0,-0.006416631909900161,0.005387325020120848,0.009120316295954556,-14.666538898236348,290.1624146232967,9087.337957019014,0.979347176833322,0.19646365422396617,0.0,-0.006416631909900161,0.005387325020120848,0.009120316295954556,-14.666538898236348,290.1624146232967,9087.337957019014,0.979347176833322,0.19646365422396617,0.0,-0.006416631909900161,0.005387325020120848,0.009120316295954556,-14.666538898236348,290.1624146232967,9087.337957019014,0.979347176833322,0.19646365422396617,0.0,-0.006416631909900161,0.005387325020120848,0.009120316295954556,-14.666538898236348,290.1624146232967,9087.337957019014,0.979347176833322,0.19646365422396617,0.0,-0.006416631909900161,0.005387325020120848,0.009120316295954556,0.10866519403276687,9128247.628702994,12830854.9890585,0.15088485639298455,0.3937007874015741,0.0,0.0,0.0,33056197.069076397,6676799.006251201,4.950904922872067,0.19646365422396617,False,True,rising,rising,sell_advantage_weakening,accelerating,leading_buy_inflow,False,False,False,pass,S1,⚡ 선행 시동,가격 미급등 상태에서 선행조건 3개 개선,S0,True,가격 미급등 상태에서 선행조건 3개 개선,2026-09-03T23:17:54.803607+09:00,2026-09-03T14:00:00Z,33765068330-1
KRW-ETH,2026-09-03T23:17:54.803607+09:00,1788445074,3356000.0,-36.022744952639876,6.0,1303017595.6630497,685168629.0276599,1.9017473078301832,1227,0.0,complete,1788444176727,1788445269324,401.91562656,420.40267086,-0.022481616130885753,3294000.0,3356000.0,1.88221007893139,1.88221007893139,0.0,0.0,complete_hourly_ordered,/v1/candles/minutes/60,120,False,3.641975308641965,3240000.0,2026-09-02T19:00:00,3358000.0,2026-09-03T23:00:00,D0,0.1191185229303171,3.3898305084742355,False,0.5038882717028903,-18.409274169987498,,True,0.7052005515507551,-22.362678359639986,-51.15193012630748,0.3463599608751764,0.5995203836930418,0.0,0.02182193302648905,-0.02190502313688114,,0.32595591610109165,19.717704995635764,-0.8016847491016721,0.9335801426569432,0.5693736889421652,0.0,0.029757181399769905,-0.02987083518358702,,1.2737956430456596,418.41777521216426,71.1801056102437,2.6043125848515487,1.6046018770814463,1.0,0.09919060466592189,-0.09957963350075971,,1.2737956430456596,418.41777521216426,71.1801056102437,2.6043125848515487,1.6046018770814463,1.0,0.09919060466592189,-0.09957963350075971,,1.2737956430456596,418.41777521216426,71.1801056102437,2.6043125848515487,1.6046018770814463,1.0,0.09919060466592189,-0.09957963350075971,,1.2737956430456596,418.41777521216426,71.1801056102437,2.6043125848515487,1.6046018770814463,1.0,0.09919060466592189,-0.09957963350075971,,0.7052005515507551,-375321594.98939013,-717483780.3701215,0.3463599608751764,0.5995203836930418,0.0,0.02182193302648905,-0.02190502313688114,1988186224.6907096,615834333.086165,3.2284432969613777,1.6046018770814463,False,False,falling,falling,buy_advantage_accelerating,accelerating,neutral,False,False,False,pass,S0,🌱 초발사 준비,발사 구조 관찰 또는 초기 준비,S0,False,,,2026-09-03T14:00:00Z,33765068330-1
KRW-ETHFI,2026-09-03T23:17:54.803607+09:00,1788445074,775.0,-24.03780480750556,6.0,27999609.62930958,24086533.644562103,1.1624590753693158,39,0.0,complete,1788444431531,1788445133526,131690.98945623,70230.98902382,0.30437499124684075,772.0,792.0,2.590673575129543,0.38860103626943143,2.146464646464646,85.0,complete_hourly_ordered,/v1/candles/minutes/60,120,False,16.527777777777786,720.0,2026-08-31T08:00:00,839.0,2026-09-02T16:00:00,D-1,7.5089392133492305,52.94117647058829,True,0.4264392324093924,-30.955194417026945,,True,1.1624590753693158,,318.2215414572549,0.2351282717126928,0.0,0.0,-0.025586353944562212,0.027901668382313005,,1.009809098951242,3659.4759259731795,393.6809592731663,0.3869783790332413,0.6493506493506551,0.0,-0.008528784648187404,0.009300814713263605,,-11.572854669728914,2505.3881960382123,28443.31546577726,2.239653095869265,-0.2574002574002532,0.0,-0.034115138592749616,0.03720170735966022,,-11.572854669728914,2505.3881960382123,28443.31546577726,2.239653095869265,-0.2574002574002532,0.0,-0.034115138592749616,0.03720170735966022,,-11.572854669728914,2505.3881960382123,28443.31546577726,2.239653095869265,-0.2574002574002532,0.0,-0.034115138592749616,0.03720170735966022,,-11.572854669728914,2505.3881960382123,28443.31546577726,2.239653095869265,-0.2574002574002532,0.0,-0.034115138592749616,0.03720170735966022,,1.1624590753693158,27999609.62930958,18327257.457918353,0.2351282717126928,0.0,0.0,-0.025586353944562212,0.027901668382313005,52086143.27387168,4149509.043125825,12.552362877762327,-0.2574002574002532,False,True,rising,rising,buy_advantage_accelerating,accelerating,leading_buy_inflow,False,True,False,pass,S0,🌱 초발사 준비,발사 구조 관찰 또는 초기 준비,S0,False,,,2026-09-03T14:00:00Z,33765068330-1
KRW-EUL,2026-09-03T23:17:54.803607+09:00,1788445074,1888.0,,,2645025.87061049,10279010.35089145,0.25732300876427266,31,0.0,complete,1788444182641,1788445039641,56416.97882377,48575.4582389,0.07468652794666909,1860.0,1912.0,2.7956989247311936,1.505376344086029,1.2552301255230125,46.1538461538461,complete_hourly_ordered,/v1/candles/minutes/60,120,False,13.069189828503847,1691.0,2026-08-31T11:00:00,1912.0,2026-09-03T22:00:00,D0,1.2552301255230103,10.859728506787423,False,,,,False,-6.769535265849743,-30.326550308716136,1802.6104926846965,,-1.1000523834468257,,,,,-0.9089084239748448,-61.1916630355425,75.88595220314265,,-0.31678986272439813,,,,,0.25732300876427266,,68.88202101405642,,0.9625668449197766,,,,,0.25732300876427266,,68.88202101405642,,0.9625668449197766,,,,,0.25732300876427266,,68.88202101405642,,0.9625668449197766,,,,,0.25732300876427266,,68.88202101405642,,0.9625668449197766,,,,,-6.769535265849743,-1151292.3572515394,9738752.090442821,,-1.1000523834468257,,,,12924036.22150194,4263158.05824295,3.0315639356868114,0.9625668449197766,False,False,falling,rising,sell_advantage_accelerating,flat_or_na,neutral,False,False,False,pass,S0,🌱 초발사 준비,발사 구조 관찰 또는 초기 준비,S0,False,,,2026-09-03T14:00:00Z,33765068330-1
KRW-EURC,2026-09-03T23:17:54.803607+09:00,1788445074,1591.0,,,2470274.9999890802,7185.36966,343.7923331545172,5,0.0,complete,1788444925555,1788444929712,18104.37105874,80760.10704611,-0.6337537727243239,1588.0,1598.0,0.6297229219143663,0.18891687657429657,0.4380475594493116,70.00000000000212,complete_hourly_ordered,/v1/candles/minutes/60,120,False,1.643489254108732,1582.0,2026-08-30T22:00:00,1608.0,2026-08-31T08:00:00,D-3,1.0572139303482553,65.38461538461523,False,,,,False,,268.8061470236325,,,-0.31328320802005427,,,,,,38594.783834415415,,,-0.31328320802005427,,,,,,,,,-0.18820577164366803,,,,,,,,,-0.18820577164366803,,,,,,,,,-0.18820577164366803,,,,,,,,,-0.18820577164366803,,,,,,1800471.9015524401,7185.36966,,-0.31328320802005427,,,,2477460.36964908,154664.44929101501,16.018292380736547,-0.18820577164366803,False,False,rising,rising,buy_advantage_weakening,flat_or_na,neutral,False,False,False,pass,S0,🌱 초발사 준비,발사 구조 관찰 또는 초기 준비,S0,False,,,2026-09-03T14:00:00Z,33765068330-1
KRW-F,2026-09-03T23:17:54.803607+09:00,1788445074,4.68,391.7227285829624,11.0,854767.7326760447,258764.86102706904,3.3032604553932408,7,0.0,complete,1788445194505,1788445200314,10143072.32579365,12362381.5721141,-0.09861206338641194,4.62,4.72,2.1645021645021467,1.298701298701288,0.8474576271186449,40.0,complete_hourly_ordered,/v1/candles/minutes/60,120,False,11.99999999999999,4.25,2026-08-31T08:00:00,4.76,2026-08-31T09:00:00,D-3,1.4705882352941013,13.725490196078367,False,1.2787334449688048,20.188342555520563,,True,0.37844254300416713,-93.4655013522955,-94.21413510942386,3.4630330325484806,0.0,0.0,0.07611508601004235,-0.054001705299445035,,3.3032604553932408,,580.8863381840416,3.6771671988854564,1.298701298701288,0.0,0.09133810321206859,-0.06480301818108813,,3.3032604553932408,,-70.81633395565767,4.0791173901877755,1.5184381778741818,0.0,0.10656112041407262,-0.0756046550373135,,3.3032604553932408,,-70.81633395565767,4.0791173901877755,1.5184381778741818,0.0,0.10656112041407262,-0.0756046550373135,,3.3032604553932408,,-70.81633395565767,4.0791173901877755,1.5184381778741818,0.0,0.10656112041407262,-0.0756046550373135,,3.3032604553932408,,-70.81633395565767,4.0791173901877755,1.5184381778741818,0.0,0.10656112041407262,-0.0756046550373135,,0.37844254300416713,-12226078.691193305,-4213597.800751265,3.4630330325484806,0.0,0.0,0.07611508601004235,-0.054001705299445035,1113532.5937031137,3467021.2427206635,0.3211784744731749,1.5184381778741818,False,True,falling,falling,buy_advantage_accelerating,accelerating,neutral,False,False,False,pass,S1,⚡ 선행 시동,가격 미급등 상태에서 선행조건 6개 개선,S1,False,,,2026-09-03T14:00:00Z,33765068330-1
KRW-FCT2,2026-09-03T23:17:54.803607+09:00,1788445074,9.72,-4.265081952087424,6.0,0.0,0.0,,0,0.0,complete,,,15937298.4630679,18525495.75942724,-0.07510120275360394,10.1,10.2,0.990099009900991,-3.7623762376237546,4.705882352941163,479.9999999999989,complete_hourly_ordered,/v1/candles/minutes/60,120,False,12.07834602829163,9.19,2026-08-31T14:00:00,10.3,2026-09-02T19:00:00,D-1,5.631067961165048,52.252252252252106,False,0.8455750627015535,24.951504849515054,,True,,-100.0,-100.0,0.06459384880831376,-0.4098360655737654,0.0,-0.028663561447506147,0.01932959171436366,,,-100.0,,0.07600733543053906,-0.4098360655737654,0.0,-0.03582945180937713,0.02416182858451066,,,-100.0,-100.0,0.21036166431319625,0.20618556701033075,0.0,0.007165890361870986,-0.004832558993488334,,,-100.0,-100.0,0.21036166431319625,0.20618556701033075,0.0,0.007165890361870986,-0.004832558993488334,,,-100.0,-100.0,0.21036166431319625,0.20618556701033075,0.0,0.007165890361870986,-0.004832558993488334,,,-100.0,-100.0,0.21036166431319625,0.20618556701033075,0.0,0.007165890361870986,-0.004832558993488334,,,-289335.749999912,-1693914.12,0.06459384880831376,-0.4098360655737654,0.0,-0.028663561447506147,0.01932959171436366,0,2248087.872782626,0.0,0.20618556701033075,False,False,falling,falling,unavailable,accelerating,neutral,False,False,False,pass,S0,🌱 초발사 준비,발사 구조 관찰 또는 초기 준비,S0,False,,,2026-09-03T14:00:00Z,33765068330-1
KRW-FF,2026-09-03T23:17:54.803607+09:00,1788445074,137.0,56.698514550514176,10.0,8663269.56005389,20085041.15962468,0.43132944021389186,59,0.0,complete,1788444208018,1788445209591,3331931.73829291,2528078.65433071,0.13717605091179752,145.0,158.0,8.965517241379306,-5.517241379310345,13.291139240506327,161.53846153846158,complete_hourly_ordered,/v1/candles/minutes/60,120,False,41.071428571428584,112.0,2026-09-01T16:00:00,158.0,2026-09-03T19:00:00,D0,13.291139240506332,45.65217391304348,False,2.5403136735144605,-13.20053039886603,,True,0.38965067685919497,1438.9933786669078,48.710787749835504,0.1809068665752136,0.7352941176470562,0.0,-0.11044842058760551,0.10466153664241418,,-7.654993923958951,40.04554186834881,2525.495576413015,0.3139421171167953,-1.4388489208633115,0.0,-0.22089684117516661,0.20929117935157038,,0.004416229114607706,18.310144390675553,17.098808795422784,0.8824855883532621,0.0,0.0,-0.055224210293802756,0.052334755974245084,,0.004416229114607706,18.310144390675553,17.098808795422784,0.8824855883532621,0.0,0.0,-0.055224210293802756,0.052334755974245084,,0.004416229114607706,18.310144390675553,17.098808795422784,0.8824855883532621,0.0,0.0,-0.055224210293802756,0.052334755974245084,,0.004416229114607706,18.310144390675553,17.098808795422784,0.8824855883532621,0.0,0.0,-0.055224210293802756,0.052334755974245084,,0.38965067685919497,8100351.63719979,6578932.111630011,0.1809068665752136,0.7352941176470562,0.0,-0.11044842058760551,0.10466153664241418,28748310.719678573,128366697.95935701,0.22395458617141306,0.0,False,False,rising,rising,sell_advantage_weakening,accelerating,neutral,False,True,False,pass,S0,🌱 초발사 준비,발사 구조 관찰 또는 초기 준비,S0,False,,,2026-09-03T14:00:00Z,33765068330-1
KRW-FIL,2026-09-03T23:17:54.803607+09:00,1788445074,1080.0,96.96236584094133,10.0,783061.3594332001,2528238.9357402,0.30972601060901744,10,0.0,complete,1788444214011,1788444994780,129669.04884991,93216.83431764,0.16354653787053794,1102.0,1146.0,3.992740471869327,-1.9963702359346636,5.7591623036649215,150.0,complete_hourly_ordered,/v1/candles/minutes/60,120,False,26.211453744493383,908.0,2026-08-31T08:00:00,1146.0,2026-09-03T10:00:00,D0,5.759162303664922,27.731092436974798,True,0.9872780280943516,13.91028673506131,14.413007345215728,True,-0.052370633806121725,-98.052340288238,-97.72301640180346,2.25256088376004,0.3717472118959009,-1.0,-0.026504108136760074,0.020162258420976187,0.0807736548828295,0.21955860225750282,-62.71589525527187,-89.14585478007423,2.5036296107942633,-0.09250693802035359,-1.0,-0.03975616220515121,0.030242960570538102,0.12090724661734953,-0.421861876211066,-73.2051083259362,-36.709163886958784,4.1989981690626195,-0.5524861878453025,-1.0,-0.08613835144446469,0.06552317622989179,0.26006326088049647,-0.421861876211066,-73.2051083259362,-36.709163886958784,4.1989981690626195,-0.5524861878453025,-1.0,-0.08613835144446469,0.06552317622989179,0.26006326088049647,-0.421861876211066,-73.2051083259362,-36.709163886958784,4.1989981690626195,-0.5524861878453025,-1.0,-0.08613835144446469,0.06552317622989179,0.26006326088049647,-0.421861876211066,-73.2051083259362,-36.709163886958784,4.1989981690626195,-0.5524861878453025,-1.0,-0.08613835144446469,0.06552317622989179,0.26006326088049647,-0.052370633806121725,-39422183.6689594,-108506330.55973902,2.25256088376004,0.3717472118959009,-1.0,-0.026504108136760074,0.020162258420976187,3311300.2951734,8184920.621987425,0.4045610761670851,-0.5524861878453025,False,True,falling,falling,sell_advantage_accelerating,accelerating,neutral,False,False,False,pass,S1,⚡ 선행 시동,가격 미급등 상태에서 선행조건 3개 개선,S1,False,,,2026-09-03T14:00:00Z,33765068330-1
KRW-FLOCK,2026-09-03T23:17:54.803607+09:00,1788445074,53.7,3310.1428413192175,10.0,28577652.35522744,39302407.818205535,0.7271221775371683,167,0.0,complete,1788444176047,1788445565245,1416053.33084002,1882669.79158253,-0.14145366053026948,52.7,55.8,5.88235294117645,1.8975332068311257,3.7634408602150433,67.74193548387075,complete_hourly_ordered,/v1/candles/minutes/60,120,False,58.468677494199525,43.1,2026-08-30T11:00:00,68.3,2026-08-31T16:00:00,D-3,21.376281112737917,57.93650793650792,True,1.7367590067460803,21.490875861878006,13.161948979650457,True,-0.4316257726803867,-78.10480460702456,-65.10763450076963,2.643200619442723,-0.37105751391465214,0.0,-0.028706760442087642,0.019978149079637575,0.04433557253124221,-2.2760431588752175,-84.6090944427999,-36.43236928636057,8.34227610175867,-1.8281535648994485,0.0,-0.143533802210416,0.0998796826875683,0.21951020233883156,0.4112376051332058,23.45317792676349,-46.368085686242765,25.374182849294357,1.5122873345935872,0.0,0.11482704176832836,-0.07992366178644517,-0.17955871501669485,0.4112376051332058,23.45317792676349,-46.368085686242765,25.374182849294357,1.5122873345935872,0.0,0.11482704176832836,-0.07992366178644517,-0.17955871501669485,0.4112376051332058,23.45317792676349,-46.368085686242765,25.374182849294357,1.5122873345935872,0.0,0.11482704176832836,-0.07992366178644517,-0.17955871501669485,0.4112376051332058,23.45317792676349,-46.368085686242765,25.374182849294357,1.5122873345935872,0.0,0.11482704176832836,-0.07992366178644517,-0.17955871501669485,-0.4316257726803867,-101942545.53437853,-73336581.41590771,2.643200619442723,-0.37105751391465214,0.0,-0.028706760442087642,0.019978149079637575,67880060.17343298,75317146.45778498,0.9012563986539178,1.5122873345935872,False,True,falling,falling,sell_advantage_accelerating,accelerating,neutral,False,True,False,pass,S1,⚡ 선행 시동,가격 미급등 상태에서 선행조건 3개 개선,S2,True,가격 미급등 상태에서 선행조건 3개 개선,2026-09-03T23:17:54.803607+09:00,2026-09-03T14:00:00Z,33765068330-1
KRW-FLUID,2026-09-03T23:17:54.803607+09:00,1788445074,1742.0,-95.37202479632623,6.0,147905.27780392,19349.999984640002,7.64368361350527,4,0.0,complete,1788444251127,1788444740669,24139.03462995,32093.61062667,-0.14145832835035527,1732.0,1756.0,1.385681293302543,0.5773672055427337,0.7972665148063782,58.3333333333328,complete_hourly_ordered,/v1/candles/minutes/60,120,False,6.552706552706544,1755.0,2026-08-31T08:00:00,1870.0,2026-08-31T16:00:00,D-3,6.844919786096259,111.304347826087,False,0.3186929924173132,-1.9844059117886705,,False,7.491154332880391,582.9750004250606,-86.37127191979124,0.0011885859994151815,-0.22909507445589838,0.0,-0.014652551375493594,0.012996673523374414,,,1265.5401398176548,,0.0013201920609873241,-0.22909507445589838,0.0,-0.014652551375493594,0.012996673523374414,,,-5.040397927579033,,0.016292116519949218,-0.45714285714285596,0.0,-0.029305102751009393,0.025992863073658334,,,-5.040397927579033,,0.016292116519949218,-0.45714285714285596,0.0,-0.029305102751009393,0.025992863073658334,,,-5.040397927579033,,0.016292116519949218,-0.45714285714285596,0.0,-0.029305102751009393,0.025992863073658334,,,-5.040397927579033,,0.016292116519949218,-0.45714285714285596,0.0,-0.029305102751009393,0.025992863073658334,,7.491154332880391,126249.24680544001,-122629.50001536,0.0011885859994151815,-0.22909507445589838,0.0,-0.014652551375493594,0.012996673523374414,167255.27778856002,159695.76549924,1.0473369614133945,-0.45714285714285596,False,False,rising,falling,buy_advantage_accelerating,accelerating,leading_buy_inflow,False,False,False,pass,S0,🌱 초발사 준비,발사 구조 관찰 또는 초기 준비,S0,False,,,2026-09-03T14:00:00Z,33765068330-1
KRW-FOLD,2026-09-03T23:17:54.803607+09:00,1788445074,80.8,,,3962717.173043328,9562983.069707096,0.4143808625570119,33,0.0,complete,1788444178041,1788445104975,1192473.50566125,892610.52642979,0.14381337855757334,87.2,97.0,11.238532110091736,-7.339449541284415,16.701030927835053,165.30612244897972,complete_hourly_ordered,/v1/candles/minutes/60,120,False,19.491525423728806,118.0,2026-08-30T00:00:00,141.0,2026-08-30T14:00:00,D-4,42.69503546099291,261.7391304347827,True,,,,False,-2.749594448309849,-79.85853731944937,53.788691525880125,,0.4975124378109319,,,,,-3.5242150318751344,-77.29456894396256,115.80996039921475,,1.126408010012514,,,,,0.08730009697316415,-43.028830358528324,-55.03128772030087,,1.6352201257861632,,,,,0.08730009697316415,-43.028830358528324,-55.03128772030087,,1.6352201257861632,,,,,0.08730009697316415,-43.028830358528324,-55.03128772030087,,1.6352201257861632,,,,,0.08730009697316415,-43.028830358528324,-55.03128772030087,,1.6352201257861632,,,,,-2.749594448309849,-15711708.840067832,3344721.522109624,,0.4975124378109319,,,,13525700.242750423,37684655.054859295,0.35891797929582836,1.6352201257861632,False,False,falling,rising,sell_advantage_accelerating,flat_or_na,neutral,True,True,False,🔴 1차 급등 완료·상승분 반납 / 신규매수 금지,S3,🔴 1차 급등 완료·반납,당일/5D 급등 후 상승분 상당 부분 반납,S3,False,,,2026-09-03T14:00:00Z,33765068330-1
KRW-G,2026-09-03T23:17:54.803607+09:00,1788445074,5.15,-11.224204263259097,3.0,142527.675276714,0.0,,2,0.0,complete,1788444545481,1788444547763,11172733.5991962,13838782.29964494,-0.10659284751998045,5.13,5.19,1.1695906432748648,0.3898635477582957,0.7707129094412337,66.66666666666603,complete_hourly_ordered,/v1/candles/minutes/60,120,False,7.258064516129048,4.96,2026-08-31T08:00:00,5.32,2026-09-02T09:00:00,D-1,3.195488721804507,47.22222222222231,True,-0.6472491909385258,-6.270802822526944,,False,,,-100.0,0.005922132520176149,0.0,0.0,0.0,0.0,,,-92.19245122253339,-100.0,0.31505455075665445,-0.19379844961240345,0.0,-0.012447099825763086,0.011545028161198623,,,,,1.3134466729382233,-0.19379844961240345,0.0,-0.012447099825763086,0.011545028161198623,,,,,1.3134466729382233,-0.19379844961240345,0.0,-0.012447099825763086,0.011545028161198623,,,,,1.3134466729382233,-0.19379844961240345,0.0,-0.012447099825763086,0.011545028161198623,,,,,1.3134466729382233,-0.19379844961240345,0.0,-0.012447099825763086,0.011545028161198623,,,142527.675276714,-6042431.71021828,0.005922132520176149,0.0,0.0,0.0,0.0,142527.675276714,1141062.7275156667,0.12490783533612275,-0.19379844961240345,False,False,rising,falling,buy_only,accelerating,neutral,False,False,False,pass,S0,🌱 초발사 준비,발사 구조 관찰 또는 초기 준비,S0,False,,,2026-09-03T14:00:00Z,33765068330-1
KRW-GAME2,2026-09-03T23:17:54.803607+09:00,1788445074,1.16,303.846808098547,9.0,863166.10834694,12033284.883431097,0.07173154435456382,12,0.0,complete,1788444512152,1788445546870,117586189.13183233,194970939.97054508,-0.2475859407237054,1.15,1.24,7.826086956521738,0.8695652173912993,6.451612903225811,88.88888888888896,complete_hourly_ordered,/v1/candles/minutes/60,120,False,19.811320754716988,1.06,2026-08-29T22:00:00,1.27,2026-09-01T18:00:00,D-2,8.661417322834652,52.38095238095241,False,1.2413878716404758,22.77399996449053,,True,-0.1841076294764134,8531.661083471818,30685.856630506612,0.18356066609732125,0.8695652173912993,0.0,0.062069393581998256,-0.04277807041733439,,-0.0516684108615901,-9.401325509011194,55.857126392952416,0.1895119517778312,0.8695652173912993,0.0,0.062069393581998256,-0.04277807041733439,,-1.990246139369594,311.20175004102776,11720.306389917743,4.500576270967656,1.7543859649122862,0.0,0.12413878716404092,-0.08556120485643959,,-1.990246139369594,311.20175004102776,11720.306389917743,4.500576270967656,1.7543859649122862,0.0,0.12413878716404092,-0.08556120485643959,,-1.990246139369594,311.20175004102776,11720.306389917743,4.500576270967656,1.7543859649122862,0.0,0.12413878716404092,-0.08556120485643959,,-1.990246139369594,311.20175004102776,11720.306389917743,4.500576270967656,1.7543859649122862,0.0,0.12413878716404092,-0.08556120485643959,,-0.1841076294764134,853166.1083469428,11994197.827878753,0.18356066609732125,0.8695652173912993,0.0,0.062069393581998256,-0.04277807041733439,12896450.991778038,2090528.3300780836,6.168991257485777,1.7543859649122862,False,False,rising,rising,sell_advantage_accelerating,accelerating,neutral,False,True,False,pass,S0,🌱 초발사 준비,발사 구조 관찰 또는 초기 준비,S0,False,,,2026-09-03T14:00:00Z,33765068330-1
KRW-GAS,2026-09-03T23:17:54.803607+09:00,1788445074,1655.0,-87.54491486901775,12.0,600447.0188899,2589856.5493868,0.2318456669084887,15,0.0,complete,1788444891830,1788445487954,29771.98336908,39507.42000782,-0.1405242563331039,1640.0,1665.0,1.5243902439024293,0.9146341463414531,0.6006006006006006,40.00000000000029,complete_hourly_ordered,/v1/candles/minutes/60,120,False,4.897218863361541,1654.0,2026-09-01T11:00:00,1735.0,2026-09-01T20:00:00,D-2,4.610951008645536,98.76543209876549,True,1.1405793669587272,1.3468710150855354,0.837264308947611,True,-0.29257777883758274,-82.65714667292201,-60.771322483051506,0.015476226575898977,0.1209921355111998,0.0,0.007893282816340275,-0.006749788232842002,-0.004902647613897582,0.15574593699778788,-9.606920223387583,-70.32987914537223,0.024483311204647862,0.24227740763174133,0.0,0.015786565632658345,-0.013499706387344768,-0.009813632104647585,-3.5014632445547327,-49.21811557158081,717.7183736297441,0.1183436639279023,0.0,0.0,0.0,0.0,0.0,-3.5014632445547327,-49.21811557158081,717.7183736297441,0.1183436639279023,0.0,0.0,0.0,0.0,0.0,-3.5014632445547327,-49.21811557158081,717.7183736297441,0.1183436639279023,0.0,0.0,0.0,0.0,0.0,-3.5014632445547327,-49.21811557158081,717.7183736297441,0.1183436639279023,0.0,0.0,0.0,0.0,0.0,-0.29257777883758274,-2861768.8435506904,-4012090.5804084097,0.015476226575898977,0.1209921355111998,0.0,0.007893282816340275,-0.006749788232842002,3190303.5682766996,3847757.593759475,0.8291332004518492,0.0,False,True,falling,falling,sell_advantage_accelerating,accelerating,neutral,False,False,False,pass,S1,⚡ 선행 시동,가격 미급등 상태에서 선행조건 5개 개선,S1,False,,,2026-09-03T14:00:00Z,33765068330-1
KRW-GEOD,2026-09-03T23:17:54.803607+09:00,1788445074,302.0,,,0.0,1175332.5701398998,0.0,1,0.0,complete,1788444606573,1788444606573,129404.77048133,394863.52338555,-0.5063414210046129,303.0,304.0,0.3300330033003229,-0.330033003300334,0.6578947368421052,200.00000000000338,complete_hourly_ordered,/v1/candles/minutes/60,120,False,11.184210526315796,304.0,2026-08-30T01:00:00,338.0,2026-08-31T12:00:00,D-3,10.650887573964496,105.88235294117642,True,,,,True,,-100.0,,,-0.330033003300334,,,,,-0.0027074194178125536,-100.0,-36.5859261884747,,-0.330033003300334,,,,,,-100.0,,,0.0,,,,,,-100.0,,,0.0,,,,,,-100.0,,,0.0,,,,,,-100.0,,,0.0,,,,,,-1499400.24987345,1175332.5701398998,,-0.330033003300334,,,,1175332.5701398998,434951.38404309005,2.7022159562169854,0.0,False,False,falling,rising,sell_only,flat_or_na,neutral,False,False,False,pass,S0,🌱 초발사 준비,발사 구조 관찰 또는 초기 준비,S0,False,,,2026-09-03T14:00:00Z,33765068330-1
KRW-GLM,2026-09-03T23:17:54.803607+09:00,1788445074,146.0,15.37541141046237,11.0,3039093.08469425,409147.99658435,7.427857670244538,10,0.0,complete,1788444213100,1788445310259,1422338.49484645,1636197.72829148,-0.06992208620162084,145.0,154.0,6.206896551724128,0.6896551724137945,5.194805194805195,88.88888888888886,complete_hourly_ordered,/v1/candles/minutes/60,120,False,8.450704225352123,142.0,2026-09-02T10:00:00,154.0,2026-09-03T09:00:00,D0,4.545454545454541,58.333333333333435,False,0.9497964721845387,7.529777317452085,6.826110943636224,False,7.393517979473645,338.6034639388747,-97.97229457114688,0.4827034299392796,0.0,0.0,0.0,0.0,0.0,5.7124077536906315,-23.950775771176925,-82.43657308083168,1.2487528232750336,-0.6802721088435382,0.0,0.0,0.0,0.0,,23.479229610457118,,3.0512729583449083,0.0,0.0,0.0,0.0,0.0,,23.479229610457118,,3.0512729583449083,0.0,0.0,0.0,0.0,0.0,,23.479229610457118,,3.0512729583449083,0.0,0.0,0.0,0.0,0.0,,23.479229610457118,,3.0512729583449083,0.0,0.0,0.0,0.0,0.0,7.393517979473645,2346190.87699126,-19768733.40385983,0.4827034299392796,0.0,0.0,0.0,0.0,3448241.0812786,11537346.108492486,0.29887645294270887,0.0,False,True,rising,falling,buy_advantage_accelerating,accelerating,leading_buy_inflow,False,False,False,pass,S1,⚡ 선행 시동,가격 미급등 상태에서 선행조건 4개 개선,S0,True,가격 미급등 상태에서 선행조건 4개 개선,2026-09-03T23:17:54.803607+09:00,2026-09-03T14:00:00Z,33765068330-1
KRW-GMT,2026-09-03T23:17:54.803607+09:00,1788445074,10.2,-47.50665679014742,9.0,599739.130434738,0.0,,2,0.0,complete,1788445181023,1788445359732,10244384.78191479,45923164.6901598,-0.6352205186730429,9.93,10.8,8.761329305135956,2.7190332326283873,5.555555555555569,68.96551724137946,complete_hourly_ordered,/v1/candles/minutes/60,120,False,17.136659436008685,9.22,2026-08-31T08:00:00,10.8,2026-09-03T14:00:00,D0,5.55555555555557,37.97468354430389,False,1.0332404323295519,17.873768838667786,,True,,,,0.00018530259937676874,0.990099009900991,1.0,0.06797634423223453,-0.049586506288427756,,,499.7391304351939,-100.0,0.013860886828489072,0.0,1.0,0.06797634423223453,-0.049586506288427756,,,,-100.0,0.6582047012177696,0.990099009900991,1.0,0.06797634423223453,-0.049586506288427756,,,,-100.0,0.6582047012177696,0.990099009900991,1.0,0.06797634423223453,-0.049586506288427756,,,,-100.0,0.6582047012177696,0.990099009900991,1.0,0.06797634423223453,-0.049586506288427756,,,,-100.0,0.6582047012177696,0.990099009900991,1.0,0.06797634423223453,-0.049586506288427756,,,599739.130434738,0.0,0.00018530259937676874,0.990099009900991,1.0,0.06797634423223453,-0.049586506288427756,599739.130434738,3710422.419555677,0.16163634826962822,0.990099009900991,False,False,rising,flat_or_na,buy_only,accelerating,neutral,False,False,False,pass,S0,🌱 초발사 준비,발사 구조 관찰 또는 초기 준비,S0,False,,,2026-09-03T14:00:00Z,33765068330-1
KRW-GRT,2026-09-03T23:17:54.803607+09:00,1788445074,23.1,-60.6895781080617,11.0,6464218.901882511,4326249.38180424,1.4941854552052294,14,0.0,complete,1788444525523,1788445264442,5122051.35031828,2055305.98205642,0.42728057504240163,22.5,23.3,3.5555555555555562,2.666666666666684,0.8583690987124433,24.99999999999953,complete_hourly_ordered,/v1/candles/minutes/60,120,False,6.392694063926951,21.9,2026-09-02T20:00:00,23.3,2026-09-03T22:00:00,D0,0.8583690987124415,14.285714285714088,False,1.1301072152999136,17.596363851012338,14.328678443547506,False,0.8382490310504459,156.26140829973835,12.496873278633046,0.25244429340225594,0.43478260869564966,0.0,0.028977108084626835,-0.021179905075150884,-0.06690213728761307,0.011576759567664352,37813.30734279299,37519.559841776,0.496963942669602,0.43478260869564966,0.0,0.028977108084626835,-0.021179905075150884,-0.06690213728761307,1.4409944570172883,89028.44465922943,3072.853089854179,1.0703991901446912,0.8733624454148492,0.0,0.057954216169231465,-0.04236106043984833,-0.13427300902529993,1.4409944570172883,89028.44465922943,3072.853089854179,1.0703991901446912,0.8733624454148492,0.0,0.057954216169231465,-0.04236106043984833,-0.13427300902529993,1.4409944570172883,89028.44465922943,3072.853089854179,1.0703991901446912,0.8733624454148492,0.0,0.057954216169231465,-0.04236106043984833,-0.13427300902529993,1.4409944570172883,89028.44465922943,3072.853089854179,1.0703991901446912,0.8733624454148492,0.0,0.057954216169231465,-0.04236106043984833,-0.13427300902529993,0.8382490310504459,3941709.1940135905,480587.4929720452,0.25244429340225594,0.43478260869564966,0.0,0.028977108084626835,-0.021179905075150884,10790468.28368675,378917.45743913855,28.4770946068641,0.8733624454148492,False,True,rising,rising,buy_advantage_accelerating,accelerating,leading_buy_inflow,False,False,False,pass,S2,🚀 발사 진행,가격 상승 초입과 실제 매수수급·구조 동반,S0,True,가격 상승 초입과 실제 매수수급·구조 동반,2026-09-03T23:17:54.803607+09:00,2026-09-03T14:00:00Z,33765068330-1
KRW-GRVT,2026-09-03T23:17:54.803607+09:00,1788445074,221.0,,,299999.99999814,14104559.467730602,0.0212697178302166,10,0.0,complete,1788445237176,1788445572976,1053564.13827197,1974228.61067272,-0.30407116627174674,218.0,225.0,3.2110091743119185,1.3761467889908285,1.7777777777777777,57.14285714285694,complete_hourly_ordered,/v1/candles/minutes/60,120,False,12.5,200.0,2026-09-02T10:00:00,225.0,2026-09-03T15:00:00,D0,2.2222222222222254,19.99999999999993,False,,,,False,-0.07010226975280028,-75.63430140736284,4.671924988828247,,0.454545454545463,,,,,0.01922392489522608,913.4798467606023,-2.520102673266078,,0.454545454545463,,,,,,-8.563467778805267,,,0.0,,,,,,-8.563467778805267,,,0.0,,,,,,-8.563467778805267,,,0.0,,,,,,-8.563467778805267,,,0.0,,,,,-0.07010226975280028,-931239.0669120699,629542.6767085604,,0.454545454545463,,,,14404559.467728741,14602527.478736036,0.9864428941294189,0.0,False,False,falling,rising,sell_advantage_accelerating,flat_or_na,neutral,False,False,False,pass,S0,🌱 초발사 준비,발사 구조 관찰 또는 초기 준비,S0,False,,,2026-09-03T14:00:00Z,33765068330-1
KRW-HBAR,2026-09-03T23:17:54.803607+09:00,1788445074,108.0,-49.7218427927692,12.0,48471219.71217466,87576863.00410484,0.553470609125412,171,0.0,complete,1788444185247,1788445166402,11793898.32080193,12952644.59705877,-0.04682457182415242,103.0,108.0,4.854368932038833,4.854368932038833,0.0,0.0,complete_hourly_ordered,/v1/candles/minutes/60,120,False,8.000000000000007,100.0,2026-09-02T10:00:00,108.0,2026-09-03T23:00:00,D0,0.0,0.0,False,0.6249605454201168,6.128999013588916,8.123052375590138,True,,362.97620294501246,,0.7118394688702452,0.9345794392523255,0.0,0.0,0.0,0.0,0.4742864385724577,402.87807488516273,-28.054023840631494,1.176701851314796,0.9345794392523255,0.0,0.06312732782021158,-0.051983936439061296,-0.18335368082800763,0.45351739174451877,3997.1871715058683,639.9255412150306,4.389307887905801,1.8867924528301883,0.0,0.12625465564042315,-0.10397552736788995,-0.37193170945728404,0.45351739174451877,3997.1871715058683,639.9255412150306,4.389307887905801,1.8867924528301883,0.0,0.12625465564042315,-0.10397552736788995,-0.37193170945728404,0.45351739174451877,3997.1871715058683,639.9255412150306,4.389307887905801,1.8867924528301883,0.0,0.12625465564042315,-0.10397552736788995,-0.37193170945728404,0.45351739174451877,3997.1871715058683,639.9255412150306,4.389307887905801,1.8867924528301883,0.0,0.12625465564042315,-0.10397552736788995,-0.37193170945728404,,38001735.66443159,87576863.00410484,0.7118394688702452,0.9345794392523255,0.0,0.0,0.0,136048082.7162795,12296449.755823534,11.064013224780417,1.8867924528301883,False,True,rising,rising,sell_advantage_weakening,accelerating,neutral,False,False,False,pass,S0,🌱 초발사 준비,발사 구조 관찰 또는 초기 준비,S0,False,,,2026-09-03T14:00:00Z,33765068330-1
KRW-HIVE,2026-09-03T23:17:54.803607+09:00,1788445074,62.2,2388.522086866339,8.0,11788276.423514333,29513826.749060128,0.3994153832962285,61,0.0,complete,1788444177387,1788445352885,3539146.01556539,1518057.36171465,0.3996455161227389,60.9,76.4,25.451559934318556,2.1346469622331776,18.586387434554975,91.61290322580642,complete_hourly_ordered,/v1/candles/minutes/60,120,False,31.951640759930932,57.9,2026-08-31T08:00:00,76.4,2026-09-03T13:00:00,D0,18.324607329842934,75.67567567567566,False,0.7946278679350716,18.064890314216495,,True,-0.014588696119719191,-41.38992115972485,-39.249180803914854,3.009920509081894,-0.47999999999999154,0.0,-0.022383883603804833,0.016331719800156463,,-0.3786363203798446,-33.11358415372164,30.293153389604477,7.0572909190145765,0.16103059581320522,0.0,0.03357582540570725,-0.02449897271630519,,-0.44608498375734384,-79.88318931708743,-57.41583442284406,58.901821714930065,0.0,0.0,0.0,0.0,,-0.44608498375734384,-79.88318931708743,-57.41583442284406,58.901821714930065,0.0,0.0,0.0,0.0,,-0.44608498375734384,-79.88318931708743,-57.41583442284406,58.901821714930065,0.0,0.0,0.0,0.0,,-0.44608498375734384,-79.88318931708743,-57.41583442284406,58.901821714930065,0.0,0.0,0.0,0.0,,-0.014588696119719191,-8324776.922890265,-19067949.002470862,3.009920509081894,-0.47999999999999154,0.0,-0.022383883603804833,0.016331719800156463,41302103.17257446,211441179.495964,0.1953361368444449,0.0,False,True,falling,falling,sell_advantage_accelerating,accelerating,neutral,True,True,False,🔴 1차 급등 완료·상승분 반납 / 신규매수 금지,S3,🔴 1차 급등 완료·반납,당일/5D 급등 후 상승분 상당 부분 반납,S3,False,,,2026-09-03T14:00:00Z,33765068330-1
KRW-HOLO,2026-09-03T23:17:54.803607+09:00,1788445074,84.8,-53.909114379890035,5.0,4140222.029864952,1532335.504937174,2.7019030861878397,14,0.0,complete,1788444483268,1788445394408,1845007.4105941,1038914.64512165,0.27951267402488406,85.0,86.2,1.4117647058823568,-0.23529411764706687,1.624129930394438,116.66666666666718,complete_hourly_ordered,/v1/candles/minutes/60,120,False,5.820721769499415,85.9,2026-08-31T22:00:00,90.9,2026-09-01T03:00:00,D-2,6.820682068206818,124.00000000000009,True,0.3109959274342877,9.933598716851293,,True,1.6614639661694768,-71.39597443607254,-88.98526474215424,0.23770868386421284,-0.3525264394829586,0.0,-0.02221399481672215,0.017699371706186184,,1.5325832305672589,-52.32719790605748,-79.36833695239284,0.32802555147070933,-0.11778563015313326,0.0,0.0074046649389147845,-0.005899986692357473,,2.652687644808013,606.0347841892392,-87.13950411063401,0.9842960076121798,-0.46948356807512415,0.0,-0.029618659755636934,0.023598966159461554,,2.652687644808013,606.0347841892392,-87.13950411063401,0.9842960076121798,-0.46948356807512415,0.0,-0.029618659755636934,0.023598966159461554,,2.652687644808013,606.0347841892392,-87.13950411063401,0.9842960076121798,-0.46948356807512415,0.0,-0.029618659755636934,0.023598966159461554,,2.652687644808013,606.0347841892392,-87.13950411063401,0.9842960076121798,-0.46948356807512415,0.0,-0.029618659755636934,0.023598966159461554,,1.6614639661694768,-10334041.46361404,-12379351.60389004,0.23770868386421284,-0.3525264394829586,0.0,-0.02221399481672215,0.017699371706186184,5672557.534802126,12501462.51735162,0.45375151322725654,-0.46948356807512415,False,False,falling,falling,buy_advantage_accelerating,accelerating,neutral,False,False,False,pass,S0,🌱 초발사 준비,발사 구조 관찰 또는 초기 준비,S0,False,,,2026-09-03T14:00:00Z,33765068330-1
KRW-HOME,2026-09-03T23:17:54.803607+09:00,1788445074,8.46,,,27586910.72361009,12786560.925564412,2.1574926115164446,79,0.0,complete,1788444264986,1788445576737,13904242.40488417,24113693.04522463,-0.2685430052807153,8.29,8.49,2.4125452352231624,2.050663449939716,0.3533568904593564,14.99999999999885,complete_hourly_ordered,/v1/candles/minutes/60,120,False,12.132352941176471,8.16,2026-09-02T03:00:00,9.15,2026-09-02T11:00:00,D-1,7.650273224043724,70.70707070707081,True,,,,True,1.315665898008651,92.35827502768417,-24.944199753821785,,0.3558718861210064,,,,,1.6385810660615245,137.21819990270302,-42.94522165940332,,0.0,,,,,1.505887667951825,198.63284359394763,-9.80704352919961,,1.9277108433734869,,,,,1.505887667951825,198.63284359394763,-9.80704352919961,,1.9277108433734869,,,,,1.505887667951825,198.63284359394763,-9.80704352919961,,1.9277108433734869,,,,,1.505887667951825,198.63284359394763,-9.80704352919961,,1.9277108433734869,,,,,1.315665898008651,13245489.373455131,-4249512.080952488,,0.3558718861210064,,,,40373471.6491745,22992795.2165352,1.7559183765591073,1.9277108433734869,False,False,rising,falling,buy_advantage_accelerating,flat_or_na,neutral,False,False,False,pass,S0,🌱 초발사 준비,발사 구조 관찰 또는 초기 준비,S0,False,,,2026-09-03T14:00:00Z,33765068330-1
KRW-HP,2026-09-03T23:17:54.803607+09:00,1788445074,10.6,-68.63780416351548,7.0,2001310.3967015939,14579989.579226388,0.13726418567219464,27,0.0,complete,1788444307798,1788445067173,4748785.80580403,28644258.74233453,-0.715582339372602,10.8,10.8,0.0,-1.85185185185186,1.8518518518518614,,complete_hourly_ordered,/v1/candles/minutes/60,120,False,11.111111111111116,9.72,2026-08-29T17:00:00,10.8,2026-09-03T09:00:00,D0,1.85185185185186,18.518518518518725,False,1.2896219371478779,33.71238200999445,,True,,,,0.10845394569609823,-0.9345794392523366,0.0,0.0,0.0,,-0.7566920631342894,13111.614999749241,85942.87948829294,0.10900202323877295,-0.9345794392523366,0.0,0.0,0.0,,,,,0.15855896365286526,-0.9345794392523366,0.0,0.0,0.0,,,,,0.15855896365286526,-0.9345794392523366,0.0,0.0,0.0,,,,,0.15855896365286526,-0.9345794392523366,0.0,0.0,0.0,,,,,0.15855896365286526,-0.9345794392523366,0.0,0.0,0.0,,,2001310.3967015939,14579989.579226388,0.10845394569609823,-0.9345794392523366,0.0,0.0,0.0,16581299.975927982,803364.463301156,20.63982256296564,-0.9345794392523366,False,False,rising,rising,sell_advantage_weakening,accelerating,neutral,False,False,False,pass,S0,🌱 초발사 준비,발사 구조 관찰 또는 초기 준비,S0,False,,,2026-09-03T14:00:00Z,33765068330-1
KRW-HUNT,2026-09-03T23:17:54.803607+09:00,1788445074,124.0,73.67627782181737,13.0,10626471.038513789,45872.0,231.65484475309097,21,0.0,complete,1788444202493,1788445059968,2136478.55437322,3222056.52606235,-0.20258857232318206,123.0,128.0,4.065040650406515,0.8130081300812941,3.125,80.00000000000021,complete_hourly_ordered,/v1/candles/minutes/60,120,False,12.280701754385959,114.0,2026-08-31T18:00:00,128.0,2026-09-03T13:00:00,D0,3.125,28.571428571428502,False,0.8493771234428182,5.817028027498675,6.629343762027488,True,,1496.512450480252,,1.3179800969167133,0.8130081300812941,0.0,0.0,0.0,0.0,229.63269302798662,440.73913350977637,-95.27980270465018,1.7300943926529584,0.8130081300812941,0.0,0.0,0.0,0.0,,893.1281344416734,,3.5695479865975273,0.8130081300812941,0.0,0.0,0.0,0.0,,893.1281344416734,,3.5695479865975273,0.8130081300812941,0.0,0.0,0.0,0.0,,893.1281344416734,,3.5695479865975273,0.8130081300812941,0.0,0.0,0.0,0.0,,893.1281344416734,,3.5695479865975273,0.8130081300812941,0.0,0.0,0.0,0.0,,9960865.766514989,45872.0,1.3179800969167133,0.8130081300812941,0.0,0.0,0.0,10672343.038513789,2936998.92736607,3.6337578945201905,0.8130081300812941,False,True,rising,rising,buy_advantage_weakening,accelerating,neutral,False,False,False,pass,S1,⚡ 선행 시동,가격 미급등 상태에서 선행조건 3개 개선,S1,False,,,2026-09-03T14:00:00Z,33765068330-1
KRW-HYPER,2026-09-03T23:17:54.803607+09:00,1788445074,89.9,279.2506904268814,7.0,3756550.537179528,3747022.5341542996,1.0025428197824753,14,0.0,complete,1788444536607,1788445108044,856702.11448482,787461.02367369,0.042113272828073,90.7,90.9,0.22050716648291946,-0.8820286659316445,1.1001100110011,499.9999999999849,complete_hourly_ordered,/v1/candles/minutes/60,120,False,8.02325581395349,86.0,2026-08-31T08:00:00,92.9,2026-08-31T09:00:00,D-3,3.1216361679225035,42.02898550724628,False,-0.07322252324815093,19.28672817601135,,False,,549.4554650180197,,0.7405527742261029,-0.11111111111110628,0.0,-0.007322252324815093,0.005317611563786073,,0.5204919258459628,-6.162961633383901,-54.88050252178085,1.0284376235030663,0.22296544035673715,0.0,0.02928900929926037,-0.02127123253515606,,1.0025428197824753,,69.97464135309357,8.617143885381438,-0.221975582685896,0.0,-0.014644504649641288,0.010635144503073235,,1.0025428197824753,,69.97464135309357,8.617143885381438,-0.221975582685896,0.0,-0.014644504649641288,0.010635144503073235,,1.0025428197824753,,69.97464135309357,8.617143885381438,-0.221975582685896,0.0,-0.014644504649641288,0.010635144503073235,,1.0025428197824753,,69.97464135309357,8.617143885381438,-0.221975582685896,0.0,-0.014644504649641288,0.010635144503073235,,,3178135.1200307477,3747022.5341542996,0.7405527742261029,-0.11111111111110628,0.0,-0.007322252324815093,0.005317611563786073,7503573.071333827,1820677.395446675,4.1213084152631785,-0.221975582685896,False,False,rising,rising,buy_advantage_weakening,accelerating,neutral,False,False,False,pass,S0,🌱 초발사 준비,발사 구조 관찰 또는 초기 준비,S0,False,,,2026-09-03T14:00:00Z,33765068330-1
KRW-ICP,2026-09-03T23:17:54.803607+09:00,1788445074,3426.0,11.222833427655177,12.0,5070092.34495162,10717505.77116756,0.4730664441153165,13,0.0,complete,1788444440113,1788445561705,32553.73327977,18483.27467089,0.27569129096444306,3377.0,3461.0,2.487414865265025,1.4509920047379277,1.0112684195319273,41.66666666666681,complete_hourly_ordered,/v1/candles/minutes/60,120,False,9.938271604938276,3240.0,2026-08-31T08:00:00,3562.0,2026-09-02T14:00:00,D-1,3.50926445816957,38.81987577639756,True,0.503818625294894,4.205195634257067,7.515735752172107,True,-40.48556126249302,-35.86180361350964,5453.157574894955,0.5754991009736976,0.0,0.0,0.0,0.0,0.0,0.4101123498287401,2897.7049076773656,298.92450574078555,0.7618568066760201,-0.2329644729178848,0.0,-0.01599424207285871,0.013419119448407457,0.059747193822880185,0.16103837906589874,1934.9205692228115,1242.205382863882,2.7328088104620942,-0.029180040852061495,0.0,-0.0019992802591017877,0.0016774178998604228,0.0074998508979513545,0.16103837906589874,1934.9205692228115,1242.205382863882,2.7328088104620942,-0.029180040852061495,0.0,-0.0019992802591017877,0.0016774178998604228,0.0074998508979513545,0.16103837906589874,1934.9205692228115,1242.205382863882,2.7328088104620942,-0.029180040852061495,0.0,-0.0019992802591017877,0.0016774178998604228,0.0074998508979513545,0.16103837906589874,1934.9205692228115,1242.205382863882,2.7328088104620942,-0.029180040852061495,0.0,-0.0019992802591017877,0.0016774178998604228,0.0074998508979513545,-40.48556126249302,-2834857.6389857996,10524507.36212511,0.5754991009736976,0.0,0.0,0.0,0.0,15787598.11611918,1177845.99997989,13.403788030344145,-0.029180040852061495,False,True,falling,rising,sell_advantage_accelerating,accelerating,neutral,False,False,False,pass,S0,🌱 초발사 준비,발사 구조 관찰 또는 초기 준비,S1,True,발사 구조 관찰 또는 초기 준비,2026-09-03T23:17:54.803607+09:00,2026-09-03T14:00:00Z,33765068330-1
KRW-ICX,2026-09-03T23:17:54.803607+09:00,1788445074,20.4,638.5065439006028,5.0,6069426.685253152,3034592.3069907734,2.0000797706074214,28,0.0,complete,1788444286653,1788445625641,14473512.40855028,14591711.18345348,-0.00406667351204271,21.9,22.8,4.109589041095907,-6.849315068493156,10.526315789473694,266.6666666666662,complete_hourly_ordered,/v1/candles/minutes/60,120,False,64.20454545454544,17.6,2026-08-31T11:00:00,28.9,2026-09-01T21:00:00,D-2,29.06574394463668,74.33628318584073,False,-1.5644171779141236,44.75337866919171,,True,1.158459360482429,62.8066593091138,-31.492028771830903,0.09905807275742973,0.0,0.0,0.0,0.0,,-0.6797113191469384,-17.247162055483578,10.875736575373352,0.17191264194411815,0.49261083743841194,0.0,0.030674846625755592,-0.016027576100640317,,1.730511183930505,46.88892003982037,-80.20247034366658,1.4438430348950533,1.492537313432818,0.0,0.09202453987728898,-0.04808479793407372,,1.730511183930505,46.88892003982037,-80.20247034366658,1.4438430348950533,1.492537313432818,0.0,0.09202453987728898,-0.04808479793407372,,1.730511183930505,46.88892003982037,-80.20247034366658,1.4438430348950533,1.492537313432818,0.0,0.09202453987728898,-0.04808479793407372,,1.730511183930505,46.88892003982037,-80.20247034366658,1.4438430348950533,1.492537313432818,0.0,0.09202453987728898,-0.04808479793407372,,1.158459360482429,2341430.1088174176,-1394953.9962911,0.09905807275742973,0.0,0.0,0.0,0.0,9104018.992243925,12045632.692421086,0.755794172436623,1.492537313432818,False,True,rising,falling,buy_advantage_accelerating,accelerating,leading_buy_inflow,True,True,False,🔴 1차 급등 완료·상승분 반납 / 신규매수 금지,S3,🔴 1차 급등 완료·반납,당일/5D 급등 후 상승분 상당 부분 반납,S3,False,,,2026-09-03T14:00:00Z,33765068330-1
KRW-ID,2026-09-03T23:17:54.803607+09:00,1788445074,43.8,-44.195922340874304,12.0,2507355.2838162053,3263627.4384417012,0.7682725222500898,31,0.0,complete,1788444334526,1788445244462,3961369.63258024,1290815.40434293,0.5084653738326346,43.9,44.6,1.5945330296127658,-0.2277904328018221,1.7937219730941798,114.28571428571419,complete_hourly_ordered,/v1/candles/minutes/60,120,False,8.47058823529412,42.5,2026-08-31T08:00:00,46.1,2026-09-02T00:00:00,D-1,4.772234273318876,61.11111111111111,False,0.6140620202640612,5.616359447004596,7.359441482499503,True,0.06881344047740368,-61.725109332014405,-65.15335495382409,0.19252062511642265,0.4587155963302614,0.0,0.0307031010132075,-0.02540472941304106,-0.08283893672291054,-5.445309742766512,-51.94670016128434,288.6422109421393,0.3395973709875122,0.9216589861751112,0.0,0.0307031010132075,-0.02540472941304106,-0.08283893672291054,0.76376365822774,18429.08131712287,8.744105377199984,1.1520515263681688,0.6896551724137945,0.0,0.0307031010132075,-0.02540472941304106,-0.08283893672291054,0.76376365822774,18429.08131712287,8.744105377199984,1.1520515263681688,0.6896551724137945,0.0,0.0307031010132075,-0.02540472941304106,-0.08283893672291054,0.76376365822774,18429.08131712287,8.744105377199984,1.1520515263681688,0.6896551724137945,0.0,0.0307031010132075,-0.02540472941304106,-0.08283893672291054,0.76376365822774,18429.08131712287,8.744105377199984,1.1520515263681688,0.6896551724137945,0.0,0.0307031010132075,-0.02540472941304106,-0.08283893672291054,0.06881344047740368,-4043559.010273318,-6102058.796537336,0.19252062511642265,0.4587155963302614,0.0,0.0307031010132075,-0.02540472941304106,5770982.722257907,3356188.5527099674,1.719504918041063,0.6896551724137945,False,False,falling,falling,sell_advantage_weakening,accelerating,neutral,False,False,False,pass,S1,⚡ 선행 시동,가격 미급등 상태에서 선행조건 6개 개선,S1,False,,,2026-09-03T14:00:00Z,33765068330-1
KRW-IMX,2026-09-03T23:17:54.803607+09:00,1788445074,173.0,-9.291873225341817,11.0,0.0,1749804.35503464,0.0,5,0.0,complete,1788444520338,1788444772189,440988.31949728,564310.78078471,-0.12267240789615506,170.0,176.0,3.529411764705892,1.764705882352935,1.7045454545454544,50.00000000000031,complete_hourly_ordered,/v1/candles/minutes/60,120,False,6.024096385542177,166.0,2026-09-02T19:00:00,176.0,2026-09-03T20:00:00,D0,1.7045454545454586,29.999999999999964,False,1.2024825446082188,13.325858560691003,11.79842061792708,True,0.0,,1560.3836465756667,0.26044446840576363,0.0,0.0,0.0,0.0,0.0,0.0,,9.07635137335905,0.2761302680790685,0.0,0.0,0.0,0.0,0.0,-0.11261776228198116,-100.0,896.4917914749618,4.258554552003902,-1.7045454545454586,-1.0,-0.11636927851046419,0.08885474072754285,0.2602122479432136,-0.11261776228198116,-100.0,896.4917914749618,4.258554552003902,-1.7045454545454586,-1.0,-0.11636927851046419,0.08885474072754285,0.2602122479432136,-0.11261776228198116,-100.0,896.4917914749618,4.258554552003902,-1.7045454545454586,-1.0,-0.11636927851046419,0.08885474072754285,0.2602122479432136,-0.11261776228198116,-100.0,896.4917914749618,4.258554552003902,-1.7045454545454586,-1.0,-0.11636927851046419,0.08885474072754285,0.2602122479432136,0.0,0.0,1644418.8100346401,0.26044446840576363,0.0,0.0,0.0,0.0,1749804.35503464,477045.47726033995,3.668003237518825,-1.7045454545454586,False,False,flat_or_na,rising,sell_only,accelerating,neutral,False,False,False,pass,S0,🌱 초발사 준비,발사 구조 관찰 또는 초기 준비,S1,True,발사 구조 관찰 또는 초기 준비,2026-09-03T23:17:54.803607+09:00,2026-09-03T14:00:00Z,33765068330-1
KRW-IN,2026-09-03T23:17:54.803607+09:00,1788445074,45.5,146.51059135363516,7.0,50683.305174096,193818.559646793,0.2614987195574004,10,0.0,complete,1788444189573,1788444808930,3668502.99578827,1513818.10475908,0.41577602954815274,46.4,46.4,0.0,-1.93965517241379,1.93965517241379,,complete_hourly_ordered,/v1/candles/minutes/60,120,False,8.14479638009049,44.2,2026-08-31T08:00:00,47.8,2026-09-01T12:00:00,D-2,4.811715481171541,63.888888888888985,False,0.22275022275022316,46.75187628825311,,True,0.2075797216844864,-95.65984198691417,-99.10509324454142,0.7608989216134034,-0.4376367614879695,0.0,-0.029700029700041597,0.0147289791080496,,-2.1301427527588968,-99.4121186248687,-94.62329498230018,0.9736345841308207,-0.4376367614879695,0.0,-0.044550044550062395,0.022093250777764695,,0.21540210090094733,-86.74714740384495,-97.66380618127253,4.981514647193336,0.0,0.0,0.0,0.0,,0.21540210090094733,-86.74714740384495,-97.66380618127253,4.981514647193336,0.0,0.0,0.0,0.0,,0.21540210090094733,-86.74714740384495,-97.66380618127253,4.981514647193336,0.0,0.0,0.0,0.0,,0.21540210090094733,-86.74714740384495,-97.66380618127253,4.981514647193336,0.0,0.0,0.0,0.0,,0.2075797216844864,-1117092.269385237,-21464142.8385186,0.7608989216134034,-0.4376367614879695,0.0,-0.029700029700041597,0.0147289791080496,244501.864820889,9712683.211896766,0.025173462315892913,0.0,False,False,falling,falling,sell_advantage_weakening,accelerating,neutral,False,False,False,pass,S0,🌱 초발사 준비,발사 구조 관찰 또는 초기 준비,S0,False,,,2026-09-03T14:00:00Z,33765068330-1
KRW-INJ,2026-09-03T23:17:54.803607+09:00,1788445074,6620.0,507.6986106633263,12.0,12900276.24416435,89999.99988845,143.33640289059474,74,0.0,complete,1788444320708,1788445020760,11878.43216041,11023.71720002,0.037320294568804264,6470.0,6665.0,3.0139103554868596,2.3183925811437467,0.6751687921980495,23.076923076922792,complete_hourly_ordered,/v1/candles/minutes/60,120,False,41.70324846356452,5695.0,2026-09-01T18:00:00,8070.0,2026-09-02T16:00:00,D-1,17.96778190830235,61.05263157894737,True,0.27958110221295573,3.6207132121874577,7.944496165267248,True,140.70983352078466,118.49672252370067,-95.99615459010307,0.2896968516448055,1.3006885998469775,0.0,0.014215988248111877,-0.01201722794166038,-0.06862589650726747,142.26414762325695,35.38422514490358,-98.98723251317483,0.46558002558816725,1.1459129106187849,0.0,0.04264796474433563,-0.03605291532966515,-0.20809124763922426,140.51188095217702,5.5477134781268145,-97.92012478158568,4.446008548574298,1.1459129106187849,0.0,0.04264796474433563,-0.03605291532966515,-0.20809124763922426,140.51188095217702,5.5477134781268145,-97.92012478158568,4.446008548574298,1.1459129106187849,0.0,0.04264796474433563,-0.03605291532966515,-0.20809124763922426,140.51188095217702,5.5477134781268145,-97.92012478158568,4.446008548574298,1.1459129106187849,0.0,0.04264796474433563,-0.03605291532966515,-0.20809124763922426,140.51188095217702,5.5477134781268145,-97.92012478158568,4.446008548574298,1.1459129106187849,0.0,0.04264796474433563,-0.03605291532966515,-0.20809124763922426,140.70983352078466,6996171.0955093,-2157839.0317081003,0.2896968516448055,1.3006885998469775,0.0,0.014215988248111877,-0.01201722794166038,12990276.2440528,25566600.3205197,0.5080955653547269,1.1459129106187849,False,True,rising,falling,buy_advantage_accelerating,accelerating,neutral,True,True,True,⚡ 2차 시동/재점화,S4,⚡ 2차 시동·재점화,Higher Low·BID 증가·ASK 감소·ratio 및 거래대금 재가속 확인,S1,True,Higher Low·BID 증가·ASK 감소·ratio 및 거래대금 재가속 확인,2026-09-03T23:17:54.803607+09:00,2026-09-03T14:00:00Z,33765068330-1
KRW-IO,2026-09-03T23:17:54.803607+09:00,1788445074,179.0,,,0.0,0.0,,0,0.0,complete,,,216439.35571881,262668.96040875,-0.09649092519118707,177.0,189.0,6.779661016949157,1.1299435028248483,5.291005291005291,83.3333333333335,complete_hourly_ordered,/v1/candles/minutes/60,120,False,9.883720930232553,172.0,2026-09-02T19:00:00,189.0,2026-09-03T12:00:00,D0,5.291005291005291,58.82352941176461,False,,,,True,,-100.0,-100.0,,0.0,,,,,,,,,0.0,,,,,,-100.0,-100.0,,0.0,,,,,,-100.0,-100.0,,0.0,,,,,,-100.0,-100.0,,0.0,,,,,,-100.0,-100.0,,0.0,,,,,,-315887.74347732,-6074993.50324807,,0.0,,,,0,5749785.013387026,0.0,0.0,False,False,falling,falling,unavailable,flat_or_na,neutral,False,False,False,pass,S0,🌱 초발사 준비,발사 구조 관찰 또는 초기 준비,S0,False,,,2026-09-03T14:00:00Z,33765068330-1
KRW-IOST,2026-09-03T23:17:54.803607+09:00,1788445074,0.826,353.2460222799093,8.0,1441023.9703871731,0.0,,14,0.0,complete,1788444216405,1788445071300,129283004.10208379,63088031.64792418,0.34410051490382365,0.81,0.828,2.2222222222222143,1.975308641975304,0.24154589371980698,11.111111111110999,complete_hourly_ordered,/v1/candles/minutes/60,120,False,11.675126903553302,0.788,2026-08-31T08:00:00,0.88,2026-09-01T19:00:00,D-2,6.02272727272728,57.60869565217401,False,0.47560475604755403,27.565618349491604,,True,,-82.42923269434523,-100.0,0.5415151746815923,0.12121212121212199,0.0,0.016400164001639794,-0.01075278391957113,,,-55.0671138540191,-100.0,0.7126896531526654,0.24271844660195274,0.0,0.016400164001639794,-0.01075278391957113,,,-21.40515850366702,-100.0,2.931175565740034,0.9779951100244544,0.0,0.07380073800737907,-0.04839003070628678,,,-21.40515850366702,-100.0,2.931175565740034,0.9779951100244544,0.0,0.07380073800737907,-0.04839003070628678,,,-21.40515850366702,-100.0,2.931175565740034,0.9779951100244544,0.0,0.07380073800737907,-0.04839003070628678,,,-21.40515850366702,-100.0,2.931175565740034,0.9779951100244544,0.0,0.07380073800737907,-0.04839003070628678,,,-6760234.092619622,-8230.0,0.5415151746815923,0.12121212121212199,0.0,0.016400164001639794,-0.01075278391957113,1441023.9703871731,7384509.770526206,0.1951414535516944,0.9779951100244544,False,True,falling,falling,buy_only,accelerating,neutral,False,False,False,pass,S0,🌱 초발사 준비,발사 구조 관찰 또는 초기 준비,S0,False,,,2026-09-03T14:00:00Z,33765068330-1
KRW-IOTA,2026-09-03T23:17:54.803607+09:00,1788445074,55.2,-15.437110372668595,11.0,1120063.892378133,3794626.580613936,0.29517104478747336,10,0.0,complete,1788444213988,1788445219165,1704762.03350046,547741.11725378,0.5136600656293232,54.2,55.9,3.136531365313644,1.845018450184499,1.2522361359570586,41.17647058823521,complete_hourly_ordered,/v1/candles/minutes/60,120,False,9.022556390977442,53.2,2026-08-30T00:00:00,58.0,2026-08-31T05:00:00,D-3,4.82758620689655,58.33333333333327,True,0.7495022836397691,9.817076366685894,8.266440214797894,True,-0.10455957788833486,-13.178225048071912,17.576987229019526,0.468549992277989,0.363636363636366,0.0,-0.023421946363755275,0.018601563887074235,0.041429704858265026,-0.41333234081089676,-7.998050433534109,120.8336281643906,0.580847972573082,0.363636363636366,0.0,-0.01171097318188874,0.009300903813930006,0.020747519602913655,,584.4161520981781,,1.757834217517317,0.0,0.0,-0.03513291954562181,0.02790198022905699,0.06204686388972824,,584.4161520981781,,1.757834217517317,0.0,0.0,-0.03513291954562181,0.02790198022905699,0.06204686388972824,,584.4161520981781,,1.757834217517317,0.0,0.0,-0.03513291954562181,0.02790198022905699,0.06204686388972824,,584.4161520981781,,1.757834217517317,0.0,0.0,-0.03513291954562181,0.02790198022905699,0.06204686388972824,-0.10455957788833486,-170008.66487872507,567271.7469485151,0.468549992277989,0.363636363636366,0.0,-0.023421946363755275,0.018601563887074235,4914690.472992069,2916051.08001759,1.6853924496282908,0.0,False,True,falling,rising,sell_advantage_accelerating,accelerating,neutral,False,False,False,pass,S0,🌱 초발사 준비,발사 구조 관찰 또는 초기 준비,S1,True,발사 구조 관찰 또는 초기 준비,2026-09-03T23:17:54.803607+09:00,2026-09-03T14:00:00Z,33765068330-1
KRW-IQ,2026-09-03T23:17:54.803607+09:00,1788445074,0.951,3322.6013758541853,8.0,0.0,1450240.3259951589,0.0,6,0.0,complete,1788444282900,1788444392093,83557985.06201792,36312570.87210757,0.394136940650162,0.992,0.992,0.0,-4.133064516129037,4.1330645161290365,,complete_hourly_ordered,/v1/candles/minutes/60,120,False,45.21452145214522,0.909,2026-08-31T10:00:00,1.32,2026-09-01T19:00:00,D-2,27.954545454545464,89.78102189781025,False,0.7244338162892161,19.662854378054696,,True,-0.25252702010863354,-100.0,-64.43177291779274,0.4679562508717936,-0.10504201680672232,0.0,-0.007033338022210955,0.005046370201107209,,-0.01884286505357423,-100.0,-94.49158813274,4.591345405501215,-0.6269592476489061,0.0,-0.04220002813335455,0.030277159669523712,,-25.60351122843498,-100.0,639.9560033822011,15.738316375727209,-2.059732234809475,0.0,-0.14066676044450777,0.10091395920579416,,-25.60351122843498,-100.0,639.9560033822011,15.738316375727209,-2.059732234809475,0.0,-0.14066676044450777,0.10091395920579416,,-25.60351122843498,-100.0,639.9560033822011,15.738316375727209,-2.059732234809475,0.0,-0.14066676044450777,0.10091395920579416,,-25.60351122843498,-100.0,639.9560033822011,15.738316375727209,-2.059732234809475,0.0,-0.14066676044450777,0.10091395920579416,,-0.25252702010863354,-1029640.4909879018,-2627107.4783901502,0.4679562508717936,-0.10504201680672232,0.0,-0.007033338022210955,0.005046370201107209,1450240.3259951589,2883411.4465047573,0.50295989764247,-2.059732234809475,False,True,falling,falling,sell_only,accelerating,neutral,True,True,False,🔴 1차 급등 완료·상승분 반납 / 신규매수 금지,S3,🔴 1차 급등 완료·반납,당일/5D 급등 후 상승분 상당 부분 반납,S3,False,,,2026-09-03T14:00:00Z,33765068330-1
KRW-IRYS,2026-09-03T23:17:54.803607+09:00,1788445074,18.7,,,34008.026000756,0.0,,3,0.0,complete,1788444285252,1788445410119,10029556.21446714,8910384.07414039,0.059090584409072146,18.6,19.0,2.1505376344086002,0.5376344086021501,1.5789473684210564,75.0,complete_hourly_ordered,/v1/candles/minutes/60,120,False,8.602150537634401,18.6,2026-08-30T01:00:00,20.2,2026-08-31T14:00:00,D-3,6.930693069306926,87.5,False,,,,False,,-73.7578622946271,-100.0,,0.0,,,,,,-99.21059108170637,-100.0,,0.0,,,,,,261.4568161193271,-100.0,,0.0,,,,,,261.4568161193271,-100.0,,0.0,,,,,,261.4568161193271,-100.0,,0.0,,,,,,261.4568161193271,-100.0,,0.0,,,,,,-95585.173999079,-2075506.8881161201,,0.0,,,,34008.026000756,2401217.9020744907,0.014162823778456488,0.0,False,False,falling,falling,buy_only,flat_or_na,neutral,False,False,False,pass,S0,🌱 초발사 준비,발사 구조 관찰 또는 초기 준비,S0,False,,,2026-09-03T14:00:00Z,33765068330-1
KRW-JST,2026-09-03T23:17:54.803607+09:00,1788445074,147.0,10.155289702197322,1.0,137509.76546727,4375295.08195638,0.031428683755378516,15,0.0,complete,1788444551699,1788444592111,601521.14891009,4549406.56371079,-0.7664416266466975,149.0,150.0,0.6711409395973256,-1.342281879194629,2.0,299.9999999999967,complete_hourly_ordered,/v1/candles/minutes/60,120,False,20.967741935483875,124.0,2026-08-30T14:00:00,150.0,2026-09-03T13:00:00,D0,2.0000000000000018,11.53846153846153,False,0.095011876484552,-2.213328482202406,,False,,90.44382047597637,,0.2882388995142584,-0.6756756756756799,0.0,-0.047505938242276,0.04231061554195037,,-1.0955044181521907,-96.48226208234942,26.134945201369455,0.2882388995142584,-0.6756756756756799,0.0,-0.047505938242276,0.04231061554195037,,-0.5712344868917798,996.1320483963785,20918.965378130895,2.1991537472001657,-0.6756756756756799,0.0,-0.047505938242276,0.04231061554195037,,-0.5712344868917798,996.1320483963785,20918.965378130895,2.1991537472001657,-0.6756756756756799,0.0,-0.047505938242276,0.04231061554195037,,-0.5712344868917798,996.1320483963785,20918.965378130895,2.1991537472001657,-0.6756756756756799,0.0,-0.047505938242276,0.04231061554195037,,-0.5712344868917798,996.1320483963785,20918.965378130895,2.1991537472001657,-0.6756756756756799,0.0,-0.047505938242276,0.04231061554195037,,,65304.86791606998,4375295.08195638,0.2882388995142584,-0.6756756756756799,0.0,-0.047505938242276,0.04231061554195037,4512804.84742365,2968838.2787339645,1.520057485026802,-0.6756756756756799,False,False,rising,rising,sell_advantage_weakening,accelerating,neutral,False,False,False,pass,S0,🌱 초발사 준비,발사 구조 관찰 또는 초기 준비,S0,False,,,2026-09-03T14:00:00Z,33765068330-1
KRW-JTO,2026-09-03T23:17:54.803607+09:00,1788445074,588.0,-64.70112509830534,2.0,8271825.062291379,166044.15441009,49.81702060924058,32,0.0,complete,1788444707516,1788445124450,378924.69350813,244962.75804754,0.21472131732503108,579.0,588.0,1.5544041450777257,1.5544041450777257,0.0,0.0,complete_hourly_ordered,/v1/candles/minutes/60,120,False,4.378283712784592,571.0,2026-09-02T11:00:00,596.0,2026-09-02T12:00:00,D-1,0.8389261744966459,20.0,False,-2.003676470588245,16.26564570755412,,False,44.770537789423244,26.042894865155052,-87.23180760876208,0.04378244296285061,0.6849315068493178,0.0,0.0,0.0,,49.22215046714976,283.0144242670483,-95.42638555658006,0.11014299302591724,0.512820512820511,0.0,-0.018382352941170854,0.014062761163234683,,49.41869893924784,933.8293857618174,-91.73381622609863,0.36060364966741076,0.6849315068493178,0.0,-0.009191176470590978,0.00703144960740687,,49.41869893924784,933.8293857618174,-91.73381622609863,0.36060364966741076,0.6849315068493178,0.0,-0.009191176470590978,0.00703144960740687,,49.41869893924784,933.8293857618174,-91.73381622609863,0.36060364966741076,0.6849315068493178,0.0,-0.009191176470590978,0.00703144960740687,,49.41869893924784,933.8293857618174,-91.73381622609863,0.36060364966741076,0.6849315068493178,0.0,-0.009191176470590978,0.00703144960740687,,44.770537789423244,1709118.7144715702,-1134407.3842433898,0.04378244296285061,0.6849315068493178,0.0,0.0,0.0,8437869.216701468,2817111.171486335,2.9952205302034876,0.6849315068493178,False,False,rising,falling,buy_advantage_accelerating,accelerating,neutral,False,False,False,pass,S0,🌱 초발사 준비,발사 구조 관찰 또는 초기 준비,S0,False,,,2026-09-03T14:00:00Z,33765068330-1
KRW-JUP,2026-09-03T23:17:54.803607+09:00,1788445074,318.0,-37.859146464775215,9.0,30634566.799312294,1987710.9260103698,15.411982898740918,45,0.0,complete,1788444186870,1788445144058,729184.21105299,366789.74216071,0.3306597459087771,308.0,318.0,3.2467532467532534,3.2467532467532534,0.0,0.0,complete_hourly_ordered,/v1/candles/minutes/60,120,False,13.978494623655923,279.0,2026-08-31T13:00:00,318.0,2026-09-03T23:00:00,D0,0.0,0.0,False,1.4776085473971579,-1.520880120533316,,True,7.278503516168653,4.699956124766169,-44.74592010048391,0.23621639391753746,1.273885350318471,0.0,0.0,0.0,,15.393278232296321,6517.408784776896,-91.96881901180211,0.4740589646175195,1.5974440894568787,0.0,0.0,0.0,,15.103286055939524,762.9512126890983,-82.7153769505855,3.019317574472538,2.9126213592232997,0.0,0.13639463514436567,-0.11915711009857755,,15.103286055939524,762.9512126890983,-82.7153769505855,3.019317574472538,2.9126213592232997,0.0,0.13639463514436567,-0.11915711009857755,,15.103286055939524,762.9512126890983,-82.7153769505855,3.019317574472538,2.9126213592232997,0.0,0.13639463514436567,-0.11915711009857755,,15.103286055939524,762.9512126890983,-82.7153769505855,3.019317574472538,2.9126213592232997,0.0,0.13639463514436567,-0.11915711009857755,,7.278503516168653,1375178.4163730703,-1609690.2606987003,0.23621639391753746,1.273885350318471,0.0,0.0,0.0,32622277.725322664,6864803.384683691,4.752106636893258,2.9126213592232997,False,False,rising,falling,buy_advantage_accelerating,accelerating,neutral,False,False,False,pass,S0,🌱 초발사 준비,발사 구조 관찰 또는 초기 준비,S0,False,,,2026-09-03T14:00:00Z,33765068330-1
KRW-KAITO,2026-09-03T23:17:54.803607+09:00,1788445074,412.0,-29.8998903593658,0.0,13593181.615600329,1380781.860637,9.844554019075357,11,0.0,complete,1788444191187,1788445084099,776761.62285869,469708.39581579,0.2463382371358007,417.0,418.0,0.23980815347721673,-1.1990407673860948,1.4354066985645932,600.0000000000047,complete_hourly_ordered,/v1/candles/minutes/60,120,False,5.940594059405946,404.0,2026-08-31T08:00:00,428.0,2026-08-31T17:00:00,D-3,3.5046728971962593,62.5,False,-0.9863094361843183,47.414096399671635,,False,9.767574384402472,2434.851993619957,-80.17868762357352,0.24504084833411,0.4878048780487809,0.0,-0.014721036360965112,0.007304315625695779,,7.639060519538772,-27.33527991651782,-83.72078943553628,0.275524863184863,0.24330900243310083,0.0,0.0,0.0,,9.102479750111113,360.3429627991427,-65.29973151347559,1.0056551497544142,0.0,0.0,-0.014721036360965112,0.007304315625695779,,9.102479750111113,360.3429627991427,-65.29973151347559,1.0056551497544142,0.0,0.0,-0.014721036360965112,0.007304315625695779,,9.102479750111113,360.3429627991427,-65.29973151347559,1.0056551497544142,0.0,0.0,-0.014721036360965112,0.007304315625695779,,9.102479750111113,360.3429627991427,-65.29973151347559,1.0056551497544142,0.0,0.0,-0.014721036360965112,0.007304315625695779,,9.767574384402472,13056930.124396369,-5585365.659842859,0.24504084833411,0.4878048780487809,0.0,-0.014721036360965112,0.007304315625695779,14973963.476237329,7217202.299743084,2.074760115394073,0.0,False,False,rising,falling,buy_advantage_accelerating,accelerating,leading_buy_inflow,False,False,False,pass,S0,🌱 초발사 준비,발사 구조 관찰 또는 초기 준비,S0,False,,,2026-09-03T14:00:00Z,33765068330-1
KRW-KAT,2026-09-03T23:17:54.803607+09:00,1788445074,6.16,197.14447428939854,7.0,3640108.0248803683,0.0,,6,0.0,complete,1788445423862,1788445435580,12768252.29941487,11273702.94474762,0.06216421832122553,6.14,6.24,1.6286644951140072,0.32573289902280145,1.2820512820512833,80.0,complete_hourly_ordered,/v1/candles/minutes/60,120,False,10.327868852459021,6.1,2026-08-31T08:00:00,6.73,2026-08-31T12:00:00,D-3,8.32095096582467,88.8888888888888,False,0.010535187526339307,24.804198227635027,,False,,224.63917643182657,-100.0,0.07337901323012375,0.1626016260162677,0.0,0.010535187526339307,-0.007176705529303717,,,133.5770718730077,-100.0,0.13763272463506837,0.4893964110929794,0.0,0.03160556257901792,-0.02153054296066159,,,1065.2484642162688,,2.424876518780735,-0.3236245954692518,0.0,-0.021070375052678614,0.01435298470702051,,,1065.2484642162688,,2.424876518780735,-0.3236245954692518,0.0,-0.021070375052678614,0.01435298470702051,,,1065.2484642162688,,2.424876518780735,-0.3236245954692518,0.0,-0.021070375052678614,0.01435298470702051,,,1065.2484642162688,,2.424876518780735,-0.3236245954692518,0.0,-0.021070375052678614,0.01435298470702051,,,2518829.9139359295,-775078.0727584368,0.07337901323012375,0.1626016260162677,0.0,0.010535187526339307,-0.007176705529303717,3640108.0248803683,3450227.189691645,1.0550342991197903,-0.3236245954692518,False,False,rising,falling,buy_only,accelerating,neutral,False,False,False,pass,S0,🌱 초발사 준비,발사 구조 관찰 또는 초기 준비,S0,False,,,2026-09-03T14:00:00Z,33765068330-1
KRW-KAVA,2026-09-03T23:17:54.803607+09:00,1788445074,67.4,-57.124870295694066,12.0,1992607.566991072,7029927.564078441,0.28344638672707073,62,0.0,complete,1788444265140,1788445429579,497520.17681374,751156.77080097,-0.20312427043018638,67.3,70.0,4.011887072808329,0.14858841010403356,3.714285714285706,96.29629629629576,complete_hourly_ordered,/v1/candles/minutes/60,120,False,12.00000000000001,62.5,2026-08-31T21:00:00,70.0,2026-09-03T21:00:00,D0,3.57142857142857,33.33333333333333,False,1.2323382556039597,9.255181115859408,8.182450204438492,True,-0.6856268478199772,102.87725278349464,593.6158821464475,0.11580230673999381,-1.027900146842864,0.0,0.03187081695528171,-0.02532933602383025,-0.059305890912668247,-0.1634940358306971,-68.73140575027622,-50.69544230875807,0.15750767960153667,-0.5899705014749124,0.0,0.02124721130352114,-0.016886023001367434,-0.03947758727269779,-0.014912937604962095,7.339372594409355,12.98680872700524,3.1095417946934774,-1.7492711370262204,0.0,-0.04249442260702008,0.033769634029631845,0.07824659204609574,-0.014912937604962095,7.339372594409355,12.98680872700524,3.1095417946934774,-1.7492711370262204,0.0,-0.04249442260702008,0.033769634029631845,0.07824659204609574,-0.014912937604962095,7.339372594409355,12.98680872700524,3.1095417946934774,-1.7492711370262204,0.0,-0.04249442260702008,0.033769634029631845,0.07824659204609574,-0.014912937604962095,7.339372594409355,12.98680872700524,3.1095417946934774,-1.7492711370262204,0.0,-0.04249442260702008,0.033769634029631845,0.07824659204609574,-0.6856268478199772,1010433.5974344498,6016408.735425932,0.11580230673999381,-1.027900146842864,0.0,0.03187081695528171,-0.02532933602383025,9022535.131069513,3414141.466873865,2.642695160294847,-1.7492711370262204,False,True,rising,rising,sell_advantage_accelerating,accelerating,neutral,False,False,False,pass,S1,⚡ 선행 시동,가격 미급등 상태에서 선행조건 5개 개선,S1,False,,,2026-09-03T14:00:00Z,33765068330-1
KRW-KERNEL,2026-09-03T23:17:54.803607+09:00,1788445074,51.3,-76.7099512156096,7.0,200909.05253999998,1689392.421996461,0.11892385092066007,6,0.0,complete,1788444352605,1788445076525,2891781.92145066,893359.16748872,0.5279651952212726,50.1,51.5,2.794411177644718,2.39520958083832,0.38834951456311234,14.285714285714626,complete_hourly_ordered,/v1/candles/minutes/60,120,False,11.439842209072971,50.7,2026-08-31T08:00:00,56.5,2026-08-31T18:00:00,D-3,9.02654867256637,87.93103448275875,True,0.5412371134020599,23.350116664619915,,True,,1862.002473176046,,0.01295774469429034,0.1953124999999778,0.0,0.012886597938144284,-0.00888320029307721,,0.06341325399608816,1862.002473176046,815.8123253690228,0.01376707960967849,0.1953124999999778,0.0,0.012886597938144284,-0.00888320029307721,,0.0714895586009051,-18.889665451817685,-67.64811020391194,0.05325512589585912,0.3913894324853118,0.0,0.025773195876288568,-0.017766618771553055,,0.0714895586009051,-18.889665451817685,-67.64811020391194,0.05325512589585912,0.3913894324853118,0.0,0.025773195876288568,-0.017766618771553055,,0.0714895586009051,-18.889665451817685,-67.64811020391194,0.05325512589585912,0.3913894324853118,0.0,0.025773195876288568,-0.017766618771553055,,0.0714895586009051,-18.889665451817685,-67.64811020391194,0.05325512589585912,0.3913894324853118,0.0,0.025773195876288568,-0.017766618771553055,,,190669.05257635197,1689392.421996461,0.01295774469429034,0.1953124999999778,0.0,0.012886597938144284,-0.00888320029307721,1890301.474536461,758712.269274011,2.491460269049338,0.3913894324853118,False,False,rising,rising,sell_advantage_weakening,accelerating,neutral,False,False,False,pass,S0,🌱 초발사 준비,발사 구조 관찰 또는 초기 준비,S0,False,,,2026-09-03T14:00:00Z,33765068330-1
KRW-KITE,2026-09-03T23:17:54.803607+09:00,1788445074,186.0,-35.78825310517666,11.0,99999.99999836,1835381.6253550202,0.054484581635177304,12,0.0,complete,1788444866894,1788445484985,1145101.65917524,1615190.55165975,-0.17030403181201886,195.0,196.0,0.512820512820511,-4.61538461538461,5.1020408163265305,1000.0000000000022,complete_hourly_ordered,/v1/candles/minutes/60,120,False,27.848101265822777,158.0,2026-08-31T09:00:00,202.0,2026-09-03T02:00:00,D0,7.425742574257422,34.09090909090904,False,2.212943632567854,23.296255679147745,14.435857664808674,False,-0.5685989519570155,-97.91114886000798,-76.11198048341089,0.050655841175753835,0.0,0.0,0.0,0.0,0.0,-0.6261602076274104,-85.82232309830745,77.11362769747696,0.11281116978154415,-1.0638297872340385,0.0,-0.08350730688935215,0.05665357998584852,0.13551235743936552,-0.6592014370887394,-93.82821028828127,-19.1565779608755,0.40764595518222535,-1.0638297872340385,0.0,-0.041753653444676075,0.02832789941172109,0.06799586641903055,-0.6592014370887394,-93.82821028828127,-19.1565779608755,0.40764595518222535,-1.0638297872340385,0.0,-0.041753653444676075,0.02832789941172109,0.06799586641903055,-0.6592014370887394,-93.82821028828127,-19.1565779608755,0.40764595518222535,-1.0638297872340385,0.0,-0.041753653444676075,0.02832789941172109,0.06799586641903055,-0.6592014370887394,-93.82821028828127,-19.1565779608755,0.40764595518222535,-1.0638297872340385,0.0,-0.041753653444676075,0.02832789941172109,0.06799586641903055,-0.5685989519570155,-4687320.55548852,-5847890.83714625,0.050655841175753835,0.0,0.0,0.0,0.0,1935381.62535338,10981650.80518544,0.1762377678626887,-1.0638297872340385,False,False,falling,falling,sell_advantage_accelerating,accelerating,neutral,False,False,False,pass,S0,🌱 초발사 준비,발사 구조 관찰 또는 초기 준비,S0,False,,,2026-09-03T14:00:00Z,33765068330-1
KRW-KMNO,2026-09-03T23:17:54.803607+09:00,1788445074,33.5,,,0.0,1022117.79986675,0.0,1,0.0,complete,1788444178112,1788444178112,3543001.31144423,2368180.94328674,0.1987454146278828,33.6,33.6,0.0,-0.29761904761904656,0.29761904761905184,,complete_hourly_ordered,/v1/candles/minutes/60,120,False,4.984423676012462,32.1,2026-09-02T19:00:00,33.7,2026-09-03T08:00:00,D0,0.5934718100890302,12.5,False,,,,True,-0.8332816932610554,-100.0,-81.77519388241983,,0.29940119760478723,,,,,,-100.0,,,0.0,,,,,,-100.0,,,0.0,,,,,,-100.0,,,0.0,,,,,,-100.0,,,0.0,,,,,,-100.0,,,0.0,,,,,-0.8332816932610554,-4673366.868707833,-4586269.983643253,,0.29940119760478723,,,,1022117.79986675,5022651.399525357,0.20350164058037964,0.0,False,False,falling,falling,sell_only,flat_or_na,neutral,False,False,False,pass,S0,🌱 초발사 준비,발사 구조 관찰 또는 초기 준비,S0,False,,,2026-09-03T14:00:00Z,33765068330-1
KRW-KNC,2026-09-03T23:17:54.803607+09:00,1788445074,155.0,-65.2824459187732,10.0,199999.99999920002,0.0,,1,0.0,complete,1788444857958,1788444857958,480652.35661911,1105501.10079388,-0.3939396539814602,156.0,156.0,0.0,-0.6410256410256387,0.641025641025641,,complete_hourly_ordered,/v1/candles/minutes/60,120,False,4.191616766467066,167.0,2026-08-29T20:00:00,174.0,2026-08-30T01:00:00,D-4,10.919540229885062,271.4285714285715,True,0.4625735912531681,8.638080214159363,10.071639736306297,False,,,,0.00995005239325053,0.0,0.0,0.0,0.0,0.0,,-96.948101249231,,0.3359783123657536,0.6493506493506551,0.0,0.042052144659399104,-0.0338769519177049,-0.12001133034739375,,-60.68677066590479,-100.0,1.1491514862038343,0.6493506493506551,0.0,0.042052144659399104,-0.0338769519177049,-0.12001133034739375,,-60.68677066590479,-100.0,1.1491514862038343,0.6493506493506551,0.0,0.042052144659399104,-0.0338769519177049,-0.12001133034739375,,-60.68677066590479,-100.0,1.1491514862038343,0.6493506493506551,0.0,0.042052144659399104,-0.0338769519177049,-0.12001133034739375,,-60.68677066590479,-100.0,1.1491514862038343,0.6493506493506551,0.0,0.042052144659399104,-0.0338769519177049,-0.12001133034739375,,199999.99999920002,0.0,0.00995005239325053,0.0,0.0,0.0,0.0,199999.99999920002,846899.9999996,0.23615539024594934,0.6493506493506551,False,False,rising,flat_or_na,buy_only,accelerating,neutral,False,False,False,pass,S0,🌱 초발사 준비,발사 구조 관찰 또는 초기 준비,S1,True,발사 구조 관찰 또는 초기 준비,2026-09-03T23:17:54.803607+09:00,2026-09-03T14:00:00Z,33765068330-1
KRW-LA,2026-09-03T23:17:54.803607+09:00,1788445074,87.8,1169.234495508696,9.0,56042477.87764251,100004927.35686167,0.5603971660082132,266,0.0,complete,1788444177828,1788445335311,3143392.38884955,1017563.73367082,0.5108990800631359,90.8,98.8,8.81057268722467,-3.3039647577092546,11.133603238866398,137.50000000000003,complete_hourly_ordered,/v1/candles/minutes/60,120,False,29.829172141918537,76.1,2026-08-30T11:00:00,98.8,2026-09-03T10:00:00,D0,11.133603238866396,48.45814977973566,True,0.8983530194643041,26.308994950070247,,True,0.3448200687239665,105.22942675883313,-21.0510566762382,1.350749901823292,0.22831050228311334,0.0,-0.041590417567793914,0.02757646726973917,,0.20888693538462844,39.0425012429914,-12.7853161240154,2.8729808610348755,0.34285714285713365,0.0,-0.01663616702713977,0.01103083819891637,,-0.1282165410232029,-14.990750132331465,4.459012703995713,32.0821690445232,0.34285714285713365,0.0,0.008318083513558783,-0.005515544750689827,,-0.1282165410232029,-14.990750132331465,4.459012703995713,32.0821690445232,0.34285714285713365,0.0,0.008318083513558783,-0.005515544750689827,,-0.1282165410232029,-14.990750132331465,4.459012703995713,32.0821690445232,0.34285714285713365,0.0,0.008318083513558783,-0.005515544750689827,,-0.1282165410232029,-14.990750132331465,4.459012703995713,32.0821690445232,0.34285714285713365,0.0,0.008318083513558783,-0.005515544750689827,,0.3448200687239665,28735244.815252043,-26665453.71049647,1.350749901823292,0.22831050228311334,0.0,-0.041590417567793914,0.02757646726973917,156047405.23450416,194773912.43170297,0.8011720013542462,0.34285714285713365,False,True,rising,falling,sell_advantage_weakening,accelerating,leading_buy_inflow,False,False,False,pass,S0,🌱 초발사 준비,발사 구조 관찰 또는 초기 준비,S0,False,,,2026-09-03T14:00:00Z,33765068330-1
KRW-LAYER,2026-09-03T23:17:54.803607+09:00,1788445074,94.1,-23.285198452996305,11.0,0.0,237122.01386194598,0.0,3,0.0,complete,1788444190973,1788444655381,1636564.09988932,915465.76719441,0.2825587356933748,92.4,95.6,3.463203463203457,1.8398268398268192,1.5690376569037656,46.8750000000005,complete_hourly_ordered,/v1/candles/minutes/60,120,False,5.986696230598665,90.2,2026-08-31T08:00:00,95.6,2026-09-03T17:00:00,D0,1.5690376569037712,27.777777777777757,False,0.4899524249094567,10.183099038492056,13.496780060511119,True,-0.045763247793320375,-100.0,-69.00464587793171,0.12493986477333152,-0.10615711252655036,0.0,-0.021302279343893282,0.01690174366042818,0.08250236492817464,-0.13765711512244722,-100.0,-22.78733801331572,0.15402869065432867,0.0,0.0,-0.021302279343893282,0.01690174366042818,0.08250236492817464,,-100.0,,0.3264266927029169,-0.5285412262156397,0.0,-0.035503798906488804,0.028169125833505504,0.1370941163616557,,-100.0,,0.3264266927029169,-0.5285412262156397,0.0,-0.035503798906488804,0.028169125833505504,0.1370941163616557,,-100.0,,0.3264266927029169,-0.5285412262156397,0.0,-0.035503798906488804,0.028169125833505504,0.1370941163616557,,-100.0,,0.3264266927029169,-0.5285412262156397,0.0,-0.035503798906488804,0.028169125833505504,0.1370941163616557,-0.045763247793320375,-35009.99999832,-527902.360204225,0.12493986477333152,-0.10615711252655036,0.0,-0.021302279343893282,0.01690174366042818,237122.01386194598,1325927.30253584,0.17883485271662283,-0.5285412262156397,False,True,falling,falling,sell_only,accelerating,neutral,False,False,False,pass,S1,⚡ 선행 시동,가격 미급등 상태에서 선행조건 3개 개선,S0,True,가격 미급등 상태에서 선행조건 3개 개선,2026-09-03T23:17:54.803607+09:00,2026-09-03T14:00:00Z,33765068330-1
KRW-LINEA,2026-09-03T23:17:54.803607+09:00,1788445074,3.48,17.084789148451662,11.0,1399300.3498250328,0.0,,2,0.0,complete,1788444507614,1788444563915,37271284.66536509,29376081.16354266,0.11846234886597648,3.47,3.53,1.7291066282420609,0.28818443804032867,1.4164305949008449,83.3333333333342,complete_hourly_ordered,/v1/candles/minutes/60,120,False,8.682634730538918,3.34,2026-08-31T08:00:00,3.63,2026-09-01T11:00:00,D-2,4.1322314049586755,51.72413793103446,False,0.8619000979432023,11.116865182116342,9.697612268535295,True,,,,0.12692499823889847,0.28818443804032867,0.0,0.019588638589618235,-0.015344644610445712,-0.03945302566671671,,-51.59190873653181,-100.0,0.24740260382933954,0.28818443804032867,0.0,0.0,0.0,0.0,,,,4.32723168101683,0.28818443804032867,0.0,0.019588638589618235,-0.015344644610445712,-0.03945302566671671,,,,4.32723168101683,0.28818443804032867,0.0,0.019588638589618235,-0.015344644610445712,-0.03945302566671671,,,,4.32723168101683,0.28818443804032867,0.0,0.019588638589618235,-0.015344644610445712,-0.03945302566671671,,,,4.32723168101683,0.28818443804032867,0.0,0.019588638589618235,-0.015344644610445712,-0.03945302566671671,,1399300.3498250328,0.0,0.12692499823889847,0.28818443804032867,0.0,0.019588638589618235,-0.015344644610445712,1399300.3498250328,5005560.497875281,0.2795491834368991,0.28818443804032867,False,True,rising,flat_or_na,buy_only,accelerating,neutral,False,False,False,pass,S1,⚡ 선행 시동,가격 미급등 상태에서 선행조건 5개 개선,S1,False,,,2026-09-03T14:00:00Z,33765068330-1
KRW-LINK,2026-09-03T23:17:54.803607+09:00,1788445074,15790.0,-34.62680087437013,6.0,43923600.6774831,22890710.506134905,1.9188395513416325,131,0.0,complete,1788444239176,1788445397736,19555.99254222,14354.96646076,0.15337301669949666,15290.0,15790.0,3.2701111837802443,3.2701111837802443,0.0,0.0,complete_hourly_ordered,/v1/candles/minutes/60,120,False,5.5370246831220715,14990.0,2026-09-02T19:00:00,15820.0,2026-09-03T23:00:00,D0,0.0,0.0,False,0.535031847133749,-21.376481896827944,,False,-0.6027246169049705,-46.10759156225428,-29.17950541403246,0.2471543828719973,0.4452926208651453,0.0,0.012738853503169167,-0.013046521588425009,,-0.37737433306176094,-40.24940820448503,-28.49837893624193,0.5768480147885597,0.8301404853128913,0.0,0.05095541401272108,-0.05218909635625835,,1.0149956588458169,107.44742252250515,-2.2846460873359398,2.292141792118464,2.0025839793281763,0.0,0.11889596602971952,-0.12178704610176538,,1.0149956588458169,107.44742252250515,-2.2846460873359398,2.292141792118464,2.0025839793281763,0.0,0.11889596602971952,-0.12178704610176538,,1.0149956588458169,107.44742252250515,-2.2846460873359398,2.292141792118464,2.0025839793281763,0.0,0.11889596602971952,-0.12178704610176538,,1.0149956588458169,107.44742252250515,-2.2846460873359398,2.292141792118464,2.0025839793281763,0.0,0.11889596602971952,-0.12178704610176538,,-0.6027246169049705,-37578788.89974618,-9431445.163575001,0.2471543828719973,0.4452926208651453,0.0,0.012738853503169167,-0.013046521588425009,66814311.183618,51934779.321268946,1.2865041896164449,2.0025839793281763,False,False,falling,falling,buy_advantage_weakening,accelerating,neutral,False,False,False,pass,S0,🌱 초발사 준비,발사 구조 관찰 또는 초기 준비,S0,False,,,2026-09-03T14:00:00Z,33765068330-1
KRW-LIT,2026-09-03T23:17:54.803607+09:00,1788445074,5460.0,,,116697719.93107644,19437475.315231647,6.003748842815479,110,0.0,complete,1788444208379,1788445338975,29266.39879748,34998.33412304,-0.08919254877553169,5230.0,5475.0,4.684512428298282,4.397705544933084,0.273972602739726,6.122448979591779,complete_hourly_ordered,/v1/candles/minutes/60,120,False,19.42174732872408,4773.0,2026-08-30T16:00:00,5700.0,2026-09-01T21:00:00,D-2,4.035087719298247,24.81121898597634,False,,,,False,4.796906733506324,864.2232080368606,93.82309298707104,,0.9242144177449063,,,,,3.9873698788550263,180.58017856837748,-5.766216312234929,,-0.09149130832570851,,,,,5.419619947950942,1851.0673043822703,89.82719266795512,,0.9242144177449063,,,,,5.419619947950942,1851.0673043822703,89.82719266795512,,0.9242144177449063,,,,,5.419619947950942,1851.0673043822703,89.82719266795512,,0.9242144177449063,,,,,5.419619947950942,1851.0673043822703,89.82719266795512,,0.9242144177449063,,,,,4.796906733506324,104594949.64320184,9409013.269933349,,0.9242144177449063,,,,136135195.2463081,19876595.814913,6.849019646722838,0.9242144177449063,False,False,rising,rising,buy_advantage_accelerating,flat_or_na,neutral,False,False,False,pass,S0,🌱 초발사 준비,발사 구조 관찰 또는 초기 준비,S0,False,,,2026-09-03T14:00:00Z,33765068330-1
KRW-LPT,2026-09-03T23:17:54.803607+09:00,1788445074,1882.0,-8.552186103166015,8.0,0.0,0.0,,0,0.0,complete,,,31406.41423509,12881.71043259,0.41827699731026796,1821.0,1904.0,4.5579352004393225,3.349807797913229,1.1554621848739497,26.506024096385715,complete_hourly_ordered,/v1/candles/minutes/60,120,False,6.77506775067751,1845.0,2026-08-30T10:00:00,1970.0,2026-08-31T02:00:00,D-3,4.467005076142128,70.39999999999995,True,0.5796281897222144,21.43340281324628,,True,,-100.0,-100.0,0.0,0.0,0.0,0.0,0.0,,,-100.0,-100.0,4.024733784641787,0.7494646680942241,0.0,0.04948045522019662,-0.034856906934013665,,,-100.0,-100.0,9.959829364347563,0.5879208979155504,0.0,0.038877500530154485,-0.02738728618049535,,,-100.0,-100.0,9.959829364347563,0.5879208979155504,0.0,0.038877500530154485,-0.02738728618049535,,,-100.0,-100.0,9.959829364347563,0.5879208979155504,0.0,0.038877500530154485,-0.02738728618049535,,,-100.0,-100.0,9.959829364347563,0.5879208979155504,0.0,0.038877500530154485,-0.02738728618049535,,,-4095889.0122571397,-15942158.639388612,0.0,0.0,0.0,0.0,0.0,0,613334.02488831,0.0,0.5879208979155504,False,False,falling,falling,unavailable,flat_or_na,neutral,False,False,False,pass,S0,🌱 초발사 준비,발사 구조 관찰 또는 초기 준비,S0,False,,,2026-09-03T14:00:00Z,33765068330-1
KRW-LSK,2026-09-03T23:17:54.803607+09:00,1788445074,138.0,-91.34887304780972,13.0,19725200.022215527,11026.29374926,1788.9238642439877,29,0.0,complete,1788444485585,1788445078498,880917.89780277,3107717.39540586,-0.5582860637558458,134.0,140.0,4.477611940298498,2.9850746268656803,1.4285714285714286,33.333333333333,complete_hourly_ordered,/v1/candles/minutes/60,120,False,7.407407407407418,135.0,2026-08-30T19:00:00,145.0,2026-08-31T05:00:00,D-3,4.82758620689655,70.00000000000016,False,1.2735608762098671,4.175453395191906,2.6465932586383745,True,1788.9238642439877,,10.262937501641535,0.05269086733825645,0.0,0.0,0.0,0.0,0.0,1788.2284256809262,14560.053207489906,-94.30095011822655,0.05358729452727573,0.0,0.0,-0.05094243504839557,0.042425319520136284,0.04090507517370279,1777.5130486402236,8543.203390880344,-44.868531249179235,0.06878333328020858,0.0,0.0,-0.05094243504839557,0.042425319520136284,0.04090507517370279,1777.5130486402236,8543.203390880344,-44.868531249179235,0.06878333328020858,0.0,0.0,-0.05094243504839557,0.042425319520136284,0.04090507517370279,1777.5130486402236,8543.203390880344,-44.868531249179235,0.06878333328020858,0.0,0.0,-0.05094243504839557,0.042425319520136284,0.04090507517370279,1777.5130486402236,8543.203390880344,-44.868531249179235,0.06878333328020858,0.0,0.0,-0.05094243504839557,0.042425319520136284,0.04090507517370279,1788.9238642439877,19725200.022215527,1026.293750079998,0.05269086733825645,0.0,0.0,0.0,0.0,19736226.31596479,1153816.09195111,17.105175125951583,0.0,False,True,rising,rising,buy_advantage_accelerating,accelerating,leading_buy_inflow,False,False,False,pass,S2,🚀 발사 진행,가격 상승 초입과 실제 매수수급·구조 동반,S1,True,가격 상승 초입과 실제 매수수급·구조 동반,2026-09-03T23:17:54.803607+09:00,2026-09-03T14:00:00Z,33765068330-1
KRW-MANA,2026-09-03T23:17:54.803607+09:00,1788445074,101.0,98.88452440032336,14.0,0.0,0.0,,0,0.0,complete,,,881059.75856185,2578265.70535349,-0.490617597128518,101.0,103.0,1.980198019801982,0.0,1.9417475728155338,100.0,complete_hourly_ordered,/v1/candles/minutes/60,120,False,7.920792079207928,101.0,2026-08-29T21:00:00,109.0,2026-08-30T12:00:00,D-4,7.339449541284404,100.0,False,0.6157877497543485,4.781389005130111,5.223968071953582,False,,-100.0,-100.0,0.0026287134543991897,0.0,0.0,0.0,0.0,0.0,,-100.0,-100.0,0.2772617862029989,-0.9803921568627416,0.0,-0.06550933508024936,0.05461220198099781,0.12056844235926434,,-100.0,,0.7150191082502744,-0.9803921568627416,0.0,-0.06550933508024936,0.05461220198099781,0.12056844235926434,,-100.0,,0.7150191082502744,-0.9803921568627416,0.0,-0.06550933508024936,0.05461220198099781,0.12056844235926434,,-100.0,,0.7150191082502744,-0.9803921568627416,0.0,-0.06550933508024936,0.05461220198099781,0.12056844235926434,,-100.0,,0.7150191082502744,-0.9803921568627416,0.0,-0.06550933508024936,0.05461220198099781,0.12056844235926434,,-3095001.9999984605,-38205.99105718,0.0026287134543991897,0.0,0.0,0.0,0.0,0,1024499.9999994901,0.0,-0.9803921568627416,False,True,falling,falling,unavailable,accelerating,neutral,False,False,False,pass,S0,🌱 초발사 준비,발사 구조 관찰 또는 초기 준비,S1,True,발사 구조 관찰 또는 초기 준비,2026-09-03T23:17:54.803607+09:00,2026-09-03T14:00:00Z,33765068330-1
KRW-MANTRA,2026-09-03T23:17:54.803607+09:00,1788445074,6.16,-71.18550701197022,4.0,714603.607181299,3239961.080606009,0.22055931827663747,9,0.0,complete,1788444500187,1788444936239,17030885.23543908,11186468.02384701,0.20712138228870644,6.14,6.19,0.8143322475570258,0.32573289902280145,0.48465266558966474,60.00000000000109,complete_hourly_ordered,/v1/candles/minutes/60,120,False,27.160493827160504,5.67,2026-08-31T11:00:00,7.21,2026-08-31T18:00:00,D-3,14.563106796116498,68.18181818181822,True,-0.5700763687210841,39.44217887616896,,True,-2.4868415048221073,-34.033815123472664,709.7454445673801,0.0023167356870317235,-0.3236245954692518,0.0,-0.02151231580078683,0.012110091367119935,,,-85.70078182030217,,0.003401464041829172,-0.3236245954692518,0.0,-0.02151231580078683,0.012110091367119935,,-0.6306109168644625,-65.46871977646144,33.26119312142366,0.029304662348280885,0.0,0.0,0.0,0.0,,-0.6306109168644625,-65.46871977646144,33.26119312142366,0.029304662348280885,0.0,0.0,0.0,0.0,,-0.6306109168644625,-65.46871977646144,33.26119312142366,0.029304662348280885,0.0,0.0,0.0,0.0,,-0.6306109168644625,-65.46871977646144,33.26119312142366,0.029304662348280885,0.0,0.0,0.0,0.0,,-2.4868415048221073,-368684.15384181193,2839840.141075807,0.0023167356870317235,-0.3236245954692518,0.0,-0.02151231580078683,0.012110091367119935,3954564.687787308,9026075.629410133,0.4381266953826471,0.0,False,False,falling,rising,sell_advantage_accelerating,accelerating,neutral,True,True,False,🔴 1차 급등 완료·상승분 반납 / 신규매수 금지,S3,🔴 1차 급등 완료·반납,당일/5D 급등 후 상승분 상당 부분 반납,S0,True,당일/5D 급등 후 상승분 상당 부분 반납,2026-09-03T23:17:54.803607+09:00,2026-09-03T14:00:00Z,33765068330-1
KRW-MASK,2026-09-03T23:17:54.803607+09:00,1788445074,598.0,-87.80412160082149,12.0,122668.6898927,0.0,,5,0.0,complete,1788444375913,1788444970922,61703.53833275,39089.76026803,0.22435795215203927,597.0,604.0,1.1725293132328396,0.16750418760469454,0.9933774834437087,85.71428571428544,complete_hourly_ordered,/v1/candles/minutes/60,120,False,9.171075837742503,567.0,2026-08-31T08:00:00,619.0,2026-09-02T04:00:00,D-1,3.392568659127626,40.384615384615316,False,0.8886863392958855,0.4077042035709201,0.3382074998894963,True,,,-100.0,0.004335836413048355,0.5042016806722671,0.0,0.03418024381907081,-0.029541849264154707,-0.026292687710587348,,,-100.0,0.040093550190704264,0.5042016806722671,0.0,0.03418024381907081,-0.029541849264154707,-0.026292687710587348,,,,0.3799330909066896,0.3355704697986628,0.0,0.022786829212706472,-0.01969428928702105,-0.017499480713600912,,,,0.3799330909066896,0.3355704697986628,0.0,0.022786829212706472,-0.01969428928702105,-0.017499480713600912,,,,0.3799330909066896,0.3355704697986628,0.0,0.022786829212706472,-0.01969428928702105,-0.017499480713600912,,,,0.3799330909066896,0.3355704697986628,0.0,0.022786829212706472,-0.01969428928702105,-0.017499480713600912,,122668.6898927,-1011650.6908483501,0.004335836413048355,0.5042016806722671,0.0,0.03418024381907081,-0.029541849264154707,122668.6898927,713222.23299208,0.17199224059250853,0.3355704697986628,False,True,rising,falling,buy_only,accelerating,neutral,False,False,False,pass,S1,⚡ 선행 시동,가격 미급등 상태에서 선행조건 6개 개선,S1,False,,,2026-09-03T14:00:00Z,33765068330-1
KRW-MBL,2026-09-03T23:17:54.803607+09:00,1788445074,0.947,1115.1857398437214,11.0,4711152.786303065,2592612.165296269,1.8171452133739028,37,0.0,complete,1788444333053,1788445458654,41630406.98368585,34299058.56890424,0.09655472169369854,0.982,0.982,0.0,-3.5641547861507195,3.564154786150716,,complete_hourly_ordered,/v1/candles/minutes/60,120,False,29.54545454545454,0.88,2026-08-31T11:00:00,1.14,2026-09-02T09:00:00,D-1,16.84210526315789,73.84615384615388,True,0.9665373068755923,14.643639205490688,12.815826166584205,True,-4.376720083319647,-56.623222257366244,47.852750768138975,0.1403479821046858,0.10570824524311906,0.0,0.007322252324803991,-0.005529756717978174,-0.017260768794370662,1.4521744094566702,320.4011578331543,-15.563078056255176,1.073836692907662,0.5307855626327074,0.0,0.03661126162406436,-0.027649639377450796,-0.08664229998024098,0.7532391230678921,438.47423905453644,215.26705636218017,2.7884546676189075,1.9375672766415386,0.0,0.13180054184667167,-0.09954871579022928,-0.3159390680824501,0.7532391230678921,438.47423905453644,215.26705636218017,2.7884546676189075,1.9375672766415386,0.0,0.13180054184667167,-0.09954871579022928,-0.3159390680824501,0.7532391230678921,438.47423905453644,215.26705636218017,2.7884546676189075,1.9375672766415386,0.0,0.13180054184667167,-0.09954871579022928,-0.3159390680824501,0.7532391230678921,438.47423905453644,215.26705636218017,2.7884546676189075,1.9375672766415386,0.0,0.13180054184667167,-0.09954871579022928,-0.3159390680824501,-4.376720083319647,-6149849.416893353,839102.574282995,0.1403479821046858,0.10570824524311906,0.0,0.007322252324803991,-0.005529756717978174,7303764.951599333,5769748.466388916,1.2658723329355994,1.9375672766415386,False,True,falling,rising,buy_advantage_weakening,accelerating,neutral,True,True,False,🔴 1차 급등 완료·상승분 반납 / 신규매수 금지,S0,🌱 초발사 준비,발사 구조 관찰 또는 초기 준비,S3,True,발사 구조 관찰 또는 초기 준비,2026-09-03T23:17:54.803607+09:00,2026-09-03T14:00:00Z,33765068330-1
KRW-ME,2026-09-03T23:17:54.803607+09:00,1788445074,86.2,-29.188300563944537,8.0,2888106.5727871167,6760266.812948443,0.4272178380970572,38,0.0,complete,1788444315901,1788445297105,1076124.53667367,1225478.43923268,-0.06489125367080129,85.2,86.4,1.4084507042253502,1.1737089201877993,0.23148148148148476,16.666666666666142,complete_hourly_ordered,/v1/candles/minutes/60,120,False,5.35931790499391,82.1,2026-08-31T08:00:00,86.5,2026-09-02T23:00:00,D-1,0.3468208092485492,6.818181818181573,False,0.1790109644215443,14.118549779397672,,True,-0.4909086798456063,43.98951195946221,209.44538698211065,0.03920175095498735,0.34924330616996624,0.0,0.0,0.0,,-3.3667968467074214,-62.93078436783641,229.20242536937542,0.07439870584130404,0.34924330616996624,0.0,0.0,0.0,,-1.5433528620006636,-50.552452411059676,128.0801028919506,0.6073718667782941,0.4662004662004726,0.0,0.007458790184222686,-0.005707879800967319,,-1.5433528620006636,-50.552452411059676,128.0801028919506,0.6073718667782941,0.4662004662004726,0.0,0.007458790184222686,-0.005707879800967319,,-1.5433528620006636,-50.552452411059676,128.0801028919506,0.6073718667782941,0.4662004662004726,0.0,0.007458790184222686,-0.005707879800967319,,-1.5433528620006636,-50.552452411059676,128.0801028919506,0.6073718667782941,0.4662004662004726,0.0,0.007458790184222686,-0.005707879800967319,,-0.4909086798456063,882330.9204602905,4575627.100306916,0.03920175095498735,0.34924330616996624,0.0,0.0,0.0,9648373.38573556,8428542.084779963,1.1447262514306402,0.4662004662004726,False,False,rising,rising,sell_advantage_accelerating,accelerating,neutral,False,False,False,pass,S0,🌱 초발사 준비,발사 구조 관찰 또는 초기 준비,S0,False,,,2026-09-03T14:00:00Z,33765068330-1
KRW-MED,2026-09-03T23:17:54.803607+09:00,1788445074,2.04,238.54090091755444,13.0,0.0,3039226.5770827783,0.0,7,0.0,complete,1788444769329,1788445431826,59690527.95818437,63806463.02864263,-0.03332822150215219,2.07,2.07,0.0,-1.449275362318836,1.4492753623188313,,complete_hourly_ordered,/v1/candles/minutes/60,120,False,14.583333333333348,1.92,2026-09-01T01:00:00,2.2,2026-09-02T14:00:00,D-1,7.727272727272738,60.71428571428585,False,0.7772896248732675,14.33188494272274,11.842148800325239,True,-0.6821830334081384,-100.0,314.8690919943585,0.10583375543973261,0.0,0.0,0.0,0.0,0.0,,-100.0,,0.34015066284300133,-0.4878048780487698,0.0,-0.033795201081443516,0.025651101872398385,0.07109247590757128,,,,0.3753047089265351,0.990099009900991,0.0,0.06759040216288703,-0.0513077310068244,-0.14402422578848828,,,,0.3753047089265351,0.990099009900991,0.0,0.06759040216288703,-0.0513077310068244,-0.14402422578848828,,,,0.3753047089265351,0.990099009900991,0.0,0.06759040216288703,-0.0513077310068244,-0.14402422578848828,,,,0.3753047089265351,0.990099009900991,0.0,0.06759040216288703,-0.0513077310068244,-0.14402422578848828,-0.6821830334081384,-499750.1249375205,2306651.739446017,0.10583375543973261,0.0,0.0,0.0,0.0,3039226.5770827783,990773.091678845,3.0675303988452796,0.990099009900991,False,True,falling,rising,sell_only,accelerating,neutral,False,False,False,pass,S0,🌱 초발사 준비,발사 구조 관찰 또는 초기 준비,S0,False,,,2026-09-03T14:00:00Z,33765068330-1
KRW-MEGA,2026-09-03T23:17:54.803607+09:00,1788445074,52.9,54.24017711281665,7.0,5681294.496126452,1225297.651852334,4.636664803476772,43,0.0,complete,1788444179667,1788445512079,1615539.20484233,2573255.43520502,-0.22863766612150366,50.7,56.7,11.834319526627212,4.339250493096647,6.701940035273375,63.33333333333331,complete_hourly_ordered,/v1/candles/minutes/60,120,False,13.400000000000013,50.0,2026-09-03T02:00:00,56.7,2026-09-03T18:00:00,D0,6.701940035273379,56.71641791044777,False,0.6236746912810176,32.017992015253185,,True,3.9923615339378684,-31.56435873130201,-90.49029651887915,0.4389289687376916,0.3795066413662118,0.0,0.02494698765125314,-0.015422431333213638,,4.498301476966138,543.0308634452537,-80.81123111410271,1.0267933566128136,0.0,0.0,0.0,0.0,,2.7759893078579987,-42.6973856507147,-77.00468442863104,7.8855656733780535,0.3795066413662118,0.0,0.02494698765125314,-0.015422431333213638,,2.7759893078579987,-42.6973856507147,-77.00468442863104,7.8855656733780535,0.3795066413662118,0.0,0.02494698765125314,-0.015422431333213638,,2.7759893078579987,-42.6973856507147,-77.00468442863104,7.8855656733780535,0.3795066413662118,0.0,0.02494698765125314,-0.015422431333213638,,2.7759893078579987,-42.6973856507147,-77.00468442863104,7.8855656733780535,0.3795066413662118,0.0,0.02494698765125314,-0.015422431333213638,,3.9923615339378684,-2620365.853369008,-11659411.679882942,0.4389289687376916,0.3795066413662118,0.0,0.02494698765125314,-0.015422431333213638,6906592.147978786,31956435.57726822,0.21612523497118988,0.3795066413662118,False,False,falling,falling,buy_advantage_accelerating,accelerating,neutral,False,False,False,pass,S0,🌱 초발사 준비,발사 구조 관찰 또는 초기 준비,S0,False,,,2026-09-03T14:00:00Z,33765068330-1
KRW-MET2,2026-09-03T23:17:54.803607+09:00,1788445074,275.0,-62.530302816726156,5.0,3099209.49743752,0.0,,2,0.0,complete,1788444615553,1788445339098,334976.26854544,355493.98868163,-0.029715574163308955,268.0,277.0,3.3582089552238736,2.6119402985074647,0.7220216606498195,22.222222222222,complete_hourly_ordered,/v1/candles/minutes/60,120,False,9.92063492063493,252.0,2026-08-31T11:00:00,277.0,2026-09-03T21:00:00,D0,0.3610108303249149,3.9999999999999822,False,0.022988505747134624,-26.184520572775057,,False,,-47.22749426887479,-100.0,0.39191396974910475,-0.36231884057971175,0.0,-0.02298850574711242,0.024425994324200673,,,,-100.0,0.609342197530303,0.36496350364962904,1.0,0.022988505747134624,-0.024427765350466757,,,975.8729423878249,,2.2053985405106786,1.4760147601476037,1.0,0.09195402298850519,-0.09772168948583015,,,975.8729423878249,,2.2053985405106786,1.4760147601476037,1.0,0.09195402298850519,-0.09772168948583015,,,975.8729423878249,,2.2053985405106786,1.4760147601476037,1.0,0.09195402298850519,-0.09772168948583015,,,975.8729423878249,,2.2053985405106786,1.4760147601476037,1.0,0.09195402298850519,-0.09772168948583015,,,-2773563.558342561,-7521708.313563241,0.39191396974910475,-0.36231884057971175,0.0,-0.02298850574711242,0.024425994324200673,3099209.49743752,2367274.0522163603,1.3091891471272137,1.4760147601476037,False,False,falling,falling,buy_only,accelerating,neutral,False,False,False,pass,S0,🌱 초발사 준비,발사 구조 관찰 또는 초기 준비,S0,False,,,2026-09-03T14:00:00Z,33765068330-1
KRW-META,2026-09-03T23:17:54.803607+09:00,1788445074,10.4,-61.40549978493066,9.0,362256.177111296,36771.0,9.851681409569933,12,0.0,complete,1788445013558,1788445414207,6506056.33139876,29320914.53088534,-0.6368067869088068,10.2,10.5,2.941176470588247,1.9607843137255054,0.952380952380949,33.33333333333308,complete_hourly_ordered,/v1/candles/minutes/60,120,False,8.080808080808065,9.9,2026-08-29T13:00:00,10.7,2026-08-30T09:00:00,D-4,2.8037383177569986,37.49999999999975,True,0.8572370590174572,13.53750052996794,13.803429680069055,False,-240.53158761585453,-89.96856503155115,154.95175655764803,0.00024913054297570625,0.9708737864077666,0.0,0.06594131223212063,-0.05042382766555775,-0.19536209730498832,9.851681409569933,,154.95175655764803,0.18086417480576245,1.9607843137255054,0.0,0.13188262446421906,-0.10085478247464508,-0.39485481310867243,9.769534794255401,1543.6639719190516,-86.29457994079783,0.6139240398408887,1.9607843137255054,0.0,0.13188262446421906,-0.10085478247464508,-0.39485481310867243,9.769534794255401,1543.6639719190516,-86.29457994079783,0.6139240398408887,1.9607843137255054,0.0,0.13188262446421906,-0.10085478247464508,-0.39485481310867243,9.769534794255401,1543.6639719190516,-86.29457994079783,0.6139240398408887,1.9607843137255054,0.0,0.13188262446421906,-0.10085478247464508,-0.39485481310867243,9.769534794255401,1543.6639719190516,-86.29457994079783,0.6139240398408887,1.9607843137255054,0.0,0.13188262446421906,-0.10085478247464508,-0.39485481310867243,-240.53158761585453,-3248953.766936331,22348.271364402,0.00024913054297570625,0.9708737864077666,0.0,0.06594131223212063,-0.05042382766555775,399027.177111296,671054.6351623561,0.5946269591219717,1.9607843137255054,False,False,falling,rising,buy_advantage_weakening,accelerating,neutral,False,False,False,pass,S0,🌱 초발사 준비,발사 구조 관찰 또는 초기 준비,S0,False,,,2026-09-03T14:00:00Z,33765068330-1
KRW-META2,2026-09-03T23:17:54.803607+09:00,1788445074,7445.0,,,4276549.48795235,3354818.60072965,1.2747483536135842,14,0.0,complete,1788444336991,1788445032241,2707.75433128,10747.92789891,-0.5975299825073582,7600.0,7600.0,0.0,-2.0394736842105243,2.0394736842105265,,complete_hourly_ordered,/v1/candles/minutes/60,120,False,11.816939890710376,7320.0,2026-09-02T07:00:00,8185.0,2026-09-02T09:00:00,D-1,9.040928527794744,85.54913294797693,False,,,,True,-5.208357896594412,11.067024342159048,464.8638946372998,,0.4045853000674393,,,,,-0.1689226148801557,104.9975942822611,132.16274383678868,,0.6761325219743153,,,,,-3.58348036443992,-18.95535309391445,208.8714960309756,,2.618883528600957,,,,,-3.58348036443992,-18.95535309391445,208.8714960309756,,2.618883528600957,,,,,-3.58348036443992,-18.95535309391445,208.8714960309756,,2.618883528600957,,,,,-3.58348036443992,-18.95535309391445,208.8714960309756,,2.618883528600957,,,,,-5.208357896594412,426127.1746851988,2760902.32592795,,0.4045853000674393,,,,7631368.088682,4212195.529845799,1.8117316811647084,2.618883528600957,False,False,rising,rising,buy_advantage_weakening,flat_or_na,neutral,False,False,False,pass,S0,🌱 초발사 준비,발사 구조 관찰 또는 초기 준비,S0,False,,,2026-09-03T14:00:00Z,33765068330-1
KRW-MEW,2026-09-03T23:17:54.803607+09:00,1788445074,0.575,-85.42302088307497,13.0,18737290.01472954,4694082.815581337,3.991682880526476,44,0.0,complete,1788444718995,1788445487287,68690298.43612707,43075519.08433833,0.2291825883803733,0.56,0.575,2.678571428571419,2.678571428571419,0.0,0.0,complete_hourly_ordered,/v1/candles/minutes/60,120,False,6.148282097649171,0.553,2026-08-31T08:00:00,0.587,2026-08-31T18:00:00,D-3,1.5332197614991494,26.470588235294063,True,1.1576239476146055,4.3771415938985445,2.6696879761739334,True,0.992349987895075,877.9230845560733,634.8070880785327,0.24889704788934353,1.0544815465729274,1.0,0.07015902712816935,-0.05839799432864723,-0.055027569771241236,3.508590058918949,545.8105416647671,-21.8408761079816,0.28336407887721293,1.232394366197176,1.0,0.12862488306828457,-0.10707038703143912,-0.10149778590082503,3.9228800199359126,32422.003816140033,460.5672999736214,0.6392747422917466,1.0544815465729274,1.0,0.07015902712816935,-0.05839799432864723,-0.055027569771241236,3.9228800199359126,32422.003816140033,460.5672999736214,0.6392747422917466,1.0544815465729274,1.0,0.07015902712816935,-0.05839799432864723,-0.055027569771241236,3.9228800199359126,32422.003816140033,460.5672999736214,0.6392747422917466,1.0544815465729274,1.0,0.07015902712816935,-0.05839799432864723,-0.055027569771241236,3.9228800199359126,32422.003816140033,460.5672999736214,0.6392747422917466,1.0544815465729274,1.0,0.07015902712816935,-0.05839799432864723,-0.055027569771241236,0.992349987895075,16821261.00277148,4055264.4247767483,0.24889704788934353,1.0544815465729274,1.0,0.07015902712816935,-0.05839799432864723,23431372.830310877,2442636.0194191798,9.592658359259964,1.0544815465729274,False,True,rising,rising,buy_advantage_accelerating,accelerating,neutral,False,False,False,pass,S2,🚀 발사 진행,가격 상승 초입과 실제 매수수급·구조 동반,S1,True,가격 상승 초입과 실제 매수수급·구조 동반,2026-09-03T23:17:54.803607+09:00,2026-09-03T14:00:00Z,33765068330-1
KRW-MINA,2026-09-03T23:17:54.803607+09:00,1788445074,98.4,-72.18346922628547,8.0,1487689.330988456,3235624.999999407,0.4597842243735688,16,0.0,complete,1788444228547,1788445284162,137805.22941181,1873993.86978011,-0.8630029912358921,97.6,103.0,5.5327868852458995,0.819672131147553,4.466019417475723,85.18518518518496,complete_hourly_ordered,/v1/candles/minutes/60,120,False,21.176470588235286,85.0,2026-08-31T08:00:00,103.0,2026-09-03T13:00:00,D0,4.27184466019418,24.44444444444445,False,3.1969721372201665,-19.70342693677389,,True,-3.1480303641215306,-77.224743887366,78.7118759279394,0.024577086953712524,-0.5055611729019249,0.0,-0.04026413271058793,0.03971375207608219,,-0.8927987368533585,115.15111062411987,532.9267314808794,0.06761236443094276,0.20366598778003286,-1.0,0.03221130616846146,-0.031774340470729356,,0.4597842243735688,,90.18815405094838,0.2612937141134495,0.819672131147553,-1.0,0.06442261233692292,-0.06355164922295131,,0.4597842243735688,,90.18815405094838,0.2612937141134495,0.819672131147553,-1.0,0.06442261233692292,-0.06355164922295131,,0.4597842243735688,,90.18815405094838,0.2612937141134495,0.819672131147553,-1.0,0.06442261233692292,-0.06355164922295131,,0.4597842243735688,,90.18815405094838,0.2612937141134495,0.819672131147553,-1.0,0.06442261233692292,-0.06355164922295131,,-3.1480303641215306,-5044352.827532863,1425098.9881164124,0.024577086953712524,-0.5055611729019249,0.0,-0.04026413271058793,0.03971375207608219,4723314.330987863,9306842.960479422,0.5075098345427064,0.819672131147553,False,False,falling,rising,sell_advantage_accelerating,accelerating,neutral,False,False,False,pass,S0,🌱 초발사 준비,발사 구조 관찰 또는 초기 준비,S0,False,,,2026-09-03T14:00:00Z,33765068330-1
KRW-MIRA,2026-09-03T23:17:54.803607+09:00,1788445074,61.9,1153.4652618893554,8.0,31354233.67457566,26463201.12634579,1.1848239192559564,74,0.0,complete,1788444213095,1788445585286,3958664.75117085,1506162.12069537,0.44877956575373795,63.7,65.0,2.0408163265306145,-2.8257456828885474,4.769230769230772,238.46153846153868,complete_hourly_ordered,/v1/candles/minutes/60,120,False,26.408450704225352,56.8,2026-08-30T09:00:00,71.8,2026-08-31T14:00:00,D-3,13.92757660167131,66.66666666666667,False,0.7331378299120228,24.125480534375463,,True,0.1447418545333634,21.327008006265856,6.505315214277707,0.5201225805708418,0.16181229773462036,0.0,0.011279043537104627,-0.007689964217433953,,-0.9567087785366191,-27.6673109355273,30.73910497021981,2.042019767324973,1.1437908496731986,0.0,0.0789533047597546,-0.05383317966143508,,0.8003389388492101,2.2340279370937743,-66.82422798066024,10.56227763020911,1.1437908496731986,0.0,0.0789533047597546,-0.05383317966143508,,0.8003389388492101,2.2340279370937743,-66.82422798066024,10.56227763020911,1.1437908496731986,0.0,0.0789533047597546,-0.05383317966143508,,0.8003389388492101,2.2340279370937743,-66.82422798066024,10.56227763020911,1.1437908496731986,0.0,0.0789533047597546,-0.05383317966143508,,0.8003389388492101,2.2340279370937743,-66.82422798066024,10.56227763020911,1.1437908496731986,0.0,0.0789533047597546,-0.05383317966143508,,0.1447418545333634,5511485.065002769,1616365.0101345405,0.5201225805708418,0.16181229773462036,0.0,0.011279043537104627,-0.007689964217433953,57817434.800921455,39155868.01335527,1.4765969376850772,1.1437908496731986,False,True,rising,rising,buy_advantage_accelerating,accelerating,leading_buy_inflow,True,True,False,🔴 1차 급등 완료·상승분 반납 / 신규매수 금지,S3,🔴 1차 급등 완료·반납,당일/5D 급등 후 상승분 상당 부분 반납,S3,False,,,2026-09-03T14:00:00Z,33765068330-1
KRW-MLK,2026-09-03T23:17:54.803607+09:00,1788445074,48.8,-92.62853695065527,11.0,1477819.4210553803,499894.82909290696,2.9562606673427365,16,0.0,complete,1788444292879,1788445200037,2954001.61085767,1566250.97883344,0.30700731972127726,48.9,49.0,0.2044989775051187,-0.2044989775051187,0.40816326530612823,200.0,complete_hourly_ordered,/v1/candles/minutes/60,120,False,4.439746300211422,47.3,2026-08-31T14:00:00,49.4,2026-09-02T13:00:00,D-1,0.8097165991902799,19.04761904761924,False,0.6787643717966585,13.11027093264791,14.401036636950543,False,1.9565396299652607,-63.17527563317151,-87.54695347002792,0.02727467252240956,0.0,0.0,0.0,0.0,0.0,2.599619609258127,557.054255816547,-20.733469953432447,0.02746087653139284,0.0,0.0,0.0,0.0,0.0,1.3050563456948343,392.85277692272336,175.28040547333163,0.05241457630317825,-0.2044989775051187,0.0,-0.013852334118302778,0.010656479137644226,0.04531429282416255,1.3050563456948343,392.85277692272336,175.28040547333163,0.05241457630317825,-0.2044989775051187,0.0,-0.013852334118302778,0.010656479137644226,0.04531429282416255,1.3050563456948343,392.85277692272336,175.28040547333163,0.05241457630317825,-0.2044989775051187,0.0,-0.013852334118302778,0.010656479137644226,0.04531429282416255,1.3050563456948343,392.85277692272336,175.28040547333163,0.05241457630317825,-0.2044989775051187,0.0,-0.013852334118302778,0.010656479137644226,0.04531429282416255,1.9565396299652607,-2535297.97891243,-3514342.393017817,0.02727467252240956,0.0,0.0,0.0,0.0,1977714.2501482873,1397217.3789795493,1.4154663976429358,-0.2044989775051187,False,False,falling,falling,buy_advantage_accelerating,accelerating,neutral,False,False,False,pass,S1,⚡ 선행 시동,가격 미급등 상태에서 선행조건 3개 개선,S1,False,,,2026-09-03T14:00:00Z,33765068330-1
KRW-MMT,2026-09-03T23:17:54.803607+09:00,1788445074,219.0,-40.16791853655456,0.0,36558409.301124334,3330787.8905619904,10.975904351254256,49,0.0,complete,1788444178036,1788445530084,1555913.10198789,1256729.68414392,0.10637092606254239,217.0,219.0,0.9216589861751112,0.9216589861751112,0.0,0.0,complete_hourly_ordered,/v1/candles/minutes/60,120,False,4.20560747663552,214.0,2026-08-31T08:00:00,223.0,2026-09-02T01:00:00,D-1,1.7937219730941756,44.444444444444386,True,-1.0668973471741672,-0.18980873120162448,,False,8.009572795252158,282.6987178448693,3.427585268183808,0.2685060625943976,0.4587155963302836,0.0,0.0,0.0,,7.804829088181375,362.88538467065365,33.73334405919353,0.5040327784681438,0.4587155963302836,0.0,0.0,0.0,,0.291001262564869,71.87911218961109,67.32212653676237,0.907803455841794,1.388888888888884,0.0,0.057670126874276306,-0.05109222393726168,,0.291001262564869,71.87911218961109,67.32212653676237,0.907803455841794,1.388888888888884,0.0,0.057670126874276306,-0.05109222393726168,,0.291001262564869,71.87911218961109,67.32212653676237,0.907803455841794,1.388888888888884,0.0,0.057670126874276306,-0.05109222393726168,,0.291001262564869,71.87911218961109,67.32212653676237,0.907803455841794,1.388888888888884,0.0,0.057670126874276306,-0.05109222393726168,,8.009572795252158,27005618.137621235,110382.1526484699,0.2685060625943976,0.4587155963302836,0.0,0.0,0.0,39889197.191686325,4219617.893037015,9.453272358501778,1.388888888888884,False,False,rising,rising,buy_advantage_accelerating,accelerating,leading_buy_inflow,False,False,False,pass,S0,🌱 초발사 준비,발사 구조 관찰 또는 초기 준비,S0,False,,,2026-09-03T14:00:00Z,33765068330-1
KRW-MNT,2026-09-03T23:17:54.803607+09:00,1788445074,771.0,-62.354314523247844,13.0,6104638.89903474,4217243.22423099,1.4475425235043007,8,0.0,complete,1788444442471,1788445564345,409386.26181574,364883.55619421,0.057476999085295764,775.0,776.0,0.1290322580645098,-0.5161290322580614,0.6443298969072164,500.0000000000172,complete_hourly_ordered,/v1/candles/minutes/60,120,False,14.405594405594414,715.0,2026-08-30T13:00:00,818.0,2026-08-31T03:00:00,D-3,5.378973105134477,42.718446601941736,True,1.2118952176750186,3.2299036265389227,2.269339739352832,True,1.4475425235043007,,-22.963478728361864,0.061445446747541155,0.0,0.0,0.0,0.0,0.0,1.2316724713007055,1079.0502722548968,75.83016712087047,0.13432169036757813,-0.2587322121604174,0.0,-0.018644541810375337,0.01566963921758946,0.015971241949429782,,5632.052616086761,,0.39919803329768655,0.0,0.0,0.009322270905176566,-0.007835081485235929,-0.008012293530025971,,5632.052616086761,,0.39919803329768655,0.0,0.0,0.009322270905176566,-0.007835081485235929,-0.008012293530025971,,5632.052616086761,,0.39919803329768655,0.0,0.0,0.009322270905176566,-0.007835081485235929,-0.008012293530025971,,5632.052616086761,,0.39919803329768655,0.0,0.0,0.009322270905176566,-0.007835081485235929,-0.008012293530025971,1.4475425235043007,6104638.89903474,-1257099.5350436494,0.061445446747541155,0.0,0.0,0.0,0.0,10321882.12326573,2074032.2297529702,4.976722143076402,0.0,False,True,rising,falling,buy_advantage_accelerating,accelerating,leading_buy_inflow,False,False,False,pass,S1,⚡ 선행 시동,가격 미급등 상태에서 선행조건 5개 개선,S0,True,가격 미급등 상태에서 선행조건 5개 개선,2026-09-03T23:17:54.803607+09:00,2026-09-03T14:00:00Z,33765068330-1
KRW-MOC,2026-09-03T23:17:54.803607+09:00,1788445074,24.7,1973.8156942118198,10.0,6991136.001797845,3697614.7472338337,1.8907150905939774,44,0.0,complete,1788444272114,1788445569377,8492056.0594165,6631500.88162798,0.1230236501268481,26.2,26.3,0.3816793893129722,-5.72519083969466,6.083650190114074,1600.0000000000202,complete_hourly_ordered,/v1/candles/minutes/60,120,False,45.887445887445885,23.1,2026-08-31T10:00:00,33.7,2026-09-02T15:00:00,D-1,27.002967359050444,85.8490566037736,False,0.9798432250839983,17.735268124412006,14.394412393810331,True,0.25791140080256425,-33.609608130852145,-42.665884802036835,0.6675487563179558,1.2295081967213184,0.0,0.0839865621500735,-0.06139036905895878,-0.19521473332318173,1.1419221515599913,4.678637355639359,-58.543397199533786,1.7634989675495945,1.6460905349794164,0.0,0.11198208286675726,-0.08185615922499068,-0.26117010276659336,1.7321952443748367,2.2256274578002166,-91.42927941661753,7.634274126583932,1.6460905349794164,0.0,0.13997760358344102,-0.10232311646391068,-0.3275748958021296,1.7321952443748367,2.2256274578002166,-91.42927941661753,7.634274126583932,1.6460905349794164,0.0,0.13997760358344102,-0.10232311646391068,-0.3275748958021296,1.7321952443748367,2.2256274578002166,-91.42927941661753,7.634274126583932,1.6460905349794164,0.0,0.13997760358344102,-0.10232311646391068,-0.3275748958021296,1.7321952443748367,2.2256274578002166,-91.42927941661753,7.634274126583932,1.6460905349794164,0.0,0.13997760358344102,-0.10232311646391068,-0.3275748958021296,0.25791140080256425,-3539207.026719029,-2751625.3508590977,0.6675487563179558,1.2295081967213184,0.0,0.0839865621500735,-0.06139036905895878,10688750.749031678,15901790.768141838,0.6721727700282579,1.6460905349794164,False,True,falling,falling,buy_advantage_accelerating,accelerating,neutral,True,True,False,🔴 1차 급등 완료·상승분 반납 / 신규매수 금지,S3,🔴 1차 급등 완료·반납,당일/5D 급등 후 상승분 상당 부분 반납,S3,False,,,2026-09-03T14:00:00Z,33765068330-1
KRW-MOCA,2026-09-03T23:17:54.803607+09:00,1788445074,11.9,13.134322011846233,8.0,51063.964767613,51567.83999996,0.9902288862138225,13,0.0,complete,1788444640130,1788444922599,12981410.03034087,27476568.48823971,-0.3582768835383569,11.8,11.9,0.8474576271186418,0.8474576271186418,0.0,0.0,complete_hourly_ordered,/v1/candles/minutes/60,120,False,8.547008547008538,11.7,2026-08-31T08:00:00,12.7,2026-08-31T14:00:00,D-3,6.299212598425186,79.99999999999979,False,0.748847926267282,17.26584673604541,,True,0.9902288862138225,,-62.15589595986177,0.0005131204286570323,0.8474576271186418,0.0,0.05760368663592086,-0.042414159229842596,,0.8897674834344023,-66.58307007636581,-96.60976194145789,0.007404276962352796,0.8474576271186418,0.0,0.05760368663592086,-0.042414159229842596,,-0.8362908551808351,-97.96818030240973,-96.25222123867452,0.7542719817780874,1.7094017094017255,0.0,0.11520737327188613,-0.08483333491851752,,-0.8362908551808351,-97.96818030240973,-96.25222123867452,0.7542719817780874,1.7094017094017255,0.0,0.11520737327188613,-0.08483333491851752,,-0.8362908551808351,-97.96818030240973,-96.25222123867452,0.7542719817780874,1.7094017094017255,0.0,0.11520737327188613,-0.08483333491851752,,-0.8362908551808351,-97.96818030240973,-96.25222123867452,0.7542719817780874,1.7094017094017255,0.0,0.11520737327188613,-0.08483333491851752,,0.9902288862138225,51063.964767613,-84696.02806589799,0.0005131204286570323,0.8474576271186418,0.0,0.05760368663592086,-0.042414159229842596,102631.80476757299,180019.512195121,0.570114892080874,1.7094017094017255,False,False,rising,falling,sell_advantage_weakening,accelerating,neutral,False,False,False,pass,S0,🌱 초발사 준비,발사 구조 관찰 또는 초기 준비,S0,False,,,2026-09-03T14:00:00Z,33765068330-1
KRW-MON,2026-09-03T23:17:54.803607+09:00,1788445074,36.1,-50.83882157051494,8.0,51812090.51156969,19501178.086430326,2.656869768684516,51,0.0,complete,1788444199297,1788445473300,4477634.31186749,2246018.09181877,0.33190535233874235,34.9,36.1,3.4383954154727947,3.4383954154727947,0.0,0.0,complete_hourly_ordered,/v1/candles/minutes/60,120,False,8.791208791208804,36.4,2026-08-30T02:00:00,39.6,2026-08-31T04:00:00,D-3,8.838383838383834,109.37499999999996,True,0.8755034144632967,-11.720359731413456,,True,1.795869287653455,65.87952978995226,-46.24412659372835,0.35892281360020206,1.1204481792717047,1.0,0.07004027315704597,-0.0667438861808165,,-1.1843644972937586,43.02811023337827,106.78637865588519,1.3686844806028233,1.6901408450704203,1.0,0.10506040973559116,-0.1001206837251214,,2.0084976169259017,350.86785603388313,10.028035781453482,3.273563392759854,2.2662889518413776,1.0,0.14008054631413636,-0.13350071819972698,,2.0084976169259017,350.86785603388313,10.028035781453482,3.273563392759854,2.2662889518413776,1.0,0.14008054631413636,-0.13350071819972698,,2.0084976169259017,350.86785603388313,10.028035781453482,3.273563392759854,2.2662889518413776,1.0,0.14008054631413636,-0.13350071819972698,,2.0084976169259017,350.86785603388313,10.028035781453482,3.273563392759854,2.2662889518413776,1.0,0.14008054631413636,-0.13350071819972698,,1.795869287653455,20577319.966236208,-16776119.352392688,0.35892281360020206,1.1204481792717047,1.0,0.07004027315704597,-0.0667438861808165,71313268.59800002,5687617.424156042,12.538337809980574,2.2662889518413776,False,False,rising,falling,buy_advantage_accelerating,accelerating,neutral,False,False,False,pass,S0,🌱 초발사 준비,발사 구조 관찰 또는 초기 준비,S0,False,,,2026-09-03T14:00:00Z,33765068330-1
KRW-MOODENG,2026-09-03T23:17:54.803607+09:00,1788445074,55.6,-44.43742652560032,10.0,11932807.028639488,4708372.200042117,2.534380571810518,22,0.0,complete,1788444903313,1788445515421,1182063.45539264,1100612.35876763,0.035682288356383846,53.5,55.6,3.9252336448598157,3.9252336448598157,0.0,0.0,complete_hourly_ordered,/v1/candles/minutes/60,120,False,5.681818181818188,52.8,2026-09-02T10:00:00,55.8,2026-09-03T23:00:00,D0,0.0,0.0,False,0.36529680365298134,5.762557444699001,6.489988730593154,False,,1133.2357020122984,,0.5122959877669189,0.9074410163339319,0.0,0.05707762557076723,-0.04728283828952318,-0.12368925944939324,1.3093028338046762,2195.60353001073,1009.6568570578636,0.582512851423985,1.2750455373406355,0.0,0.07990867579910077,-0.06619774758292252,-0.173918564596363,1.385362661303557,71.04221756395464,-22.454199018178965,3.543418510112012,1.4598540145985384,0.0,0.04566210045662267,-0.0378257638012629,-0.09873748931821602,1.385362661303557,71.04221756395464,-22.454199018178965,3.543418510112012,1.4598540145985384,0.0,0.04566210045662267,-0.0378257638012629,-0.09873748931821602,1.385362661303557,71.04221756395464,-22.454199018178965,3.543418510112012,1.4598540145985384,0.0,0.04566210045662267,-0.0378257638012629,-0.09873748931821602,1.385362661303557,71.04221756395464,-22.454199018178965,3.543418510112012,1.4598540145985384,0.0,0.04566210045662267,-0.0378257638012629,-0.09873748931821602,,10965205.538578143,4708372.200042117,0.5122959877669189,0.9074410163339319,0.0,0.05707762557076723,-0.04728283828952318,16641179.228681605,955860.8281962291,17.4096256879619,1.4598540145985384,False,True,rising,rising,buy_advantage_weakening,accelerating,neutral,False,False,False,pass,S2,🚀 발사 진행,가격 상승 초입과 실제 매수수급·구조 동반,S1,True,가격 상승 초입과 실제 매수수급·구조 동반,2026-09-03T23:17:54.803607+09:00,2026-09-03T14:00:00Z,33765068330-1
KRW-MORPHO,2026-09-03T23:17:54.803607+09:00,1788445074,3327.0,,,17486203.686080046,24954126.604082044,0.7007339492787384,32,0.0,complete,1788444290568,1788445498971,16832.73018602,10180.99743567,0.2462352787258118,3465.0,3521.0,1.6161616161616266,-3.9826839826839877,5.509798352740699,346.4285714285701,complete_hourly_ordered,/v1/candles/minutes/60,120,False,13.110307414104883,3318.0,2026-08-31T08:00:00,3753.0,2026-09-01T02:00:00,D-2,10.764721556088464,92.87356321839079,False,,,,True,-0.11996446426355512,-32.22779879360397,-20.62531283148441,,0.0,,,,,0.11790840676258496,6.794653347232349,-11.175058895046753,,-0.23988005997001016,,,,,0.5727094630812362,463.6030784173597,2.970599052581613,,-0.9231685527099409,,,,,0.5727094630812362,463.6030784173597,2.970599052581613,,-0.9231685527099409,,,,,0.5727094630812362,463.6030784173597,2.970599052581613,,-0.9231685527099409,,,,,0.5727094630812362,463.6030784173597,2.970599052581613,,-0.9231685527099409,,,,,-0.11996446426355512,-8315236.10016343,-6484267.037839908,,0.0,,,,42440330.29016209,15821582.60567409,2.68243268375325,-0.9231685527099409,False,False,falling,falling,sell_advantage_accelerating,flat_or_na,neutral,False,False,False,pass,S0,🌱 초발사 준비,발사 구조 관찰 또는 초기 준비,S0,False,,,2026-09-03T14:00:00Z,33765068330-1
KRW-MOVE,2026-09-03T23:17:54.803607+09:00,1788445074,12.5,-50.83630391394458,7.0,22433882.68683397,12399904.764727749,1.80919798276584,29,0.0,complete,1788444368095,1788445056921,32274090.88896754,55974911.83526141,-0.2685675782689243,11.7,12.7,8.547008547008538,6.8376068376068355,1.5748031496062938,19.99999999999994,complete_hourly_ordered,/v1/candles/minutes/60,120,False,17.59259259259258,10.8,2026-08-31T11:00:00,12.7,2026-09-03T21:00:00,D0,1.5748031496062964,10.526315789473607,False,2.317428248856146,31.845079063508088,,True,1.363200215230801,89.14964355733883,-53.37142780379717,0.1478547742783647,0.0,0.0,0.0,0.0,,0.5282777478748462,-70.75884339577381,-79.29713080449663,0.4345156654740947,0.0,0.0,-0.05942123715014791,0.036207369614178475,,-7.658732476147449,-38.55331339610969,221.5640086038995,2.915064694724819,1.6260162601625883,0.0,0.11884247430031802,-0.07242548878389243,,-7.658732476147449,-38.55331339610969,221.5640086038995,2.915064694724819,1.6260162601625883,0.0,0.11884247430031802,-0.07242548878389243,,-7.658732476147449,-38.55331339610969,221.5640086038995,2.915064694724819,1.6260162601625883,0.0,0.11884247430031802,-0.07242548878389243,,-7.658732476147449,-38.55331339610969,221.5640086038995,2.915064694724819,1.6260162601625883,0.0,0.11884247430031802,-0.07242548878389243,,1.363200215230801,10573494.126263745,-14193027.810071371,0.1478547742783647,0.0,0.0,0.0,0.0,34833787.45156172,25656159.218256894,1.3577163734926478,1.6260162601625883,False,False,rising,falling,buy_advantage_accelerating,accelerating,leading_buy_inflow,False,False,False,pass,S0,🌱 초발사 준비,발사 구조 관찰 또는 초기 준비,S0,False,,,2026-09-03T14:00:00Z,33765068330-1
KRW-MTL,2026-09-03T23:17:54.803607+09:00,1788445074,318.0,-82.30514807358337,12.0,3439865.96342018,561962.04909756,6.121171294296777,6,0.0,complete,1788444198487,1788445175880,117110.77170535,233694.34630119,-0.332331453025342,316.0,323.0,2.215189873417711,0.6329113924050667,1.5479876160990713,71.42857142857115,complete_hourly_ordered,/v1/candles/minutes/60,120,False,5.295950155763229,321.0,2026-08-29T19:00:00,338.0,2026-08-31T14:00:00,D-3,5.621301775147924,111.76470588235297,False,1.0972779067313754,10.13575297179434,7.156668342935451,False,4.785450662102695,29.240581501844744,-71.79799372881182,0.14840413814623332,0.3154574132492094,0.0,0.0,0.0,0.0,-42.53182555112909,1015.1740787849899,8763.75471762713,0.20080113284454626,0.3154574132492094,0.0,0.0211014982063773,-0.016650310737910345,-0.02865128721232857,,168.17431020606986,,0.21396090484911667,0.0,0.0,0.0211014982063773,-0.016650310737910345,-0.02865128721232857,,168.17431020606986,,0.21396090484911667,0.0,0.0,0.0211014982063773,-0.016650310737910345,-0.02865128721232857,,168.17431020606986,,0.21396090484911667,0.0,0.0,0.0211014982063773,-0.016650310737910345,-0.02865128721232857,,168.17431020606986,,0.21396090484911667,0.0,0.0,0.0211014982063773,-0.016650310737910345,-0.02865128721232857,4.785450662102695,778267.0109494496,-1430669.41014608,0.14840413814623332,0.3154574132492094,0.0,0.0,0.0,4001828.01251774,209899.99999928998,19.06540263235482,0.0,False,False,rising,falling,buy_advantage_accelerating,accelerating,leading_buy_inflow,False,False,False,pass,S1,⚡ 선행 시동,가격 미급등 상태에서 선행조건 4개 개선,S1,False,,,2026-09-03T14:00:00Z,33765068330-1
KRW-MVL,2026-09-03T23:17:54.803607+09:00,1788445074,1.26,277.1952972446146,13.0,0.0,0.0,,0,0.0,complete,,,168622276.0247322,167637096.95897195,0.002929818898484649,1.25,1.26,0.8000000000000007,0.8000000000000007,0.0,0.0,complete_hourly_ordered,/v1/candles/minutes/60,120,False,14.285714285714302,1.19,2026-08-29T17:00:00,1.36,2026-09-01T18:00:00,D-2,7.352941176470596,58.82352941176475,False,1.1699164345404078,15.258982734484364,11.103957469469885,False,,,,0.0,0.0,0.0,0.0,0.0,0.0,,-100.0,,0.0,0.0,0.0,0.0,0.0,0.0,,,-100.0,4.02826635981711,1.6129032258064502,0.0,0.11142061281337323,-0.08345105387171081,-0.19799473637799636,,,-100.0,4.02826635981711,1.6129032258064502,0.0,0.11142061281337323,-0.08345105387171081,-0.19799473637799636,,,-100.0,4.02826635981711,1.6129032258064502,0.0,0.11142061281337323,-0.08345105387171081,-0.19799473637799636,,,-100.0,4.02826635981711,1.6129032258064502,0.0,0.11142061281337323,-0.08345105387171081,-0.19799473637799636,,0.0,0.0,0.0,0.0,0.0,0.0,0.0,0,338824.0774703898,0.0,1.6129032258064502,False,False,flat_or_na,flat_or_na,unavailable,flat_or_na,neutral,False,False,False,pass,S0,🌱 초발사 준비,발사 구조 관찰 또는 초기 준비,S0,False,,,2026-09-03T14:00:00Z,33765068330-1
KRW-NCT,2026-09-03T23:17:54.803607+09:00,1788445074,15.7,,,64505.261709036,684541.9884775761,0.09423127111968098,8,0.0,complete,1788444253139,1788445165408,20579414.8916786,21335761.51496784,-0.018044696172847447,15.6,15.9,1.9230769230769384,0.6410256410256387,1.2578616352201324,66.66666666666706,complete_hourly_ordered,/v1/candles/minutes/60,120,False,28.57142857142858,17.5,2026-08-30T04:00:00,22.5,2026-08-30T13:00:00,D-4,30.666666666666664,137.99999999999997,False,,,,False,-5.004037702075784,-93.10428497858192,273.0843224755255,,0.6410256410256387,,,,,-1.7542194192561067,-98.76778519707344,-75.82874266581824,,0.6410256410256387,,,,,-0.9095842986950785,-87.37953097376041,34.44181699315176,,-0.6329113924050778,,,,,-0.9095842986950785,-87.37953097376041,34.44181699315176,,-0.6329113924050778,,,,,-0.9095842986950785,-87.37953097376041,34.44181699315176,,-0.6329113924050778,,,,,-0.9095842986950785,-87.37953097376041,34.44181699315176,,-0.6329113924050778,,,,,-5.004037702075784,-870934.5223986701,501060.1461060081,,0.6410256410256387,,,,749047.250186612,7950067.169889007,0.09421898383747489,-0.6329113924050778,False,False,falling,rising,sell_advantage_accelerating,flat_or_na,neutral,True,True,False,🔴 1차 급등 완료·상승분 반납 / 신규매수 금지,S3,🔴 1차 급등 완료·반납,당일/5D 급등 후 상승분 상당 부분 반납,S3,False,,,2026-09-03T14:00:00Z,33765068330-1
KRW-NEAR,2026-09-03T23:17:54.803607+09:00,1788445074,2637.0,2.217579608991338,12.0,21689485.01469909,79956053.52478248,0.27126757835760873,92,0.0,complete,1788444204071,1788445271269,85946.00609549,80975.38358452,0.029778223872319404,2597.0,2640.0,1.6557566422795489,1.5402387370042403,0.11363636363636363,6.976744186045981,complete_hourly_ordered,/v1/candles/minutes/60,120,False,13.181089743589736,2496.0,2026-08-31T08:00:00,2825.0,2026-09-01T23:00:00,D-2,6.761061946902657,58.054711246200654,False,0.6547527345555304,6.824569639132677,11.496983397112585,True,-2.1178769140447162,-78.01379851532123,93.63984632443174,0.3688116551145315,0.45714285714286707,0.0,-0.005135315565141241,0.004200039037596248,0.023312151237689704,-0.2775393130802738,-70.0483203309443,-39.404154702011326,0.9222907587286056,0.45714285714286707,0.0,0.020541262260564963,-0.01680065530829733,-0.09391495490791613,-1.024582516981423,2.347195205528574,388.91439024064516,2.8660266445897586,1.1895625479662275,0.0,0.06675910234683613,-0.05460505006840055,-0.3092007637336298,-1.024582516981423,2.347195205528574,388.91439024064516,2.8660266445897586,1.1895625479662275,0.0,0.06675910234683613,-0.05460505006840055,-0.3092007637336298,-1.024582516981423,2.347195205528574,388.91439024064516,2.8660266445897586,1.1895625479662275,0.0,0.06675910234683613,-0.05460505006840055,-0.3092007637336298,-1.024582516981423,2.347195205528574,388.91439024064516,2.8660266445897586,1.1895625479662275,0.0,0.06675910234683613,-0.05460505006840055,-0.3092007637336298,-2.1178769140447162,-76960957.30847144,38664937.54712311,0.3688116551145315,0.45714285714286707,0.0,-0.005135315565141241,0.004200039037596248,101645538.53948157,47868686.149662584,2.1234244495803454,1.1895625479662275,False,True,falling,rising,sell_advantage_accelerating,accelerating,neutral,False,False,False,pass,S0,🌱 초발사 준비,발사 구조 관찰 또는 초기 준비,S1,True,발사 구조 관찰 또는 초기 준비,2026-09-03T23:17:54.803607+09:00,2026-09-03T14:00:00Z,33765068330-1
KRW-NEO,2026-09-03T23:17:54.803607+09:00,1788445074,2830.0,-72.49409044062736,11.0,242988.14229540003,1779633.28333103,0.136538322007884,19,0.0,complete,1788444421259,1788444994757,16111.88020496,6856.2001774,0.402980130401693,2760.0,2837.0,2.789855072463765,2.53623188405796,0.24673951357067325,9.09090909090938,complete_hourly_ordered,/v1/candles/minutes/60,120,False,3.3892128279883416,2744.0,2026-09-02T19:00:00,2837.0,2026-09-03T22:00:00,D0,0.2467395135706707,7.526881720430353,False,0.7882752721976916,9.999174304351419,8.759005818073382,True,-0.04502450023095167,-75.79632592538562,-67.81498916266027,0.20091867952041298,0.21246458923511735,0.0,0.011558288448632048,-0.009160168628630672,-0.022116108668388534,0.136538322007884,,12.030116321944796,0.24471950809152077,0.24796315975912364,0.0,0.009246630758918961,-0.0073281159939284635,-0.017687155186115078,-1.4986259804970663,3.4746968124852895,1139.198841410464,0.5432485773655742,-0.03532320734722649,0.0,-0.004623315379470583,0.003664001271076245,0.008826421265395012,-1.4986259804970663,3.4746968124852895,1139.198841410464,0.5432485773655742,-0.03532320734722649,0.0,-0.004623315379470583,0.003664001271076245,0.008826421265395012,-1.4986259804970663,3.4746968124852895,1139.198841410464,0.5432485773655742,-0.03532320734722649,0.0,-0.004623315379470583,0.003664001271076245,0.008826421265395012,-1.4986259804970663,3.4746968124852895,1139.198841410464,0.5432485773655742,-0.03532320734722649,0.0,-0.004623315379470583,0.003664001271076245,0.008826421265395012,-0.04502450023095167,-760942.6722839201,-3749752.0952389603,0.20091867952041298,0.21246458923511735,0.0,0.011558288448632048,-0.009160168628630672,2022621.4256264302,4210318.53786571,0.4803962948256488,-0.03532320734722649,False,True,falling,falling,sell_advantage_accelerating,accelerating,neutral,False,False,False,pass,S1,⚡ 선행 시동,가격 미급등 상태에서 선행조건 5개 개선,S1,False,,,2026-09-03T14:00:00Z,33765068330-1
KRW-NEWT,2026-09-03T23:17:54.803607+09:00,1788445074,56.0,259.20914606482677,7.0,0.0,427948.36456679995,0.0,3,0.0,complete,1788444178123,1788444394074,2421018.40247854,444937.76984875,0.6895013439877974,55.0,56.1,2.0000000000000018,1.8181818181818077,0.17825311942959254,9.090909090909696,complete_hourly_ordered,/v1/candles/minutes/60,120,False,6.451612903225801,55.8,2026-08-31T08:00:00,59.4,2026-08-31T14:00:00,D-3,5.72390572390572,94.44444444444422,True,0.3852889667250503,25.334606992824803,,True,-1.1598429847631966,-100.0,-97.6329241460417,0.9130079357269096,0.0,0.0,0.0,0.0,,,-100.0,,9.311166225491291,0.7194244604316502,0.0,0.04670169293639059,-0.031495548453332134,,,,,11.718692614282816,1.0830324909747224,0.0,0.07005253940455258,-0.047244348404287706,,,,,11.718692614282816,1.0830324909747224,0.0,0.07005253940455258,-0.047244348404287706,,,,,11.718692614282816,1.0830324909747224,0.0,0.07005253940455258,-0.047244348404287706,,,,,11.718692614282816,1.0830324909747224,0.0,0.07005253940455258,-0.047244348404287706,,-1.1598429847631966,-20969032.64226483,-17651251.076852463,0.9130079357269096,0.0,0.0,0.0,0.0,427948.36456679995,302815.48055523203,1.413231462876761,1.0830324909747224,False,False,falling,falling,sell_only,accelerating,neutral,False,False,False,pass,S0,🌱 초발사 준비,발사 구조 관찰 또는 초기 준비,S0,False,,,2026-09-03T14:00:00Z,33765068330-1
KRW-NXPC,2026-09-03T23:17:54.803607+09:00,1788445074,278.0,-28.778785129563566,4.0,1136468.65483395,166776.74999892,6.814311076581776,9,0.0,complete,1788444406377,1788445059858,433461.1467088,169247.80869496,0.4383763268240161,274.0,278.0,1.4598540145985384,1.4598540145985384,0.0,0.0,complete_hourly_ordered,/v1/candles/minutes/60,120,False,3.597122302158273,278.0,2026-08-31T08:00:00,288.0,2026-08-31T14:00:00,D-3,3.472222222222221,100.0,False,-0.27842227378188644,31.39254145299997,,True,6.814311076581776,,1555.6822284753202,0.0717749628453177,0.7246376811594235,0.0,0.023201856148513667,-0.014593992765856711,,,2172.937309698812,,0.07266243063545019,0.3610108303249149,0.0,0.0,0.0,,,,,1.0593392456089923,1.090909090909098,0.0,0.04640371229700513,-0.0291885679518451,,,,,1.0593392456089923,1.090909090909098,0.0,0.04640371229700513,-0.0291885679518451,,,,,1.0593392456089923,1.090909090909098,0.0,0.04640371229700513,-0.0291885679518451,,,,,1.0593392456089923,1.090909090909098,0.0,0.04640371229700513,-0.0291885679518451,,6.814311076581776,1136468.65483395,156703.75729955998,0.0717749628453177,0.7246376811594235,0.0,0.023201856148513667,-0.014593992765856711,1303245.40483287,220733.89759437498,5.904147115762617,1.090909090909098,False,False,rising,rising,buy_advantage_accelerating,accelerating,neutral,False,False,False,pass,S0,🌱 초발사 준비,발사 구조 관찰 또는 초기 준비,S0,False,,,2026-09-03T14:00:00Z,33765068330-1
KRW-O,2026-09-03T23:17:54.803607+09:00,1788445074,766.0,,,38898.93594386,10998481.60030831,0.003536755104701869,5,0.0,complete,1788444534292,1788445131227,72045.92912743,112451.9666652,-0.21900541122260359,758.0,793.0,4.617414248021112,1.055408970976246,3.4047919293820934,77.14285714285732,complete_hourly_ordered,/v1/candles/minutes/60,120,False,15.66433566433567,715.0,2026-08-30T01:00:00,827.0,2026-09-01T16:00:00,D-2,7.496977025392981,55.357142857142826,False,,,,True,-0.20182215504546336,-97.0096098865335,73.6346556222966,,-1.6688061617458283,,,,,,,,,-0.39011703511053764,,,,,0.003536755104701869,,25585.389325985518,,2.680965147453085,,,,,0.003536755104701869,,25585.389325985518,,2.680965147453085,,,,,0.003536755104701869,,25585.389325985518,,2.680965147453085,,,,,0.003536755104701869,,25585.389325985518,,2.680965147453085,,,,,-0.20182215504546336,-1261899.1027029399,4664215.228834029,,-1.6688061617458283,,,,11037380.53625217,4781318.323107929,2.3084387590152557,2.680965147453085,False,False,falling,rising,sell_advantage_accelerating,flat_or_na,neutral,False,True,False,pass,S0,🌱 초발사 준비,발사 구조 관찰 또는 초기 준비,S0,False,,,2026-09-03T14:00:00Z,33765068330-1
KRW-ONDO,2026-09-03T23:17:54.803607+09:00,1788445074,493.0,-30.977774602595165,7.0,579988093.7393327,320596557.83665097,1.809090208744056,532,0.0,complete,1788444190984,1788445448642,4159040.84871949,2258884.01001112,0.29607028448198425,479.0,493.0,2.9227557411273475,2.9227557411273475,0.0,0.0,complete_hourly_ordered,/v1/candles/minutes/60,120,False,6.911447084233258,463.0,2026-09-02T10:00:00,495.0,2026-09-03T23:00:00,D0,0.20202020202020332,3.1249999999998597,False,0.17324093816630803,5.152753024304848,,False,1.1305864101200607,494.2332203534729,122.86865261313392,0.4082415217554143,1.2320328542094527,0.0,0.02665245202557731,-0.022244215486328045,,1.1659455761292234,534.4417067904524,125.54860805561994,0.6022544343543217,0.8179959100204526,0.0,0.05330490405115462,-0.04448983441532839,,0.7949081402781504,550.9963688464047,264.9507585245282,1.721456169907487,1.2320328542094527,0.0,0.06663113006395438,-0.055613170212336804,,0.7949081402781504,550.9963688464047,264.9507585245282,1.721456169907487,1.2320328542094527,0.0,0.06663113006395438,-0.055613170212336804,,0.7949081402781504,550.9963688464047,264.9507585245282,1.721456169907487,1.2320328542094527,0.0,0.06663113006395438,-0.055613170212336804,,0.7949081402781504,550.9963688464047,264.9507585245282,1.721456169907487,1.2320328542094527,0.0,0.06663113006395438,-0.055613170212336804,,1.1305864101200607,482385321.98679864,176746557.3643289,0.4082415217554143,1.2320328542094527,0.0,0.02665245202557731,-0.022244215486328045,900584651.5759836,162132447.19708574,5.554623193229463,1.2320328542094527,False,False,rising,rising,buy_advantage_accelerating,accelerating,neutral,False,False,False,pass,S0,🌱 초발사 준비,발사 구조 관찰 또는 초기 준비,S0,False,,,2026-09-03T14:00:00Z,33765068330-1
KRW-ONG,2026-09-03T23:17:54.803607+09:00,1788445074,137.0,-71.78854382580468,6.0,36798707.37358939,87247732.20438989,0.4217726517794563,471,0.0,complete,1788444177711,1788445613348,8426590.38485796,9722062.09784244,-0.07138115153283944,140.0,143.0,2.1428571428571352,-2.1428571428571463,4.195804195804196,200.00000000000048,complete_hourly_ordered,/v1/candles/minutes/60,120,False,36.36363636363635,121.0,2026-09-01T09:00:00,165.0,2026-09-01T19:00:00,D-2,17.575757575757578,65.90909090909089,False,2.605910612898543,-66.77380553309801,,True,-0.11454012968450183,-19.805310201387037,1.9730344370998631,0.031453780563225564,1.4814814814814836,0.0,0.048527199495329576,-0.06243849042229499,,0.044593851280386565,-54.0618763605162,-58.91889552720778,0.059151022208268955,0.7352941176470562,0.0,0.048527199495329576,-0.06243849042229499,,0.26897523262240564,816.7291450577395,232.10746794487838,0.5937530890343083,5.384615384615388,0.0,0.3396903964672182,-0.43732816619323955,,0.26897523262240564,816.7291450577395,232.10746794487838,0.5937530890343083,5.384615384615388,0.0,0.3396903964672182,-0.43732816619323955,,0.26897523262240564,816.7291450577395,232.10746794487838,0.5937530890343083,5.384615384615388,0.0,0.3396903964672182,-0.43732816619323955,,0.26897523262240564,816.7291450577395,232.10746794487838,0.5937530890343083,5.384615384615388,0.0,0.3396903964672182,-0.43732816619323955,,-0.11454012968450183,-9088005.906303935,1688120.6011802107,0.031453780563225564,1.4814814814814836,0.0,0.048527199495329576,-0.06243849042229499,124046439.57797927,96346330.76498398,1.2875055914746116,5.384615384615388,False,False,falling,rising,sell_advantage_accelerating,accelerating,neutral,True,True,False,🔴 1차 급등 완료·상승분 반납 / 신규매수 금지,S3,🔴 1차 급등 완료·반납,당일/5D 급등 후 상승분 상당 부분 반납,S3,False,,,2026-09-03T14:00:00Z,33765068330-1
KRW-ONT,2026-09-03T23:17:54.803607+09:00,1788445074,74.9,-80.77938031679777,8.0,6482539.900253828,347630.399999692,18.647793461847904,19,0.0,complete,1788444377524,1788445620885,1434229.90002919,1317258.8202234,0.04251192416120532,72.0,75.0,4.166666666666674,4.027777777777786,0.13333333333332575,3.3333333333333153,complete_hourly_ordered,/v1/candles/minutes/60,120,False,20.396600566572243,70.6,2026-09-01T09:00:00,85.0,2026-09-01T21:00:00,D-2,11.764705882352944,69.44444444444446,True,1.805517367793974,-6.089800986115587,,True,14.107450076940832,-81.76007375291178,-95.5589636571965,0.002239996344002293,0.2677376171352108,0.0,0.018330125561361044,-0.016568813624814993,,13.781585132624514,-77.02438094027478,-94.00443011843508,0.046382744426466616,0.6720430107526987,0.0,0.06415543946476365,-0.05799430957898899,,15.248809039205083,-89.23317179135837,-98.03750071356605,0.22180083689102048,1.216216216216215,0.0,0.08248556502610249,-0.07456589286630244,,15.248809039205083,-89.23317179135837,-98.03750071356605,0.22180083689102048,1.216216216216215,0.0,0.08248556502610249,-0.07456589286630244,,15.248809039205083,-89.23317179135837,-98.03750071356605,0.22180083689102048,1.216216216216215,0.0,0.08248556502610249,-0.07456589286630244,,15.248809039205083,-89.23317179135837,-98.03750071356605,0.22180083689102048,1.216216216216215,0.0,0.08248556502610249,-0.07456589286630244,,14.107450076940832,-29057844.487477373,-7480056.04897549,0.002239996344002293,0.2677376171352108,0.0,0.018330125561361044,-0.016568813624814993,6830170.30025352,11328009.446412938,0.6029453217322591,1.216216216216215,False,False,falling,falling,buy_advantage_accelerating,accelerating,neutral,True,True,False,🔴 1차 급등 완료·상승분 반납 / 신규매수 금지,S0,🌱 초발사 준비,발사 구조 관찰 또는 초기 준비,S0,False,,,2026-09-03T14:00:00Z,33765068330-1
KRW-OP,2026-09-03T23:17:54.803607+09:00,1788445074,136.0,141.80036702211513,13.0,6910388.10918376,807377.13606048,8.5590584629413,4,0.0,complete,1788445015964,1788445036491,1521706.98001669,1557026.64064275,-0.011472139190299586,137.0,139.0,1.4598540145985384,-0.7299270072992692,2.158273381294964,150.0,complete_hourly_ordered,/v1/candles/minutes/60,120,False,19.491525423728806,118.0,2026-08-31T08:00:00,141.0,2026-09-01T23:00:00,D-2,3.546099290780147,21.73913043478256,False,0.588235294117645,11.798839458413916,13.008121808844608,True,8.5590584629413,,-85.07640231912771,0.0,0.0,0.0,0.0,0.0,0.0,8.549685518570252,11847.578870085383,-86.91631882141216,0.24676831424523016,0.0,0.0,0.0,0.0,0.0,8.5590584629413,,-70.88910301213694,4.260546090311436,0.0,0.0,0.0,0.0,0.0,8.5590584629413,,-70.88910301213694,4.260546090311436,0.0,0.0,0.0,0.0,0.0,8.5590584629413,,-70.88910301213694,4.260546090311436,0.0,0.0,0.0,0.0,0.0,8.5590584629413,,-70.88910301213694,4.260546090311436,0.0,0.0,0.0,0.0,0.0,8.5590584629413,6910388.10918376,-4602693.23252968,0.0,0.0,0.0,0.0,0.0,7717765.24524424,6999990.823638059,1.1025393375063222,0.0,False,True,rising,falling,buy_advantage_accelerating,flat_or_na,neutral,False,False,False,pass,S1,⚡ 선행 시동,가격 미급등 상태에서 선행조건 4개 개선,S1,False,,,2026-09-03T14:00:00Z,33765068330-1
KRW-OPEN,2026-09-03T23:17:54.803607+09:00,1788445074,164.0,429.6325625842774,4.0,14155516.08106589,26149755.23577688,0.5413249934247557,60,0.0,complete,1788444179278,1788445332056,1906166.95198141,1544448.35647355,0.10482727373913563,162.0,165.0,1.85185185185186,1.2345679012345734,0.6060606060606061,33.33333333333333,complete_hourly_ordered,/v1/candles/minutes/60,120,False,9.090909090909083,176.0,2026-08-31T22:00:00,192.0,2026-09-01T10:00:00,D-2,14.0625,168.75000000000006,False,-1.6857506361323105,21.694797175338053,,True,-0.019052936607366622,23.438537330094512,27.78318547164251,5.789578269223455,0.0,0.0,0.0,0.0,,-1.110098145480758,-26.663532349072018,123.72796577916074,7.3986141837017385,0.0,0.0,0.0,0.0,,-0.3618978768381317,178.2037066377058,364.19425202839983,14.513733857033401,1.2345679012345734,0.0,0.06361323155216203,-0.045710155947372044,,-0.3618978768381317,178.2037066377058,364.19425202839983,14.513733857033401,1.2345679012345734,0.0,0.06361323155216203,-0.045710155947372044,,-0.3618978768381317,178.2037066377058,364.19425202839983,14.513733857033401,1.2345679012345734,0.0,0.06361323155216203,-0.045710155947372044,,-0.3618978768381317,178.2037066377058,364.19425202839983,14.513733857033401,1.2345679012345734,0.0,0.06361323155216203,-0.045710155947372044,,-0.019052936607366622,2687852.5885766987,5685595.464474261,5.789578269223455,0.0,0.0,0.0,0.0,40305271.316842765,7663357.22595191,5.259479641683572,1.2345679012345734,False,True,rising,rising,sell_advantage_accelerating,accelerating,neutral,False,False,False,pass,S0,🌱 초발사 준비,발사 구조 관찰 또는 초기 준비,S0,False,,,2026-09-03T14:00:00Z,33765068330-1
KRW-OPG,2026-09-03T23:17:54.803607+09:00,1788445074,139.0,,,15443.571426990002,5520.0,2.7977484469184786,3,0.0,complete,1788444679013,1788445536269,567052.43413917,1526310.33760382,-0.45823777723244125,138.0,140.0,1.449275362318847,0.7246376811594235,0.7142857142857143,50.0,complete_hourly_ordered,/v1/candles/minutes/60,120,False,13.533834586466176,133.0,2026-08-29T23:00:00,151.0,2026-08-30T01:00:00,D-4,7.947019867549665,66.6666666666666,False,,,,False,1.6951247361087876,-99.48953823720537,-99.79882135445773,,0.0,,,,,0.25406626830428314,-99.52106192279274,-99.56455475723928,,0.0,,,,,,-98.0488648105636,,,0.0,,,,,,-98.0488648105636,,,0.0,,,,,,-98.0488648105636,,,0.0,,,,,,-98.0488648105636,,,0.0,,,,,1.6951247361087876,-3009968.42857099,-2738309.9850964798,,0.0,,,,20963.57142699,2759483.5957803954,0.00759691829987538,0.0,False,False,falling,falling,buy_advantage_accelerating,flat_or_na,neutral,False,True,False,pass,S0,🌱 초발사 준비,발사 구조 관찰 또는 초기 준비,S0,False,,,2026-09-03T14:00:00Z,33765068330-1
KRW-ORBS,2026-09-03T23:17:54.803607+09:00,1788445074,8.33,-87.14666108515799,11.0,503626.99999993504,0.0,,3,0.0,complete,1788444841951,1788445405682,6524145.00620678,6503197.37236067,0.0016079744615120216,8.27,8.52,3.022974607013307,0.7255139056832061,2.2300469483568017,75.99999999999959,complete_hourly_ordered,/v1/candles/minutes/60,120,False,4.92610837438423,8.12,2026-09-02T20:00:00,8.52,2026-09-03T14:00:00,D0,2.230046948356801,47.49999999999972,True,0.753585608945806,11.51437517791062,11.263417393187114,True,,-60.283260410264596,-100.0,0.03407925841219139,0.7255139056832061,1.0,0.04861842638359537,-0.03797781559528701,-0.12174200494964005,,99.9805430475408,-100.0,0.03595939302059037,0.8474576271186418,1.0,0.05672149744753163,-0.04430784569068358,-0.14221103700539928,,-85.90727499406647,-100.0,0.11462961378479974,0.6038647342995196,1.0,0.04051535531968131,-0.031647898122859175,-0.10132434981364291,,-85.90727499406647,-100.0,0.11462961378479974,0.6038647342995196,1.0,0.04051535531968131,-0.031647898122859175,-0.10132434981364291,,-85.90727499406647,-100.0,0.11462961378479974,0.6038647342995196,1.0,0.04051535531968131,-0.031647898122859175,-0.10132434981364291,,-85.90727499406647,-100.0,0.11462961378479974,0.6038647342995196,1.0,0.04051535531968131,-0.031647898122859175,-0.10132434981364291,,-764420.1891759231,-3455171.9106599954,0.03407925841219139,0.7255139056832061,1.0,0.04861842638359537,-0.03797781559528701,503626.99999993504,1621840.2356553455,0.31052812042021627,0.6038647342995196,False,True,falling,falling,buy_only,accelerating,neutral,False,False,False,pass,S1,⚡ 선행 시동,가격 미급등 상태에서 선행조건 6개 개선,S1,False,,,2026-09-03T14:00:00Z,33765068330-1
KRW-ORCA,2026-09-03T23:17:54.803607+09:00,1788445074,1719.0,310.151824191466,13.0,52336.52529039,0.0,,2,0.0,complete,1788445277126,1788445277137,37445.93645728,19206.63269883,0.3219501609572261,1714.0,1733.0,1.1085180863477317,0.29171528588098905,0.8078476630121176,73.68421052631516,complete_hourly_ordered,/v1/candles/minutes/60,120,False,20.683760683760678,1755.0,2026-08-29T22:00:00,2118.0,2026-08-30T22:00:00,D-4,18.460812086874412,107.71349862258953,False,0.765868564576655,2.8604721620172917,2.4255601347657008,True,,,-100.0,0.0,0.0,0.0,0.0,0.0,0.0,,,-100.0,0.006736359381932289,-0.17421602787456303,0.0,-0.011604069160253694,0.009828017117314403,0.012355951150013755,,,-100.0,0.15933491204663142,0.29171528588098905,0.0,0.01934011526709689,-0.016380639325106028,-0.02068581045165807,,,-100.0,0.15933491204663142,0.29171528588098905,0.0,0.01934011526709689,-0.016380639325106028,-0.02068581045165807,,,-100.0,0.15933491204663142,0.29171528588098905,0.0,0.01934011526709689,-0.016380639325106028,-0.02068581045165807,,,-100.0,0.15933491204663142,0.29171528588098905,0.0,0.01934011526709689,-0.016380639325106028,-0.02068581045165807,,52336.52529039,-128231.45785974001,0.0,0.0,0.0,0.0,0.0,52336.52529039,1039476.58403624,0.05034892184600221,0.29171528588098905,False,True,rising,falling,buy_only,flat_or_na,neutral,True,True,False,🔴 1차 급등 완료·상승분 반납 / 신규매수 금지,S3,🔴 1차 급등 완료·반납,당일/5D 급등 후 상승분 상당 부분 반납,S3,False,,,2026-09-03T14:00:00Z,33765068330-1
KRW-ORDER,2026-09-03T23:17:54.803607+09:00,1788445074,45.5,50.65542420581674,9.0,0.0,0.0,,0,0.0,complete,,,1015439.57368553,2594424.63001251,-0.43740843622577985,47.0,49.8,5.957446808510625,-3.1914893617021267,8.634538152610437,153.57142857142867,complete_hourly_ordered,/v1/candles/minutes/60,120,False,15.753424657534264,43.8,2026-09-02T03:00:00,50.7,2026-09-02T19:00:00,D-1,10.256410256410264,75.36231884057969,False,0.7201800450112428,19.782517774989547,,True,,-100.0,-100.0,0.0,0.0,0.0,0.0,0.0,,,-100.0,-100.0,0.18371089382900152,-0.6550218340611313,0.0,-0.045011252813220715,0.03225265572321234,,,-100.0,-100.0,0.575859111397456,0.0,0.0,0.0,0.0,,,-100.0,-100.0,0.575859111397456,0.0,0.0,0.0,0.0,,,-100.0,-100.0,0.575859111397456,0.0,0.0,0.0,0.0,,,-100.0,-100.0,0.575859111397456,0.0,0.0,0.0,0.0,,,-1561542.7170986438,-6643303.122576388,0.0,0.0,0.0,0.0,0.0,0,3964739.6738025313,0.0,0.0,False,False,falling,falling,unavailable,flat_or_na,neutral,True,True,False,🔴 1차 급등 완료·상승분 반납 / 신규매수 금지,S3,🔴 1차 급등 완료·반납,당일/5D 급등 후 상승분 상당 부분 반납,S3,False,,,2026-09-03T14:00:00Z,33765068330-1
KRW-PENDLE,2026-09-03T23:17:54.803607+09:00,1788445074,2568.0,93.64733683117193,11.0,49903.1383088,2296476.64359519,0.021730305182061607,11,0.0,complete,1788444614272,1788445147086,24306.36867685,25760.57360792,-0.02904521156492429,2549.0,2584.0,1.373087485288349,0.7453903491565272,0.6191950464396285,45.714285714286085,complete_hourly_ordered,/v1/candles/minutes/60,120,False,10.636480136693717,2341.0,2026-08-30T10:00:00,2590.0,2026-09-02T14:00:00,D-1,0.540540540540535,5.622489959839239,True,1.5771093838008454,-7.551698945893165,,True,-0.06810576039121762,-81.78717579943017,-24.70568381581425,0.35473087581563334,0.3516998827667095,0.0,-0.014081333783932948,0.012904895486839152,,-2.2295023131047644,-53.96851599221599,4668.804551903692,0.35788874715825614,0.2733307301835186,0.0,-0.014081333783932948,0.012904895486839152,,-119.10471240365477,-97.67763058764334,12631.326340425267,0.8000769507482062,1.2618296529968376,0.0,0.07040666891968694,-0.06453169334991404,,-119.10471240365477,-97.67763058764334,12631.326340425267,0.8000769507482062,1.2618296529968376,0.0,0.07040666891968694,-0.06453169334991404,,-119.10471240365477,-97.67763058764334,12631.326340425267,0.8000769507482062,1.2618296529968376,0.0,0.07040666891968694,-0.06453169334991404,,-119.10471240365477,-97.67763058764334,12631.326340425267,0.8000769507482062,1.2618296529968376,0.0,0.07040666891968694,-0.06453169334991404,,-0.06810576039121762,-224096.86168702,-753523.3563749599,0.35473087581563334,0.3516998827667095,0.0,-0.014081333783932948,0.012904895486839152,2346379.7819039896,881252.2394175,2.662551851731947,1.2618296529968376,False,True,falling,falling,sell_advantage_accelerating,accelerating,neutral,False,False,False,pass,S1,⚡ 선행 시동,가격 미급등 상태에서 선행조건 3개 개선,S1,False,,,2026-09-03T14:00:00Z,33765068330-1
KRW-PENGU,2026-09-03T23:17:54.803607+09:00,1788445074,11.7,-37.87679584305496,8.0,6043825.08745587,28092651.10550943,0.2151390078763544,33,0.0,complete,1788444189745,1788445099197,80376618.61063498,59026118.84830491,0.1531569619902099,11.5,11.7,1.7391304347825987,1.7391304347825987,0.0,0.0,complete_hourly_ordered,/v1/candles/minutes/60,120,False,4.464285714285721,11.2,2026-09-02T19:00:00,11.7,2026-09-03T21:00:00,D0,0.0,0.0,False,1.49237353231646,-16.764638582260897,,True,-0.5423655550639446,-95.53554693750222,-84.28065835546434,1.503823657102295,0.8620689655172376,0.0,-0.05486667398224565,0.0539054463946087,,-0.2321299143249643,-59.63562455693562,-16.08341565782111,1.7477389751254435,0.8620689655172376,0.0,0.05486667398220124,-0.05391395372870633,,-0.018267148051607618,-30.37208617099263,-24.46007875311865,4.028737293921992,1.7391304347825987,0.0,0.0,0.0,,-0.018267148051607618,-30.37208617099263,-24.46007875311865,4.028737293921992,1.7391304347825987,0.0,0.0,0.0,,-0.018267148051607618,-30.37208617099263,-24.46007875311865,4.028737293921992,1.7391304347825987,0.0,0.0,0.0,,-0.018267148051607618,-30.37208617099263,-24.46007875311865,4.028737293921992,1.7391304347825987,0.0,0.0,0.0,,-0.5423655550639446,-129332782.14412421,-150621265.4233993,1.503823657102295,0.8620689655172376,0.0,-0.05486667398224565,0.0539054463946087,34136476.1929653,43240025.198735535,0.7894647617819508,1.7391304347825987,False,False,falling,falling,sell_advantage_accelerating,accelerating,neutral,False,False,False,pass,S0,🌱 초발사 준비,발사 구조 관찰 또는 초기 준비,S0,False,,,2026-09-03T14:00:00Z,33765068330-1
KRW-PEPE,2026-09-03T23:17:54.803607+09:00,1788445074,0.00483,-25.791971743535292,8.0,1707679.5253982262,1007118.23485562,1.6956097767835954,11,0.0,complete,1788444336272,1788445106269,69892646036.20395,49341659752.98522,0.17235799837299895,0.00472,0.00484,2.5423728813559254,2.330508474576276,0.20661157024792548,8.333333333332897,complete_hourly_ordered,/v1/candles/minutes/60,120,False,6.8376068376068355,0.00468,2026-08-31T08:00:00,0.005,2026-08-31T21:00:00,D-3,3.200000000000003,50.00000000000016,True,1.1557656947727812,-13.60510352711248,,True,-0.13183325442356764,-84.9912053975981,-83.82427520852897,0.05496903094984518,0.4158004158004269,0.0,-0.013133701076983861,0.01265523980372052,,1.6243410266462794,1545.1225548020705,-30.853295428706772,0.18964475287457105,0.4158004158004269,0.0,0.013133701076961657,-0.012655706476746076,,1.4599187749457145,-74.75558171175211,-96.49100735402811,1.48877980654105,1.0460251046024993,0.0,0.03940110323088497,-0.03796851955265268,,1.4599187749457145,-74.75558171175211,-96.49100735402811,1.48877980654105,1.0460251046024993,0.0,0.03940110323088497,-0.03796851955265268,,1.4599187749457145,-74.75558171175211,-96.49100735402811,1.48877980654105,1.0460251046024993,0.0,0.03940110323088497,-0.03796851955265268,,1.4599187749457145,-74.75558171175211,-96.49100735402811,1.48877980654105,1.0460251046024993,0.0,0.03940110323088497,-0.03796851955265268,,-0.13183325442356764,-9670179.727369081,-5218990.627893102,0.05496903094984518,0.4158004158004269,0.0,-0.013133701076983861,0.01265523980372052,2714797.760253846,5744857.687398122,0.47256135973724933,1.0460251046024993,False,False,falling,falling,buy_advantage_weakening,accelerating,neutral,False,False,False,pass,S0,🌱 초발사 준비,발사 구조 관찰 또는 초기 준비,S0,False,,,2026-09-03T14:00:00Z,33765068330-1
KRW-PIEVERSE,2026-09-03T23:17:54.803607+09:00,1788445074,1572.0,-38.75247452244152,7.0,13684804.66935999,18223848.315826014,0.7509283677188965,119,0.0,complete,1788444565669,1788445065330,72541.76064075,77736.5838807,-0.034568009492602005,1538.0,1578.0,2.6007802340702213,2.2106631989596837,0.38022813688212925,15.000000000000172,complete_hourly_ordered,/v1/candles/minutes/60,120,False,15.994130594277323,1363.0,2026-09-01T00:00:00,1581.0,2026-09-02T18:00:00,D-1,0.5692599620493399,4.128440366972381,True,1.4435136542193305,-27.24628216925406,,False,-0.12326925276252154,1267.4051827103194,1491.872684994637,0.23271293888583955,1.0932475884244397,0.0,0.03312982157224198,-0.03494850444021225,,0.2875909753979721,348.7367587200691,176.87929842827876,0.272657825416907,0.7692307692307665,0.0,0.009465663306373884,-0.009984916482352446,,0.7509283677188965,,570.2662124141757,1.7271086098134418,3.0144167758846763,0.0,0.15618344455488042,-0.16478903148247426,,0.7509283677188965,,570.2662124141757,1.7271086098134418,3.0144167758846763,0.0,0.15618344455488042,-0.16478903148247426,,0.7509283677188965,,570.2662124141757,1.7271086098134418,3.0144167758846763,0.0,0.15618344455488042,-0.16478903148247426,,0.7509283677188965,,570.2662124141757,1.7271086098134418,3.0144167758846763,0.0,0.15618344455488042,-0.16478903148247426,,-0.12326925276252154,12684018.30095999,17079042.673540153,0.23271293888583955,1.0932475884244397,0.0,0.03312982157224198,-0.03494850444021225,31908652.985186003,6385563.133828015,4.9969990612335256,3.0144167758846763,False,False,rising,rising,sell_advantage_accelerating,accelerating,neutral,False,False,False,pass,S0,🌱 초발사 준비,발사 구조 관찰 또는 초기 준비,S0,False,,,2026-09-03T14:00:00Z,33765068330-1
KRW-PLUME,2026-09-03T23:17:54.803607+09:00,1788445074,19.7,8.620039417484993,6.0,1643587.57399999,1838908.955778148,0.8937840934623615,12,0.0,complete,1788444346214,1788444632528,10549895.33458518,12127754.94195993,-0.06957773791082263,19.3,19.8,2.590673575129543,2.072538860103612,0.5050505050505122,20.000000000000856,complete_hourly_ordered,/v1/candles/minutes/60,120,False,10.362694300518127,19.3,2026-08-30T13:00:00,21.3,2026-08-31T01:00:00,D-3,7.511737089201887,80.00000000000014,False,0.5845942228335677,-11.849337985755943,,True,,-67.86162173270259,,0.05711867203299548,-0.5050505050505083,0.0,-0.03438789546079679,0.03289124663103138,,-4.002803183562501,-20.67042665970987,334.6062794708186,0.1501513163847168,0.5102040816326481,0.0,0.0,0.0,,-2.578940686298918,-86.75971763014924,-48.55596892679158,1.079954018000362,0.5102040816326481,0.0,0.13755158184318717,-0.13159643582046066,,-2.578940686298918,-86.75971763014924,-48.55596892679158,1.079954018000362,0.5102040816326481,0.0,0.13755158184318717,-0.13159643582046066,,-2.578940686298918,-86.75971763014924,-48.55596892679158,1.079954018000362,0.5102040816326481,0.0,0.13755158184318717,-0.13159643582046066,,-2.578940686298918,-86.75971763014924,-48.55596892679158,1.079954018000362,0.5102040816326481,0.0,0.13755158184318717,-0.13159643582046066,,,-3470508.60201158,1838908.955778148,0.05711867203299548,-0.5050505050505083,0.0,-0.03438789546079679,0.03289124663103138,3482496.529778138,5986201.058777935,0.5817540198840363,0.5102040816326481,False,False,falling,rising,sell_advantage_weakening,accelerating,neutral,False,False,False,pass,S0,🌱 초발사 준비,발사 구조 관찰 또는 초기 준비,S0,False,,,2026-09-03T14:00:00Z,33765068330-1
KRW-POKT,2026-09-03T23:17:54.803607+09:00,1788445074,10.6,252.9407935809532,8.0,111097.247706266,355746.51859995,0.3122932815856982,11,0.0,complete,1788444196740,1788445159148,14474135.65619913,61523588.44773967,-0.6190902865353315,10.8,11.5,6.481481481481466,-1.85185185185186,7.826086956521743,128.57142857142875,complete_hourly_ordered,/v1/candles/minutes/60,120,False,16.632860040567966,9.86,2026-08-30T12:00:00,11.5,2026-09-03T10:00:00,D0,6.956521739130439,48.78048780487807,False,0.7582250939539792,17.664965047209837,,False,0.3122932815856982,,-66.30728264388695,0.021586736169865617,0.0,0.0,0.0,0.0,,-0.5364090644223805,-94.0505884044546,-83.83160997614532,0.4217177055144816,0.0,0.0,0.0,0.0,,0.2214577474487385,-72.87473063349263,-92.11017823052507,8.103704897548198,-0.9345794392523366,0.0,-0.06593261686556051,0.04832890886267904,,0.2214577474487385,-72.87473063349263,-92.11017823052507,8.103704897548198,-0.9345794392523366,0.0,-0.06593261686556051,0.04832890886267904,,0.2214577474487385,-72.87473063349263,-92.11017823052507,8.103704897548198,-0.9345794392523366,0.0,-0.06593261686556051,0.04832890886267904,,0.2214577474487385,-72.87473063349263,-92.11017823052507,8.103704897548198,-0.9345794392523366,0.0,-0.06593261686556051,0.04832890886267904,,0.3122932815856982,111097.247706266,-700109.305790554,0.021586736169865617,0.0,0.0,0.0,0.0,466843.766306216,4740562.263934889,0.09847856442216915,-0.9345794392523366,False,False,rising,falling,sell_advantage_weakening,accelerating,leading_buy_inflow,False,False,False,pass,S0,🌱 초발사 준비,발사 구조 관찰 또는 초기 준비,S0,False,,,2026-09-03T14:00:00Z,33765068330-1
KRW-POL,2026-09-03T23:17:54.803607+09:00,1788445074,129.0,0.86804519817274,7.0,23831034.14929188,198449.6124032,120.08607051785607,16,0.0,complete,1788444262264,1788445309285,6683002.80502319,4487852.15824057,0.1965069508109761,128.0,130.0,1.5625,0.78125,0.7692307692307693,50.0,complete_hourly_ordered,/v1/candles/minutes/60,120,False,9.243697478991585,119.0,2026-08-31T23:00:00,130.0,2026-09-01T21:00:00,D-2,0.7692307692307665,9.09090909090907,False,0.7622677465459748,-15.361014522397223,,True,,-55.60685769969134,,0.31301982910711956,0.0,0.0,0.0,0.0,,-859.5193304675573,126.23963736534036,1745.5560226455607,0.68399285811509,0.78125,0.0,0.0952834683182413,-0.09337047193693238,,119.09200385063923,0.29761722072529917,-99.16974118937823,1.5948984726533166,1.5748031496062964,0.0,0.0952834683182413,-0.09337047193693238,,119.09200385063923,0.29761722072529917,-99.16974118937823,1.5948984726533166,1.5748031496062964,0.0,0.0952834683182413,-0.09337047193693238,,119.09200385063923,0.29761722072529917,-99.16974118937823,1.5948984726533166,1.5748031496062964,0.0,0.0952834683182413,-0.09337047193693238,,119.09200385063923,0.29761722072529917,-99.16974118937823,1.5948984726533166,1.5748031496062964,0.0,0.0952834683182413,-0.09337047193693238,,,-29850757.48438164,198449.6124032,0.31301982910711956,0.0,0.0,0.0,0.0,24029483.76169508,12532310.966662586,1.9174024508022758,1.5748031496062964,False,False,falling,rising,buy_advantage_weakening,accelerating,neutral,False,False,False,pass,S0,🌱 초발사 준비,발사 구조 관찰 또는 초기 준비,S0,False,,,2026-09-03T14:00:00Z,33765068330-1
KRW-POLYX,2026-09-03T23:17:54.803607+09:00,1788445074,47.9,-57.71273005069213,8.0,3658825.9597297325,2868000.0,1.2757412690828913,15,0.0,complete,1788444851048,1788445597641,1358183.67101684,780807.20997614,0.26992937004605916,48.0,49.6,3.3333333333333437,-0.2083333333333326,3.4274193548387157,106.24999999999996,complete_hourly_ordered,/v1/candles/minutes/60,120,False,9.251101321585908,45.4,2026-08-31T08:00:00,49.6,2026-09-03T13:00:00,D0,2.822580645161288,33.33333333333333,True,0.8745944420933904,17.42375034281672,,False,0.9829929999188451,113.54321757553252,-50.997581679003765,0.07332601691845042,0.41928721174002703,0.0,0.028212723938514372,-0.02071174416741428,,0.8439273050891961,30.654790308056313,-55.775858095234966,0.23372092110316345,0.41928721174002703,0.0,0.028212723938514372,-0.02071174416741428,,0.7288688300544998,125.48619158843191,-3.340758389170906,0.9097362427203493,0.41928721174002703,0.0,0.028212723938514372,-0.02071174416741428,,0.7288688300544998,125.48619158843191,-3.340758389170906,0.9097362427203493,0.41928721174002703,0.0,0.028212723938514372,-0.02071174416741428,,0.7288688300544998,125.48619158843191,-3.340758389170906,0.9097362427203493,0.41928721174002703,0.0,0.028212723938514372,-0.02071174416741428,,0.7288688300544998,125.48619158843191,-3.340758389170906,0.9097362427203493,0.41928721174002703,0.0,0.028212723938514372,-0.02071174416741428,,0.9829929999188451,1945436.9786746134,-2984772.3697488178,0.07332601691845042,0.41928721174002703,0.0,0.028212723938514372,-0.02071174416741428,6526825.959729733,7346585.479077684,0.8884162551865025,0.41928721174002703,False,False,rising,falling,buy_advantage_accelerating,accelerating,leading_buy_inflow,False,False,False,pass,S0,🌱 초발사 준비,발사 구조 관찰 또는 초기 준비,S0,False,,,2026-09-03T14:00:00Z,33765068330-1
KRW-POWR,2026-09-03T23:17:54.803607+09:00,1788445074,63.5,-48.430123424215324,12.0,0.0,0.0,,0,0.0,complete,,,1179477.87886716,988101.05106497,0.0882905924021795,63.2,64.8,2.5316455696202445,0.4746835443038,2.0061728395061684,81.24999999999983,complete_hourly_ordered,/v1/candles/minutes/60,120,False,5.537459283387625,61.4,2026-09-02T10:00:00,64.8,2026-09-03T13:00:00,D0,2.0061728395061706,38.23529411764706,False,1.1833677125176356,12.467715426156376,8.997592721984,True,,,-100.0,0.0,0.0,0.0,0.0,0.0,0.0,,-100.0,-100.0,0.082073883922412,0.0,0.0,-0.043426338074037396,0.0334554712352606,0.06726635399001246,,-100.0,-100.0,1.0006260417210626,-0.31397174254317317,0.0,0.0,0.0,0.0,,-100.0,-100.0,1.0006260417210626,-0.31397174254317317,0.0,0.0,0.0,0.0,,-100.0,-100.0,1.0006260417210626,-0.31397174254317317,0.0,0.0,0.0,0.0,,-100.0,-100.0,1.0006260417210626,-0.31397174254317317,0.0,0.0,0.0,0.0,,0.0,-178645.1353303,0.0,0.0,0.0,0.0,0.0,0,707961.5779051385,0.0,-0.31397174254317317,False,True,flat_or_na,falling,unavailable,flat_or_na,neutral,False,False,False,pass,S0,🌱 초발사 준비,발사 구조 관찰 또는 초기 준비,S1,True,발사 구조 관찰 또는 초기 준비,2026-09-03T23:17:54.803607+09:00,2026-09-03T14:00:00Z,33765068330-1
KRW-PRL,2026-09-03T23:17:54.803607+09:00,1788445074,180.0,59.81326944414809,2.0,9218771.308985101,13414022.015426321,0.6872488578282769,48,0.0,complete,1788444189612,1788445257489,1711787.32956846,1190750.19477575,0.1795109039668424,188.0,193.0,2.659574468085113,-4.255319148936165,6.7357512953367875,259.9999999999994,complete_hourly_ordered,/v1/candles/minutes/60,120,False,6.190476190476191,210.0,2026-09-01T11:00:00,223.0,2026-09-01T12:00:00,D-2,19.730941704035875,338.4615384615385,True,-5.952104161822835,10.954569219339024,,False,-0.7667565674989714,8.524222819202286,129.60359549694806,0.44571380307565533,0.0,0.0,0.0,0.0,,-5.16775942276629,-68.76254242905352,166.12713962241781,0.8307863843964256,0.5586592178770999,0.0,0.023250406882113772,-0.019563967232233637,,-2.344807101212435,-5.300509170872436,317.8023029298708,2.572657570591687,0.0,0.0,0.023250406882113772,-0.019563967232233637,,-2.344807101212435,-5.300509170872436,317.8023029298708,2.572657570591687,0.0,0.0,0.023250406882113772,-0.019563967232233637,,-2.344807101212435,-5.300509170872436,317.8023029298708,2.572657570591687,0.0,0.0,0.023250406882113772,-0.019563967232233637,,-2.344807101212435,-5.300509170872436,317.8023029298708,2.572657570591687,0.0,0.0,0.023250406882113772,-0.019563967232233637,,-0.7667565674989714,724104.3401708994,7571769.420734431,0.44571380307565533,0.0,0.0,0.0,0.0,22632793.324411422,21591034.999554686,1.048249577886295,0.0,False,False,rising,rising,sell_advantage_accelerating,accelerating,neutral,False,False,False,pass,S0,🌱 초발사 준비,발사 구조 관찰 또는 초기 준비,S0,False,,,2026-09-03T14:00:00Z,33765068330-1
KRW-PROM,2026-09-03T23:17:54.803607+09:00,1788445074,6285.0,,,26065963.834402554,5109497.849612751,5.101472708590746,46,0.0,complete,1788444206333,1788445084302,15081.7897418,26917.50102776,-0.28180740838933926,6650.0,7530.0,13.233082706766908,-5.488721804511276,16.533864541832667,141.47727272727272,complete_hourly_ordered,/v1/candles/minutes/60,120,False,48.27352742044686,7385.0,2026-08-30T00:00:00,10950.0,2026-08-30T11:00:00,D-4,42.83105022831051,131.55680224403926,True,,,,False,4.290924450429026,47.616779707583845,-76.5458857662933,,1.2077294685990392,,,,,4.286997071974703,35.23088859157939,-78.4097121816798,,1.5347334410339197,,,,,3.570723975495625,-75.0911277752991,-92.52583973710561,,-0.23809523809523725,,,,,3.570723975495625,-75.0911277752991,-92.52583973710561,,-0.23809523809523725,,,,,3.570723975495625,-75.0911277752991,-92.52583973710561,,-0.23809523809523725,,,,,3.570723975495625,-75.0911277752991,-92.52583973710561,,-0.23809523809523725,,,,,4.290924450429026,8408104.147965152,-16675583.431647997,,1.2077294685990392,,,,31175461.684015304,85486072.90781474,0.36468468633053075,-0.23809523809523725,False,False,rising,falling,buy_advantage_accelerating,flat_or_na,neutral,True,True,False,🔴 1차 급등 완료·상승분 반납 / 신규매수 금지,S3,🔴 1차 급등 완료·반납,당일/5D 급등 후 상승분 상당 부분 반납,S3,False,,,2026-09-03T14:00:00Z,33765068330-1
KRW-PROS,2026-09-03T23:17:54.803607+09:00,1788445074,553.0,,,186499.43249,0.0,,2,0.0,complete,1788444968441,1788444968606,61104.33755695,111170.11045935,-0.290616359413109,560.0,561.0,0.17857142857142794,-1.2499999999999956,1.4260249554367201,800.0,complete_hourly_ordered,/v1/candles/minutes/60,120,False,6.261180679785339,559.0,2026-09-01T18:00:00,594.0,2026-09-02T21:00:00,D-1,6.902356902356899,117.14285714285705,False,,,,True,,,-100.0,,0.3629764065335772,,,,,,-95.57895042423624,-100.0,,0.3629764065335772,,,,,,-89.16692202795605,,,-0.7181328545781018,,,,,,-89.16692202795605,,,-0.7181328545781018,,,,,,-89.16692202795605,,,-0.7181328545781018,,,,,,-89.16692202795605,,,-0.7181328545781018,,,,,,186499.43249,-9516.40760067,,0.3629764065335772,,,,186499.43249,1532648.32,0.12168442692058672,-0.7181328545781018,False,False,rising,falling,buy_only,flat_or_na,neutral,False,False,False,pass,S0,🌱 초발사 준비,발사 구조 관찰 또는 초기 준비,S0,False,,,2026-09-03T14:00:00Z,33765068330-1
KRW-PROVE,2026-09-03T23:17:54.803607+09:00,1788445074,245.0,144.45178702838973,8.0,1097033.9999986999,0.0,,2,0.0,complete,1788444944836,1788444944836,228678.90458951,257591.9424992,-0.059458711298017455,241.0,245.0,1.6597510373443924,1.6597510373443924,0.0,0.0,complete_hourly_ordered,/v1/candles/minutes/60,120,False,10.775862068965525,232.0,2026-08-29T22:00:00,257.0,2026-09-01T14:00:00,D-2,4.669260700389099,47.99999999999996,False,0.591715976331364,18.17791147400086,,True,,,,0.14567006971120122,0.8230452674897082,0.0,0.056353902507755294,-0.04115278981600312,,,,-100.0,0.14567006971120122,0.8230452674897082,0.0,0.056353902507755294,-0.04115278981600312,,,,-100.0,5.224575047032886,0.8230452674897082,0.0,0.056353902507755294,-0.04115278981600312,,,,-100.0,5.224575047032886,0.8230452674897082,0.0,0.056353902507755294,-0.04115278981600312,,,,-100.0,5.224575047032886,0.8230452674897082,0.0,0.056353902507755294,-0.04115278981600312,,,,-100.0,5.224575047032886,0.8230452674897082,0.0,0.056353902507755294,-0.04115278981600312,,,1097033.9999986999,0.0,0.14567006971120122,0.8230452674897082,0.0,0.056353902507755294,-0.04115278981600312,1097033.9999986999,1208082.95851653,0.9080783668580235,0.8230452674897082,False,False,rising,flat_or_na,buy_only,accelerating,neutral,False,False,False,pass,S0,🌱 초발사 준비,발사 구조 관찰 또는 초기 준비,S0,False,,,2026-09-03T14:00:00Z,33765068330-1
KRW-PUMP,2026-09-03T23:17:54.803607+09:00,1788445074,6.06,-52.32630989360134,6.0,76642968.99106413,57849810.20011754,1.3248612005110503,134,0.0,complete,1788444282078,1788445401105,59259389.85292297,35592805.75545835,0.24951013464335028,5.62,6.09,8.362989323843406,7.829181494661919,0.4926108374384277,6.382978723404175,complete_hourly_ordered,/v1/candles/minutes/60,120,False,11.359724612736667,5.81,2026-08-31T11:00:00,6.47,2026-09-01T09:00:00,D-2,5.409582689335391,53.030303030302896,True,2.090967881008843,-100.43379357773898,,True,0.39012738450606377,-5.863698160374309,-33.58369570396621,0.16296540516043478,2.020202020202011,0.0,0.1401164043975056,-0.20623821034291723,,-0.0272134539709199,8.215223763672363,10.438030205365667,0.7818012917154817,1.5075376884422065,0.0,0.08622547962924276,-0.12689903305408734,,0.8630879287724804,301.4042335046703,39.907294532940355,1.884773416956257,0.6644518272425293,0.0,0.06466910972193762,-0.09516923911465369,,0.8630879287724804,301.4042335046703,39.907294532940355,1.884773416956257,0.6644518272425293,0.0,0.06466910972193762,-0.09516923911465369,,0.8630879287724804,301.4042335046703,39.907294532940355,1.884773416956257,0.6644518272425293,0.0,0.06466910972193762,-0.09516923911465369,,0.8630879287724804,301.4042335046703,39.907294532940355,1.884773416956257,0.6644518272425293,0.0,0.06466910972193762,-0.09516923911465369,,0.39012738450606377,-4774048.135480851,-29252010.374340683,0.16296540516043478,2.020202020202011,0.0,0.1401164043975056,-0.20623821034291723,134492779.19118166,74250065.75629905,1.8113489573545851,0.6644518272425293,False,False,falling,falling,buy_advantage_accelerating,accelerating,neutral,False,False,False,pass,S0,🌱 초발사 준비,발사 구조 관찰 또는 초기 준비,S0,False,,,2026-09-03T14:00:00Z,33765068330-1
KRW-PUNDIX,2026-09-03T23:17:54.803607+09:00,1788445074,124.0,-45.42693988892753,11.0,289026.34494624997,4783466.9666882,0.060421938096157764,6,0.0,complete,1788444261690,1788445066752,1456348.87748148,2793097.19546338,-0.3145700157233753,122.0,144.0,18.032786885245898,1.6393442622950838,13.88888888888889,90.9090909090909,complete_hourly_ordered,/v1/candles/minutes/60,120,False,19.999999999999996,120.0,2026-09-02T03:00:00,144.0,2026-09-03T19:00:00,D0,13.888888888888884,83.33333333333329,False,1.0376843255051948,15.515469802488866,11.546237942902371,False,-1.884949742696791,-98.76775132869962,-60.32597191722746,0.2241109193059998,0.0,1.0,0.05461496450027692,-0.04084691841083021,-0.10120744593569952,-4.465984985650925,-97.97513601440997,51.689248190528694,0.5799656906768789,0.0,1.0,0.05461496450027692,-0.04084691841083021,-0.10120744593569952,-0.36498727879394816,-98.16193968337124,-87.05887588959116,2.1359165128312725,0.0,0.0,0.0,0.0,0.0,-0.36498727879394816,-98.16193968337124,-87.05887588959116,2.1359165128312725,0.0,0.0,0.0,0.0,0.0,-0.36498727879394816,-98.16193968337124,-87.05887588959116,2.1359165128312725,0.0,0.0,0.0,0.0,0.0,-0.36498727879394816,-98.16193968337124,-87.05887588959116,2.1359165128312725,0.0,0.0,0.0,0.0,0.0,-1.884949742696791,-23166169.970359348,-7273455.90665448,0.2241109193059998,0.0,1.0,0.05461496450027692,-0.04084691841083021,5072493.31163445,21821974.056483947,0.23244887462998629,0.0,False,False,falling,falling,sell_advantage_accelerating,accelerating,neutral,True,True,False,🔴 1차 급등 완료·상승분 반납 / 신규매수 금지,S3,🔴 1차 급등 완료·반납,당일/5D 급등 후 상승분 상당 부분 반납,S3,False,,,2026-09-03T14:00:00Z,33765068330-1
KRW-PYTH,2026-09-03T23:17:54.803607+09:00,1788445074,79.1,-48.69141747283814,6.0,2218915.650529273,6947551.43980804,0.31938096029276486,35,0.0,complete,1788444341172,1788445216999,799098.2007134,1224945.12909603,-0.21039417591061393,79.0,81.9,3.6708860759493644,0.12658227848101333,3.4188034188034324,96.55172413793102,complete_hourly_ordered,/v1/candles/minutes/60,120,False,29.383886255924185,63.3,2026-08-31T11:00:00,81.9,2026-09-03T13:00:00,D0,3.663003663003661,16.12903225806452,False,2.0863943579194855,-11.716153928609716,,False,-0.7560180794323479,-96.92117361840647,-89.63317371451642,0.7928961983501139,1.4102564102564052,0.0,0.05877167205408096,-0.05533866315265179,,-17.401774748961746,-58.05349268723492,2227.4417700651284,0.8615768335585869,-0.37783375314862644,2.0,-0.03918111470269103,0.03688749911951028,,0.07304787034297694,-59.65059134799575,-68.87918897299377,2.1679835838473736,-1.1250000000000093,2.0,-0.0489763933783971,0.046108756117705596,,0.07304787034297694,-59.65059134799575,-68.87918897299377,2.1679835838473736,-1.1250000000000093,2.0,-0.0489763933783971,0.046108756117705596,,0.07304787034297694,-59.65059134799575,-68.87918897299377,2.1679835838473736,-1.1250000000000093,2.0,-0.0489763933783971,0.046108756117705596,,0.07304787034297694,-59.65059134799575,-68.87918897299377,2.1679835838473736,-1.1250000000000093,2.0,-0.0489763933783971,0.046108756117705596,,-0.7560180794323479,-69851262.25215626,-60069597.76752964,0.7928961983501139,1.4102564102564052,0.0,0.05877167205408096,-0.05533866315265179,9166467.090337314,14163465.88624659,0.6471909604582305,-1.1250000000000093,False,False,falling,falling,sell_advantage_accelerating,accelerating,neutral,False,False,False,pass,S0,🌱 초발사 준비,발사 구조 관찰 또는 초기 준비,S0,False,,,2026-09-03T14:00:00Z,33765068330-1
KRW-QKC,2026-09-03T23:17:54.803607+09:00,1788445074,3.02,350.08314670674577,13.0,1236531.6389722298,375003.190732258,3.2973896476925697,13,0.0,complete,1788444502155,1788445486631,48906387.28890698,18122900.58708065,0.45925427044338496,3.04,3.57,17.434210526315773,-0.6578947368421018,15.40616246498599,103.77358490566037,complete_hourly_ordered,/v1/candles/minutes/60,120,False,25.704225352112676,2.84,2026-08-29T15:00:00,3.57,2026-09-03T14:00:00,D0,15.126050420168069,73.97260273972603,False,0.516970105641712,11.662016346082622,14.037880233056915,True,1.7155061406516037,-1.609812116678755,-52.79847634136839,0.021246329286327637,0.0,0.0,0.0,0.0,0.0,2.2600086740212317,-82.64369887118264,-94.53959086183671,0.9468059537308591,0.6666666666666599,0.0,0.0,0.0,0.0,3.053482399518735,-72.67642877026637,-97.97888093886942,5.9035624289852535,0.6666666666666599,0.0,0.044953922229717946,-0.035146406713884915,-0.16246048618475406,3.053482399518735,-72.67642877026637,-97.97888093886942,5.9035624289852535,0.6666666666666599,0.0,0.044953922229717946,-0.035146406713884915,-0.16246048618475406,3.053482399518735,-72.67642877026637,-97.97888093886942,5.9035624289852535,0.6666666666666599,0.0,0.044953922229717946,-0.035146406713884915,-0.16246048618475406,3.053482399518735,-72.67642877026637,-97.97888093886942,5.9035624289852535,0.6666666666666599,0.0,0.044953922229717946,-0.035146406713884915,-0.16246048618475406,1.7155061406516037,-20231.525702895597,-419469.448423072,0.021246329286327637,0.0,0.0,0.0,0.0,1611534.8297044877,20167591.77371794,0.07990715241492602,0.6666666666666599,False,True,falling,falling,buy_advantage_accelerating,accelerating,neutral,True,True,False,🔴 1차 급등 완료·상승분 반납 / 신규매수 금지,S3,🔴 1차 급등 완료·반납,당일/5D 급등 후 상승분 상당 부분 반납,S3,False,,,2026-09-03T14:00:00Z,33765068330-1
KRW-QTUM,2026-09-03T23:17:54.803607+09:00,1788445074,1141.0,-78.86927053525683,8.0,11410.0,81838.576,0.13942080321632186,4,0.0,complete,1788444188886,1788444965191,41645.00867359,49098.28545299,-0.0821358410132571,1122.0,1141.0,1.6934046345810971,1.6934046345810971,0.0,0.0,complete_hourly_ordered,/v1/candles/minutes/60,120,False,5.7639524245196805,1093.0,2026-08-31T08:00:00,1156.0,2026-09-01T15:00:00,D-2,1.2975778546712835,23.80952380952401,False,0.8767345990826181,-4.123997093349914,,True,0.13942080321632186,,-91.17004457394702,0.02122906876633124,0.4401408450704247,0.0,0.0,0.0,,-0.27164594790107,-88.58999999936674,-66.35888244573916,0.021844346683309368,0.2636203866432263,0.0,-0.011612378795811118,0.010425967726290786,,0.13194641965074408,34.75529105271764,-92.77573568948448,0.1669159353431695,0.2636203866432263,0.0,-0.011612378795811118,0.010425967726290786,,0.13194641965074408,34.75529105271764,-92.77573568948448,0.1669159353431695,0.2636203866432263,0.0,-0.011612378795811118,0.010425967726290786,,0.13194641965074408,34.75529105271764,-92.77573568948448,0.1669159353431695,0.2636203866432263,0.0,-0.011612378795811118,0.010425967726290786,,0.13194641965074408,34.75529105271764,-92.77573568948448,0.1669159353431695,0.2636203866432263,0.0,-0.011612378795811118,0.010425967726290786,,0.13942080321632186,11410.0,-844990.29290384,0.02122906876633124,0.4401408450704247,0.0,0.0,0.0,93248.576,352772.16305035,0.26433087915355424,0.2636203866432263,False,False,rising,falling,sell_advantage_weakening,accelerating,leading_buy_inflow,False,False,False,pass,S0,🌱 초발사 준비,발사 구조 관찰 또는 초기 준비,S0,False,,,2026-09-03T14:00:00Z,33765068330-1
KRW-QUID,2026-09-03T23:17:54.803607+09:00,1788445074,87.4,,,1998606.8084841978,1215520.662518343,1.64423927137811,10,0.0,complete,1788444330819,1788444815836,1380609.49866852,318077.93115663,0.6255015189117277,89.3,89.3,0.0,-2.127659574468077,2.1276595744680757,,complete_hourly_ordered,/v1/candles/minutes/60,120,False,6.469298245614019,91.2,2026-08-30T00:00:00,97.1,2026-08-30T09:00:00,D-4,9.98970133882594,164.40677966101703,False,,,,False,1.5602256793615217,967.1729347019038,-45.47202885377779,,0.11454753722794919,,,,,-0.6454335261616237,258.9504664590693,399.8537214274636,,0.0,,,,,-8.082012350836933,22.525996299776164,624.7842154234521,,0.0,,,,,-8.082012350836933,22.525996299776164,624.7842154234521,,0.0,,,,,-8.082012350836933,22.525996299776164,624.7842154234521,,0.0,,,,,-8.082012350836933,22.525996299776164,624.7842154234521,,0.0,,,,,1.5602256793615217,1811326.3084364268,-1013648.3987306124,,0.11454753722794919,,,,3214127.4710025406,2020693.2202915945,1.5906063516849571,0.0,False,False,rising,falling,buy_advantage_accelerating,flat_or_na,neutral,False,False,False,pass,S0,🌱 초발사 준비,발사 구조 관찰 또는 초기 준비,S0,False,,,2026-09-03T14:00:00Z,33765068330-1
KRW-RAY,2026-09-03T23:17:54.803607+09:00,1788445074,1143.0,-83.84814764036814,9.0,2132769.94616111,142221.27032912002,14.996139053079617,44,0.0,complete,1788444758743,1788445343550,34702.52967124,18512.12854949,0.30424701883066796,1097.0,1143.0,4.193254329990892,4.193254329990892,0.0,0.0,complete_hourly_ordered,/v1/candles/minutes/60,120,False,9.090909090909083,1056.0,2026-08-31T08:00:00,1152.0,2026-09-03T23:00:00,D0,0.0,0.0,False,1.5520370486263202,-8.614457831325296,,True,,,,0.001321497476411082,1.3297872340425565,0.0,0.08135678077476616,-0.07520908438996265,,9.263186771528318,-4.164137780633803,-63.3624079491233,0.001321497476411082,1.3297872340425565,0.0,0.08135678077476616,-0.07520908438996265,,13.455635437963885,-86.03652470036826,-98.565578506406,0.7321147331819589,2.511210762331828,0.0,0.16271356154953232,-0.1504345330843826,,13.455635437963885,-86.03652470036826,-98.565578506406,0.7321147331819589,2.511210762331828,0.0,0.16271356154953232,-0.1504345330843826,,13.455635437963885,-86.03652470036826,-98.565578506406,0.7321147331819589,2.511210762331828,0.0,0.16271356154953232,-0.1504345330843826,,13.455635437963885,-86.03652470036826,-98.565578506406,0.7321147331819589,2.511210762331828,0.0,0.16271356154953232,-0.1504345330843826,,,2132769.94616111,142221.27032912002,0.001321497476411082,1.3297872340425565,0.0,0.08135678077476616,-0.07520908438996265,2274991.21649023,474422.649229835,4.795283741582299,2.511210762331828,False,False,rising,rising,buy_advantage_weakening,accelerating,neutral,False,False,False,pass,S0,🌱 초발사 준비,발사 구조 관찰 또는 초기 준비,S0,False,,,2026-09-03T14:00:00Z,33765068330-1
KRW-RE,2026-09-03T23:17:54.803607+09:00,1788445074,631.0,,,1077344.32783037,8357330.271263619,0.12891010560331448,17,0.0,complete,1788444232114,1788445199867,393665.24170042,246594.34051044,0.22970511535670288,638.0,641.0,0.4702194357366851,-1.0971786833855801,1.5600624024960998,333.3333333333294,complete_hourly_ordered,/v1/candles/minutes/60,120,False,7.086614173228356,635.0,2026-08-31T10:00:00,680.0,2026-09-01T09:00:00,D-2,7.499999999999996,113.33333333333336,True,,,,True,-0.44257204858818655,-72.24860544223455,23.027024681006303,,0.4777070063694211,,,,,-1.5086086242199916,-91.06169064129634,13.541517318063988,,0.4777070063694211,,,,,-0.38900337239225136,-93.73307070877098,-74.82177886378788,,0.4777070063694211,,,,,-0.38900337239225136,-93.73307070877098,-74.82177886378788,,0.4777070063694211,,,,,-0.38900337239225136,-93.73307070877098,-74.82177886378788,,0.4777070063694211,,,,,-0.38900337239225136,-93.73307070877098,-74.82177886378788,,0.4777070063694211,,,,,-0.44257204858818655,-2804782.48056422,1564245.3430268094,,0.4777070063694211,,,,9434674.599093989,21128300.886052765,0.4465420409325018,0.4777070063694211,False,False,falling,rising,sell_advantage_accelerating,flat_or_na,neutral,False,False,False,pass,S0,🌱 초발사 준비,발사 구조 관찰 또는 초기 준비,S0,False,,,2026-09-03T14:00:00Z,33765068330-1
KRW-RED,2026-09-03T23:17:54.803607+09:00,1788445074,166.0,39.33346741337043,14.0,9546357.69019652,22696957.45245002,0.4206007659923617,36,0.0,complete,1788444194047,1788445418460,1445463.76623077,2041985.85576803,-0.17104823128466268,158.0,175.0,10.759493670886066,5.063291139240511,5.142857142857142,52.94117647058815,complete_hourly_ordered,/v1/candles/minutes/60,120,False,22.377622377622373,143.0,2026-09-01T08:00:00,175.0,2026-09-03T13:00:00,D0,5.714285714285716,31.250000000000032,False,1.485364788117094,0.969839070659694,0.6307993603151623,True,-0.07590430691884903,-25.33925563606898,-11.865499729755523,1.0993438036132304,0.0,0.0,0.0,0.0,0.0,0.23388755116022936,16.724022177868857,-48.18383799766358,1.2879289677573382,0.0,0.0,0.0,0.0,0.0,-15.06991882753132,-51.540306966175685,1684.7466888594088,5.805473965151677,1.8404907975460016,0.0,0.1310615989515318,-0.11207746720738254,-0.08330830356175767,-15.06991882753132,-51.540306966175685,1684.7466888594088,5.805473965151677,1.8404907975460016,0.0,0.1310615989515318,-0.11207746720738254,-0.08330830356175767,-15.06991882753132,-51.540306966175685,1684.7466888594088,5.805473965151677,1.8404907975460016,0.0,0.1310615989515318,-0.11207746720738254,-0.08330830356175767,-15.06991882753132,-51.540306966175685,1684.7466888594088,5.805473965151677,1.8404907975460016,0.0,0.1310615989515318,-0.11207746720738254,-0.08330830356175767,-0.07590430691884903,-3239956.954167532,-3055679.0098376684,1.0993438036132304,0.0,0.0,0.0,0.0,32243315.142646536,60263988.99737491,0.5350345318835606,1.8404907975460016,False,True,falling,falling,sell_advantage_accelerating,accelerating,neutral,False,False,False,pass,S0,🌱 초발사 준비,발사 구조 관찰 또는 초기 준비,S0,False,,,2026-09-03T14:00:00Z,33765068330-1
KRW-RENDER,2026-09-03T23:17:54.803607+09:00,1788445074,1986.0,-47.293994854969725,8.0,49999.999989179996,0.0,,1,0.0,complete,1788444645579,1788444645579,45973.77055382,30728.22166859,0.19876340162095185,1940.0,2001.0,3.1443298969072275,2.3711340206185483,0.7496251874062968,24.590163934426762,complete_hourly_ordered,/v1/candles/minutes/60,120,False,5.153565851119213,1921.0,2026-08-31T11:00:00,2020.0,2026-09-01T16:00:00,D-2,1.6831683168316847,34.34343434343437,True,0.3441087913178764,14.536923532146929,,True,,-60.63293417189804,-100.0,0.0041158103347598285,0.10080645161290036,0.0,0.006617476756098917,-0.005034041774628406,,,-99.03429297515211,-100.0,0.0721808929387322,0.20181634712410634,0.0,0.013234953512220038,-0.010068154481221114,,,-97.665988971026,-100.0,2.677524571997303,-0.5508262393590369,0.0,-0.03970486053668232,0.030202761160358804,,,-97.665988971026,-100.0,2.677524571997303,-0.5508262393590369,0.0,-0.03970486053668232,0.030202761160358804,,,-97.665988971026,-100.0,2.677524571997303,-0.5508262393590369,0.0,-0.03970486053668232,0.030202761160358804,,,-97.665988971026,-100.0,2.677524571997303,-0.5508262393590369,0.0,-0.03970486053668232,0.030202761160358804,,,-77009.71977888,-2489730.08584562,0.0041158103347598285,0.10080645161290036,0.0,0.006617476756098917,-0.005034041774628406,49999.999989179996,5692484.28610092,0.008783511288957392,-0.5508262393590369,False,False,falling,falling,buy_only,accelerating,neutral,False,False,False,pass,S0,🌱 초발사 준비,발사 구조 관찰 또는 초기 준비,S0,False,,,2026-09-03T14:00:00Z,33765068330-1
KRW-RLUSD,2026-09-03T23:17:54.803607+09:00,1788445074,1374.0,,,0.0,0.0,,0,0.0,complete,,,62534.02320424,203748.95766308,-0.5303190387867963,1375.0,1431.0,4.072727272727272,-0.07272727272726875,3.9832285115303985,101.78571428571419,complete_hourly_ordered,/v1/candles/minutes/60,120,False,4.37636761487965,1371.0,2026-09-02T21:00:00,1431.0,2026-09-03T12:00:00,D0,3.983228511530401,95.00000000000007,False,,,,False,,-100.0,,,0.0,,,,,,,,,0.2188183807439792,,,,,,,,,0.1457725947521915,,,,,,,,,0.1457725947521915,,,,,,,,,0.1457725947521915,,,,,,,,,0.1457725947521915,,,,,,-8069.86465356,0.0,,0.0,,,,0,9070.028575999999,0.0,0.1457725947521915,False,False,falling,flat_or_na,unavailable,flat_or_na,neutral,False,False,False,pass,S0,🌱 초발사 준비,발사 구조 관찰 또는 초기 준비,S0,False,,,2026-09-03T14:00:00Z,33765068330-1
KRW-RVN,2026-09-03T23:17:54.803607+09:00,1788445074,3.93,13.415791926642108,7.0,2516223.757604432,4322054.875610449,0.5821822790366675,43,0.0,complete,1788444309296,1788445137307,17381225.90569768,44257011.31947178,-0.43602456240912085,3.86,4.02,4.145077720207246,1.81347150259068,2.2388059701492393,56.249999999999766,complete_hourly_ordered,/v1/candles/minutes/60,120,False,23.512747875354133,3.53,2026-08-31T09:00:00,4.36,2026-08-31T17:00:00,D-3,9.86238532110092,51.8072289156627,False,1.0348583877995754,37.358416231655674,,True,0.012752498183418726,-30.85106195385524,-32.365745135689515,0.03592361337856431,0.5115089514066584,0.0,-0.0726216412490821,0.04149748385405161,,0.28478273347747657,281.6087098433884,94.939387500156,0.10002545106395644,0.0,0.0,-0.05446623093681158,0.03112355078785356,,-0.0193514611806338,4.593977692962192,8.070631606926405,0.6006242394613466,-0.25380710659898,0.0,-0.03631082062454105,0.02074932579832023,,-0.0193514611806338,4.593977692962192,8.070631606926405,0.6006242394613466,-0.25380710659898,0.0,-0.03631082062454105,0.02074932579832023,,-0.0193514611806338,4.593977692962192,8.070631606926405,0.6006242394613466,-0.25380710659898,0.0,-0.03631082062454105,0.02074932579832023,,-0.0193514611806338,4.593977692962192,8.070631606926405,0.6006242394613466,-0.25380710659898,0.0,-0.03631082062454105,0.02074932579832023,,0.012752498183418726,-1122622.8085211315,-2068279.259483466,0.03592361337856431,0.5115089514066584,0.0,-0.0726216412490821,0.04149748385405161,6838278.633214882,9454116.12835664,0.7233123160719568,-0.25380710659898,False,False,falling,falling,sell_advantage_weakening,accelerating,neutral,False,False,False,pass,S0,🌱 초발사 준비,발사 구조 관찰 또는 초기 준비,S0,False,,,2026-09-03T14:00:00Z,33765068330-1
KRW-SAFE,2026-09-03T23:17:54.803607+09:00,1788445074,128.0,605.487258101614,9.0,7770044.160359681,6595928.678864641,1.1780060911297088,26,0.0,complete,1788444182911,1788445078398,990836.13431261,2631442.57488863,-0.4529210953338803,132.0,132.0,0.0,-3.0303030303030276,3.0303030303030303,,complete_hourly_ordered,/v1/candles/minutes/60,120,False,27.499999999999993,120.0,2026-08-31T08:00:00,153.0,2026-09-02T20:00:00,D-1,16.993464052287578,78.78787878787877,False,0.3693931398417005,15.382048715382046,,False,0.9495638576967869,179.27220773125674,-45.842752978730964,0.4302739426462949,0.0,0.0,0.0,0.0,,0.848406681445312,43.84446010539331,-59.75313753119802,4.526366708528485,0.7874015748031482,0.0,0.05277044854881119,-0.039785442896137724,,0.49856560157610674,128.9909305816825,32.075471552567606,11.125717617406849,-1.538461538461533,-1.0,-0.052770448548788984,0.03978101811240542,,0.49856560157610674,128.9909305816825,32.075471552567606,11.125717617406849,-1.538461538461533,-1.0,-0.052770448548788984,0.03978101811240542,,0.49856560157610674,128.9909305816825,32.075471552567606,11.125717617406849,-1.538461538461533,-1.0,-0.052770448548788984,0.03978101811240542,,0.49856560157610674,128.9909305816825,32.075471552567606,11.125717617406849,-1.538461538461533,-1.0,-0.052770448548788984,0.03978101811240542,,0.9495638576967869,4987796.609312001,-5583288.40038283,0.4302739426462949,0.0,0.0,0.0,0.0,14365972.839224322,2074914.730709255,6.923644922176485,-1.538461538461533,False,True,rising,falling,buy_advantage_accelerating,accelerating,leading_buy_inflow,True,True,False,🔴 1차 급등 완료·상승분 반납 / 신규매수 금지,S3,🔴 1차 급등 완료·반납,당일/5D 급등 후 상승분 상당 부분 반납,S3,False,,,2026-09-03T14:00:00Z,33765068330-1
KRW-SAHARA,2026-09-03T23:17:54.803607+09:00,1788445074,12.4,23.556768576754415,8.0,225537312.68913612,165776142.1242158,1.3604931915965408,376,0.0,complete,1788444174844,1788445415537,66337386.01957534,94045462.46951957,-0.1727620921499484,11.7,12.7,8.547008547008538,5.982905982905984,2.3622047244094406,29.999999999999915,complete_hourly_ordered,/v1/candles/minutes/60,120,False,14.414414414414424,11.1,2026-08-31T08:00:00,12.7,2026-09-03T23:00:00,D0,1.5748031496062964,12.500000000000025,False,1.1014492753623317,53.33311034551962,,True,-0.18685909430844405,550.5360771822103,639.884986054431,2.4840007610433332,0.0,0.0,0.05797101449276365,-0.025198458333740348,,-10.047466699673382,61.631454416793744,1255.3064142795185,2.964742319887012,1.6393442622950838,1.0,0.17391304347829095,-0.07560043256295046,,-5.327392390269532,260.8908158022624,1674.0599501269658,7.038087598023068,1.6393442622950838,2.0,0.17391304347829095,-0.07560043256295046,,-5.327392390269532,260.8908158022624,1674.0599501269658,7.038087598023068,1.6393442622950838,2.0,0.17391304347829095,-0.07560043256295046,,-5.327392390269532,260.8908158022624,1674.0599501269658,7.038087598023068,1.6393442622950838,2.0,0.17391304347829095,-0.07560043256295046,,-5.327392390269532,260.8908158022624,1674.0599501269658,7.038087598023068,1.6393442622950838,2.0,0.17391304347829095,-0.07560043256295046,,-0.18685909430844405,190867857.6658193,143370478.37257695,2.4840007610433332,0.0,0.0,0.05797101449276365,-0.025198458333740348,391313454.8133519,55475052.72393553,7.0538635945182975,1.6393442622950838,False,False,rising,rising,buy_advantage_weakening,accelerating,neutral,False,False,False,pass,S0,🌱 초발사 준비,발사 구조 관찰 또는 초기 준비,S0,False,,,2026-09-03T14:00:00Z,33765068330-1
KRW-SAND,2026-09-03T23:17:54.803607+09:00,1788445074,50.6,33.06438467632897,6.0,23743220.007014614,44981498.99065786,0.5278441256914495,87,0.0,complete,1788444255871,1788445219617,8761194.20420109,3668371.74308201,0.40973453801355686,51.1,52.1,1.9569471624266255,-0.9784735812133127,2.8790786948176583,150.0,complete_hourly_ordered,/v1/candles/minutes/60,120,False,11.344537815126055,47.6,2026-08-31T08:00:00,53.0,2026-09-01T21:00:00,D-2,4.528301886792452,44.444444444444464,False,-0.7622141696863483,30.71621739509726,,True,0.4275528899735366,575.3474349596379,28.317102520180715,0.0789850205360878,-0.393700787401563,0.0,-0.02499062851428757,0.015936061269592017,,0.37239767186738726,395.066628984232,45.79370715061491,0.2304080549614369,0.0,0.0,0.0,0.0,,0.0904496046999253,254.69609393572395,193.9165570922139,0.7806320773742215,-0.5893909626718985,0.0,-0.03748594277144246,0.02390383124717843,,0.0904496046999253,254.69609393572395,193.9165570922139,0.7806320773742215,-0.5893909626718985,0.0,-0.03748594277144246,0.02390383124717843,,0.0904496046999253,254.69609393572395,193.9165570922139,0.7806320773742215,-0.5893909626718985,0.0,-0.03748594277144246,0.02390383124717843,,0.0904496046999253,254.69609393572395,193.9165570922139,0.7806320773742215,-0.5893909626718985,0.0,-0.03748594277144246,0.02390383124717843,,0.4275528899735366,20227515.529891126,9926546.761212438,0.0789850205360878,-0.393700787401563,0.0,-0.02499062851428757,0.015936061269592017,68724718.99767247,21938182.814643614,3.132653218287483,-0.5893909626718985,False,False,rising,rising,sell_advantage_weakening,accelerating,leading_buy_inflow,False,False,False,pass,S0,🌱 초발사 준비,발사 구조 관찰 또는 초기 준비,S0,False,,,2026-09-03T14:00:00Z,33765068330-1
KRW-SC,2026-09-03T23:17:54.803607+09:00,1788445074,0.954,1131.4835214763223,14.0,8300529.797774844,11040350.806714227,0.7518356928229897,76,0.0,complete,1788444177220,1788445352204,162926809.51264817,68384573.01507398,0.40872280241653697,1.05,1.05,0.0,-9.142857142857153,9.142857142857151,,complete_hourly_ordered,/v1/candles/minutes/60,120,False,84.14634146341464,0.82,2026-08-31T11:00:00,1.51,2026-09-01T18:00:00,D-2,37.019867549668874,81.0144927536232,False,2.3039399624765533,9.897881621996762,3.435647367744315,True,-0.023256515069754347,16.76016509241791,20.371904419162192,0.24550095140057238,0.0,0.0,-0.007504690431514582,0.0058651311716353405,0.0034333309877716545,-0.41662030858558685,-33.55742653566081,3.2608912486356445,0.33410290827600875,-0.20920502092049986,0.0,-0.01500938086305137,0.011730165429403527,0.006863811700579703,0.4420797308235554,-65.05134441583331,-85.60116986410594,2.5914521187446553,2.032085561497321,0.0,0.1425891181988881,-0.111455909093916,-0.06577960316206699,0.4420797308235554,-65.05134441583331,-85.60116986410594,2.5914521187446553,2.032085561497321,0.0,0.1425891181988881,-0.111455909093916,-0.06577960316206699,0.4420797308235554,-65.05134441583331,-85.60116986410594,2.5914521187446553,2.032085561497321,0.0,0.1425891181988881,-0.111455909093916,-0.06577960316206699,0.4420797308235554,-65.05134441583331,-85.60116986410594,2.5914521187446553,2.032085561497321,0.0,0.1425891181988881,-0.111455909093916,-0.06577960316206699,-0.023256515069754347,1191487.2649856731,1868483.9495868124,0.24550095140057238,0.0,0.0,-0.007504690431514582,0.0058651311716353405,19340880.604489073,21878920.154748775,0.8839961235605668,2.032085561497321,False,True,rising,rising,sell_advantage_accelerating,accelerating,neutral,True,True,False,🔴 1차 급등 완료·상승분 반납 / 신규매수 금지,S3,🔴 1차 급등 완료·반납,당일/5D 급등 후 상승분 상당 부분 반납,S3,False,,,2026-09-03T14:00:00Z,33765068330-1
KRW-SEI,2026-09-03T23:17:54.803607+09:00,1788445074,66.2,13.126486513867274,11.0,10415538.04302748,2459318.532164616,4.235131767929242,22,0.0,complete,1788444240666,1788445145194,4613940.5273357,1855162.70309394,0.426454444452966,67.5,68.4,1.333333333333342,-1.9259259259259198,3.216374269005852,244.44444444444304,complete_hourly_ordered,/v1/candles/minutes/60,120,False,14.072847682119228,60.4,2026-09-01T01:00:00,68.9,2026-09-03T04:00:00,D0,3.7735849056603876,30.588235294117837,False,0.9822361546499403,14.359457214068136,13.712722921005799,False,2.7521072059710976,-52.40646190431364,-83.33407557212686,0.5446286400293303,0.3030303030303161,0.0,0.0,0.0,0.0,3.7821079263522295,48.1497872637308,-84.15270422911814,1.0024471842904106,0.4552352048558417,0.0,0.0,0.0,0.0,4.233477661880473,52897.19148788681,-79.30100412182351,2.36755379142841,0.1512859304084957,0.0,0.0,0.0,0.0,4.233477661880473,52897.19148788681,-79.30100412182351,2.36755379142841,0.1512859304084957,0.0,0.0,0.0,0.0,4.233477661880473,52897.19148788681,-79.30100412182351,2.36755379142841,0.1512859304084957,0.0,0.0,0.0,0.0,4.233477661880473,52897.19148788681,-79.30100412182351,2.36755379142841,0.1512859304084957,0.0,0.0,0.0,0.0,2.7521072059710976,-11468815.295207512,-12297249.834673153,0.5446286400293303,0.3030303030303161,0.0,0.0,0.0,12874856.575192096,23558337.780298427,0.546509549835863,0.1512859304084957,False,True,falling,falling,buy_advantage_accelerating,accelerating,neutral,False,False,False,pass,S1,⚡ 선행 시동,가격 미급등 상태에서 선행조건 3개 개선,S1,False,,,2026-09-03T14:00:00Z,33765068330-1
KRW-SENT,2026-09-03T23:17:54.803607+09:00,1788445074,17.9,27.24531710073199,7.0,0.0,0.0,,0,0.0,complete,,,6363379.85926103,13864105.888828,-0.3708185052250299,18.0,18.1,0.5555555555555536,-0.5555555555555647,1.1049723756906233,200.000000000002,complete_hourly_ordered,/v1/candles/minutes/60,120,False,8.284023668639072,16.9,2026-08-31T08:00:00,18.3,2026-09-03T02:00:00,D0,2.1857923497267895,28.57142857142864,False,0.3777861730260623,14.958991798359678,,True,,,,0.0,0.0,0.0,0.0,0.0,,,,,0.0,0.0,0.0,0.0,0.0,,,-100.0,,0.4780557781258743,0.0,0.0,0.0,0.0,,,-100.0,,0.4780557781258743,0.0,0.0,0.0,0.0,,,-100.0,,0.4780557781258743,0.0,0.0,0.0,0.0,,,-100.0,,0.4780557781258743,0.0,0.0,0.0,0.0,,,0.0,0.0,0.0,0.0,0.0,0.0,0.0,0,179000.0,0.0,0.0,False,False,flat_or_na,flat_or_na,unavailable,flat_or_na,neutral,False,False,False,pass,S0,🌱 초발사 준비,발사 구조 관찰 또는 초기 준비,S0,False,,,2026-09-03T14:00:00Z,33765068330-1
KRW-SHIB,2026-09-03T23:17:54.803607+09:00,1788445074,0.00722,-29.080060080247428,8.0,138163128.72732866,61397112.732029274,2.2503196417451816,141,0.0,complete,1788444191949,1788445142165,83708037299.93848,47701821457.15269,0.27399934969371403,0.00711,0.00722,1.5471167369901506,1.5471167369901506,0.0,0.0,complete_hourly_ordered,/v1/candles/minutes/60,120,False,6.167400881057272,0.00681,2026-08-31T08:00:00,0.00723,2026-09-03T23:00:00,D0,0.13831258644537714,2.3809523809523983,False,0.634191176470611,-1.098799630655596,,True,-0.05992888846034816,145.36893187622226,151.90342016724614,0.5024626852527021,0.6973500697349921,0.0,0.01838235294120416,-0.016133825812458147,,0.2555954818193926,103.05965726990722,79.99576448988775,0.7539192218280135,0.8379888268156499,0.0,0.03676470588238612,-0.03226839652661129,,1.8864221782076915,3091.4796903135866,416.0917332329973,2.6949535612736817,0.6973500697349921,0.0,0.027573529411784037,-0.024201018053580325,,1.8864221782076915,3091.4796903135866,416.0917332329973,2.6949535612736817,0.6973500697349921,0.0,0.027573529411784037,-0.024201018053580325,,1.8864221782076915,3091.4796903135866,416.0917332329973,2.6949535612736817,0.6973500697349921,0.0,0.027573529411784037,-0.024201018053580325,,1.8864221782076915,3091.4796903135866,416.0917332329973,2.6949535612736817,0.6973500697349921,0.0,0.027573529411784037,-0.024201018053580325,,-0.05992888846034816,81854806.53231424,37023837.97011222,0.5024626852527021,0.6973500697349921,0.0,0.01838235294120416,-0.016133825812458147,199560241.45935792,43581825.945914075,4.578978441771031,0.6973500697349921,False,False,rising,rising,buy_advantage_weakening,accelerating,neutral,False,False,False,pass,S0,🌱 초발사 준비,발사 구조 관찰 또는 초기 준비,S0,False,,,2026-09-03T14:00:00Z,33765068330-1
KRW-SIGN,2026-09-03T23:17:54.803607+09:00,1788445074,12.4,136.2190916406034,13.0,4349250.123277903,22975376.94409812,0.18930049042765026,26,0.0,complete,1788444215520,1788445322514,20512880.47182976,33548811.97158323,-0.2411306585230999,12.1,13.3,9.917355371900838,2.4793388429752206,6.766917293233085,74.99999999999989,complete_hourly_ordered,/v1/candles/minutes/60,120,False,15.652173913043477,11.5,2026-08-30T00:00:00,13.3,2026-09-02T19:00:00,D-1,6.015037593984962,44.44444444444448,False,1.6287810989797702,17.629067258231228,9.340787299963651,True,-2.2558890876651603,-93.07212744014902,-10.512847888383126,3.0132157619420923,-0.8000000000000007,0.0,-0.05966231131793176,0.043375163481844226,0.06561552549719529,-0.18723628344975132,-37.38138412922506,24.55441373334071,4.060354005822518,-0.8000000000000007,0.0,-0.05966231131793176,0.043375163481844226,0.06561552549719529,0.17105589876351426,1903.9812048231076,93.14170133423218,8.242231966349223,0.0,0.0,0.05966231131793176,-0.04338040750652539,-0.06622955475883785,0.17105589876351426,1903.9812048231076,93.14170133423218,8.242231966349223,0.0,0.0,0.05966231131793176,-0.04338040750652539,-0.06622955475883785,0.17105589876351426,1903.9812048231076,93.14170133423218,8.242231966349223,0.0,0.0,0.05966231131793176,-0.04338040750652539,-0.06622955475883785,0.17105589876351426,1903.9812048231076,93.14170133423218,8.242231966349223,0.0,0.0,0.05966231131793176,-0.04338040750652539,-0.06622955475883785,-2.2558890876651603,-58429764.44005359,-2699120.9049797542,3.0132157619420923,-0.8000000000000007,0.0,-0.05966231131793176,0.043375163481844226,27324627.06737602,58373746.26804039,0.4680978832831267,0.0,False,False,falling,falling,sell_advantage_accelerating,accelerating,neutral,False,False,False,pass,S1,⚡ 선행 시동,가격 미급등 상태에서 선행조건 3개 개선,S2,True,가격 미급등 상태에서 선행조건 3개 개선,2026-09-03T23:17:54.803607+09:00,2026-09-03T14:00:00Z,33765068330-1
KRW-SKR,2026-09-03T23:17:54.803607+09:00,1788445074,27.0,1458.069897109045,8.0,6140698.0353483055,61948535.32383631,0.09912579858825996,82,0.0,complete,1788444188204,1788445127399,13578123.68809692,9324232.07941806,0.18574035142326448,32.2,33.5,4.0372670807453215,-16.149068322981375,19.402985074626866,500.00000000000216,complete_hourly_ordered,/v1/candles/minutes/60,120,False,275.9124087591241,13.7,2026-08-30T00:00:00,51.5,2026-08-31T23:00:00,D-3,47.37864077669902,64.55026455026454,False,6.275529149647219,-23.52246181733824,,True,-0.2868881129108156,-87.01818893631967,-49.44646360078133,0.3044016856665621,-0.3690036900369065,0.0,-0.03713330857779695,0.036493563550681785,,-0.6240714282340313,-83.61934239078194,19.509212790493557,0.9399149822895652,-1.4598540145985384,0.0,-0.18566654288898476,0.18242845228190419,,-1.1554972708786484,-89.32851671989368,35.06765442833453,3.8449016955896695,-3.2258064516129004,0.0,-0.2970664686223756,0.29183830291692914,,-1.1554972708786484,-89.32851671989368,35.06765442833453,3.8449016955896695,-3.2258064516129004,0.0,-0.2970664686223756,0.29183830291692914,,-1.1554972708786484,-89.32851671989368,35.06765442833453,3.8449016955896695,-3.2258064516129004,0.0,-0.2970664686223756,0.29183830291692914,,-1.1554972708786484,-89.32851671989368,35.06765442833453,3.8449016955896695,-3.2258064516129004,0.0,-0.2970664686223756,0.29183830291692914,,-0.2868881129108156,-41161623.6917669,-60591923.23999575,0.3044016856665621,-0.3690036900369065,0.0,-0.03713330857779695,0.036493563550681785,68089233.35918462,132280063.05984986,0.5147354165410232,-3.2258064516129004,False,True,falling,falling,sell_advantage_accelerating,accelerating,neutral,True,True,False,🔴 1차 급등 완료·상승분 반납 / 신규매수 금지,S3,🔴 1차 급등 완료·반납,당일/5D 급등 후 상승분 상당 부분 반납,S3,False,,,2026-09-03T14:00:00Z,33765068330-1
KRW-SKY,2026-09-03T23:17:54.803607+09:00,1788445074,93.4,-0.8425089808092867,8.0,149999.99999995,0.0,,4,0.0,complete,1788444652315,1788444652315,1063149.89695482,919229.84353502,0.07259963894921455,93.0,94.1,1.1827956989247213,0.43010752688172893,0.7438894792773525,63.63636363636262,complete_hourly_ordered,/v1/candles/minutes/60,120,False,15.384615384615374,88.4,2026-09-01T14:00:00,102.0,2026-09-02T08:00:00,D-1,8.4313725490196,63.235294117647015,True,0.7749712973593725,-4.157898152354301,,False,,-99.48953456080856,-100.0,0.6954930216269584,0.0,0.0,0.0,0.0,,,,,1.7094545652954651,0.6465517241379448,0.0,0.043053960964423155,-0.038707712807121375,,,-92.63683957876914,-100.0,3.199420973263944,0.8639308855291628,0.0,0.028702640642963573,-0.025804663391444826,,,-92.63683957876914,-100.0,3.199420973263944,0.8639308855291628,0.0,0.028702640642963573,-0.025804663391444826,,,-92.63683957876914,-100.0,3.199420973263944,0.8639308855291628,0.0,0.028702640642963573,-0.025804663391444826,,,-92.63683957876914,-100.0,3.199420973263944,0.8639308855291628,0.0,0.028702640642963573,-0.025804663391444826,,,-29234947.242960643,-1251837.567764133,0.6954930216269584,0.0,0.0,0.0,0.0,149999.99999995,1210212.8844654255,0.12394513554217192,0.8639308855291628,False,False,falling,falling,buy_only,accelerating,neutral,True,True,False,🔴 1차 급등 완료·상승분 반납 / 신규매수 금지,S0,🌱 초발사 준비,발사 구조 관찰 또는 초기 준비,S0,False,,,2026-09-03T14:00:00Z,33765068330-1
KRW-SLX,2026-09-03T23:17:54.803607+09:00,1788445074,92.3,,,2226766.631977739,3198149.7831944455,0.6962671491119317,24,0.0,complete,1788444268274,1788445511160,3347649.50220862,2265703.99705859,0.19274494387201369,91.8,93.3,1.6339869281045694,0.5446623093681824,1.0718113612004287,66.66666666666711,complete_hourly_ordered,/v1/candles/minutes/60,120,False,7.853403141361248,95.5,2026-08-30T10:00:00,103.0,2026-08-30T23:00:00,D-4,10.09708737864078,138.6666666666668,True,,,,False,0.5230274099636165,-50.40475606390119,-87.66009981449578,,-0.10822510822511289,,,,,0.11410198261015836,-90.29355133349199,-91.88421238703287,,0.0,,,,,0.302259794945182,17.750420499035926,-33.36676634532849,,0.6543075245365237,,,,,0.302259794945182,17.750420499035926,-33.36676634532849,,0.6543075245365237,,,,,0.302259794945182,17.750420499035926,-33.36676634532849,,0.6543075245365237,,,,,0.302259794945182,17.750420499035926,-33.36676634532849,,0.6543075245365237,,,,,0.5230274099636165,-2263112.7500993516,-22718994.886673633,,-0.10822510822511289,,,,5424916.415172184,16471423.34496447,0.3293532259815696,0.6543075245365237,False,False,falling,falling,sell_advantage_weakening,flat_or_na,neutral,False,False,False,pass,S0,🌱 초발사 준비,발사 구조 관찰 또는 초기 준비,S0,False,,,2026-09-03T14:00:00Z,33765068330-1
KRW-SNT,2026-09-03T23:17:54.803607+09:00,1788445074,10.0,-44.35599685483545,11.0,4673932.829753426,18881245.5001804,0.24754367129587765,46,0.0,complete,1788444296029,1788445526841,14696325.10296013,72718435.50424293,-0.6637564411118655,8.93,11.6,29.899216125419926,11.982082866741317,13.79310344827586,59.92509363295881,complete_hourly_ordered,/v1/candles/minutes/60,120,False,31.818181818181813,8.8,2026-09-02T10:00:00,11.6,2026-09-03T14:00:00,D0,12.93103448275862,53.57142857142863,False,1.9689427149119698,16.37380130856355,10.341093219367089,True,-0.021649884705236072,-20.10861993493527,-13.12141174538115,0.06078183006241744,-1.9607843137254832,0.0,-0.1485994501820187,0.10911267335956865,0.208561301258122,0.1128345158577948,-46.3759261871869,-70.81866946281423,0.15209768562236547,-0.990099009900991,0.0,-0.1485994501820187,0.10911267335956865,0.208561301258122,-0.7725095926027561,-92.99704313698719,-71.14291402538264,2.1707128736828807,0.7049345417925457,0.0,0.059439780072834125,-0.0436543780933043,-0.08506137872555897,-0.7725095926027561,-92.99704313698719,-71.14291402538264,2.1707128736828807,0.7049345417925457,0.0,0.059439780072834125,-0.0436543780933043,-0.08506137872555897,-0.7725095926027561,-92.99704313698719,-71.14291402538264,2.1707128736828807,0.7049345417925457,0.0,0.059439780072834125,-0.0436543780933043,-0.08506137872555897,-0.7725095926027561,-92.99704313698719,-71.14291402538264,2.1707128736828807,0.7049345417925457,0.0,0.059439780072834125,-0.0436543780933043,-0.08506137872555897,-0.021649884705236072,-1176426.528098329,-2851664.62129201,0.06078183006241744,-1.9607843137254832,0.0,-0.1485994501820187,0.10911267335956865,23555178.329933826,272231395.3159617,0.08652631083418877,0.7049345417925457,False,False,falling,falling,sell_advantage_accelerating,accelerating,neutral,False,True,False,pass,S0,🌱 초발사 준비,발사 구조 관찰 또는 초기 준비,S0,False,,,2026-09-03T14:00:00Z,33765068330-1
KRW-SOL,2026-09-03T23:17:54.803607+09:00,1788445074,140200.0,-39.72778256942748,6.0,775761780.4620677,356418278.6971664,2.176548810284783,1130,0.0,complete,1788444184574,1788445525716,7161.04852485,8039.34457727,-0.05778114069283535,138200.0,140200.0,1.447178002894356,1.447178002894356,0.0,0.0,complete_hourly_ordered,/v1/candles/minutes/60,120,False,5.534779356768893,133700.0,2026-09-02T20:00:00,141100.0,2026-09-03T23:00:00,D0,0.07087172218285254,1.3513513513515085,False,1.1174279553028743,-17.71930262496299,,False,1.3370677833453988,34.34372910862222,-48.18447850006338,0.20566810689369674,0.5738880918221057,0.0,0.034306998627697816,-0.03406427669313672,,1.108950437055075,25.795708466425673,-38.297136694828936,0.6581623902068756,0.5738880918221057,0.0,0.044108998235636854,-0.04379755194361934,,1.632317835073203,659.0763173732796,89.80178276361397,2.0592043059528535,1.2274368231046884,0.0,0.08331699666730419,-0.08273343002309375,,1.632317835073203,659.0763173732796,89.80178276361397,2.0592043059528535,1.2274368231046884,0.0,0.08331699666730419,-0.08273343002309375,,1.632317835073203,659.0763173732796,89.80178276361397,2.0592043059528535,1.2274368231046884,0.0,0.08331699666730419,-0.08273343002309375,,1.632317835073203,659.0763173732796,89.80178276361397,2.0592043059528535,1.2274368231046884,0.0,0.08331699666730419,-0.08273343002309375,,1.3370677833453988,198316308.60469985,-331441784.04021686,0.20566810689369674,0.5738880918221057,0.0,0.034306998627697816,-0.03406427669313672,1132180059.159234,322286774.25884354,3.5129584878649953,1.2274368231046884,False,False,rising,falling,buy_advantage_accelerating,accelerating,neutral,False,False,False,pass,S0,🌱 초발사 준비,발사 구조 관찰 또는 초기 준비,S0,False,,,2026-09-03T14:00:00Z,33765068330-1
KRW-SOMI,2026-09-03T23:17:54.803607+09:00,1788445074,151.0,1236.308305850481,12.0,90209.10719983999,3833894.86583457,0.023529363834081843,5,0.0,complete,1788444593561,1788445316898,590842.23005747,1106248.84669423,-0.3037000333672538,151.0,158.0,4.635761589403975,0.0,4.430379746835443,100.0,complete_hourly_ordered,/v1/candles/minutes/60,120,False,30.666666666666664,150.0,2026-08-31T08:00:00,196.0,2026-09-01T16:00:00,D-2,22.44897959183674,95.65217391304344,True,0.9238891333040122,10.856365667654345,7.350862629263761,True,0.023529363834081843,,1020.2229505240632,0.2281331515828242,-0.6578947368421018,0.0,-0.04399472063352228,0.03452770379190184,0.05748081368389801,0.023529363834081843,,1020.2229505240632,0.250548985532987,-0.6578947368421018,0.0,-0.04399472063352228,0.03452770379190184,0.05748081368389801,,1686.318954480575,,1.3431914588231848,-0.6578947368421018,0.0,-0.04399472063352228,0.03452770379190184,0.05748081368389801,,1686.318954480575,,1.3431914588231848,-0.6578947368421018,0.0,-0.04399472063352228,0.03452770379190184,0.05748081368389801,,1686.318954480575,,1.3431914588231848,-0.6578947368421018,0.0,-0.04399472063352228,0.03452770379190184,0.05748081368389801,,1686.318954480575,,1.3431914588231848,-0.6578947368421018,0.0,-0.04399472063352228,0.03452770379190184,0.05748081368389801,0.023529363834081843,90209.10719983999,3491650.95233137,0.2281331515828242,-0.6578947368421018,0.0,-0.04399472063352228,0.03452770379190184,3924103.97303441,1328956.57612058,2.952770649955657,-0.6578947368421018,False,True,rising,rising,sell_advantage_weakening,accelerating,leading_buy_inflow,True,True,False,🔴 1차 급등 완료·상승분 반납 / 신규매수 금지,S3,🔴 1차 급등 완료·반납,당일/5D 급등 후 상승분 상당 부분 반납,S3,False,,,2026-09-03T14:00:00Z,33765068330-1
KRW-SONIC,2026-09-03T23:17:54.803607+09:00,1788445074,29.6,75.39545017419,9.0,11375159.062486863,4252493.823041569,2.6749384092816513,9,0.0,complete,1788444231240,1788445254168,3001345.22278754,2681689.82867447,0.056247302932054905,29.6,29.9,1.0135135135135087,0.0,1.0033444816053416,100.0,complete_hourly_ordered,/v1/candles/minutes/60,120,False,18.309859154929597,28.4,2026-08-31T08:00:00,33.6,2026-09-01T12:00:00,D-2,11.904761904761907,76.92307692307685,False,0.8650923544540445,26.06208625232985,,True,2.567841811589667,2437.0442591973974,1.5757250377171461,0.18025573298085362,0.3389830508474523,0.0,0.0,0.0,,2.656855727503373,8416.685356617767,-42.42689455014392,0.2923491035655985,0.3389830508474523,0.0,0.023380874444689503,-0.015555362204388246,,,1151.2294383044957,,0.9501842011475361,-0.33670033670032407,0.0,-0.046761748889423416,0.03110872496208117,,,1151.2294383044957,,0.9501842011475361,-0.33670033670032407,0.0,-0.046761748889423416,0.03110872496208117,,,1151.2294383044957,,0.9501842011475361,-0.33670033670032407,0.0,-0.046761748889423416,0.03110872496208117,,,1151.2294383044957,,0.9501842011475361,-0.33670033670032407,0.0,-0.046761748889423416,0.03110872496208117,,2.567841811589667,10926796.404986933,65968.13350055832,0.18025573298085362,0.3389830508474523,0.0,0.0,0.0,15627652.885528432,2165623.348542928,7.216237715594915,-0.33670033670032407,False,False,rising,rising,buy_advantage_accelerating,accelerating,leading_buy_inflow,True,True,False,🔴 1차 급등 완료·상승분 반납 / 신규매수 금지,S3,🔴 1차 급등 완료·반납,당일/5D 급등 후 상승분 상당 부분 반납,S3,False,,,2026-09-03T14:00:00Z,33765068330-1
KRW-SOON,2026-09-03T23:17:54.803607+09:00,1788445074,260.0,-34.011659741846834,0.0,2568588.4999975003,10000.00000125,256.85884996764264,7,0.0,complete,1788445306500,1788445391692,435554.56612851,881178.50116757,-0.338431490867129,260.0,263.0,1.1538461538461497,0.0,1.1406844106463878,100.0,complete_hourly_ordered,/v1/candles/minutes/60,120,False,5.622489959839361,249.0,2026-09-02T10:00:00,263.0,2026-09-03T22:00:00,D0,0.38022813688213253,7.142857142857227,False,-0.3900536323744541,-3.3972290757259405,,False,256.85884996764264,,-99.90909090907955,0.0,0.0,0.0,0.0,0.0,,256.85884996764264,,-99.94278540736752,0.5810316767043133,0.0,0.0,0.0,0.0,,,,,1.0999204846121131,-0.3831417624521105,0.0,-0.024378352023401995,0.02203393233984885,,,,,1.0999204846121131,-0.3831417624521105,0.0,-0.024378352023401995,0.02203393233984885,,,,,1.0999204846121131,-0.3831417624521105,0.0,-0.024378352023401995,0.02203393233984885,,,,,1.0999204846121131,-0.3831417624521105,0.0,-0.024378352023401995,0.02203393233984885,,256.85884996764264,2568588.4999975003,-10990000.000000749,0.0,0.0,0.0,0.0,0.0,2578588.49999875,2803963.19413515,0.919622805817209,-0.3831417624521105,False,False,rising,falling,buy_advantage_accelerating,flat_or_na,neutral,False,False,False,pass,S0,🌱 초발사 준비,발사 구조 관찰 또는 초기 준비,S0,False,,,2026-09-03T14:00:00Z,33765068330-1
KRW-SOPH,2026-09-03T23:17:54.803607+09:00,1788445074,5.63,818.8987158035326,8.0,4092276.6581745003,6148035.281768922,0.6656234830514935,31,0.0,complete,1788444188217,1788445373112,25730602.71027047,25660357.29952294,0.0013668826333297069,6.28,6.96,10.828025477707005,-10.350318471337584,19.10919540229885,195.5882352941177,complete_hourly_ordered,/v1/candles/minutes/60,120,False,47.83427495291903,5.31,2026-08-30T09:00:00,7.85,2026-09-02T10:00:00,D-1,28.025477707006363,86.61417322834642,False,0.9687971816809249,32.04119870010268,,True,0.5068075511515455,-29.00628304972612,-83.06109444214628,0.5448643839255283,0.5357142857142838,0.0,0.05032712632107028,-0.030997351344929314,,0.41131629902764466,-9.268686059710685,-65.33532013450049,0.7585299740461551,0.1779359430605032,0.0,0.02516356316053514,-0.015498347543569935,,0.31334451740046954,-72.5482309380126,-85.47124454486897,3.1052176679718286,0.35650623885916666,0.0,0.03774534474081381,-0.02324776740944401,,0.31334451740046954,-72.5482309380126,-85.47124454486897,3.1052176679718286,0.35650623885916666,0.0,0.03774534474081381,-0.02324776740944401,,0.31334451740046954,-72.5482309380126,-85.47124454486897,3.1052176679718286,0.35650623885916666,0.0,0.03774534474081381,-0.02324776740944401,,0.31334451740046954,-72.5482309380126,-85.47124454486897,3.1052176679718286,0.35650623885916666,0.0,0.03774534474081381,-0.02324776740944401,,0.5068075511515455,-1672003.385143774,-30147316.03694949,0.5448643839255283,0.5357142857142838,0.0,0.05032712632107028,-0.030997351344929314,10240311.939943422,32183408.067293957,0.3181860640281297,0.35650623885916666,False,True,falling,falling,sell_advantage_weakening,accelerating,neutral,True,True,False,🔴 1차 급등 완료·상승분 반납 / 신규매수 금지,S3,🔴 1차 급등 완료·반납,당일/5D 급등 후 상승분 상당 부분 반납,S3,False,,,2026-09-03T14:00:00Z,33765068330-1
KRW-SPK,2026-09-03T23:17:54.803607+09:00,1788445074,30.1,69.47132581382176,12.0,14138569.853985127,110521771.36766611,0.12792565373342776,154,0.0,complete,1788444183067,1788445462150,2056199.36586756,10525846.81944212,-0.6731534226494413,27.7,32.9,18.772563176895307,8.664259927797847,8.510638297872331,53.846153846153776,complete_hourly_ordered,/v1/candles/minutes/60,120,False,29.01960784313724,25.5,2026-08-31T08:00:00,32.9,2026-09-03T20:00:00,D0,9.726443768996962,43.243243243243185,False,2.7180947450168302,10.486986436567697,4.170617905404419,True,-0.3018960775417584,-65.90339321225171,14.562342520120076,2.0541603814574927,-0.9868421052631526,0.0,0.0,0.0,0.0,-0.31269375238891706,-79.88574191205974,-30.719662595838535,4.494074525020466,-1.3114754098360604,0.0,-0.07765984985763641,0.06009871311426096,0.043628712970174455,-0.3587822785097978,-96.93102754417178,-88.32373965271942,37.61750867232035,0.6688963210702337,0.0,-0.18120631633444795,0.14021451663536055,0.10114737260093509,-0.3587822785097978,-96.93102754417178,-88.32373965271942,37.61750867232035,0.6688963210702337,0.0,-0.18120631633444795,0.14021451663536055,0.10114737260093509,-0.3587822785097978,-96.93102754417178,-88.32373965271942,37.61750867232035,0.6688963210702337,0.0,-0.18120631633444795,0.14021451663536055,0.10114737260093509,-0.3587822785097978,-96.93102754417178,-88.32373965271942,37.61750867232035,0.6688963210702337,0.0,-0.18120631633444795,0.14021451663536055,0.10114737260093509,-0.3018960775417584,-27327638.035843518,14048734.1231146,2.0541603814574927,-0.9868421052631526,0.0,0.0,0.0,124660341.22165124,7591434.577160412,16.42118363197179,0.6688963210702337,False,False,falling,rising,sell_advantage_accelerating,accelerating,neutral,False,False,False,pass,S0,🌱 초발사 준비,발사 구조 관찰 또는 초기 준비,S0,False,,,2026-09-03T14:00:00Z,33765068330-1
KRW-SPX,2026-09-03T23:17:54.803607+09:00,1788445074,754.0,,,125335.75948086,1610806.6322043599,0.07780931427463783,10,0.0,complete,1788444182040,1788445220652,130089.53296227,89055.73547568,0.18724473395695754,735.0,768.0,4.489795918367356,2.585034013605436,1.8229166666666667,42.42424242424268,complete_hourly_ordered,/v1/candles/minutes/60,120,False,17.154811715481166,717.0,2026-08-30T02:00:00,840.0,2026-09-01T21:00:00,D-2,9.404761904761905,64.22764227642278,True,,,,True,-0.06489486996700466,-86.24191303797255,-74.76733222822322,,-0.9198423127463884,,,,,0.07780931427463783,,18.70959590011909,,-0.2645502645502673,,,,,,,,,1.6172506738544534,,,,,,,,,1.6172506738544534,,,,,,,,,1.6172506738544534,,,,,,,,,1.6172506738544534,,,,,-0.06489486996700466,-785661.24051477,-4773007.58345332,,-0.9198423127463884,,,,1736142.39168522,336603.79399246,5.157821815056874,1.6172506738544534,False,False,falling,falling,sell_advantage_accelerating,flat_or_na,neutral,True,True,False,🔴 1차 급등 완료·상승분 반납 / 신규매수 금지,S3,🔴 1차 급등 완료·반납,당일/5D 급등 후 상승분 상당 부분 반납,S3,False,,,2026-09-03T14:00:00Z,33765068330-1
KRW-STEEM,2026-09-03T23:17:54.803607+09:00,1788445074,59.6,2.8914636386840886,12.0,5179056.0237486055,2081591.49273761,2.48802708976167,21,0.0,complete,1788444291166,1788445482407,455758.39665583,1239506.78664718,-0.46231610116849997,58.6,63.3,8.020477815699657,1.7064846416382284,5.845181674565554,78.72340425531911,complete_hourly_ordered,/v1/candles/minutes/60,120,False,8.762886597938135,58.2,2026-09-03T08:00:00,63.3,2026-09-03T13:00:00,D0,6.0031595576619186,74.50980392156869,False,1.040152108265291,6.516621394386234,4.935927451707919,False,1.9669270676758628,458.9567563964328,17.069616846934554,0.17260434876196218,0.5059021922428464,0.0,0.03355329381500294,-0.027417308447915012,-0.04143974241752968,1.211759347018412,62.08137756885608,-16.85812636777324,0.24662392470253813,0.33670033670034627,0.0,0.022368862543342694,-0.01827796919837965,-0.027587783168767643,0.6615045736799665,-45.826006384205755,-60.22952501904104,1.0359553754804462,0.33670033670034627,0.0,0.022368862543342694,-0.01827796919837965,-0.027587783168767643,0.6615045736799665,-45.826006384205755,-60.22952501904104,1.0359553754804462,0.33670033670034627,0.0,0.022368862543342694,-0.01827796919837965,-0.027587783168767643,0.6615045736799665,-45.826006384205755,-60.22952501904104,1.0359553754804462,0.33670033670034627,0.0,0.022368862543342694,-0.01827796919837965,-0.027587783168767643,0.6615045736799665,-45.826006384205755,-60.22952501904104,1.0359553754804462,0.33670033670034627,0.0,0.022368862543342694,-0.01827796919837965,-0.027587783168767643,1.9669270676758628,4252498.474442336,303511.45045026205,0.17260434876196218,0.5059021922428464,0.0,0.03355329381500294,-0.027417308447915012,7260647.516486215,11334422.014063213,0.640583834577321,0.33670033670034627,False,False,rising,rising,buy_advantage_accelerating,accelerating,neutral,False,False,False,pass,S1,⚡ 선행 시동,가격 미급등 상태에서 선행조건 5개 개선,S0,True,가격 미급등 상태에서 선행조건 5개 개선,2026-09-03T23:17:54.803607+09:00,2026-09-03T14:00:00Z,33765068330-1
KRW-STORJ,2026-09-03T23:17:54.803607+09:00,1788445074,66.2,1422.3383429851451,7.0,3195024.7300588004,7629079.194754133,0.4187955909876708,34,0.0,complete,1788444213642,1788445359646,1550232.81359757,407492.42761479,0.5837082558506094,72.1,88.0,22.052704576976435,-8.18307905686545,24.77272727272727,137.10691823899361,complete_hourly_ordered,/v1/candles/minutes/60,120,False,95.12195121951221,53.3,2026-08-31T14:00:00,104.0,2026-09-01T09:00:00,D-2,36.153846153846146,74.16173570019721,False,0.8863399374348324,40.559843336021196,,True,-1.0680468494485664,-78.19284260510531,-22.578442042488245,0.109689130908464,0.3030303030303161,0.0,-0.02085505735140991,0.011374242124084333,,-1.201401109265295,13.701400751145565,339.8772056713688,0.26739681662593284,0.0,0.0,0.0,0.0,,0.12576531249001094,-39.66603743792455,-57.784469958871085,0.9578788524479478,-0.3012048192771122,2.0,-0.03128258602711487,0.017061232164586215,,0.12576531249001094,-39.66603743792455,-57.784469958871085,0.9578788524479478,-0.3012048192771122,2.0,-0.03128258602711487,0.017061232164586215,,0.12576531249001094,-39.66603743792455,-57.784469958871085,0.9578788524479478,-0.3012048192771122,2.0,-0.03128258602711487,0.017061232164586215,,0.12576531249001094,-39.66603743792455,-57.784469958871085,0.9578788524479478,-0.3012048192771122,2.0,-0.03128258602711487,0.017061232164586215,,-1.0680468494485664,-11456241.696838245,-2224867.685184529,0.109689130908464,0.3030303030303161,0.0,-0.02085505735140991,0.011374242124084333,10824103.924812933,20653779.787920706,0.5240737548263865,-0.3012048192771122,False,True,falling,falling,sell_advantage_accelerating,accelerating,neutral,True,True,False,🔴 1차 급등 완료·상승분 반납 / 신규매수 금지,S3,🔴 1차 급등 완료·반납,당일/5D 급등 후 상승분 상당 부분 반납,S3,False,,,2026-09-03T14:00:00Z,33765068330-1
KRW-STRAX,2026-09-03T23:17:54.803607+09:00,1788445074,12.9,145.9557657855036,11.0,6944830.371292546,322573.07154251396,21.529479624827403,18,0.0,complete,1788444709878,1788445559501,24063574.40425851,46895926.03007862,-0.32176595785011464,12.8,13.2,3.124999999999978,0.78125,2.272727272727265,74.99999999999983,complete_hourly_ordered,/v1/candles/minutes/60,120,False,17.599999999999994,12.5,2026-08-31T19:00:00,14.7,2026-09-01T18:00:00,D-2,12.244897959183664,81.8181818181818,False,0.5678884873515866,13.064822046189878,,True,,-37.47142044906225,,0.43080476351573793,0.0,0.0,0.0,0.0,,20.560265564541577,1931.5431830605664,-8.543994029957691,0.4941696212468969,0.78125,0.0,0.051626226122891694,-0.039780464270370075,,,101023.64382861568,,1.4650369172185265,0.0,0.0,0.0,0.0,,,101023.64382861568,,1.4650369172185265,0.0,0.0,0.0,0.0,,,101023.64382861568,,1.4650369172185265,0.0,0.0,0.0,0.0,,,101023.64382861568,,1.4650369172185265,0.0,0.0,0.0,0.0,,,-4161819.453744771,322573.07154251396,0.43080476351573793,0.0,0.0,0.0,0.0,7267403.44283506,5361859.488346845,1.3553886405694917,0.0,False,False,falling,rising,buy_advantage_weakening,accelerating,neutral,True,True,False,🔴 1차 급등 완료·상승분 반납 / 신규매수 금지,S3,🔴 1차 급등 완료·반납,당일/5D 급등 후 상승분 상당 부분 반납,S3,False,,,2026-09-03T14:00:00Z,33765068330-1
KRW-STX,2026-09-03T23:17:54.803607+09:00,1788445074,361.0,-70.26047031333039,9.0,124593043.36609535,107356942.88823865,1.1605494718287566,190,0.0,complete,1788444188565,1788445564985,1657568.35560698,1050704.70003578,0.22407772152323532,359.0,388.0,8.077994428969347,0.557103064066844,6.958762886597938,93.10344827586216,complete_hourly_ordered,/v1/candles/minutes/60,120,False,20.123839009287934,323.0,2026-08-31T09:00:00,388.0,2026-09-03T13:00:00,D0,5.927835051546393,35.384615384615444,False,3.829966329966328,-18.509622601855465,,True,0.39648365120641316,106.2926700218135,35.81599236800896,0.10875155797378966,0.0,0.0,-0.042087542087543284,0.040919293728315154,,-1.9623303535603291,17.047743926467838,214.95946272698757,0.20686437899117038,0.2777777777777768,0.0,-0.021043771043771642,0.020460261120398116,,0.970474921413342,599.558708830655,14.573579410317983,0.9982198508987068,0.2777777777777768,0.0,-0.021043771043771642,0.020460261120398116,,0.970474921413342,599.558708830655,14.573579410317983,0.9982198508987068,0.2777777777777768,0.0,-0.021043771043771642,0.020460261120398116,,0.970474921413342,599.558708830655,14.573579410317983,0.9982198508987068,0.2777777777777768,0.0,-0.021043771043771642,0.020460261120398116,,0.970474921413342,599.558708830655,14.573579410317983,0.9982198508987068,0.2777777777777768,0.0,-0.021043771043771642,0.020460261120398116,,0.39648365120641316,64196790.14346712,28311065.43564622,0.10875155797378966,0.0,0.0,-0.042087542087543284,0.040919293728315154,231949986.254334,139987214.8473074,1.6569369317572036,0.2777777777777768,False,False,rising,rising,buy_advantage_accelerating,accelerating,leading_buy_inflow,False,False,False,pass,S0,🌱 초발사 준비,발사 구조 관찰 또는 초기 준비,S0,False,,,2026-09-03T14:00:00Z,33765068330-1
KRW-SUI,2026-09-03T23:17:54.803607+09:00,1788445074,1059.0,-33.8166133240142,11.0,194237192.11141002,86238004.73312967,2.252338661040366,228,0.0,complete,1788444181038,1788445592449,495240.31634397,496536.79080279,-0.0013072236185707438,1027.0,1071.0,4.284323271665036,3.1158714703018564,1.1204481792717087,27.27272727272699,complete_hourly_ordered,/v1/candles/minutes/60,120,False,10.526315789473696,969.0,2026-09-02T19:00:00,1071.0,2026-09-03T11:00:00,D0,0.7469654528478031,7.843137254902121,False,0.5631842055306091,9.662841510640568,14.469822288758747,False,1.8082193662258774,4.516305547630939,-79.39132834713723,0.16406803105699908,0.665399239543718,0.0,0.037967474530176126,-0.03025657148891092,-0.17804238755799418,0.9380032124530655,-47.59057262280347,-69.41686903771678,0.9362020383833638,0.665399239543718,0.0,0.05062329937353116,-0.040342668656924374,-0.23811909422518696,0.961488987833303,310.7873865512288,135.42852274369133,2.3862198837683835,0.4743833017077703,0.0,0.0316395621084542,-0.025213630409661292,-0.14814181277200156,0.961488987833303,310.7873865512288,135.42852274369133,2.3862198837683835,0.4743833017077703,0.0,0.0316395621084542,-0.025213630409661292,-0.14814181277200156,0.961488987833303,310.7873865512288,135.42852274369133,2.3862198837683835,0.4743833017077703,0.0,0.0316395621084542,-0.025213630409661292,-0.14814181277200156,0.961488987833303,310.7873865512288,135.42852274369133,2.3862198837683835,0.4743833017077703,0.0,0.0316395621084542,-0.025213630409661292,-0.14814181277200156,1.8082193662258774,8393278.95960921,-332216935.9139075,0.16406803105699908,0.665399239543718,0.0,0.037967474530176126,-0.03025657148891092,280475196.8445397,210740460.5125723,1.3309034067893535,0.4743833017077703,False,True,rising,falling,buy_advantage_accelerating,accelerating,neutral,False,False,False,pass,S2,🚀 발사 진행,가격 상승 초입과 실제 매수수급·구조 동반,S1,True,가격 상승 초입과 실제 매수수급·구조 동반,2026-09-03T23:17:54.803607+09:00,2026-09-03T14:00:00Z,33765068330-1
KRW-SUN,2026-09-03T23:17:54.803607+09:00,1788445074,22.4,8.165037329247781,3.0,0.0,0.0,,0,0.0,complete,,,4232530.69861411,3192527.31950054,0.14006670070136973,22.3,22.5,0.8968609865470878,0.4484304932735439,0.44444444444445075,50.0,complete_hourly_ordered,/v1/candles/minutes/60,120,False,2.7397260273972712,21.9,2026-09-02T19:00:00,22.5,2026-09-03T21:00:00,D0,0.4444444444444473,16.666666666667208,False,-0.3677510608203649,11.026904130352406,,False,,,-100.0,0.0,0.0,0.0,0.0,0.0,,,,,0.057817473536612596,0.0,0.0,0.0,0.0,,,,,0.6922860510227826,0.4484304932735439,0.0,0.028288543140020384,-0.022453244833100072,,,,,0.6922860510227826,0.4484304932735439,0.0,0.028288543140020384,-0.022453244833100072,,,,,0.6922860510227826,0.4484304932735439,0.0,0.028288543140020384,-0.022453244833100072,,,,,0.6922860510227826,0.4484304932735439,0.0,0.028288543140020384,-0.022453244833100072,,,0.0,-322355.779142208,0.0,0.0,0.0,0.0,0.0,0,399999.999999936,0.0,0.4484304932735439,False,False,flat_or_na,falling,unavailable,flat_or_na,neutral,False,False,False,pass,S0,🌱 초발사 준비,발사 구조 관찰 또는 초기 준비,S0,False,,,2026-09-03T14:00:00Z,33765068330-1
KRW-SUPER,2026-09-03T23:17:54.803607+09:00,1788445074,148.0,-90.21151306186542,8.0,0.0,0.0,,0,0.0,complete,,,450540.07214747,424767.00940559,0.02944459525695918,147.0,149.0,1.3605442176870763,0.6802721088435382,0.6711409395973155,50.0,complete_hourly_ordered,/v1/candles/minutes/60,120,False,5.47945205479452,146.0,2026-08-31T08:00:00,154.0,2026-09-01T15:00:00,D-2,3.8961038961038974,74.9999999999999,False,1.0365029292474182,-4.558703509385575,,True,,,-100.0,0.0,0.0,0.0,0.0,0.0,,,,,0.00018346286827863878,0.0,0.0,0.0,0.0,,,,,0.03606165030818431,-0.6711409395973145,0.0,-0.045065344749883884,0.040538694053647184,,,,,0.03606165030818431,-0.6711409395973145,0.0,-0.045065344749883884,0.040538694053647184,,,,,0.03606165030818431,-0.6711409395973145,0.0,-0.045065344749883884,0.040538694053647184,,,,,0.03606165030818431,-0.6711409395973145,0.0,-0.045065344749883884,0.040538694053647184,,,0.0,-8091.16,0.0,0.0,0.0,0.0,0.0,0,33589.11374446,0.0,-0.6711409395973145,False,False,flat_or_na,falling,unavailable,flat_or_na,neutral,False,False,False,pass,S0,🌱 초발사 준비,발사 구조 관찰 또는 초기 준비,S0,False,,,2026-09-03T14:00:00Z,33765068330-1
KRW-SYRUP,2026-09-03T23:17:54.803607+09:00,1788445074,279.0,158.01963422339082,10.0,41739047.0664052,18431019.24030406,2.2646087295667443,55,0.0,complete,1788444189682,1788445533816,481498.90560925,596810.23929316,-0.10693717495491149,281.0,283.0,0.7117437722419906,-0.7117437722419906,1.4134275618374559,200.0,complete_hourly_ordered,/v1/candles/minutes/60,120,False,28.870292887029294,239.0,2026-08-31T08:00:00,308.0,2026-09-02T23:00:00,D-1,9.740259740259738,43.47826086956522,False,1.3285641287685168,-5.527838754739559,,False,1.083975580449324,321.18333727616243,119.58009935750557,4.7487100389567445,0.7220216606498298,0.0,0.025549310168626604,-0.023099024155826875,,-0.16922618070685624,16.899780218263594,25.635286300849593,6.345449148778357,1.454545454545464,-1.0,0.07664793050587981,-0.06930168259107816,,,6635.865741311164,,22.016763000297658,0.0,0.0,-0.025549310168626604,0.0230974876524197,,,6635.865741311164,,22.016763000297658,0.0,0.0,-0.025549310168626604,0.0230974876524197,,,6635.865741311164,,22.016763000297658,0.0,0.0,-0.025549310168626604,0.0230974876524197,,,6635.865741311164,,22.016763000297658,0.0,0.0,-0.025549310168626604,0.0230974876524197,,1.083975580449324,31829099.69376314,10037262.56825888,4.7487100389567445,0.7220216606498298,0.0,0.025549310168626604,-0.023099024155826875,60170066.30670926,1679727.04063548,35.82133575937762,0.0,False,True,rising,rising,buy_advantage_accelerating,accelerating,neutral,False,False,False,pass,S1,⚡ 선행 시동,가격 미급등 상태에서 선행조건 5개 개선,S1,False,,,2026-09-03T14:00:00Z,33765068330-1
KRW-T,2026-09-03T23:17:54.803607+09:00,1788445074,6.3,8871.960727703186,11.0,110259341.28683273,125042385.96638094,0.881775730962757,413,0.0,complete,1788444175648,1788445322826,37189486.38363804,27623297.73752615,0.14759724915116113,7.3,7.7,5.47945205479452,-13.698630136986301,18.181818181818183,350.0,complete_hourly_ordered,/v1/candles/minutes/60,120,False,72.04081632653059,4.9,2026-08-31T08:00:00,8.43,2026-09-02T20:00:00,D-1,25.860023724792402,61.75637393767705,False,2.023415627386127,10.967974790732539,6.2559258851004715,False,-0.19276481483067265,-49.090989094826966,-37.961780481165476,19.46562396331501,0.15898251192367763,0.0,0.0,0.0,0.0,0.4703607821957468,44.59882534794548,-32.53373138616412,48.29564540924184,-0.4739336492891044,0.0,-0.025451768897921667,0.019738418767362376,0.0252878516874242,-0.561850086848481,-0.02880186198008783,63.67087185762419,570.6128912684035,2.6058631921824116,0.0,0.20361415118350656,-0.1579468154656496,-0.20653026793461926,-0.561850086848481,-0.02880186198008783,63.67087185762419,570.6128912684035,2.6058631921824116,0.0,0.20361415118350656,-0.1579468154656496,-0.20653026793461926,-0.561850086848481,-0.02880186198008783,63.67087185762419,570.6128912684035,2.6058631921824116,0.0,0.20361415118350656,-0.1579468154656496,-0.20653026793461926,-0.561850086848481,-0.02880186198008783,63.67087185762419,570.6128912684035,2.6058631921824116,0.0,0.20361415118350656,-0.1579468154656496,-0.20653026793461926,-0.19276481483067265,-106321848.02798249,-76514633.13604291,19.46562396331501,0.15898251192367763,0.0,0.0,0.0,235301727.25321367,292916680.03711736,0.8033060023191478,2.6058631921824116,False,True,falling,falling,sell_advantage_accelerating,accelerating,neutral,True,True,False,🔴 1차 급등 완료·상승분 반납 / 신규매수 금지,S3,🔴 1차 급등 완료·반납,당일/5D 급등 후 상승분 상당 부분 반납,S0,True,당일/5D 급등 후 상승분 상당 부분 반납,2026-09-03T23:17:54.803607+09:00,2026-09-03T14:00:00Z,33765068330-1
KRW-TAIKO,2026-09-03T23:17:54.803607+09:00,1788445074,103.0,-3.167739597168806,5.0,0.0,0.0,,0,0.0,complete,,,1426609.33408556,1757064.0552697,-0.10379667785301995,102.0,104.0,1.9607843137254832,0.9803921568627416,0.9615384615384616,50.0,complete_hourly_ordered,/v1/candles/minutes/60,120,False,8.384458077709622,97.8,2026-08-31T08:00:00,106.0,2026-09-01T21:00:00,D-2,2.8301886792452824,36.585365853658544,True,0.06476264490642425,19.501934172994517,,False,,,-100.0,0.12584584163016777,0.0,0.0,0.0,0.0,,,,-100.0,0.2391131112170264,0.0,0.0,0.0,0.0,,,,-100.0,2.747479787169393,0.9803921568627416,0.0,0.06476264490642425,-0.04685965808973336,,,,-100.0,2.747479787169393,0.9803921568627416,0.0,0.06476264490642425,-0.04685965808973336,,,,-100.0,2.747479787169393,0.9803921568627416,0.0,0.06476264490642425,-0.04685965808973336,,,,-100.0,2.747479787169393,0.9803921568627416,0.0,0.06476264490642425,-0.04685965808973336,,,0.0,-1206175.8922113501,0.12584584163016777,0.0,0.0,0.0,0.0,0,1028682.1711103502,0.0,0.9803921568627416,False,False,flat_or_na,falling,unavailable,accelerating,neutral,False,False,False,pass,S0,🌱 초발사 준비,발사 구조 관찰 또는 초기 준비,S0,False,,,2026-09-03T14:00:00Z,33765068330-1
KRW-TAO,2026-09-03T23:17:54.803607+09:00,1788445074,305700.0,-58.0229594769462,11.0,7926771.872785999,6856750.294880001,1.1560537473130665,13,0.0,complete,1788444665803,1788445095456,745.66492578,384.08413802,0.3200540716040025,299000.0,307500.0,2.842809364548504,2.240802675585285,0.5853658536585366,21.176470588235524,complete_hourly_ordered,/v1/candles/minutes/60,120,False,4.025710419485784,295600.0,2026-09-02T20:00:00,307500.0,2026-09-03T17:00:00,D0,0.4878048780487809,12.605042016806763,False,0.47207586933615264,4.248166642816071,4.757250062692037,True,0.8878649597537418,452.26333307647656,28.117601846363293,0.07994060228465827,0.2952755905511806,0.0,0.0,0.0,0.0,0.9897565415786849,39.61671280258001,-79.91627182831907,0.104744113005097,0.2952755905511806,0.0,0.014752370916748525,-0.012376758488459316,-0.02712216254131139,0.7306652925083105,106.22004101995776,-24.1180396645545,1.491918966790763,0.13101867016049873,0.0,-0.010537407797683862,0.008840275441253986,0.0192805154630733,0.7306652925083105,106.22004101995776,-24.1180396645545,1.491918966790763,0.13101867016049873,0.0,-0.010537407797683862,0.008840275441253986,0.0192805154630733,0.7306652925083105,106.22004101995776,-24.1180396645545,1.491918966790763,0.13101867016049873,0.0,-0.010537407797683862,0.008840275441253986,0.0192805154630733,0.7306652925083105,106.22004101995776,-24.1180396645545,1.491918966790763,0.13101867016049873,0.0,-0.010537407797683862,0.008840275441253986,0.0192805154630733,0.8878649597537418,6491447.201016,1504831.2798000015,0.07994060228465827,0.2952755905511806,0.0,0.0,0.0,14783522.167666,17349985.161033005,0.8520769343865998,0.13101867016049873,False,True,rising,rising,buy_advantage_accelerating,accelerating,leading_buy_inflow,False,False,False,pass,S2,🚀 발사 진행,가격 상승 초입과 실제 매수수급·구조 동반,S1,True,가격 상승 초입과 실제 매수수급·구조 동반,2026-09-03T23:17:54.803607+09:00,2026-09-03T14:00:00Z,33765068330-1
KRW-TFUEL,2026-09-03T23:17:54.803607+09:00,1788445074,12.4,-51.967939300400324,12.0,1272022.7999999041,0.0,,9,0.0,complete,1788444340519,1788444874615,5268966.56329196,25556765.71500918,-0.6581449215400542,12.2,12.4,1.6393442622950838,1.6393442622950838,0.0,0.0,complete_hourly_ordered,/v1/candles/minutes/60,120,False,7.563025210084029,11.9,2026-08-31T13:00:00,12.8,2026-09-01T02:00:00,D-2,3.125,44.444444444444315,False,1.0422380691168298,3.553897506381312,2.622366641536983,False,,857.2670215388471,-100.0,0.11798218703948748,0.0,0.0,0.0,0.0,0.0,,,,0.15959326309373978,0.0,0.0,0.0,0.0,0.0,,34.19247682671347,,0.8506614125543095,0.8130081300812941,1.0,0.05485463521666123,-0.04605013074395714,-0.05215557332645204,,34.19247682671347,,0.8506614125543095,0.8130081300812941,1.0,0.05485463521666123,-0.04605013074395714,-0.05215557332645204,,34.19247682671347,,0.8506614125543095,0.8130081300812941,1.0,0.05485463521666123,-0.04605013074395714,-0.05215557332645204,,34.19247682671347,,0.8506614125543095,0.8130081300812941,1.0,0.05485463521666123,-0.04605013074395714,-0.05215557332645204,,1139142.1333333482,-472394.27209983004,0.11798218703948748,0.0,0.0,0.0,0.0,1272022.7999999041,196800.0,6.463530487804391,0.8130081300812941,False,False,rising,falling,buy_only,accelerating,neutral,False,False,False,pass,S1,⚡ 선행 시동,가격 미급등 상태에서 선행조건 3개 개선,S0,True,가격 미급등 상태에서 선행조건 3개 개선,2026-09-03T23:17:54.803607+09:00,2026-09-03T14:00:00Z,33765068330-1
KRW-THETA,2026-09-03T23:17:54.803607+09:00,1788445074,235.0,12.767645553431905,8.0,5963205.22435693,206266.3167,28.910223054159623,21,0.0,complete,1788444280767,1788445292975,392580.02153873,301807.6639649,0.13072287926303594,231.0,235.0,1.7316017316017396,1.7316017316017396,0.0,0.0,complete_hourly_ordered,/v1/candles/minutes/60,120,False,4.8034934497816595,229.0,2026-08-31T08:00:00,240.0,2026-08-31T12:00:00,D-3,1.2499999999999956,27.272727272727103,False,0.7188277578103364,-3.420865862313697,,True,28.910223054159623,,-74.60098184144594,0.38799142894911753,0.8583690987124415,0.0,0.027647221454230042,-0.024719796094161417,,,2.372621877372194,,0.5178299305593761,0.8583690987124415,0.0,0.027647221454230042,-0.024719796094161417,,28.910223054159623,,-81.9417865800381,1.7910783517579123,1.2931034482758674,0.0,0.05529444290848229,-0.049441346734170555,,28.910223054159623,,-81.9417865800381,1.7910783517579123,1.2931034482758674,0.0,0.05529444290848229,-0.049441346734170555,,28.910223054159623,,-81.9417865800381,1.7910783517579123,1.2931034482758674,0.0,0.05529444290848229,-0.049441346734170555,,28.910223054159623,,-81.9417865800381,1.7910783517579123,1.2931034482758674,0.0,0.05529444290848229,-0.049441346734170555,,28.910223054159623,5963205.22435693,-605837.18829526,0.38799142894911753,0.8583690987124415,0.0,0.027647221454230042,-0.024719796094161417,6169471.54105693,1476958.44116842,4.177146336071765,1.2931034482758674,False,False,rising,falling,buy_advantage_accelerating,accelerating,neutral,False,False,False,pass,S0,🌱 초발사 준비,발사 구조 관찰 또는 초기 준비,S0,False,,,2026-09-03T14:00:00Z,33765068330-1
KRW-TIA,2026-09-03T23:17:54.803607+09:00,1788445074,498.0,35.77749540056268,12.0,105276.18068739999,247790.104704,0.42486030995127366,8,0.0,complete,1788444192386,1788444973564,111990.11151773,98935.54460772,0.06189179234908088,491.0,515.0,4.887983706720989,1.4256619144602745,3.300970873786408,70.83333333333361,complete_hourly_ordered,/v1/candles/minutes/60,120,False,15.470852017937208,446.0,2026-08-31T08:00:00,515.0,2026-09-03T19:00:00,D0,3.300970873786413,24.637681159420303,False,0.7103825136612008,9.07184705519581,12.03335464456096,False,-2.793149826513471,-97.96387948200254,-84.57785697437552,0.16590477702647632,0.809716599190291,0.0,0.013661202185799581,-0.01093251279013252,-0.04954531386143479,0.20514191622080502,-60.45244104365215,-79.54780447520193,0.7753830071066474,0.2012072434607548,0.0,0.05464480874317612,-0.04373207395184764,-0.19993519863773912,-1.4803728626873514,-95.71723973411484,-80.79449471295914,2.9510046373631766,-0.5988023952095856,0.0,-0.027322404371599163,0.021864014278177635,0.0982289088901318,-1.4803728626873514,-95.71723973411484,-80.79449471295914,2.9510046373631766,-0.5988023952095856,0.0,-0.027322404371599163,0.021864014278177635,0.0982289088901318,-1.4803728626873514,-95.71723973411484,-80.79449471295914,2.9510046373631766,-0.5988023952095856,0.0,-0.027322404371599163,0.021864014278177635,0.0982289088901318,-1.4803728626873514,-95.71723973411484,-80.79449471295914,2.9510046373631766,-0.5988023952095856,0.0,-0.027322404371599163,0.021864014278177635,0.0982289088901318,-2.793149826513471,-5065153.5535475705,-1358926.31785989,0.16590477702647632,0.809716599190291,0.0,0.013661202185799581,-0.01093251279013252,353066.2853914,2641814.1995659005,0.1336453886308187,-0.5988023952095856,False,True,falling,falling,sell_advantage_accelerating,accelerating,neutral,False,False,False,pass,S1,⚡ 선행 시동,가격 미급등 상태에서 선행조건 4개 개선,S1,False,,,2026-09-03T14:00:00Z,33765068330-1
KRW-TOKAMAK,2026-09-03T23:17:54.803607+09:00,1788445074,444.0,-81.53604532426021,7.0,0.0,7274.384782440001,0.0,1,0.0,complete,1788444902229,1788444902229,111820.13290502,252845.05913676,-0.38672439626643246,436.0,452.0,3.669724770642202,1.83486238532109,1.7699115044247788,50.0000000000003,complete_hourly_ordered,/v1/candles/minutes/60,120,False,10.2439024390244,410.0,2026-08-31T11:00:00,452.0,2026-09-03T14:00:00,D0,1.7699115044247815,19.047619047619047,True,1.036920659858609,23.24516254158648,,True,-1.3039590807102155,-100.0,-99.84048010061356,0.0032979381237936423,-0.22471910112359383,0.0,-0.015710919088762765,0.010789872632276598,,-0.020051255602029323,-100.0,-97.56682214868965,0.14872598423148986,-0.8928571428571397,0.0,-0.06284367635507326,0.04315755896598006,,-0.017960952586293284,-100.0,-99.8546846818148,0.3489484387587112,0.4524886877828038,1.0,0.0942655145325988,-0.0647459972733131,,-0.017960952586293284,-100.0,-99.8546846818148,0.3489484387587112,0.4524886877828038,1.0,0.0942655145325988,-0.0647459972733131,,-0.017960952586293284,-100.0,-99.8546846818148,0.3489484387587112,0.4524886877828038,1.0,0.0942655145325988,-0.0647459972733131,,-0.017960952586293284,-100.0,-99.8546846818148,0.3489484387587112,0.4524886877828038,1.0,0.0942655145325988,-0.0647459972733131,,-1.3039590807102155,-5946280.138169002,-4552899.49347323,0.0032979381237936423,-0.22471910112359383,0.0,-0.015710919088762765,0.010789872632276598,7274.384782440001,4515189.983654835,0.001611091628209125,0.4524886877828038,False,False,falling,falling,sell_only,accelerating,neutral,False,False,False,pass,S0,🌱 초발사 준비,발사 구조 관찰 또는 초기 준비,S0,False,,,2026-09-03T14:00:00Z,33765068330-1
KRW-TOSHI,2026-09-03T23:17:54.803607+09:00,1788445074,0.162,-15.498490013472333,10.0,205375.35660999914,19717.742746800002,10.415764078437912,4,0.0,complete,1788445292648,1788445369582,438030110.48846805,427821203.3660457,0.011790600717547341,0.16,0.162,1.2499999999999956,1.2499999999999956,0.0,0.0,complete_hourly_ordered,/v1/candles/minutes/60,120,False,7.499999999999996,0.16,2026-08-31T08:00:00,0.172,2026-09-01T14:00:00,D-2,5.232558139534871,74.99999999999993,False,0.6259780907668322,8.196136170972194,6.663061301425105,False,9.545493808167642,3886.322915566753,233.06997883108113,0.42147080872391207,0.6211180124223503,0.0,0.03912363067291036,-0.03159897091606645,-0.0602305955069502,9.545493808167642,3886.322915566753,233.06997883108113,0.4223444559050993,0.6211180124223503,0.0,0.03912363067291036,-0.03159897091606645,-0.0602305955069502,,,,2.6248520282893377,0.6211180124223503,0.0,0.03912363067291036,-0.03159897091606645,-0.0602305955069502,,,,2.6248520282893377,0.6211180124223503,0.0,0.03912363067291036,-0.03159897091606645,-0.0602305955069502,,,,2.6248520282893377,0.6211180124223503,0.0,0.03912363067291036,-0.03159897091606645,-0.0602305955069502,,,,2.6248520282893377,0.6211180124223503,0.0,0.03912363067291036,-0.03159897091606645,-0.0602305955069502,9.545493808167642,200223.35660999914,13797.742746800002,0.42147080872391207,0.6211180124223503,0.0,0.03912363067291036,-0.03159897091606645,225093.09935679915,98765.44,2.2790674486621953,0.6211180124223503,False,False,rising,rising,buy_advantage_accelerating,accelerating,neutral,False,False,False,pass,S1,⚡ 선행 시동,가격 미급등 상태에서 선행조건 5개 개선,S0,True,가격 미급등 상태에서 선행조건 5개 개선,2026-09-03T23:17:54.803607+09:00,2026-09-03T14:00:00Z,33765068330-1
KRW-TRAC,2026-09-03T23:17:54.803607+09:00,1788445074,453.0,,,0.0,0.0,,0,0.0,complete,,,107929.45779468,178017.01381072,-0.2451072594900186,442.0,458.0,3.619909502262453,2.488687782805421,1.0917030567685588,31.250000000000423,complete_hourly_ordered,/v1/candles/minutes/60,120,False,7.9913606911447,463.0,2026-08-30T00:00:00,500.0,2026-08-30T06:00:00,D-4,9.399999999999997,127.02702702702709,True,,,,False,,-100.0,,,0.6666666666666599,,,,,,-100.0,-100.0,,0.8908685968819663,,,,,,,,,2.7210884353741527,,,,,,,,,2.7210884353741527,,,,,,,,,2.7210884353741527,,,,,,,,,2.7210884353741527,,,,,,-59970.014991,0.0,,0.6666666666666599,,,,0,446854.99999827996,0.0,2.7210884353741527,False,False,falling,flat_or_na,unavailable,flat_or_na,neutral,False,False,False,pass,S0,🌱 초발사 준비,발사 구조 관찰 또는 초기 준비,S0,False,,,2026-09-03T14:00:00Z,33765068330-1
KRW-TREE,2026-09-03T23:17:54.803607+09:00,1788445074,56.3,474.90267484030954,10.0,5418077.638378356,892714.8960050549,6.069213880741244,16,0.0,complete,1788444226548,1788445110096,2856217.9986185,1452076.64105022,0.3259158147262299,56.3,57.3,1.7761989342806483,0.0,1.7452006980802792,100.0,complete_hourly_ordered,/v1/candles/minutes/60,120,False,14.92248062015502,51.6,2026-08-30T09:00:00,59.3,2026-08-31T14:00:00,D-3,4.721753794266437,36.36363636363633,True,0.8312342569269715,20.890305208680722,,True,3.593264919973617,-83.63712376275237,-93.32472916412783,0.9878005968586763,0.35650623885916666,0.0,0.02518891687659508,-0.017808774940622385,,-1833.0893476567192,-47.39366772230158,15841.337428661695,1.3364828765464267,0.5357142857142838,0.0,0.012594458438308642,-0.008904277485285661,,-1.2065016123573606,-68.3272637413544,-62.0310270104191,2.8730881218701825,0.177935943060481,0.0,0.05037783375314575,-0.035618429794023854,,-1.2065016123573606,-68.3272637413544,-62.0310270104191,2.8730881218701825,0.177935943060481,0.0,0.05037783375314575,-0.035618429794023854,,-1.2065016123573606,-68.3272637413544,-62.0310270104191,2.8730881218701825,0.177935943060481,0.0,0.05037783375314575,-0.035618429794023854,,-1.2065016123573606,-68.3272637413544,-62.0310270104191,2.8730881218701825,0.177935943060481,0.0,0.05037783375314575,-0.035618429794023854,,3.593264919973617,-27693934.94315613,-12480748.41289476,0.9878005968586763,0.35650623885916666,0.0,0.02518891687659508,-0.017808774940622385,6310792.534383411,8902654.807704559,0.7088663629776938,0.177935943060481,False,True,falling,falling,buy_advantage_accelerating,accelerating,neutral,False,False,False,pass,S1,⚡ 선행 시동,가격 미급등 상태에서 선행조건 6개 개선,S1,False,,,2026-09-03T14:00:00Z,33765068330-1
KRW-TRUMP,2026-09-03T23:17:54.803607+09:00,1788445074,3197.0,-67.5414331118535,8.0,299495976.63604426,598854208.9749991,0.5001150065366704,755,0.0,complete,1788444176047,1788445211241,178861.06358847,70275.98158074,0.4358447854833499,3047.0,3359.0,10.239579914670172,4.922874958976031,4.822863947603453,51.92307692307705,complete_hourly_ordered,/v1/candles/minutes/60,120,False,13.479729729729728,2960.0,2026-09-03T02:00:00,3359.0,2026-09-03T21:00:00,D0,4.882405477820784,41.10275689223057,False,1.5374261257282251,-19.64622604978238,,True,-0.11311264227950513,-45.756231251214516,-33.4877411435823,0.20656278513364157,-0.3118178983473663,0.0,0.0021031821145323093,-0.002107637371132398,,-0.17184463176879294,-47.01502342512608,-28.80884350694821,0.39558573263020946,0.4082914572864249,0.0,0.0,0.0,,-0.30583320878282594,-83.25113709515504,-73.00877600080388,3.065828996811362,-3.2970356926799727,0.0,-0.21242139356847378,0.21280413237590778,,-0.30583320878282594,-83.25113709515504,-73.00877600080388,3.065828996811362,-3.2970356926799727,0.0,-0.21242139356847378,0.21280413237590778,,-0.30583320878282594,-83.25113709515504,-73.00877600080388,3.065828996811362,-3.2970356926799727,0.0,-0.21242139356847378,0.21280413237590778,,-0.30583320878282594,-83.25113709515504,-73.00877600080388,3.065828996811362,-3.2970356926799727,0.0,-0.21242139356847378,0.21280413237590778,,-0.11311264227950513,-252633758.34434462,-301512459.1722461,0.20656278513364157,-0.3118178983473663,0.0,0.0021031821145323093,-0.002107637371132398,898350185.6110433,207534960.1845201,4.328669178495598,-3.2970356926799727,False,False,falling,falling,sell_advantage_accelerating,accelerating,neutral,False,False,False,pass,S0,🌱 초발사 준비,발사 구조 관찰 또는 초기 준비,S0,False,,,2026-09-03T14:00:00Z,33765068330-1
KRW-TRUST,2026-09-03T23:17:54.803607+09:00,1788445074,73.4,284.3357240511213,10.0,0.0,287691.23087971,0.0,2,0.0,complete,1788445165159,1788445165159,624463.84957463,503408.04997854,0.10733116025325999,71.2,73.8,3.6516853932584192,3.08988764044944,0.5420054200541891,15.384615384615149,complete_hourly_ordered,/v1/candles/minutes/60,120,False,9.871244635193111,69.9,2026-08-29T21:00:00,76.8,2026-09-01T09:00:00,D-2,4.427083333333326,49.27536231884049,True,0.21184489269594486,9.86382229586289,,False,,-100.0,,0.07417395246312708,-0.4070556309362261,0.0,-0.027631942525552233,0.02205276558370528,,,-100.0,,0.38913630847378045,0.2732240437158584,0.0,0.018421295017057027,-0.014702604979051515,,-75.06544825340637,-100.0,-5.52801600215953,4.303685231943916,0.2732240437158584,0.0,0.018421295017057027,-0.014702604979051515,,-75.06544825340637,-100.0,-5.52801600215953,4.303685231943916,0.2732240437158584,0.0,0.018421295017057027,-0.014702604979051515,,-75.06544825340637,-100.0,-5.52801600215953,4.303685231943916,0.2732240437158584,0.0,0.018421295017057027,-0.014702604979051515,,-75.06544825340637,-100.0,-5.52801600215953,4.303685231943916,0.2732240437158584,0.0,0.018421295017057027,-0.014702604979051515,,,-1753569.3079873049,287691.23087971,0.07417395246312708,-0.4070556309362261,0.0,-0.027631942525552233,0.02205276558370528,287691.23087971,1819200.711097199,0.15814155586284773,0.2732240437158584,False,True,falling,rising,sell_only,accelerating,neutral,False,False,False,pass,S0,🌱 초발사 준비,발사 구조 관찰 또는 초기 준비,S0,False,,,2026-09-03T14:00:00Z,33765068330-1
KRW-TRX,2026-09-03T23:17:54.803607+09:00,1788445074,453.0,-19.67465828444307,4.0,9420700.49304153,2349644.0820658803,4.009415964293008,41,0.0,complete,1788444175051,1788445136174,1425113.58845759,1203901.83192251,0.08414243401550589,448.0,453.0,1.116071428571419,1.116071428571419,0.0,0.0,complete_hourly_ordered,/v1/candles/minutes/60,120,False,2.488687782805421,442.0,2026-09-02T12:00:00,453.0,2026-09-03T22:00:00,D0,0.0,0.0,False,-0.1145147437732641,4.8622117695178755,,True,-1.2076717998946247,-76.44861584733664,-69.35472917083361,0.2594643022135301,0.22123893805310324,0.0,0.0,0.0,,3.7931493395761495,-1.7295589774730002,-94.69932359758873,0.5424495039204835,0.44345898004434225,0.0,0.014314342971655236,-0.012012785666523307,,-1.4800309662663,-20.005152728845644,9.524048570657984,2.8295681822364642,0.44345898004434225,0.0,0.028628685943310472,-0.02402598080167806,,-1.4800309662663,-20.005152728845644,9.524048570657984,2.8295681822364642,0.44345898004434225,0.0,0.028628685943310472,-0.02402598080167806,,-1.4800309662663,-20.005152728845644,9.524048570657984,2.8295681822364642,0.44345898004434225,0.0,0.028628685943310472,-0.02402598080167806,,-1.4800309662663,-20.005152728845644,9.524048570657984,2.8295681822364642,0.44345898004434225,0.0,0.028628685943310472,-0.02402598080167806,,-1.2076717998946247,-30579922.960659675,-5317588.148199239,0.2594643022135301,0.22123893805310324,0.0,0.0,0.0,11770344.57510741,20919045.513647698,0.5626616456964241,0.44345898004434225,False,False,falling,falling,buy_advantage_weakening,accelerating,neutral,False,False,False,pass,S0,🌱 초발사 준비,발사 구조 관찰 또는 초기 준비,S0,False,,,2026-09-03T14:00:00Z,33765068330-1
KRW-UNI,2026-09-03T23:17:54.803607+09:00,1788445074,8345.0,491.1850261279033,6.0,62635113.694756,140376768.7864279,0.44619287248341183,207,0.0,complete,1788444176139,1788445147021,23467.27119485,25113.16814063,-0.03387982834848398,8050.0,8740.0,8.571428571428562,3.66459627329192,4.519450800915332,57.246376811594224,complete_hourly_ordered,/v1/candles/minutes/60,120,False,41.12449799196787,6225.0,2026-08-30T00:00:00,8785.0,2026-09-02T14:00:00,D-1,5.008537279453618,17.187500000000025,False,3.542647828362111,-28.06850341335862,,True,-0.4242964041633787,-31.29577660847993,34.03685583275926,2.484279838072723,-2.111436950146628,0.0,-0.18838304552590834,0.19564710274234187,,0.025365127607140048,-62.33748674160671,-64.47852151315668,5.686165297799391,-2.2833723653395754,0.0,-0.1831501831501825,0.1902139994672467,,-0.48971200958624167,-83.17587997467898,-64.71083013812787,25.687711786520197,-2.6822157434402305,0.0,-0.13082155939299067,0.13587813250978797,,-0.48971200958624167,-83.17587997467898,-64.71083013812787,25.687711786520197,-2.6822157434402305,0.0,-0.13082155939299067,0.13587813250978797,,-0.48971200958624167,-83.17587997467898,-64.71083013812787,25.687711786520197,-2.6822157434402305,0.0,-0.13082155939299067,0.13587813250978797,,-0.48971200958624167,-83.17587997467898,-64.71083013812787,25.687711786520197,-2.6822157434402305,0.0,-0.13082155939299067,0.13587813250978797,,-0.4242964041633787,-28531208.55274479,35646791.412459135,2.484279838072723,-2.111436950146628,0.0,-0.18838304552590834,0.19564710274234187,203011882.4811839,120366964.10026434,1.686607982503216,-2.6822157434402305,False,True,falling,rising,sell_advantage_accelerating,accelerating,neutral,False,False,False,pass,S0,🌱 초발사 준비,발사 구조 관찰 또는 초기 준비,S0,False,,,2026-09-03T14:00:00Z,33765068330-1
KRW-UP2,2026-09-03T23:17:54.803607+09:00,1788445074,70.2,,,1092827.995584267,845759.2877111745,1.292126508644935,40,0.0,complete,1788444245553,1788445031999,419502.73352191,302491.50415301,0.16206670810243307,71.0,71.5,0.7042253521126751,-1.1267605633802802,1.8181818181818143,260.0,complete_hourly_ordered,/v1/candles/minutes/60,120,False,4.183535762483137,74.1,2026-08-30T09:00:00,77.2,2026-08-31T15:00:00,D-3,9.067357512953366,225.80645161290295,False,,,,False,0.5585397110620263,-55.72981686987507,-74.8662211837948,,-0.7072135785007094,,,,,0.9072541105829632,37.73113254392491,-58.97544790288176,,0.42918454935620964,,,,,-2.2400162134505157,-29.73991059458153,92.0622027229991,,0.8620689655172598,,,,,-2.2400162134505157,-29.73991059458153,92.0622027229991,,0.8620689655172598,,,,,-2.2400162134505157,-29.73991059458153,92.0622027229991,,0.8620689655172598,,,,,-2.2400162134505157,-29.73991059458153,92.0622027229991,,0.8620689655172598,,,,,0.5585397110620263,-1375713.8497748964,-2519271.072012786,,-0.7072135785007094,,,,1938587.2832954414,1995760.616144295,0.9713526099340964,0.8620689655172598,False,False,falling,falling,buy_advantage_accelerating,flat_or_na,neutral,False,False,False,pass,S0,🌱 초발사 준비,발사 구조 관찰 또는 초기 준비,S0,False,,,2026-09-03T14:00:00Z,33765068330-1
KRW-USD1,2026-09-03T23:17:54.803607+09:00,1788445074,1375.0,-62.3950865544002,5.0,0.0,0.0,,0,0.0,complete,,,38671.94766088,30862.25241835,0.11231444718759012,1379.0,1379.0,0.0,-0.29006526468455807,0.290065264684554,,complete_hourly_ordered,/v1/candles/minutes/60,120,False,0.9454545454545382,1375.0,2026-09-01T04:00:00,1388.0,2026-09-02T07:00:00,D-1,0.9365994236311237,100.0,False,-0.004824624885413353,5.618770598648664,,True,,-100.0,,0.011051208084090547,0.0,0.0,0.0,0.0,,,-100.0,,0.018418680140165122,0.0,0.0,0.0,0.0,,,-100.0,,3.7768990315486164,0.0,0.0,0.0,0.0,,,-100.0,,3.7768990315486164,0.0,0.0,0.0,0.0,,,-100.0,,3.7768990315486164,0.0,0.0,0.0,0.0,,,-100.0,,3.7768990315486164,0.0,0.0,0.0,0.0,,,-39999.999985,0.0,0.011051208084090547,0.0,0.0,0.0,0.0,0,32499.99995883,0.0,0.0,False,False,falling,flat_or_na,unavailable,accelerating,neutral,False,False,False,pass,S0,🌱 초발사 준비,발사 구조 관찰 또는 초기 준비,S0,False,,,2026-09-03T14:00:00Z,33765068330-1
KRW-USDC,2026-09-03T23:17:54.803607+09:00,1788445074,1374.0,-62.575197073673515,5.0,821556.1037839199,269123.08811303996,3.05271505891327,6,0.0,complete,1788444728307,1788445091364,286943.17621683,149478.28983177,0.3149819545534267,1376.0,1378.0,0.14534883720929148,-0.14534883720930258,0.29027576197387517,200.00000000000765,complete_hourly_ordered,/v1/candles/minutes/60,120,False,0.9454545454545382,1375.0,2026-09-01T05:00:00,1388.0,2026-09-02T03:00:00,D-1,1.0086455331412059,107.69230769230734,False,0.004828818388147305,5.665319136821718,,False,0.15312137178302443,-86.53044099966627,-87.20606165591505,0.05763435322964483,-0.07272727272726875,0.0,0.004828818388147305,-0.004017931657870122,,-1.621653008323796,-56.060579099740735,-32.7192279707308,0.07991389879733646,0.0,0.0,0.01931527355255591,-0.016072001164676664,,3.05271505891327,,-97.43980696166994,0.3366753335050774,0.1457725947521915,0.0,0.01931527355255591,-0.016072001164676664,,3.05271505891327,,-97.43980696166994,0.3366753335050774,0.1457725947521915,0.0,0.01931527355255591,-0.016072001164676664,,3.05271505891327,,-97.43980696166994,0.3366753335050774,0.1457725947521915,0.0,0.01931527355255591,-0.016072001164676664,,3.05271505891327,,-97.43980696166994,0.3366753335050774,0.1457725947521915,0.0,0.01931527355255591,-0.016072001164676664,,0.15312137178302443,-5277798.03070233,-1834397.1952832302,0.05763435322964483,-0.07272727272726875,0.0,0.004828818388147305,-0.004017931657870122,1090679.19189696,3973285.1723933397,0.2745031238822409,0.1457725947521915,False,False,falling,falling,buy_advantage_accelerating,accelerating,neutral,False,False,False,pass,S0,🌱 초발사 준비,발사 구조 관찰 또는 초기 준비,S0,False,,,2026-09-03T14:00:00Z,33765068330-1
KRW-USDE,2026-09-03T23:17:54.803607+09:00,1788445074,1369.0,23.3444571134632,6.0,10029.15450848,10467.73451246,0.9581017264568615,2,0.0,complete,1788444237073,1788444254029,40261.6076048,16136.23232697,0.4277712640593476,1373.0,1376.0,0.21849963583393528,-0.2913328477785915,0.5087209302325582,233.3333333333384,complete_hourly_ordered,/v1/candles/minutes/60,120,False,2.2760646108663796,1362.0,2026-08-30T12:00:00,1393.0,2026-08-31T08:00:00,D-3,1.7229002153625217,77.41935483871005,False,-0.024142926122661112,5.659625121741462,,False,,,,0.18628581665203114,-0.21865889212827616,0.0,-0.014485755673598888,0.012057061597931629,,,,,0.18628581665203114,-0.21865889212827616,0.0,-0.014485755673598888,0.012057061597931629,,,,,0.27371245509777253,-0.5087209302325535,0.0,-0.033800096571712235,0.028132502824014693,,,,,0.27371245509777253,-0.5087209302325535,0.0,-0.033800096571712235,0.028132502824014693,,,,,0.27371245509777253,-0.5087209302325535,0.0,-0.033800096571712235,0.028132502824014693,,,,,0.27371245509777253,-0.5087209302325535,0.0,-0.033800096571712235,0.028132502824014693,,,10029.15450848,10467.73451246,0.18628581665203114,-0.21865889212827616,0.0,-0.014485755673598888,0.012057061597931629,20496.889020939998,,,-0.5087209302325535,False,False,rising,rising,sell_advantage_weakening,accelerating,neutral,False,False,False,pass,S0,🌱 초발사 준비,발사 구조 관찰 또는 초기 준비,S0,False,,,2026-09-03T14:00:00Z,33765068330-1
KRW-USDG,2026-09-03T23:17:54.803607+09:00,1788445074,1369.0,,,0.0,0.0,,0,0.0,complete,,,171255.7537047,314316.70553001,-0.294623282487607,1374.0,1376.0,0.14556040756914523,-0.363901018922852,0.5087209302325582,349.9999999999924,complete_hourly_ordered,/v1/candles/minutes/60,120,False,7.4943224829674415,1321.0,2026-08-28T14:00:00,1420.0,2026-09-02T23:00:00,D-1,3.591549295774643,51.51515151515156,False,,,,True,,,,,0.0,,,,,,,,,0.0,,,,,,,,,-0.5087209302325535,,,,,,,,,-0.5087209302325535,,,,,,,,,-0.5087209302325535,,,,,,,,,-0.5087209302325535,,,,,,0.0,0.0,,0.0,,,,0,376979.76877454,0.0,-0.5087209302325535,False,False,flat_or_na,flat_or_na,unavailable,flat_or_na,neutral,False,False,False,pass,S0,🌱 초발사 준비,발사 구조 관찰 또는 초기 준비,S0,False,,,2026-09-03T14:00:00Z,33765068330-1
KRW-USDS,2026-09-03T23:17:54.803607+09:00,1788445074,1374.0,-75.7250483551862,5.0,0.0,0.0,,0,0.0,complete,,,40611.6790185,9593.928304,0.6178144707075214,1387.0,1388.0,0.07209805335255393,-0.9372746935832788,1.0086455331412103,1400.0000000001078,complete_hourly_ordered,/v1/candles/minutes/60,120,False,1.8261504747991264,1369.0,2026-08-24T16:00:00,1394.0,2026-08-31T01:00:00,D-3,1.434720229555242,79.99999999999952,False,-0.004829518014115575,5.666609715815256,,False,,,,0.0,0.0,0.0,0.0,0.0,,,,,0.0,0.0,0.0,0.0,0.0,,,,,0.0,0.0,0.0,0.0,0.0,,,,,0.0,0.0,0.0,0.0,0.0,,,,,0.0,0.0,0.0,0.0,0.0,,,,,0.0,0.0,0.0,0.0,0.0,,,0.0,0.0,0.0,0.0,0.0,0.0,0.0,0,182002.763772235,0.0,0.0,False,False,flat_or_na,flat_or_na,unavailable,flat_or_na,neutral,False,False,False,pass,S0,🌱 초발사 준비,발사 구조 관찰 또는 초기 준비,S0,False,,,2026-09-03T14:00:00Z,33765068330-1
KRW-USDT,2026-09-03T23:17:54.803607+09:00,1788445074,1374.0,-69.17162649395155,5.0,294002311.222125,175059187.2626366,1.6794451969038404,332,0.0,complete,1788444181233,1788445113706,12361678.3303289,9824120.39097719,0.11437757870374846,1376.0,1378.0,0.14534883720929148,-0.14534883720930258,0.29027576197387517,200.00000000000765,complete_hourly_ordered,/v1/candles/minutes/60,120,False,0.9454545454545382,1375.0,2026-09-01T04:00:00,1388.0,2026-09-02T03:00:00,D-1,0.9365994236311237,100.0,False,0.0,5.643526007609757,,False,-9.192238047931673,-78.97079981739516,36.129957499653464,0.13023093164677846,0.0,0.0,0.0,0.0,,-9.682835064570886,-73.41644888963587,79.85091661105814,0.27654359014654517,0.0728332119446451,0.0,0.004829284782914556,-0.004019317999852667,,0.32595034301542136,-23.28643126918617,-38.17516600601697,1.0164782371218735,0.0728332119446451,0.0,0.004829284782914556,-0.004019317999852667,,0.32595034301542136,-23.28643126918617,-38.17516600601697,1.0164782371218735,0.0728332119446451,0.0,0.004829284782914556,-0.004019317999852667,,0.32595034301542136,-23.28643126918617,-38.17516600601697,1.0164782371218735,0.0728332119446451,0.0,0.004829284782914556,-0.004019317999852667,,0.32595034301542136,-23.28643126918617,-38.17516600601697,1.0164782371218735,0.0728332119446451,0.0,0.004829284782914556,-0.004019317999852667,,-9.192238047931673,-1104064703.5439477,46462080.1467527,0.13023093164677846,0.0,0.0,0.0,0.0,469061498.4847616,780462903.9256346,0.6010042195797374,0.0728332119446451,False,False,falling,rising,buy_advantage_weakening,accelerating,neutral,False,False,False,pass,S0,🌱 초발사 준비,발사 구조 관찰 또는 초기 준비,S0,False,,,2026-09-03T14:00:00Z,33765068330-1
KRW-VANA,2026-09-03T23:17:54.803607+09:00,1788445074,1229.0,20.226957739114738,6.0,714183.63547202,1257944.9292740899,0.5677383952603927,26,0.0,complete,1788444190381,1788445471481,51564.11907566,30441.63604119,0.2575731789113163,1215.0,1248.0,2.716049382716057,1.152263374485596,1.5224358974358974,57.57575757575773,complete_hourly_ordered,/v1/candles/minutes/60,120,False,4.470198675496695,1208.0,2026-08-31T08:00:00,1262.0,2026-08-31T16:00:00,D-3,2.1394611727416746,50.0,False,-0.06127138115906705,23.298031800770044,,True,0.24383359103511953,28.332689000220434,-26.78392926507228,0.0873646302693949,0.0,0.0,0.0,0.0,,0.43703395701542647,42.4021158397774,-67.21625891235334,0.22804278985675452,-0.16246953696181787,1.0,-0.010211896859857461,0.007086016339140855,,-0.049991777810777904,-64.73048167674472,-61.62485074138997,3.3241841754094494,0.6552006552006606,1.0,0.05105948429919849,-0.035432164429629154,,-0.049991777810777904,-64.73048167674472,-61.62485074138997,3.3241841754094494,0.6552006552006606,1.0,0.05105948429919849,-0.035432164429629154,,-0.049991777810777904,-64.73048167674472,-61.62485074138997,3.3241841754094494,0.6552006552006606,1.0,0.05105948429919849,-0.035432164429629154,,-0.049991777810777904,-64.73048167674472,-61.62485074138997,3.3241841754094494,0.6552006552006606,1.0,0.05105948429919849,-0.035432164429629154,,0.24383359103511953,157674.11242229003,-460181.8653587003,0.0873646302693949,0.0,0.0,0.0,0.0,1972128.5647461098,2135339.32685761,0.9235668260970573,0.6552006552006606,False,False,rising,falling,sell_advantage_weakening,accelerating,leading_buy_inflow,False,False,False,pass,S0,🌱 초발사 준비,발사 구조 관찰 또는 초기 준비,S0,False,,,2026-09-03T14:00:00Z,33765068330-1
KRW-VET,2026-09-03T23:17:54.803607+09:00,1788445074,9.16,-78.16367080922326,8.0,5733146.8833464235,19139.9999999094,299.5374547217117,5,0.0,complete,1788444225093,1788445371263,5261653.53834529,3570248.79034517,0.19151080764396444,8.96,9.2,2.678571428571419,2.232142857142838,0.4347826086956429,16.666666666667084,complete_hourly_ordered,/v1/candles/minutes/60,120,False,11.351351351351369,9.25,2026-08-30T00:00:00,10.3,2026-08-30T14:00:00,D-4,10.776699029126224,105.71428571428574,False,1.9487099540104635,-10.485523009017756,,False,293.15374359005335,73.24192708402333,-96.30788603908084,0.012666869229221334,0.0,0.0,0.0,0.0,,298.4883904851629,122.09381035729248,-99.22216514184797,0.03927605605015572,0.5488474204171423,0.0,0.023384519448144125,-0.021843350309648457,,299.5264990820086,114540.0096632556,-95.80701971781542,0.24213127972753057,0.7700770077007757,0.0,0.0389741990801884,-0.03640635273507975,,299.5264990820086,114540.0096632556,-95.80701971781542,0.24213127972753057,0.7700770077007757,0.0,0.0389741990801884,-0.03640635273507975,,299.5264990820086,114540.0096632556,-95.80701971781542,0.24213127972753057,0.7700770077007757,0.0,0.0389741990801884,-0.03640635273507975,,299.5264990820086,114540.0096632556,-95.80701971781542,0.24213127972753057,0.7700770077007757,0.0,0.0389741990801884,-0.03640635273507975,,293.15374359005335,2423816.9885307103,-499262.20000001776,0.012666869229221334,0.0,0.0,0.0,0.0,5752286.883346333,4563031.353588772,1.2606283931891515,0.7700770077007757,False,False,rising,falling,buy_advantage_accelerating,accelerating,leading_buy_inflow,False,False,False,pass,S0,🌱 초발사 준비,발사 구조 관찰 또는 초기 준비,S0,False,,,2026-09-03T14:00:00Z,33765068330-1
KRW-VIRTUAL,2026-09-03T23:17:54.803607+09:00,1788445074,956.0,-49.633481217769614,8.0,36830524.38937813,34574156.51193363,1.06526168980191,62,0.0,complete,1788444181353,1788445263521,227078.8255993,110806.86464932,0.34411626270537177,929.0,956.0,2.906350914962319,2.906350914962319,0.0,0.0,complete_hourly_ordered,/v1/candles/minutes/60,120,False,9.956236323851208,914.0,2026-08-31T08:00:00,1005.0,2026-09-01T14:00:00,D-2,4.7761194029850795,52.747252747252816,True,0.8188824662813232,-4.4550793608355805,,True,-1.3739472730489843,148.47363335875824,468.94856852827684,0.24870554293511304,0.6315789473684275,0.0,0.006881365262878525,-0.006198710614572889,,-3.777491093595123,11.888228131639256,408.6515674046412,0.34968954988944745,0.8438818565400741,0.0,0.0,0.0,,0.9517752076362352,1484.296314769279,68.78126491589302,1.3835153073049966,1.5940488841657885,0.0,0.0894577484172876,-0.08059185682474457,,0.9517752076362352,1484.296314769279,68.78126491589302,1.3835153073049966,1.5940488841657885,0.0,0.0894577484172876,-0.08059185682474457,,0.9517752076362352,1484.296314769279,68.78126491589302,1.3835153073049966,1.5940488841657885,0.0,0.0894577484172876,-0.08059185682474457,,0.9517752076362352,1484.296314769279,68.78126491589302,1.3835153073049966,1.5940488841657885,0.0,0.0894577484172876,-0.08059185682474457,,-1.3739472730489843,22007815.077521108,28497305.5583636,0.24870554293511304,0.6315789473684275,0.0,0.006881365262878525,-0.006198710614572889,71404680.90131176,21277914.988118812,3.35581192711705,1.5940488841657885,False,False,rising,rising,buy_advantage_weakening,accelerating,neutral,False,False,False,pass,S0,🌱 초발사 준비,발사 구조 관찰 또는 초기 준비,S0,False,,,2026-09-03T14:00:00Z,33765068330-1
KRW-VTHO,2026-09-03T23:17:54.803607+09:00,1788445074,0.54,-83.00292590805152,11.0,1100000.0000000016,0.0,,4,0.0,complete,1788444344452,1788444346517,112232842.45911326,65297971.1515742,0.26437591510431485,0.526,0.541,2.851711026615966,2.6615969581749166,0.1848428835489835,6.666666666666147,complete_hourly_ordered,/v1/candles/minutes/60,120,False,4.612546125461248,0.542,2026-08-31T08:00:00,0.567,2026-08-31T14:00:00,D-3,4.761904761904745,107.9999999999999,True,1.0847628657921327,10.255046333883934,7.125528241311479,True,,102.62267421405559,-100.0,0.04287257120590482,0.0,0.0,0.0,0.0,0.0,,5062.726677166524,,0.06364021950197696,0.5586592178770999,0.0,0.03784056508575606,-0.029828027423544512,-0.05047061150000154,,-31.519896734053198,-100.0,0.20158383058698348,0.3717472118959009,0.0,0.025227043390518844,-0.019885073249728435,-0.033599983795388866,,-31.519896734053198,-100.0,0.20158383058698348,0.3717472118959009,0.0,0.025227043390518844,-0.019885073249728435,-0.033599983795388866,,-31.519896734053198,-100.0,0.20158383058698348,0.3717472118959009,0.0,0.025227043390518844,-0.019885073249728435,-0.033599983795388866,,-31.519896734053198,-100.0,0.20158383058698348,0.3717472118959009,0.0,0.025227043390518844,-0.019885073249728435,-0.033599983795388866,,557119.0000000044,-5090.90303238618,0.04287257120590482,0.0,0.0,0.0,0.0,1100000.0000000016,461537.273785519,2.383339466773344,0.3717472118959009,False,True,rising,falling,buy_only,accelerating,neutral,False,False,False,pass,S1,⚡ 선행 시동,가격 미급등 상태에서 선행조건 4개 개선,S2,True,가격 미급등 상태에서 선행조건 4개 개선,2026-09-03T23:17:54.803607+09:00,2026-09-03T14:00:00Z,33765068330-1
KRW-VVV,2026-09-03T23:17:54.803607+09:00,1788445074,22850.0,,,2043549.5028567,281702.78353,7.254275152162533,8,0.0,complete,1788444322280,1788444983377,5164.65256285,4257.19353426,0.09631435487662539,22360.0,23020.0,2.951699463327362,2.1914132379248663,0.7384882710686359,25.75757575757553,complete_hourly_ordered,/v1/candles/minutes/60,120,False,10.54284432480934,22290.0,2026-08-29T22:00:00,24640.0,2026-08-31T05:00:00,D-3,7.264610389610393,76.17021276595749,False,,,,True,4.673573669875963,39.704041230896905,-50.30042027306854,,-0.21834061135370675,,,,,5.734422448216304,92.15390680339186,-59.74158290068352,,0.21929824561404132,,,,,-698.2238779315422,-52.653562928121374,4504.440316908233,,-0.1311188811188857,,,,,-698.2238779315422,-52.653562928121374,4504.440316908233,,-0.1311188811188857,,,,,-698.2238779315422,-52.653562928121374,4504.440316908233,,-0.1311188811188857,,,,,-698.2238779315422,-52.653562928121374,4504.440316908233,,-0.1311188811188857,,,,,4.673573669875963,580779.0025537,-285108.4150309999,,-0.21834061135370675,,,,2325252.2863867,1338033.148267,1.7378136628366279,-0.1311188811188857,False,False,rising,falling,buy_advantage_accelerating,flat_or_na,neutral,False,False,False,pass,S0,🌱 초발사 준비,발사 구조 관찰 또는 초기 준비,S0,False,,,2026-09-03T14:00:00Z,33765068330-1
KRW-W,2026-09-03T23:17:54.803607+09:00,1788445074,13.2,-40.40535758448468,11.0,1105532.0999998937,1050436.121750136,1.0524505746793646,15,0.0,complete,1788444526215,1788445134173,22050753.5143412,17881542.45083055,0.10440699596003608,13.4,13.5,0.746268656716409,-1.4925373134328401,2.2222222222222276,300.00000000000296,complete_hourly_ordered,/v1/candles/minutes/60,120,False,10.483870967741925,12.4,2026-08-31T08:00:00,13.7,2026-09-02T05:00:00,D-1,3.649635036496346,38.46153846153846,False,0.6711409395973256,13.096763411509107,13.397946706384523,False,1.0524505746793646,,-86.98368212495807,0.0005514674968765121,0.0,0.0,0.0,0.0,0.0,0.019541319183301376,-88.2296698446265,-88.44821481385611,0.18387910890210435,0.0,0.0,0.0,0.0,0.0,0.9228289296476574,80.86133630651308,-77.72480295160152,1.8234198424956958,-0.7518796992481258,0.0,-0.05162622612286949,0.039722413291627845,0.14831801950553292,0.9228289296476574,80.86133630651308,-77.72480295160152,1.8234198424956958,-0.7518796992481258,0.0,-0.05162622612286949,0.039722413291627845,0.14831801950553292,0.9228289296476574,80.86133630651308,-77.72480295160152,1.8234198424956958,-0.7518796992481258,0.0,-0.05162622612286949,0.039722413291627845,0.14831801950553292,0.9228289296476574,80.86133630651308,-77.72480295160152,1.8234198424956958,-0.7518796992481258,0.0,-0.05162622612286949,0.039722413291627845,0.14831801950553292,1.0524505746793646,1105532.0999998937,-7019711.917306968,0.0005514674968765121,0.0,0.0,0.0,0.0,2155968.2217500294,917713.414852136,2.3492826702303393,-0.7518796992481258,False,True,rising,falling,buy_advantage_accelerating,accelerating,leading_buy_inflow,False,False,False,pass,S1,⚡ 선행 시동,가격 미급등 상태에서 선행조건 4개 개선,S0,True,가격 미급등 상태에서 선행조건 4개 개선,2026-09-03T23:17:54.803607+09:00,2026-09-03T14:00:00Z,33765068330-1
KRW-WAL,2026-09-03T23:17:54.803607+09:00,1788445074,35.1,121.1100544261913,8.0,3977035.5136377327,2223990.6261094227,1.7882429300500382,12,0.0,complete,1788444515326,1788445122103,2536891.58741785,2799405.27861328,-0.0491939818540633,35.4,35.4,0.0,-0.8474576271186307,0.847457627118636,,complete_hourly_ordered,/v1/candles/minutes/60,120,False,13.968253968253963,31.5,2026-08-31T08:00:00,35.9,2026-09-01T16:00:00,D-2,2.228412256267398,18.181818181818123,False,0.7928440739987774,41.301999319254726,,True,-65.50165325348341,-68.06564871828833,1101.6595431889882,0.3517148808954573,1.4450867052023142,0.0,0.0,0.0,,1.3705264181255459,137.12949165954402,-44.608809873678034,1.1735897913394098,1.1527377521613813,0.0,0.020329335230750978,-0.010970549921850647,,-210.01146400102195,-9.089526193112329,10667.447412038657,2.27248831013722,0.5730659025787954,0.0,-0.020329335230728773,0.010970225224490093,,-210.01146400102195,-9.089526193112329,10667.447412038657,2.27248831013722,0.5730659025787954,0.0,-0.020329335230728773,0.010970225224490093,,-210.01146400102195,-9.089526193112329,10667.447412038657,2.27248831013722,0.5730659025787954,0.0,-0.020329335230728773,0.010970225224490093,,-210.01146400102195,-9.089526193112329,10667.447412038657,2.27248831013722,0.5730659025787954,0.0,-0.020329335230728773,0.010970225224490093,,-65.50165325348341,-8476749.686361998,2038914.0261094468,0.3517148808954573,1.4450867052023142,0.0,0.0,0.0,6201026.139747156,4197663.639965355,1.477256557840431,0.5730659025787954,False,False,falling,rising,buy_advantage_weakening,accelerating,neutral,False,False,False,pass,S0,🌱 초발사 준비,발사 구조 관찰 또는 초기 준비,S0,False,,,2026-09-03T14:00:00Z,33765068330-1
KRW-WAVES,2026-09-03T23:17:54.803607+09:00,1788445074,303.0,62.47166151457091,7.0,15227.999999220001,1291541.5488202,0.011790561452034203,3,0.0,complete,1788444742571,1788444859700,980584.60038593,658497.524275,0.19650453828087402,301.0,303.0,0.6644518272425293,0.6644518272425293,0.0,0.0,complete_hourly_ordered,/v1/candles/minutes/60,120,False,12.542372881355934,295.0,2026-08-30T01:00:00,332.0,2026-08-30T19:00:00,D-4,8.734939759036141,78.37837837837837,False,0.6440151010437489,25.57070126457547,,False,-16.87378331840843,-98.49694181675179,2052.5692480562684,0.08062477677317759,0.3311258278145601,0.0,0.0,0.0,,0.011790561452034203,,-53.714456830172,0.19977773832007273,0.6644518272425293,0.0,0.022207417277364527,-0.014895417898717511,,,,,0.46694124272022464,0.6644518272425293,0.0,0.022207417277364527,-0.014895417898717511,,,,,0.46694124272022464,0.6644518272425293,0.0,0.022207417277364527,-0.014895417898717511,,,,,0.46694124272022464,0.6644518272425293,0.0,0.022207417277364527,-0.014895417898717511,,,,,0.46694124272022464,0.6644518272425293,0.0,0.022207417277364527,-0.014895417898717511,,-16.87378331840843,-997906.4327817699,1231541.54882083,0.08062477677317759,0.3311258278145601,0.0,0.0,0.0,1306769.54881942,2790377.8596296404,0.46831275710912645,0.6644518272425293,False,False,falling,rising,sell_advantage_accelerating,accelerating,neutral,False,False,False,pass,S0,🌱 초발사 준비,발사 구조 관찰 또는 초기 준비,S0,False,,,2026-09-03T14:00:00Z,33765068330-1
KRW-WAXP,2026-09-03T23:17:54.803607+09:00,1788445074,5.91,49.12424260043129,12.0,0.0,5180170.64781657,0.0,4,0.0,complete,1788444363615,1788445065642,23307542.02302025,14561306.00832907,0.23096123778179634,5.93,6.5,9.612141652613836,-0.3372681281618828,9.076923076923075,103.5087719298245,complete_hourly_ordered,/v1/candles/minutes/60,120,False,14.436619718309874,5.68,2026-09-02T10:00:00,6.5,2026-09-03T10:00:00,D0,9.076923076923071,71.95121951219508,False,0.8640552995391904,14.257033028915597,11.859411720843653,False,-1.4685463748962173,-100.0,371.23586789736567,0.12598595374448962,0.0,0.0,-0.02304147465435058,0.017487440824311307,0.048906997058919544,-0.022860892685995397,-100.0,-46.76291354312778,0.29379270739872965,0.0,0.0,0.0,0.0,0.0,-1.0117566119694543,-100.0,-58.41075840831137,1.5445483909668454,-0.16891891891891442,0.0,-0.02304147465435058,0.017487440824311307,0.048906997058919544,-1.0117566119694543,-100.0,-58.41075840831137,1.5445483909668454,-0.16891891891891442,0.0,-0.02304147465435058,0.017487440824311307,0.048906997058919544,-1.0117566119694543,-100.0,-58.41075840831137,1.5445483909668454,-0.16891891891891442,0.0,-0.02304147465435058,0.017487440824311307,0.048906997058919544,-1.0117566119694543,-100.0,-58.41075840831137,1.5445483909668454,-0.16891891891891442,0.0,-0.02304147465435058,0.017487440824311307,0.048906997058919544,-1.4685463748962173,-1614333.9979909325,4080897.2264341377,0.12598595374448962,0.0,0.0,-0.02304147465435058,0.017487440824311307,5180170.64781657,9063786.86015267,0.5715238815456121,-0.16891891891891442,False,True,falling,rising,sell_only,accelerating,neutral,False,False,False,pass,S0,🌱 초발사 준비,발사 구조 관찰 또는 초기 준비,S1,True,발사 구조 관찰 또는 초기 준비,2026-09-03T23:17:54.803607+09:00,2026-09-03T14:00:00Z,33765068330-1
KRW-WCT,2026-09-03T23:17:54.803607+09:00,1788445074,50.3,91.80436255739308,7.0,1362425.881463088,0.0,,7,0.0,complete,1788444943402,1788445121516,869803.16344063,956154.39437652,-0.047290929937670076,49.7,50.7,2.012072434607637,1.2072434607645732,0.7889546351084924,40.00000000000044,complete_hourly_ordered,/v1/candles/minutes/60,120,False,12.6953125,51.2,2026-08-30T10:00:00,57.7,2026-08-30T19:00:00,D-4,12.651646447140386,112.30769230769239,False,0.14028822854226242,22.163983990681885,,True,,-24.342463686196623,-100.0,0.11300392705102524,0.0,0.0,0.0,0.0,,,,-100.0,0.11697237245336112,0.39920159680637557,0.0,0.025506950644027526,-0.01789727472993974,,,,-100.0,1.1940449224223784,0.39920159680637557,0.0,0.038260425966063494,-0.026846244758012006,,,,-100.0,1.1940449224223784,0.39920159680637557,0.0,0.038260425966063494,-0.026846244758012006,,,,-100.0,1.1940449224223784,0.39920159680637557,0.0,0.038260425966063494,-0.026846244758012006,,,,-100.0,1.1940449224223784,0.39920159680637557,0.0,0.038260425966063494,-0.026846244758012006,,,-438354.2494311817,-529339.629584268,0.11300392705102524,0.0,0.0,0.0,0.0,1362425.881463088,836280.434782448,1.6291495350091658,0.39920159680637557,False,False,falling,falling,buy_only,accelerating,neutral,False,False,False,pass,S0,🌱 초발사 준비,발사 구조 관찰 또는 초기 준비,S0,False,,,2026-09-03T14:00:00Z,33765068330-1
KRW-WET,2026-09-03T23:17:54.803607+09:00,1788445074,84.7,-12.62576131408939,4.0,10015.999999083,1889509.245377195,0.005300847309208877,4,0.0,complete,1788444302368,1788444916738,686552.49599253,845891.41742377,-0.1039770004215184,83.0,85.0,2.4096385542168752,2.048192771084345,0.3529411764705849,14.999999999999956,complete_hourly_ordered,/v1/candles/minutes/60,120,False,5.3283767038413865,80.7,2026-09-02T10:00:00,85.0,2026-09-03T20:00:00,D0,0.3529411764705892,6.976744186046327,False,-1.0817218641179682,11.181332845477073,,False,-0.3980487097951156,-98.34448470117874,25.970684233620656,0.10930058306083446,-0.1179245283018826,0.0,0.0,0.0,,-0.024781162500951016,-98.140951501865,-89.45000451884242,0.2557028745795549,0.35545023696681444,0.0,-0.01481810772765435,0.011827789596276617,,-1.4147172029809902,-96.61719949097751,806.2018773862245,2.514572661043923,0.7134363852556502,0.0,0.029636215455275394,-0.023656759512524772,,-1.4147172029809902,-96.61719949097751,806.2018773862245,2.514572661043923,0.7134363852556502,0.0,0.029636215455275394,-0.023656759512524772,,-1.4147172029809902,-96.61719949097751,806.2018773862245,2.514572661043923,0.7134363852556502,0.0,0.029636215455275394,-0.023656759512524772,,-1.4147172029809902,-96.61719949097751,806.2018773862245,2.514572661043923,0.7134363852556502,0.0,0.029636215455275394,-0.023656759512524772,,-0.3980487097951156,-594992.000000341,389549.74537719507,0.10930058306083446,-0.1179245283018826,0.0,0.0,0.0,1899525.2453762782,1351911.0199651113,1.4050667664690677,0.7134363852556502,False,False,falling,rising,sell_advantage_accelerating,accelerating,neutral,False,False,False,pass,S0,🌱 초발사 준비,발사 구조 관찰 또는 초기 준비,S0,False,,,2026-09-03T14:00:00Z,33765068330-1
KRW-WIF,2026-09-03T23:17:54.803607+09:00,1788445074,276.0,,,0.0,0.0,,0,0.0,complete,,,237411.56283889,428757.2845901,-0.2872330678471217,273.0,279.0,2.19780219780219,1.098901098901095,1.0752688172043012,50.0,complete_hourly_ordered,/v1/candles/minutes/60,120,False,8.108108108108114,259.0,2026-08-31T08:00:00,280.0,2026-09-01T23:00:00,D-2,1.4285714285714235,19.047619047618998,False,,,,True,,,,,0.0,,,,,,,,,0.0,,,,,,,,,0.7299270072992803,,,,,,,,,0.7299270072992803,,,,,,,,,0.7299270072992803,,,,,,,,,0.7299270072992803,,,,,,0.0,0.0,,0.0,,,,0,29372.336301969997,0.0,0.7299270072992803,False,False,flat_or_na,flat_or_na,unavailable,flat_or_na,neutral,False,False,False,pass,S0,🌱 초발사 준비,발사 구조 관찰 또는 초기 준비,S0,False,,,2026-09-03T14:00:00Z,33765068330-1
KRW-WLD,2026-09-03T23:17:54.803607+09:00,1788445074,521.0,-47.567344405730935,9.0,91470733.1059443,21560838.858522102,4.24244778722001,67,0.0,complete,1788444187825,1788445157110,1063514.33977053,1097138.80790397,-0.015562177654303216,504.0,524.0,3.9682539682539764,3.3730158730158832,0.5725190839694656,14.999999999999917,complete_hourly_ordered,/v1/candles/minutes/60,120,False,7.818930041152261,486.0,2026-09-03T00:00:00,524.0,2026-09-03T21:00:00,D0,0.5725190839694694,7.8947368421053,False,0.23860354137887896,5.914247826727575,,True,3.6914220009647285,125.39478814575963,-70.72483938871419,0.20629275158885463,0.3853564547206201,0.0,-0.012558081125213505,0.010400822852579594,,3.7020157138538567,197.28563897271968,-62.129717957639805,0.4156915966291095,0.0,0.0,-0.025116162250404805,0.020801339221675264,,3.3443329509498807,126.76380539732844,-51.994709617895516,1.197783951907006,0.9689922480620172,0.0,0.0125580811251913,-0.010401129349571825,,3.3443329509498807,126.76380539732844,-51.994709617895516,1.197783951907006,0.9689922480620172,0.0,0.0125580811251913,-0.010401129349571825,,3.3443329509498807,126.76380539732844,-51.994709617895516,1.197783951907006,0.9689922480620172,0.0,0.0125580811251913,-0.010401129349571825,,3.3443329509498807,126.76380539732844,-51.994709617895516,1.197783951907006,0.9689922480620172,0.0,0.0125580811251913,-0.010401129349571825,,3.6914220009647285,50888280.486502424,-52088078.54557313,0.20629275158885463,0.3853564547206201,0.0,-0.012558081125213505,0.010400822852579594,113031571.96446641,73788707.84211019,1.53182750138851,0.9689922480620172,False,False,rising,falling,buy_advantage_accelerating,accelerating,leading_buy_inflow,False,False,False,pass,S0,🌱 초발사 준비,발사 구조 관찰 또는 초기 준비,S0,False,,,2026-09-03T14:00:00Z,33765068330-1
KRW-WLFI,2026-09-03T23:17:54.803607+09:00,1788445074,77.4,-52.76290947944007,6.0,728245.4274281261,1207408.9909392362,0.6031472623552591,13,0.0,complete,1788444363148,1788445095908,4295904.02670986,2389446.44854631,0.2851694290702835,77.1,77.9,1.0376134889753752,0.3891050583657796,0.6418485237483953,62.499999999998664,complete_hourly_ordered,/v1/candles/minutes/60,120,False,4.823989569752296,76.7,2026-08-31T08:00:00,80.4,2026-08-31T19:00:00,D-3,3.606965174129362,78.37837837837847,True,-0.5864375980837666,6.685015409067123,,False,0.17021048655988363,-97.9451322559155,-98.52502386840668,0.0013467615368583097,0.2590673575129543,0.0,0.008259684480049767,-0.0068487184707901605,,0.5953424104856626,1977.0811655420073,-73.12213479195817,0.5628719472471531,0.0,0.0,-0.00825968448006087,0.006848585726967116,,0.41209326013476444,-96.38862619396525,-98.85605479420911,1.4694851176217938,-0.2577319587628746,0.0,-0.024779053440171506,0.020545358964896288,,0.41209326013476444,-96.38862619396525,-98.85605479420911,1.4694851176217938,-0.2577319587628746,0.0,-0.024779053440171506,0.020545358964896288,,0.41209326013476444,-96.38862619396525,-98.85605479420911,1.4694851176217938,-0.2577319587628746,0.0,-0.024779053440171506,0.020545358964896288,,0.41209326013476444,-96.38862619396525,-98.85605479420911,1.4694851176217938,-0.2577319587628746,0.0,-0.024779053440171506,0.020545358964896288,,0.17021048655988363,-34711769.11971628,-80652152.33192442,0.0013467615368583097,0.2590673575129543,0.0,0.008259684480049767,-0.0068487184707901605,1935654.4183673623,4609872.943320816,0.4198932252941822,-0.2577319587628746,False,False,falling,falling,sell_advantage_weakening,accelerating,neutral,False,False,False,pass,S0,🌱 초발사 준비,발사 구조 관찰 또는 초기 준비,S0,False,,,2026-09-03T14:00:00Z,33765068330-1
KRW-XAUT,2026-09-03T23:17:54.803607+09:00,1788445074,6137000.0,0.2670321711990109,7.0,733716.4986199999,454138.0,1.6156245428041693,12,0.0,complete,1788444248759,1788445230165,32.40461495,23.8491105,0.15208778408115198,6042000.0,6154000.0,1.8536908308507183,1.572327044025168,0.2762430939226519,15.17857142857115,complete_hourly_ordered,/v1/candles/minutes/60,120,False,4.216765453005933,5905000.0,2026-09-02T12:00:00,6154000.0,2026-09-03T21:00:00,D0,0.1624959376015589,4.016064257028229,False,-0.026708260330765565,0.776286996894582,,False,1.3076058327613658,5543.989286264594,976.0261764984486,0.010747528558008312,0.2777777777777768,0.0,0.018161617024903265,-0.01579011133474928,,-77.34598094332732,-92.81470801302513,251.17205523099213,0.011209903951581168,-0.048859934853418,0.0,-0.0032049912396914237,0.002786416371532985,,0.39836122758829773,-26.628352720682003,-44.719449201324835,3.4637634673431505,0.9374999999999911,0.0,0.06089483355411485,-0.05294612153093048,,0.39836122758829773,-26.628352720682003,-44.719449201324835,3.4637634673431505,0.9374999999999911,0.0,0.06089483355411485,-0.05294612153093048,,0.39836122758829773,-26.628352720682003,-44.719449201324835,3.4637634673431505,0.9374999999999911,0.0,0.06089483355411485,-0.05294612153093048,,0.39836122758829773,-26.628352720682003,-44.719449201324835,3.4637634673431505,0.9374999999999911,0.0,0.06089483355411485,-0.05294612153093048,,1.3076058327613658,720716.5359799998,411932.89292,0.010747528558008312,0.2777777777777768,0.0,0.018161617024903265,-0.01579011133474928,1187854.4986199997,1227598.90356,0.9676242746513192,0.9374999999999911,False,False,rising,rising,buy_advantage_accelerating,accelerating,leading_buy_inflow,False,False,False,pass,S0,🌱 초발사 준비,발사 구조 관찰 또는 초기 준비,S0,False,,,2026-09-03T14:00:00Z,33765068330-1
KRW-XCN,2026-09-03T23:17:54.803607+09:00,1788445074,4.6,5.576198304889934,8.0,12763333.54520499,12922234.043114081,0.9877033261138182,74,0.0,complete,1788444241079,1788445536036,7286592.81501793,4272159.01074669,0.2607923285931293,4.51,4.85,7.538802660753885,1.9955654101995624,5.154639175257732,73.52941176470583,complete_hourly_ordered,/v1/candles/minutes/60,120,False,8.744394618834072,4.46,2026-09-03T00:00:00,4.85,2026-09-03T14:00:00,D0,4.536082474226799,56.410256410256366,False,0.5222649807586466,14.006055083624801,,True,-6.108272255165635,421.3901101340255,3645.832773884277,3.6766712752262176,0.2178649237472685,-2.0,-0.04123144584937677,0.03147943515687146,,-4.450122261484621,1789.6270473535058,10303.389395828446,4.296065482802547,1.098901098901095,0.0,0.04123144584937677,-0.03148221116201633,,0.8489030866542929,254911.65924872726,35736.347244025965,5.834930813679984,3.603603603603589,1.0,0.19241341396372125,-0.14694074162362902,,0.8489030866542929,254911.65924872726,35736.347244025965,5.834930813679984,3.603603603603589,1.0,0.19241341396372125,-0.14694074162362902,,0.8489030866542929,254911.65924872726,35736.347244025965,5.834930813679984,3.603603603603589,1.0,0.19241341396372125,-0.14694074162362902,,0.8489030866542929,254911.65924872726,35736.347244025965,5.834930813679984,3.603603603603589,1.0,0.19241341396372125,-0.14694074162362902,,-6.108272255165635,10315390.383812051,12577257.776869439,3.6766712752262176,0.2178649237472685,-2.0,-0.04123144584937677,0.03147943515687146,25685567.58831907,527008.7946156916,48.73840408498239,3.603603603603589,False,False,rising,rising,sell_advantage_accelerating,accelerating,neutral,False,False,False,pass,S0,🌱 초발사 준비,발사 구조 관찰 또는 초기 준비,S1,True,발사 구조 관찰 또는 초기 준비,2026-09-03T23:17:54.803607+09:00,2026-09-03T14:00:00Z,33765068330-1
KRW-XEC,2026-09-03T23:17:54.803607+09:00,1788445074,0.00961,-38.8155218769357,4.0,3072679.7675463404,1733599.4218631536,1.7724277758722573,14,0.0,complete,1788444237598,1788445535878,7897126579.070026,23351359398.49374,-0.49455941099097617,0.00953,0.00969,1.6789087093389332,0.8394543546694777,0.8255933952528401,49.99999999999934,complete_hourly_ordered,/v1/candles/minutes/60,120,False,4.530744336569592,0.00927,2026-09-02T19:00:00,0.00969,2026-09-03T09:00:00,D0,0.0,0.0,True,0.4258241758241743,-3.2198858171486053,,True,1.0772101196268933,79.01436016595147,-29.78334823962614,0.13052665108111228,0.0,0.0,0.0,0.0,,1.6858626245551822,284.66750549960415,-81.21288705039173,0.14753250374245397,0.10416666666668295,0.0,0.006868131868142946,-0.0061484576724044615,,1.6294047857598273,611.8168826812155,-42.56116928461316,1.074058180923089,-0.20768431983384517,0.0,-0.013736263736263687,0.012296589825797621,,1.6294047857598273,611.8168826812155,-42.56116928461316,1.074058180923089,-0.20768431983384517,0.0,-0.013736263736263687,0.012296589825797621,,1.6294047857598273,611.8168826812155,-42.56116928461316,1.074058180923089,-0.20768431983384517,0.0,-0.013736263736263687,0.012296589825797621,,1.6294047857598273,611.8168826812155,-42.56116928461316,1.074058180923089,-0.20768431983384517,0.0,-0.013736263736263687,0.012296589825797621,,1.0772101196268933,1356236.5924301778,-735329.7828208767,0.13052665108111228,0.0,0.0,0.0,0.0,4806279.189409494,4541431.80192477,1.058318036917889,-0.20768431983384517,False,False,rising,falling,buy_advantage_accelerating,accelerating,leading_buy_inflow,False,False,False,pass,S0,🌱 초발사 준비,발사 구조 관찰 또는 초기 준비,S0,False,,,2026-09-03T14:00:00Z,33765068330-1
KRW-XLM,2026-09-03T23:17:54.803607+09:00,1788445074,248.0,-47.23140799476428,11.0,134410426.7517289,66205358.91155822,2.0302046384384655,96,0.0,complete,1788444216013,1788445346925,15265815.25004965,9880175.62410974,0.21417488190828549,242.0,248.0,2.4793388429751984,2.4793388429751984,0.0,0.0,complete_hourly_ordered,/v1/candles/minutes/60,120,False,5.531914893617018,235.0,2026-09-02T19:00:00,248.0,2026-09-03T22:00:00,D0,0.0,0.0,False,0.31454783748361415,4.444444444444447,9.262911133751455,True,0.43445009912634025,-57.59513670000892,-66.66949143022467,0.1756674167025878,0.4048582995951344,0.0,-0.026212319790297478,0.02198571968554308,0.12952302619995493,1.588551100195797,43.72094176319805,-68.73474661248598,0.7916726966362404,0.4048582995951344,0.0,0.026212319790297478,-0.021987092120368423,-0.13192727784970693,-0.41005579289158156,90.3729840366504,128.82405612873652,2.2967771394832894,1.6393442622950838,0.0,0.07863695937089243,-0.06596539417965097,-0.40326742432531226,-0.41005579289158156,90.3729840366504,128.82405612873652,2.2967771394832894,1.6393442622950838,0.0,0.07863695937089243,-0.06596539417965097,-0.40326742432531226,-0.41005579289158156,90.3729840366504,128.82405612873652,2.2967771394832894,1.6393442622950838,0.0,0.07863695937089243,-0.06596539417965097,-0.40326742432531226,-0.41005579289158156,90.3729840366504,128.82405612873652,2.2967771394832894,1.6393442622950838,0.0,0.07863695937089243,-0.06596539417965097,-0.40326742432531226,0.43445009912634025,-182558940.18349516,-132427550.55323869,0.1756674167025878,0.4048582995951344,0.0,-0.026212319790297478,0.02198571968554308,200615785.6632871,72944679.60078742,2.7502456212189808,1.6393442622950838,False,True,falling,falling,buy_advantage_accelerating,accelerating,neutral,False,False,False,pass,S2,🚀 발사 진행,가격 상승 초입과 실제 매수수급·구조 동반,S2,False,,,2026-09-03T14:00:00Z,33765068330-1
KRW-XPL,2026-09-03T23:17:54.803607+09:00,1788445074,129.0,-29.81135213797912,12.0,353296829.204653,217057656.93526667,1.6276635166573141,500,0.0,complete,1788444177736,1788445457507,8907348.35069326,9597963.44756402,-0.03731983034924056,115.0,129.0,12.173913043478258,12.173913043478258,0.0,0.0,complete_hourly_ordered,/v1/candles/minutes/60,120,False,17.272727272727263,110.0,2026-09-01T18:00:00,129.0,2026-09-03T23:00:00,D0,1.5503875968992276,10.526315789473639,False,0.8634646519158018,2.8958494340137313,4.749897425671427,False,-1.731535221009137,72.87650315538372,256.7853707038766,1.4719807521254324,1.5748031496062964,0.0,0.0,0.0,0.0,1.1210437066388317,738.2917656556269,160.92322566072883,2.18624978448797,3.200000000000003,0.0,0.10793308148946412,-0.09130948491921753,-0.3010660873904598,1.077662324196408,375.3778059003287,60.63415898857245,5.66438438350545,6.6115702479338845,0.0,0.37776578521315773,-0.3196870193450616,-1.1422958256739895,1.077662324196408,375.3778059003287,60.63415898857245,5.66438438350545,6.6115702479338845,0.0,0.37776578521315773,-0.3196870193450616,-1.1422958256739895,1.077662324196408,375.3778059003287,60.63415898857245,5.66438438350545,6.6115702479338845,0.0,0.37776578521315773,-0.3196870193450616,-1.1422958256739895,1.077662324196408,375.3778059003287,60.63415898857245,5.66438438350545,6.6115702479338845,0.0,0.37776578521315773,-0.3196870193450616,-1.1422958256739895,-1.731535221009137,148933122.88471138,156220617.42687848,1.4719807521254324,1.5748031496062964,0.0,0.0,0.0,570354486.1399198,126816642.14881042,4.497473489880365,6.6115702479338845,False,False,rising,rising,buy_advantage_weakening,accelerating,neutral,False,False,False,pass,S0,🌱 초발사 준비,발사 구조 관찰 또는 초기 준비,S0,False,,,2026-09-03T14:00:00Z,33765068330-1
KRW-XRP,2026-09-03T23:17:54.803607+09:00,1788445074,1922.0,-48.82483041835619,9.0,3111376619.6853795,1386290515.3602002,2.244390036006955,2699,0.0,complete,1788444176570,1788445404991,1930696.12401909,2769997.44181366,-0.17854840057966714,1859.0,1925.0,3.5502958579881616,3.3889187735341553,0.15584415584415584,4.545454545454517,complete_hourly_ordered,/v1/candles/minutes/60,120,False,6.9367369589345085,1802.0,2026-09-02T19:00:00,1927.0,2026-09-03T23:00:00,D0,0.0,0.0,False,1.3917400229637167,-11.102744589693609,,True,1.2424117165721336,-32.11445739946954,-69.69339517750839,0.36334680842428213,0.3655352480417706,0.0,0.013917400229646049,-0.01313267130369944,,0.35706229346168095,-37.718879237847005,-47.627246082258246,1.0319866070700456,0.3655352480417706,0.0,0.0313141505166703,-0.029549214566111814,,1.2766452293479555,438.9227892602781,132.3748199420363,3.080452571106804,2.125398512221044,1.0,0.13569465223894905,-0.128064906960228,,1.2766452293479555,438.9227892602781,132.3748199420363,3.080452571106804,2.125398512221044,1.0,0.13569465223894905,-0.128064906960228,,1.2766452293479555,438.9227892602781,132.3748199420363,3.080452571106804,2.125398512221044,1.0,0.13569465223894905,-0.128064906960228,,1.2766452293479555,438.9227892602781,132.3748199420363,3.080452571106804,2.125398512221044,1.0,0.13569465223894905,-0.128064906960228,,1.2424117165721336,-1471891776.6418633,-3187928614.363579,0.36334680842428213,0.3655352480417706,0.0,0.013917400229646049,-0.01313267130369944,4497667135.04558,1518390740.9146078,2.9621276090872333,2.125398512221044,False,False,falling,falling,buy_advantage_accelerating,accelerating,neutral,False,False,False,pass,S0,🌱 초발사 준비,발사 구조 관찰 또는 초기 준비,S0,False,,,2026-09-03T14:00:00Z,33765068330-1
KRW-XTZ,2026-09-03T23:17:54.803607+09:00,1788445074,306.0,-45.79949622210279,7.0,383282.92497622,583680.38068728,0.6566657671873548,11,0.0,complete,1788444506262,1788445354122,178488.35881578,162673.06872329,0.04635720458368297,300.0,309.0,3.0000000000000027,2.0000000000000018,0.9708737864077669,33.33333333333333,complete_hourly_ordered,/v1/candles/minutes/60,120,False,6.5517241379310365,290.0,2026-08-31T08:00:00,309.0,2026-09-03T18:00:00,D0,0.3236245954692518,5.26315789473702,True,0.21584286639326766,16.06634428526235,,False,0.5217271735973039,290.82984938528085,-19.688168861078424,0.018908163471586192,0.0,0.0,0.0,0.0,,0.6566657671873548,,-41.63196193110858,0.08827568932374419,0.0,0.0,0.0,0.0,,0.6566657671873548,,-4.365166659417829,0.4151956039831717,0.6578947368421018,0.0,0.043168573278662414,-0.032363117792883145,,0.6566657671873548,,-4.365166659417829,0.4151956039831717,0.6578947368421018,0.0,0.043168573278662414,-0.032363117792883145,,0.6566657671873548,,-4.365166659417829,0.4151956039831717,0.6578947368421018,0.0,0.043168573278662414,-0.032363117792883145,,0.6566657671873548,,-4.365166659417829,0.4151956039831717,0.6578947368421018,0.0,0.043168573278662414,-0.032363117792883145,,0.5217271735973039,285213.92498068,-143087.23550322,0.018908163471586192,0.0,0.0,0.0,0.0,966963.3056635,1657726.6673010453,0.5833068410715856,0.6578947368421018,False,False,rising,falling,sell_advantage_weakening,accelerating,leading_buy_inflow,False,False,False,pass,S0,🌱 초발사 준비,발사 구조 관찰 또는 초기 준비,S0,False,,,2026-09-03T14:00:00Z,33765068330-1
KRW-YGG,2026-09-03T23:17:54.803607+09:00,1788445074,31.3,124.75266615005607,12.0,911152.0815823202,46236.71682,19.70624525805853,11,0.0,complete,1788445026786,1788445244990,2070601.49502609,1829838.00486887,0.061727272058367755,32.0,32.2,0.6250000000000089,-2.187499999999998,2.7950310559006275,449.99999999999466,complete_hourly_ordered,/v1/candles/minutes/60,120,False,9.523809523809534,29.4,2026-08-31T08:00:00,32.2,2026-09-03T09:00:00,D0,2.795031055900632,32.142857142857025,False,0.6665233283164707,17.6157483778731,14.586204503657182,True,19.70624525805853,,643.3555758842444,0.0,0.6430868167202508,0.0,0.0,0.0,0.0,19.70624525805853,,-97.26726314566417,0.0018726156539656813,0.6430868167202508,0.0,0.0,0.0,0.0,19.70624525805853,,-36.94868451404272,0.7715769549837859,0.0,0.0,-0.04300150505269773,0.031566443723054505,0.10185509583252994,19.70624525805853,,-36.94868451404272,0.7715769549837859,0.0,0.0,-0.04300150505269773,0.031566443723054505,0.10185509583252994,19.70624525805853,,-36.94868451404272,0.7715769549837859,0.0,0.0,-0.04300150505269773,0.031566443723054505,0.10185509583252994,19.70624525805853,,-36.94868451404272,0.7715769549837859,0.0,0.0,-0.04300150505269773,0.031566443723054505,0.10185509583252994,19.70624525805853,911152.0815823202,40016.71682,0.0,0.6430868167202508,0.0,0.0,0.0,957388.7984023201,1142157.569627655,0.8382283004213072,0.0,False,True,rising,rising,buy_advantage_accelerating,flat_or_na,neutral,False,False,False,pass,S1,⚡ 선행 시동,가격 미급등 상태에서 선행조건 3개 개선,S1,False,,,2026-09-03T14:00:00Z,33765068330-1
KRW-ZAMA,2026-09-03T23:17:54.803607+09:00,1788445074,76.1,10.569386265041047,7.0,8205052.151723116,13921364.251247223,0.5893856380482265,25,0.0,complete,1788444181656,1788445395127,1793577.31867718,1420460.0311652,0.11608990403620482,73.8,82.0,11.111111111111116,3.1165311653116534,7.195121951219519,71.95121951219512,complete_hourly_ordered,/v1/candles/minutes/60,120,False,22.205663189269753,67.1,2026-09-02T19:00:00,82.0,2026-09-03T20:00:00,D0,6.951219512195128,38.255033557046985,False,1.0995103021343544,-28.638608041382557,,True,-0.8771607722147721,-86.87214675027232,-67.33444995096364,1.3594930975872934,-0.1312335958005395,0.0,-0.009239582370867971,0.009865852429264521,,0.09490936728274879,-32.40995221582806,-43.29404618705173,4.6115469162065095,-0.7822685788787642,0.0,-0.07391665896701038,0.07891870129992995,,-0.01286655081063337,-78.31760393518009,-77.8442675783796,10.928346785941233,1.1968085106382809,0.0,0.09239582370876853,-0.09867447484620584,,-0.01286655081063337,-78.31760393518009,-77.8442675783796,10.928346785941233,1.1968085106382809,0.0,0.09239582370876853,-0.09867447484620584,,-0.01286655081063337,-78.31760393518009,-77.8442675783796,10.928346785941233,1.1968085106382809,0.0,0.09239582370876853,-0.09867447484620584,,-0.01286655081063337,-78.31760393518009,-77.8442675783796,10.928346785941233,1.1968085106382809,0.0,0.09239582370876853,-0.09867447484620584,,-0.8771607722147721,-54296043.767316945,-28696513.69768971,1.3594930975872934,-0.1312335958005395,0.0,-0.009239582370867971,0.009865852429264521,22126416.40297034,36978684.63234016,0.5983559616292953,1.1968085106382809,False,False,falling,falling,sell_advantage_accelerating,accelerating,neutral,False,False,False,pass,S0,🌱 초발사 준비,발사 구조 관찰 또는 초기 준비,S0,False,,,2026-09-03T14:00:00Z,33765068330-1
KRW-ZBT,2026-09-03T23:17:54.803607+09:00,1788445074,115.0,39.4944482688077,7.0,6168510.0449714,5727614.252236921,1.0769772148259262,26,0.0,complete,1788444189445,1788445489041,3071848.2427059,7629832.19502607,-0.4259129188953948,113.0,115.0,1.7699115044247815,1.7699115044247815,0.0,0.0,complete_hourly_ordered,/v1/candles/minutes/60,120,False,9.090909090909083,110.0,2026-08-30T04:00:00,120.0,2026-08-30T18:00:00,D-4,4.1666666666666625,50.0,False,0.5415162454873723,35.15715948777648,,True,0.9859574860111937,983.186694822754,-8.455482751852884,0.14153752029469047,0.0,0.0,0.0,0.0,,0.5497504445924385,1386.0295253486004,627.4755086139681,0.18323249677711573,0.8771929824561431,0.0,0.06016847172083395,-0.035661273804890925,,0.9107563947544763,1923.4503177485574,212.29961651915187,1.187141793272886,0.0,0.0,0.0,0.0,,0.9107563947544763,1923.4503177485574,212.29961651915187,1.187141793272886,0.0,0.0,0.0,0.0,,0.9107563947544763,1923.4503177485574,212.29961651915187,1.187141793272886,0.0,0.0,0.0,0.0,,0.9107563947544763,1923.4503177485574,212.29961651915187,1.187141793272886,0.0,0.0,0.0,0.0,,0.9859574860111937,5599032.03398265,-529029.4271559585,0.14153752029469047,0.0,0.0,0.0,0.0,11896124.29720832,6826121.690381629,1.7427354560600048,0.0,False,False,rising,falling,buy_advantage_accelerating,accelerating,leading_buy_inflow,False,False,False,pass,S0,🌱 초발사 준비,발사 구조 관찰 또는 초기 준비,S0,False,,,2026-09-03T14:00:00Z,33765068330-1
KRW-ZETA,2026-09-03T23:17:54.803607+09:00,1788445074,47.0,19.87184887542197,11.0,45357.33831298,5849680.288208051,0.00775381492291341,15,0.0,complete,1788444248429,1788445092555,1263420.82397782,1724283.57420356,-0.15425312842403943,46.1,48.0,4.121475054229928,1.9522776572667988,2.083333333333333,52.63157894736865,complete_hourly_ordered,/v1/candles/minutes/60,120,False,8.843537414965974,44.1,2026-09-02T10:00:00,48.0,2026-09-03T19:00:00,D0,2.083333333333337,25.64102564102562,False,1.048434731246295,18.178964831781435,13.891716755456368,True,-0.23976379726890307,-81.86417391862088,478.9326172235178,0.5838400662679035,-0.6342494714587699,0.0,-0.04430005906674861,0.03220052151391428,0.09251646840932892,-4.985867239919064,-98.83663102998811,649.2342596460071,0.8301724344803567,-0.423728813559332,0.0,-0.02953337271116574,0.021467335181572622,0.06177941306838619,-2.8505366380241273,-98.31941681399688,519.5137391970572,4.716236092920356,-0.423728813559332,0.0,-0.02953337271116574,0.021467335181572622,0.06177941306838619,-2.8505366380241273,-98.31941681399688,519.5137391970572,4.716236092920356,-0.423728813559332,0.0,-0.02953337271116574,0.021467335181572622,0.06177941306838619,-2.8505366380241273,-98.31941681399688,519.5137391970572,4.716236092920356,-0.423728813559332,0.0,-0.02953337271116574,0.021467335181572622,0.06177941306838619,-2.8505366380241273,-98.31941681399688,519.5137391970572,4.716236092920356,-0.423728813559332,0.0,-0.02953337271116574,0.021467335181572622,0.06177941306838619,-0.23976379726890307,-204740.661686868,4839255.220734339,0.5838400662679035,-0.6342494714587699,0.0,-0.04430005906674861,0.03220052151391428,5895037.62652103,3855803.597114465,1.528873937182031,-0.423728813559332,False,True,falling,rising,sell_advantage_accelerating,accelerating,neutral,False,False,False,pass,S0,🌱 초발사 준비,발사 구조 관찰 또는 초기 준비,S1,True,발사 구조 관찰 또는 초기 준비,2026-09-03T23:17:54.803607+09:00,2026-09-03T14:00:00Z,33765068330-1
KRW-ZIL,2026-09-03T23:17:54.803607+09:00,1788445074,3.38,343.3859127388904,8.0,292440.78,1819007.231558933,0.16076944331297202,12,0.0,complete,1788444298072,1788445458747,28974442.91357676,43106207.16105547,-0.19605489452227048,3.43,3.45,0.5830903790087438,-1.4577259475218707,2.028985507246385,350.00000000000193,complete_hourly_ordered,/v1/candles/minutes/60,120,False,27.35849056603772,3.18,2026-08-30T18:00:00,4.05,2026-09-01T21:00:00,D-2,15.555555555555555,72.41379310344827,True,0.6272764063132374,24.471276151421943,,True,0.13405612598596015,570.2382818623609,11.366236886483193,0.07057360836262205,-1.1695906432748537,0.0,-0.08093889113718333,0.055011297023533245,,0.15803534615756448,5748.815600014272,-0.5331500503367614,0.07147095335596987,-1.1695906432748537,0.0,-0.08093889113718333,0.055011297023533245,,-3.467053920240233,-91.310901253411,96.07280333571306,0.6056688512565529,-1.4577259475218707,0.0,-0.10117361392147917,0.06876281593722311,,-3.467053920240233,-91.310901253411,96.07280333571306,0.6056688512565529,-1.4577259475218707,0.0,-0.10117361392147917,0.06876281593722311,,-3.467053920240233,-91.310901253411,96.07280333571306,0.6056688512565529,-1.4577259475218707,0.0,-0.10117361392147917,0.06876281593722311,,-3.467053920240233,-91.310901253411,96.07280333571306,0.6056688512565529,-1.4577259475218707,0.0,-0.10117361392147917,0.06876281593722311,,0.13405612598596015,248808.42000000004,185651.12434569676,0.07057360836262205,-1.1695906432748537,0.0,-0.08093889113718333,0.055011297023533245,2111448.011558933,2618297.817327833,0.8064201091202919,-1.4577259475218707,False,True,rising,rising,sell_advantage_weakening,accelerating,leading_buy_inflow,True,True,False,🔴 1차 급등 완료·상승분 반납 / 신규매수 금지,S3,🔴 1차 급등 완료·반납,당일/5D 급등 후 상승분 상당 부분 반납,S3,False,,,2026-09-03T14:00:00Z,33765068330-1
KRW-ZK,2026-09-03T23:17:54.803607+09:00,1788445074,12.4,1082.3713160235814,10.0,5899569.403568575,1877308.604642192,3.142567710487329,26,0.0,complete,1788444328567,1788445258945,18717654.7875938,34652881.57521888,-0.2985772276916513,12.2,12.6,3.2786885245901676,1.6393442622950838,1.5873015873015817,50.0,complete_hourly_ordered,/v1/candles/minutes/60,120,False,31.85840707964602,11.3,2026-08-30T07:00:00,14.9,2026-08-31T13:00:00,D-3,16.778523489932883,69.44444444444447,False,0.5488474204171201,24.41074836247358,,False,-0.041793640125596276,-46.40014700834876,-45.68731178152382,0.356497606615676,0.0,0.0,0.0,0.0,,2.466640026893274,16.702413968308182,-74.89874535393848,1.0026447216378074,0.8130081300812941,0.0,0.054884742041694246,-0.037363871898190126,,1.0698335579881046,368.52247520304593,209.02199253368798,2.5828809497161274,0.0,0.0,0.0,0.0,,1.0698335579881046,368.52247520304593,209.02199253368798,2.5828809497161274,0.0,0.0,0.0,0.0,,1.0698335579881046,368.52247520304593,209.02199253368798,2.5828809497161274,0.0,0.0,0.0,0.0,,1.0698335579881046,368.52247520304593,209.02199253368798,2.5828809497161274,0.0,0.0,0.0,0.0,,-0.041793640125596276,-5107120.119418543,-1579173.9710141644,0.356497606615676,0.0,0.0,0.0,0.0,7776878.008210767,7018663.348946676,1.1080283554813724,0.0,False,True,falling,falling,buy_advantage_weakening,accelerating,neutral,True,True,False,🔴 1차 급등 완료·상승분 반납 / 신규매수 금지,S0,🌱 초발사 준비,발사 구조 관찰 또는 초기 준비,S1,True,발사 구조 관찰 또는 초기 준비,2026-09-03T23:17:54.803607+09:00,2026-09-03T14:00:00Z,33765068330-1
KRW-ZKC,2026-09-03T23:17:54.803607+09:00,1788445074,65.9,8830.041012341471,10.0,51530671.59246218,9811006.789804827,5.252332680679685,58,0.0,complete,1788444192408,1788445369343,1696875.94833593,1476500.26504313,0.06944518029841179,66.1,68.2,3.177004538577921,-0.3025718608169248,3.3724340175953036,109.5238095238089,complete_hourly_ordered,/v1/candles/minutes/60,120,False,83.63636363636364,55.0,2026-08-30T09:00:00,101.0,2026-08-30T18:00:00,D-4,33.96039603960396,74.56521739130433,False,1.4454374931038405,16.05282079961652,8.90819001083474,False,5.134011223814512,4436.249328321094,2.1899528955883873,0.6681848553780583,0.45731707317075987,0.0,0.033101621979469975,-0.0245184384048045,-0.03795027661446326,4.633353502485553,269.8613455714109,-56.41241984353093,1.0962953959988226,0.3044140030441511,0.0,0.022067747986320718,-0.016345439041248966,-0.025276904696138303,3.241016119481275,50.886755244566984,-42.21976250567276,8.550489595674662,-0.15151515151514694,0.0,0.0,0.0,0.0,3.241016119481275,50.886755244566984,-42.21976250567276,8.550489595674662,-0.15151515151514694,0.0,0.0,0.0,0.0,3.241016119481275,50.886755244566984,-42.21976250567276,8.550489595674662,-0.15151515151514694,0.0,0.0,0.0,0.0,3.241016119481275,50.886755244566984,-42.21976250567276,8.550489595674662,-0.15151515151514694,0.0,0.0,0.0,0.0,5.134011223814512,50394696.29959762,210252.00735656545,0.6681848553780583,0.45731707317075987,0.0,0.033101621979469975,-0.0245184384048045,61341678.38226701,21171039.02792898,2.8974335317857878,-0.15151515151514694,False,True,rising,rising,buy_advantage_accelerating,accelerating,leading_buy_inflow,True,True,False,🔴 1차 급등 완료·상승분 반납 / 신규매수 금지,S3,🔴 1차 급등 완료·반납,당일/5D 급등 후 상승분 상당 부분 반납,S3,False,,,2026-09-03T14:00:00Z,33765068330-1
KRW-ZKP,2026-09-03T23:17:54.803607+09:00,1788445074,63.8,490.71113108623246,7.0,57315379.46147122,40950974.513721585,1.399609658672869,204,0.0,complete,1788444267073,1788445389101,2202687.1182521,2365463.16953905,-0.03563281438484761,65.0,65.1,0.15384615384614886,-1.846153846153853,1.996927803379412,1300.0000000000434,complete_hourly_ordered,/v1/candles/minutes/60,120,False,39.40809968847352,64.2,2026-08-30T02:00:00,89.5,2026-08-30T18:00:00,D-4,28.938547486033517,102.3715415019763,True,0.7988618953819193,22.416534181240056,,True,1.2369771599607793,1977.640266487009,141.41861687638547,0.20042874100204244,0.6309148264984188,0.0,0.032829940906098365,-0.022818918490415285,,0.09642241627942205,132.66429755761476,116.63550437699901,0.3719419905443715,0.6309148264984188,0.0,0.06565988181219673,-0.04563927858536587,,1.3446771831019328,4334.76744526705,74.05764017155488,1.1567559022166165,2.7375201288244666,0.0,0.17509301816589495,-0.12171755891136371,,1.3446771831019328,4334.76744526705,74.05764017155488,1.1567559022166165,2.7375201288244666,0.0,0.17509301816589495,-0.12171755891136371,,1.3446771831019328,4334.76744526705,74.05764017155488,1.1567559022166165,2.7375201288244666,0.0,0.17509301816589495,-0.12171755891136371,,1.3446771831019328,4334.76744526705,74.05764017155488,1.1567559022166165,2.7375201288244666,0.0,0.17509301816589495,-0.12171755891136371,,1.2369771599607793,54556702.688307635,23988333.005966667,0.20042874100204244,0.6309148264984188,0.0,0.032829940906098365,-0.022818918490415285,98266353.97519282,16478284.513484597,5.963384956412117,2.7375201288244666,False,True,rising,rising,buy_advantage_accelerating,accelerating,neutral,True,True,False,🔴 1차 급등 완료·상승분 반납 / 신규매수 금지,S3,🔴 1차 급등 완료·반납,당일/5D 급등 후 상승분 상당 부분 반납,S3,False,,,2026-09-03T14:00:00Z,33765068330-1
KRW-ZORA,2026-09-03T23:17:54.803607+09:00,1788445074,10.2,1760.4745440402412,10.0,15395964.671697348,5458515.985992029,2.820540365038299,39,0.0,complete,1788444563566,1788445550259,14831109.73558137,36774517.54693296,-0.4252134692835472,10.2,11.0,7.843137254901977,0.0,7.27272727272728,100.0,complete_hourly_ordered,/v1/candles/minutes/60,120,False,103.88349514563106,8.24,2026-08-30T05:00:00,16.8,2026-08-31T13:00:00,D-3,38.69047619047619,75.93457943925233,True,2.341113105924597,18.046480199550018,6.6762638424932765,True,2.428654206155945,66.56516896896005,-76.8574188549329,0.5334007953383662,0.990099009900991,0.0,0.0718132854578224,-0.05161976953763414,-0.044766467732973325,2.820540365038299,,-49.99413598821454,0.6790212617270299,0.0,0.0,0.0,0.0,0.0,1.3906206491144353,-6.773178240181443,-52.737116568273514,2.610431171669461,-0.9708737864077777,0.0,0.0,0.0,0.0,1.3906206491144353,-6.773178240181443,-52.737116568273514,2.610431171669461,-0.9708737864077777,0.0,0.0,0.0,0.0,1.3906206491144353,-6.773178240181443,-52.737116568273514,2.610431171669461,-0.9708737864077777,0.0,0.0,0.0,0.0,1.3906206491144353,-6.773178240181443,-52.737116568273514,2.610431171669461,-0.9708737864077777,0.0,0.0,0.0,0.0,2.428654206155945,6152756.882818969,-18127945.48853337,0.5334007953383662,0.990099009900991,0.0,0.0718132854578224,-0.05161976953763414,20854480.657689378,26737603.19775625,0.7799682156790865,-0.9708737864077777,False,True,rising,falling,buy_advantage_accelerating,accelerating,neutral,True,True,False,🔴 1차 급등 완료·상승분 반납 / 신규매수 금지,S3,🔴 1차 급등 완료·반납,당일/5D 급등 후 상승분 상당 부분 반납,S3,False,,,2026-09-03T14:00:00Z,33765068330-1
KRW-ZRO,2026-09-03T23:17:54.803607+09:00,1788445074,1461.0,-82.48164879568832,8.0,3537218.5377375307,794159.8558389801,4.454038455520622,21,0.0,complete,1788444387829,1788445434395,134094.7158849,71791.97890001,0.3026069122629694,1393.0,1496.0,7.39411342426417,4.881550610193819,2.339572192513369,33.980582524271874,complete_hourly_ordered,/v1/candles/minutes/60,120,False,10.487444608567209,1354.0,2026-09-01T17:00:00,1496.0,2026-09-03T12:00:00,D0,2.0721925133689867,21.83098591549289,True,1.258317114018026,-2.5469422368398487,,False,1.4893419046105052,-88.36845888045144,-92.25781497325126,0.015731744892178767,0.2057613168724215,0.0,-0.013578961662052969,0.011988810683142948,,4.069097848547438,-65.73218323968025,-97.03840137100444,0.1075776940194828,0.550584996558845,0.0,0.03621056443219306,-0.031972176959621734,,3.820797217562228,176.42794152188364,-60.69958226816714,0.39566724492466676,0.8281573498964745,0.0,0.04526320554021357,-0.03996567921950467,,3.820797217562228,176.42794152188364,-60.69958226816714,0.39566724492466676,0.8281573498964745,0.0,0.04526320554021357,-0.03996567921950467,,3.820797217562228,176.42794152188364,-60.69958226816714,0.39566724492466676,0.8281573498964745,0.0,0.04526320554021357,-0.03996567921950467,,3.820797217562228,176.42794152188364,-60.69958226816714,0.39566724492466676,0.8281573498964745,0.0,0.04526320554021357,-0.03996567921950467,,1.4893419046105052,-26873356.478781126,-9463407.653787958,0.015731744892178767,0.2057613168724215,0.0,-0.013578961662052969,0.011988810683142948,4331378.39357651,42106970.438544616,0.10286606584290323,0.8281573498964745,False,False,falling,falling,buy_advantage_accelerating,accelerating,neutral,False,False,False,pass,S0,🌱 초발사 준비,발사 구조 관찰 또는 초기 준비,S0,False,,,2026-09-03T14:00:00Z,33765068330-1
KRW-ZRX,2026-09-03T23:17:54.803607+09:00,1788445074,137.0,13.21901557710663,9.0,1789007.4124296696,138322.5432,12.933592536994865,17,0.0,complete,1788444264507,1788445396759,966032.87232431,2161044.16529326,-0.3821496172282966,133.0,142.0,6.766917293233088,3.007518796992481,3.5211267605633805,55.55555555555559,complete_hourly_ordered,/v1/candles/minutes/60,120,False,10.077519379844958,129.0,2026-08-31T08:00:00,142.0,2026-09-03T15:00:00,D0,3.5211267605633756,38.46153846153833,True,1.4162873039959445,-0.18112547623507275,,True,12.900414084703728,4497.89153878265,-88.20506177050433,0.242494294482265,0.0,0.0,0.0,0.0,,12.91126697607181,5471.582903802701,-90.3825087112563,0.24470642882947757,0.7352941176470562,0.0,0.050581689428441656,-0.04371136005768078,,6.782664769319361,24.676830313630038,-40.70648388154192,7.693280040924466,0.0,0.0,0.0,0.0,,6.782664769319361,24.676830313630038,-40.70648388154192,7.693280040924466,0.0,0.0,0.0,0.0,,6.782664769319361,24.676830313630038,-40.70648388154192,7.693280040924466,0.0,0.0,0.0,0.0,,6.782664769319361,24.676830313630038,-40.70648388154192,7.693280040924466,0.0,0.0,0.0,0.0,,12.900414084703728,1750098.1124311897,-1034405.4568,0.242494294482265,0.0,0.0,0.0,0.0,1927329.9556296696,1807633.4531049302,1.066217242394546,0.0,False,False,rising,falling,buy_advantage_accelerating,accelerating,leading_buy_inflow,False,False,False,pass,S0,🌱 초발사 준비,발사 구조 관찰 또는 초기 준비,S0,False,,,2026-09-03T14:00:00Z,33765068330-1
