market,snapshot_kst,snapshot_epoch,price,value_accel_pct,launch_score,bid_trade_value_15m,ask_trade_value_15m,buy_sell_ratio_15m,trade_count_15m,trade_unknown_value_15m,trade_coverage_15m,trade_oldest_timestamp,trade_newest_timestamp,total_bid_size,total_ask_size,orderbook_imbalance,day_open,day_high,day_high_return_pct,current_day_return_pct,drawdown_from_day_high_pct,gain_retrace_pct,path_5d_status,path_5d_source,path_5d_points,stage_provisional,max_rally_5d_pct,max_rally_5d_base_price,max_rally_5d_base_time_kst,high_5d,high_5d_time_kst,max_rally_day,drawdown_from_5d_high_pct,gain_retrace_5d_pct,post_surge_higher_low,slope15,gap120,f120up,higher_low,buy_sell_ratio_change_15m,bid_trade_value_change_15m,ask_trade_value_change_15m,value_accel_change_15m,price_change_15m,launch_score_change_15m,slope15_change_15m,gap120_change_15m,f120up_change_15m,buy_sell_ratio_change_30m,bid_trade_value_change_30m,ask_trade_value_change_30m,value_accel_change_30m,price_change_30m,launch_score_change_30m,slope15_change_30m,gap120_change_30m,f120up_change_30m,buy_sell_ratio_change_45m,bid_trade_value_change_45m,ask_trade_value_change_45m,value_accel_change_45m,price_change_45m,launch_score_change_45m,slope15_change_45m,gap120_change_45m,f120up_change_45m,buy_sell_ratio_change_60m,bid_trade_value_change_60m,ask_trade_value_change_60m,value_accel_change_60m,price_change_60m,launch_score_change_60m,slope15_change_60m,gap120_change_60m,f120up_change_60m,buy_sell_ratio_change_90m,bid_trade_value_change_90m,ask_trade_value_change_90m,value_accel_change_90m,price_change_90m,launch_score_change_90m,slope15_change_90m,gap120_change_90m,f120up_change_90m,buy_sell_ratio_change_120m,bid_trade_value_change_120m,ask_trade_value_change_120m,value_accel_change_120m,price_change_120m,launch_score_change_120m,slope15_change_120m,gap120_change_120m,f120up_change_120m,delta_buy_sell_ratio,delta_bid_trade_value_15m,delta_ask_trade_value_15m,delta_value_accel_pct,delta_price_pct_15m,delta_launch_score,delta_slope15,delta_gap120,trade_value_15m,normal_trade_value_15m_median,trade_value_anomaly_ratio,surge_return_from_120m,surge_success_15_120m,signal_failure_120m,buy_pressure_trend,sell_pressure_trend,buy_sell_state,value_accel_direction,flow_signal,first_surge_retrace_gate,first_surge_retrace_seen,second_ignition_reentry,candidate_gate,stage,stage_label,stage_reason,stage_previous,stage_changed,stage_change_reason,stage_change_kst,scan_cycle,scan_run_id
KRW-0G,2026-09-05T20:55:55.372412+09:00,1788609355,266.0,-29.687606664935085,7.0,15311963.22975844,16888760.938801117,0.90663627043118,48,0.0,complete,1788608549337,1788609357208,1152959.29466199,1889741.49873232,-0.24214743877212017,269.0,273.0,1.486988847583648,-1.115241635687736,2.564102564102564,175.0,complete_hourly_ordered,/v1/candles/minutes/60,120,False,29.241877256317682,277.0,2026-08-31T22:00:00,358.0,2026-09-01T11:00:00,D-4,25.698324022346362,113.58024691358027,False,0.7707129094412402,36.62389370956225,,True,,2186.247919990963,,0.03993765049140663,-1.115241635687736,0.0,-0.05505092210293938,0.03187813020489472,,0.8667876969137325,21533.86542059675,850.8539474923342,0.06911508508603603,-1.4814814814814836,0.0,-0.08257638315443128,0.047816160661440676,,0.8667876969137325,21533.86542059675,850.8539474923342,0.06911508508603603,-1.4814814814814836,0.0,-0.08257638315443128,0.047816160661440676,,0.8667876969137325,21533.86542059675,850.8539474923342,0.06911508508603603,-1.4814814814814836,0.0,-0.08257638315443128,0.047816160661440676,,0.8757161535695736,3165.858398806347,11.37953183422351,-2578.244907936963,-2.564102564102566,-1.0,-0.6232095884678879,-1.190549856233126,,0.8757161535695736,3165.858398806347,11.37953183422351,-2578.244907936963,-2.564102564102566,-1.0,-0.6232095884678879,-1.190549856233126,,,14642221.19977689,16888760.938801117,0.03993765049140663,-1.115241635687736,0.0,-0.05505092210293938,0.03187813020489472,32200724.16855956,23218611.68690473,1.3868496791615121,-2.564102564102566,False,True,rising,rising,sell_advantage_weakening,accelerating,neutral,True,True,False,🔴 1차 급등 완료·상승분 반납 / 신규매수 금지,S3,🔴 1차 급등 완료·반납,당일/5D 급등 후 상승분 상당 부분 반납,S3,False,,,2026-09-05T11:40:00Z,33964283536-1
KRW-1INCH,2026-09-05T20:55:55.372412+09:00,1788609355,124.0,454.13350623029015,7.0,0.0,0.0,,0,0.0,complete,,,1494968.42675238,1424456.32257358,0.024152739061035888,125.0,126.0,0.8000000000000007,-0.8000000000000007,1.5873015873015872,200.0,complete_hourly_ordered,/v1/candles/minutes/60,120,False,8.403361344537807,119.0,2026-09-02T19:00:00,129.0,2026-09-04T18:00:00,D-1,3.875968992248058,49.99999999999986,False,-0.3222341568206222,-4.028585441042532,,False,,,,0.30742578134976384,0.0,0.0,0.0,0.0,,,-100.0,-100.0,0.32306087972591513,-0.8000000000000007,0.0,-0.05370569280342963,0.04875798056318015,,,-100.0,-100.0,0.32306087972591513,-0.8000000000000007,0.0,-0.05370569280342963,0.04875798056318015,,,-100.0,-100.0,0.32306087972591513,-0.8000000000000007,0.0,-0.05370569280342963,0.04875798056318015,,,-100.0,,2.6764948420219525,-0.8000000000000007,0.0,-0.4836112412746285,0.16110470374309394,,,-100.0,,2.6764948420219525,-0.8000000000000007,0.0,-0.4836112412746285,0.16110470374309394,,,0.0,0.0,0.30742578134976384,0.0,0.0,0.0,0.0,0,1723199.2583474999,0.0,-0.8000000000000007,False,True,flat_or_na,flat_or_na,unavailable,accelerating,neutral,False,False,False,pass,S0,🌱 초발사 준비,발사 구조 관찰 또는 초기 준비,S0,False,,,2026-09-05T11:40:00Z,33964283536-1
KRW-2Z,2026-09-05T20:55:55.372412+09:00,1788609355,72.0,0.292961610248077,4.0,379527.81641104,305627.4362817401,1.2417989072851938,4,0.0,complete,1788608479276,1788608592298,1250257.61632115,1095026.86293746,0.06618845379165324,70.9,72.4,2.115655853314524,1.5514809590973178,0.5524861878453117,26.666666666666668,complete_hourly_ordered,/v1/candles/minutes/60,120,False,4.389574759945125,72.9,2026-09-01T01:00:00,76.1,2026-09-02T01:00:00,D-3,5.387647831800257,128.12500000000014,True,-0.714347939715998,25.667093323767514,,False,,-78.31183840243614,,0.051642199110424336,0.0,0.0,0.0,0.0,,,,,0.2101543668860728,0.0,0.0,0.0,0.0,,,,,0.2101543668860728,0.0,0.0,0.0,0.0,,,,,0.2101543668860728,0.0,0.0,0.0,0.0,,,,,-41.811016837360235,1.6949152542372836,-2.0,-0.3930000154498847,0.0801190071863509,,,,,-41.811016837360235,1.6949152542372836,-2.0,-0.3930000154498847,0.0801190071863509,,,-1370402.96819576,305627.4362817401,0.051642199110424336,0.0,0.0,0.0,0.0,685155.2526927801,1749930.7846068,0.3915327730214946,1.6949152542372836,False,False,falling,rising,buy_advantage_weakening,accelerating,neutral,False,False,False,pass,S0,🌱 초발사 준비,발사 구조 관찰 또는 초기 준비,S0,False,,,2026-09-05T11:40:00Z,33964283536-1
KRW-A,2026-09-05T20:55:55.372412+09:00,1788609355,108.0,-27.011978727307863,7.0,2796947.52623676,10700.0,261.39696506885605,2,0.0,complete,1788609273599,1788609332424,1468192.61031443,3459502.51182304,-0.40410574358846413,106.0,109.0,2.8301886792452935,1.8867924528301883,0.9174311926605505,33.33333333333359,complete_hourly_ordered,/v1/candles/minutes/60,120,False,7.843137254901955,102.0,2026-09-01T18:00:00,110.0,2026-09-04T03:00:00,D-1,1.8181818181818188,24.99999999999993,False,0.12730744748568057,-0.6639468842492564,,True,,77.93006329333649,,0.059366819341786226,0.0,0.0,0.0,0.0,,261.39696506885605,,-94.91575162648469,0.09668714967891745,1.8867924528301883,0.0,0.12730744748568057,-0.11190272071617102,,261.39696506885605,,-94.91575162648469,0.09668714967891745,1.8867924528301883,0.0,0.12730744748568057,-0.11190272071617102,,261.39696506885605,,-94.91575162648469,0.09668714967891745,1.8867924528301883,0.0,0.12730744748568057,-0.11190272071617102,,,,,-0.08171634207428013,2.857142857142847,-1.0,-0.461756453141815,-0.4086820469805911,,,,,-0.08171634207428013,2.857142857142847,-1.0,-0.461756453141815,-0.4086820469805911,,,1225011.0729653998,10700.0,0.059366819341786226,0.0,0.0,0.0,0.0,2807647.52623676,1129999.9999994,2.4846438285294257,2.857142857142847,False,False,rising,rising,buy_advantage_weakening,accelerating,neutral,False,False,False,pass,S0,🌱 초발사 준비,발사 구조 관찰 또는 초기 준비,S0,False,,,2026-09-05T11:40:00Z,33964283536-1
KRW-AAVE,2026-09-05T20:55:55.372412+09:00,1788609355,177800.0,46.368917574602065,6.0,12587498.306565002,402956.62833800004,31.23784899253874,14,0.0,complete,1788608554562,1788609247120,829.89737788,570.04022181,0.18562052774890989,178700.0,180200.0,0.8393956351427034,-0.5036373810856198,1.3318534961154271,159.99999999999974,complete_hourly_ordered,/v1/candles/minutes/60,120,False,10.355029585798814,169000.0,2026-08-31T22:00:00,186500.0,2026-09-02T14:00:00,D-3,4.664879356568363,49.714285714285616,True,0.3515536402812325,-32.43371330223742,,True,31.213876001447094,3123.223842031542,-97.5263880534839,0.1870481975115439,0.16901408450704647,0.0,0.0037801466696851804,-0.004162844837651392,,31.153506921541815,1212.9304434839082,-96.4550929001291,0.3675084383992768,-0.28042624789680337,0.0,-0.02268088001815549,0.024975978800192422,,31.153506921541815,1212.9304434839082,-96.4550929001291,0.3675084383992768,-0.28042624789680337,0.0,-0.02268088001815549,0.024975978800192422,,31.153506921541815,1212.9304434839082,-96.4550929001291,0.3675084383992768,-0.28042624789680337,0.0,-0.02268088001815549,0.024975978800192422,,,,,16.06054257314966,-0.33632286995515237,-2.0,-1.261969217959269,-0.17875374125388532,,,,,16.06054257314966,-0.33632286995515237,-2.0,-1.261969217959269,-0.17875374125388532,,31.213876001447094,12196973.201159002,-15887255.298619002,0.1870481975115439,0.16901408450704647,0.0,0.0037801466696851804,-0.004162844837651392,12990454.934903001,21073459.659200996,0.616436747690414,-0.33632286995515237,False,False,rising,falling,buy_advantage_accelerating,accelerating,leading_buy_inflow,False,False,False,pass,S0,🌱 초발사 준비,발사 구조 관찰 또는 초기 준비,S0,False,,,2026-09-05T11:40:00Z,33964283536-1
KRW-ADA,2026-09-05T20:55:55.372412+09:00,1788609355,292.0,31.48951299810614,8.0,157444321.7124386,57426228.97166583,2.7416796215214103,138,0.0,complete,1788608502501,1788609603318,6353942.91732365,5343677.4422756,0.08636504211893069,290.0,294.0,1.379310344827589,0.6896551724137945,0.6802721088435374,50.0,complete_hourly_ordered,/v1/candles/minutes/60,120,False,17.42424242424243,264.0,2026-09-02T19:00:00,310.0,2026-09-04T13:00:00,D-1,6.129032258064515,41.30434782608695,False,-0.5269186712485774,-2.9489345306896517,,False,2.6327709816583025,2668.98314852119,9.993226831501346,0.5410363375092366,0.6896551724137945,0.0,0.04581901489117968,-0.0413201971291004,,1.6926045396027918,450.40435286821736,110.60647897771898,0.804465674882703,0.0,0.0,0.0,0.0,,1.6926045396027918,450.40435286821736,110.60647897771898,0.804465674882703,0.0,0.0,0.0,0.0,,1.6926045396027918,450.40435286821736,110.60647897771898,0.804465674882703,0.0,0.0,0.0,0.0,,2.695930095159357,10294.494430588731,73.44958661090637,9.734774512702817,0.0,0.0,-0.9176334494604865,0.2707736278735835,,2.695930095159357,10294.494430588731,73.44958661090637,9.734774512702817,0.0,0.0,-0.9176334494604865,0.2707736278735835,,2.6327709816583025,151758323.88336104,5217351.5472067,0.5410363375092366,0.6896551724137945,0.0,0.04581901489117968,-0.0413201971291004,214870550.68410444,177432804.22039294,1.2109967580583876,0.0,False,False,rising,rising,buy_advantage_accelerating,accelerating,neutral,False,False,False,pass,S0,🌱 초발사 준비,발사 구조 관찰 또는 초기 준비,S0,False,,,2026-09-05T11:40:00Z,33964283536-1
KRW-AERO,2026-09-05T20:55:55.372412+09:00,1788609355,709.0,95.02017419819583,10.0,0.0,0.0,,0,0.0,complete,,,88362.43055106,90608.66796203,-0.012550838820524492,685.0,720.0,5.109489051094895,3.5036496350364876,1.5277777777777777,31.428571428571665,complete_hourly_ordered,/v1/candles/minutes/60,120,False,15.384615384615374,624.0,2026-09-02T20:00:00,720.0,2026-09-05T14:00:00,D0,1.5277777777777724,11.458333333333295,False,0.41075794621028283,-3.928838050891422,,True,,-100.0,-100.0,0.15187664580277271,0.14124293785311437,0.0,0.00977995110025276,-0.008807682676829298,,,-100.0,,0.8214018960452876,0.8534850640113723,1.0,0.05867970660147215,-0.0528494396924204,,,-100.0,,0.8214018960452876,0.8534850640113723,1.0,0.05867970660147215,-0.0528494396924204,,,-100.0,,0.8214018960452876,0.8534850640113723,1.0,0.05867970660147215,-0.0528494396924204,,,,,-18.67186639415671,3.958944281524923,1.0,0.214698736328911,-0.41062665436786006,,,,,-18.67186639415671,3.958944281524923,1.0,0.214698736328911,-0.41062665436786006,,,-220803.64466518996,-451038.49778496,0.15187664580277271,0.14124293785311437,0.0,0.00977995110025276,-0.008807682676829298,0,3718270.94010216,0.0,3.958944281524923,False,False,falling,falling,unavailable,accelerating,neutral,False,False,False,pass,S0,🌱 초발사 준비,발사 구조 관찰 또는 초기 준비,S0,False,,,2026-09-05T11:40:00Z,33964283536-1
KRW-AGLD,2026-09-05T20:55:55.372412+09:00,1788609355,235.0,-17.248197271336174,8.0,70500.0,0.0,,2,0.0,complete,1788609052542,1788609066145,276651.88464419,600725.38445172,-0.3693661908308501,233.0,238.0,2.145922746781115,0.8583690987124415,1.2605042016806722,60.000000000000206,complete_hourly_ordered,/v1/candles/minutes/60,120,False,8.675799086757996,219.0,2026-09-03T07:00:00,238.0,2026-09-05T15:00:00,D0,1.2605042016806678,15.78947368421058,False,-0.3170942634765139,12.414120626879841,,True,,1282.3529417863322,-100.0,0.005528752548766391,0.0,0.0,0.0,0.0,,,,,0.010171414671013679,-0.4237288135593209,0.0,-0.028826751225141667,0.02255474326052287,,,,,0.010171414671013679,-0.4237288135593209,0.0,-0.028826751225141667,0.02255474326052287,,,,,0.010171414671013679,-0.4237288135593209,0.0,-0.028826751225141667,0.02255474326052287,,,-95.50562361346053,,-7.4870033835237155,3.0701754385964897,0.0,-0.37486433857761847,-0.28749227634597396,,,-95.50562361346053,,-7.4870033835237155,3.0701754385964897,0.0,-0.37486433857761847,-0.28749227634597396,,,65400.00000225,-54100.99999845,0.005528752548766391,0.0,0.0,0.0,0.0,70500.0,643341.90162972,0.10958403272258299,3.0701754385964897,False,False,rising,falling,buy_only,accelerating,neutral,False,False,False,pass,S0,🌱 초발사 준비,발사 구조 관찰 또는 초기 준비,S0,False,,,2026-09-05T11:40:00Z,33964283536-1
KRW-AHT,2026-09-05T20:55:55.372412+09:00,1788609355,1.33,992.6291409087349,7.0,0.0,0.0,,0,0.0,complete,,,179531631.2624862,195623064.80160627,-0.04289279518007413,1.33,1.34,0.7518796992481258,0.0,0.7462686567164185,100.0,complete_hourly_ordered,/v1/candles/minutes/60,120,False,34.883720930232556,1.29,2026-08-31T23:00:00,1.74,2026-09-01T18:00:00,D-4,23.563218390804597,91.1111111111111,False,0.10219724067450642,18.34523003178242,,False,,,,0.0,0.0,0.0,0.0,0.0,,,-100.0,,0.0011104680042990367,0.0,0.0,0.0,0.0,,,-100.0,,0.0011104680042990367,0.0,0.0,0.0,0.0,,,-100.0,,0.0011104680042990367,0.0,0.0,0.0,0.0,,,,,-176.1815503496881,1.526717557251911,-1.0,-0.41167737391951675,-0.5434284795175905,,,,,-176.1815503496881,1.526717557251911,-1.0,-0.41167737391951675,-0.5434284795175905,,,0.0,0.0,0.0,0.0,0.0,0.0,0.0,0,894046.296708711,0.0,1.526717557251911,False,True,flat_or_na,flat_or_na,unavailable,flat_or_na,neutral,True,True,False,🔴 1차 급등 완료·상승분 반납 / 신규매수 금지,S3,🔴 1차 급등 완료·반납,당일/5D 급등 후 상승분 상당 부분 반납,S3,False,,,2026-09-05T11:40:00Z,33964283536-1
KRW-AI,2026-09-05T20:55:55.372412+09:00,1788609355,27.3,,,385803.6,0.0,,5,0.0,complete,1788608661153,1788608965102,6362326.65260873,4205738.97740784,0.20406645366352713,27.1,27.4,1.1070110701106861,0.7380073800737907,0.36496350364962726,33.33333333333333,complete_hourly_ordered,/v1/candles/minutes/60,120,False,6.201550387596888,25.8,2026-09-04T21:00:00,27.4,2026-09-05T13:00:00,D0,0.36496350364962904,6.249999999999664,False,,,,True,,-60.93915846397775,,,0.0,,,,,,-86.22095433334879,-100.0,,0.0,,,,,,-86.22095433334879,-100.0,,0.0,,,,,,-86.22095433334879,-100.0,,0.0,,,,,,,,,2.2471910112359605,,,,,,,,,2.2471910112359605,,,,,,-601895.5504246231,0.0,,0.0,,,,385803.6,1014677.0468882176,0.3802230484893409,2.2471910112359605,False,False,falling,flat_or_na,buy_only,flat_or_na,neutral,False,False,False,pass,S0,🌱 초발사 준비,발사 구조 관찰 또는 초기 준비,S0,False,,,2026-09-05T11:40:00Z,33964283536-1
KRW-AKT,2026-09-05T20:55:55.372412+09:00,1788609355,715.0,-12.840862944975628,7.0,6020229.166991659,6493450.955018811,0.9271232213340432,65,0.0,complete,1788608542613,1788609371563,108941.03048778,149913.56591058,-0.15828397870032793,695.0,723.0,4.028776978417259,2.877697841726623,1.1065006915629323,28.571428571428335,complete_hourly_ordered,/v1/candles/minutes/60,120,False,7.964601769911495,678.0,2026-09-02T10:00:00,732.0,2026-09-04T20:00:00,D-1,1.912568306010931,25.92592592592591,False,-0.7965242577842147,19.778218981307813,,False,,209.54524566056327,,0.22469768416739733,-0.694444444444442,0.0,-0.04525706010137798,0.032926122988659046,,-7.46243066186596,1.7158682647497647,820.4286312187282,0.3346252843454245,-0.41782729805014407,0.0,-0.027154236060833448,0.01975603528768133,,-7.46243066186596,1.7158682647497647,820.4286312187282,0.3346252843454245,-0.41782729805014407,0.0,-0.027154236060833448,0.01975603528768133,,-7.46243066186596,1.7158682647497647,820.4286312187282,0.3346252843454245,-0.41782729805014407,0.0,-0.027154236060833448,0.01975603528768133,,,5920.229167042831,,9.634715973985385,1.9971469329529201,0.0,-0.5078719034634305,0.4143206700410751,,,5920.229167042831,,9.634715973985385,1.9971469329529201,0.0,-0.5078719034634305,0.4143206700410751,,,4075366.7433596593,6493450.955018811,0.22469768416739733,-0.694444444444442,0.0,-0.04525706010137798,0.032926122988659046,12513680.12201047,3903347.9271832947,3.2058838605864426,1.9971469329529201,False,False,rising,rising,sell_advantage_weakening,accelerating,neutral,False,False,False,pass,S0,🌱 초발사 준비,발사 구조 관찰 또는 초기 준비,S0,False,,,2026-09-05T11:40:00Z,33964283536-1
KRW-ALGO,2026-09-05T20:55:55.372412+09:00,1788609355,130.0,54.771217606624,11.0,38551306.11432198,10517.91813261,3665.298172914714,91,0.0,complete,1788608507558,1788609365652,5743546.92203175,5505201.06716232,0.021188656292984172,124.0,130.0,4.8387096774193505,4.8387096774193505,0.0,0.0,complete_hourly_ordered,/v1/candles/minutes/60,120,False,12.93103448275863,116.0,2026-08-31T21:00:00,131.0,2026-09-04T01:00:00,D-1,1.526717557251911,13.333333333333444,False,-0.2132196162046851,8.738574040219381,12.374720835506055,False,,5840.435275335652,,0.8112540745710106,0.7751937984496138,0.0,0.05330490405117683,-0.043192063747957476,-0.21517512399132777,,32040.81227272447,,1.2106004633813257,0.7751937984496138,0.0,0.05330490405117683,-0.043192063747957476,-0.21517512399132777,,32040.81227272447,,1.2106004633813257,0.7751937984496138,0.0,0.05330490405117683,-0.043192063747957476,-0.21517512399132777,,32040.81227272447,,1.2106004633813257,0.7751937984496138,0.0,0.05330490405117683,-0.043192063747957476,-0.21517512399132777,,3755.1306114321974,,21.558066349912863,4.0000000000000036,0.0,-0.426894829879898,-0.17135555434241567,2.2836208266514593,,3755.1306114321974,,21.558066349912863,4.0000000000000036,0.0,-0.426894829879898,-0.17135555434241567,2.2836208266514593,,37902341.78212254,10517.91813261,0.8112540745710106,0.7751937984496138,0.0,0.05330490405117683,-0.043192063747957476,38561824.03245459,5999479.604899432,6.427528147768576,4.0000000000000036,False,False,rising,rising,buy_advantage_weakening,accelerating,neutral,False,False,False,pass,S2,🚀 발사 진행,가격 상승 초입과 실제 매수수급·구조 동반,S0,True,가격 상승 초입과 실제 매수수급·구조 동반,2026-09-05T20:55:55.372412+09:00,2026-09-05T11:40:00Z,33964283536-1
KRW-ALT,2026-09-05T20:55:55.372412+09:00,1788609355,8.79,-21.63706857944834,9.0,0.0,0.0,,0,0.0,complete,,,5853858.25445603,8548376.40443578,-0.18709028243170434,8.83,8.89,0.679501698754259,-0.45300113250283935,1.1248593925759438,166.66666666666669,complete_hourly_ordered,/v1/candles/minutes/60,120,False,7.757575757575763,8.25,2026-09-02T03:00:00,8.89,2026-09-05T09:00:00,D0,1.1248593925759387,15.625000000000089,False,-0.5336179295624355,7.13580356745697,,False,,-100.0,,0.04642221753421438,0.0,0.0,0.015246226558907061,-0.012582151785382578,,,,-100.0,0.05869694813047488,0.22805017103761926,0.0,0.007623113279453531,-0.006291019924248076,,,,-100.0,0.05869694813047488,0.22805017103761926,0.0,0.007623113279453531,-0.006291019924248076,,,,-100.0,0.05869694813047488,0.22805017103761926,0.0,0.007623113279453531,-0.006291019924248076,,,,,3.290289170240065,0.8027522935779574,0.0,-0.44214754310004656,0.14684716527485708,,,,,3.290289170240065,0.8027522935779574,0.0,-0.44214754310004656,0.14684716527485708,,,-499999.99999999255,0.0,0.04642221753421438,0.0,0.0,0.015246226558907061,-0.012582151785382578,0,1159080.7473532706,0.0,0.8027522935779574,False,False,falling,flat_or_na,unavailable,accelerating,neutral,False,False,False,pass,S0,🌱 초발사 준비,발사 구조 관찰 또는 초기 준비,S0,False,,,2026-09-05T11:40:00Z,33964283536-1
KRW-ANIME,2026-09-05T20:55:55.372412+09:00,1788609355,3.93,-79.1107624652611,7.0,1369708.5499044266,0.0,,4,0.0,complete,1788608590293,1788609210382,37160789.99231746,38997931.12535557,-0.024122531288301698,3.86,3.96,2.590673575129543,1.81347150259068,0.7575757575757527,30.0,complete_hourly_ordered,/v1/candles/minutes/60,120,False,7.608695652173902,3.68,2026-09-02T03:00:00,3.96,2026-09-02T16:00:00,D-3,0.7575757575757569,10.714285714285705,True,-0.03511852502195989,15.405475686318223,,False,,-63.58971198897794,-100.0,0.03225486651254528,-0.25380710659898,0.0,-0.03511852502195989,0.026575240553002644,,,10.996918662050925,-100.0,0.04637332388313098,0.0,0.0,0.0,0.0,,,10.996918662050925,-100.0,0.04637332388313098,0.0,0.0,0.0,0.0,,,10.996918662050925,-100.0,0.04637332388313098,0.0,0.0,0.0,0.0,,,191.07899683912802,,-1754.5814897172652,2.8795811518324665,-2.0,-0.35241096288549656,-0.5619655732103777,,,191.07899683912802,,-1754.5814897172652,2.8795811518324665,-2.0,-0.35241096288549656,-0.5619655732103777,,,-2392163.779943089,-929700.7636078234,0.03225486651254528,-0.25380710659898,0.0,-0.03511852502195989,0.026575240553002644,1369708.5499044266,5276366.880773668,0.2595931217170379,2.8795811518324665,False,True,falling,falling,buy_only,accelerating,neutral,False,True,False,pass,S0,🌱 초발사 준비,발사 구조 관찰 또는 초기 준비,S0,False,,,2026-09-05T11:40:00Z,33964283536-1
KRW-ANKR,2026-09-05T20:55:55.372412+09:00,1788609355,5.83,10062.022824412958,14.0,2998866.593363962,133994.95513675318,22.380444027190165,22,0.0,complete,1788608456752,1788609319525,17040726.30032383,16759362.3291313,0.008324356018029328,5.75,5.85,1.7391304347825987,1.3913043478260834,0.3418803418803346,19.999999999999744,complete_hourly_ordered,/v1/candles/minutes/60,120,False,32.706766917293216,5.32,2026-09-02T10:00:00,7.06,2026-09-03T09:00:00,D-2,17.422096317280445,70.68965517241382,True,0.5037783375314797,1.9598666120634125,1.6906079353529833,True,16.309286778881557,-46.342755519426404,-85.44436525223847,1.2822050824561302,0.6908462867012188,0.0,0.047978889288735616,-0.041069498397620086,-0.047744074340287046,22.377517788830517,49881.10988948684,-93.46498037131401,3.6550739849080855,1.2152777777777901,0.0,0.08396305625526512,-0.07187477607379633,-0.08400543870323873,22.377517788830517,49881.10988948684,-93.46498037131401,3.6550739849080855,1.2152777777777901,0.0,0.08396305625526512,-0.07187477607379633,-0.08400543870323873,22.377517788830517,49881.10988948684,-93.46498037131401,3.6550739849080855,1.2152777777777901,0.0,0.08396305625526512,-0.07187477607379633,-0.08400543870323873,22.313022014292134,200.47336399116898,-99.09481156862144,889.226254726831,0.3442340791738552,0.0,-0.4885973129586496,-0.6655709608654152,-0.41402426869941045,22.313022014292134,200.47336399116898,-99.09481156862144,889.226254726831,0.3442340791738552,0.0,-0.4885973129586496,-0.6655709608654152,-0.41402426869941045,16.309286778881557,-2590064.8219450936,-786576.0639825594,1.2822050824561302,0.6908462867012188,0.0,0.047978889288735616,-0.041069498397620086,3132861.5485007153,54606073.05219223,0.057372035258905,0.3442340791738552,False,True,falling,falling,buy_advantage_accelerating,accelerating,neutral,True,True,False,🔴 1차 급등 완료·상승분 반납 / 신규매수 금지,S1,⚡ 선행 시동,가격 미급등 상태에서 선행조건 6개 개선,S4,True,가격 미급등 상태에서 선행조건 6개 개선,2026-09-05T20:55:55.372412+09:00,2026-09-05T11:40:00Z,33964283536-1
KRW-API3,2026-09-05T20:55:55.372412+09:00,1788609355,318.0,2.9261771413712,8.0,0.0,2048847.9450834,0.0,1,0.0,complete,1788608466774,1788608466774,421156.75283198,304721.63512266,0.16040581954424574,314.0,320.0,1.9108280254777066,1.273885350318471,0.625,33.33333333333333,complete_hourly_ordered,/v1/candles/minutes/60,120,False,13.14878892733564,289.0,2026-08-31T18:00:00,327.0,2026-09-01T18:00:00,D-4,2.752293577981646,23.68421052631581,False,0.08470986869970609,13.328137178487918,,True,-0.007015827071200227,-100.0,-28.414527500552424,0.7383783563502,-0.31347962382445305,0.0,-0.02117746717491542,0.01635211097766387,,,-100.0,,1.489605081848011,-0.6249999999999978,-2.0,-0.042354934349853046,0.03270347227114634,,,-100.0,,1.489605081848011,-0.6249999999999978,-2.0,-0.042354934349853046,0.03270347227114634,,,-100.0,,1.489605081848011,-0.6249999999999978,-2.0,-0.042354934349853046,0.03270347227114634,,,,,-29.585288785215162,1.5974440894568787,-4.0,-0.3407315267480726,-0.5674012023797737,,,,,-29.585288785215162,1.5974440894568787,-4.0,-0.3407315267480726,-0.5674012023797737,,-0.007015827071200227,-20080.0,-813252.2458446,0.7383783563502,-0.31347962382445305,0.0,-0.02117746717491542,0.01635211097766387,2048847.9450834,1101904.5964872749,1.8593696329199956,1.5974440894568787,False,False,falling,falling,sell_only,accelerating,neutral,False,False,False,pass,S0,🌱 초발사 준비,발사 구조 관찰 또는 초기 준비,S0,False,,,2026-09-05T11:40:00Z,33964283536-1
KRW-APT,2026-09-05T20:55:55.372412+09:00,1788609355,821.0,14.30769807094656,5.0,48621.99998859,13509805.62245006,0.0035990155112070516,17,0.0,complete,1788608468257,1788609300796,131758.00525372,148005.65852951,-0.05807635293330729,794.0,836.0,5.289672544080615,3.400503778337538,1.7942583732057416,35.714285714285715,complete_hourly_ordered,/v1/candles/minutes/60,120,False,21.037868162692842,713.0,2026-08-31T21:00:00,863.0,2026-09-03T16:00:00,D-2,4.866743916570105,27.999999999999925,False,-0.576056102855238,20.88423115569544,,False,-2.619763973608426,-99.28334026492784,422.3813620492071,0.09491512863370843,0.12195121951219523,0.0,0.03339455668726066,-0.02394626111448872,,-0.0011546030099067995,73.6499999741343,129.35879367511163,0.1774597014199344,-0.2430133657351119,0.0,0.008348639171806838,-0.005986416136483541,,-0.0011546030099067995,73.6499999741343,129.35879367511163,0.1774597014199344,-0.2430133657351119,0.0,0.008348639171806838,-0.005986416136483541,,-0.0011546030099067995,73.6499999741343,129.35879367511163,0.1774597014199344,-0.2430133657351119,0.0,0.008348639171806838,-0.005986416136483541,,-51.85135033397232,-90.65113277979435,134599.3461598674,-15.663852826244497,3.1407035175879505,-1.0,-0.6011020203706807,-0.07565009610845763,,-51.85135033397232,-90.65113277979435,134599.3461598674,-15.663852826244497,3.1407035175879505,-1.0,-0.6011020203706807,-0.07565009610845763,,-2.619763973608426,-6735908.73462773,10923609.673679309,0.09491512863370843,0.12195121951219523,0.0,0.03339455668726066,-0.02394626111448872,13558427.622438649,25792484.78732793,0.5256735725245061,3.1407035175879505,False,False,falling,rising,sell_advantage_accelerating,accelerating,neutral,False,False,False,pass,S0,🌱 초발사 준비,발사 구조 관찰 또는 초기 준비,S0,False,,,2026-09-05T11:40:00Z,33964283536-1
KRW-ARB,2026-09-05T20:55:55.372412+09:00,1788609355,181.0,177.05102813708703,8.0,3416336.25330458,157991387.97686434,0.02162355997407185,110,0.0,complete,1788608621381,1788609524099,3082182.83213193,3015724.75307646,0.010898505450734673,180.0,188.0,4.444444444444451,0.5555555555555536,3.723404255319149,87.50000000000007,complete_hourly_ordered,/v1/candles/minutes/60,120,False,70.33898305084745,118.0,2026-08-31T21:00:00,201.0,2026-09-04T10:00:00,D-1,9.950248756218905,24.096385542168676,True,2.1505376344086002,-8.134859263841618,,False,-17.214009136061645,-89.52298498554211,8250.983036862252,0.40512923737037454,-1.0928961748633892,0.0,-0.09350163627865893,0.08558979906431397,,-0.028960867917386876,15.576664249748685,170.37081061984995,1.0454947120383906,-1.0928961748633892,0.0,-0.09350163627865893,0.08558979906431397,,-0.028960867917386876,15.576664249748685,170.37081061984995,1.0454947120383906,-1.0928961748633892,0.0,-0.09350163627865893,0.08558979906431397,,-0.028960867917386876,15.576664249748685,170.37081061984995,1.0454947120383906,-1.0928961748633892,0.0,-0.09350163627865893,0.08558979906431397,,-0.06557302971657197,165.3075581675605,969.8476254188747,-173.8446793307503,0.5555555555555536,0.0,-0.4886178358409099,-2.466093054134314,,-0.06557302971657197,165.3075581675605,969.8476254188747,-173.8446793307503,0.5555555555555536,0.0,-0.4886178358409099,-2.466093054134314,,-17.214009136061645,-29191579.728395954,156099498.27622107,0.40512923737037454,-1.0928961748633892,0.0,-0.09350163627865893,0.08558979906431397,161407724.2301689,106663457.04117756,1.513242948499759,0.5555555555555536,False,True,falling,rising,sell_advantage_accelerating,accelerating,neutral,False,False,False,pass,S0,🌱 초발사 준비,발사 구조 관찰 또는 초기 준비,S0,False,,,2026-09-05T11:40:00Z,33964283536-1
KRW-ARDR,2026-09-05T20:55:55.372412+09:00,1788609355,29.7,109.76141123180123,9.0,447804.64193399996,20684692.436101012,0.021649083897058392,23,0.0,complete,1788608889260,1788609301498,7416873.94874747,5037186.07126437,0.19107727710154696,30.2,30.4,0.6622516556291425,-1.655629139072845,2.3026315789473664,349.9999999999983,complete_hourly_ordered,/v1/candles/minutes/60,120,False,22.661870503597115,27.8,2026-08-31T21:00:00,34.1,2026-09-02T13:00:00,D-3,12.903225806451623,69.84126984126982,False,0.3871555454338482,23.493806000911206,,False,0.021649083897058392,,-8.206716088764033,0.026298675312787623,-0.3355704697986628,0.0,0.045547711227511556,-0.03139414662302542,,0.01649356066834451,7961.289683823912,1819.7193939459416,0.6730466322991902,-1.3289036544850585,-1.0,-0.022773855613755778,0.015696051677046796,,0.01649356066834451,7961.289683823912,1819.7193939459416,0.6730466322991902,-1.3289036544850585,-1.0,-0.022773855613755778,0.015696051677046796,,0.01649356066834451,7961.289683823912,1819.7193939459416,0.6730466322991902,-1.3289036544850585,-1.0,-0.022773855613755778,0.015696051677046796,,,,,-6.255679445629042,-2.3026315789473673,-1.0,-0.4854047301114939,-0.8121234828166237,,,,,-6.255679445629042,-2.3026315789473673,-1.0,-0.4854047301114939,-0.8121234828166237,,0.021649083897058392,447804.64193399996,-1849300.8526706286,0.026298675312787623,-0.3355704697986628,0.0,0.045547711227511556,-0.03139414662302542,21132497.078035012,4619783.710049994,4.574347719366784,-2.3026315789473673,False,True,rising,falling,sell_advantage_weakening,accelerating,leading_buy_inflow,True,True,False,🔴 1차 급등 완료·상승분 반납 / 신규매수 금지,S3,🔴 1차 급등 완료·반납,당일/5D 급등 후 상승분 상당 부분 반납,S3,False,,,2026-09-05T11:40:00Z,33964283536-1
KRW-ARK,2026-09-05T20:55:55.372412+09:00,1788609355,160.0,100.99827280443546,13.0,0.0,4405825.0503072,0.0,2,0.0,complete,1788609288860,1788609288860,1470832.42871019,2176542.78294277,-0.19348444107913917,161.0,162.0,0.6211180124223503,-0.6211180124223614,1.2345679012345678,200.00000000000176,complete_hourly_ordered,/v1/candles/minutes/60,120,False,14.093959731543615,149.0,2026-09-02T03:00:00,170.0,2026-09-04T16:00:00,D-1,5.882352941176472,47.619047619047585,False,0.5681818181818121,11.733397266842475,8.368421837664801,False,-0.11492205002722466,-100.0,-84.92316133002458,0.7454980085238958,0.0,0.0,0.04370629370626933,-0.03412934675682777,-0.06539993893033547,-1.0360489220602507,-100.0,1204.7337865208601,1.1781043696547897,-0.6211180124223614,0.0,0.0,0.0,0.0,-1.0360489220602507,-100.0,1204.7337865208601,1.1781043696547897,-0.6211180124223614,0.0,0.0,0.0,0.0,-1.0360489220602507,-100.0,1204.7337865208601,1.1781043696547897,-0.6211180124223614,0.0,0.0,0.0,0.0,,-100.0,,93.99277710019541,0.6289308176100628,1.0,-0.5817518394917842,-0.9931816303145471,-0.13087425502828864,,-100.0,,93.99277710019541,0.6289308176100628,1.0,-0.5817518394917842,-0.9931816303145471,-0.13087425502828864,-0.11492205002722466,-3358306.4588395497,-24816647.5565074,0.7454980085238958,0.0,0.0,0.04370629370626933,-0.03412934675682777,4405825.0503072,12711950.42564606,0.3465892253181347,0.6289308176100628,False,False,falling,falling,sell_only,accelerating,neutral,False,False,False,pass,S1,⚡ 선행 시동,가격 미급등 상태에서 선행조건 4개 개선,S0,True,가격 미급등 상태에서 선행조건 4개 개선,2026-09-05T20:55:55.372412+09:00,2026-09-05T11:40:00Z,33964283536-1
KRW-ARKM,2026-09-05T20:55:55.372412+09:00,1788609355,147.0,-16.621536780885005,10.0,5145.0,0.0,,1,0.0,complete,1788608602470,1788608602470,435812.65768137,1516919.52066915,-0.5536380641307376,146.0,149.0,2.0547945205479534,0.6849315068493178,1.342281879194631,66.66666666666666,complete_hourly_ordered,/v1/candles/minutes/60,120,False,5.47945205479452,146.0,2026-08-31T22:00:00,154.0,2026-09-01T15:00:00,D-4,4.545454545454541,87.49999999999994,False,-0.04387889425185865,10.292887029288693,13.021755980796375,True,,,-100.0,0.09154665656200223,1.379310344827589,0.0,0.04387889425186975,-0.034965683126383595,-0.1608647317833629,,,,0.41356815906646816,0.0,0.0,0.0,0.0,0.0,,,,0.41356815906646816,0.0,0.0,0.0,0.0,0.0,,,,0.41356815906646816,0.0,0.0,0.0,0.0,0.0,,,,-62.79788163961753,0.6849315068493178,-2.0,-0.5732128157339922,-0.24685781860139855,2.4293444043039276,,,,-62.79788163961753,0.6849315068493178,-2.0,-0.5732128157339922,-0.24685781860139855,2.4293444043039276,,5145.0,-4506916.291515941,0.09154665656200223,1.379310344827589,0.0,0.04387889425186975,-0.034965683126383595,5145.0,1705631.4053455899,0.0030164782284584726,0.6849315068493178,False,False,rising,falling,buy_only,accelerating,neutral,False,False,False,pass,S1,⚡ 선행 시동,가격 미급등 상태에서 선행조건 6개 개선,S0,True,가격 미급등 상태에서 선행조건 6개 개선,2026-09-05T20:55:55.372412+09:00,2026-09-05T11:40:00Z,33964283536-1
KRW-ARX,2026-09-05T20:55:55.372412+09:00,1788609355,182.0,,,1172015.86493446,5071.97802343,231.07668438631504,12,0.0,complete,1788608478421,1788609504500,969380.28058604,1320685.52298574,-0.15340399470258662,187.0,189.0,1.0695187165775444,-2.67379679144385,3.7037037037037033,349.999999999999,complete_hourly_ordered,/v1/candles/minutes/60,120,False,15.95092024539877,163.0,2026-08-31T23:00:00,189.0,2026-09-05T06:00:00,D0,3.703703703703709,26.923076923076916,False,,,,True,231.07668438631504,,-99.80625518836143,,0.5524861878453136,,,,,230.47210353439542,-89.66396981907235,-99.97295717675347,,0.5524861878453136,,,,,230.47210353439542,-89.66396981907235,-99.97295717675347,,0.5524861878453136,,,,,230.47210353439542,-89.66396981907235,-99.97295717675347,,0.5524861878453136,,,,,226.0172804625304,-67.90510982181608,-99.29728516863487,,0.0,,,,,226.0172804625304,-67.90510982181608,-99.29728516863487,,0.0,,,,,231.07668438631504,1172015.86493446,-2612793.2337128203,,0.5524861878453136,,,,1177087.8429578901,5388366.473682065,0.21844984907894427,0.0,False,False,rising,falling,buy_advantage_accelerating,flat_or_na,neutral,False,True,False,pass,S0,🌱 초발사 준비,발사 구조 관찰 또는 초기 준비,S0,False,,,2026-09-05T11:40:00Z,33964283536-1
KRW-ASTR,2026-09-05T20:55:55.372412+09:00,1788609355,8.0,-65.1560250050005,11.0,0.0,16211897.092713451,0.0,15,0.0,complete,1788608785065,1788609187577,4548261.02793892,9386883.35488255,-0.3472244128958172,7.91,8.06,1.896333754740831,1.1378002528444897,0.7444168734491377,40.00000000000047,complete_hourly_ordered,/v1/candles/minutes/60,120,False,9.510869565217384,7.36,2026-09-02T03:00:00,8.06,2026-09-05T20:00:00,D0,0.7444168734491385,8.571428571428557,False,0.42020484986431406,10.242566510172132,8.252325798638246,True,0.0,,16965.154834450965,0.8041249255877148,-0.12484394506866447,0.0,-0.008754267705479712,0.006946749019553167,0.014817857380544197,0.0,,15259.149391357161,0.815704010241447,-0.37359900373598043,0.0,-0.02626280311650575,0.020839839397609694,0.04435351925420328,0.0,,15259.149391357161,0.815704010241447,-0.37359900373598043,0.0,-0.02626280311650575,0.020839839397609694,0.04435351925420328,0.0,,15259.149391357161,0.815704010241447,-0.37359900373598043,0.0,-0.02626280311650575,0.020839839397609694,0.04435351925420328,,-100.0,,4.015336453443908,2.564102564102577,0.0,-0.42807649678231474,-0.9748586162378334,-0.23184329264137382,,-100.0,,4.015336453443908,2.564102564102577,0.0,-0.42807649678231474,-0.9748586162378334,-0.23184329264137382,0.0,0.0,16116897.092713539,0.8041249255877148,-0.12484394506866447,0.0,-0.008754267705479712,0.006946749019553167,16211897.092713451,959157.5638176089,16.90222514451887,2.564102564102577,False,True,flat_or_na,rising,sell_only,accelerating,neutral,False,False,False,pass,S0,🌱 초발사 준비,발사 구조 관찰 또는 초기 준비,S1,True,발사 구조 관찰 또는 초기 준비,2026-09-05T20:55:55.372412+09:00,2026-09-05T11:40:00Z,33964283536-1
KRW-ATH,2026-09-05T20:55:55.372412+09:00,1788609355,6.3,-16.746900364671045,10.0,1150217.585990576,1845470.3961834584,0.6232652598325575,31,0.0,complete,1788608457518,1788609480649,24788856.13819288,10543103.2955917,0.40319736213042645,6.29,6.37,1.2718600953895098,0.15898251192367763,1.0989010989011034,87.50000000000088,complete_hourly_ordered,/v1/candles/minutes/60,120,False,6.612903225806455,6.2,2026-09-02T19:00:00,6.61,2026-09-04T00:00:00,D-1,4.992435703479581,80.48780487804873,True,-0.28137875590392714,5.498613144768623,5.8604399758848045,True,-1.1405767125290929,-90.3546072620252,-72.70351863390749,0.13456124507967004,0.4784688995215447,0.0,0.030147723846862817,-0.025196379040901995,-0.05864505974916501,-0.07297368931046133,-88.15933572390654,-86.77299669332227,1.1553002380392279,0.4784688995215447,0.0,0.010049241282295007,-0.00839859304714885,-0.019477768595797862,-0.07297368931046133,-88.15933572390654,-86.77299669332227,1.1553002380392279,0.4784688995215447,0.0,0.010049241282295007,-0.00839859304714885,-0.019477768595797862,-0.07297368931046133,-88.15933572390654,-86.77299669332227,1.1553002380392279,0.4784688995215447,0.0,0.010049241282295007,-0.00839859304714885,-0.019477768595797862,0.46871569886007813,90.09154472015304,-52.86346492507421,-18.29958390918714,1.2861736334405238,-1.0,-0.7156783216043516,-0.24099536748314865,0.9642169600856025,0.46871569886007813,90.09154472015304,-52.86346492507421,-18.29958390918714,1.2861736334405238,-1.0,-0.7156783216043516,-0.24099536748314865,0.9642169600856025,-1.1405767125290929,-10774829.089009639,-4915365.813555606,0.13456124507967004,0.4784688995215447,0.0,0.030147723846862817,-0.025196379040901995,2995687.982174034,4621714.615204883,0.6481767550766944,1.2861736334405238,False,False,falling,falling,sell_advantage_accelerating,accelerating,neutral,False,False,False,pass,S1,⚡ 선행 시동,가격 미급등 상태에서 선행조건 5개 개선,S1,False,,,2026-09-05T11:40:00Z,33964283536-1
KRW-ATOM,2026-09-05T20:55:55.372412+09:00,1788609355,2105.0,2.7579140187510065,8.0,39999.99997618,1344543.8762153198,0.029749865871817976,11,0.0,complete,1788608633549,1788609256209,31053.56342239,23339.87021504,0.14181294857697574,2046.0,2135.0,4.349951124144669,2.883675464320623,1.405152224824356,33.70786516853933,complete_hourly_ordered,/v1/candles/minutes/60,120,False,7.99190692969145,1977.0,2026-09-02T21:00:00,2135.0,2026-09-05T18:00:00,D0,1.4051522248243575,18.98734177215188,False,-0.32838104954410197,14.12561288816251,,False,-44.67188561758675,-99.30775072651194,940.1618219215623,0.08214950390390552,0.3814973772055419,0.0,-0.003188165529577347,0.0024519755288316958,,-0.021130233021271493,143.53148228640381,316.5029165409041,0.7719066046003142,0.0,0.0,0.0,0.0,,-0.021130233021271493,143.53148228640381,316.5029165409041,0.7719066046003142,0.0,0.0,0.0,0.0,,-0.021130233021271493,143.53148228640381,316.5029165409041,0.7719066046003142,0.0,0.0,0.0,0.0,,,262.80930333194266,,8.234368105034262,2.883675464320623,0.0,-0.20738120875442023,0.0564192342814529,,,262.80930333194266,,8.234368105034262,2.883675464320623,0.0,-0.20738120875442023,0.0564192342814529,,-44.67188561758675,-5738265.360221401,1215280.92425161,0.08214950390390552,0.3814973772055419,0.0,-0.003188165529577347,0.0024519755288316958,1384543.8761914999,4121156.6651123,0.33596002013521403,2.883675464320623,False,False,falling,rising,sell_advantage_accelerating,accelerating,neutral,False,False,False,pass,S0,🌱 초발사 준비,발사 구조 관찰 또는 초기 준비,S0,False,,,2026-09-05T11:40:00Z,33964283536-1
KRW-AUCTION,2026-09-05T20:55:55.372412+09:00,1788609355,4695.0,-92.0978575107767,10.0,5634.0,6246667.96025797,0.0009019208377720995,4,0.0,complete,1788609297721,1788609495555,16909.53188509,17787.11955386,-0.025293151712756694,4622.0,4695.0,1.579402855906542,1.579402855906542,0.0,0.0,complete_hourly_ordered,/v1/candles/minutes/60,120,False,8.79818594104309,4410.0,2026-09-02T03:00:00,4798.0,2026-09-04T03:00:00,D-1,2.4385160483534785,30.15463917525782,True,0.3044699722005717,13.811173620359792,13.299188763133884,True,-0.2675986842694348,-96.34758255823145,987.3196983023611,1.8774346841610168e-05,0.4922945205479534,0.0,0.02353391089473522,-0.01804384622956512,-0.06381125897725859,-8.793050609215667,-98.8587130831058,11027.831346185898,0.002419157755781498,0.1279590531030106,0.0,0.01912130260197653,-0.014660555575508383,-0.05181252475742859,-8.793050609215667,-98.8587130831058,11027.831346185898,0.002419157755781498,0.1279590531030106,0.0,0.01912130260197653,-0.014660555575508383,-0.05181252475742859,-8.793050609215667,-98.8587130831058,11027.831346185898,0.002419157755781498,0.1279590531030106,0.0,0.01912130260197653,-0.014660555575508383,-0.05181252475742859,-0.6342608523238228,-99.58080117093844,195.21381436372712,-24.381613681549837,0.5784061696658016,0.0,-0.5614592707044341,-0.5944797386420291,0.5322235204685555,-0.6342608523238228,-99.58080117093844,195.21381436372712,-24.381613681549837,0.5784061696658016,0.0,-0.5614592707044341,-0.5944797386420291,0.5322235204685555,-0.2675986842694348,-148619.99998287,5672166.46175565,1.8774346841610168e-05,0.4922945205479534,0.0,0.02353391089473522,-0.01804384622956512,6252301.96025797,2971897.311829905,2.103808208772934,0.5784061696658016,False,True,falling,rising,sell_advantage_accelerating,accelerating,neutral,False,True,False,pass,S1,⚡ 선행 시동,가격 미급등 상태에서 선행조건 4개 개선,S0,True,가격 미급등 상태에서 선행조건 4개 개선,2026-09-05T20:55:55.372412+09:00,2026-09-05T11:40:00Z,33964283536-1
KRW-AVAX,2026-09-05T20:55:55.372412+09:00,1788609355,10260.0,15.4811944820908,11.0,23776306.3989304,2194889.305295,10.83257654113668,46,0.0,complete,1788609015819,1788609326456,27741.78119229,16885.19977136,0.24327393846724715,10120.0,10300.0,1.7786561264822032,1.383399209486158,0.3883495145631068,22.22222222222222,complete_hourly_ordered,/v1/candles/minutes/60,120,False,6.666666666666665,9675.0,2026-09-02T19:00:00,10320.0,2026-09-04T01:00:00,D-1,0.5813953488372103,9.302325581395433,True,-0.326285565126605,4.132309213158752,7.564644656100973,False,10.645905387782127,17.892533621535733,-97.96843021238296,0.8758676759724082,0.2932551319648091,0.0,0.006525711302529658,-0.005524426157728968,-0.02546492487895513,10.458545708675071,611.834614144256,-75.42153592986051,1.294180497344712,0.09756097560975618,0.0,-0.013051422605070417,0.011048592262948631,0.05062087396714876,10.458545708675071,611.834614144256,-75.42153592986051,1.294180497344712,0.09756097560975618,0.0,-0.013051422605070417,0.011048592262948631,0.05062087396714876,10.458545708675071,611.834614144256,-75.42153592986051,1.294180497344712,0.09756097560975618,0.0,-0.013051422605070417,0.011048592262948631,0.05062087396714876,10.83257654113668,,2092.711834386615,0.4933788371308552,1.7857142857142794,0.0,-0.35240204462517744,-0.036084184343808445,2.195603633800033,10.83257654113668,,2092.711834386615,0.4933788371308552,1.7857142857142794,0.0,-0.35240204462517744,-0.036084184343808445,2.195603633800033,10.645905387782127,3608526.7537340038,-105844190.55666327,0.8758676759724082,0.2932551319648091,0.0,0.006525711302529658,-0.005524426157728968,25971195.7042254,25616715.0253166,1.0138378663524372,1.7857142857142794,False,True,rising,falling,buy_advantage_accelerating,accelerating,leading_buy_inflow,False,False,False,pass,S1,⚡ 선행 시동,가격 미급등 상태에서 선행조건 6개 개선,S0,True,가격 미급등 상태에서 선행조건 6개 개선,2026-09-05T20:55:55.372412+09:00,2026-09-05T11:40:00Z,33964283536-1
KRW-AVNT,2026-09-05T20:55:55.372412+09:00,1788609355,144.0,-1.1673286885261813,10.0,4999999.99999968,1575820.62072292,3.17294997555362,2,0.0,complete,1788608867682,1788609191039,1846403.82572329,3179423.01780586,-0.26523380800491725,140.0,146.0,4.285714285714293,2.857142857142847,1.36986301369863,33.333333333333684,complete_hourly_ordered,/v1/candles/minutes/60,120,False,10.370370370370363,135.0,2026-09-01T01:00:00,149.0,2026-09-04T04:00:00,D-1,3.3557046979865723,35.71428571428568,True,0.04719207173193851,10.364145658263306,11.445938358025296,True,3.17294997555362,,30.381734667386652,0.18441767903896178,0.6993006993007089,0.0,0.04719207173193851,-0.0375456736605706,-0.13752543851833465,-10.016508776379045,-28.187875808740948,198.51181304678937,0.6704161620282312,-0.6896551724137945,0.0,-0.047192071731960716,0.037541705192808195,0.13524904298254548,-10.016508776379045,-28.187875808740948,198.51181304678937,0.6704161620282312,-0.6896551724137945,0.0,-0.047192071731960716,0.037541705192808195,0.13524904298254548,-10.016508776379045,-28.187875808740948,198.51181304678937,0.6704161620282312,-0.6896551724137945,0.0,-0.047192071731960716,0.037541705192808195,0.13524904298254548,,,,-33.45986148130964,4.347826086956519,-1.0,-0.28456148277042903,-0.5552736558541014,0.13297805918054095,,,,-33.45986148130964,4.347826086956519,-1.0,-0.28456148277042903,-0.5552736558541014,0.13297805918054095,3.17294997555362,4999999.99999968,367199.93106654007,0.18441767903896178,0.6993006993007089,0.0,0.04719207173193851,-0.0375456736605706,6575820.620722599,5523394.84606568,1.190539659754103,4.347826086956519,False,False,rising,rising,buy_advantage_accelerating,accelerating,neutral,False,False,False,pass,S2,🚀 발사 진행,가격 상승 초입과 실제 매수수급·구조 동반,S0,True,가격 상승 초입과 실제 매수수급·구조 동반,2026-09-05T20:55:55.372412+09:00,2026-09-05T11:40:00Z,33964283536-1
KRW-AWE,2026-09-05T20:55:55.372412+09:00,1788609355,83.7,-24.325195582461745,2.0,0.0,898925.404735278,0.0,3,0.0,complete,1788608495255,1788608734458,2490895.32182764,1204909.75428868,0.34795816907376464,84.2,84.3,0.11876484560569,-0.5938242280285055,0.7117437722419862,600.0000000000467,complete_hourly_ordered,/v1/candles/minutes/60,120,False,3.4482758620689724,84.1,2026-09-02T19:00:00,87.0,2026-09-02T20:00:00,D-3,3.7931034482758585,113.79310344827567,True,-0.6384124298130955,-2.9261199529908453,,True,0.0,,215.18830494810283,0.08579398494462609,0.11961722488038617,0.0,0.0,0.0,,0.0,,11.811180127566544,0.09205765224859874,0.0,0.0,0.0,0.0,,0.0,,11.811180127566544,0.09205765224859874,0.0,0.0,0.0,0.0,,0.0,,11.811180127566544,0.09205765224859874,0.0,0.0,0.0,0.0,,,,,-5.907917997031699,-0.5938242280285055,-1.0,-0.19430829505047154,0.6971478619903935,,,,,-5.907917997031699,-0.5938242280285055,-1.0,-0.19430829505047154,0.6971478619903935,,0.0,0.0,613722.7526624829,0.08579398494462609,0.11961722488038617,0.0,0.0,0.0,898925.404735278,2441669.006244286,0.36816022255120584,-0.5938242280285055,False,False,flat_or_na,rising,sell_only,accelerating,neutral,False,False,False,pass,S0,🌱 초발사 준비,발사 구조 관찰 또는 초기 준비,S0,False,,,2026-09-05T11:40:00Z,33964283536-1
KRW-AXL,2026-09-05T20:55:55.372412+09:00,1788609355,59.8,-78.78669339866677,10.0,177522.312316518,0.0,,3,0.0,complete,1788609125159,1788609125159,1090994.1481546,2078048.3268455,-0.31146763935086375,59.3,60.5,2.023608768971341,0.8431703204047292,1.1570247933884343,58.33333333333315,complete_hourly_ordered,/v1/candles/minutes/60,120,False,7.757166947723437,59.3,2026-09-01T09:00:00,63.9,2026-09-01T10:00:00,D-4,6.416275430359941,89.13043478260859,False,0.0578101514626006,12.593583900412833,12.045530425858958,True,,-75.6615040374179,-100.0,0.003996296190621251,-0.499168053244603,0.0,-0.034686090877578124,0.026988773534911914,0.08755154692229716,,-93.20116089215149,-100.0,0.11896078288100398,-0.33333333333334103,0.0,-0.011562030292533443,0.008996485000242416,0.02928486250028861,,-93.20116089215149,-100.0,0.11896078288100398,-0.33333333333334103,0.0,-0.011562030292533443,0.008996485000242416,0.02928486250028861,,-93.20116089215149,-100.0,0.11896078288100398,-0.33333333333334103,0.0,-0.011562030292533443,0.008996485000242416,0.02928486250028861,,-88.49339707296764,-100.0,-4935.593518190362,0.6734006734006703,-3.0,-0.44172516452254396,-0.582765662382764,1.6784323493436482,,-88.49339707296764,-100.0,-4935.593518190362,0.6734006734006703,-3.0,-0.44172516452254396,-0.582765662382764,1.6784323493436482,,-551866.687683482,-6806896.762184411,0.003996296190621251,-0.499168053244603,0.0,-0.034686090877578124,0.026988773534911914,177522.312316518,3445882.562594003,0.05151722645558825,0.6734006734006703,False,True,falling,falling,buy_only,accelerating,neutral,False,True,False,pass,S1,⚡ 선행 시동,가격 미급등 상태에서 선행조건 3개 개선,S1,False,,,2026-09-05T11:40:00Z,33964283536-1
KRW-AXS,2026-09-05T20:55:55.372412+09:00,1788609355,1291.0,60.715988163328504,9.0,155298.40000000002,2309825.4310334,0.0672338255149094,11,0.0,complete,1788608603073,1788609065614,202186.57690484,121703.44988975,0.2484890560280578,1276.0,1296.0,1.5673981191222541,1.1755485893417017,0.38580246913580246,24.999999999999293,complete_hourly_ordered,/v1/candles/minutes/60,120,False,8.713355048859928,1228.0,2026-08-31T23:00:00,1335.0,2026-09-01T21:00:00,D-4,3.2958801498127355,41.121495327102856,True,-0.8953696597595373,11.916509401787138,,False,0.0672338255149094,,537.5563410961577,0.04910581822556992,-0.07739938080495445,0.0,-0.005116398055782234,0.004046704615049634,,-0.3261394076870554,-96.53626980699583,-79.73432666479515,0.33985230213744444,-0.07739938080495445,0.0,-0.005116398055782234,0.004046704615049634,,-0.3261394076870554,-96.53626980699583,-79.73432666479515,0.33985230213744444,-0.07739938080495445,0.0,-0.005116398055782234,0.004046704615049634,,-0.3261394076870554,-96.53626980699583,-79.73432666479515,0.33985230213744444,-0.07739938080495445,0.0,-0.005116398055782234,0.004046704615049634,,-163.80937183782328,-84.92073499204153,36654.39775257467,-18.715055078974956,1.9747235387045814,0.0,-0.578962413012929,0.32862855650155964,,-163.80937183782328,-84.92073499204153,36654.39775257467,-18.715055078974956,1.9747235387045814,0.0,-0.578962413012929,0.32862855650155964,,0.0672338255149094,155298.40000000002,1947531.89207148,0.04910581822556992,-0.07739938080495445,0.0,-0.005116398055782234,0.004046704615049634,2465123.8310334,11514376.053114768,0.21409096069661163,1.9747235387045814,False,False,rising,rising,sell_advantage_weakening,accelerating,leading_buy_inflow,False,False,False,pass,S0,🌱 초발사 준비,발사 구조 관찰 또는 초기 준비,S0,False,,,2026-09-05T11:40:00Z,33964283536-1
KRW-AZTEC,2026-09-05T20:55:55.372412+09:00,1788609355,20.5,2489.5221547581054,9.0,43725160.7949908,32972457.681274474,1.3261116662171937,114,0.0,complete,1788608457676,1788609641239,19989135.34847968,12290900.4615094,0.238482848417041,20.6,21.0,1.9417475728155331,-0.4854368932038944,2.380952380952381,125.00000000000058,complete_hourly_ordered,/v1/candles/minutes/60,120,False,54.06976744186047,17.2,2026-09-02T19:00:00,26.5,2026-09-04T20:00:00,D-1,23.01886792452831,65.59139784946238,True,0.20790020790018016,17.397979220964697,,True,0.893512620004048,-35.52491447676302,-78.96718563571167,11.012711247184143,0.4901960784313708,0.0,0.10395010395010118,-0.07684760185898298,,0.5079521916090916,-65.84286335551205,-78.92637122265211,46.53885346130937,-1.9138755980861122,1.0,-0.1386001386001645,0.1024378651656015,,0.5079521916090916,-65.84286335551205,-78.92637122265211,46.53885346130937,-1.9138755980861122,1.0,-0.1386001386001645,0.1024378651656015,,0.5079521916090916,-65.84286335551205,-78.92637122265211,46.53885346130937,-1.9138755980861122,1.0,-0.1386001386001645,0.1024378651656015,,1.1065061419812947,48.986630960380054,-75.32765299507139,888.3496091135469,-0.4854368932038944,1.0,-0.3850540997384577,-0.7080087817329321,,1.1065061419812947,48.986630960380054,-75.32765299507139,888.3496091135469,-0.4854368932038944,1.0,-0.3850540997384577,-0.7080087817329321,,0.893512620004048,-24091981.966661133,-123794283.61255115,11.012711247184143,0.4901960784313708,0.0,0.10395010395010118,-0.07684760185898298,76697618.47626528,4484046.692395569,17.104553930345034,-0.4854368932038944,False,True,falling,falling,buy_advantage_accelerating,accelerating,neutral,True,True,False,🔴 1차 급등 완료·상승분 반납 / 신규매수 금지,S3,🔴 1차 급등 완료·반납,당일/5D 급등 후 상승분 상당 부분 반납,S3,False,,,2026-09-05T11:40:00Z,33964283536-1
KRW-B3,2026-09-05T20:55:55.372412+09:00,1788609355,0.627,,,12649.249999998481,538479.0271535041,0.023490701331237852,4,0.0,complete,1788608600044,1788609340295,132784677.92955951,56157495.16883358,0.4055589152180532,0.63,0.635,0.7936507936507908,-0.4761904761904745,1.2598425196850405,160.0,complete_hourly_ordered,/v1/candles/minutes/60,120,False,5.546492659053848,0.613,2026-09-02T19:00:00,0.647,2026-09-03T09:00:00,D-2,3.091190108191655,58.823529411764774,False,,,,True,-0.04421031089616428,-58.363917644538496,19.996626788651263,,0.15974440894568342,,,,,0.013864652900754573,152.7322677325525,3.564938944767504,,0.15974440894568342,,,,,0.013864652900754573,152.7322677325525,3.564938944767504,,0.15974440894568342,,,,,0.013864652900754573,152.7322677325525,3.564938944767504,,0.15974440894568342,,,,,,121.94541669065306,,,0.0,,,,,,121.94541669065306,,,0.0,,,,,-0.04421031089616428,-17731.24999999551,89733.8902573468,,0.15974440894568342,,,,551128.2771535026,1612162.3678103164,0.34185655747693716,0.0,False,False,falling,rising,sell_advantage_accelerating,flat_or_na,neutral,False,False,False,pass,S0,🌱 초발사 준비,발사 구조 관찰 또는 초기 준비,S0,False,,,2026-09-05T11:40:00Z,33964283536-1
KRW-BABY,2026-09-05T20:55:55.372412+09:00,1788609355,15.5,,,0.0,4500000.000000136,0.0,4,0.0,complete,1788609079650,1788609079650,4689385.10922775,7261460.11089772,-0.21522117928015183,15.1,15.8,4.635761589403975,2.6490066225165476,1.8987341772151944,42.85714285714306,complete_hourly_ordered,/v1/candles/minutes/60,120,False,6.756756756756754,14.8,2026-09-04T21:00:00,15.8,2026-09-05T15:00:00,D0,1.898734177215189,30.0000000000002,False,,,,True,0.0,,-11.598275445795602,,0.0,,,,,,-100.0,,,-0.6410256410256387,,,,,,-100.0,,,-0.6410256410256387,,,,,,-100.0,,,-0.6410256410256387,,,,,0.0,,533.1143273631781,,2.6490066225165476,,,,,0.0,,533.1143273631781,,2.6490066225165476,,,,,0.0,0.0,-590398.4313572934,,0.0,,,,4500000.000000136,1177696.0203263788,3.82101995959283,2.6490066225165476,False,False,flat_or_na,falling,sell_only,flat_or_na,neutral,False,False,False,pass,S0,🌱 초발사 준비,발사 구조 관찰 또는 초기 준비,S0,False,,,2026-09-05T11:40:00Z,33964283536-1
KRW-BARD,2026-09-05T20:55:55.372412+09:00,1788609355,168.0,-32.098668800455975,6.0,0.0,43940.28507624,0.0,1,0.0,complete,1788608753823,1788608753823,1216737.59944822,1382857.73451701,-0.06390230544667215,167.0,169.0,1.1976047904191711,0.5988023952095745,0.591715976331361,50.000000000000924,complete_hourly_ordered,/v1/candles/minutes/60,120,False,6.818181818181812,176.0,2026-09-01T04:00:00,188.0,2026-09-01T10:00:00,D-4,10.63829787234043,166.66666666666666,False,0.07949125596184992,24.13948934247194,,True,-0.17884753368767628,-100.0,-99.08048570864189,0.0009494253973159061,-0.591715976331364,0.0,-0.03974562798092496,0.027269421553096862,,,,,0.6246039590898889,-0.591715976331364,0.0,-0.03974562798092496,0.027269421553096862,,,,,0.6246039590898889,-0.591715976331364,0.0,-0.03974562798092496,0.027269421553096862,,,,,0.6246039590898889,-0.591715976331364,0.0,-0.03974562798092496,0.027269421553096862,,0.0,,-90.41670048456162,-94.50520810409489,1.8181818181818077,-2.0,-0.4003168208074559,-0.842786115567538,,0.0,,-90.41670048456162,-94.50520810409489,1.8181818181818077,-2.0,-0.4003168208074559,-0.842786115567538,,-0.17884753368767628,-854648.12121754,-4734700.51357197,0.0009494253973159061,-0.591715976331364,0.0,-0.03974562798092496,0.027269421553096862,43940.28507624,5285802.599973335,0.008312888013725988,1.8181818181818077,False,False,falling,falling,sell_only,accelerating,neutral,False,True,False,pass,S0,🌱 초발사 준비,발사 구조 관찰 또는 초기 준비,S0,False,,,2026-09-05T11:40:00Z,33964283536-1
KRW-BAT,2026-09-05T20:55:55.372412+09:00,1788609355,97.4,4.673102653779426,5.0,29999.999999775002,9740.0,3.0800821355005135,2,0.0,complete,1788608977538,1788609162681,352566.98293374,608978.28980995,-0.2666658701826504,97.1,98.6,1.5447991761071034,0.308959835221434,1.217038539553741,79.99999999999913,complete_hourly_ordered,/v1/candles/minutes/60,120,False,7.36728060671723,92.3,2026-09-03T10:00:00,99.1,2026-09-04T04:00:00,D-1,1.7154389505549816,25.0,False,-0.06976419701408831,21.57141879405927,,True,-2.7485355041138244,-85.67881847248215,-72.89919956701245,0.025171476771235213,0.2057613168724215,0.0,0.020929259104240927,-0.014815951709252317,,,,,0.031374778680381965,-0.10256410256409554,0.0,0.0,0.0,,,,,0.031374778680381965,-0.10256410256409554,0.0,0.0,0.0,,,,,0.031374778680381965,-0.10256410256409554,0.0,0.0,0.0,,,,,7.358547088953227,1.1422637590861928,0.0,-0.434113972798833,-0.3446999071774819,,,,,7.358547088953227,1.1422637590861928,0.0,-0.434113972798833,-0.3446999071774819,,-2.7485355041138244,-179479.92274354497,-26199.897878973003,0.025171476771235213,0.2057613168724215,0.0,0.020929259104240927,-0.014815951709252317,39739.999999775,1320555.447254492,0.030093397503600974,1.1422637590861928,False,False,falling,falling,buy_advantage_weakening,accelerating,neutral,False,False,False,pass,S0,🌱 초발사 준비,발사 구조 관찰 또는 초기 준비,S0,False,,,2026-09-05T11:40:00Z,33964283536-1
KRW-BCH,2026-09-05T20:55:55.372412+09:00,1788609355,345200.0,-11.38936444884454,11.0,5330780.465462,1814091.2095409997,2.938540486512137,19,0.0,complete,1788608665017,1788609348678,650.01494765,461.75657935,0.1693318849494155,340500.0,346200.0,1.6740088105726914,1.3803230543318668,0.28885037550548814,17.5438596491229,complete_hourly_ordered,/v1/candles/minutes/60,120,False,9.090909090909083,330000.0,2026-09-03T00:00:00,360000.0,2026-09-04T18:00:00,D-1,4.11111111111111,49.33333333333321,True,-0.9600000000000053,4.274979714132231,3.685720932193411,False,2.67900863610305,464.8989809715221,-50.108130720443846,0.03391852594515399,0.34883720930232176,0.0,0.011162790697671898,-0.00949829703920102,-0.014248917803870498,2.938540486512137,,-42.437765911637925,0.0856305638411552,0.23228803716608404,0.0,0.0037209302325424964,-0.003166070546638977,-0.0047444077426641584,2.938540486512137,,-42.437765911637925,0.0856305638411552,0.23228803716608404,0.0,0.0037209302325424964,-0.003166070546638977,-0.0047444077426641584,2.938540486512137,,-42.437765911637925,0.0856305638411552,0.23228803716608404,0.0,0.0037209302325424964,-0.003166070546638977,-0.0047444077426641584,2.892722996378727,5854.106767706235,-7.164039653424137,6.461500782255447,-0.1735106998264846,-1.0,-1.6731893227509342,0.3168216332554068,1.144564925692531,2.892722996378727,5854.106767706235,-7.164039653424137,6.461500782255447,-0.1735106998264846,-1.0,-1.6731893227509342,0.3168216332554068,1.144564925692531,2.67900863610305,4387110.774946,-1821954.5745450004,0.03391852594515399,0.34883720930232176,0.0,0.011162790697671898,-0.00949829703920102,7144871.675003,27587948.159728497,0.25898525086518487,-0.1735106998264846,False,True,rising,falling,buy_advantage_accelerating,accelerating,leading_buy_inflow,False,False,False,pass,S1,⚡ 선행 시동,가격 미급등 상태에서 선행조건 6개 개선,S1,False,,,2026-09-05T11:40:00Z,33964283536-1
KRW-BEAM,2026-09-05T20:55:55.372412+09:00,1788609355,2.15,-93.10998663642218,11.0,0.0,0.0,,0,0.0,complete,,,76922925.19235872,100198702.60395417,-0.13141126637771325,2.11,2.17,2.8436018957346043,1.8957345971563955,0.9216589861751161,33.33333333333359,complete_hourly_ordered,/v1/candles/minutes/60,120,False,10.294117647058831,2.04,2026-08-31T21:00:00,2.25,2026-09-03T05:00:00,D-2,4.444444444444451,47.61904761904763,True,-0.09392611145897511,5.849376705760855,7.049894687829541,True,,-100.0,-100.0,0.025752166503693275,0.4672897196261516,0.0,0.031308703819676875,-0.026033614011954143,-0.07609474760830359,,,-100.0,0.029020448664368814,0.4672897196261516,0.0,0.031308703819676875,-0.026033614011954143,-0.07609474760830359,,,-100.0,0.029020448664368814,0.4672897196261516,0.0,0.031308703819676875,-0.026033614011954143,-0.07609474760830359,,,-100.0,0.029020448664368814,0.4672897196261516,0.0,0.031308703819676875,-0.026033614011954143,-0.07609474760830359,,,,-1.4818828902382535,1.4150943396226356,-1.0,-0.5657726040667166,-0.23361664153946293,1.1675226465579245,,,,-1.4818828902382535,1.4150943396226356,-1.0,-0.5657726040667166,-0.23361664153946293,1.1675226465579245,,-892544.0203848724,-63092.55273909301,0.025752166503693275,0.4672897196261516,0.0,0.031308703819676875,-0.026033614011954143,0,4464242.059700572,0.0,1.4150943396226356,False,False,falling,falling,unavailable,accelerating,neutral,False,False,False,pass,S1,⚡ 선행 시동,가격 미급등 상태에서 선행조건 5개 개선,S1,False,,,2026-09-05T11:40:00Z,33964283536-1
KRW-BERA,2026-09-05T20:55:55.372412+09:00,1788609355,250.0,7.385747333020798,7.0,3963120.3313625003,0.0,,24,0.0,complete,1788608913599,1788609648148,744302.48483429,787811.41907387,-0.028397976239623063,250.0,254.0,1.6000000000000014,0.0,1.574803149606299,100.0,complete_hourly_ordered,/v1/candles/minutes/60,120,False,8.823529411764696,238.0,2026-08-31T22:00:00,259.0,2026-09-01T01:00:00,D-4,3.474903474903479,42.85714285714274,False,-0.5106154259607587,27.504161362968766,,True,,96.80837124616939,-100.0,0.00011195221740756267,0.8064516129032251,0.0,0.053748992206403834,-0.035618318793787296,,,-18.991060040447426,-100.0,0.3247469561449945,0.0,0.0,0.0,0.0,,,-18.991060040447426,-100.0,0.3247469561449945,0.0,0.0,0.0,0.0,,,-18.991060040447426,-100.0,0.3247469561449945,0.0,0.0,0.0,0.0,,,8044.671062936058,-100.0,-208.51565684417287,0.8064516129032251,-2.0,-0.861397940801556,-0.269975019426294,,,8044.671062936058,-100.0,-208.51565684417287,0.8064516129032251,-2.0,-0.861397940801556,-0.269975019426294,,,1949425.3313640503,-9474698.0579003,0.00011195221740756267,0.8064516129032251,0.0,0.053748992206403834,-0.035618318793787296,3963120.3313625003,11227226.848272854,0.35299191732036383,0.8064516129032251,False,False,rising,falling,buy_only,accelerating,neutral,False,False,False,pass,S0,🌱 초발사 준비,발사 구조 관찰 또는 초기 준비,S0,False,,,2026-09-05T11:40:00Z,33964283536-1
KRW-BIGTIME,2026-09-05T20:55:55.372412+09:00,1788609355,9.28,9.715487624179865,8.0,267454.3501698394,0.0,,9,0.0,complete,1788608468882,1788609668889,6900924.27582552,23114619.94748075,-0.5401766348472778,9.1,9.37,2.9670329670329565,1.978021978021971,0.9605122732123784,33.33333333333333,complete_hourly_ordered,/v1/candles/minutes/60,120,False,8.418657565415245,8.79,2026-09-02T03:00:00,9.53,2026-09-02T11:00:00,D-3,2.728226652675758,35.135135135134966,True,0.6706408345752646,24.505106103574978,,True,,-97.16539198147653,-100.0,0.09296778393852634,0.43290043290042934,0.0,0.029806259314457684,-0.020243510138541865,,,-93.3262555320542,-100.0,0.482677763975504,-0.5359056806002238,0.0,-0.037257824143077656,0.025302796947041628,,,-93.3262555320542,-100.0,0.482677763975504,-0.5359056806002238,0.0,-0.037257824143077656,0.025302796947041628,,,-93.3262555320542,-100.0,0.482677763975504,-0.5359056806002238,0.0,-0.037257824143077656,0.025302796947041628,,,-73.20085955914057,-100.0,-53.90217885625719,3.5714285714285587,0.0,-0.17178112856877092,-1.2132558441918597,,,-73.20085955914057,-100.0,-53.90217885625719,3.5714285714285587,0.0,-0.17178112856877092,-1.2132558441918597,,,-9167866.104090186,-8074518.381434251,0.09296778393852634,0.43290043290042934,0.0,0.029806259314457684,-0.020243510138541865,267454.3501698394,8681256.560176335,0.030808253196517303,3.5714285714285587,False,False,falling,falling,buy_only,accelerating,neutral,False,False,False,pass,S0,🌱 초발사 준비,발사 구조 관찰 또는 초기 준비,S0,False,,,2026-09-05T11:40:00Z,33964283536-1
KRW-BIO,2026-09-05T20:55:55.372412+09:00,1788609355,37.3,-9.71578373588896,8.0,0.0,0.0,,0,0.0,complete,,,3235069.87426956,3894089.47273354,-0.09244001520894794,37.1,37.9,2.156334231805923,0.5390835579514697,1.5831134564643838,75.00000000000051,complete_hourly_ordered,/v1/candles/minutes/60,120,False,14.285714285714302,34.3,2026-09-02T19:00:00,39.2,2026-09-04T03:00:00,D-1,4.846938775510223,38.775510204081655,False,-1.1649820113071807,12.121558322860732,,False,,,,0.0010909284346229953,-0.2673796791443861,0.0,-0.017132088401583534,0.01355931297859847,,,-100.0,-100.0,0.0010909284346229953,-0.2673796791443861,0.0,-0.017132088401583534,0.01355931297859847,,,-100.0,-100.0,0.0010909284346229953,-0.2673796791443861,0.0,-0.017132088401583534,0.01355931297859847,,,-100.0,-100.0,0.0010909284346229953,-0.2673796791443861,0.0,-0.017132088401583534,0.01355931297859847,,,,,-3.651457866869456,1.91256830601092,0.0,-0.09609840085589294,0.23806977944285102,,,,,-3.651457866869456,1.91256830601092,0.0,-0.09609840085589294,0.23806977944285102,,,0.0,0.0,0.0010909284346229953,-0.2673796791443861,0.0,-0.017132088401583534,0.01355931297859847,0,5160230.014397652,0.0,1.91256830601092,False,False,flat_or_na,flat_or_na,unavailable,accelerating,neutral,False,False,False,pass,S0,🌱 초발사 준비,발사 구조 관찰 또는 초기 준비,S0,False,,,2026-09-05T11:40:00Z,33964283536-1
KRW-BIRB,2026-09-05T20:55:55.372412+09:00,1788609355,83.8,-21.106751737873253,7.0,662351.6712909399,38274.733525617004,17.305193538385648,6,0.0,complete,1788608804491,1788609635456,1317752.48538718,979156.05330861,0.14741398117263685,83.6,84.4,0.9569377990430672,0.23923444976077235,0.7109004739336593,74.99999999999942,complete_hourly_ordered,/v1/candles/minutes/60,120,False,10.286458333333348,76.8,2026-09-02T02:00:00,84.7,2026-09-04T20:00:00,D-1,1.1806375442739103,12.658227848101392,True,0.2445193929173861,28.025607845808075,,True,16.736210974784147,-58.7205469508006,-98.64276068522997,0.04586021343453339,0.11947431302268274,0.0,0.008431703204059282,-0.005509251947444227,,15.54832311449546,-59.6207877361812,-95.90059229277449,0.3284119441422355,0.11947431302268274,0.0,0.008431703204059282,-0.005509251947444227,,15.54832311449546,-59.6207877361812,-95.90059229277449,0.3284119441422355,0.11947431302268274,0.0,0.008431703204059282,-0.005509251947444227,,15.54832311449546,-59.6207877361812,-95.90059229277449,0.3284119441422355,0.11947431302268274,0.0,0.008431703204059282,-0.005509251947444227,,17.263512840997322,5879.5221750175815,-85.59792736493448,-59.970044806009525,2.3199023199023117,-2.0,-0.24763164653955894,-0.9636143214507022,,17.263512840997322,5879.5221750175815,-85.59792736493448,-59.970044806009525,2.3199023199023117,-2.0,-0.24763164653955894,-0.9636143214507022,,16.736210974784147,-942203.6761394353,-2781768.3575561005,0.04586021343453339,0.11947431302268274,0.0,0.008431703204059282,-0.005509251947444227,700626.404816557,5493821.237818764,0.12752988757506967,2.3199023199023117,False,False,falling,falling,buy_advantage_accelerating,accelerating,neutral,False,True,False,pass,S0,🌱 초발사 준비,발사 구조 관찰 또는 초기 준비,S0,False,,,2026-09-05T11:40:00Z,33964283536-1
KRW-BLAST,2026-09-05T20:55:55.372412+09:00,1788609355,0.395,-31.312605548094417,9.0,0.0,934253.4776448387,0.0,1,0.0,complete,1788609027301,1788609027301,359734314.82367945,242135482.66060862,0.1953891566824148,0.396,0.399,0.7575757575757569,-0.2525252525252486,1.0025062656641612,133.33333333333283,complete_hourly_ordered,/v1/candles/minutes/60,120,False,15.58441558441559,0.385,2026-08-31T21:00:00,0.445,2026-09-01T12:00:00,D-4,11.235955056179769,83.33333333333334,True,0.17088174982911042,16.23620190761976,14.056322501083265,True,-0.8958496666086871,-100.0,-89.08640551790887,0.05763879143741946,0.0,0.0,0.0,0.0,0.0,-0.8938212502360614,-100.0,-38.47791892482936,0.17295681013809272,-0.2525252525252486,0.0,-0.017088174982937687,0.012792901957730862,0.04211768617926026,-0.8938212502360614,-100.0,-38.47791892482936,0.17295681013809272,-0.2525252525252486,0.0,-0.017088174982937687,0.012792901957730862,0.04211768617926026,-0.8938212502360614,-100.0,-38.47791892482936,0.17295681013809272,-0.2525252525252486,0.0,-0.017088174982937687,0.012792901957730862,0.04211768617926026,,,,3.216444449937704,0.5089058524172962,-1.0,-0.5004902591225102,-0.7295258669041509,1.0362979391315648,,,,3.216444449937704,0.5089058524172962,-1.0,-0.5004902591225102,-0.7295258669041509,1.0362979391315648,-0.8958496666086871,-7668881.850517218,-7626202.742145255,0.05763879143741946,0.0,0.0,0.0,0.0,934253.4776448387,1417706.974937528,0.6589891241002092,0.5089058524172962,False,False,falling,falling,sell_only,accelerating,neutral,True,True,False,🔴 1차 급등 완료·상승분 반납 / 신규매수 금지,S3,🔴 1차 급등 완료·반납,당일/5D 급등 후 상승분 상당 부분 반납,S3,False,,,2026-09-05T11:40:00Z,33964283536-1
KRW-BLEND,2026-09-05T20:55:55.372412+09:00,1788609355,87.4,-75.41355721769769,6.0,0.0,498904.21407830704,0.0,2,0.0,complete,1788608940484,1788608940484,240217.91104466,792262.46893928,-0.5346780128676216,86.3,88.5,2.549246813441486,1.274623406720754,1.2429378531073383,49.99999999999957,complete_hourly_ordered,/v1/candles/minutes/60,120,False,5.1068883610451365,84.2,2026-09-02T11:00:00,88.5,2026-09-05T09:00:00,D0,1.2429378531073398,25.58139534883705,False,-0.37288388395854133,14.84574196838347,,True,0.0,,-67.32055270799981,0.008743755723372715,-0.22831050228309113,0.0,-0.014915355358324778,0.01139141940571875,,,-100.0,,0.03262970388901465,-0.6818181818181723,0.0,-0.04474606607500764,0.03417316908460144,,,-100.0,,0.03262970388901465,-0.6818181818181723,0.0,-0.04474606607500764,0.03417316908460144,,,-100.0,,0.03262970388901465,-0.6818181818181723,0.0,-0.04474606607500764,0.03417316908460144,,,,,-1.8974264457204555,1.8648018648018683,2.0,-0.1867334744276361,-0.3366427954496203,,,,,-1.8974264457204555,1.8648018648018683,2.0,-0.1867334744276361,-0.3366427954496203,,0.0,0.0,-1027756.2879199531,0.008743755723372715,-0.22831050228309113,0.0,-0.014915355358324778,0.01139141940571875,498904.21407830704,2055496.6713104616,0.24271711116916359,1.8648018648018683,False,False,flat_or_na,falling,sell_only,accelerating,neutral,False,False,False,pass,S0,🌱 초발사 준비,발사 구조 관찰 또는 초기 준비,S0,False,,,2026-09-05T11:40:00Z,33964283536-1
KRW-BLUR,2026-09-05T20:55:55.372412+09:00,1788609355,22.8,28.20012757622625,11.0,0.0,0.0,,0,0.0,complete,,,3551812.82431642,7890574.32145671,-0.37918324575681295,22.4,23.2,3.571428571428581,1.7857142857143016,1.7241379310344769,49.99999999999969,complete_hourly_ordered,/v1/candles/minutes/60,120,False,11.538461538461542,20.8,2026-09-02T03:00:00,23.2,2026-09-05T20:00:00,D0,1.724137931034475,16.6666666666666,False,0.11976047904191933,11.857928898553592,10.41152608706342,False,,-100.0,-100.0,0.007197009129519927,0.0,0.0,0.0,0.0,0.0,,-100.0,-100.0,0.4480870453068775,-0.4366812227074135,0.0,-0.029940119760474282,0.0234534109415776,0.06321239211325747,,-100.0,-100.0,0.4480870453068775,-0.4366812227074135,0.0,-0.029940119760474282,0.0234534109415776,0.06321239211325747,,-100.0,-100.0,0.4480870453068775,-0.4366812227074135,0.0,-0.029940119760474282,0.0234534109415776,0.06321239211325747,,,,-1.7902409410987232,2.7027027027027195,-1.0,-0.604439883058272,-0.6138007549912654,0.7143468405186919,,,,-1.7902409410987232,2.7027027027027195,-1.0,-0.604439883058272,-0.6138007549912654,0.7143468405186919,,-103500.0,-214818.204803418,0.007197009129519927,0.0,0.0,0.0,0.0,0,3657405.2678284645,0.0,2.7027027027027195,False,False,falling,falling,unavailable,accelerating,neutral,False,False,False,pass,S0,🌱 초발사 준비,발사 구조 관찰 또는 초기 준비,S1,True,발사 구조 관찰 또는 초기 준비,2026-09-05T20:55:55.372412+09:00,2026-09-05T11:40:00Z,33964283536-1
KRW-BONK,2026-09-05T20:55:55.372412+09:00,1788609355,0.00624,115.4164067701306,10.0,350609669.6323313,232576198.94570473,1.5075045134527358,733,0.0,complete,1788608461858,1788609434958,57728255567.43029,58925437125.27532,-0.010262697478413315,0.00621,0.00667,7.407407407407396,0.48309178743961567,6.446776611694151,93.47826086956518,complete_hourly_ordered,/v1/candles/minutes/60,120,False,70.80459770114945,0.00435,2026-09-01T04:00:00,0.00743,2026-09-01T11:00:00,D-4,15.477792732166895,37.33766233766233,True,2.744932432432412,22.17616718423053,8.385817542397321,False,1.3041153101119012,914.349690408915,36.853835992020635,0.6493611607371719,0.3215434083601254,0.0,0.07038288288285788,-0.048128393302590666,-0.04890112579750294,1.0158194963548532,195.70005265680214,-3.5549916109999358,0.9751081925828373,-0.16000000000000458,0.0,0.04222972972973693,-0.028876266214641788,-0.029297080353057225,1.0158194963548532,195.70005265680214,-3.5549916109999358,0.9751081925828373,-0.16000000000000458,0.0,0.04222972972973693,-0.028876266214641788,-0.029297080353057225,1.0158194963548532,195.70005265680214,-3.5549916109999358,0.9751081925828373,-0.16000000000000458,0.0,0.04222972972973693,-0.028876266214641788,-0.029297080353057225,0.7969062843798415,2221.254927537859,994.1789069388733,-12316.163956617498,13.043478260869579,0.0,0.2959528405956702,-3.2433348519295606,-1.6554220523287135,0.7969062843798415,2221.254927537859,994.1789069388733,-12316.163956617498,13.043478260869579,0.0,0.2959528405956702,-3.2433348519295606,-1.6554220523287135,1.3041153101119012,316044699.29246855,62631237.40347564,0.6493611607371719,0.3215434083601254,0.0,0.07038288288285788,-0.048128393302590666,583185868.5780361,97730424.44773382,5.967290860277841,13.043478260869579,False,False,rising,rising,buy_advantage_accelerating,accelerating,leading_buy_inflow,False,True,False,pass,S1,⚡ 선행 시동,가격 미급등 상태에서 선행조건 5개 개선,S0,True,가격 미급등 상태에서 선행조건 5개 개선,2026-09-05T20:55:55.372412+09:00,2026-09-05T11:40:00Z,33964283536-1
KRW-BORA,2026-09-05T20:55:55.372412+09:00,1788609355,31.9,-65.3082491047042,7.0,0.0,61337.913949928,0.0,4,0.0,complete,1788608573758,1788608621609,2929983.25357464,4515409.63534215,-0.21294059365592044,31.3,32.7,4.472843450479247,1.9169329073482455,2.4464831804281473,57.14285714285722,complete_hourly_ordered,/v1/candles/minutes/60,120,False,11.60409556313995,29.3,2026-08-31T23:00:00,32.7,2026-09-05T09:00:00,D0,2.4464831804281495,23.529411764706012,False,0.39534372940919216,18.23812185578535,,True,-1.3085967653458,-100.0,-77.83324503334158,0.005766418059948819,0.3144654088050203,0.0,0.0219635405227514,-0.01605934446507007,,-0.02265560819811732,-100.0,-97.95026841758879,0.030179902015348148,-0.9316770186335588,0.0,0.0,0.0,,-0.02265560819811732,-100.0,-97.95026841758879,0.030179902015348148,-0.9316770186335588,0.0,0.0,0.0,,-0.02265560819811732,-100.0,-97.95026841758879,0.030179902015348148,-0.9316770186335588,0.0,0.0,0.0,,0.0,,-92.81176484533987,2.784840211992858,2.2435897435897356,-1.0,-0.3350679571777926,-0.7580068319733044,,0.0,,-92.81176484533987,2.784840211992858,2.2435897435897356,-1.0,-0.3350679571777926,-0.7580068319733044,,-1.3085967653458,-362103.50098003,-215373.37754126196,0.005766418059948819,0.3144654088050203,0.0,0.0219635405227514,-0.01605934446507007,61337.913949928,2374500.864358159,0.025831918981637426,2.2435897435897356,False,False,falling,falling,sell_only,accelerating,neutral,False,False,False,pass,S0,🌱 초발사 준비,발사 구조 관찰 또는 초기 준비,S0,False,,,2026-09-05T11:40:00Z,33964283536-1
KRW-BOUNTY,2026-09-05T20:55:55.372412+09:00,1788609355,16.6,104.9696443118462,7.0,0.0,0.0,,0,0.0,complete,,,7059458.11575283,9163808.67634082,-0.1297118877200206,16.5,16.7,1.2121212121211977,0.60606060606061,0.5988023952095681,49.99999999999908,complete_hourly_ordered,/v1/candles/minutes/60,120,False,15.923566878980889,15.7,2026-09-01T13:00:00,18.2,2026-09-02T13:00:00,D-3,8.791208791208781,63.999999999999865,True,0.33333333333334103,27.209522010202146,,True,,,,0.08447546702547015,0.0,0.0,0.0,0.0,,,,-100.0,0.08447546702547015,0.0,0.0,0.0,0.0,,,,-100.0,0.08447546702547015,0.0,0.0,0.0,0.0,,,,-100.0,0.08447546702547015,0.0,0.0,0.0,0.0,,,-100.0,,-20.26321846066223,0.0,-1.0,-0.46498599439774857,-0.6780559562816606,,,-100.0,,-20.26321846066223,0.0,-1.0,-0.46498599439774857,-0.6780559562816606,,,0.0,0.0,0.08447546702547015,0.0,0.0,0.0,0.0,0,1011737.5101896741,0.0,0.0,False,False,flat_or_na,flat_or_na,unavailable,accelerating,neutral,True,True,False,🔴 1차 급등 완료·상승분 반납 / 신규매수 금지,S0,🌱 초발사 준비,발사 구조 관찰 또는 초기 준비,S0,False,,,2026-09-05T11:40:00Z,33964283536-1
KRW-BREV,2026-09-05T20:55:55.372412+09:00,1788609355,108.0,-10.903579231891102,7.0,255258.0,6088730.995938241,0.04192302142602149,12,0.0,complete,1788608851267,1788609682737,1208634.22372949,2632552.53246431,-0.37069749510064665,108.0,110.0,1.85185185185186,0.0,1.8181818181818181,100.0,complete_hourly_ordered,/v1/candles/minutes/60,120,False,8.910891089108919,101.0,2026-09-01T17:00:00,110.0,2026-09-05T20:00:00,D0,1.8181818181818188,22.22222222222222,False,0.3282563025210239,16.364407533332876,,True,,2372.471910119544,,0.237654181851088,-0.917431192660545,0.0,-0.0656512605041959,0.04900329082157384,,-14.218409390252274,-96.13799284347066,1213.6816945690148,0.609708598322257,0.0,0.0,0.0,0.0,,-14.218409390252274,-96.13799284347066,1213.6816945690148,0.609708598322257,0.0,0.0,0.0,0.0,,-14.218409390252274,-96.13799284347066,1213.6816945690148,0.609708598322257,0.0,0.0,0.0,0.0,,,-89.9030705372501,,-53.848921444813115,0.9345794392523255,-2.0,-0.412484438219729,-0.74430157575717,,,-89.9030705372501,,-53.848921444813115,0.9345794392523255,-2.0,-0.412484438219729,-0.74430157575717,,,244934.00000003,6088730.995938241,0.237654181851088,-0.917431192660545,0.0,-0.0656512605041959,0.04900329082157384,6343988.995938241,3654179.5637025004,1.7360912033316618,0.9345794392523255,False,False,rising,rising,sell_advantage_weakening,accelerating,neutral,False,False,False,pass,S0,🌱 초발사 준비,발사 구조 관찰 또는 초기 준비,S0,False,,,2026-09-05T11:40:00Z,33964283536-1
KRW-BSB,2026-09-05T20:55:55.372412+09:00,1788609355,149.0,,,1375939.54422609,691754.21259112,1.9890584244831713,12,0.0,complete,1788608477473,1788609211213,487312.91177058,1076696.91542814,-0.3768416242711204,152.0,157.0,3.289473684210531,-1.9736842105263164,5.095541401273886,159.99999999999994,complete_hourly_ordered,/v1/candles/minutes/60,120,False,15.441176470588225,136.0,2026-09-03T18:00:00,157.0,2026-09-05T09:00:00,D0,5.095541401273884,38.09523809523799,False,,,,True,,9134.49358541,,,0.0,,,,,,,,,0.0,,,,,,,,,0.0,,,,,,,,,0.0,,,,,1.9890584244831713,,6132.019933253334,,0.6756756756756799,,,,,1.9890584244831713,,6132.019933253334,,0.6756756756756799,,,,,,1361039.54422609,691754.21259112,,0.0,,,,2067693.75681721,1587729.0273067001,1.302296375046241,0.6756756756756799,False,False,rising,rising,buy_advantage_weakening,flat_or_na,neutral,False,False,False,pass,S0,🌱 초발사 준비,발사 구조 관찰 또는 초기 준비,S0,False,,,2026-09-05T11:40:00Z,33964283536-1
KRW-BSV,2026-09-05T20:55:55.372412+09:00,1788609355,23030.0,-40.21901082747167,5.0,138577.304,124095.0007336,1.116703357756448,8,0.0,complete,1788609105006,1788609681884,1380.99758541,2517.22233701,-0.29147271683292714,23040.0,23130.0,0.390625,-0.04340277777777901,0.43233895373973197,111.11111111111143,complete_hourly_ordered,/v1/candles/minutes/60,120,False,8.384074941451992,21350.0,2026-09-02T10:00:00,23140.0,2026-09-04T09:00:00,D-1,0.5185825410544465,6.703910614525103,True,-0.5536071418219879,-11.823155801987285,,True,1.116703357756448,,-46.65081873749355,0.01270131545089015,-0.1300954032957491,0.0,-0.008695400133329478,0.008410794879020855,,-0.1304301241804955,-89.35411751313033,-88.11068633229904,0.03356199478036359,-0.25985275010826925,0.0,-0.017390800266658957,0.016821384169588782,,-0.1304301241804955,-89.35411751313033,-88.11068633229904,0.03356199478036359,-0.25985275010826925,0.0,-0.017390800266658957,0.016821384169588782,,-0.1304301241804955,-89.35411751313033,-88.11068633229904,0.03356199478036359,-0.25985275010826925,0.0,-0.017390800266658957,0.016821384169588782,,1.0584586896267405,55.201900869434105,-91.90502728728114,-4.695641155934183,1.2307692307692353,0.0,-0.6901080711900209,0.5109893276421857,,1.0584586896267405,55.201900869434105,-91.90502728728114,-4.695641155934183,1.2307692307692353,0.0,-0.6901080711900209,0.5109893276421857,,1.116703357756448,138577.304,-108514.0061844,0.01270131545089015,-0.1300954032957491,0.0,-0.008695400133329478,0.008410794879020855,262672.3047336,3996637.0617375495,0.06572333206043045,1.2307692307692353,False,False,rising,falling,buy_advantage_accelerating,accelerating,leading_buy_inflow,False,False,False,pass,S0,🌱 초발사 준비,발사 구조 관찰 또는 초기 준비,S0,False,,,2026-09-05T11:40:00Z,33964283536-1
KRW-BTC,2026-09-05T20:55:55.372412+09:00,1788609355,108918000.0,3.541669577531925,7.0,440010238.2617993,490815786.0682401,0.8964875432931223,1401,0.0,complete,1788608458513,1788609736431,6.45465968,6.67318939,-0.016646269227712892,109147000.0,109279000.0,0.12093781780535551,-0.20980878998048125,0.33034709322010636,273.4848484848304,complete_hourly_ordered,/v1/candles/minutes/60,120,False,6.869209263270393,104801000.0,2026-09-02T20:00:00,112000000.0,2026-09-04T06:00:00,D-1,2.7473214285714254,42.74204750659808,False,0.08721325641496414,-8.678782761143278,,False,0.5101800550776763,202.04724990759235,30.15586809557429,0.17187134949694371,0.04408928079360219,0.0,0.003200486473931008,-0.003003128737820049,,-0.09087503489303628,-38.37561397600437,-32.12888107704931,0.43105591426455536,-0.023865472169193325,0.0,-0.000923217252091213,0.0008662822872125275,,-0.09087503489303628,-38.37561397600437,-32.12888107704931,0.43105591426455536,-0.023865472169193325,0.0,-0.000923217252091213,0.0008662822872125275,,-0.09087503489303628,-38.37561397600437,-32.12888107704931,0.43105591426455536,-0.023865472169193325,0.0,-0.000923217252091213,0.0008662822872125275,,-1.069408942457455,94.58286403651732,326.6983645879806,-1.5109891394677888,-0.06789489136816984,-1.0,-0.43431292384041864,-0.1844791566719124,,-1.069408942457455,94.58286403651732,326.6983645879806,-1.5109891394677888,-0.06789489136816984,-1.0,-0.43431292384041864,-0.1844791566719124,,0.5101800550776763,294334275.8431992,113717316.94057012,0.17187134949694371,0.04408928079360219,0.0,0.003200486473931008,-0.003003128737820049,930826024.3300394,1964325306.284468,0.47386551573308494,-0.06789489136816984,False,False,rising,rising,sell_advantage_weakening,accelerating,leading_buy_inflow,False,False,False,pass,S0,🌱 초발사 준비,발사 구조 관찰 또는 초기 준비,S0,False,,,2026-09-05T11:40:00Z,33964283536-1
KRW-BTT,2026-09-05T20:55:55.372412+09:00,1788609355,0.000409,-31.03042322923918,11.0,400787.0,1003948.1961480181,0.39921083730988605,7,0.0,complete,1788608534389,1788609668197,731876818819.2811,462178448583.0333,0.2258675771540967,0.000409,0.000413,0.9779951100244544,0.0,0.9685230024213047,100.0,complete_hourly_ordered,/v1/candles/minutes/60,120,False,4.271356783919589,0.000398,2026-09-01T09:00:00,0.000415,2026-09-04T00:00:00,D-1,1.2048192771084376,29.411764705882415,True,-0.032900148050674094,1.5890366591769443,2.897945813969627,True,-105.24988264126681,-90.82728410664116,2327.5120520278906,0.051585736741234456,-0.24390243902437936,0.0,-0.016450074025331496,0.014201632254947638,0.040700049740043376,0.39921083730988605,,142.23181658670018,0.25800612805701917,0.2450980392156854,0.0,0.016450074025342598,-0.014202207219829344,-0.041125566333324315,0.39921083730988605,,142.23181658670018,0.25800612805701917,0.2450980392156854,0.0,0.016450074025342598,-0.014202207219829344,-0.041125566333324315,0.39921083730988605,,142.23181658670018,0.25800612805701917,0.2450980392156854,0.0,0.016450074025342598,-0.014202207219829344,-0.041125566333324315,,-74.19786334218313,,-8.663018741009243,-0.48661800486617945,0.0,-0.4291359083280377,-0.09245081050776927,0.49455905617065676,,-74.19786334218313,,-8.663018741009243,-0.48661800486617945,0.0,-0.4291359083280377,-0.09245081050776927,0.49455905617065676,-105.24988264126681,-3968551.423423481,962591.1122435596,0.051585736741234456,-0.24390243902437936,0.0,-0.016450074025331496,0.014201632254947638,1404735.1961480181,2198975.484330759,0.6388134866249036,-0.48661800486617945,False,True,falling,rising,sell_advantage_accelerating,accelerating,neutral,False,False,False,pass,S0,🌱 초발사 준비,발사 구조 관찰 또는 초기 준비,S1,True,발사 구조 관찰 또는 초기 준비,2026-09-05T20:55:55.372412+09:00,2026-09-05T11:40:00Z,33964283536-1
KRW-CAP,2026-09-05T20:55:55.372412+09:00,1788609355,60.9,,,19960131.49998912,32723546.657651577,0.6099623524555198,122,0.0,complete,1788608466896,1788609568848,4241812.60426254,5000830.61256864,-0.08212131427121425,62.0,66.4,7.096774193548394,-1.774193548387104,8.283132530120492,125.00000000000009,complete_hourly_ordered,/v1/candles/minutes/60,120,False,27.288135593220318,59.0,2026-09-04T10:00:00,75.1,2026-09-04T12:00:00,D-1,18.77496671105192,87.57763975155282,False,,,,True,-0.7820930975865588,-55.85170831678211,0.7551856278743552,,-0.327332242225864,,,,,-1.049130260506608,-21.024232097812877,114.8134431609615,,-0.16393442622950616,,,,,-1.049130260506608,-21.024232097812877,114.8134431609615,,-0.16393442622950616,,,,,-1.049130260506608,-21.024232097812877,114.8134431609615,,-0.16393442622950616,,,,,-0.5658059716888717,-62.120579095998174,-26.98332436983305,,-0.9756097560975618,,,,,-0.5658059716888717,-62.120579095998174,-26.98332436983305,,-0.9756097560975618,,,,,-0.7820930975865588,-25251428.764247727,245271.26792467386,,-0.327332242225864,,,,52683678.157640696,193542006.49602515,0.2722079775416748,-0.9756097560975618,False,False,falling,rising,sell_advantage_accelerating,flat_or_na,neutral,True,True,False,🔴 1차 급등 완료·상승분 반납 / 신규매수 금지,S3,🔴 1차 급등 완료·반납,당일/5D 급등 후 상승분 상당 부분 반납,S3,False,,,2026-09-05T11:40:00Z,33964283536-1
KRW-CARV,2026-09-05T20:55:55.372412+09:00,1788609355,48.1,34.68111303691481,8.0,0.0,2359269.480736337,0.0,5,0.0,complete,1788609155061,1788609298808,2245030.25726411,1945088.19584322,0.07158319383511871,47.1,48.4,2.7600849256900206,2.123142250530785,0.6198347107437958,23.076923076923077,complete_hourly_ordered,/v1/candles/minutes/60,120,False,16.455696202531644,47.4,2026-09-02T03:00:00,55.2,2026-09-02T13:00:00,D-3,12.86231884057971,91.02564102564092,True,0.1006036217303885,17.828016929906067,,True,-50.343318015412386,-100.0,4690.919536215367,0.07051796049155001,-0.619834710743794,0.0,-0.02874389192297766,0.021171432862818307,,-9.711845721792212,-100.0,601.5311779477228,0.1714910589486891,-0.20746887966804906,0.0,-0.014371945961499932,0.01058587253990595,,-9.711845721792212,-100.0,601.5311779477228,0.1714910589486891,-0.20746887966804906,0.0,-0.014371945961499932,0.01058587253990595,,-9.711845721792212,-100.0,601.5311779477228,0.1714910589486891,-0.20746887966804906,0.0,-0.014371945961499932,0.01058587253990595,,,,,-230.4078140080671,2.77777777777779,-1.0,-0.15887453885776726,-0.638616521634038,,,,,-230.4078140080671,2.77777777777779,-1.0,-0.15887453885776726,-0.638616521634038,,-50.343318015412386,-2479136.8933445397,2310024.874081973,0.07051796049155001,-0.619834710743794,0.0,-0.02874389192297766,0.021171432862818307,2359269.480736337,2002800.8806236,1.1779850426277751,2.77777777777779,False,False,falling,rising,sell_only,accelerating,neutral,True,True,False,🔴 1차 급등 완료·상승분 반납 / 신규매수 금지,S3,🔴 1차 급등 완료·반납,당일/5D 급등 후 상승분 상당 부분 반납,S3,False,,,2026-09-05T11:40:00Z,33964283536-1
KRW-CBK,2026-09-05T20:55:55.372412+09:00,1788609355,250.0,44.719816114226816,9.0,0.0,0.0,,0,0.0,complete,,,626534.3542087,797264.98508199,-0.11991200316074369,247.0,251.0,1.6194331983805599,1.2145748987854255,0.398406374501992,24.999999999999655,complete_hourly_ordered,/v1/candles/minutes/60,120,False,10.54852320675106,237.0,2026-08-31T23:00:00,262.0,2026-09-03T14:00:00,D-2,4.580152671755721,48.00000000000003,False,0.2195389681668436,14.095854160541021,,True,,-100.0,,0.0,0.0,0.0,0.0,0.0,,,,,0.03777708664471646,0.0,0.0,0.0,0.0,,,,,0.03777708664471646,0.0,0.0,0.0,0.0,,,,,0.03777708664471646,0.0,0.0,0.0,0.0,,,-100.0,,-32.78223239521785,0.40160642570281624,-1.0,-0.3875250494931981,-0.49022449476367136,,,-100.0,,-32.78223239521785,0.40160642570281624,-1.0,-0.3875250494931981,-0.49022449476367136,,,-505499.99999999994,0.0,0.0,0.0,0.0,0.0,0.0,0,1850146.77279831,0.0,0.40160642570281624,False,True,falling,flat_or_na,unavailable,flat_or_na,neutral,False,False,False,pass,S0,🌱 초발사 준비,발사 구조 관찰 또는 초기 준비,S0,False,,,2026-09-05T11:40:00Z,33964283536-1
KRW-CC,2026-09-05T20:55:55.372412+09:00,1788609355,149.0,-35.91875728718147,6.0,399800.09994919,0.0,,3,0.0,complete,1788609275563,1788609275563,1767716.64028511,1822466.3820932,-0.015249847004128783,147.0,150.0,2.0408163265306145,1.3605442176870763,0.6666666666666667,33.33333333333333,complete_hourly_ordered,/v1/candles/minutes/60,120,False,7.453416149068315,161.0,2026-08-31T23:00:00,173.0,2026-09-01T05:00:00,D-4,13.8728323699422,200.00000000000017,False,-0.20859407592824786,19.311856974194633,,True,,2583.22214731,,0.0,0.0,0.0,0.0,0.0,,,83.78233885684932,,0.012122372252072466,0.0,0.0,0.0,0.0,,,83.78233885684932,,0.012122372252072466,0.0,0.0,0.0,0.0,,,83.78233885684932,,0.012122372252072466,0.0,0.0,0.0,0.0,,,130.11384883124944,-100.0,-9.970015740314764,2.0547945205479534,0.0,-0.5436024511376369,-0.09275976885713177,,,130.11384883124944,-100.0,-9.970015740314764,2.0547945205479534,0.0,-0.5436024511376369,-0.09275976885713177,,,384900.09994919,0.0,0.0,0.0,0.0,0.0,0.0,399800.09994919,5629220.589023449,0.07102228339190858,2.0547945205479534,False,False,rising,flat_or_na,buy_only,flat_or_na,neutral,False,False,False,pass,S0,🌱 초발사 준비,발사 구조 관찰 또는 초기 준비,S0,False,,,2026-09-05T11:40:00Z,33964283536-1
KRW-CELO,2026-09-05T20:55:55.372412+09:00,1788609355,106.0,144.4205318298751,9.0,1414397.50274652,0.0,,4,0.0,complete,1788608478947,1788608639051,981205.34552909,2413369.86720573,-0.42189800841762015,103.0,106.0,2.9126213592232997,2.9126213592232997,0.0,0.0,complete_hourly_ordered,/v1/candles/minutes/60,120,False,13.682092555331993,99.4,2026-09-01T18:00:00,113.0,2026-09-03T13:00:00,D-2,6.194690265486724,51.470588235294215,True,0.2567558893382227,-2.2152416478518595,,False,,,,0.1779179051823121,0.0,0.0,0.0,0.0,,,,,0.7353663119474447,0.0,0.0,0.0,0.0,,,,,0.7353663119474447,0.0,0.0,0.0,0.0,,,,,0.7353663119474447,0.0,0.0,0.0,0.0,,,1314.397502758967,-100.0,10.742222778396211,1.9230769230769162,-1.0,-0.5380231233265587,-0.46383106111299943,,,1314.397502758967,-100.0,10.742222778396211,1.9230769230769162,-1.0,-0.5380231233265587,-0.46383106111299943,,,1414397.50274652,0.0,0.1779179051823121,0.0,0.0,0.0,0.0,1414397.50274652,4633314.65730542,0.3052668785437262,1.9230769230769162,False,False,rising,flat_or_na,buy_only,accelerating,neutral,False,False,False,pass,S0,🌱 초발사 준비,발사 구조 관찰 또는 초기 준비,S0,False,,,2026-09-05T11:40:00Z,33964283536-1
KRW-CFG,2026-09-05T20:55:55.372412+09:00,1788609355,139.0,-10.91744376146936,2.0,6162387.27700564,0.0,,12,0.0,complete,1788608496669,1788609387992,1824337.62437585,1392647.44398722,0.13419091827127785,136.0,141.0,3.6764705882353033,2.2058823529411686,1.4184397163120568,40.00000000000036,complete_hourly_ordered,/v1/candles/minutes/60,120,False,10.294117647058831,136.0,2026-09-03T22:00:00,150.0,2026-09-04T11:00:00,D-1,6.666666666666665,71.42857142857156,True,-2.3919753086419915,42.29179140649502,,False,,86.78026025711752,-100.0,0.15436161198354448,0.0,0.0,0.0,0.0,,,8486.180040799287,-100.0,0.346101592180025,0.0,0.0,0.0,0.0,,,8486.180040799287,-100.0,0.346101592180025,0.0,0.0,0.0,0.0,,,8486.180040799287,-100.0,0.346101592180025,0.0,0.0,0.0,0.0,,,,,-44.9989406104729,1.4598540145985384,-1.0,-0.5737934904601838,0.9260343020131927,,,,,-44.9989406104729,1.4598540145985384,-1.0,-0.5737934904601838,0.9260343020131927,,,2863116.10749199,-5896643.93431617,0.15436161198354448,0.0,0.0,0.0,0.0,6162387.27700564,9786563.97859738,0.6296783314841047,1.4598540145985384,False,False,rising,falling,buy_only,accelerating,neutral,False,False,False,pass,S0,🌱 초발사 준비,발사 구조 관찰 또는 초기 준비,S0,False,,,2026-09-05T11:40:00Z,33964283536-1
KRW-CFX,2026-09-05T20:55:55.372412+09:00,1788609355,65.0,,,0.0,0.0,,0,0.0,complete,,,673197.54352628,1220332.2483399,-0.28894961524444146,64.8,65.7,1.3888888888889062,0.30864197530864335,1.0654490106544945,77.77777777777796,complete_hourly_ordered,/v1/candles/minutes/60,120,False,10.491803278688527,61.0,2026-08-31T11:00:00,67.4,2026-09-04T00:00:00,D-1,3.5608308605341366,37.49999999999994,True,,,,True,,,,,-0.1536098310291778,,,,,,,,,-0.1536098310291778,,,,,,,,,-0.1536098310291778,,,,,,,,,-0.1536098310291778,,,,,,-100.0,,,1.404056162246503,,,,,,-100.0,,,1.404056162246503,,,,,,0.0,0.0,,-0.1536098310291778,,,,0,800368.6155000001,0.0,1.404056162246503,False,False,flat_or_na,flat_or_na,unavailable,flat_or_na,neutral,False,False,False,pass,S0,🌱 초발사 준비,발사 구조 관찰 또는 초기 준비,S0,False,,,2026-09-05T11:40:00Z,33964283536-1
KRW-CHIP,2026-09-05T20:55:55.372412+09:00,1788609355,76.6,130.362882086721,8.0,41959946.88158381,36890205.98656344,1.1374278283202575,139,0.0,complete,1788608456571,1788609706862,2819193.81854796,3250793.13477779,-0.07110382930779718,75.0,81.8,9.066666666666666,2.1333333333333204,6.356968215158928,76.47058823529426,complete_hourly_ordered,/v1/candles/minutes/60,120,False,61.71428571428572,52.5,2026-09-01T14:00:00,84.9,2026-09-04T11:00:00,D-1,9.776207302709084,25.617283950617313,False,3.9401006505461966,-8.748836163996543,,True,0.9753527296292565,93.46968868738652,-72.43199251241059,0.2035715447071027,-0.26041666666667407,0.0,0.012274456855276838,-0.011096771127368399,,0.6460881816386562,-50.2965164806823,-78.52937001964206,0.8038921519468545,-1.6688061617458394,0.0,-0.17184239597396456,0.15531739573895464,,0.6460881816386562,-50.2965164806823,-78.52937001964206,0.8038921519468545,-1.6688061617458394,0.0,-0.17184239597396456,0.15531739573895464,,0.6460881816386562,-50.2965164806823,-78.52937001964206,0.8038921519468545,-1.6688061617458394,0.0,-0.17184239597396456,0.15531739573895464,,-0.08447400527986404,-6.9715715056572485,-0.0625758189472636,23.104206399051094,5.947441217150762,0.0,0.11657123878148212,-4.940240853219644,,-0.08447400527986404,-6.9715715056572485,-0.0625758189472636,23.104206399051094,5.947441217150762,0.0,0.11657123878148212,-4.940240853219644,,0.9753527296292565,20271822.418126483,-96925072.47768795,0.2035715447071027,-0.26041666666667407,0.0,0.012274456855276838,-0.011096771127368399,78850152.86814725,721214118.7388711,0.10932974108441769,5.947441217150762,False,False,rising,falling,buy_advantage_accelerating,accelerating,leading_buy_inflow,False,False,False,pass,S0,🌱 초발사 준비,발사 구조 관찰 또는 초기 준비,S0,False,,,2026-09-05T11:40:00Z,33964283536-1
KRW-CHZ,2026-09-05T20:55:55.372412+09:00,1788609355,18.6,-0.14439946529233305,7.0,2038990.49975001,0.0,,3,0.0,complete,1788608477091,1788608590295,15025711.01129983,13695920.77201636,0.046299257970987516,18.3,18.6,1.6393442622950838,1.6393442622950838,0.0,0.0,complete_hourly_ordered,/v1/candles/minutes/60,120,False,5.555555555555558,18.0,2026-09-02T19:00:00,19.0,2026-09-04T00:00:00,D-1,2.1052631578947323,39.999999999999844,False,-0.41681139284472923,40.9535578210277,,True,,,-100.0,0.1144568985172123,0.5405405405405572,0.0,0.03473428273704782,-0.019075600695636297,,,-94.08622207299825,-100.0,1.6069299075454735,0.5405405405405572,0.0,0.0,0.0,,,-94.08622207299825,-100.0,1.6069299075454735,0.5405405405405572,0.0,0.0,0.0,,,-94.08622207299825,-100.0,1.6069299075454735,0.5405405405405572,0.0,0.0,0.0,,,62.40505370561016,,-15.66594260474653,1.6393442622950838,0.0,-0.45155774447780406,-0.47512259501381493,,,62.40505370561016,,-15.66594260474653,1.6393442622950838,0.0,-0.45155774447780406,-0.47512259501381493,,,2038990.49975001,-5761356.15118147,0.1144568985172123,0.5405405405405572,0.0,0.03473428273704782,-0.019075600695636297,2038990.49975001,5998073.036240579,0.33994092559899725,1.6393442622950838,False,False,rising,falling,buy_only,accelerating,neutral,False,False,False,pass,S0,🌱 초발사 준비,발사 구조 관찰 또는 초기 준비,S0,False,,,2026-09-05T11:40:00Z,33964283536-1
KRW-CKB,2026-09-05T20:55:55.372412+09:00,1788609355,1.47,58.96969120937649,12.0,9999.9999999921,6693523.160188575,0.0014939815341895929,5,0.0,complete,1788608710439,1788609217847,48688043.31877411,138715813.3237828,-0.480394435941211,1.46,1.47,0.6849315068493178,0.6849315068493178,0.0,0.0,complete_hourly_ordered,/v1/candles/minutes/60,120,False,8.088235294117641,1.36,2026-09-03T08:00:00,1.47,2026-09-05T16:00:00,D0,0.0,0.0,False,0.527325023969305,9.343420697108904,7.097703268358793,True,0.0014939815341895929,,9069.209808477499,0.6805314696918217,0.6849315068493178,0.0,0.04793863854266611,-0.038334599043281514,-0.07087165530234785,,,,0.8140611243280205,0.0,0.0,0.0,0.0,0.0,,,,0.8140611243280205,0.0,0.0,0.0,0.0,0.0,,,,0.8140611243280205,0.0,0.0,0.0,0.0,0.0,,-99.88588030816844,,-38.707880779569706,2.7972027972027913,-2.0,-0.49061002208012905,-1.0221707007405616,-0.3465953019732817,,-99.88588030816844,,-38.707880779569706,2.7972027972027913,-2.0,-0.49061002208012905,-1.0221707007405616,-0.3465953019732817,0.0014939815341895929,9999.9999999921,6620523.160188575,0.6805314696918217,0.6849315068493178,0.0,0.04793863854266611,-0.038334599043281514,6703523.160188568,1331242.636142803,5.03553820933172,2.7972027972027913,False,True,rising,rising,sell_advantage_weakening,accelerating,neutral,False,False,False,pass,S1,⚡ 선행 시동,가격 미급등 상태에서 선행조건 6개 개선,S0,True,가격 미급등 상태에서 선행조건 6개 개선,2026-09-05T20:55:55.372412+09:00,2026-09-05T11:40:00Z,33964283536-1
KRW-COMP,2026-09-05T20:55:55.372412+09:00,1788609355,27310.0,105.77934410059657,9.0,281865.80567509995,0.0,,1,0.0,complete,1788608927374,1788608927374,1622.39404565,1241.29557515,0.1330795305929615,26740.0,27480.0,2.7673896783844354,2.1316379955123477,0.61863173216885,22.972972972972528,complete_hourly_ordered,/v1/candles/minutes/60,120,False,14.895267649340571,25780.0,2026-09-02T19:00:00,29620.0,2026-09-03T17:00:00,D-2,7.798784604996623,60.15624999999996,True,-0.08259084993492705,-0.9737467752541766,,False,,1963.4392801983893,-100.0,0.027355866577934762,0.256975036710716,0.0,0.01751927119830743,-0.015470218726599927,,,2718.6581296696854,,0.03842664803106288,0.07328691828507594,0.0,0.005005506056654507,-0.004419992622388014,,,2718.6581296696854,,0.03842664803106288,0.07328691828507594,0.0,0.005005506056654507,-0.004419992622388014,,,2718.6581296696854,,0.03842664803106288,0.07328691828507594,0.0,0.005005506056654507,-0.004419992622388014,,,,,-42.00181987851508,1.5997023809523725,0.0,-0.3308418090863685,-0.07939397436834161,,,,,-42.00181987851508,1.5997023809523725,0.0,-0.3308418090863685,-0.07939397436834161,,,268205.80567509995,-99597.8059488,0.027355866577934762,0.256975036710716,0.0,0.01751927119830743,-0.015470218726599927,281865.80567509995,3829361.2806015997,0.07360648030337276,1.5997023809523725,False,False,rising,falling,buy_only,accelerating,neutral,False,True,False,pass,S0,🌱 초발사 준비,발사 구조 관찰 또는 초기 준비,S0,False,,,2026-09-05T11:40:00Z,33964283536-1
KRW-COW,2026-09-05T20:55:55.372412+09:00,1788609355,175.0,-43.18857654416111,5.0,8999.9999985,5304723.42874554,0.001696601174291252,4,0.0,complete,1788608488599,1788609416282,351097.73340446,919505.0708696,-0.4473524972187442,173.0,175.0,1.1560693641618602,1.1560693641618602,0.0,0.0,complete_hourly_ordered,/v1/candles/minutes/60,120,False,10.303030303030303,165.0,2026-08-31T22:00:00,182.0,2026-09-04T04:00:00,D-1,3.8461538461538436,41.17647058823534,True,0.27799841143765214,17.84276243543336,,True,,,,0.016280063647641896,0.0,0.0,0.0,0.0,,-0.32288338950731277,-98.90244207904708,109.9758889441052,0.037914619123675664,0.0,0.0,0.0,0.0,,-0.32288338950731277,-98.90244207904708,109.9758889441052,0.037914619123675664,0.0,0.0,0.0,0.0,,-0.32288338950731277,-98.90244207904708,109.9758889441052,0.037914619123675664,0.0,0.0,0.0,0.0,,,-99.28993385781665,,18.960577139330326,0.5747126436781658,-1.0,-0.482001588562353,-0.5140013291009318,,,-99.28993385781665,,18.960577139330326,0.5747126436781658,-1.0,-0.482001588562353,-0.5140013291009318,,,8999.9999985,5304723.42874554,0.016280063647641896,0.0,0.0,0.0,0.0,5313723.4287440395,1466497.30286988,3.62341166147751,0.5747126436781658,False,False,rising,rising,sell_advantage_weakening,accelerating,neutral,False,False,False,pass,S0,🌱 초발사 준비,발사 구조 관찰 또는 초기 준비,S0,False,,,2026-09-05T11:40:00Z,33964283536-1
KRW-CPOOL,2026-09-05T20:55:55.372412+09:00,1788609355,27.6,-82.06509111454085,7.0,728259.599999682,186407.063,3.9068240670670407,12,0.0,complete,1788608595050,1788609116345,4260229.36647661,6005597.69684953,-0.1700173127412316,27.3,27.8,1.831501831501825,1.098901098901095,0.7194244604316521,40.0,complete_hourly_ordered,/v1/candles/minutes/60,120,False,9.23076923076922,26.0,2026-09-01T00:00:00,28.4,2026-09-01T09:00:00,D-4,2.8169014084506894,33.33333333333325,False,0.07367387033399009,17.952331814864213,,True,-22.26833557857431,-94.76053959887618,-64.89636848188312,0.13720688879321585,0.363636363636366,0.0,0.04911591355598599,-0.03614066254637649,,2.8414798788369318,-57.31766376072722,-88.36103748927471,0.1844595794085251,0.7299270072992803,0.0,0.04911591355598599,-0.03614066254637649,,2.8414798788369318,-57.31766376072722,-88.36103748927471,0.1844595794085251,0.7299270072992803,0.0,0.04911591355598599,-0.03614066254637649,,2.8414798788369318,-57.31766376072722,-88.36103748927471,0.1844595794085251,0.7299270072992803,0.0,0.04911591355598599,-0.03614066254637649,,-3.3572376984429524,-16.61363387919631,55.04248553421072,-36.78084894359241,0.363636363636366,-1.0,-0.5189187222586211,-0.4125614824005872,,-3.3572376984429524,-16.61363387919631,55.04248553421072,-36.78084894359241,0.363636363636366,-1.0,-0.5189187222586211,-0.4125614824005872,,-22.26833557857431,-13171255.698245075,-344612.25021206995,0.13720688879321585,0.363636363636366,0.0,0.04911591355598599,-0.03614066254637649,914666.662999682,1800312.2748508,0.5080600047986034,0.363636363636366,False,False,falling,falling,buy_advantage_weakening,accelerating,neutral,False,True,False,pass,S0,🌱 초발사 준비,발사 구조 관찰 또는 초기 준비,S0,False,,,2026-09-05T11:40:00Z,33964283536-1
KRW-CRO,2026-09-05T20:55:55.372412+09:00,1788609355,76.8,-28.093843419077814,10.0,0.0,0.0,,0,0.0,complete,,,1055651.6867898,641517.26763807,0.2440148448810968,76.4,77.2,1.0471204188481575,0.5235602094240788,0.518134715025914,50.0,complete_hourly_ordered,/v1/candles/minutes/60,120,False,8.991825613079008,73.4,2026-09-03T00:00:00,80.0,2026-09-04T05:00:00,D-1,4.0000000000000036,48.48484848484853,True,-0.24275908253810208,8.082414986646596,11.906809714870173,False,,-100.0,-100.0,0.0,0.0,0.0,0.0,0.0,0.0,,,,0.057436472906267966,0.39215686274509665,0.0,0.02511300853841325,-0.020481384212283515,-0.10264408701619132,,,,0.057436472906267966,0.39215686274509665,0.0,0.02511300853841325,-0.020481384212283515,-0.10264408701619132,,,,0.057436472906267966,0.39215686274509665,0.0,0.02511300853841325,-0.020481384212283515,-0.10264408701619132,,-100.0,-100.0,-21.73891214474666,0.26109660574413773,1.0,-0.5028916662420446,-0.021379731321342632,3.08491205405495,,-100.0,-100.0,-21.73891214474666,0.26109660574413773,1.0,-0.5028916662420446,-0.021379731321342632,3.08491205405495,,-109948.297313887,-212995.9,0.0,0.0,0.0,0.0,0.0,0,4188540.4999976284,0.0,0.26109660574413773,False,False,falling,falling,unavailable,flat_or_na,neutral,False,False,False,pass,S0,🌱 초발사 준비,발사 구조 관찰 또는 초기 준비,S1,True,발사 구조 관찰 또는 초기 준비,2026-09-05T20:55:55.372412+09:00,2026-09-05T11:40:00Z,33964283536-1
KRW-CRV,2026-09-05T20:55:55.372412+09:00,1788609355,496.0,,,1151499.5260248,0.0,,3,0.0,complete,1788608771368,1788609122854,198814.31048542,370078.39243594,-0.30104812572045664,481.0,498.0,3.534303534303529,3.1185031185031242,0.4016064257028112,11.764705882352645,complete_hourly_ordered,/v1/candles/minutes/60,120,False,136.4734299516908,414.0,2026-08-31T22:00:00,979.0,2026-09-01T21:00:00,D-4,49.336057201225735,85.48672566371683,True,,,,False,,-79.38483969889204,-100.0,,-0.40160642570281624,,,,,,20620.864462391346,-100.0,,1.0183299389002087,,,,,,20620.864462391346,-100.0,,1.0183299389002087,,,,,,20620.864462391346,-100.0,,1.0183299389002087,,,,,,103.6923204895071,-100.0,,2.9045643153526868,,,,,,103.6923204895071,-100.0,,2.9045643153526868,,,,,,-4434193.280656469,-2655817.2907926003,,-0.40160642570281624,,,,1151499.5260248,9479527.689357419,0.12147224669406033,2.9045643153526868,False,False,falling,falling,buy_only,flat_or_na,neutral,True,True,False,🔴 1차 급등 완료·상승분 반납 / 신규매수 금지,S3,🔴 1차 급등 완료·반납,당일/5D 급등 후 상승분 상당 부분 반납,S3,False,,,2026-09-05T11:40:00Z,33964283536-1
KRW-CTC,2026-09-05T20:55:55.372412+09:00,1788609355,133.0,61.732806109648706,12.0,0.0,289087.71970484,0.0,3,0.0,complete,1788608673186,1788609358684,2553313.87733473,2402437.17551059,0.030444770170106647,135.0,135.0,0.0,-1.4814814814814836,1.4814814814814816,,complete_hourly_ordered,/v1/candles/minutes/60,120,False,14.999999999999991,120.0,2026-09-01T03:00:00,138.0,2026-09-04T03:00:00,D-1,3.6231884057971064,27.777777777777697,False,0.7995735607675858,9.724542893970487,4.997267767382437,True,-127.08515687185131,-100.0,206.15631840350454,0.02157694893362816,0.0,0.0,-0.05330490405117683,0.0423498706869232,0.04332520626875347,-0.9101736427026114,-100.0,-39.94315011953421,0.7758051971798565,0.0,0.0,0.0,0.0,0.0,-0.9101736427026114,-100.0,-39.94315011953421,0.7758051971798565,0.0,0.0,0.0,0.0,0.0,-0.9101736427026114,-100.0,-39.94315011953421,0.7758051971798565,0.0,0.0,0.0,0.0,0.0,,-100.0,,-53.2647451882775,0.0,-2.0,-0.8255618671847431,-1.2473629526506187,-0.2686165519994388,,-100.0,,-53.2647451882775,0.0,-2.0,-0.8255618671847431,-1.2473629526506187,-0.2686165519994388,-127.08515687185131,-11999999.99999831,194662.84511387,0.02157694893362816,0.0,0.0,-0.05330490405117683,0.0423498706869232,289087.71970484,6232691.0793839935,0.046382488081442325,0.0,False,True,falling,rising,sell_only,accelerating,neutral,False,False,False,pass,S0,🌱 초발사 준비,발사 구조 관찰 또는 초기 준비,S1,True,발사 구조 관찰 또는 초기 준비,2026-09-05T20:55:55.372412+09:00,2026-09-05T11:40:00Z,33964283536-1
KRW-CVC,2026-09-05T20:55:55.372412+09:00,1788609355,28.8,381.3908975892905,11.0,8672543.521212384,107967.20672964101,80.32571911329673,15,0.0,complete,1788608544444,1788609497391,2124687.06972394,5076759.34471126,-0.4099276874531666,28.4,29.1,2.464788732394374,1.4084507042253502,1.0309278350515487,42.85714285714312,complete_hourly_ordered,/v1/candles/minutes/60,120,False,12.267657992565063,26.9,2026-08-31T22:00:00,30.2,2026-09-02T15:00:00,D-3,4.635761589403964,42.424242424242365,True,0.26518804243009786,15.020560365744656,13.575885981238304,True,80.32571911329673,,-94.86617357118827,0.6584582474593503,0.0,0.0,-0.024108003857281624,0.018261750022116274,0.061118501595711194,80.07350557732481,745.9202435785181,-97.34390755366613,1.7100379022784864,-0.34602076124566894,0.0,-0.024108003857281624,0.018261750022116274,0.061118501595711194,80.07350557732481,745.9202435785181,-97.34390755366613,1.7100379022784864,-0.34602076124566894,0.0,-0.024108003857281624,0.018261750022116274,0.061118501595711194,80.07350557732481,745.9202435785181,-97.34390755366613,1.7100379022784864,-0.34602076124566894,0.0,-0.024108003857281624,0.018261750022116274,0.061118501595711194,,,,-15.272983829407508,-0.6896551724137945,-1.0,-0.6339614107898184,-0.5591681962438599,1.1324294528274894,,,,-15.272983829407508,-0.6896551724137945,-1.0,-0.6339614107898184,-0.5591681962438599,1.1324294528274894,80.32571911329673,8672543.521212384,-1995088.052866096,0.6584582474593503,0.0,0.0,-0.024108003857281624,0.018261750022116274,8780510.727942025,5460959.499999767,1.6078695928696047,-0.6896551724137945,False,True,rising,falling,buy_advantage_accelerating,accelerating,leading_buy_inflow,False,False,False,pass,S1,⚡ 선행 시동,가격 미급등 상태에서 선행조건 5개 개선,S1,False,,,2026-09-05T11:40:00Z,33964283536-1
KRW-CYBER,2026-09-05T20:55:55.372412+09:00,1788609355,420.0,80.100206573518,7.0,0.0,0.0,,0,0.0,complete,,,82682.49232339,77305.99541122,0.033605523674231905,416.0,431.0,3.605769230769229,0.9615384615384581,2.5522041763341066,73.33333333333341,complete_hourly_ordered,/v1/candles/minutes/60,120,False,6.157635467980294,406.0,2026-09-02T19:00:00,431.0,2026-09-05T10:00:00,D0,2.5522041763341052,43.99999999999987,False,-0.952668985331917,18.772283366919858,,True,,,-100.0,0.0,0.0,0.0,0.0,0.0,,,,,0.026166436714731844,-0.4739336492891044,0.0,-0.03024345985179755,0.022283366919857883,,,,,0.026166436714731844,-0.4739336492891044,0.0,-0.03024345985179755,0.022283366919857883,,,,,0.026166436714731844,-0.4739336492891044,0.0,-0.03024345985179755,0.022283366919857883,,,,,-28.076310981843463,1.2048192771084265,0.0,-0.5459199645425183,0.21110570069462042,,,,,-28.076310981843463,1.2048192771084265,0.0,-0.5459199645425183,0.21110570069462042,,,0.0,-133695.1950132,0.0,0.0,0.0,0.0,0.0,0,999862.839671,0.0,1.2048192771084265,False,False,flat_or_na,falling,unavailable,flat_or_na,neutral,False,False,False,pass,S0,🌱 초발사 준비,발사 구조 관찰 또는 초기 준비,S0,False,,,2026-09-05T11:40:00Z,33964283536-1
KRW-DATA,2026-09-05T20:55:55.372412+09:00,1788609355,259.0,123.14250647907059,7.0,13339389.44945871,26133913.47271157,0.5104244897492063,62,0.0,complete,1788608595353,1788609576100,2032591.70646694,1463494.25022114,0.16278131124239253,259.0,272.0,5.019305019305009,0.0,4.779411764705882,100.0,complete_hourly_ordered,/v1/candles/minutes/60,120,False,11.244979919678721,249.0,2026-09-01T05:00:00,277.0,2026-09-02T09:00:00,D-3,6.137184115523464,60.714285714285644,False,-0.38333759263992073,42.346872746769215,,False,0.13454454723979475,7.598436704035305,-20.763805392082002,0.5008804651248369,0.7782101167315147,0.0,0.02555583950932805,-0.01372479797268511,,0.31640816148537926,65.35015931077115,-37.149115233328104,1.7786132954540363,0.3875968992248069,0.0,0.02555583950932805,-0.01372479797268511,,0.31640816148537926,65.35015931077115,-37.149115233328104,1.7786132954540363,0.3875968992248069,0.0,0.02555583950932805,-0.01372479797268511,,0.31640816148537926,65.35015931077115,-37.149115233328104,1.7786132954540363,0.3875968992248069,0.0,0.02555583950932805,-0.01372479797268511,,0.5050274927553605,74007.71918589182,683.581402733133,-6.228625244935898,0.0,0.0,-0.5625031928446877,-0.37018846577331743,,0.5050274927553605,74007.71918589182,683.581402733133,-6.228625244935898,0.0,0.0,-0.5625031928446877,-0.37018846577331743,,0.13454454723979475,942007.2401329521,-6848379.028877135,0.5008804651248369,0.7782101167315147,0.0,0.02555583950932805,-0.01372479797268511,39473302.92217028,27919027.104127858,1.413849514703688,0.0,False,False,rising,falling,sell_advantage_weakening,accelerating,neutral,False,False,False,pass,S0,🌱 초발사 준비,발사 구조 관찰 또는 초기 준비,S0,False,,,2026-09-05T11:40:00Z,33964283536-1
KRW-DEEP,2026-09-05T20:55:55.372412+09:00,1788609355,20.6,-8.167934795300425,5.0,0.0,1798105.913226904,0.0,2,0.0,complete,1788608773065,1788608773065,7078647.957773,12851754.29982347,-0.28966331273369317,20.1,20.9,3.980099502487544,2.487562189054726,1.4354066985645797,37.49999999999972,complete_hourly_ordered,/v1/candles/minutes/60,120,False,9.844559585492219,19.3,2026-08-31T21:00:00,21.2,2026-09-03T17:00:00,D-2,2.8301886792452713,31.578947368420966,False,-0.27210884353742193,32.3332564043388,,True,-0.41447953955126726,-100.0,-86.59648041655997,0.39564579646252795,0.0,0.0,0.0,0.0,,0.0,,814.7016577729058,0.7475756895291994,-0.48309178743960457,0.0,-0.03401360544218468,0.021126013454626502,,0.0,,814.7016577729058,0.7475756895291994,-0.48309178743960457,0.0,-0.03401360544218468,0.021126013454626502,,0.0,,814.7016577729058,0.7475756895291994,-0.48309178743960457,0.0,-0.03401360544218468,0.021126013454626502,,,-100.0,,-47.211410460211,1.980198019801982,-1.0,-0.13623927832004945,-0.3571250740688967,,,-100.0,,-47.211410460211,1.980198019801982,-1.0,-0.13623927832004945,-0.3571250740688967,,-0.41447953955126726,-5560316.499999636,-11617071.361915471,0.39564579646252795,0.0,0.0,0.0,0.0,1798105.913226904,4134342.99363962,0.4349193852549623,1.980198019801982,False,False,falling,falling,sell_only,accelerating,neutral,False,False,False,pass,S0,🌱 초발사 준비,발사 구조 관찰 또는 초기 준비,S0,False,,,2026-09-05T11:40:00Z,33964283536-1
KRW-DKA,2026-09-05T20:55:55.372412+09:00,1788609355,5.01,-87.47531054490092,5.0,588014.1524319508,3525164.091642558,0.16680476061412627,21,0.0,complete,1788608696137,1788609129020,16733668.73196291,13222982.83857569,0.11719219970632055,5.0,5.06,1.200000000000001,0.20000000000000018,0.9881422924901151,83.33333333333334,complete_hourly_ordered,/v1/candles/minutes/60,120,False,7.724425887265141,4.79,2026-09-01T00:00:00,5.16,2026-09-04T11:00:00,D-1,2.9069767441860517,40.54054054054077,False,0.2906172156102782,19.985646659397993,,True,-0.45045854337673374,11636.809429779458,43332.224237868744,0.031227712702829535,0.0,0.0,0.04151674508716674,-0.029811424351695592,,,,,0.04799953201951723,0.4008016032064132,0.0,0.027677830058125963,-0.019874008602823068,,,,,0.04799953201951723,0.4008016032064132,0.0,0.027677830058125963,-0.019874008602823068,,,,,0.04799953201951723,0.4008016032064132,0.0,0.027677830058125963,-0.019874008602823068,,-1.4865197264750571,982.9414578788114,10633.828122190114,-5.419589305314986,-1.183431952662728,-1.0,-0.4756129320631741,-0.5864800101055074,,-1.4865197264750571,982.9414578788114,10633.828122190114,-5.419589305314986,-1.183431952662728,-1.0,-0.4756129320631741,-0.5864800101055074,,-0.45045854337673374,583004.1524319508,3517047.620166596,0.031227712702829535,0.0,0.0,0.04151674508716674,-0.029811424351695592,4113178.244074509,1518724.454764728,2.7083110640446617,-1.183431952662728,False,False,rising,rising,sell_advantage_accelerating,accelerating,neutral,False,True,False,pass,S0,🌱 초발사 준비,발사 구조 관찰 또는 초기 준비,S0,False,,,2026-09-05T11:40:00Z,33964283536-1
KRW-DOGE,2026-09-05T20:55:55.372412+09:00,1788609355,118.0,-0.3649460859589837,11.0,73920566.9478148,185503.47567804,398.48615600125686,22,0.0,complete,1788608487127,1788609349499,112443125.1082918,95366293.26778609,0.08217544697421438,116.0,118.0,1.724137931034475,1.724137931034475,0.0,0.0,complete_hourly_ordered,/v1/candles/minutes/60,120,False,11.818181818181817,110.0,2026-09-02T10:00:00,123.0,2026-09-04T00:00:00,D-1,4.0650406504065035,38.46153846153843,False,-0.4441976679622428,1.9414820891441131,2.615674581253822,False,397.9643818401949,357.50036075694254,-99.40095317409538,0.09809837247652942,0.0,0.0,0.05552470849528035,-0.04798943611738715,-0.0997669628426121,389.37649006818145,37.98653580280549,-96.84553346334586,0.28457863912141335,0.0,0.0,0.0,0.0,0.0,389.37649006818145,37.98653580280549,-96.84553346334586,0.28457863912141335,0.0,0.0,0.0,0.0,0.0,389.37649006818145,37.98653580280549,-96.84553346334586,0.28457863912141335,0.0,0.0,0.0,0.0,0.0,375.60900170786465,227.73034283485626,-81.18494831816521,1.9961711186694653,1.724137931034475,0.0,-0.7786458284973596,0.10099129159810083,0.8184205122708843,375.60900170786465,227.73034283485626,-81.18494831816521,1.9961711186694653,1.724137931034475,0.0,-0.7786458284973596,0.10099129159810083,0.8184205122708843,397.9643818401949,57763078.716436826,-30780936.484655757,0.09809837247652942,0.0,0.0,0.05552470849528035,-0.04798943611738715,74106070.42349285,137185642.42644104,0.5401882377248663,1.724137931034475,False,True,rising,falling,buy_advantage_accelerating,accelerating,leading_buy_inflow,False,False,False,pass,S1,⚡ 선행 시동,가격 미급등 상태에서 선행조건 6개 개선,S0,True,가격 미급등 상태에서 선행조건 6개 개선,2026-09-05T20:55:55.372412+09:00,2026-09-05T11:40:00Z,33964283536-1
KRW-DOOD,2026-09-05T20:55:55.372412+09:00,1788609355,1.94,136.4199839651163,7.0,6091113.506246831,988061.5780473474,6.164710420462224,14,0.0,complete,1788608480331,1788609165611,93738860.2247858,161621190.90730178,-0.2658298758226797,1.88,2.09,11.170212765957444,3.1914893617021267,7.177033492822963,71.42857142857143,complete_hourly_ordered,/v1/candles/minutes/60,120,False,17.41573033707864,1.78,2026-09-02T19:00:00,2.09,2026-09-05T17:00:00,D0,7.177033492822959,48.38709677419351,False,-0.07168458781361409,24.887182595810597,,False,6.138079413654539,1120.2940350661381,-94.72843709781479,1.0070170717444569,0.0,0.0,0.0,0.0,,5.763884853763491,26.35266111307766,-91.7846300085017,1.9056129855373172,-1.0204081632653073,0.0,0.0,0.0,,5.763884853763491,26.35266111307766,-91.7846300085017,1.9056129855373172,-1.0204081632653073,0.0,0.0,0.0,,5.763884853763491,26.35266111307766,-91.7846300085017,1.9056129855373172,-1.0204081632653073,0.0,0.0,0.0,,3.8317159971014845,609.7883999829755,168.61478739211623,69.18967444301731,4.3010752688172005,1.0,-0.39565866988704457,-0.7680358103247755,,3.8317159971014845,609.7883999829755,168.61478739211623,69.18967444301731,4.3010752688172005,1.0,-0.39565866988704457,-0.7680358103247755,,6.138079413654539,5591962.209000942,-17755176.364494678,1.0070170717444569,0.0,0.0,0.0,0.0,7079175.0842941785,2981680.733128631,2.374223036571092,4.3010752688172005,False,False,rising,falling,buy_advantage_accelerating,accelerating,leading_buy_inflow,False,False,False,pass,S0,🌱 초발사 준비,발사 구조 관찰 또는 초기 준비,S0,False,,,2026-09-05T11:40:00Z,33964283536-1
KRW-DOS,2026-09-05T20:55:55.372412+09:00,1788609355,337.0,,,5780519.31222545,2169912.8776662303,2.6639407377693773,60,0.0,complete,1788608476434,1788609682638,701825.24359584,977984.48913457,-0.1643991222088308,331.0,340.0,2.7190332326284095,1.812688821752273,0.8823529411764706,33.33333333333333,complete_hourly_ordered,/v1/candles/minutes/60,120,False,12.011173184357538,358.0,2026-09-01T10:00:00,401.0,2026-09-01T19:00:00,D-4,16.209476309226932,151.1627906976744,True,,,,True,2.479791301286201,204.6224978817783,-78.9424514856143,,-0.295857988165682,,,,,-6.526684827886789,-96.15062656419477,-86.71961826729942,,-0.295857988165682,,,,,-6.526684827886789,-96.15062656419477,-86.71961826729942,,-0.295857988165682,,,,,-6.526684827886789,-96.15062656419477,-86.71961826729942,,-0.295857988165682,,,,,-69.90872489963515,550.2691438839347,17615.020640033315,,3.6923076923076836,,,,,-69.90872489963515,550.2691438839347,17615.020640033315,,3.6923076923076836,,,,,2.479791301286201,3882918.39554305,-8134766.58767528,,-0.295857988165682,,,,7950432.18989168,34194714.64354633,0.23250470936133955,3.6923076923076836,False,False,rising,falling,buy_advantage_accelerating,flat_or_na,neutral,False,True,False,pass,S0,🌱 초발사 준비,발사 구조 관찰 또는 초기 준비,S0,False,,,2026-09-05T11:40:00Z,33964283536-1
KRW-DOT,2026-09-05T20:55:55.372412+09:00,1788609355,1237.0,16.494777163240236,8.0,324802.16999082,3110864.4906405797,0.10440897408679403,9,0.0,complete,1788608571956,1788609091284,30279.87421005,58968.25659028,-0.3214451902013832,1230.0,1252.0,1.788617886178856,0.5691056910569037,1.1980830670926517,68.18181818181847,complete_hourly_ordered,/v1/candles/minutes/60,120,False,10.600706713780927,1132.0,2026-08-31T21:00:00,1252.0,2026-09-05T16:00:00,D0,1.198083067092648,12.50000000000008,False,-0.29157726797600647,12.85595797622339,,False,-7.304358383446716,-67.52281961692009,2204.5516536429986,0.09534437836065024,-0.24193548387096975,0.0,-0.01650437365902091,0.012853129031634936,,0.10440897408679403,,-77.56554440399249,0.41017713690263236,-0.24193548387096975,0.0,-0.01650437365902091,0.012853129031634936,,0.10440897408679403,,-77.56554440399249,0.41017713690263236,-0.24193548387096975,0.0,-0.01650437365902091,0.012853129031634936,,0.10440897408679403,,-77.56554440399249,0.41017713690263236,-0.24193548387096975,0.0,-0.01650437365902091,0.012853129031634936,,-37.11571839026699,-91.30298683104544,3000.345929736456,29.773688834455513,4.388185654008447,0.0,-0.3799164905908481,-0.3661984254257149,,-37.11571839026699,-91.30298683104544,3000.345929736456,29.773688834455513,4.388185654008447,0.0,-0.3799164905908481,-0.3661984254257149,,-7.304358383446716,-675291.32999798,2975876.65100058,0.09534437836065024,-0.24193548387096975,0.0,-0.01650437365902091,0.012853129031634936,3435666.6606313996,9245948.51318185,0.37158617698694796,4.388185654008447,False,False,falling,rising,sell_advantage_accelerating,accelerating,neutral,False,False,False,pass,S0,🌱 초발사 준비,발사 구조 관찰 또는 초기 준비,S0,False,,,2026-09-05T11:40:00Z,33964283536-1
KRW-DRV,2026-09-05T20:55:55.372412+09:00,1788609355,256.0,,,107192653.13677858,108510858.776033,0.9878518550666417,441,0.0,complete,1788608458035,1788609704690,2323049.32744946,1802848.38428077,0.12608188072373208,206.0,305.0,48.05825242718447,24.271844660194162,16.065573770491802,49.49494949494952,complete_hourly_ordered,/v1/candles/minutes/60,120,False,62.23404255319149,188.0,2026-09-01T11:00:00,305.0,2026-09-05T09:00:00,D0,15.73770491803279,41.02564102564104,True,,,,True,0.29330876636740477,-69.21108686852965,-78.35279985116664,,0.7874015748031482,,,,,-0.1563460426822314,-55.9927446740669,-49.0277729688186,,0.39215686274509665,,,,,-0.1563460426822314,-55.9927446740669,-49.0277729688186,,0.39215686274509665,,,,,-0.1563460426822314,-55.9927446740669,-49.0277729688186,,0.39215686274509665,,,,,0.9467207584744042,143090.39512723347,5862.0052772605195,,23.076923076923084,,,,,0.9467207584744042,143090.39512723347,5862.0052772605195,,23.076923076923084,,,,,0.29330876636740477,-240960763.9035049,-392758857.5382084,,0.7874015748031482,,,,215703511.91281158,3840671.8979249,56.162962535111454,23.076923076923084,True,False,falling,falling,sell_advantage_weakening,flat_or_na,neutral,False,False,False,pass,S0,🌱 초발사 준비,발사 구조 관찰 또는 초기 준비,S0,False,,,2026-09-05T11:40:00Z,33964283536-1
KRW-EDGE,2026-09-05T20:55:55.372412+09:00,1788609355,96.3,15.233498675339918,8.0,0.0,9796.541199776999,0.0,2,0.0,complete,1788609331910,1788609331910,467135.94509854,2351831.46937789,-0.6685765555858321,93.9,101.0,7.561235356762497,2.555910543130979,4.653465346534656,66.19718309859162,complete_hourly_ordered,/v1/candles/minutes/60,120,False,10.382513661202175,91.5,2026-09-04T22:00:00,101.0,2026-09-05T09:00:00,D0,4.653465346534658,49.47368421052625,True,0.05541317448223282,10.596718166134142,,True,,-100.0,,0.08147731396386249,-0.10373443983403563,0.0,-0.006926646810256898,0.005497506677860642,,-2.510126432159051,-100.0,-99.07022908195574,0.3539592109456766,-0.10373443983403563,0.0,-0.006926646810256898,0.005497506677860642,,-2.510126432159051,-100.0,-99.07022908195574,0.3539592109456766,-0.10373443983403563,0.0,-0.006926646810256898,0.005497506677860642,,-2.510126432159051,-100.0,-99.07022908195574,0.3539592109456766,-0.10373443983403563,0.0,-0.006926646810256898,0.005497506677860642,,,,,58.34676439941112,3.548387096774186,1.0,-0.11812562879418564,-0.5479157849772402,,,,,58.34676439941112,3.548387096774186,1.0,-0.11812562879418564,-0.5479157849772402,,,-527735.49999919,9796.541199776999,0.08147731396386249,-0.10373443983403563,0.0,-0.006926646810256898,0.005497506677860642,9796.541199776999,1086989.6094424091,0.009012543555777236,3.548387096774186,False,False,falling,rising,sell_only,accelerating,neutral,False,False,False,pass,S0,🌱 초발사 준비,발사 구조 관찰 또는 초기 준비,S0,False,,,2026-09-05T11:40:00Z,33964283536-1
KRW-EGLD,2026-09-05T20:55:55.372412+09:00,1788609355,6355.0,399.4054109016383,8.0,2399794.3058470506,1825737.53653925,1.314424586129694,23,0.0,complete,1788608699501,1788609268666,6014.89214831,19337.78325824,-0.5255023738633896,6480.0,6585.0,1.620370370370372,-1.9290123456790154,3.492786636294609,219.04761904761912,complete_hourly_ordered,/v1/candles/minutes/60,120,False,44.75190839694656,5240.0,2026-08-31T23:00:00,7585.0,2026-09-03T07:00:00,D-2,16.216216216216218,52.45202558635395,True,2.3523327825637264,-15.087425697464354,,True,-1.657028222218281,-20.368020375484676,80.01996614070279,0.24420843662261404,-0.4698512137823019,0.0,-0.02522608882105093,0.024283417425053244,,1.2955659223992986,3978.2539682623856,-41.487384665352025,0.545135780850444,-0.5477308294209671,0.0,-0.02522608882105093,0.024283417425053244,,1.2955659223992986,3978.2539682623856,-41.487384665352025,0.545135780850444,-0.5477308294209671,0.0,-0.02522608882105093,0.024283417425053244,,1.2955659223992986,3978.2539682623856,-41.487384665352025,0.545135780850444,-0.5477308294209671,0.0,-0.02522608882105093,0.024283417425053244,,-14.680339577773264,-78.73044007988523,158.82169154638044,-74.68014683513127,-5.1492537313432845,0.0,-0.9621892188926395,-2.525643902529442,,-14.680339577773264,-78.73044007988523,158.82169154638044,-74.68014683513127,-5.1492537313432845,0.0,-0.9621892188926395,-2.525643902529442,,-1.657028222218281,-613811.9327051998,811551.40170115,0.24420843662261404,-0.4698512137823019,0.0,-0.02522608882105093,0.024283417425053244,4225531.842386301,13652783.648509776,0.30949965598023116,-5.1492537313432845,False,True,falling,rising,buy_advantage_weakening,accelerating,neutral,False,False,False,pass,S0,🌱 초발사 준비,발사 구조 관찰 또는 초기 준비,S0,False,,,2026-09-05T11:40:00Z,33964283536-1
KRW-ELF,2026-09-05T20:55:55.372412+09:00,1788609355,90.2,84.75704158431638,13.0,0.0,1135572.116456052,0.0,5,0.0,complete,1788608475040,1788609097037,1442517.46279474,719581.47766762,0.33436767004405527,88.3,98.9,12.004530011325043,2.1517553793884536,8.79676440849343,82.07547169811319,complete_hourly_ordered,/v1/candles/minutes/60,120,False,15.000000000000014,86.0,2026-09-01T18:00:00,98.9,2026-09-05T09:00:00,D0,8.796764408493429,67.44186046511624,True,0.2777986335310345,6.100711837595582,7.466254038949414,True,-1.9698602634374804,-100.0,-78.65904078174194,0.385063847531967,-0.6607929515418443,0.0,-0.030032284706060786,0.024820314316670533,0.07527747769822213,-0.45829900760204695,-100.0,-89.69743909554964,0.6447887301845441,-0.6607929515418443,0.0,-0.04504842705910228,0.03722981713792084,0.11257435978293096,-0.45829900760204695,-100.0,-89.69743909554964,0.6447887301845441,-0.6607929515418443,0.0,-0.04504842705910228,0.03722981713792084,0.11257435978293096,-0.45829900760204695,-100.0,-89.69743909554964,0.6447887301845441,-0.6607929515418443,0.0,-0.04504842705910228,0.03722981713792084,0.11257435978293096,,-100.0,,102.69828262593683,1.3483146067415852,1.0,-0.3945083614833145,-0.4305945990288391,0.7275638269157003,,-100.0,,102.69828262593683,1.3483146067415852,1.0,-0.3945083614833145,-0.4305945990288391,0.7275638269157003,-1.9698602634374804,-10481808.0836807,-4185520.0839569606,0.385063847531967,-0.6607929515418443,0.0,-0.030032284706060786,0.024820314316670533,1135572.116456052,1571072.464034133,0.7228005979687139,1.3483146067415852,False,True,falling,falling,sell_only,accelerating,neutral,True,True,False,🔴 1차 급등 완료·상승분 반납 / 신규매수 금지,S3,🔴 1차 급등 완료·반납,당일/5D 급등 후 상승분 상당 부분 반납,S3,False,,,2026-09-05T11:40:00Z,33964283536-1
KRW-ELSA,2026-09-05T20:55:55.372412+09:00,1788609355,72.5,1055.7887179493134,7.0,21696646.36982532,17195565.986718338,1.261758198978944,141,0.0,complete,1788608456321,1788609645687,1429941.51355909,1145847.25805881,0.1102940810328307,68.2,81.5,19.50146627565983,6.304985337243396,11.042944785276074,67.66917293233087,complete_hourly_ordered,/v1/candles/minutes/60,120,False,32.952691680261026,61.3,2026-09-02T10:00:00,81.5,2026-09-05T09:00:00,D0,11.165644171779132,45.04950495049499,True,0.6970849176172411,16.234322489951023,,True,0.49139255044173147,-5.43886904691897,-42.26576293933938,2.8785471271876304,0.41551246537396835,0.0,0.010561892691174357,-0.007866125470769703,,0.9829812761807049,77.9059858732818,-60.692878136813164,7.703118382819639,0.2766251728907321,0.0,-0.010561892691174357,0.007865952693329348,,0.9829812761807049,77.9059858732818,-60.692878136813164,7.703118382819639,0.2766251728907321,0.0,-0.010561892691174357,0.007865952693329348,,0.9829812761807049,77.9059858732818,-60.692878136813164,7.703118382819639,0.2766251728907321,0.0,-0.010561892691174357,0.007865952693329348,,1.0769723567619256,3166.956323800927,378.4492593496056,689.255150301103,5.685131195335291,-1.0,0.048769474955956404,-0.9343686747822559,,1.0769723567619256,3166.956323800927,378.4492593496056,689.255150301103,5.685131195335291,-1.0,0.048769474955956404,-0.9343686747822559,,0.49139255044173147,-1247925.2011203319,-12588435.434572078,2.8785471271876304,0.41551246537396835,0.0,0.010561892691174357,-0.007866125470769703,38892212.35654366,5993430.21682034,6.489140767401297,5.685131195335291,False,False,falling,falling,buy_advantage_accelerating,accelerating,neutral,False,True,False,pass,S0,🌱 초발사 준비,발사 구조 관찰 또는 초기 준비,S0,False,,,2026-09-05T11:40:00Z,33964283536-1
KRW-ENA,2026-09-05T20:55:55.372412+09:00,1788609355,224.0,-38.90708682151847,6.0,64084887.69864384,98602785.58775824,0.6499297896772617,73,0.0,complete,1788608486687,1788609606031,9233733.30701249,4419073.88473293,0.3526497777827359,223.0,228.0,2.2421524663677195,0.4484304932735439,1.7543859649122806,80.0,complete_hourly_ordered,/v1/candles/minutes/60,120,False,22.388059701492537,201.0,2026-09-01T06:00:00,246.0,2026-09-04T02:00:00,D-1,9.349593495934961,51.11111111111113,False,0.8679479231246123,-51.278475127847514,,True,0.640495012204181,1058.2934984541566,-83.18550468065528,0.11630848739169153,0.4484304932735439,0.0,0.030998140111582195,-0.037701024285020424,,-4.690692870273493,-62.289390341986774,209.87675847286877,0.509110655248378,0.0,0.0,0.0,0.0,,-4.690692870273493,-62.289390341986774,209.87675847286877,0.509110655248378,0.0,0.0,0.0,0.0,,-4.690692870273493,-62.289390341986774,209.87675847286877,0.509110655248378,0.0,0.0,0.0,0.0,,-4.347336252456658,-31.09853136992593,429.7787159582338,-2.804362734479099,-0.8849557522123908,-1.0,-1.1870631423195777,-0.955406264700656,,-4.347336252456658,-31.09853136992593,429.7787159582338,-2.804362734479099,-0.8849557522123908,-1.0,-1.1870631423195777,-0.955406264700656,,0.640495012204181,58552189.13958513,-487812588.2612435,0.11630848739169153,0.4484304932735439,0.0,0.030998140111582195,-0.037701024285020424,162687673.28640208,271377028.5632452,0.5994894783383895,-0.8849557522123908,False,False,rising,falling,sell_advantage_weakening,accelerating,leading_buy_inflow,False,False,False,pass,S0,🌱 초발사 준비,발사 구조 관찰 또는 초기 준비,S0,False,,,2026-09-05T11:40:00Z,33964283536-1
KRW-ENS,2026-09-05T20:55:55.372412+09:00,1788609355,7945.0,92.29903365102862,9.0,10878795.8418123,15391763.609424401,0.7067933290731672,48,0.0,complete,1788608519648,1788609615575,22708.07252476,18062.77426648,0.11393676177650758,8060.0,8150.0,1.1166253101736912,-1.4267990074441683,2.5153374233128836,227.77777777777843,complete_hourly_ordered,/v1/candles/minutes/60,120,False,15.185444366690003,7145.0,2026-09-03T04:00:00,8230.0,2026-09-04T10:00:00,D-1,3.523693803159178,26.7281105990784,False,-0.1468983463443374,-8.537440763699188,,False,0.6846431132362397,971.8613370584258,-66.40890768701078,0.2615205482667591,-0.06289308176100628,0.0,-0.004197095609848045,0.00394314806988838,,0.5861145243812176,1270.4961403668544,134.00027879618156,0.6100230092349079,-0.31367628607277265,0.0,-0.020985478049195816,0.019715290634133353,,0.5861145243812176,1270.4961403668544,134.00027879618156,0.6100230092349079,-0.31367628607277265,0.0,-0.020985478049195816,0.019715290634133353,,0.5861145243812176,1270.4961403668544,134.00027879618156,0.6100230092349079,-0.31367628607277265,0.0,-0.020985478049195816,0.019715290634133353,,-3.7737786090399785,32.79620712975726,741.8344297811796,50.06445975596367,1.145767027371103,-1.0,-1.5453208575359811,-0.2982112679061171,,-3.7737786090399785,32.79620712975726,741.8344297811796,50.06445975596367,1.145767027371103,-1.0,-1.5453208575359811,-0.2982112679061171,,0.6846431132362397,9863851.514062999,-30429204.241247755,0.2615205482667591,-0.06289308176100628,0.0,-0.004197095609848045,0.00394314806988838,26270559.451236703,44798656.61063762,0.5864140007492692,1.145767027371103,False,True,rising,falling,sell_advantage_weakening,accelerating,leading_buy_inflow,False,False,False,pass,S0,🌱 초발사 준비,발사 구조 관찰 또는 초기 준비,S0,False,,,2026-09-05T11:40:00Z,33964283536-1
KRW-ENSO,2026-09-05T20:55:55.372412+09:00,1788609355,1215.0,-43.00914832682843,3.0,36533035.66743608,22790634.85981312,1.6029845544958918,100,0.0,complete,1788608515973,1788609712366,72416.13626991,92887.24317092,-0.12383961519877816,1153.0,1221.0,5.89765828274067,5.3772766695576735,0.4914004914004914,8.823529411764639,complete_hourly_ordered,/v1/candles/minutes/60,120,False,8.229426433915222,1203.0,2026-09-01T06:00:00,1302.0,2026-09-01T16:00:00,D-4,6.682027649769584,87.87878787878783,True,0.12416751326334019,-6.0822376535135305,,True,-1.3526026513914011,200.45937337320163,453.9877956653285,0.4365697738886709,0.5794701986755024,0.0,0.03950784512924965,-0.036310132882018564,,0.6717818710205178,-33.62423395253119,-61.4411185137249,1.62584219702277,-0.0822368421052655,0.0,-0.005643977875613437,0.005186851658997682,,0.6717818710205178,-33.62423395253119,-61.4411185137249,1.62584219702277,-0.0822368421052655,0.0,-0.005643977875613437,0.005186851658997682,,0.6717818710205178,-33.62423395253119,-61.4411185137249,1.62584219702277,-0.0822368421052655,0.0,-0.005643977875613437,0.005186851658997682,,-60.08610335755339,1084.4245685576714,45481.26971967182,-72.6854384907578,5.1948051948051965,-1.0,0.056413010412015296,-0.2503785198204156,,-60.08610335755339,1084.4245685576714,45481.26971967182,-72.6854384907578,5.1948051948051965,-1.0,0.056413010412015296,-0.2503785198204156,,-1.3526026513914011,24373975.606408037,18676711.22500777,0.4365697738886709,0.5794701986755024,0.0,0.03950784512924965,-0.036310132882018564,59323670.5272492,9090968.578122448,6.5255610573786935,5.1948051948051965,False,False,rising,rising,buy_advantage_weakening,accelerating,neutral,False,True,False,pass,S0,🌱 초발사 준비,발사 구조 관찰 또는 초기 준비,S0,False,,,2026-09-05T11:40:00Z,33964283536-1
KRW-ERA,2026-09-05T20:55:55.372412+09:00,1788609355,80.5,-80.81597380858675,4.0,0.0,1666103.396445705,0.0,6,0.0,complete,1788608517596,1788609359881,1016174.89128011,594279.02136577,0.261973265177884,79.8,81.4,2.0050125313283207,0.8771929824561431,1.1056511056511125,56.249999999999865,complete_hourly_ordered,/v1/candles/minutes/60,120,False,4.656862745098045,81.6,2026-09-01T06:00:00,85.4,2026-09-01T10:00:00,D-4,5.737704918032794,128.9473684210525,True,-0.5959670177157483,37.622551373920174,,True,-3.5860074140050933,-100.0,154.76304623537982,0.01103193035022798,0.0,0.0,-0.01632786349906601,0.009446949640107505,,-1.2936498204580804,-100.0,-89.53268165796568,0.023687921415501023,-0.6172839506172867,-1.0,-0.04081965874764837,0.02361692039696095,,-1.2936498204580804,-100.0,-89.53268165796568,0.023687921415501023,-0.6172839506172867,-1.0,-0.04081965874764837,0.02361692039696095,,-1.2936498204580804,-100.0,-89.53268165796568,0.023687921415501023,-0.6172839506172867,-1.0,-0.04081965874764837,0.02361692039696095,,,-100.0,,-46.02458351969215,0.8771929824561431,0.0,-0.4736378707576705,-0.167304618765165,,,-100.0,,-46.02458351969215,0.8771929824561431,0.0,-0.4736378707576705,-0.167304618765165,,-3.5860074140050933,-2345182.7965007448,1012121.8158885451,0.01103193035022798,0.0,0.0,-0.01632786349906601,0.009446949640107505,1666103.396445705,4702770.117126014,0.354281275705627,0.8771929824561431,False,False,falling,rising,sell_only,accelerating,neutral,False,True,False,pass,S0,🌱 초발사 준비,발사 구조 관찰 또는 초기 준비,S0,False,,,2026-09-05T11:40:00Z,33964283536-1
KRW-ESP,2026-09-05T20:55:55.372412+09:00,1788609355,122.0,0.3625850329179059,4.0,407014.4927531,6391802.550201559,0.0636775760133994,18,0.0,complete,1788608457035,1788609264831,1604221.166325,1868485.42830946,-0.07609749190811683,117.0,125.0,6.8376068376068355,4.2735042735042805,2.4,37.49999999999988,complete_hourly_ordered,/v1/candles/minutes/60,120,False,17.9245283018868,106.0,2026-09-01T07:00:00,125.0,2026-09-05T13:00:00,D0,2.400000000000002,15.789473684210575,True,0.16958733747880483,-14.20837227288841,,True,0.0636775760133994,,205.4851327378477,0.2740544192718408,0.0,0.0,0.0,0.0,,-0.7275441950754864,-94.1605301407748,-27.442029463180127,1.2044167477015089,-0.8130081300813052,0.0,-0.05652911249292014,0.055246075025952024,,-0.7275441950754864,-94.1605301407748,-27.442029463180127,1.2044167477015089,-0.8130081300813052,0.0,-0.05652911249292014,0.055246075025952024,,-0.7275441950754864,-94.1605301407748,-27.442029463180127,1.2044167477015089,-0.8130081300813052,0.0,-0.05652911249292014,0.055246075025952024,,-3.917756570984951,-76.22255580259755,1386.6823485235238,44.462516495767915,2.5210084033613356,-1.0,0.0,0.07365668457831198,,-3.917756570984951,-76.22255580259755,1386.6823485235238,44.462516495767915,2.5210084033613356,-1.0,0.0,0.07365668457831198,,0.0636775760133994,407014.4927531,4299457.664898519,0.2740544192718408,0.0,0.0,0.0,0.0,6798817.042954659,2942796.49999912,2.310325244357431,2.5210084033613356,False,False,rising,rising,sell_advantage_weakening,accelerating,leading_buy_inflow,False,False,False,pass,S0,🌱 초발사 준비,발사 구조 관찰 또는 초기 준비,S0,False,,,2026-09-05T11:40:00Z,33964283536-1
KRW-ETC,2026-09-05T20:55:55.372412+09:00,1788609355,10460.0,-22.81428309619421,11.0,3385453.1156856,3933577.0222012,0.8606550975303201,34,0.0,complete,1788608503808,1788609443213,13744.86660104,13814.05676523,-0.0025106265317564546,10190.0,10640.0,4.416094210009813,2.6496565260058835,1.6917293233082706,40.0000000000001,complete_hourly_ordered,/v1/candles/minutes/60,120,False,8.295165394402026,9825.0,2026-09-02T19:00:00,10640.0,2026-09-05T16:00:00,D0,1.6917293233082664,22.0858895705521,False,-0.6270585254623762,3.4040096971562592,4.969109110367863,True,0.5269704732358627,-23.92618930322601,-70.50541963459825,0.14650310937219757,0.19157088122605526,0.0,0.0,0.0,0.0,0.8606550975303201,,45.59074221831705,0.3382177846509862,-0.1908396946564861,0.0,-0.012667848999226017,0.010826847005791063,0.03141271430202508,0.8606550975303201,,45.59074221831705,0.3382177846509862,-0.1908396946564861,0.0,-0.012667848999226017,0.010826847005791063,0.03141271430202508,0.8606550975303201,,45.59074221831705,0.3382177846509862,-0.1908396946564861,0.0,-0.012667848999226017,0.010826847005791063,0.03141271430202508,0.7368148262280195,462.490496792173,-19.06284418973708,3.1658953366648603,3.6669970267591667,0.0,-0.9577842139442017,0.24627651218137991,1.7408553821627573,0.7368148262280195,462.490496792173,-19.06284418973708,3.1658953366648603,3.6669970267591667,0.0,-0.9577842139442017,0.24627651218137991,1.7408553821627573,0.5269704732358627,-1064768.4318845998,-9403032.529346902,0.14650310937219757,0.19157088122605526,0.0,0.0,0.0,7319030.1378868,12429116.4715359,0.5888616584009182,3.6669970267591667,False,False,falling,falling,sell_advantage_weakening,accelerating,neutral,False,False,False,pass,S1,⚡ 선행 시동,가격 미급등 상태에서 선행조건 4개 개선,S1,False,,,2026-09-05T11:40:00Z,33964283536-1
KRW-ETH,2026-09-05T20:55:55.372412+09:00,1788609355,3356000.0,-10.489309918465118,5.0,79434186.98465,50542120.339409985,1.5716433432396297,204,0.0,complete,1788608460941,1788609504148,913.76014291,381.78245521,0.41062153299472237,3364000.0,3370000.0,0.1783590963139181,-0.23781212841854638,0.4154302670623145,233.33333333332712,complete_hourly_ordered,/v1/candles/minutes/60,120,False,7.222222222222219,3240000.0,2026-09-02T19:00:00,3474000.0,2026-09-04T18:00:00,D-1,3.3966609096142797,50.427350427350305,True,-0.18666247494794064,-18.72323270094829,,True,0.8572003594713768,-47.77277134030591,-76.25836851720787,0.04891524598578023,0.05963029218842841,0.0,0.007859472629379027,-0.00796121236232139,,0.7005967593145147,-26.794140745416072,-59.42736378371458,0.19161526146269559,-0.05955926146515855,0.0,0.0,0.0,,0.7005967593145147,-26.794140745416072,-59.42736378371458,0.19161526146269559,-0.05955926146515855,0.0,0.0,0.0,,0.7005967593145147,-26.794140745416072,-59.42736378371458,0.19161526146269559,-0.05955926146515855,0.0,0.0,0.0,,1.0791222216539167,93.36553280694999,-39.40316707110744,1.8251750481010127,-0.029788501638372544,0.0,-0.4803511255569992,0.18589644853233622,,1.0791222216539167,93.36553280694999,-39.40316707110744,1.8251750481010127,-0.029788501638372544,0.0,-0.4803511255569992,0.18589644853233622,,0.8572003594713768,-72659249.75930007,-162341818.89636996,0.04891524598578023,0.05963029218842841,0.0,0.007859472629379027,-0.00796121236232139,129976307.32406,719482173.1430752,0.18065257511003416,-0.029788501638372544,False,False,falling,falling,buy_advantage_accelerating,accelerating,neutral,False,False,False,pass,S0,🌱 초발사 준비,발사 구조 관찰 또는 초기 준비,S0,False,,,2026-09-05T11:40:00Z,33964283536-1
KRW-ETHFI,2026-09-05T20:55:55.372412+09:00,1788609355,761.0,45.76038910425739,6.0,0.0,1871883.0357891298,0.0,4,0.0,complete,1788608612631,1788608864045,163201.03168087,106852.52621363,0.20865677870185026,767.0,769.0,0.26075619295957697,-0.7822685788787531,1.0403120936280885,400.0000000000085,complete_hourly_ordered,/v1/candles/minutes/60,120,False,13.839891451831754,737.0,2026-08-31T21:00:00,839.0,2026-09-02T16:00:00,D-3,9.296781883194283,76.47058823529407,False,-0.5584701303096962,-30.223281068203235,,True,,,,0.08627620338603492,0.26350461133068936,0.0,0.016923337282104267,-0.018554913675153273,,,-100.0,,0.09069937146777107,0.0,0.0,0.0,0.0,,,-100.0,,0.09069937146777107,0.0,0.0,0.0,0.0,,,-100.0,,0.09069937146777107,0.0,0.0,0.0,0.0,,,,,4.387849610414115,-0.2621231979030192,0.0,-0.6177569940346128,0.8667781575620701,,,,,4.387849610414115,-0.2621231979030192,0.0,-0.6177569940346128,0.8667781575620701,,,0.0,1871883.0357891298,0.08627620338603492,0.26350461133068936,0.0,0.016923337282104267,-0.018554913675153273,1871883.0357891298,4913494.49499268,0.3809677690077311,-0.2621231979030192,False,False,flat_or_na,rising,sell_only,accelerating,neutral,False,True,False,pass,S0,🌱 초발사 준비,발사 구조 관찰 또는 초기 준비,S0,False,,,2026-09-05T11:40:00Z,33964283536-1
KRW-EUL,2026-09-05T20:55:55.372412+09:00,1788609355,1814.0,,,388593.60039428,387170.69792204,1.0036751295484827,8,0.0,complete,1788608555418,1788608967023,56981.06017059,41948.5588315,0.1519514730848445,1771.0,1891.0,6.775832862789377,2.4280067758328583,4.0719196192490745,64.1666666666667,complete_hourly_ordered,/v1/candles/minutes/60,120,False,12.935617247489661,1693.0,2026-08-31T23:00:00,1912.0,2026-09-03T22:00:00,D-2,5.125523012552302,44.74885844748855,True,,,,False,-0.5609539595381909,-92.24886666211012,-87.91675878298611,,0.05515719801434393,,,,,0.6363239319046348,78.6356084204282,-34.61828159017678,,-0.2748763056624526,,,,,0.6363239319046348,78.6356084204282,-34.61828159017678,,-0.2748763056624526,,,,,0.6363239319046348,78.6356084204282,-34.61828159017678,,-0.2748763056624526,,,,,1.0036751295484827,,-86.76507158688895,,2.3702031602708784,,,,,1.0036751295484827,,-86.76507158688895,,2.3702031602708784,,,,,-0.5609539595381909,-4624784.2303639315,-2817025.0221541394,,0.05515719801434393,,,,775764.2983163199,5711041.17168688,0.13583587913220752,2.3702031602708784,False,False,falling,falling,buy_advantage_weakening,flat_or_na,neutral,False,False,False,pass,S0,🌱 초발사 준비,발사 구조 관찰 또는 초기 준비,S0,False,,,2026-09-05T11:40:00Z,33964283536-1
KRW-EURC,2026-09-05T20:55:55.372412+09:00,1788609355,1584.0,,,0.0,0.0,,0,0.0,complete,,,20313.66648832,107774.5036369,-0.6828174456944588,1584.0,1592.0,0.5050505050504972,0.0,0.5025125628140703,100.0,complete_hourly_ordered,/v1/candles/minutes/60,120,False,2.6434558349452075,1551.0,2026-09-05T09:00:00,1592.0,2026-09-05T10:00:00,D0,0.5025125628140725,19.512195121951855,False,,,,False,,-100.0,,,0.0,,,,,,,,,0.0,,,,,,,,,0.0,,,,,,,,,0.0,,,,,,,,,-0.5649717514124242,,,,,,,,,-0.5649717514124242,,,,,,-504999.99999504,0.0,,0.0,,,,0,489099.99999273,0.0,-0.5649717514124242,False,False,falling,flat_or_na,unavailable,flat_or_na,neutral,False,False,False,pass,S0,🌱 초발사 준비,발사 구조 관찰 또는 초기 준비,S0,False,,,2026-09-05T11:40:00Z,33964283536-1
KRW-F,2026-09-05T20:55:55.372412+09:00,1788609355,4.64,-34.406824249987125,7.0,952954.5227385984,0.0,,2,0.0,complete,1788608486225,1788608529707,10428339.09099266,17769365.26612297,-0.26034127041543437,4.59,4.65,1.3071895424836777,1.089324618736387,0.2150537634408747,16.666666666667513,complete_hourly_ordered,/v1/candles/minutes/60,120,False,9.76744186046512,4.3,2026-09-02T19:00:00,4.72,2026-09-03T19:00:00,D-2,1.6949152542372947,19.0476190476192,True,0.20904882783334688,18.479152115156857,,True,,-40.74657898928324,,0.0346765084690972,0.0,0.0,0.0,0.0,,,,-100.0,0.07097238857315347,0.43290043290042934,0.0,0.029864118261890837,-0.021819702141478103,,,,-100.0,0.07097238857315347,0.43290043290042934,0.0,0.029864118261890837,-0.021819702141478103,,,,-100.0,0.07097238857315347,0.43290043290042934,0.0,0.029864118261890837,-0.021819702141478103,,,,,-356.74672329193754,0.43290043290042934,-5.0,-0.603469980472382,-0.6566876048359056,,,,,-356.74672329193754,0.43290043290042934,-5.0,-0.603469980472382,-0.6566876048359056,,,-655314.6817791358,0.0,0.0346765084690972,0.0,0.0,0.0,0.0,952954.5227385984,3507742.8972923793,0.27167171330435375,0.43290043290042934,False,True,falling,flat_or_na,buy_only,accelerating,neutral,False,False,False,pass,S0,🌱 초발사 준비,발사 구조 관찰 또는 초기 준비,S0,False,,,2026-09-05T11:40:00Z,33964283536-1
KRW-FCT2,2026-09-05T20:55:55.372412+09:00,1788609355,9.82,-22.389268483598013,5.0,0.0,572855.3952132885,0.0,1,0.0,complete,1788609054929,1788609054929,2713523.64027259,47890279.13925211,-0.8927541611014841,9.8,9.91,1.122448979591839,0.20408163265306367,0.9081735620585252,81.81818181818163,complete_hourly_ordered,/v1/candles/minutes/60,120,False,12.07834602829163,9.19,2026-08-31T14:00:00,10.3,2026-09-02T19:00:00,D-3,4.660194174757281,43.24324324324312,False,0.3520630897056787,23.092592967332447,,True,0.0,,8654.212961012821,0.03694407877486938,0.0,0.0,0.0,0.0,,0.0,,138.7919264593715,0.03694407877486938,0.0,0.0,0.0,0.0,,0.0,,138.7919264593715,0.03694407877486938,0.0,0.0,0.0,0.0,,0.0,,138.7919264593715,0.03694407877486938,0.0,0.0,0.0,0.0,,,,,-7.849929438202906,0.6147540983606703,-1.0,-0.36424896703188825,-0.7360872697475074,,,,,-7.849929438202906,0.6147540983606703,-1.0,-0.36424896703188825,-0.7360872697475074,,0.0,0.0,566311.627112552,0.03694407877486938,0.0,0.0,0.0,0.0,572855.3952132885,1204596.860863503,0.4755577685987351,0.6147540983606703,False,False,flat_or_na,rising,sell_only,accelerating,neutral,False,False,False,pass,S0,🌱 초발사 준비,발사 구조 관찰 또는 초기 준비,S0,False,,,2026-09-05T11:40:00Z,33964283536-1
KRW-FF,2026-09-05T20:55:55.372412+09:00,1788609355,160.0,390.05154466293243,8.0,10687267.2194592,31601070.48887057,0.3381932021329182,57,0.0,complete,1788608573431,1788609358568,1189993.74066812,3648129.33482916,-0.5080762840884084,148.0,166.0,12.162162162162172,8.108108108108114,3.614457831325301,33.333333333333336,complete_hourly_ordered,/v1/candles/minutes/60,120,False,48.21428571428572,112.0,2026-09-01T16:00:00,166.0,2026-09-05T18:00:00,D0,3.6144578313253017,11.111111111111118,False,3.0729166666666696,-19.558979006192427,,True,-0.03724497988320963,8.961561037691324,20.96142124569438,1.1062954260546007,0.6289308176100628,0.0,0.0,0.0,,0.19200687647258832,118.02830314415269,-5.755774138613646,3.1412149097752717,0.0,0.0,0.0,0.0,,0.19200687647258832,118.02830314415269,-5.755774138613646,3.1412149097752717,0.0,0.0,0.0,0.0,,0.19200687647258832,118.02830314415269,-5.755774138613646,3.1412149097752717,0.0,0.0,0.0,0.0,,0.09878855543385562,514.1897572738461,334.78071386111975,260.81831806372963,8.108108108108114,-2.0,-0.054770349670407725,-3.065322720148586,,0.09878855543385562,514.1897572738461,334.78071386111975,260.81831806372963,8.108108108108114,-2.0,-0.054770349670407725,-3.065322720148586,,-0.03724497988320963,878976.004025599,5476153.830787394,1.1062954260546007,0.6289308176100628,0.0,0.0,0.0,42288337.70832977,13857353.611062534,3.0516892976282537,8.108108108108114,False,False,rising,rising,sell_advantage_accelerating,accelerating,neutral,False,True,False,pass,S0,🌱 초발사 준비,발사 구조 관찰 또는 초기 준비,S0,False,,,2026-09-05T11:40:00Z,33964283536-1
KRW-FIL,2026-09-05T20:55:55.372412+09:00,1788609355,1064.0,160.25256793579402,9.0,9030656.83528552,2243582.51427393,4.025105730603373,16,0.0,complete,1788608761242,1788609360496,121305.50658717,96790.86013591,0.1124028190822023,1039.0,1064.0,2.4061597690086645,2.4061597690086645,0.0,0.0,complete_hourly_ordered,/v1/candles/minutes/60,120,False,24.56521739130435,920.0,2026-09-01T01:00:00,1146.0,2026-09-03T10:00:00,D-2,7.242582897033156,36.72566371681415,False,-0.3207645980623175,13.131284318619407,,True,3.5683090021707438,117.73404485720307,-75.290040556459,0.6560548163819249,1.1406844106463865,0.0,0.05891594658288257,-0.045771899778705105,,4.025105730603373,,7357.322018656268,0.7181873642152254,0.9487666034155628,1.0,0.07200837915685154,-0.05594423100652968,,4.025105730603373,,7357.322018656268,0.7181873642152254,0.9487666034155628,1.0,0.07200837915685154,-0.05594423100652968,,4.025105730603373,,7357.322018656268,0.7181873642152254,0.9487666034155628,1.0,0.07200837915685154,-0.05594423100652968,,-4.109716329033638,11055.652447376473,22445.804680007306,16.76452950183662,4.313725490196085,-3.0,-0.3732339362927828,-0.3412983163403851,,-4.109716329033638,11055.652447376473,22445.804680007306,16.76452950183662,4.313725490196085,-3.0,-0.3732339362927828,-0.3412983163403851,,3.5683090021707438,4883093.76529887,-6836086.432169389,0.6560548163819249,1.1406844106463865,0.0,0.05891594658288257,-0.045771899778705105,11274239.34955945,5018331.847916701,2.2466109638085836,4.313725490196085,False,False,rising,falling,buy_advantage_accelerating,accelerating,neutral,False,False,False,pass,S0,🌱 초발사 준비,발사 구조 관찰 또는 초기 준비,S0,False,,,2026-09-05T11:40:00Z,33964283536-1
KRW-FLOCK,2026-09-05T20:55:55.372412+09:00,1788609355,74.5,86.5723859345373,11.0,336233329.41998786,600422802.5851246,0.5599942706578313,1544,0.0,complete,1788608457647,1788609740144,1941190.45988861,2481931.01316757,-0.12225315460426009,71.7,79.7,11.15760111576012,3.905160390516027,6.52446675031368,65.00000000000014,complete_hourly_ordered,/v1/candles/minutes/60,120,False,91.220556745182,46.7,2026-09-02T10:00:00,89.3,2026-09-05T01:00:00,D0,16.349384098544228,34.272300469483575,False,3.6291966834307576,14.62486002239641,5.580480878991663,True,-0.17562998926981332,-76.37627606586783,-68.96721029776498,2.738789746207914,-4.364569961489096,0.0,-0.5436998776675139,0.39990199217816347,0.3133380058698423,-1.3049951789697256,-56.17284145386099,45.960758133625056,7.845174515716934,0.40431266846361336,1.0,0.06796248470846145,-0.0500192384701208,-0.040542763970324636,-1.3049951789697256,-56.17284145386099,45.960758133625056,7.845174515716934,0.40431266846361336,1.0,0.06796248470846145,-0.0500192384701208,-0.040542763970324636,-1.3049951789697256,-56.17284145386099,45.960758133625056,7.845174515716934,0.40431266846361336,1.0,0.06796248470846145,-0.0500192384701208,-0.040542763970324636,-0.12269304614421983,2.671100498652912,25.16602719917287,-2271.5941607777136,-1.4550264550264425,1.0,-0.674457895375502,-3.090952300195008,-2.9565530274687273,-0.12269304614421983,2.671100498652912,25.16602719917287,-2271.5941607777136,-1.4550264550264425,1.0,-0.674457895375502,-3.090952300195008,-2.9565530274687273,-0.17562998926981332,-1087053407.0720062,-1334378445.856556,2.738789746207914,-4.364569961489096,0.0,-0.5436998776675139,0.39990199217816347,936656132.0051124,119104513.37248951,7.864153133104183,-1.4550264550264425,False,True,falling,falling,sell_advantage_accelerating,accelerating,neutral,False,True,False,pass,S0,🌱 초발사 준비,발사 구조 관찰 또는 초기 준비,S0,False,,,2026-09-05T11:40:00Z,33964283536-1
KRW-FLUID,2026-09-05T20:55:55.372412+09:00,1788609355,1703.0,-61.57572958220769,6.0,203095.23808224002,10151.7533,20.005927260096048,2,0.0,complete,1788608657782,1788608870738,26078.94906063,23154.29884824,0.059403966559416974,1690.0,1726.0,2.130177514792897,0.7692307692307665,1.3325608342989572,63.88888888888897,complete_hourly_ordered,/v1/candles/minutes/60,120,False,5.854241338112298,1674.0,2026-09-02T23:00:00,1772.0,2026-09-04T00:00:00,D-1,3.8939051918735923,70.40816326530603,True,-0.8657055867356322,-1.4499554220824926,,False,,,,0.0086759755773258,0.11757789535566943,0.0,0.007336488023190757,-0.006555831264698275,,,,,0.0086759755773258,0.11757789535566943,0.0,0.007336488023190757,-0.006555831264698275,,,,,0.0086759755773258,0.11757789535566943,0.0,0.007336488023190757,-0.006555831264698275,,,,,0.0086759755773258,0.11757789535566943,0.0,0.007336488023190757,-0.006555831264698275,,,-93.42455809309952,,34.24566083760697,1.6716417910447756,0.0,-0.44903892006896706,0.41757864779581944,,,-93.42455809309952,,34.24566083760697,1.6716417910447756,0.0,-0.44903892006896706,0.41757864779581944,,,203095.23808224002,10151.7533,0.0086759755773258,0.11757789535566943,0.0,0.007336488023190757,-0.006555831264698275,213246.99138224003,1122175.8848762298,0.19002991799789037,1.6716417910447756,False,False,rising,rising,buy_advantage_weakening,accelerating,neutral,False,False,False,pass,S0,🌱 초발사 준비,발사 구조 관찰 또는 초기 준비,S0,False,,,2026-09-05T11:40:00Z,33964283536-1
KRW-FOLD,2026-09-05T20:55:55.372412+09:00,1788609355,74.7,,,5127958.385713826,3641416.861630941,1.408231625372626,36,0.0,complete,1788608527709,1788609388719,2474124.61377133,522320.91872701,0.6513729930598701,77.0,78.2,1.558441558441559,-2.9870129870129825,4.475703324808184,291.6666666666663,complete_hourly_ordered,/v1/candles/minutes/60,120,False,13.5831381733021,85.4,2026-09-02T19:00:00,97.0,2026-09-03T09:00:00,D-2,22.98969072164948,192.2413793103449,True,,,,False,-0.7118127446064895,-61.68990024332302,-42.32545993206885,,-0.13368983957218195,,,,,0.9571704011285621,-44.06759327577958,-82.08466604684577,,0.0,,,,,0.9571704011285621,-44.06759327577958,-82.08466604684577,,0.0,,,,,0.9571704011285621,-44.06759327577958,-82.08466604684577,,0.0,,,,,1.3864032449322208,5845.045429478376,-7.848459705052169,,-2.096985583224109,,,,,1.3864032449322208,5845.045429478376,-7.848459705052169,,-2.096985583224109,,,,,-0.7118127446064895,-8257437.158238226,-2672316.819369288,,-0.13368983957218195,,,,8769375.247344766,32732334.041330375,0.2679116996750637,-2.096985583224109,False,False,falling,falling,buy_advantage_weakening,flat_or_na,neutral,False,True,False,pass,S0,🌱 초발사 준비,발사 구조 관찰 또는 초기 준비,S0,False,,,2026-09-05T11:40:00Z,33964283536-1
KRW-G,2026-09-05T20:55:55.372412+09:00,1788609355,5.25,-16.64247918031355,3.0,0.0,95336.500000035,0.0,2,0.0,complete,1788608602407,1788609111551,11434688.88178624,14905554.49770469,-0.13177044592613518,5.17,5.28,2.1276595744680993,1.547388781431347,0.5681818181818229,27.272727272727177,complete_hourly_ordered,/v1/candles/minutes/60,120,False,5.765407554671964,5.03,2026-08-31T21:00:00,5.32,2026-09-02T09:00:00,D-3,1.3157894736842146,24.13793103448289,True,-0.7174323473883026,-5.189111700088346,,False,,,,0.008534611531519687,0.0,0.0,0.0,0.0,,,-100.0,,0.08660760658344557,-0.3795066413662118,0.0,-0.025173064820660507,0.023163065300978225,,,-100.0,,0.08660760658344557,-0.3795066413662118,0.0,-0.025173064820660507,0.023163065300978225,,,-100.0,,0.08660760658344557,-0.3795066413662118,0.0,-0.025173064820660507,0.023163065300978225,,,,,-7.742225907220044,0.9615384615384581,0.0,-0.20422668960886625,0.6906944711270784,,,,,-7.742225907220044,0.9615384615384581,0.0,-0.20422668960886625,0.6906944711270784,,,0.0,95336.500000035,0.008534611531519687,0.0,0.0,0.0,0.0,95336.500000035,1329648.5391377239,0.07170052626227127,0.9615384615384581,False,False,flat_or_na,rising,sell_only,accelerating,neutral,False,False,False,pass,S0,🌱 초발사 준비,발사 구조 관찰 또는 초기 준비,S0,False,,,2026-09-05T11:40:00Z,33964283536-1
KRW-GAME2,2026-09-05T20:55:55.372412+09:00,1788609355,1.16,182.34694101046873,8.0,999999.9999999984,0.0,,8,0.0,complete,1788609232694,1788609232694,80318598.0808456,208865149.06825957,-0.4445151301021577,1.14,1.16,1.7543859649122862,1.7543859649122862,0.0,0.0,complete_hourly_ordered,/v1/candles/minutes/60,120,False,17.59259259259258,1.08,2026-08-31T19:00:00,1.27,2026-09-01T18:00:00,D-4,8.661417322834652,57.894736842105296,False,0.6056935190793311,20.535345863807343,,True,,19842.19653183637,-100.0,0.0929712157852407,0.0,0.0,0.0,0.0,,,,,0.0929712157852407,0.0,0.0,0.0,0.0,,,,,0.0929712157852407,0.0,0.0,0.0,0.0,,,,,0.0929712157852407,0.0,0.0,0.0,0.0,,,,,-112.36662743969251,0.8695652173912993,-1.0,-0.4278824089984701,-0.8583458847904559,,,,,-112.36662743969251,0.8695652173912993,-1.0,-0.4278824089984701,-0.8583458847904559,,,994985.5072463864,-19450.385169499,0.0929712157852407,0.0,0.0,0.0,0.0,999999.9999999984,1791710.589224107,0.5581258524754515,0.8695652173912993,False,False,rising,falling,buy_only,accelerating,neutral,False,True,False,pass,S0,🌱 초발사 준비,발사 구조 관찰 또는 초기 준비,S0,False,,,2026-09-05T11:40:00Z,33964283536-1
KRW-GAS,2026-09-05T20:55:55.372412+09:00,1788609355,1699.0,-87.81566355124541,7.0,2728078.75341724,1948179.99998682,1.4003217122831033,16,0.0,complete,1788608732199,1788609655071,21703.13430183,31145.39082804,-0.17866641506090458,1690.0,1708.0,1.0650887573964596,0.5325443786982298,0.5269320843091335,50.0,complete_hourly_ordered,/v1/candles/minutes/60,120,False,5.107692307692302,1625.0,2026-09-03T10:00:00,1708.0,2026-09-05T15:00:00,D0,0.5854800936768156,12.048192771084395,False,0.23597678916829068,-0.5057092293146598,,True,1.1055209141708402,694.1184773580685,67.18069774063767,0.012696344035717289,0.11785503830288313,0.0,0.007736943907166172,-0.006783205158685801,,1.162085966533609,500.70932629989875,2.1982542114579173,0.02222716637383826,-0.05882352941176672,0.0,-0.015473887814310139,0.013566015656235608,,1.162085966533609,500.70932629989875,2.1982542114579173,0.02222716637383826,-0.05882352941176672,0.0,-0.015473887814310139,0.013566015656235608,,1.162085966533609,500.70932629989875,2.1982542114579173,0.02222716637383826,-0.05882352941176672,0.0,-0.015473887814310139,0.013566015656235608,,1.2252900881262454,7706.993884213146,875.8263457249202,0.5233202569877733,0.7710557532621509,-5.0,-0.504561855256247,-0.6457611934227132,,1.2252900881262454,7706.993884213146,875.8263457249202,0.5233202569877733,0.7710557532621509,-5.0,-0.504561855256247,-0.6457611934227132,,1.1055209141708402,2384543.26958198,782866.04549597,0.012696344035717289,0.11785503830288313,0.0,0.007736943907166172,-0.006783205158685801,4676258.75340406,5734687.0144043,0.8154339969484481,0.7710557532621509,False,True,rising,rising,buy_advantage_accelerating,accelerating,leading_buy_inflow,False,False,False,pass,S0,🌱 초발사 준비,발사 구조 관찰 또는 초기 준비,S0,False,,,2026-09-05T11:40:00Z,33964283536-1
KRW-GEOD,2026-09-05T20:55:55.372412+09:00,1788609355,331.0,,,5793376.74239334,1907585.59712246,3.037020593535875,20,0.0,complete,1788608458436,1788609266622,463521.03987839,535546.19413612,-0.07209239959588545,308.0,370.0,20.12987012987013,7.467532467532467,10.54054054054054,62.903225806451616,complete_hourly_ordered,/v1/candles/minutes/60,120,False,27.147766323024047,291.0,2026-09-03T12:00:00,370.0,2026-09-05T09:00:00,D0,10.540540540540544,49.36708860759494,True,,,,False,2.776858900223071,152.69995816124137,-78.35284714393006,,-0.3012048192771122,,,,,2.5830643133608797,-51.527912369398976,-92.75467257616272,,0.0,,,,,2.5830643133608797,-51.527912369398976,-92.75467257616272,,0.0,,,,,2.5830643133608797,-51.527912369398976,-92.75467257616272,,0.0,,,,,,,,,7.467532467532467,,,,,,,,,7.467532467532467,,,,,2.776858900223071,3500785.64560466,-6904592.197370111,,-0.3012048192771122,,,,7700962.3395158,554832.16846354,13.87980506040514,7.467532467532467,False,False,rising,falling,buy_advantage_accelerating,flat_or_na,neutral,False,False,False,pass,S0,🌱 초발사 준비,발사 구조 관찰 또는 초기 준비,S0,False,,,2026-09-05T11:40:00Z,33964283536-1
KRW-GLM,2026-09-05T20:55:55.372412+09:00,1788609355,150.0,155.94174146792045,13.0,0.0,1075341.8367345,0.0,1,0.0,complete,1788609246439,1788609246439,1332055.1384707,1793083.86334028,-0.14752263006618888,148.0,151.0,2.0270270270270174,1.3513513513513598,0.6622516556291391,33.333333333332604,complete_hourly_ordered,/v1/candles/minutes/60,120,False,8.450704225352123,142.0,2026-09-02T10:00:00,154.0,2026-09-03T09:00:00,D-2,2.5974025974025983,33.333333333333506,True,0.31111111111110645,5.8749934838137845,5.811029830040701,True,-4.846492000238635,-100.0,10438.350000672555,0.08892708787143988,0.0,0.0,0.0,0.0,0.0,0.0,,-64.15527210885,0.08892708787143988,0.0,0.0,0.0,0.0,0.0,0.0,,-64.15527210885,0.08892708787143988,0.0,0.0,0.0,0.0,0.0,0.0,,-64.15527210885,0.08892708787143988,0.0,0.0,0.0,0.0,0.0,,,,123.89185252662199,2.7397260273972712,0.0,-0.3606309399412977,-0.6822132084859058,-0.21120190017775364,,,,123.89185252662199,2.7397260273972712,0.0,-0.3606309399412977,-0.6822132084859058,-0.21120190017775364,-4.846492000238635,-49453.999999269996,1065137.7551025,0.08892708787143988,0.0,0.0,0.0,0.0,1075341.8367345,3671430.9388471986,0.292894474837146,2.7397260273972712,False,True,falling,rising,sell_only,accelerating,neutral,False,False,False,pass,S0,🌱 초발사 준비,발사 구조 관찰 또는 초기 준비,S1,True,발사 구조 관찰 또는 초기 준비,2026-09-05T20:55:55.372412+09:00,2026-09-05T11:40:00Z,33964283536-1
KRW-GMT,2026-09-05T20:55:55.372412+09:00,1788609355,10.1,46.07347346477386,8.0,0.0,0.0,,0,0.0,complete,,,10667381.92004487,33574527.50366408,-0.5177702744299598,10.1,10.3,1.980198019801982,0.0,1.9417475728155442,100.0,complete_hourly_ordered,/v1/candles/minutes/60,120,False,11.111111111111116,9.72,2026-08-31T23:00:00,10.8,2026-09-03T14:00:00,D-2,6.481481481481488,64.81481481481494,False,-0.13370771493517175,16.630157246306045,,True,,,-100.0,0.0,0.0,0.0,0.0,0.0,,,-100.0,-100.0,0.032973096308985816,0.0,0.0,0.0,0.0,,,-100.0,-100.0,0.032973096308985816,0.0,0.0,0.0,0.0,,,-100.0,-100.0,0.032973096308985816,0.0,0.0,0.0,0.0,,,-100.0,,-53.43529632194501,-0.9803921568627416,-2.0,-0.8406356082900635,-0.3171366557774782,,,-100.0,,-53.43529632194501,-0.9803921568627416,-2.0,-0.8406356082900635,-0.3171366557774782,,,0.0,-50837.89203428601,0.0,0.0,0.0,0.0,0.0,0,2966532.1019011186,0.0,-0.9803921568627416,False,True,flat_or_na,falling,unavailable,flat_or_na,neutral,False,False,False,pass,S0,🌱 초발사 준비,발사 구조 관찰 또는 초기 준비,S0,False,,,2026-09-05T11:40:00Z,33964283536-1
KRW-GRT,2026-09-05T20:55:55.372412+09:00,1788609355,23.9,37.73684508460568,8.0,24999.99999994,207351.356097156,0.12056829755300015,2,0.0,complete,1788608478900,1788609531334,5866864.86278023,6660327.73568151,-0.06333924114798967,23.2,24.1,3.8793103448276023,3.0172413793103425,0.829875518672211,22.222222222222605,complete_hourly_ordered,/v1/candles/minutes/60,120,False,10.045662100456632,21.9,2026-09-02T20:00:00,24.1,2026-09-05T15:00:00,D0,0.8298755186722073,9.0909090909092,False,0.08525149190112824,16.06041648047189,,True,-0.6487169931817738,142.15420380012614,1445.0634275659334,0.0037233569908821096,0.42016806722688926,0.0,0.028417163967042747,-0.021332908791045213,,0.10798683439540177,399.90002000599657,-47.83476409772336,0.0694421047595597,0.8438818565400741,0.0,0.05683432793408549,-0.042667088722222246,,0.10798683439540177,399.90002000599657,-47.83476409772336,0.0694421047595597,0.8438818565400741,0.0,0.05683432793408549,-0.042667088722222246,,0.10798683439540177,399.90002000599657,-47.83476409772336,0.0694421047595597,0.8438818565400741,0.0,0.05683432793408549,-0.042667088722222246,,-0.8783440109352608,390.72984110138503,3965.7128645544544,11.998355442100259,3.463203463203457,-3.0,-0.6016403226380751,-0.5104022780506767,,-0.8783440109352608,390.72984110138503,3965.7128645544544,11.998355442100259,3.463203463203457,-3.0,-0.6016403226380751,-0.5104022780506767,,-0.6487169931817738,14676.000000098998,193931.107297156,0.0037233569908821096,0.42016806722688926,0.0,0.028417163967042747,-0.021332908791045213,232351.356097096,1819960.8916670745,0.12766832362219793,3.463203463203457,False,False,rising,rising,sell_advantage_accelerating,accelerating,neutral,False,False,False,pass,S0,🌱 초발사 준비,발사 구조 관찰 또는 초기 준비,S0,False,,,2026-09-05T11:40:00Z,33964283536-1
KRW-GRVT,2026-09-05T20:55:55.372412+09:00,1788609355,220.0,,,574140.8749626,2629535.2405432006,0.21834309961329737,14,0.0,complete,1788608522197,1788609185285,849455.35220982,1785090.43768057,-0.355140946519543,221.0,225.0,1.8099547511312153,-0.4524886877828038,2.2222222222222223,125.0,complete_hourly_ordered,/v1/candles/minutes/60,120,False,12.5,200.0,2026-09-02T10:00:00,225.0,2026-09-03T15:00:00,D-2,2.2222222222222254,19.99999999999993,False,,,,False,-0.6696820453284572,-97.02717491355618,-87.90919688805688,,0.0,,,,,0.10570938467976496,228.97203839739458,69.7023760291925,,-0.4524886877828038,,,,,0.10570938467976496,228.97203839739458,69.7023760291925,,-0.4524886877828038,,,,,0.10570938467976496,228.97203839739458,69.7023760291925,,-0.4524886877828038,,,,,-13.896463921783226,-72.08590875095683,1704.5086465095806,,-0.4524886877828038,,,,,-13.896463921783226,-72.08590875095683,1704.5086465095806,,-0.4524886877828038,,,,,-0.6696820453284572,-18738831.07151015,-19118691.21056645,,0.0,,,,3203676.1155058006,12722179.098296762,0.25181819016639273,-0.4524886877828038,False,False,falling,falling,sell_advantage_accelerating,flat_or_na,neutral,False,False,False,pass,S0,🌱 초발사 준비,발사 구조 관찰 또는 초기 준비,S0,False,,,2026-09-05T11:40:00Z,33964283536-1
KRW-HBAR,2026-09-05T20:55:55.372412+09:00,1788609355,110.0,-3.556114549789169,11.0,55513.2408787,20156599.69878324,0.0027540975019735635,13,0.0,complete,1788608502453,1788609230549,12602609.54215094,13548715.42417997,-0.036178124177154054,107.0,111.0,3.738317757009346,2.8037383177569986,0.9009009009009009,25.000000000000295,complete_hourly_ordered,/v1/candles/minutes/60,120,False,11.00000000000001,100.0,2026-09-02T10:00:00,111.0,2026-09-04T01:00:00,D-1,0.9009009009009028,9.090909090909099,True,-0.06242197253433224,5.375454357398268,9.217237330239508,False,-0.025996358241657615,-75.74946622728666,153.15512522421972,0.2582941734926014,0.0,0.0,0.0,0.0,0.0,-1.7884695352090576,-97.91956030794908,1253.0867153981535,0.3644778894164591,0.0,0.0,-0.06242197253433224,0.05210876101512074,0.2496026556310138,-1.7884695352090576,-97.91956030794908,1253.0867153981535,0.3644778894164591,0.0,0.0,-0.06242197253433224,0.05210876101512074,0.2496026556310138,-1.7884695352090576,-97.91956030794908,1253.0867153981535,0.3644778894164591,0.0,0.0,-0.06242197253433224,0.05210876101512074,0.2496026556310138,-0.19724590249082644,455.13240879588216,40213.19939676022,11.559949238886102,3.7735849056603765,0.0,-0.25039189734635814,-0.28547959345574725,1.1162747524945953,-0.19724590249082644,455.13240879588216,40213.19939676022,11.559949238886102,3.7735849056603765,0.0,-0.25039189734635814,-0.28547959345574725,1.1162747524945953,-0.025996358241657615,-173402.3013481,12194446.184833832,0.2582941734926014,0.0,0.0,0.0,0.0,20212112.939661942,18170652.5727084,1.112349314851781,3.7735849056603765,False,False,falling,rising,sell_advantage_accelerating,accelerating,neutral,False,False,False,pass,S0,🌱 초발사 준비,발사 구조 관찰 또는 초기 준비,S0,False,,,2026-09-05T11:40:00Z,33964283536-1
KRW-HIVE,2026-09-05T20:55:55.372412+09:00,1788609355,63.3,3481.496840407084,7.0,3922739.544264681,2241472.086016549,1.7500728957263132,26,0.0,complete,1788608458438,1788609500101,1633732.71472611,2812219.20560243,-0.26506955360624634,63.6,64.1,0.7861635220125729,-0.4716981132075526,1.2480499219968755,160.0000000000011,complete_hourly_ordered,/v1/candles/minutes/60,120,False,30.37542662116042,58.6,2026-08-31T22:00:00,76.4,2026-09-03T13:00:00,D-2,17.015706806282726,73.03370786516858,False,0.14332965821388655,16.70697738396819,,True,-0.09879021022448398,-44.56049948911376,-41.430984185159616,1.2928934642027343,-0.31496062992126816,0.0,-0.022050716648291946,0.01643050807268409,,0.8222676585580375,-40.857521312351075,-68.6454766544221,2.8244498567883056,-0.31496062992126816,0.0,-0.022050716648291946,0.01643050807268409,,0.8222676585580375,-40.857521312351075,-68.6454766544221,2.8244498567883056,-0.31496062992126816,0.0,-0.022050716648291946,0.01643050807268409,,0.8222676585580375,-40.857521312351075,-68.6454766544221,2.8244498567883056,-0.31496062992126816,0.0,-0.022050716648291946,0.01643050807268409,,1.5539069156264245,991.8172766380776,22.381991450026018,233.21946650485688,0.15822784810126667,-1.0,-0.43355075003994603,-0.4956665421936606,,1.5539069156264245,991.8172766380776,22.381991450026018,233.21946650485688,0.15822784810126667,-1.0,-0.43355075003994603,-0.4956665421936606,,-0.09879021022448398,-3152972.733291647,-1585589.1251581796,1.2928934642027343,-0.31496062992126816,0.0,-0.022050716648291946,0.01643050807268409,6164211.63028123,63147251.510965295,0.09761646758625492,0.15822784810126667,False,True,falling,falling,buy_advantage_weakening,accelerating,neutral,True,True,False,🔴 1차 급등 완료·상승분 반납 / 신규매수 금지,S3,🔴 1차 급등 완료·반납,당일/5D 급등 후 상승분 상당 부분 반납,S4,True,당일/5D 급등 후 상승분 상당 부분 반납,2026-09-05T20:55:55.372412+09:00,2026-09-05T11:40:00Z,33964283536-1
KRW-HOLO,2026-09-05T20:55:55.372412+09:00,1788609355,88.2,57.83798777862936,7.0,619522.94,158641.66999911898,3.9051715731651115,7,0.0,complete,1788608470938,1788609392382,1471755.71560296,1909753.60049643,-0.1295273334922246,87.7,88.7,1.1402508551881407,0.5701254275940704,0.5636978579481398,50.0,complete_hourly_ordered,/v1/candles/minutes/60,120,False,13.477737665463296,83.1,2026-09-03T10:00:00,94.3,2026-09-04T09:00:00,D-1,6.362672322375396,53.57142857142851,True,-0.4274764150943411,9.90405215028218,,False,3.5694795223037654,-79.04273255322408,-98.19849449432616,0.20689883097963957,0.0,0.0,-0.007370283018859336,0.005917741052581249,,-2.154330294517742,-90.07524026820836,-84.60013881480944,0.5673173748051994,-0.4514672686230181,0.0,-0.02948113207547065,0.023670372263593364,,-2.154330294517742,-90.07524026820836,-84.60013881480944,0.5673173748051994,-0.4514672686230181,0.0,-0.02948113207547065,0.023670372263593364,,-2.154330294517742,-90.07524026820836,-84.60013881480944,0.5673173748051994,-0.4514672686230181,0.0,-0.02948113207547065,0.023670372263593364,,1.748171296508219,-78.98343006372099,-88.39161191317622,-0.1315379204386744,0.5701254275940704,0.0,-0.4864734652418323,0.20763204695354176,,1.748171296508219,-78.98343006372099,-88.39161191317622,-0.1315379204386744,0.5701254275940704,0.0,-0.4864734652418323,0.20763204695354176,,3.5694795223037654,-2336601.6672436213,-8647419.121903919,0.20689883097963957,0.0,0.0,-0.007370283018859336,0.005917741052581249,778164.609999119,12133454.86622266,0.06413380348620971,0.5701254275940704,False,False,falling,falling,buy_advantage_accelerating,accelerating,neutral,False,False,False,pass,S0,🌱 초발사 준비,발사 구조 관찰 또는 초기 준비,S0,False,,,2026-09-05T11:40:00Z,33964283536-1
KRW-HOME,2026-09-05T20:55:55.372412+09:00,1788609355,8.41,,,2492116.148243076,1114887.2582567893,2.2353077674774835,6,0.0,complete,1788608620075,1788609757945,13042083.73032206,13570604.28970778,-0.019859721009314567,8.25,8.43,2.1818181818181737,1.9393939393939519,0.23724792408065923,11.111111111110207,complete_hourly_ordered,/v1/candles/minutes/60,120,False,12.132352941176471,8.16,2026-09-02T03:00:00,9.15,2026-09-02T11:00:00,D-3,8.306010928961749,76.76767676767666,True,,,,False,-20.53735777160955,-77.75891101621194,126.58574717182903,,0.23837902264600697,,,,,-718.4640190901389,-79.84038670969701,6399.784924215169,,0.0,,,,,-718.4640190901389,-79.84038670969701,6399.784924215169,,0.0,,,,,-718.4640190901389,-79.84038670969701,6399.784924215169,,0.0,,,,,-6.716858099907782,-77.6729408749239,-10.582542803868067,,1.081730769230771,,,,,-6.716858099907782,-77.6729408749239,-10.582542803868067,,1.081730769230771,,,,,-20.53735777160955,-8712893.417878553,622849.5761993536,,0.23837902264600697,,,,3607003.4064998655,17998288.659052387,0.20040813184122888,1.081730769230771,False,False,falling,rising,buy_advantage_weakening,flat_or_na,neutral,False,False,False,pass,S0,🌱 초발사 준비,발사 구조 관찰 또는 초기 준비,S0,False,,,2026-09-05T11:40:00Z,33964283536-1
KRW-HP,2026-09-05T20:55:55.372412+09:00,1788609355,10.5,-61.00859955347566,6.0,0.0,0.0,,0,0.0,complete,,,10893200.22715878,28837638.94225671,-0.4516501309872013,10.6,10.7,0.943396226415083,-0.9433962264150941,1.8691588785046664,200.0000000000012,complete_hourly_ordered,/v1/candles/minutes/60,120,False,15.618661257606492,9.86,2026-08-31T19:00:00,11.4,2026-09-04T14:00:00,D-1,7.8947368421052655,58.44155844155845,False,0.5776125348559313,31.668921966621554,,True,,,-100.0,0.016509270737152804,0.0,0.0,-0.06639224538573796,0.04125099633345286,,,-100.0,-100.0,0.07625817012770852,0.0,0.0,0.0,0.0,,,-100.0,-100.0,0.07625817012770852,0.0,0.0,0.0,0.0,,,-100.0,-100.0,0.07625817012770852,0.0,0.0,0.0,0.0,,,,,-3.539085682325336,-0.9433962264150941,-1.0,-0.4892867471678164,-0.9131851222834939,,,,,-3.539085682325336,-0.9433962264150941,-1.0,-0.4892867471678164,-0.9131851222834939,,,0.0,-297021.30067039496,0.016509270737152804,0.0,0.0,-0.06639224538573796,0.04125099633345286,0,639131.084457684,0.0,-0.9433962264150941,False,False,flat_or_na,falling,unavailable,accelerating,neutral,False,True,False,pass,S0,🌱 초발사 준비,발사 구조 관찰 또는 초기 준비,S0,False,,,2026-09-05T11:40:00Z,33964283536-1
KRW-HUNT,2026-09-05T20:55:55.372412+09:00,1788609355,121.0,184.88472931564513,13.0,0.0,892170.98273127,0.0,1,0.0,complete,1788609057601,1788609057601,1766020.72611186,3502419.61237973,-0.32958499569248595,122.0,123.0,0.8196721311475308,-0.8196721311475419,1.6260162601626018,200.00000000000136,complete_hourly_ordered,/v1/candles/minutes/60,120,False,12.280701754385959,114.0,2026-08-31T18:00:00,128.0,2026-09-03T13:00:00,D-2,5.46875,50.0,False,0.22271714922048602,4.395166644535918,4.921200013711557,True,-1.3537705268838398,-100.0,-48.95203798129182,0.6148464469223143,0.0,0.0,-0.055679287305121505,0.0467632720337523,0.10281831186568091,,-100.0,,0.9644684075426824,-0.8196721311475419,0.0,-0.055679287305121505,0.0467632720337523,0.10281831186568091,,-100.0,,0.9644684075426824,-0.8196721311475419,0.0,-0.055679287305121505,0.0467632720337523,0.10281831186568091,,-100.0,,0.9644684075426824,-0.8196721311475419,0.0,-0.055679287305121505,0.0467632720337523,0.10281831186568091,,,,17.686101084273588,-1.6260162601625994,-1.0,-0.5624763448905723,-0.393229938019223,0.07720471810108531,,,,17.686101084273588,-1.6260162601625994,-1.0,-0.5624763448905723,-0.393229938019223,0.07720471810108531,-1.3537705268838398,-2365999.9999999,-855540.2822244299,0.6148464469223143,0.0,0.0,-0.055679287305121505,0.0467632720337523,892170.98273127,2022001.6999997399,0.4412315690592074,-1.6260162601625994,False,True,falling,falling,sell_only,accelerating,neutral,False,False,False,pass,S1,⚡ 선행 시동,가격 미급등 상태에서 선행조건 3개 개선,S1,False,,,2026-09-05T11:40:00Z,33964283536-1
KRW-HYPER,2026-09-05T20:55:55.372412+09:00,1788609355,92.5,-41.11086606126383,7.0,24250.000001878998,65836.775959227,0.3683351690383066,5,0.0,complete,1788608756132,1788608906131,708140.02972592,989926.46804013,-0.1659454672033892,90.4,92.9,2.765486725663724,2.3230088495575174,0.43057050592035057,16.000000000000387,complete_hourly_ordered,/v1/candles/minutes/60,120,False,5.929304446978345,87.7,2026-09-02T10:00:00,92.9,2026-09-05T17:00:00,D0,0.43057050592034685,7.692307692307749,False,-0.41019630823322384,18.744957418198116,,False,0.2828528518755819,-50.81847188859096,-88.58607231141238,0.3102065173036621,-0.10799136069113979,0.0,-0.0073249340756031955,0.005369338025410286,,-17.884323498460756,-97.85173826120726,6.455998619437064,0.4796100413598694,0.43431053203040193,0.0,0.029299736302379475,-0.02147815435746736,,-17.884323498460756,-97.85173826120726,6.455998619437064,0.4796100413598694,0.43431053203040193,0.0,0.029299736302379475,-0.02147815435746736,,-17.884323498460756,-97.85173826120726,6.455998619437064,0.4796100413598694,0.43431053203040193,0.0,0.029299736302379475,-0.02147815435746736,,0.3683351690383066,,88.1050741722297,-240.26148404366063,3.93258426966292,-2.0,-0.29301452999973554,-0.18564942823637764,,0.3683351690383066,,88.1050741722297,-240.26148404366063,3.93258426966292,-2.0,-0.29301452999973554,-0.18564942823637764,,0.2828528518755819,-25057.129998121,-510974.09717303293,0.3102065173036621,-0.10799136069113979,0.0,-0.0073249340756031955,0.005369338025410286,90086.775961106,1531007.030284145,0.05884151684423453,3.93258426966292,False,False,falling,falling,sell_advantage_weakening,accelerating,neutral,False,False,False,pass,S0,🌱 초발사 준비,발사 구조 관찰 또는 초기 준비,S0,False,,,2026-09-05T11:40:00Z,33964283536-1
KRW-ICP,2026-09-05T20:55:55.372412+09:00,1788609355,3590.0,149.98228970932908,13.0,7076778.507693731,3243695.51727489,2.1817024655998263,20,0.0,complete,1788608575959,1788609669667,20330.70627357,33444.6206405,-0.24386489342752504,3382.0,3719.0,9.964518036664693,6.150206978119455,3.468674374831944,38.27893175074183,complete_hourly_ordered,/v1/candles/minutes/60,120,False,13.522588522588519,3276.0,2026-09-04T21:00:00,3719.0,2026-09-05T16:00:00,D0,3.441785426189836,28.893905191873493,False,0.23829854836467934,3.1481596960728444,5.030031703094055,True,0.31810491582606004,-71.27167394600242,-75.46043106816938,2.0751719627323837,0.50391937290033,0.0,0.03574478225469857,-0.030357251860114065,-0.098252199996411,1.3586708827600436,-5.570030405726789,-64.37697231032848,4.030953069956553,0.0,0.0,0.0,0.0,0.0,1.3586708827600436,-5.570030405726789,-64.37697231032848,4.030953069956553,0.0,0.0,0.0,0.0,0.0,1.3586708827600436,-5.570030405726789,-64.37697231032848,4.030953069956553,0.0,0.0,0.0,0.0,0.0,,,,102.39057547547469,6.118829441324269,1.0,0.06523310177626307,-0.6340955177836425,-1.0058937201941651,,,,102.39057547547469,6.118829441324269,1.0,0.06523310177626307,-0.6340955177836425,-1.0058937201941651,0.31810491582606004,-17556673.836143717,-9974529.81620865,2.0751719627323837,0.50391937290033,0.0,0.03574478225469857,-0.030357251860114065,10320474.02496862,1843278.1602258899,5.598978085707839,6.118829441324269,False,False,falling,falling,buy_advantage_accelerating,accelerating,neutral,False,False,False,pass,S2,🚀 발사 진행,가격 상승 초입과 실제 매수수급·구조 동반,S2,False,,,2026-09-05T11:40:00Z,33964283536-1
KRW-ICX,2026-09-05T20:55:55.372412+09:00,1788609355,20.4,104.0297607401162,5.0,4051758.5270933043,8178737.337909956,0.4954014733194397,23,0.0,complete,1788608520083,1788609670183,12467586.48638739,9208665.05445267,0.15034524884501413,20.4,20.8,1.9607843137255054,0.0,1.9230769230769333,100.0,complete_hourly_ordered,/v1/candles/minutes/60,120,False,56.21621621621622,18.5,2026-09-01T07:00:00,28.9,2026-09-01T21:00:00,D-4,28.373702422145332,78.84615384615387,True,-1.1919698870765383,44.8686254348159,,True,-3.638328870810674,-88.00512472379454,0.08767146183799035,0.11665654441337381,-1.9230769230769384,0.0,-0.12547051442909352,0.0651778378522252,,0.07934198881673671,12.401456204724969,-5.6004181567380185,0.21191725909899617,0.0,0.0,0.0,0.0,,0.07934198881673671,12.401456204724969,-5.6004181567380185,0.21191725909899617,0.0,0.0,0.0,0.0,,0.07934198881673671,12.401456204724969,-5.6004181567380185,0.21191725909899617,0.0,0.0,0.0,0.0,,-0.992086848165366,19.965361104728508,260.20699016154674,-570.4791033258721,0.49261083743841194,0.0,-0.4136386292932226,0.17448226778769538,,-0.992086848165366,19.965361104728508,260.20699016154674,-570.4791033258721,0.49261083743841194,0.0,-0.4136386292932226,0.17448226778769538,,-3.638328870810674,-29727321.569978498,7164.1376798041165,0.11665654441337381,-1.9230769230769384,0.0,-0.12547051442909352,0.0651778378522252,12230495.865003262,10267802.498750456,1.1911502842493957,0.49261083743841194,False,True,falling,rising,sell_advantage_accelerating,accelerating,neutral,True,True,False,🔴 1차 급등 완료·상승분 반납 / 신규매수 금지,S3,🔴 1차 급등 완료·반납,당일/5D 급등 후 상승분 상당 부분 반납,S4,True,당일/5D 급등 후 상승분 상당 부분 반납,2026-09-05T20:55:55.372412+09:00,2026-09-05T11:40:00Z,33964283536-1
KRW-ID,2026-09-05T20:55:55.372412+09:00,1788609355,44.6,-17.1621548903956,11.0,4982544.877962811,3672995.384407901,1.3565344784025677,20,0.0,complete,1788608653783,1788609391855,3836374.18242176,2554524.24469894,0.20057429363657306,43.8,46.1,5.251141552511429,1.82648401826484,3.2537960954446854,65.21739130434791,complete_hourly_ordered,/v1/candles/minutes/60,120,False,7.9625292740046705,42.7,2026-09-04T22:00:00,46.1,2026-09-05T10:00:00,D0,2.819956616052066,38.235294117647165,False,-0.045578851412952925,5.080344099983762,9.93955930165946,True,1.1976098891740687,280.2710404805377,-55.4494044448985,0.37082781877493076,0.45045045045044585,0.0,0.030385900941953814,-0.025432587663886785,-0.15016749040772304,1.095836294480991,123.97417715606119,-56.95674370276728,0.7642930058504476,0.22471910112360494,0.0,0.015192950470976907,-0.01271606449467999,-0.07470691972572041,1.095836294480991,123.97417715606119,-56.95674370276728,0.7642930058504476,0.22471910112360494,0.0,0.015192950470976907,-0.01271606449467999,-0.07470691972572041,1.095836294480991,123.97417715606119,-56.95674370276728,0.7642930058504476,0.22471910112360494,0.0,0.015192950470976907,-0.01271606449467999,-0.07470691972572041,,3221.696585314963,,3.513613295005367,2.764976958525356,0.0,-0.33525715603256456,-0.11359540314197769,2.595527368448222,,3221.696585314963,,3.513613295005367,2.764976958525356,0.0,-0.33525715603256456,-0.11359540314197769,2.595527368448222,1.1976098891740687,3672283.420328143,-4571552.951348983,0.37082781877493076,0.45045045045044585,0.0,0.030385900941953814,-0.025432587663886785,8655540.262370713,2835905.4515872328,3.052125823703424,2.764976958525356,False,True,rising,falling,buy_advantage_accelerating,accelerating,leading_buy_inflow,False,False,False,pass,S1,⚡ 선행 시동,가격 미급등 상태에서 선행조건 7개 개선,S1,False,,,2026-09-05T11:40:00Z,33964283536-1
KRW-IMX,2026-09-05T20:55:55.372412+09:00,1788609355,172.0,75.10798453283971,11.0,55663.74999683999,0.0,,2,0.0,complete,1788608618932,1788609088773,413239.29334647,577116.19637464,-0.16547280721826332,171.0,173.0,1.1695906432748648,0.5847953216374213,0.5780346820809248,50.000000000000945,complete_hourly_ordered,/v1/candles/minutes/60,120,False,6.626506024096379,166.0,2026-09-02T19:00:00,177.0,2026-09-04T01:00:00,D-1,2.824858757062143,45.45454545454539,True,0.11415525114155667,11.892502825568245,11.493399885551066,False,,223.62645346999997,-100.0,0.012833543210220455,0.0,0.0,0.0,0.0,0.0,,,-100.0,2.65359271917238,0.0,0.0,0.0,0.0,0.0,,,-100.0,2.65359271917238,0.0,0.0,0.0,0.0,0.0,,,-100.0,2.65359271917238,0.0,0.0,0.0,0.0,0.0,,,,32.844600277877475,0.5847953216374213,-1.0,-0.6527159145025996,-0.4819397201742657,0.9404959311117249,,,,32.844600277877475,0.5847953216374213,-1.0,-0.6527159145025996,-0.4819397201742657,0.9404959311117249,,38463.74999683999,-11401734.12911512,0.012833543210220455,0.0,0.0,0.0,0.0,55663.74999683999,965426.0372310751,0.05765718744906489,0.5847953216374213,False,True,rising,falling,buy_only,accelerating,neutral,False,False,False,pass,S1,⚡ 선행 시동,가격 미급등 상태에서 선행조건 3개 개선,S1,False,,,2026-09-05T11:40:00Z,33964283536-1
KRW-IN,2026-09-05T20:55:55.372412+09:00,1788609355,47.5,42.93895302989847,6.0,9499085.806971602,10120863.870966176,0.9385647241261416,55,0.0,complete,1788608462214,1788609508249,4103538.03885256,2821616.51664409,0.18511088986324215,46.9,47.7,1.7057569296375252,1.279317697228155,0.41928721174004785,24.999999999999346,complete_hourly_ordered,/v1/candles/minutes/60,120,False,7.191011235955069,44.5,2026-09-02T03:00:00,47.7,2026-09-05T00:00:00,D0,0.41928721174004924,6.250000000000251,True,0.014766686355560665,45.997986784536124,,True,-7.006122194418231,309.8199459031793,3369.010798596736,0.2178336321016161,0.0,0.0,0.0,0.0,,-1.7839492706737774,181.94483745493505,717.8431875833903,0.6218050232645425,0.0,0.0,0.0,0.0,,-1.7839492706737774,181.94483745493505,717.8431875833903,0.6218050232645425,0.0,0.0,0.0,0.0,,-1.7839492706737774,181.94483745493505,717.8431875833903,0.6218050232645425,0.0,0.0,0.0,0.0,,,16.040840661614308,,-112.12294883079048,1.4957264957265126,-1.0,-0.28148572069524036,-0.3017425727618104,,,16.040840661614308,,-112.12294883079048,1.4957264957265126,-1.0,-0.28148572069524036,-0.3017425727618104,,-7.006122194418231,7181217.703691002,9829113.154160675,0.2178336321016161,0.0,0.0,0.0,0.0,19619949.677937776,8558730.42072099,2.292390192643196,1.4957264957265126,False,False,rising,rising,sell_advantage_accelerating,accelerating,neutral,False,False,False,pass,S0,🌱 초발사 준비,발사 구조 관찰 또는 초기 준비,S0,False,,,2026-09-05T11:40:00Z,33964283536-1
KRW-INJ,2026-09-05T20:55:55.372412+09:00,1788609355,6635.0,773.0598500612015,11.0,1854510.8843971498,775695.1521210499,2.390772817551072,28,0.0,complete,1788608555896,1788609447419,3461.40283668,6587.66318674,-0.3110995930143207,6370.0,6720.0,5.494505494505497,4.160125588697028,1.2648809523809523,24.28571428571413,complete_hourly_ordered,/v1/candles/minutes/60,120,False,41.70324846356452,5695.0,2026-09-01T18:00:00,8070.0,2026-09-02T16:00:00,D-3,17.7819083023544,60.42105263157895,True,-0.3029585798816625,4.203410260346488,,True,,638.8783953134189,,0.06698633486371364,0.4542013626040786,1.0,0.028402366863911066,-0.024023996938519865,,1.7138728182982539,14.484185255535653,-67.58606909655643,0.13788962787941728,0.0,1.0,0.06627218934910362,-0.05605854278314926,,1.7138728182982539,14.484185255535653,-67.58606909655643,0.13788962787941728,0.0,1.0,0.06627218934910362,-0.05605854278314926,,1.7138728182982539,14.484185255535653,-67.58606909655643,0.13788962787941728,0.0,1.0,0.06627218934910362,-0.05605854278314926,,1.6003312792239304,1070.0384128688643,286.84016991512215,-73.12846453754332,4.160125588697028,1.0,-0.109242539248533,0.330827780255472,,1.6003312792239304,1070.0384128688643,286.84016991512215,-73.12846453754332,4.160125588697028,1.0,-0.109242539248533,0.330827780255472,,,1603520.8843971498,775695.1521210499,0.06698633486371364,0.4542013626040786,1.0,0.028402366863911066,-0.024023996938519865,2630206.0365182,9452229.626225598,0.27826302793370417,4.160125588697028,False,False,rising,rising,buy_advantage_weakening,accelerating,neutral,True,True,False,🔴 1차 급등 완료·상승분 반납 / 신규매수 금지,S2,🚀 발사 진행,가격 상승 초입과 실제 매수수급·구조 동반,S0,True,가격 상승 초입과 실제 매수수급·구조 동반,2026-09-05T20:55:55.372412+09:00,2026-09-05T11:40:00Z,33964283536-1
KRW-IO,2026-09-05T20:55:55.372412+09:00,1788609355,177.0,,,0.0,0.0,,0,0.0,complete,,,267788.96776108,215132.38108506,0.10903760374610509,174.0,178.0,2.298850574712641,1.724137931034475,0.5617977528089888,25.000000000000245,complete_hourly_ordered,/v1/candles/minutes/60,120,False,9.883720930232553,172.0,2026-09-02T19:00:00,189.0,2026-09-03T12:00:00,D-2,6.349206349206349,70.58823529411757,False,,,,True,,,-100.0,,0.0,,,,,,-100.0,-100.0,,0.0,,,,,,-100.0,-100.0,,0.0,,,,,,-100.0,-100.0,,0.0,,,,,,-100.0,,,1.724137931034475,,,,,,-100.0,,,1.724137931034475,,,,,,0.0,-17700.0,,0.0,,,,0,2537964.1978394054,0.0,1.724137931034475,False,False,flat_or_na,falling,unavailable,flat_or_na,neutral,False,False,False,pass,S0,🌱 초발사 준비,발사 구조 관찰 또는 초기 준비,S0,False,,,2026-09-05T11:40:00Z,33964283536-1
KRW-IOST,2026-09-05T20:55:55.372412+09:00,1788609355,0.834,403.4871226501802,7.0,723121.2621663071,1448238.8714712886,0.4993107673126304,12,0.0,complete,1788608775947,1788609376409,81593173.44691369,63250551.03792997,0.12663732912296852,0.83,0.841,1.3253012048192847,0.48192771084336616,0.8323424494649234,63.6363636363644,complete_hourly_ordered,/v1/candles/minutes/60,120,False,10.41405269761606,0.797,2026-08-31T22:00:00,0.88,2026-09-01T19:00:00,D-4,5.113636363636365,54.21686746987968,True,-0.016258840744665104,26.405624742884932,,True,-39.128950981551895,-89.19880149269528,757.2471287824536,0.11988394220196597,-0.23923444976076125,0.0,-0.016258840744665104,0.010866446139313979,,-0.1420746783259184,1105.2021036107853,1448.1322232831537,1.1413930631794642,-0.23923444976076125,0.0,-0.056905942606289006,0.038031139199119934,,-0.1420746783259184,1105.2021036107853,1448.1322232831537,1.1413930631794642,-0.23923444976076125,0.0,-0.056905942606289006,0.038031139199119934,,-0.1420746783259184,1105.2021036107853,1448.1322232831537,1.1413930631794642,-0.23923444976076125,0.0,-0.056905942606289006,0.038031139199119934,,,,,33.82623457872319,1.3365735115431265,0.0,-0.24451350773740943,-0.4832889227039452,,,,,33.82623457872319,1.3365735115431265,0.0,-0.24451350773740943,-0.4832889227039452,,-39.128950981551895,-5971703.036056422,1279298.2214713031,0.11988394220196597,-0.23923444976076125,0.0,-0.016258840744665104,0.010866446139313979,2171360.133637596,3164694.108183922,0.6861200670303151,1.3365735115431265,False,True,falling,rising,sell_advantage_accelerating,accelerating,neutral,False,False,False,pass,S0,🌱 초발사 준비,발사 구조 관찰 또는 초기 준비,S0,False,,,2026-09-05T11:40:00Z,33964283536-1
KRW-IOTA,2026-09-05T20:55:55.372412+09:00,1788609355,54.1,31.35136186404621,11.0,10870198.991362281,9490497.450379794,1.1453771573298588,28,0.0,complete,1788608457483,1788609286515,2131002.43079037,1526038.01897783,0.16542458857705153,53.5,54.5,1.869158878504673,1.1214953271028172,0.7339449541284377,39.99999999999929,complete_hourly_ordered,/v1/candles/minutes/60,120,False,7.34463276836157,53.1,2026-09-02T10:00:00,57.0,2026-09-04T00:00:00,D-1,5.087719298245608,74.35897435897435,True,-0.7419429631347008,9.436357145690371,13.701286575135146,True,1.052302462017896,3312.7745919011295,177.32607838112054,1.1441064480655072,0.18518518518517713,0.0,0.0,0.0,0.0,0.9819191774951219,19955.706314426483,2762.1709603126096,1.2385669185830182,0.18518518518517713,0.0,0.0,0.0,0.0,0.9819191774951219,19955.706314426483,2762.1709603126096,1.2385669185830182,0.18518518518517713,0.0,0.0,0.0,0.0,0.9819191774951219,19955.706314426483,2762.1709603126096,1.2385669185830182,0.18518518518517713,0.0,0.0,0.0,0.0,,,,13.15951376636255,0.5576208178438735,1.0,-0.9393648653527986,0.25143510108803824,4.910596036081007,,,,13.15951376636255,0.5576208178438735,1.0,-0.9393648653527986,0.25143510108803824,4.910596036081007,1.052302462017896,10551683.991363207,6068353.559051514,1.1441064480655072,0.18518518518517713,0.0,0.0,0.0,20360696.441742077,5737907.878996249,3.5484530025783263,0.5576208178438735,False,False,rising,rising,buy_advantage_accelerating,accelerating,leading_buy_inflow,False,False,False,pass,S1,⚡ 선행 시동,가격 미급등 상태에서 선행조건 4개 개선,S1,False,,,2026-09-05T11:40:00Z,33964283536-1
KRW-IQ,2026-09-05T20:55:55.372412+09:00,1788609355,0.97,3923.129979154651,9.0,399503.248375808,207657.98896041187,1.9238520529637302,5,0.0,complete,1788608656017,1788608753152,65499828.98953655,208826993.0081635,-0.5224686487996008,0.966,0.976,1.0351966873705987,0.41407867494824835,0.6147540983606563,59.99999999999914,complete_hourly_ordered,/v1/candles/minutes/60,120,False,45.05494505494505,0.91,2026-08-31T21:00:00,1.32,2026-09-01T19:00:00,D-4,26.515151515151526,85.36585365853658,False,0.013852334118302778,18.202030787532035,,True,0.4677048153196459,91.97477498246845,45.3040725545522,0.14716637889614503,-0.1029866117404743,0.0,-0.006926167059151389,0.0050854442194960825,,,,,0.15802651712374427,-0.30832476875641834,0.0,-0.020778501177431963,0.015256116607499592,,,,,0.15802651712374427,-0.30832476875641834,0.0,-0.020778501177431963,0.015256116607499592,,,,,0.15802651712374427,-0.30832476875641834,0.0,-0.020778501177431963,0.015256116607499592,,,,,-96.017565502656,1.041666666666674,-1.0,-0.5436001082202102,-0.46162049928836524,,,,,-96.017565502656,1.041666666666674,-1.0,-0.5436001082202102,-0.46162049928836524,,0.4677048153196459,191401.29935032196,64745.27818112532,0.14716637889614503,-0.1029866117404743,0.0,-0.006926167059151389,0.0050854442194960825,607161.2373362199,2207440.9319321616,0.27505208794183894,1.041666666666674,False,True,rising,rising,buy_advantage_accelerating,accelerating,leading_buy_inflow,True,True,False,🔴 1차 급등 완료·상승분 반납 / 신규매수 금지,S3,🔴 1차 급등 완료·반납,당일/5D 급등 후 상승분 상당 부분 반납,S3,False,,,2026-09-05T11:40:00Z,33964283536-1
KRW-IRYS,2026-09-05T20:55:55.372412+09:00,1788609355,19.8,,,188574.407131572,0.0,,7,0.0,complete,1788608568309,1788609123973,8526553.33844904,13688221.9332142,-0.23235295120672636,19.3,20.2,4.663212435233155,2.590673575129543,1.9801980198019733,44.44444444444418,complete_hourly_ordered,/v1/candles/minutes/60,120,False,10.989010989010994,18.2,2026-09-04T21:00:00,20.2,2026-09-05T13:00:00,D0,1.9801980198019709,19.99999999999992,False,,,,False,,-86.41479847404304,-100.0,,0.0,,,,,,955.9837332519543,-100.0,,-0.5025125628140614,,,,,,955.9837332519543,-100.0,,-0.5025125628140614,,,,,,955.9837332519543,-100.0,,-0.5025125628140614,,,,,,1673.9831338918848,-100.0,,3.125,,,,,,1673.9831338918848,-100.0,,3.125,,,,,,-1199512.525338784,-4303554.230879244,,0.0,,,,188574.407131572,2373806.145701416,0.07943968275297043,3.125,False,False,falling,falling,buy_only,flat_or_na,neutral,False,False,False,pass,S0,🌱 초발사 준비,발사 구조 관찰 또는 초기 준비,S0,False,,,2026-09-05T11:40:00Z,33964283536-1
KRW-JST,2026-09-05T20:55:55.372412+09:00,1788609355,148.0,-44.28640409329719,1.0,73671.26239999999,734223.8542388,0.10033896607238131,6,0.0,complete,1788608923086,1788609265726,624538.83323687,4791556.65150312,-0.76937672720264,149.0,150.0,0.6711409395973256,-0.6711409395973145,1.3333333333333335,199.99999999999835,complete_hourly_ordered,/v1/candles/minutes/60,120,False,20.967741935483875,124.0,2026-09-01T00:00:00,150.0,2026-09-03T13:00:00,D-2,1.3333333333333308,7.6923076923076925,True,0.04741583688951945,-2.049452874675042,,False,0.09605051507239512,394.43800268456374,-78.8678991817175,0.5055911342330859,0.0,0.0,-0.04741583688951945,0.04219263372780624,,,,,0.5252946872169062,-0.6711409395973145,0.0,-0.04741583688951945,0.04219263372780624,,,,,0.5252946872169062,-0.6711409395973145,0.0,-0.04741583688951945,0.04219263372780624,,,,,0.5252946872169062,-0.6711409395973145,0.0,-0.04741583688951945,0.04219263372780624,,,-26.328737599196995,,-31.166472067958004,-0.6711409395973145,1.0,-0.04750585271655616,0.12459181738576453,,,-26.328737599196995,,-31.166472067958004,-0.6711409395973145,1.0,-0.04750585271655616,0.12459181738576453,,0.09605051507239512,58771.26239999999,-2740224.1457612,0.5055911342330859,0.0,0.0,-0.04741583688951945,0.04219263372780624,807895.1166388,1312713.05351496,0.6154392343974608,-0.6711409395973145,False,False,rising,falling,sell_advantage_weakening,accelerating,leading_buy_inflow,False,False,False,pass,S0,🌱 초발사 준비,발사 구조 관찰 또는 초기 준비,S0,False,,,2026-09-05T11:40:00Z,33964283536-1
KRW-JTO,2026-09-05T20:55:55.372412+09:00,1788609355,574.0,-35.55101282412352,2.0,9625870.89900217,6717581.53907237,1.4329369644438146,41,0.0,complete,1788608465345,1788609440451,285535.2308153,299506.66438481,-0.023881082165459547,555.0,582.0,4.86486486486486,3.423423423423433,1.3745704467353952,29.629629629629363,complete_hourly_ordered,/v1/candles/minutes/60,120,False,12.169312169312164,567.0,2026-09-03T00:00:00,636.0,2026-09-04T02:00:00,D-1,9.748427672955973,89.85507246376807,True,-3.053800497798198,20.041846372491932,,False,0.6042219556495291,-26.589603340608072,-57.544330963090765,0.45238305788273436,-0.347222222222221,0.0,-0.028719126938547834,0.02131857113788982,,-181.43189529916663,932.1425076819775,131617.28500469404,1.1957362728931358,1.5929203539823078,0.0,0.10530346544131985,-0.0781788959856442,,-181.43189529916663,932.1425076819775,131617.28500469404,1.1957362728931358,1.5929203539823078,0.0,0.10530346544131985,-0.0781788959856442,,-181.43189529916663,932.1425076819775,131617.28500469404,1.1957362728931358,1.5929203539823078,0.0,0.10530346544131985,-0.0781788959856442,,-19.023590467484127,-14.249735053735735,1124.1659547454044,-4.010695124203355,2.499999999999991,0.0,-0.84571666546287,2.361314745615232,,-19.023590467484127,-14.249735053735735,1124.1659547454044,-4.010695124203355,2.499999999999991,0.0,-0.84571666546287,2.361314745615232,,0.6042219556495291,-3486537.3388447,-9104996.90912586,0.45238305788273436,-0.347222222222221,0.0,-0.028719126938547834,0.02131857113788982,16343452.43807454,7874906.87122535,2.0753835829847054,2.499999999999991,False,False,falling,falling,buy_advantage_accelerating,accelerating,neutral,False,False,False,pass,S0,🌱 초발사 준비,발사 구조 관찰 또는 초기 준비,S0,False,,,2026-09-05T11:40:00Z,33964283536-1
KRW-JUP,2026-09-05T20:55:55.372412+09:00,1788609355,308.0,-25.037520129140855,8.0,20680689.578316122,6504489.90541056,3.1794483316998505,79,0.0,complete,1788608694011,1788609404295,845977.02556841,485293.27490246,0.2709320192438578,297.0,309.0,4.040404040404044,3.703703703703698,0.3236245954692557,8.333333333333561,complete_hourly_ordered,/v1/candles/minutes/60,120,False,14.035087719298245,285.0,2026-08-31T22:00:00,325.0,2026-09-04T03:00:00,D-1,5.230769230769228,42.499999999999986,True,0.5339265850945463,-2.9531539228249986,,True,0.6216502064533707,1037.9565861207957,815.4617150313959,0.3041277944017331,2.3255813953488413,1.0,0.1557285873192482,-0.13898051505468434,,3.1794483316998505,,40300.558416189786,0.3409262042141208,2.6666666666666616,1.0,0.17797552836484876,-0.15883939865602548,,3.1794483316998505,,40300.558416189786,0.3409262042141208,2.6666666666666616,1.0,0.17797552836484876,-0.15883939865602548,,3.1794483316998505,,40300.558416189786,0.3409262042141208,2.6666666666666616,1.0,0.17797552836484876,-0.15883939865602548,,-284.03288267103864,615.2162629838424,64508.35611466988,-16.971662895001025,2.6666666666666616,0.0,-0.27288650320667074,-0.6415904188017856,,-284.03288267103864,615.2162629838424,64508.35611466988,-16.971662895001025,2.6666666666666616,0.0,-0.27288650320667074,-0.6415904188017856,,0.6216502064533707,18863336.45337706,5793975.22209718,0.3041277944017331,2.3255813953488413,1.0,0.1557285873192482,-0.13898051505468434,27185179.48372668,8800340.492208641,3.0891054167500687,2.6666666666666616,False,False,rising,rising,buy_advantage_accelerating,accelerating,neutral,False,True,False,pass,S0,🌱 초발사 준비,발사 구조 관찰 또는 초기 준비,S0,False,,,2026-09-05T11:40:00Z,33964283536-1
KRW-KAITO,2026-09-05T20:55:55.372412+09:00,1788609355,425.0,-52.35591170165118,1.0,12205031.1887425,249999.99999675003,48.82012475560465,23,0.0,complete,1788608544087,1788608962496,482919.66964965,703585.12035094,-0.18597940148322561,415.0,429.0,3.3734939759036076,2.4096385542168752,0.9324009324009324,28.571428571428196,complete_hourly_ordered,/v1/candles/minutes/60,120,False,6.982543640897765,401.0,2026-09-04T21:00:00,429.0,2026-09-05T18:00:00,D0,0.9324009324009341,14.285714285714333,False,-1.637374192579233,48.46833375961595,,False,48.50257044669303,169.96359730408082,-98.24400072711097,0.2950485044986948,0.2358490566037652,0.0,0.015021781583313132,-0.0073629733875080206,,48.11973926463462,414.97007289235535,-92.61211295253442,0.4614604240804283,-0.23474178403756207,0.0,-0.015021781583290927,0.007362828525501186,,48.11973926463462,414.97007289235535,-92.61211295253442,0.4614604240804283,-0.23474178403756207,0.0,-0.015021781583290927,0.007362828525501186,,48.11973926463462,414.97007289235535,-92.61211295253442,0.4614604240804283,-0.23474178403756207,0.0,-0.015021781583290927,0.007362828525501186,,,3713.889894914456,,-17.477295591996402,2.657004830917864,0.0,-0.55267879881995,0.6857297533015441,,,3713.889894914456,,-17.477295591996402,2.657004830917864,0.0,-0.55267879881995,0.6857297533015441,,48.50257044669303,7684039.7252175,-13986907.945041329,0.2950485044986948,0.2358490566037652,0.0,0.015021781583313132,-0.0073629733875080206,12455031.18873925,7080224.34402605,1.7591294545981726,2.657004830917864,False,False,rising,falling,buy_advantage_accelerating,accelerating,leading_buy_inflow,False,False,False,pass,S0,🌱 초발사 준비,발사 구조 관찰 또는 초기 준비,S0,False,,,2026-09-05T11:40:00Z,33964283536-1
KRW-KAT,2026-09-05T20:55:55.372412+09:00,1788609355,6.48,-5.2427243911628345,5.0,23026.000000036,0.0,,3,0.0,complete,1788609053966,1788609651513,10051745.84625188,13978203.24403278,-0.16339849006872723,6.38,6.5,1.8808777429467183,1.5673981191222763,0.30769230769230116,16.666666666666078,complete_hourly_ordered,/v1/candles/minutes/60,120,False,7.973421926910307,6.02,2026-09-02T19:00:00,6.5,2026-09-05T20:00:00,D0,0.15384615384614886,2.0833333333334143,False,-0.2317497103128785,23.8305871945151,,False,,-79.20343834990629,-100.0,0.39335100741696394,0.15455950540959051,0.0,0.0105340777414753,-0.007276726990447457,,,-98.58412693653116,-100.0,0.46342786509987377,0.6211180124223503,0.0,0.042136310965956714,-0.029107785830522204,,,-98.58412693653116,-100.0,0.46342786509987377,0.6211180124223503,0.0,0.042136310965956714,-0.029107785830522204,,,-98.58412693653116,-100.0,0.46342786509987377,0.6211180124223503,0.0,0.042136310965956714,-0.029107785830522204,,,-64.8837010695003,-100.0,-179.24915143539008,2.857142857142869,-2.0,-0.12643112158196024,-0.47637460982817004,,,-64.8837010695003,-100.0,-179.24915143539008,2.857142857142869,-2.0,-0.12643112158196024,-0.47637460982817004,,,-87694.2257154117,-12515993.259051273,0.39335100741696394,0.15455950540959051,0.0,0.0105340777414753,-0.007276726990447457,23026.000000036,3904018.7498874585,0.0058980249520317425,2.857142857142869,False,False,falling,falling,buy_only,accelerating,neutral,False,False,False,pass,S0,🌱 초발사 준비,발사 구조 관찰 또는 초기 준비,S0,False,,,2026-09-05T11:40:00Z,33964283536-1
KRW-KAVA,2026-09-05T20:55:55.372412+09:00,1788609355,67.7,-60.695185891169686,12.0,1029999.999999683,205920.268256025,5.001935985820795,3,0.0,complete,1788608749482,1788609536644,484952.90012338,475141.13413471,0.010219588538795591,68.0,68.8,1.17647058823529,-0.4411764705882337,1.5988372093023173,137.5,complete_hourly_ordered,/v1/candles/minutes/60,120,False,12.00000000000001,62.5,2026-08-31T21:00:00,70.0,2026-09-03T21:00:00,D-2,3.57142857142857,33.33333333333333,False,0.5610972568578454,7.1699199079180875,6.045252280610416,True,4.000456695820074,20096.078431968257,3943.625177567613,0.05054692689537177,0.14792899408284654,0.0,0.010390689941797149,-0.008478950636154892,-0.01581500238615874,,,,0.051285136360284866,0.0,0.0,0.0,0.0,0.0,,,,0.051285136360284866,0.0,0.0,0.0,0.0,0.0,,,,0.051285136360284866,0.0,0.0,0.0,0.0,0.0,,,,-6.741259775908823,-0.4411764705882337,0.0,-0.4571685420084126,-0.8726520906007291,-0.6016886001435244,,,,-6.741259775908823,-0.4411764705882337,0.0,-0.4571685420084126,-0.8726520906007291,-0.6016886001435244,4.000456695820074,1024899.999999835,200827.801491341,0.05054692689537177,0.14792899408284654,0.0,0.010390689941797149,-0.008478950636154892,1235920.268255708,1175741.0539371218,1.051184071626204,-0.4411764705882337,False,False,rising,rising,buy_advantage_accelerating,accelerating,leading_buy_inflow,False,False,False,pass,S1,⚡ 선행 시동,가격 미급등 상태에서 선행조건 6개 개선,S1,False,,,2026-09-05T11:40:00Z,33964283536-1
KRW-KERNEL,2026-09-05T20:55:55.372412+09:00,1788609355,54.9,-92.0946105811715,7.0,2777513.7250481243,984914.187569727,2.8200565694983353,30,0.0,complete,1788608498138,1788609588352,2233429.97759944,2959067.41476522,-0.1397472896631201,53.8,54.9,2.0446096654275214,2.0446096654275214,0.0,0.0,complete_hourly_ordered,/v1/candles/minutes/60,120,False,10.40000000000001,50.0,2026-09-03T07:00:00,55.2,2026-09-05T20:00:00,D0,0.18115942028985588,1.9230769230769145,False,0.20382165605095093,21.82274455238899,,False,,64.3871333657749,,0.021894951064126644,0.18248175182482562,0.0,0.012738853503191372,-0.008967521952886415,,,,,0.04124067894807126,0.3656307129798808,0.0,0.025477707006382744,-0.017935266723476673,,,,,0.04124067894807126,0.3656307129798808,0.0,0.025477707006382744,-0.017935266723476673,,,,,0.04124067894807126,0.3656307129798808,0.0,0.025477707006382744,-0.017935266723476673,,-5.016319665346678,1832.159142148848,5269.0859067296105,-12.495445768192383,3.195488721804507,-1.0,-0.24437913790473775,-0.6568413597285172,,-5.016319665346678,1832.159142148848,5269.0859067296105,-12.495445768192383,3.195488721804507,-1.0,-0.24437913790473775,-0.6568413597285172,,,1087896.2542769006,984914.187569727,0.021894951064126644,0.18248175182482562,0.0,0.012738853503191372,-0.008967521952886415,3762427.912617851,1383790.760449047,2.7189283381231166,3.195488721804507,False,False,rising,rising,buy_advantage_weakening,accelerating,neutral,False,False,False,pass,S0,🌱 초발사 준비,발사 구조 관찰 또는 초기 준비,S0,False,,,2026-09-05T11:40:00Z,33964283536-1
KRW-KITE,2026-09-05T20:55:55.372412+09:00,1788609355,180.0,-9.746969313643138,10.0,11984560.74502775,21860859.58193765,0.5482200139526944,92,0.0,complete,1788608557351,1788609568598,1140800.44296921,1460061.73684147,-0.12275209980388098,184.0,189.0,2.717391304347827,-2.1739130434782594,4.761904761904762,179.9999999999999,complete_hourly_ordered,/v1/candles/minutes/60,120,False,27.848101265822777,158.0,2026-09-01T00:00:00,202.0,2026-09-03T02:00:00,D-2,10.89108910891089,49.999999999999964,False,1.2825651302605268,20.475197671216712,12.166809133374079,False,-0.38228679587257675,202.79278620416358,413.9373652149331,0.2656320264755383,0.0,0.0,0.0,0.0,0.0,0.15993293971500133,116.44668114274666,53.30240854108623,0.45272799440374634,1.1235955056179803,-1.0,0.08016032064128709,-0.056687926171061775,-0.1164379351527014,0.15993293971500133,116.44668114274666,53.30240854108623,0.45272799440374634,1.1235955056179803,-1.0,0.08016032064128709,-0.056687926171061775,-0.1164379351527014,0.15993293971500133,116.44668114274666,53.30240854108623,0.45272799440374634,1.1235955056179803,-1.0,0.08016032064128709,-0.056687926171061775,-0.1164379351527014,0.5482200139526944,,679.2098743380831,17.187779747935895,-2.1739130434782594,0.0,-0.6381541177983285,-1.2263956103153397,-0.1163995862498659,0.5482200139526944,,679.2098743380831,17.187779747935895,-2.1739130434782594,0.0,-0.6381541177983285,-1.2263956103153397,-0.1163995862498659,-0.38228679587257675,8026553.39113163,17607255.72637925,0.2656320264755383,0.0,0.0,0.0,0.0,33845420.3269654,9177259.33946132,3.6879659901767616,-2.1739130434782594,False,True,rising,rising,sell_advantage_accelerating,accelerating,neutral,False,False,False,pass,S0,🌱 초발사 준비,발사 구조 관찰 또는 초기 준비,S1,True,발사 구조 관찰 또는 초기 준비,2026-09-05T20:55:55.372412+09:00,2026-09-05T11:40:00Z,33964283536-1
KRW-KMNO,2026-09-05T20:55:55.372412+09:00,1788609355,34.2,,,0.0,0.0,,0,0.0,complete,,,1713284.84629022,3473927.74849245,-0.3394198464071234,34.1,34.3,0.586510263929596,0.2932551319648091,0.29154518950435665,49.99999999999811,complete_hourly_ordered,/v1/candles/minutes/60,120,False,6.8535825545171125,32.1,2026-09-02T19:00:00,34.3,2026-09-05T10:00:00,D0,0.2915451895043608,4.545454545454074,True,,,,True,,,,,0.0,,,,,,,,,0.0,,,,,,,,,0.0,,,,,,,,,0.0,,,,,,,-100.0,,0.588235294117645,,,,,,,-100.0,,0.588235294117645,,,,,,0.0,0.0,,0.0,,,,0,1012742.5820645774,0.0,0.588235294117645,False,False,flat_or_na,flat_or_na,unavailable,flat_or_na,neutral,False,False,False,pass,S0,🌱 초발사 준비,발사 구조 관찰 또는 초기 준비,S0,False,,,2026-09-05T11:40:00Z,33964283536-1
KRW-KNC,2026-09-05T20:55:55.372412+09:00,1788609355,160.0,-80.22358284234393,11.0,0.0,4153929.8164624004,0.0,2,0.0,complete,1788609124930,1788609124930,669067.12022442,1263668.33037388,-0.3076474899683733,159.0,161.0,1.2578616352201255,0.6289308176100628,0.6211180124223602,50.0,complete_hourly_ordered,/v1/candles/minutes/60,120,False,5.228758169934644,153.0,2026-09-02T19:00:00,161.0,2026-09-04T13:00:00,D-1,0.6211180124223614,12.499999999999947,False,-0.12494793835901019,7.720429073067487,12.071320897664767,False,,,,0.17972590915989883,0.0,0.0,0.0,0.0,0.0,0.0,,3145.2576691112504,0.18526401822502692,0.0,0.0,-0.04164931278634043,0.034041386679803054,0.17981215190684274,0.0,,3145.2576691112504,0.18526401822502692,0.0,0.0,-0.04164931278634043,0.034041386679803054,0.17981215190684274,0.0,,3145.2576691112504,0.18526401822502692,0.0,0.0,-0.04164931278634043,0.034041386679803054,0.17981215190684274,,,,-7.144078055404876,0.6289308176100628,0.0,-0.5012021189610194,-0.19020473650198255,2.1783281334422373,,,,-7.144078055404876,0.6289308176100628,0.0,-0.5012021189610194,-0.19020473650198255,2.1783281334422373,,0.0,4153929.8164624004,0.17972590915989883,0.0,0.0,0.0,0.0,4153929.8164624004,762799.7873853999,5.445635781704345,0.6289308176100628,False,False,flat_or_na,rising,sell_only,accelerating,neutral,False,False,False,pass,S0,🌱 초발사 준비,발사 구조 관찰 또는 초기 준비,S0,False,,,2026-09-05T11:40:00Z,33964283536-1
KRW-LA,2026-09-05T20:55:55.372412+09:00,1788609355,94.8,347.7205103900952,9.0,63412984.66045341,72948988.58319743,0.8692784628279209,202,0.0,complete,1788608462189,1788609531443,2795357.63276736,1246840.6476608,0.38308783431141763,92.4,99.8,8.008658008658,2.5974025974025983,5.01002004008016,67.56756756756752,complete_hourly_ordered,/v1/candles/minutes/60,120,False,28.94056847545219,77.4,2026-09-02T03:00:00,99.8,2026-09-05T10:00:00,D0,5.010020040080166,22.32142857142856,False,0.514495712535723,23.883735312306744,,True,0.1288215343980179,128.06310584071818,94.2656053960365,0.718769047933165,1.2820512820512775,-1.0,0.08166598611678566,-0.055963180155572445,,0.7032236489411525,793.0695772881822,70.59953603599244,1.0651941441218469,0.9584664536741228,-1.0,0.07349938750509377,-0.050366472758696545,,0.7032236489411525,793.0695772881822,70.59953603599244,1.0651941441218469,0.9584664536741228,-1.0,0.07349938750509377,-0.050366472758696545,,0.7032236489411525,793.0695772881822,70.59953603599244,1.0651941441218469,0.9584664536741228,-1.0,0.07349938750509377,-0.050366472758696545,,-0.09259960589234262,68.19566500752612,86.11265358887161,-822.8082054700341,3.7199124726476906,0.0,-0.35908266227882013,-1.0921300855694156,,-0.09259960589234262,68.19566500752612,86.11265358887161,-822.8082054700341,3.7199124726476906,0.0,-0.35908266227882013,-1.0921300855694156,,0.1288215343980179,35607967.9626883,35397828.44114288,0.718769047933165,1.2820512820512775,-1.0,0.08166598611678566,-0.055963180155572445,136361973.24365085,139319275.09105706,0.9787732038838606,3.7199124726476906,False,False,rising,rising,sell_advantage_weakening,accelerating,neutral,False,False,False,pass,S0,🌱 초발사 준비,발사 구조 관찰 또는 초기 준비,S1,True,발사 구조 관찰 또는 초기 준비,2026-09-05T20:55:55.372412+09:00,2026-09-05T11:40:00Z,33964283536-1
KRW-LAYER,2026-09-05T20:55:55.372412+09:00,1788609355,94.8,-51.53206898725566,8.0,0.0,4329962.3201873405,0.0,2,0.0,complete,1788608680871,1788608680871,1131999.34703145,1037693.00095737,0.04346530795552486,94.7,96.5,1.9007391763463444,0.10559662090812161,1.7616580310880858,94.4444444444449,complete_hourly_ordered,/v1/candles/minutes/60,120,False,5.349344978165949,91.6,2026-08-31T22:00:00,96.5,2026-09-05T16:00:00,D0,1.761658031088087,34.69387755102037,False,-0.16199464713340106,9.52608903781714,,True,-0.15602451637275705,-100.0,900.4955187974911,0.12589367417928088,-0.10537407797682752,0.0,-0.007043245527527109,0.005660766142261409,,-0.7171551549074042,-100.0,628.9428547720988,0.1805555929659235,-0.5246589716684125,0.0,-0.035216227637691055,0.028302927481664852,,-0.7171551549074042,-100.0,628.9428547720988,0.1805555929659235,-0.5246589716684125,0.0,-0.035216227637691055,0.028302927481664852,,-0.7171551549074042,-100.0,628.9428547720988,0.1805555929659235,-0.5246589716684125,0.0,-0.035216227637691055,0.028302927481664852,,,-100.0,,-18.382358744073812,1.0660980810234477,-2.0,-0.4021924570945634,-0.16498365517291447,,,-100.0,,-18.382358744073812,1.0660980810234477,-2.0,-0.4021924570945634,-0.16498365517291447,,-0.15602451637275705,-67524.567999213,3897180.5396760614,0.12589367417928088,-0.10537407797682752,0.0,-0.007043245527527109,0.005660766142261409,4329962.3201873405,1579503.6617325991,2.7413436417347024,1.0660980810234477,False,True,falling,rising,sell_only,accelerating,neutral,False,False,False,pass,S0,🌱 초발사 준비,발사 구조 관찰 또는 초기 준비,S0,False,,,2026-09-05T11:40:00Z,33964283536-1
KRW-LINEA,2026-09-05T20:55:55.372412+09:00,1788609355,3.54,1.8945452577407762,10.0,271001.2145780148,50000.0000000328,5.42002429155674,4,0.0,complete,1788608914977,1788609410284,21249328.08441982,34589835.23561282,-0.23890951006436387,3.5,3.57,2.0000000000000018,1.1428571428571344,0.8403361344537761,42.85714285714333,complete_hourly_ordered,/v1/candles/minutes/60,120,False,7.100591715976345,3.38,2026-09-02T03:00:00,3.62,2026-09-04T03:00:00,D-1,1.6574585635359185,25.000000000000078,False,0.05791505791505891,9.490963066445474,9.249534802320204,True,5.42002429155674,,-78.71342067749642,0.021312656543548414,-0.28169014084505895,0.0,-0.019305019305027038,0.015486673281978725,0.04288342484870711,,-1.0372374556602448,,0.05588685851884989,-0.5617977528089901,0.0,-0.03861003861003187,0.03097267049663799,0.08550765687257211,,-1.0372374556602448,,0.05588685851884989,-0.5617977528089901,0.0,-0.03861003861003187,0.03097267049663799,0.08550765687257211,,-1.0372374556602448,,0.05588685851884989,-0.5617977528089901,0.0,-0.03861003861003187,0.03097267049663799,0.08550765687257211,,,,-19.481867889007052,2.9069767441860517,-2.0,-0.38851351351352204,-0.684780044858492,0.23018027826919507,,,,-19.481867889007052,2.9069767441860517,-2.0,-0.38851351351352204,-0.684780044858492,0.23018027826919507,5.42002429155674,271001.2145780148,-184889.7830999422,0.021312656543548414,-0.28169014084505895,0.0,-0.019305019305027038,0.015486673281978725,321001.2145780476,1384229.1303348683,0.23189890137653152,2.9069767441860517,False,True,rising,falling,buy_advantage_accelerating,accelerating,leading_buy_inflow,False,False,False,pass,S1,⚡ 선행 시동,가격 미급등 상태에서 선행조건 5개 개선,S0,True,가격 미급등 상태에서 선행조건 5개 개선,2026-09-05T20:55:55.372412+09:00,2026-09-05T11:40:00Z,33964283536-1
KRW-LINK,2026-09-05T20:55:55.372412+09:00,1788609355,16050.0,2.0169150705976246,5.0,21874386.0404442,14858360.3554682,1.4721938031603836,47,0.0,complete,1788608461659,1788609583733,13817.88344655,17675.71461586,-0.12249572632714249,15960.0,16250.0,1.8170426065162948,0.5639097744360999,1.2307692307692308,68.96551724137885,complete_hourly_ordered,/v1/candles/minutes/60,120,False,10.807204803202142,14990.0,2026-09-02T19:00:00,16610.0,2026-09-04T18:00:00,D-1,3.4316676700782645,35.18518518518523,False,-0.18876630731154975,-21.776179844286773,,False,1.2990499833238915,337.8430387181197,-48.5055459072507,0.17969466966840653,0.06234413965087171,0.0,-0.008389613658299488,0.008677654993526573,,0.9451005937353418,206.00077930794149,9.558220192029609,0.37126149312780576,-0.1865671641791078,0.0,-0.02516884097487626,0.026032298830816814,,0.9451005937353418,206.00077930794149,9.558220192029609,0.37126149312780576,-0.1865671641791078,0.0,-0.02516884097487626,0.026032298830816814,,0.9451005937353418,206.00077930794149,9.558220192029609,0.37126149312780576,-0.1865671641791078,0.0,-0.02516884097487626,0.026032298830816814,,0.3524658517742725,32.75785872058072,0.9735843585860549,4.48777635441343,0.5009392611145858,-1.0,-0.7073816465197114,0.2947764592776885,,0.3524658517742725,32.75785872058072,0.9735843585860549,4.48777635441343,0.5009392611145858,-1.0,-0.7073816465197114,0.2947764592776885,,1.2990499833238915,16878443.6350365,-13995932.047954598,0.17969466966840653,0.06234413965087171,0.0,-0.008389613658299488,0.008677654993526573,36732746.3959124,56330830.827264234,0.6520895548043946,0.5009392611145858,False,False,rising,falling,buy_advantage_accelerating,accelerating,leading_buy_inflow,False,False,False,pass,S0,🌱 초발사 준비,발사 구조 관찰 또는 초기 준비,S0,False,,,2026-09-05T11:40:00Z,33964283536-1
KRW-LIT,2026-09-05T20:55:55.372412+09:00,1788609355,6320.0,,,34139898.53572886,42216912.05678784,0.8086782493661726,47,0.0,complete,1788608501187,1788609504069,24772.14752453,16460.57822399,0.20157700345188395,6605.0,6640.0,0.5299015897047621,-4.314912944738836,4.819277108433735,914.2857142857255,complete_hourly_ordered,/v1/candles/minutes/60,120,False,46.74378748928878,4668.0,2026-09-02T11:00:00,6850.0,2026-09-05T01:00:00,D0,7.591240875912408,23.83134738771772,False,,,,True,0.8001326679203535,61997.98502214671,556.2107847514536,,-0.47244094488189115,,,,,0.442616153773266,114.82104444728046,-2.7575654848348785,,-1.3270882123341154,,,,,0.442616153773266,114.82104444728046,-2.7575654848348785,,-1.3270882123341154,,,,,0.442616153773266,114.82104444728046,-2.7575654848348785,,-1.3270882123341154,,,,,-0.40499487087154984,-22.915975105365227,15.68854372883186,,-5.671641791044779,,,,,-0.40499487087154984,-22.915975105365227,15.68854372883186,,-5.671641791044779,,,,,0.8001326679203535,34084921.06983595,35783474.35082604,,-0.47244094488189115,,,,76356810.59251669,49522970.14189787,1.5418463467302541,-5.671641791044779,False,False,rising,rising,sell_advantage_weakening,flat_or_na,neutral,False,False,False,pass,S0,🌱 초발사 준비,발사 구조 관찰 또는 초기 준비,S0,False,,,2026-09-05T11:40:00Z,33964283536-1
KRW-LPT,2026-09-05T20:55:55.372412+09:00,1788609355,1995.0,3535.9459143953823,9.0,0.0,94563.78054375,0.0,2,0.0,complete,1788608660077,1788609049182,17047.46186074,27214.82068432,-0.22970706070635644,1995.0,2059.0,3.2080200501253042,0.0,3.108305002428363,100.0,complete_hourly_ordered,/v1/candles/minutes/60,120,False,36.0601001669449,1797.0,2026-09-02T19:00:00,2445.0,2026-09-04T09:00:00,D-1,18.404907975460127,69.44444444444443,False,0.0765670135384422,19.862884852538514,,True,-0.13047323727201823,-100.0,-93.67138168448751,0.22605054272344205,-0.05010020040080443,0.0,-0.0034803187971998994,0.002507717524455444,,-1.6107848981900033,-100.0,-98.89874594893826,0.6922243225085367,-0.2001000500250094,0.0,-0.0034803187971998994,0.002507717524455444,,-1.6107848981900033,-100.0,-98.89874594893826,0.6922243225085367,-0.2001000500250094,0.0,-0.0034803187971998994,0.002507717524455444,,-1.6107848981900033,-100.0,-98.89874594893826,0.6922243225085367,-0.2001000500250094,0.0,-0.0034803187971998994,0.002507717524455444,,-0.298073135511584,-100.0,-96.54652110648283,602.1721240173524,0.10035122930256435,-1.0,-0.5503812544731757,-0.47594546196090093,,-0.298073135511584,-100.0,-96.54652110648283,602.1721240173524,0.10035122930256435,-1.0,-0.5503812544731757,-0.47594546196090093,,-0.13047323727201823,-194956.33898447,-1399660.95903264,0.22605054272344205,-0.05010020040080443,0.0,-0.0034803187971998994,0.002507717524455444,94563.78054375,3554407.21953393,0.02660465577046336,0.10035122930256435,False,True,falling,falling,sell_only,accelerating,neutral,True,True,False,🔴 1차 급등 완료·상승분 반납 / 신규매수 금지,S3,🔴 1차 급등 완료·반납,당일/5D 급등 후 상승분 상당 부분 반납,S3,False,,,2026-09-05T11:40:00Z,33964283536-1
KRW-LSK,2026-09-05T20:55:55.372412+09:00,1788609355,139.0,-82.35673475937155,12.0,41700.0,0.0,,1,0.0,complete,1788609306547,1788609306547,938976.52157225,3611100.65117122,-0.5872700677706993,139.0,139.0,0.0,0.0,0.0,,complete_hourly_ordered,/v1/candles/minutes/60,120,False,7.575757575757569,132.0,2026-09-03T08:00:00,142.0,2026-09-04T01:00:00,D-1,2.1126760563380254,30.0,False,0.7936507936507908,1.3831594273234693,0.9456794847350249,True,,-90.41463044606782,,0.0,0.0,0.0,0.0,0.0,0.0,,,,0.006446182449209914,0.0,0.0,0.0,0.0,0.0,,,,0.006446182449209914,0.0,0.0,0.0,0.0,0.0,,,,0.006446182449209914,0.0,0.0,0.0,0.0,0.0,,,,10.707133630612944,0.7246376811594235,-1.0,-0.4117736161935337,-1.1797032419221771,-0.7027255935235837,,,,10.707133630612944,0.7246376811594235,-1.0,-0.4117736161935337,-1.1797032419221771,-0.7027255935235837,,-393337.99999963003,0.0,0.0,0.0,0.0,0.0,0.0,41700.0,1794712.4084365896,0.02323492042734898,0.7246376811594235,False,False,falling,flat_or_na,buy_only,flat_or_na,neutral,False,False,False,pass,S0,🌱 초발사 준비,발사 구조 관찰 또는 초기 준비,S1,True,발사 구조 관찰 또는 초기 준비,2026-09-05T20:55:55.372412+09:00,2026-09-05T11:40:00Z,33964283536-1
KRW-MANA,2026-09-05T20:55:55.372412+09:00,1788609355,102.0,-36.5285737729938,11.0,0.0,1915215.31989456,0.0,2,0.0,complete,1788608621513,1788609521015,1476297.95280553,2760741.70032297,-0.3031465014893231,101.0,103.0,1.980198019801982,0.990099009900991,0.9708737864077669,50.0,complete_hourly_ordered,/v1/candles/minutes/60,120,False,8.4710743801653,96.8,2026-08-31T23:00:00,105.0,2026-09-04T08:00:00,D-1,2.857142857142858,36.58536585365869,False,-0.2591009198082639,4.011470249041554,5.857570166241468,False,0.0,,172.46166110030487,0.08322481691234174,0.0,0.0,0.0,0.0,0.0,0.0,,-55.57278504573517,0.1425422215178358,0.0,0.0,0.0,0.0,0.0,0.0,,-55.57278504573517,0.1425422215178358,0.0,0.0,0.0,0.0,0.0,0.0,,-55.57278504573517,0.1425422215178358,0.0,0.0,0.0,0.0,0.0,,,,-28.014297802969114,2.0000000000000018,0.0,-0.4474248369457201,-0.11182465820762744,1.276177740294953,,,,-28.014297802969114,2.0000000000000018,0.0,-0.4474248369457201,-0.11182465820762744,1.276177740294953,0.0,0.0,1212285.1123342798,0.08322481691234174,0.0,0.0,0.0,0.0,1915215.31989456,1935819.63735018,0.989356282445908,2.0000000000000018,False,False,flat_or_na,rising,sell_only,accelerating,neutral,False,False,False,pass,S0,🌱 초발사 준비,발사 구조 관찰 또는 초기 준비,S0,False,,,2026-09-05T11:40:00Z,33964283536-1
KRW-MANTRA,2026-09-05T20:55:55.372412+09:00,1788609355,6.19,-90.98090263250586,5.0,363839.7634617525,61900.00000000001,5.877863706974999,3,0.0,complete,1788609143838,1788609501483,29771424.75409674,12682310.11465071,0.40253501116638557,6.3,6.33,0.4761904761904745,-1.7460317460317398,2.211690363349126,466.6666666666667,complete_hourly_ordered,/v1/candles/minutes/60,120,False,14.789915966386546,5.95,2026-08-31T20:00:00,6.83,2026-09-01T11:00:00,D-4,9.370424597364568,72.72727272727265,False,-0.07544729467556799,38.335675149862396,,True,5.805769027498964,-17.99909839026974,-98.99422153812718,0.013354045685503024,0.16181229773464256,0.0,0.021556369907316242,-0.012277458742886438,,5.877863706974999,,-99.06178454492702,0.02760377177257567,-0.1612903225806428,0.0,-0.010778184953641468,0.0061385762579106995,,5.877863706974999,,-99.06178454492702,0.02760377177257567,-0.1612903225806428,0.0,-0.010778184953641468,0.0061385762579106995,,5.877863706974999,,-99.06178454492702,0.02760377177257567,-0.1612903225806428,0.0,-0.010778184953641468,0.0061385762579106995,,5.846091656743996,38.22019440533197,-99.25286818842464,-13.139908715099125,-0.9599999999999942,0.0,-0.17259755374292585,-0.4781120378515382,,5.846091656743996,38.22019440533197,-99.25286818842464,-13.139908715099125,-0.9599999999999942,0.0,-0.17259755374292585,-0.4781120378515382,,5.805769027498964,-79862.38653824106,-6092536.821478379,0.013354045685503024,0.16181229773464256,0.0,0.021556369907316242,-0.012277458742886438,425739.7634617525,7060729.992769478,0.06029684804513559,-0.9599999999999942,False,False,falling,falling,buy_advantage_accelerating,accelerating,neutral,False,True,False,pass,S0,🌱 초발사 준비,발사 구조 관찰 또는 초기 준비,S0,False,,,2026-09-05T11:40:00Z,33964283536-1
KRW-MASK,2026-09-05T20:55:55.372412+09:00,1788609355,607.0,-64.31947293469649,7.0,2492350.8334978498,0.0,,8,0.0,complete,1788609495475,1788609529515,48189.85230469,30188.46045601,0.22967312276344576,603.0,611.0,1.3266998341625147,0.6633499170812573,0.6546644844517185,50.0,complete_hourly_ordered,/v1/candles/minutes/60,120,False,8.027923211169274,573.0,2026-09-01T01:00:00,619.0,2026-09-02T04:00:00,D-3,1.1308562197092087,15.217391304347691,False,0.13451406792959197,-0.9592427774245904,,True,,,-100.0,0.0033730589582319226,0.0,0.0,0.0,0.0,,,48769.62421967451,-100.0,0.0051484839858062514,0.0,0.0,0.0,0.0,,,48769.62421967451,-100.0,0.0051484839858062514,0.0,0.0,0.0,0.0,,,48769.62421967451,-100.0,0.0051484839858062514,0.0,0.0,0.0,0.0,,,,,21.684314023364593,2.0168067226890685,-1.0,-0.4069410928149164,-0.47163038699645116,,,,,21.684314023364593,2.0168067226890685,-1.0,-0.4069410928149164,-0.47163038699645116,,,2492350.8334978498,-13354.0,0.0033730589582319226,0.0,0.0,0.0,0.0,2492350.8334978498,425684.55642826,5.854924252855487,2.0168067226890685,False,False,rising,falling,buy_only,accelerating,neutral,False,False,False,pass,S0,🌱 초발사 준비,발사 구조 관찰 또는 초기 준비,S0,False,,,2026-09-05T11:40:00Z,33964283536-1
KRW-MBL,2026-09-05T20:55:55.372412+09:00,1788609355,0.935,315.9228649381384,8.0,1138354.735675635,4391508.685965808,0.2592172342305822,7,0.0,complete,1788609174910,1788609657091,64229396.63504917,29898984.25174786,0.36471903648899034,0.927,0.942,1.6181229773462702,0.8629989212513456,0.7430997876857639,46.66666666666657,complete_hourly_ordered,/v1/candles/minutes/60,120,False,27.65957446808509,0.893,2026-09-01T00:00:00,1.14,2026-09-02T09:00:00,D-3,17.982456140350866,82.99595141700402,False,0.014477017734360054,13.857759628423135,,True,-26.566736526896214,132.435823435641,23954.39079088169,0.12726857227664823,0.10706638115631772,0.0,0.007238508867168925,-0.005563236045322384,,0.2457357724247186,20392.434485627702,965.7777969400056,0.17452141233104612,-0.5319148936170137,0.0,-0.03619254433586683,0.027814879625184474,,0.2457357724247186,20392.434485627702,965.7777969400056,0.17452141233104612,-0.5319148936170137,0.0,-0.03619254433586683,0.027814879625184474,,0.2457357724247186,20392.434485627702,965.7777969400056,0.17452141233104612,-0.5319148936170137,0.0,-0.03619254433586683,0.027814879625184474,,-6.50304800737479,30.669399700359932,3308.80552312804,-735.2141155223137,0.32188841201716833,-2.0,-0.21760885403818708,-0.29573293299564085,,-6.50304800737479,30.669399700359932,3308.80552312804,-735.2141155223137,0.32188841201716833,-2.0,-0.21760885403818708,-0.29573293299564085,,-26.566736526896214,648604.6107381021,4373252.107679774,0.12726857227664823,0.10706638115631772,0.0,0.007238508867168925,-0.005563236045322384,5529863.421641443,3005403.4726112364,1.839973724671595,0.32188841201716833,False,True,rising,rising,sell_advantage_accelerating,accelerating,neutral,True,True,False,🔴 1차 급등 완료·상승분 반납 / 신규매수 금지,S3,🔴 1차 급등 완료·반납,당일/5D 급등 후 상승분 상당 부분 반납,S4,True,당일/5D 급등 후 상승분 상당 부분 반납,2026-09-05T20:55:55.372412+09:00,2026-09-05T11:40:00Z,33964283536-1
KRW-ME,2026-09-05T20:55:55.372412+09:00,1788609355,87.0,-47.35729865363349,6.0,620583.9251186019,4134336.6672445135,0.1501048354468466,12,0.0,complete,1788608479515,1788609142024,801761.59446154,968691.11782491,-0.0942863495900938,86.8,87.7,1.0368663594470195,0.23041474654377225,0.7981755986317021,77.77777777777874,complete_hourly_ordered,/v1/candles/minutes/60,120,False,6.529625151148721,82.7,2026-09-02T10:00:00,88.1,2026-09-04T09:00:00,D-1,1.2485811577752526,20.37037037037022,False,-0.7526080476900177,13.749615502922166,,True,-0.07308646949858699,-42.862458171695614,-15.04202723336413,0.2166732625548775,-0.11481056257175437,0.0,-0.00745156482860887,0.005777524631904285,,-1.0372560332767524,-48.00938861690931,311.25668812419633,0.40122267931614886,-0.2293577981651418,0.0,-0.01490312965721774,0.011554955730961325,,-1.0372560332767524,-48.00938861690931,311.25668812419633,0.40122267931614886,-0.2293577981651418,0.0,-0.01490312965721774,0.011554955730961325,,-1.0372560332767524,-48.00938861690931,311.25668812419633,0.40122267931614886,-0.2293577981651418,0.0,-0.01490312965721774,0.011554955730961325,,,,,-16.945043782900246,0.694444444444442,-2.0,-0.5072548878387151,0.06379667778446496,,,,,-16.945043782900246,0.694444444444442,-2.0,-0.5072548878387151,0.06379667778446496,,-0.07308646949858699,-465538.9728237479,-731994.9230828425,0.2166732625548775,-0.11481056257175437,0.0,-0.00745156482860887,0.005777524631904285,4754920.592363115,6696208.306784109,0.710091498728583,0.694444444444442,False,False,falling,falling,sell_advantage_accelerating,accelerating,neutral,False,False,False,pass,S0,🌱 초발사 준비,발사 구조 관찰 또는 초기 준비,S0,False,,,2026-09-05T11:40:00Z,33964283536-1
KRW-MED,2026-09-05T20:55:55.372412+09:00,1788609355,2.01,214.08258945543528,12.0,0.0,0.0,,0,0.0,complete,,,64517381.82335198,68273457.74238132,-0.02828565533069042,2.02,2.04,0.990099009900991,-0.4950495049505066,1.4705882352941297,150.0000000000011,complete_hourly_ordered,/v1/candles/minutes/60,120,False,14.583333333333348,1.92,2026-09-01T01:00:00,2.2,2026-09-02T14:00:00,D-3,8.636363636363653,67.85714285714289,False,0.06668889629877217,13.04599782687434,14.08014952653303,True,,-100.0,-100.0,0.0,0.0,0.0,0.0,0.0,0.0,,-100.0,-100.0,0.06042006922157839,0.0,0.0,0.0,0.0,0.0,,-100.0,-100.0,0.06042006922157839,0.0,0.0,0.0,0.0,0.0,,-100.0,-100.0,0.06042006922157839,0.0,0.0,0.0,0.0,0.0,,,,-37.41862732186675,-0.4950495049505066,-1.0,-0.43599206884867847,-0.4402274724188988,2.275059528515637,,,,-37.41862732186675,-0.4950495049505066,-1.0,-0.43599206884867847,-0.4402274724188988,2.275059528515637,,-5017.999999987799,-6463.584171582,0.0,0.0,0.0,0.0,0.0,0,1236757.4003425827,0.0,-0.4950495049505066,False,False,falling,falling,unavailable,flat_or_na,neutral,False,False,False,pass,S0,🌱 초발사 준비,발사 구조 관찰 또는 초기 준비,S1,True,발사 구조 관찰 또는 초기 준비,2026-09-05T20:55:55.372412+09:00,2026-09-05T11:40:00Z,33964283536-1
KRW-MEGA,2026-09-05T20:55:55.372412+09:00,1788609355,53.0,100.0250723367885,7.0,3980545.2923705475,874692.05554,4.550796211259879,24,0.0,complete,1788608460860,1788609685151,2024555.81836194,1836107.00570154,0.04881255402201926,52.9,53.2,0.5671077504725952,0.1890359168241984,0.37593984962406546,66.66666666666666,complete_hourly_ordered,/v1/candles/minutes/60,120,False,13.400000000000013,50.0,2026-09-03T02:00:00,56.7,2026-09-03T18:00:00,D-2,6.349206349206349,53.73134328358209,True,-0.642530581984424,30.402042671052055,,False,4.492062504125252,7438.911538580583,-2.7009336684260865,0.21609828424604416,0.37878787878788955,0.0,0.024712714691710325,-0.01580512069486062,,2.8174378266140687,147.1377114329258,-5.867412121308102,0.499212606440679,0.5692599620493288,0.0,0.03706907203757659,-0.02370793754950995,,2.8174378266140687,147.1377114329258,-5.867412121308102,0.499212606440679,0.5692599620493288,0.0,0.03706907203757659,-0.02370793754950995,,2.8174378266140687,147.1377114329258,-5.867412121308102,0.499212606440679,0.5692599620493288,0.0,0.03706907203757659,-0.02370793754950995,,,,,5.1572291089397595,-0.18832391713747842,-2.0,-0.7662164199559784,-0.48376309202157586,,,,,5.1572291089397595,-0.18832391713747842,-2.0,-0.7662164199559784,-0.48376309202157586,,4.492062504125252,3927745.2923705475,-24280.656653600046,0.21609828424604416,0.37878787878788955,0.0,0.024712714691710325,-0.01580512069486062,4855237.347910548,9067420.638063386,0.5354595911795624,-0.18832391713747842,False,False,rising,falling,buy_advantage_accelerating,accelerating,leading_buy_inflow,False,False,False,pass,S0,🌱 초발사 준비,발사 구조 관찰 또는 초기 준비,S0,False,,,2026-09-05T11:40:00Z,33964283536-1
KRW-MET2,2026-09-05T20:55:55.372412+09:00,1788609355,258.0,-45.01708572632782,2.0,0.0,248423.56129415997,0.0,4,0.0,complete,1788609139872,1788609139872,357846.17424501,470176.93227515,-0.13566138087887408,254.0,260.0,2.3622047244094446,1.5748031496062964,0.7692307692307693,33.33333333333333,complete_hourly_ordered,/v1/candles/minutes/60,120,False,8.108108108108114,259.0,2026-09-02T19:00:00,280.0,2026-09-03T23:00:00,D-2,7.857142857142863,104.76190476190477,True,-0.9046624913013113,-23.956330927423753,,False,-0.06102909050101369,-100.0,-84.8389359955721,0.12392589839128476,-0.38610038610038533,0.0,-0.02319647413593362,0.024519210397222935,,,,,0.1304932959172902,0.0,0.0,0.0,0.0,,,,,0.1304932959172902,0.0,0.0,0.0,0.0,,,,,0.1304932959172902,0.0,0.0,0.0,0.0,,0.0,,-93.14915822689107,-4.47159785500736,2.7888446215139417,-2.0,0.015300710170640386,1.017379048280631,,0.0,,-93.14915822689107,-4.47159785500736,2.7888446215139417,-2.0,0.015300710170640386,1.017379048280631,,-0.06102909050101369,-100000.00000249,-1390139.28113963,0.12392589839128476,-0.38610038610038533,0.0,-0.02319647413593362,0.024519210397222935,248423.56129415997,2210763.8000000003,0.11237001496684537,2.7888446215139417,False,False,falling,falling,sell_only,accelerating,neutral,False,False,False,pass,S0,🌱 초발사 준비,발사 구조 관찰 또는 초기 준비,S0,False,,,2026-09-05T11:40:00Z,33964283536-1
KRW-META,2026-09-05T20:55:55.372412+09:00,1788609355,10.4,-74.8008809162834,8.0,249376.31184398403,0.0,,3,0.0,complete,1788609138352,1788609138352,4370237.50224939,32185735.17452081,-0.760901588318207,10.4,10.4,0.0,0.0,0.0,,complete_hourly_ordered,/v1/candles/minutes/60,120,False,6.639839034205242,9.94,2026-08-31T08:00:00,10.6,2026-09-04T13:00:00,D-1,1.8867924528301772,30.30303030303012,False,0.19486846378695688,12.319345166195356,,False,,-75.18646132252468,-100.0,0.01409899969958417,0.0,0.0,0.0,0.0,,,,,0.2775650308937401,0.0,0.0,0.0,0.0,,,,,0.2775650308937401,0.0,0.0,0.0,0.0,,,,,0.2775650308937401,0.0,0.0,0.0,0.0,,,,,1.335592645718549,0.9708737864077666,-3.0,-0.3935591269289773,-0.46904551460506205,,,,,1.335592645718549,0.9708737864077666,-3.0,-0.3935591269289773,-0.46904551460506205,,,-755624.688155896,-3655059.1854990683,0.01409899969958417,0.0,0.0,0.0,0.0,249376.31184398403,296435.199999952,0.8412506741575374,0.9708737864077666,False,False,falling,falling,buy_only,accelerating,neutral,False,False,False,pass,S0,🌱 초발사 준비,발사 구조 관찰 또는 초기 준비,S0,False,,,2026-09-05T11:40:00Z,33964283536-1
KRW-META2,2026-09-05T20:55:55.372412+09:00,1788609355,7745.0,,,19400978.416142605,6952103.5205549,2.7906630502236918,35,0.0,complete,1788608470584,1788609242763,7376.2142904,10742.04759447,-0.1857702093864038,7870.0,8580.0,9.021601016518431,-1.5883100381194448,9.73193473193473,117.60563380281694,complete_hourly_ordered,/v1/candles/minutes/60,120,False,29.936753338018264,7115.0,2026-09-02T14:00:00,9245.0,2026-09-04T14:00:00,D-1,16.22498647917794,70.42253521126757,True,,,,True,2.302117351972202,38.497480827269534,-75.75402430923823,,0.5844155844155763,,,,,2.5913922229953146,1480.9093941421866,12.886836237206921,,1.1757021554539504,,,,,2.5913922229953146,1480.9093941421866,12.886836237206921,,1.1757021554539504,,,,,2.5913922229953146,1480.9093941421866,12.886836237206921,,1.1757021554539504,,,,,2.434459728532845,518.9431747632656,-20.99740784868992,,0.8463541666666741,,,,,2.434459728532845,518.9431747632656,-20.99740784868992,,0.8463541666666741,,,,,2.302117351972202,5392796.967456905,-21721122.953081302,,0.5844155844155763,,,,26353081.936697505,8591718.541705474,3.0672655079162268,0.8463541666666741,False,False,rising,falling,buy_advantage_accelerating,flat_or_na,neutral,True,True,False,🔴 1차 급등 완료·상승분 반납 / 신규매수 금지,S3,🔴 1차 급등 완료·반납,당일/5D 급등 후 상승분 상당 부분 반납,S3,False,,,2026-09-05T11:40:00Z,33964283536-1
KRW-MEW,2026-09-05T20:55:55.372412+09:00,1788609355,0.58,-30.77202446211259,11.0,2992194.9584734947,7727257.872751514,0.3872259743038751,100,0.0,complete,1788608664324,1788609649619,64602602.60560482,74915129.86277512,-0.07391553084126787,0.572,0.582,1.7482517482517501,1.3986013986013957,0.34364261168384913,20.000000000000252,complete_hourly_ordered,/v1/candles/minutes/60,120,False,10.275229357798143,0.545,2026-09-02T10:00:00,0.601,2026-09-04T01:00:00,D-1,4.825291181364399,51.785714285714334,False,-0.27573529411764053,3.069557084828084,2.614050892957671,False,-2.5292566887963894,-15.730150310358548,534.6980108546013,0.8681486488070433,0.17271157167531026,0.0,0.03446691176469674,-0.02944341771253134,-0.03837564689662987,,30.723846377958665,,1.107936246734944,0.17271157167531026,0.0,0.011488970588224845,-0.009814198569009225,-0.012748688056544832,,30.723846377958665,,1.107936246734944,0.17271157167531026,0.0,0.011488970588224845,-0.009814198569009225,-0.012748688056544832,,30.723846377958665,,1.107936246734944,0.17271157167531026,0.0,0.011488970588224845,-0.009814198569009225,-0.012748688056544832,,52584.7571812374,,-0.15444106315206696,2.1126760563380254,-1.0,-0.714534370330111,-0.33161458410604316,0.35448399182835066,,52584.7571812374,,-0.15444106315206696,2.1126760563380254,-1.0,-0.714534370330111,-0.33161458410604316,0.35448399182835066,-2.5292566887963894,-558535.1893711844,6509787.872751514,0.8681486488070433,0.17271157167531026,0.0,0.03446691176469674,-0.02944341771253134,10719452.83122501,2288943.4799999953,4.68314439604469,2.1126760563380254,False,True,falling,rising,sell_advantage_accelerating,accelerating,neutral,False,False,False,pass,S1,⚡ 선행 시동,가격 미급등 상태에서 선행조건 3개 개선,S0,True,가격 미급등 상태에서 선행조건 3개 개선,2026-09-05T20:55:55.372412+09:00,2026-09-05T11:40:00Z,33964283536-1
KRW-MINA,2026-09-05T20:55:55.372412+09:00,1788609355,102.0,-74.50982421573387,9.0,1648160.0229992,14562116.087491577,0.11318135448837138,27,0.0,complete,1788608501365,1788609671771,403776.86494552,3307959.3992439,-0.7824323517588617,101.0,104.0,2.970297029702973,0.990099009900991,1.9230769230769231,66.66666666666666,complete_hourly_ordered,/v1/candles/minutes/60,120,False,23.39930151338765,85.9,2026-08-31T22:00:00,106.0,2026-09-04T17:00:00,D-1,3.7735849056603765,19.900497512437795,False,1.911697769685916,-25.328855303666376,,True,0.11318135448837138,,13364.739794259433,0.08875969441888287,-0.9708737864077666,0.0,-0.07586102260661587,0.07866784178267494,,-1.4500006646057975,2.069052361209467,1309.7066436275666,0.10840157587718124,-1.9230769230769273,1.0,-0.15172204521318733,0.15731734008683063,,-1.4500006646057975,2.069052361209467,1309.7066436275666,0.10840157587718124,-1.9230769230769273,1.0,-0.15172204521318733,0.15731734008683063,,-1.4500006646057975,2.069052361209467,1309.7066436275666,0.10840157587718124,-1.9230769230769273,1.0,-0.15172204521318733,0.15731734008683063,,,43.480782140183784,,-2.361028375129493,0.0,1.0,-1.0060741136032059,-2.2074208157584962,,,43.480782140183784,,-2.361028375129493,0.0,1.0,-1.0060741136032059,-2.2074208157584962,,0.11318135448837138,1648160.0229992,14453966.087491577,0.08875969441888287,-0.9708737864077666,0.0,-0.07586102260661587,0.07866784178267494,16210276.110490777,7007825.217767226,2.3131678668857494,0.0,False,False,rising,rising,sell_advantage_weakening,accelerating,leading_buy_inflow,False,False,False,pass,S0,🌱 초발사 준비,발사 구조 관찰 또는 초기 준비,S0,False,,,2026-09-05T11:40:00Z,33964283536-1
KRW-MIRA,2026-09-05T20:55:55.372412+09:00,1788609355,64.0,67.30022250908834,8.0,10252935.51366477,5309574.441297985,1.9310277362187855,40,0.0,complete,1788608530477,1788609597983,2099893.1747952,2502751.79889441,-0.08752763387184892,63.3,64.8,2.369668246445489,1.1058451816745807,1.2345679012345634,53.33333333333252,complete_hourly_ordered,/v1/candles/minutes/60,120,False,16.37931034482758,58.0,2026-09-02T03:00:00,67.5,2026-09-02T21:00:00,D-3,5.0370370370370505,35.78947368421054,False,0.35567411359340717,22.25259940154565,,True,1.3507697801595984,-1.9005970413784157,-70.52193607386539,0.09810214576309306,-0.31152647975077885,0.0,-0.022229632099590724,0.015547694480599006,,-0.6461172067573153,-26.082510409025083,-1.3498972987893154,0.2566903703948924,0.15649452269170805,0.0,0.011114816049806464,-0.007774098265997509,,-0.6461172067573153,-26.082510409025083,-1.3498972987893154,0.2566903703948924,0.15649452269170805,0.0,0.011114816049806464,-0.007774098265997509,,-0.6461172067573153,-26.082510409025083,-1.3498972987893154,0.2566903703948924,0.15649452269170805,0.0,0.011114816049806464,-0.007774098265997509,,-1.7444761221412157,-35.05477896342133,23.616251607761775,-354.1286366025091,3.2258064516129004,-2.0,-0.2714957822515851,-0.8983403636734089,,-1.7444761221412157,-35.05477896342133,23.616251607761775,-354.1286366025091,3.2258064516129004,-2.0,-0.2714957822515851,-0.8983403636734089,,1.3507697801595984,-198642.38022870012,-12702376.596607976,0.09810214576309306,-0.31152647975077885,0.0,-0.022229632099590724,0.015547694480599006,15562509.954962756,28280615.648559865,0.5502889381319125,3.2258064516129004,False,False,falling,falling,buy_advantage_accelerating,accelerating,neutral,False,True,False,pass,S0,🌱 초발사 준비,발사 구조 관찰 또는 초기 준비,S0,False,,,2026-09-05T11:40:00Z,33964283536-1
KRW-MLK,2026-09-05T20:55:55.372412+09:00,1788609355,49.5,-95.00466836322346,10.0,551392.801297965,8966.4993,61.49476878874736,3,0.0,complete,1788608727495,1788609655040,2038507.7224851,1564910.43747839,0.13143001005786917,48.8,49.9,2.254098360655732,1.434426229508201,0.8016032064128228,36.363636363636004,complete_hourly_ordered,/v1/candles/minutes/60,120,False,6.553911205074003,47.3,2026-08-31T23:00:00,50.4,2026-09-04T13:00:00,D-1,1.7857142857142794,29.032258064516085,False,0.19151846785225857,11.656589720006638,13.302040630335535,False,61.42899799764488,175.6964006492582,-99.7051331238093,0.009460365542011573,0.2024291497975783,0.0,0.013679890560869268,-0.010730324624098841,-0.04493182147410835,47.366131639571044,-30.678780962417296,-84.07320866779489,0.009825729631785407,0.2024291497975783,0.0,0.013679890560869268,-0.010730324624098841,-0.04493182147410835,47.366131639571044,-30.678780962417296,-84.07320866779489,0.009825729631785407,0.2024291497975783,0.0,0.013679890560869268,-0.010730324624098841,-0.04493182147410835,47.366131639571044,-30.678780962417296,-84.07320866779489,0.009825729631785407,0.2024291497975783,0.0,0.013679890560869268,-0.010730324624098841,-0.04493182147410835,61.46202933025862,8289.8216628584,-95.53330757283385,-1.1419060630336162,2.0618556701030855,-1.0,-0.2345398059245607,-0.6072072391840724,0.3494623232746612,61.46202933025862,8289.8216628584,-95.53330757283385,-1.1419060630336162,2.0618556701030855,-1.0,-0.2345398059245607,-0.6072072391840724,0.3494623232746612,61.42899799764488,351392.801298165,-3031897.030654848,0.009460365542011573,0.2024291497975783,0.0,0.013679890560869268,-0.010730324624098841,560359.300597965,1773989.1597076561,0.3158752676314602,2.0618556701030855,False,False,rising,falling,buy_advantage_accelerating,accelerating,leading_buy_inflow,False,False,False,pass,S1,⚡ 선행 시동,가격 미급등 상태에서 선행조건 6개 개선,S0,True,가격 미급등 상태에서 선행조건 6개 개선,2026-09-05T20:55:55.372412+09:00,2026-09-05T11:40:00Z,33964283536-1
KRW-MMT,2026-09-05T20:55:55.372412+09:00,1788609355,228.0,-48.9288669996497,3.0,9999.99999936,1440096.15208756,0.006943980778550116,15,0.0,complete,1788608509221,1788609695360,1308750.44802049,2396908.00697712,-0.29364755877301485,226.0,231.0,2.212389380530966,0.8849557522123908,1.2987012987012987,59.9999999999998,complete_hourly_ordered,/v1/candles/minutes/60,120,False,8.878504672897192,214.0,2026-08-31T22:00:00,233.0,2026-09-04T09:00:00,D-1,2.5751072961373356,31.578947368420945,False,-0.9059029807130359,1.1154042429102622,,False,-1.2559422226028545,-97.91271495786849,279.6098471895053,0.025449327331770633,0.0,0.0,0.0,0.0,,-0.6834638838377104,-99.83479817427535,-83.57474719953356,0.15010679158109497,0.0,0.0,0.0,0.0,,-0.6834638838377104,-99.83479817427535,-83.57474719953356,0.15010679158109497,0.0,0.0,0.0,0.0,,-0.6834638838377104,-99.83479817427535,-83.57474719953356,0.15010679158109497,0.0,0.0,0.0,0.0,,,,,-9.546738027127496,2.2421524663677195,0.0,-0.23788090694016883,0.8965858621662797,,,,,-9.546738027127496,2.2421524663677195,0.0,-0.23788090694016883,0.8965858621662797,,-1.2559422226028545,-469091.24999820004,1060733.9825470399,0.025449327331770633,0.0,0.0,0.0,0.0,1450096.1520869199,9425226.07827288,0.15385266518218543,2.2421524663677195,False,False,falling,rising,sell_advantage_accelerating,accelerating,neutral,False,False,False,pass,S0,🌱 초발사 준비,발사 구조 관찰 또는 초기 준비,S0,False,,,2026-09-05T11:40:00Z,33964283536-1
KRW-MNT,2026-09-05T20:55:55.372412+09:00,1788609355,785.0,-79.70046239199146,12.0,30185.8385375,123378.9614589,0.24465952850118217,5,0.0,complete,1788608674428,1788609205475,385650.57082891,370298.0478151,0.020308950416959185,788.0,788.0,0.0,-0.3807106598984755,0.3807106598984772,,complete_hourly_ordered,/v1/candles/minutes/60,120,False,10.20408163265305,735.0,2026-09-02T03:00:00,810.0,2026-09-04T20:00:00,D-1,3.0864197530864224,33.33333333333319,False,0.6764786543559831,1.3923087254331388,1.1375932091128271,True,,,,0.0018091311447108183,0.12755102040815647,0.0,0.009141603437257118,-0.007850205476678696,-0.007883481301452111,-22.80982969310466,-99.77804530487131,-79.08500781524022,0.16897896652226052,0.12755102040815647,0.0,0.009141603437257118,-0.007850205476678696,-0.007883481301452111,-22.80982969310466,-99.77804530487131,-79.08500781524022,0.16897896652226052,0.12755102040815647,0.0,0.009141603437257118,-0.007850205476678696,-0.007883481301452111,-22.80982969310466,-99.77804530487131,-79.08500781524022,0.16897896652226052,0.12755102040815647,0.0,0.009141603437257118,-0.007850205476678696,-0.007883481301452111,0.24465952850118217,,-98.79150247692719,-7.499717065055137,0.25542784163474774,0.0,0.013617302855339908,-0.9456320110070346,-0.5615434776320103,0.24465952850118217,,-98.79150247692719,-7.499717065055137,0.25542784163474774,0.0,0.013617302855339908,-0.9456320110070346,-0.5615434776320103,,30185.8385375,123378.9614589,0.0018091311447108183,0.12755102040815647,0.0,0.009141603437257118,-0.007850205476678696,153564.7999964,3683269.98907586,0.0416925179125763,0.25542784163474774,False,False,rising,rising,sell_advantage_weakening,accelerating,neutral,False,False,False,pass,S1,⚡ 선행 시동,가격 미급등 상태에서 선행조건 5개 개선,S1,False,,,2026-09-05T11:40:00Z,33964283536-1
KRW-MOC,2026-09-05T20:55:55.372412+09:00,1788609355,24.3,3204.388063982852,9.0,73096.968679857,649630.2772611271,0.11252087724118615,7,0.0,complete,1788608593662,1788608958407,7244231.21940326,10076669.52276335,-0.1635271944296004,24.5,24.5,0.0,-0.8163265306122436,0.816326530612242,,complete_hourly_ordered,/v1/candles/minutes/60,120,False,42.19409282700424,23.7,2026-09-01T08:00:00,33.7,2026-09-02T15:00:00,D-3,27.893175074183986,93.99999999999997,False,0.11004126547453641,16.212404662541378,,True,,-98.09680193829148,,0.07693729501215785,0.0,0.0,0.0,0.0,,,-90.25352610271536,,0.5198997418160616,-0.4098360655737654,0.0,-0.027510316368650756,0.020612801607747144,,,-90.25352610271536,,0.5198997418160616,-0.4098360655737654,0.0,-0.027510316368650756,0.020612801607747144,,,-90.25352610271536,,0.5198997418160616,-0.4098360655737654,0.0,-0.027510316368650756,0.020612801607747144,,,,,366.361884719769,-0.4098360655737654,-1.0,-0.554778679123813,-0.5225230189708725,,,,,366.361884719769,-0.4098360655737654,-1.0,-0.554778679123813,-0.5225230189708725,,,-3767647.2055884297,649630.2772611271,0.07693729501215785,0.0,0.0,0.0,0.0,722727.2459409841,7263090.376541743,0.09950685017981345,-0.4098360655737654,False,True,falling,rising,sell_advantage_weakening,accelerating,neutral,True,True,False,🔴 1차 급등 완료·상승분 반납 / 신규매수 금지,S3,🔴 1차 급등 완료·반납,당일/5D 급등 후 상승분 상당 부분 반납,S3,False,,,2026-09-05T11:40:00Z,33964283536-1
KRW-MOCA,2026-09-05T20:55:55.372412+09:00,1788609355,12.1,-59.681725139532645,7.0,0.0,1000000.000000078,0.0,1,0.0,complete,1788608906472,1788608906472,12147315.19782474,31691355.61089617,-0.4458173583397857,12.0,12.3,2.5000000000000133,0.8333333333333304,1.62601626016261,66.66666666666697,complete_hourly_ordered,/v1/candles/minutes/60,120,False,8.695652173913038,11.5,2026-09-01T22:00:00,12.5,2026-09-04T08:00:00,D-1,3.200000000000003,40.00000000000005,True,0.16997167138810276,15.492621138794286,,False,,,,0.10703087950653156,-0.8196721311475419,0.0,-0.05665722379601945,0.04274660181257239,,,,,0.10703087950653156,-0.8196721311475419,0.0,-0.05665722379601945,0.04274660181257239,,,,,0.10703087950653156,-0.8196721311475419,0.0,-0.05665722379601945,0.04274660181257239,,,,,0.10703087950653156,-0.8196721311475419,0.0,-0.05665722379601945,0.04274660181257239,,,,,-27.503768709137418,0.8333333333333304,-3.0,-0.4001537562059676,-0.6521289949035047,,,,,-27.503768709137418,0.8333333333333304,-3.0,-0.4001537562059676,-0.6521289949035047,,,0.0,1000000.000000078,0.10703087950653156,-0.8196721311475419,0.0,-0.05665722379601945,0.04274660181257239,1000000.000000078,1043979.100193215,0.9578735817747717,0.8333333333333304,False,False,flat_or_na,rising,sell_only,accelerating,neutral,False,False,False,pass,S0,🌱 초발사 준비,발사 구조 관찰 또는 초기 준비,S0,False,,,2026-09-05T11:40:00Z,33964283536-1
KRW-MON,2026-09-05T20:55:55.372412+09:00,1788609355,34.2,8.932477843655251,6.0,6939542.505759121,0.0,,13,0.0,complete,1788608535111,1788609655085,4361171.47064663,6452711.72295828,-0.19341250639257324,34.2,35.2,2.923976608187129,0.0,2.840909090909091,100.0,complete_hourly_ordered,/v1/candles/minutes/60,120,False,12.979351032448383,33.9,2026-09-03T09:00:00,38.3,2026-09-04T19:00:00,D-1,10.704960835509125,93.181818181818,False,-0.9052924791086103,-11.158305870865382,,True,,-62.91194368884199,-100.0,0.5321444247929232,0.2932551319648091,0.0,0.017409470752094425,-0.01681578200684619,,,-91.01055475962205,-100.0,2.2919294027111903,-0.8695652173912993,0.0,-0.05222841225626107,0.050442420483967965,,,-91.01055475962205,-100.0,2.2919294027111903,-0.8695652173912993,0.0,-0.05222841225626107,0.050442420483967965,,,-91.01055475962205,-100.0,2.2919294027111903,-0.8695652173912993,0.0,-0.05222841225626107,0.050442420483967965,,,144.23581174408935,-100.0,6.980330039348637,1.4836795252225476,0.0,-0.3852716782765664,0.4899602640502376,,,144.23581174408935,-100.0,6.980330039348637,1.4836795252225476,0.0,-0.3852716782765664,0.4899602640502376,,,-11771447.489344362,-35555768.9411753,0.5321444247929232,0.2932551319648091,0.0,0.017409470752094425,-0.01681578200684619,6939542.505759121,8874838.277335268,0.7819345309628298,1.4836795252225476,False,False,falling,falling,buy_only,accelerating,neutral,False,False,False,pass,S0,🌱 초발사 준비,발사 구조 관찰 또는 초기 준비,S0,False,,,2026-09-05T11:40:00Z,33964283536-1
KRW-MOODENG,2026-09-05T20:55:55.372412+09:00,1788609355,57.5,101.42072024900072,11.0,0.0,493226.10832075,0.0,2,0.0,complete,1788608962685,1788608962685,660939.61711757,2593099.36686149,-0.5937727726240275,57.1,59.0,3.327495621716281,0.7005253940455258,2.5423728813559325,78.94736842105284,complete_hourly_ordered,/v1/candles/minutes/60,120,False,11.742424242424242,52.8,2026-09-02T10:00:00,59.0,2026-09-05T19:00:00,D0,2.5423728813559365,24.193548387096705,False,-1.1056651088567127,6.047972277871031,,False,-0.43253811723437346,-100.0,-84.19200642128585,0.745974491566983,-0.8620689655172376,-2.0,-0.05699304684828599,0.04778278395513791,,-0.12312458263102258,-100.0,-74.16481048394496,1.1250035845208117,-1.0327022375215211,-2.0,-0.06839165621794763,0.05733856465265674,,-0.12312458263102258,-100.0,-74.16481048394496,1.1250035845208117,-1.0327022375215211,-2.0,-0.06839165621794763,0.05733856465265674,,-0.12312458263102258,-100.0,-74.16481048394496,1.1250035845208117,-1.0327022375215211,-2.0,-0.06839165621794763,0.05733856465265674,,,,,40.252227306860796,2.131438721136769,-1.0,-0.7192575625446285,0.46152301909549376,,,,,40.252227306860796,2.131438721136769,-1.0,-0.7192575625446285,0.46152301909549376,,-0.43253811723437346,-1349564.6439985961,-2626879.589247925,0.745974491566983,-0.8620689655172376,-2.0,-0.05699304684828599,0.04778278395513791,493226.10832075,4464009.022870138,0.1104894962787575,2.131438721136769,False,False,falling,falling,sell_only,accelerating,neutral,False,False,False,pass,S0,🌱 초발사 준비,발사 구조 관찰 또는 초기 준비,S1,True,발사 구조 관찰 또는 초기 준비,2026-09-05T20:55:55.372412+09:00,2026-09-05T11:40:00Z,33964283536-1
KRW-MORPHO,2026-09-05T20:55:55.372412+09:00,1788609355,3457.0,,,3090333.88714788,10810286.18713084,0.2858697571602483,16,0.0,complete,1788608462277,1788609681781,22560.30302556,7708.75750247,0.49065102332254584,3490.0,3526.0,1.0315186246418362,-0.9455587392550147,1.9568916619398753,191.6666666666665,complete_hourly_ordered,/v1/candles/minutes/60,120,False,7.825322391559197,3412.0,2026-09-01T07:00:00,3679.0,2026-09-02T12:00:00,D-3,6.224517531938023,85.76779026217241,False,,,,True,-6.19147484485037,518.3569695269236,13910.965057893933,,-0.05782017924255145,,,,,-261.0786604990259,-79.56697835969614,18581.46933688697,,-0.4320276497695841,,,,,-261.0786604990259,-79.56697835969614,18581.46933688697,,-0.4320276497695841,,,,,-261.0786604990259,-79.56697835969614,18581.46933688697,,-0.4320276497695841,,,,,-0.7170212518018796,56780.800573576,199449.7671543818,,-0.37463976945244504,,,,,-0.7170212518018796,56780.800573576,199449.7671543818,,-0.37463976945244504,,,,,-6.19147484485037,2590568.5348608103,10733130.28714492,,-0.05782017924255145,,,,13900620.07427872,10822565.52546835,1.2844108027405237,-0.37463976945244504,False,False,rising,rising,sell_advantage_accelerating,flat_or_na,neutral,False,False,False,pass,S0,🌱 초발사 준비,발사 구조 관찰 또는 초기 준비,S0,False,,,2026-09-05T11:40:00Z,33964283536-1
KRW-MOVE,2026-09-05T20:55:55.372412+09:00,1788609355,12.4,-22.591047463727143,11.0,419781.709145424,0.0,,3,0.0,complete,1788609027754,1788609273204,32410058.77846396,38126832.90624514,-0.08104658415250891,12.6,12.7,0.7936507936507908,-1.5873015873015817,2.3622047244094406,300.0,complete_hourly_ordered,/v1/candles/minutes/60,120,False,21.62162162162162,11.1,2026-08-31T21:00:00,13.5,2026-09-04T07:00:00,D-1,8.148148148148149,45.83333333333327,False,1.3023782559456576,28.15838085294353,14.579731917584,True,,-31.84206222039515,,0.010454889681810187,0.0,0.0,0.0,0.0,0.0,,-67.4357133786845,-100.0,0.12858818100880498,0.0,0.0,0.0,0.0,0.0,,-67.4357133786845,-100.0,0.12858818100880498,0.0,0.0,0.0,0.0,0.0,,-67.4357133786845,-100.0,0.12858818100880498,0.0,0.0,0.0,0.0,0.0,,,-100.0,27.881476298768106,-0.8000000000000007,2.0,-0.7844475721368926,-1.47113808950688,,,,-100.0,27.881476298768106,-0.8000000000000007,2.0,-0.7844475721368926,-1.47113808950688,,,-196113.84582695196,0.0,0.010454889681810187,0.0,0.0,0.0,0.0,419781.709145424,23664753.394025728,0.01773868935610374,-0.8000000000000007,False,False,falling,flat_or_na,buy_only,accelerating,neutral,False,False,False,pass,S0,🌱 초발사 준비,발사 구조 관찰 또는 초기 준비,S1,True,발사 구조 관찰 또는 초기 준비,2026-09-05T20:55:55.372412+09:00,2026-09-05T11:40:00Z,33964283536-1
KRW-MTL,2026-09-05T20:55:55.372412+09:00,1788609355,331.0,-46.6614844049948,10.0,10030.3030293,0.0,,1,0.0,complete,1788608613206,1788608613206,196262.67696168,241262.23084718,-0.10285026768158033,322.0,332.0,3.105590062111796,2.795031055900621,0.30120481927710846,9.999999999999858,complete_hourly_ordered,/v1/candles/minutes/60,120,False,6.070287539936103,313.0,2026-09-03T05:00:00,332.0,2026-09-05T19:00:00,D0,0.3012048192771122,5.263157894736727,False,0.3316062176165868,8.543900250318796,7.881497776988503,True,,0.30303023502482596,-100.0,0.11011907684189737,0.3030303030302939,0.0,0.0,0.0,0.0,,,,0.21127062252836026,-0.3012048192771122,0.0,-0.02072538860102835,0.016731855863470813,0.039641902577328914,,,,0.21127062252836026,-0.3012048192771122,0.0,-0.02072538860102835,0.016731855863470813,0.039641902577328914,,,,0.21127062252836026,-0.3012048192771122,0.0,-0.02072538860102835,0.016731855863470813,0.039641902577328914,,,-100.0,34.56872820697446,3.4375000000000044,-1.0,-0.29430657186808595,-0.6659449188656232,0.768924629639808,,,-100.0,34.56872820697446,3.4375000000000044,-1.0,-0.29430657186808595,-0.6659449188656232,0.768924629639808,,30.303023519998533,-2198934.4983936,0.11011907684189737,0.3030303030302939,0.0,0.0,0.0,10030.3030293,1169757.83750556,0.008574683329918125,3.4375000000000044,False,False,rising,falling,buy_only,accelerating,neutral,False,False,False,pass,S1,⚡ 선행 시동,가격 미급등 상태에서 선행조건 4개 개선,S1,False,,,2026-09-05T11:40:00Z,33964283536-1
KRW-MVL,2026-09-05T20:55:55.372412+09:00,1788609355,1.25,333.17744464506507,12.0,1110000.0,0.0,,8,0.0,complete,1788608650417,1788609212343,72982221.06813172,207407281.6407091,-0.4794225863447023,1.25,1.25,0.0,0.0,0.0,,complete_hourly_ordered,/v1/candles/minutes/60,120,False,13.333333333333353,1.2,2026-08-31T13:00:00,1.36,2026-09-01T18:00:00,D-4,8.088235294117652,68.74999999999999,False,0.3814713896457711,13.363513434064325,11.423364157667452,False,,2675.0,,0.3011027424108761,0.0,0.0,0.0,0.0,0.0,,,,0.3119532916869616,0.0,0.0,0.0,0.0,0.0,,,,0.3119532916869616,0.0,0.0,0.0,0.0,0.0,,,,0.3119532916869616,0.0,0.0,0.0,0.0,0.0,,,,28.806849987285943,-0.7936507936507908,-1.0,-0.6086276202552199,-0.6411704066850898,1.171995156163815,,,,28.806849987285943,-0.7936507936507908,-1.0,-0.6086276202552199,-0.6411704066850898,1.171995156163815,,1070000.0,0.0,0.3011027424108761,0.0,0.0,0.0,0.0,1110000.0,249685.97999998802,4.445584009162442,-0.7936507936507908,False,True,rising,flat_or_na,buy_only,accelerating,neutral,False,False,False,pass,S0,🌱 초발사 준비,발사 구조 관찰 또는 초기 준비,S0,False,,,2026-09-05T11:40:00Z,33964283536-1
KRW-NCT,2026-09-05T20:55:55.372412+09:00,1788609355,15.7,,,4296959.827433084,302346.73870736395,14.212026383363888,9,0.0,complete,1788608459995,1788609438325,21724458.85507053,24431212.60295412,-0.058644011935677094,15.6,16.0,2.564102564102577,0.6410256410256387,1.8750000000000044,75.00000000000021,complete_hourly_ordered,/v1/candles/minutes/60,120,False,9.27152317880795,15.1,2026-09-02T20:00:00,16.5,2026-09-04T05:00:00,D-1,4.8484848484848575,57.142857142857174,False,,,,False,14.178592317055767,1721.2084773020567,-95.71557191433973,,0.0,,,,,-87.39459693714548,737.4288076171924,5887.064132733728,,-0.6329113924050778,,,,,-87.39459693714548,737.4288076171924,5887.064132733728,,-0.6329113924050778,,,,,-87.39459693714548,737.4288076171924,5887.064132733728,,-0.6329113924050778,,,,,14.212026383363888,,-83.98247834777686,,0.6410256410256387,,,,,14.212026383363888,,-83.98247834777686,,0.6410256410256387,,,,,14.178592317055767,4061019.797448235,-6754528.36019559,,0.0,,,,4599306.566140448,6255958.107542606,0.7351881977270937,0.6410256410256387,False,False,rising,falling,buy_advantage_accelerating,flat_or_na,neutral,False,True,False,pass,S0,🌱 초발사 준비,발사 구조 관찰 또는 초기 준비,S0,False,,,2026-09-05T11:40:00Z,33964283536-1
KRW-NEAR,2026-09-05T20:55:55.372412+09:00,1788609355,3103.0,115.50501894491903,14.0,136045882.57293206,85657055.68151404,1.5882624203051217,374,0.0,complete,1788608461025,1788609507221,47598.90319461,85376.7977141,-0.2840962240569436,2977.0,3129.0,5.105811219348344,4.232448773933495,0.8309364014062002,17.105263157894754,complete_hourly_ordered,/v1/candles/minutes/60,120,False,24.562101910828016,2512.0,2026-09-02T19:00:00,3129.0,2026-09-05T15:00:00,D0,0.3835091083413178,1.9448946515396859,False,1.0282840980515573,4.940283104509739,6.4131967383944835,True,0.8846960620073254,64.49042827758522,-27.134250537847173,0.6427123512546018,1.1737854581023832,1.0,0.07793840351979497,-0.06462598855010349,-0.19476726860602955,0.540607165269277,295.0348250784035,160.57426349988705,1.875063495193757,0.6487187804086858,1.0,0.06285355122563896,-0.0521168079561658,-0.15655047880639295,0.540607165269277,295.0348250784035,160.57426349988705,1.875063495193757,0.6487187804086858,1.0,0.06285355122563896,-0.0521168079561658,-0.15655047880639295,0.540607165269277,295.0348250784035,160.57426349988705,1.875063495193757,0.6487187804086858,1.0,0.06285355122563896,-0.0521168079561658,-0.15655047880639295,-1.1002706216527383,-41.389838111243336,-0.7875809325327277,61.757888491455766,11.90046880634692,1.0,0.16678641746838974,-1.1815364791448486,-3.779340655513516,-1.1002706216527383,-41.389838111243336,-0.7875809325327277,61.757888491455766,11.90046880634692,1.0,0.16678641746838974,-1.1815364791448486,-3.779340655513516,0.8846960620073254,53338405.91456485,-31897565.404219985,0.6427123512546018,1.1737854581023832,1.0,0.07793840351979497,-0.06462598855010349,221702938.2544461,75235220.02172822,2.94679723393402,11.90046880634692,False,False,rising,falling,buy_advantage_accelerating,accelerating,neutral,False,False,False,pass,S2,🚀 발사 진행,가격 상승 초입과 실제 매수수급·구조 동반,S0,True,가격 상승 초입과 실제 매수수급·구조 동반,2026-09-05T20:55:55.372412+09:00,2026-09-05T11:40:00Z,33964283536-1
KRW-NEO,2026-09-05T20:55:55.372412+09:00,1788609355,2910.0,-52.86985333800198,10.0,19999.999989300002,3197152.07767476,0.006255567299709339,8,0.0,complete,1788608588649,1788609004517,17292.57072485,11092.16008234,0.21844176309536828,2864.0,2944.0,2.7932960893854775,1.60614525139664,1.154891304347826,42.50000000000034,complete_hourly_ordered,/v1/candles/minutes/60,120,False,7.288629737609331,2744.0,2026-09-02T19:00:00,2944.0,2026-09-05T15:00:00,D0,1.154891304347827,16.99999999999996,False,-0.10495094684006556,8.875644204178581,10.454517082055135,False,-0.15031474089650332,-61.49593676193985,863.7164399573568,0.12383859518605789,0.20661157024792765,0.0,0.015970796258268916,-0.012909370130310904,-0.04714301461444137,0.003324520074454499,292.15686407931565,83.74517182122317,0.14386490114471684,-0.2741603838245399,0.0,-0.018252338580881933,0.014752990147254508,0.05352575678752025,0.003324520074454499,292.15686407931565,83.74517182122317,0.14386490114471684,-0.2741603838245399,0.0,-0.018252338580881933,0.014752990147254508,0.05352575678752025,0.003324520074454499,292.15686407931565,83.74517182122317,0.14386490114471684,-0.2741603838245399,0.0,-0.018252338580881933,0.014752990147254508,0.05352575678752025,,,,11.975932567884435,2.5008805917576593,0.0,-0.4968381933165178,-0.343420289639365,1.660668659035892,,,,11.975932567884435,2.5008805917576593,0.0,-0.4968381933165178,-0.343420289639365,1.660668659035892,-0.15031474089650332,-31942.5699822,2865399.71306674,0.12383859518605789,0.20661157024792765,0.0,0.015970796258268916,-0.012909370130310904,3217152.07766406,2921836.6585658453,1.1010718440513945,2.5008805917576593,False,True,falling,rising,sell_advantage_accelerating,accelerating,neutral,False,False,False,pass,S1,⚡ 선행 시동,가격 미급등 상태에서 선행조건 3개 개선,S1,False,,,2026-09-05T11:40:00Z,33964283536-1
KRW-NEWT,2026-09-05T20:55:55.372412+09:00,1788609355,59.9,2.9833317380925317,5.0,570197.760368906,0.0,,4,0.0,complete,1788608964381,1788609377581,2165089.18038594,497691.88908508,0.6261863997824275,58.7,60.3,2.72572402044291,2.044293015332199,0.663349917081258,24.99999999999939,complete_hourly_ordered,/v1/candles/minutes/60,120,False,10.439560439560424,54.6,2026-09-02T19:00:00,60.3,2026-09-05T18:00:00,D0,0.6633499170812573,7.017543859649108,False,-0.023150827642082206,24.038609529253975,,False,,,-100.0,0.3974471945546121,0.3350083752093669,0.0,-0.011575413821041103,0.007959704599997508,,,5114.231276639831,-100.0,0.41595441100235053,0.3350083752093669,0.0,0.023150827642093308,-0.01591993424645821,,,5114.231276639831,-100.0,0.41595441100235053,0.3350083752093669,0.0,0.023150827642093308,-0.01591993424645821,,,5114.231276639831,-100.0,0.41595441100235053,0.3350083752093669,0.0,0.023150827642093308,-0.01591993424645821,,,,,-99.46035378307647,3.275862068965507,-2.0,-0.267081597766361,-0.5523422587618434,,,,,-99.46035378307647,3.275862068965507,-2.0,-0.267081597766361,-0.5523422587618434,,,570197.760368906,-438556.2,0.3974471945546121,0.3350083752093669,0.0,-0.011575413821041103,0.007959704599997508,570197.760368906,1200610.9756523494,0.47492299498519097,3.275862068965507,False,False,rising,falling,buy_only,accelerating,neutral,False,False,False,pass,S0,🌱 초발사 준비,발사 구조 관찰 또는 초기 준비,S0,False,,,2026-09-05T11:40:00Z,33964283536-1
KRW-NXPC,2026-09-05T20:55:55.372412+09:00,1788609355,285.0,-7.36181123247005,5.0,1995.0,0.0,,1,0.0,complete,1788608605836,1788608605836,298090.69033402,199550.87319553,0.19801363945485376,285.0,287.0,0.7017543859649145,0.0,0.6968641114982579,100.0,complete_hourly_ordered,/v1/candles/minutes/60,120,False,6.691449814126393,269.0,2026-09-03T06:00:00,287.0,2026-09-04T20:00:00,D-1,0.6968641114982632,11.111111111111148,False,-0.5125815470642947,31.267605633802813,,False,,,-100.0,0.10042552945168737,0.35211267605634866,0.0,0.0,0.0,,,-99.7509177435738,-100.0,0.3445990167828876,0.0,0.0,0.0,0.0,,,-99.7509177435738,-100.0,0.3445990167828876,0.0,0.0,0.0,0.0,,,-99.7509177435738,-100.0,0.3445990167828876,0.0,0.0,0.0,0.0,,,,,-15.46546366287108,0.35211267605634866,0.0,-0.30327922148288833,0.040519587524137535,,,,,-15.46546366287108,0.35211267605634866,0.0,-0.30327922148288833,0.040519587524137535,,,1995.0,-1000000.00000188,0.10042552945168737,0.35211267605634866,0.0,0.0,0.0,1995.0,1386757.870789795,0.001438607302703676,0.35211267605634866,False,False,rising,falling,buy_only,accelerating,neutral,False,False,False,pass,S0,🌱 초발사 준비,발사 구조 관찰 또는 초기 준비,S0,False,,,2026-09-05T11:40:00Z,33964283536-1
KRW-O,2026-09-05T20:55:55.372412+09:00,1788609355,736.0,,,10033.2442705,0.0,,2,0.0,complete,1788608902706,1788609128809,105592.16987814,68652.66034171,0.21199773611545492,756.0,762.0,0.7936507936507908,-2.645502645502651,3.4120734908136483,433.3333333333352,complete_hourly_ordered,/v1/candles/minutes/60,120,False,14.10614525139664,716.0,2026-09-03T18:00:00,817.0,2026-09-04T02:00:00,D-1,9.914320685434518,80.19801980198015,False,,,,True,,-89.19998168187134,-100.0,,-0.27100271002710175,,,,,,-98.39516704100882,-100.0,,-0.27100271002710175,,,,,,-98.39516704100882,-100.0,,-0.27100271002710175,,,,,,-98.39516704100882,-100.0,,-0.27100271002710175,,,,,,-99.75971068598666,-100.0,,-1.9973368841544659,,,,,,-99.75971068598666,-100.0,,-1.9973368841544659,,,,,,-82867.00807128,-766398.30084788,,-0.27100271002710175,,,,10033.2442705,6962536.45219299,0.0014410329251978032,-1.9973368841544659,False,False,falling,falling,buy_only,flat_or_na,neutral,False,True,False,pass,S0,🌱 초발사 준비,발사 구조 관찰 또는 초기 준비,S0,False,,,2026-09-05T11:40:00Z,33964283536-1
KRW-ONDO,2026-09-05T20:55:55.372412+09:00,1788609355,506.0,-7.806405991571075,7.0,18713095.83690076,58209453.38673593,0.32147863874572774,62,0.0,complete,1788608467158,1788609625859,4802066.86502,4022051.46647368,0.08839584525543022,489.0,515.0,5.316973415132931,3.476482617586907,1.7475728155339807,34.61538461538479,complete_hourly_ordered,/v1/candles/minutes/60,120,False,11.23110151187905,463.0,2026-09-02T10:00:00,515.0,2026-09-05T13:00:00,D0,1.9417475728155331,19.230769230769162,False,-0.5452127659574368,5.353075170842812,,True,-0.009658018548695857,15.393300070450412,18.860002047365043,0.17503364571460622,0.5964214711729587,0.0,0.0,0.0,,-0.0038750067428512946,32.324377962936765,33.9193761838156,0.3561893259240163,0.5964214711729587,0.0,0.0,0.0,,-0.0038750067428512946,32.324377962936765,33.9193761838156,0.3561893259240163,0.5964214711729587,0.0,0.0,0.0,,-0.0038750067428512946,32.324377962936765,33.9193761838156,0.3561893259240163,0.5964214711729587,0.0,0.0,0.0,,-2.6109293560167335,-92.4434565868695,-31.07203513151623,0.5099374584964016,3.901437371663241,0.0,-0.4920354195070309,0.25485031877180475,,-2.6109293560167335,-92.4434565868695,-31.07203513151623,0.5099374584964016,3.901437371663241,0.0,-0.4920354195070309,0.25485031877180475,,-0.009658018548695857,2496300.0389853176,9236331.744402632,0.17503364571460622,0.5964214711729587,0.0,0.0,0.0,76922549.22363669,210816324.29744077,0.3648794725929604,3.901437371663241,False,False,rising,rising,sell_advantage_accelerating,accelerating,neutral,False,False,False,pass,S0,🌱 초발사 준비,발사 구조 관찰 또는 초기 준비,S0,False,,,2026-09-05T11:40:00Z,33964283536-1
KRW-ONG,2026-09-05T20:55:55.372412+09:00,1788609355,131.0,-66.20151569736939,6.0,14202556.230602285,41794.2533723,339.8207907696545,27,0.0,complete,1788608556334,1788609405757,5051567.30133342,10350506.57682319,-0.34404063487870834,133.0,135.0,1.5037593984962516,-1.5037593984962405,2.9629629629629632,199.99999999999926,complete_hourly_ordered,/v1/candles/minutes/60,120,False,36.36363636363635,121.0,2026-09-01T09:00:00,165.0,2026-09-01T19:00:00,D-4,20.606060606060606,77.27272727272728,False,0.46720239207627134,-68.71506188337291,,True,327.4980792201154,-52.579026195410115,-98.28040250195194,0.009423748545145827,0.0,0.0,0.0,0.0,,339.68469687824256,13.4501773224742,-99.95456465133219,0.035525577063879155,1.5503875968992276,1.0,0.09344047841528536,-0.12384692643492201,,339.68469687824256,13.4501773224742,-99.95456465133219,0.035525577063879155,1.5503875968992276,1.0,0.09344047841528536,-0.12384692643492201,,339.68469687824256,13.4501773224742,-99.95456465133219,0.035525577063879155,1.5503875968992276,1.0,0.09344047841528536,-0.12384692643492201,,334.70940700548044,0.946646320925848,-98.48162012723243,7.056670477235386,-2.238805970149249,0.0,-0.7146071947630839,-0.3883804056779496,,334.70940700548044,0.946646320925848,-98.48162012723243,7.056670477235386,-2.238805970149249,0.0,-0.7146071947630839,-0.3883804056779496,,327.4980792201154,-15747390.15625917,-2388672.95885273,0.009423748545145827,0.0,0.0,0.0,0.0,14244350.483974585,75757682.23132834,0.18802516212783593,-2.238805970149249,False,False,falling,falling,buy_advantage_accelerating,accelerating,neutral,True,True,False,🔴 1차 급등 완료·상승분 반납 / 신규매수 금지,S3,🔴 1차 급등 완료·반납,당일/5D 급등 후 상승분 상당 부분 반납,S4,True,당일/5D 급등 후 상승분 상당 부분 반납,2026-09-05T20:55:55.372412+09:00,2026-09-05T11:40:00Z,33964283536-1
KRW-ONT,2026-09-05T20:55:55.372412+09:00,1788609355,76.8,-65.74605976461012,8.0,173291.27428351896,13772811.248916978,0.012582128016685458,23,0.0,complete,1788608946827,1788609702180,1445680.70438434,1797676.66316159,-0.10852826836149296,77.5,78.3,1.0322580645161228,-0.903225806451613,1.9157088122605366,187.50000000000054,complete_hourly_ordered,/v1/candles/minutes/60,120,False,20.396600566572243,70.6,2026-09-01T09:00:00,85.0,2026-09-01T21:00:00,D-4,9.999999999999998,59.02777777777774,False,0.7125044531528513,-8.454419028437153,,False,-0.03057529168556472,-6.460395813080133,220.8461995716299,0.020422879081209544,-0.13003901170351995,0.0,-0.008906305664413416,0.008290621137884813,,-1.5804950916303617,-7.2414124497877985,11644.562808208266,0.07448494873678158,-0.2597402597402598,0.0,-0.017812611328826833,0.016581043493220093,,-1.5804950916303617,-7.2414124497877985,11644.562808208266,0.07448494873678158,-0.2597402597402598,0.0,-0.017812611328826833,0.016581043493220093,,-1.5804950916303617,-7.2414124497877985,11644.562808208266,0.07448494873678158,-0.2597402597402598,0.0,-0.017812611328826833,0.016581043493220093,,-0.14025376797478864,-88.01507411601821,45.58164433239516,11.727722872680431,-1.0309278350515427,-1.0,-0.3223196267535533,-1.0081577095218535,,-0.14025376797478864,-88.01507411601821,45.58164433239516,11.727722872680431,-1.0309278350515427,-1.0,-0.3223196267535533,-1.0081577095218535,,-0.03057529168556472,-11968.515716481052,9480159.109884191,0.020422879081209544,-0.13003901170351995,0.0,-0.008906305664413416,0.008290621137884813,13946102.523200497,11835079.417941144,1.1783699991112178,-1.0309278350515427,False,False,falling,rising,sell_advantage_accelerating,accelerating,neutral,False,True,False,pass,S0,🌱 초발사 준비,발사 구조 관찰 또는 초기 준비,S0,False,,,2026-09-05T11:40:00Z,33964283536-1
KRW-OP,2026-09-05T20:55:55.372412+09:00,1788609355,138.0,78.68156022593263,9.0,0.0,238849.02142416,0.0,1,0.0,complete,1788608656241,1788608656241,1259438.95477239,1806768.00710121,-0.17850362325000257,135.0,141.0,4.444444444444451,2.2222222222222143,2.127659574468085,50.00000000000024,complete_hourly_ordered,/v1/candles/minutes/60,120,False,21.00840336134453,119.0,2026-08-31T22:00:00,144.0,2026-09-04T03:00:00,D-1,4.1666666666666625,23.999999999999925,False,-0.4383828543594648,11.202823784957912,,True,,-100.0,,0.007866465632048403,-0.7194244604316502,0.0,-0.048709206039931896,0.03861874586148062,,-0.3374553352866349,-100.0,-96.80038261000556,0.1834068706831289,0.0,0.0,0.0,0.0,,-0.3374553352866349,-100.0,-96.80038261000556,0.1834068706831289,0.0,0.0,0.0,0.0,,-0.3374553352866349,-100.0,-96.80038261000556,0.1834068706831289,0.0,0.0,0.0,0.0,,,,,-92.0328904861953,3.759398496240607,-3.0,-0.34101187091253315,-0.20092169510036584,,,,,-92.0328904861953,3.759398496240607,-3.0,-0.34101187091253315,-0.20092169510036584,,,-2296800.71014346,238849.02142416,0.007866465632048403,-0.7194244604316502,0.0,-0.048709206039931896,0.03861874586148062,238849.02142416,5410070.36859016,0.04414896760139609,3.759398496240607,False,False,falling,rising,sell_only,accelerating,neutral,False,False,False,pass,S0,🌱 초발사 준비,발사 구조 관찰 또는 초기 준비,S0,False,,,2026-09-05T11:40:00Z,33964283536-1
KRW-OPEN,2026-09-05T20:55:55.372412+09:00,1788609355,171.0,40.84228737895399,3.0,2817302.5777068003,198830.4093576,14.169374728992445,14,0.0,complete,1788608778995,1788609578047,1185395.51858231,2718676.23390493,-0.39273886663219854,166.0,177.0,6.626506024096379,3.0120481927710774,3.389830508474576,54.54545454545461,complete_hourly_ordered,/v1/candles/minutes/60,120,False,12.73885350318471,157.0,2026-09-03T06:00:00,177.0,2026-09-05T16:00:00,D0,3.3898305084745783,30.0,False,-2.305665349143615,24.099545774422623,,False,14.162886299543892,18678.26153567228,-91.40107256170207,0.007061402611618917,0.588235294117645,0.0,0.0329380764163445,-0.0231630320774876,,13.778560898993984,118.33046453048621,-93.97809948000648,0.1600396419387593,0.0,0.0,0.0,0.0,,13.778560898993984,118.33046453048621,-93.97809948000648,0.1600396419387593,0.0,0.0,0.0,0.0,,13.778560898993984,118.33046453048621,-93.97809948000648,0.1600396419387593,0.0,0.0,0.0,0.0,,,-36.91289060557467,,-224.87812857140085,1.7857142857142794,-1.0,-0.5910098978333611,1.4171000150537907,,,-36.91289060557467,,-224.87812857140085,1.7857142857142794,-1.0,-0.5910098978333611,1.4171000150537907,,14.162886299543892,2802299.5777094103,-2113439.4729541,0.007061402611618917,0.588235294117645,0.0,0.0329380764163445,-0.0231630320774876,3016132.9870644,6876512.577748805,0.438613752678077,1.7857142857142794,False,False,rising,falling,buy_advantage_accelerating,accelerating,neutral,False,False,False,pass,S0,🌱 초발사 준비,발사 구조 관찰 또는 초기 준비,S0,False,,,2026-09-05T11:40:00Z,33964283536-1
KRW-OPG,2026-09-05T20:55:55.372412+09:00,1788609355,141.0,,,0.0,1456487.21861472,0.0,7,0.0,complete,1788608821536,1788609524569,946833.9929923,1712758.59135588,-0.28798568730830437,138.0,143.0,3.6231884057970953,2.1739130434782705,1.3986013986013985,39.99999999999963,complete_hourly_ordered,/v1/candles/minutes/60,120,False,11.71875,128.0,2026-08-31T21:00:00,143.0,2026-09-05T10:00:00,D0,1.3986013986013957,13.333333333333334,True,,,,False,,-100.0,,,0.0,,,,,-105.88302938192858,-100.0,7278.354704228572,,0.7142857142857117,,,,,-105.88302938192858,-100.0,7278.354704228572,,0.7142857142857117,,,,,-105.88302938192858,-100.0,7278.354704228572,,0.7142857142857117,,,,,,,,,2.9197080291970767,,,,,,,,,2.9197080291970767,,,,,,-1033981.00000137,1456487.21861472,,0.0,,,,1456487.21861472,2199999.99999762,0.662039644825589,2.9197080291970767,False,False,falling,rising,sell_only,flat_or_na,neutral,False,True,False,pass,S0,🌱 초발사 준비,발사 구조 관찰 또는 초기 준비,S0,False,,,2026-09-05T11:40:00Z,33964283536-1
KRW-ORBS,2026-09-05T20:55:55.372412+09:00,1788609355,8.39,-95.25154542767788,10.0,0.0,999999.9999999701,0.0,7,0.0,complete,1788609188711,1788609196037,4838185.02010258,6685491.36491313,-0.1603052952105294,8.38,8.43,0.5966587112171684,0.11933174224343368,0.47449584816131846,80.0,complete_hourly_ordered,/v1/candles/minutes/60,120,False,5.1724137931034475,8.12,2026-09-02T20:00:00,8.54,2026-09-04T08:00:00,D-1,1.7564402810304247,35.7142857142852,True,0.18383822236431868,10.10301144870497,11.35808481011617,True,0.0,,107.19712473234182,0.006768875800560181,0.3588516746411585,0.0,0.023978898569265716,-0.0190994014088961,-0.07055138217251411,,-100.0,,0.010000547957957906,-0.11904761904761862,0.0,-0.007992966189740436,0.006366238828857007,0.023381826139534212,,-100.0,,0.010000547957957906,-0.11904761904761862,0.0,-0.007992966189740436,0.006366238828857007,0.023381826139534212,,-100.0,,0.010000547957957906,-0.11904761904761862,0.0,-0.007992966189740436,0.006366238828857007,0.023381826139534212,0.0,,165.7185080774351,-2.64252001583273,1.0843373493975905,0.0,-0.3063972513960289,-0.5707395000828104,0.7659994331463391,0.0,,165.7185080774351,-2.64252001583273,1.0843373493975905,0.0,-0.3063972513960289,-0.5707395000828104,0.7659994331463391,0.0,0.0,517367.819996616,0.006768875800560181,0.3588516746411585,0.0,0.023978898569265716,-0.0190994014088961,999999.9999999701,1103737.3274874885,0.906012667231557,1.0843373493975905,False,False,flat_or_na,rising,sell_only,accelerating,neutral,False,False,False,pass,S1,⚡ 선행 시동,가격 미급등 상태에서 선행조건 4개 개선,S0,True,가격 미급등 상태에서 선행조건 4개 개선,2026-09-05T20:55:55.372412+09:00,2026-09-05T11:40:00Z,33964283536-1
KRW-ORCA,2026-09-05T20:55:55.372412+09:00,1788609355,1737.0,-85.33008463681962,11.0,0.0,0.0,,0,0.0,complete,,,21701.64120157,21305.47460327,0.00921165232511169,1728.0,1764.0,2.083333333333326,0.5208333333333259,1.530612244897959,75.00000000000027,complete_hourly_ordered,/v1/candles/minutes/60,120,False,7.272727272727275,1650.0,2026-09-02T10:00:00,1770.0,2026-09-04T04:00:00,D-1,1.8644067796610209,27.500000000000014,True,0.0381825124093238,1.7447801914476697,2.1101689708332696,False,,-100.0,-100.0,0.0,0.0,0.0,0.0,0.0,0.0,,,,0.20350905253866358,-0.79954311821816,0.0,-0.053455517373035555,0.046051425557240844,0.078328283199943,,,,0.20350905253866358,-0.79954311821816,0.0,-0.053455517373035555,0.046051425557240844,0.078328283199943,,,,0.20350905253866358,-0.79954311821816,0.0,-0.053455517373035555,0.046051425557240844,0.078328283199943,,-100.0,-100.0,-9.20398443553107,1.697892271662771,0.0,-0.4070466270702289,-0.4051543757611502,-0.0487544747440638,,-100.0,-100.0,-9.20398443553107,1.697892271662771,0.0,-0.4070466270702289,-0.4051543757611502,-0.0487544747440638,,-5238.0,-16044272.69451247,0.0,0.0,0.0,0.0,0.0,0,2225636.62257344,0.0,1.697892271662771,False,False,falling,falling,unavailable,flat_or_na,neutral,False,True,False,pass,S0,🌱 초발사 준비,발사 구조 관찰 또는 초기 준비,S0,False,,,2026-09-05T11:40:00Z,33964283536-1
KRW-ORDER,2026-09-05T20:55:55.372412+09:00,1788609355,47.2,14.947647967809786,7.0,4999999.999999977,2773311.84195299,1.8028985865790463,2,0.0,complete,1788608467495,1788609182010,714022.95946501,1899291.20068203,-0.45354984842324886,47.1,47.6,1.0615711252653925,0.2123142250530785,0.8403361344537785,80.0,complete_hourly_ordered,/v1/candles/minutes/60,120,False,15.753424657534264,43.8,2026-09-02T03:00:00,50.7,2026-09-02T19:00:00,D-3,6.903353057199213,50.724637681159365,True,0.3836505828537673,17.695274102079395,,True,-11.267748592075042,644.2571251219089,5295.7124183708875,0.14565500380212626,-0.21141649048624922,0.0,-0.014755791648224381,0.010853450595856629,,1.0458477039216785,2644.705365965658,1052.5227405505054,0.16080708104884245,-0.6315789473684164,-1.0,-0.044267374944673143,0.032559367020116525,,1.0458477039216785,2644.705365965658,1052.5227405505054,0.16080708104884245,-0.6315789473684164,-1.0,-0.044267374944673143,0.032559367020116525,,1.0458477039216785,2644.705365965658,1052.5227405505054,0.16080708104884245,-0.6315789473684164,-1.0,-0.044267374944673143,0.032559367020116525,,-3.231799938948927,86.544289188538,420.9357113676001,-33.95240590141108,1.9438444924406273,-2.0,-0.21079138474915382,-0.9294366243354268,,-3.231799938948927,86.544289188538,420.9357113676001,-33.95240590141108,1.9438444924406273,-2.0,-0.21079138474915382,-0.9294366243354268,,-11.267748592075042,4328189.165917471,2721913.405066127,0.14565500380212626,-0.21141649048624922,0.0,-0.014755791648224381,0.010853450595856629,7773311.8419529665,2730642.2658151845,2.84669725480587,1.9438444924406273,False,False,rising,rising,buy_advantage_weakening,accelerating,neutral,False,True,False,pass,S0,🌱 초발사 준비,발사 구조 관찰 또는 초기 준비,S4,True,발사 구조 관찰 또는 초기 준비,2026-09-05T20:55:55.372412+09:00,2026-09-05T11:40:00Z,33964283536-1
KRW-PENDLE,2026-09-05T20:55:55.372412+09:00,1788609355,2623.0,66.05709155699483,9.0,35026.707361400004,660901.24386345,0.052998398303267434,8,0.0,complete,1788608582369,1788609396937,20825.03483649,20591.37700653,0.005641672456938728,2642.0,2672.0,1.1355034065102299,-0.7191521574564708,1.8338323353293413,163.33333333333263,complete_hourly_ordered,/v1/candles/minutes/60,120,False,15.225643188528037,2371.0,2026-08-31T22:00:00,2732.0,2026-09-04T09:00:00,D-1,4.026354319180092,30.47091412742371,False,0.9634225996080881,-10.79362827629717,,True,-0.804354743715166,-84.21516233630804,155.35073889927088,0.03789965794835837,0.26758409785931914,0.0,0.019050729370784225,-0.01801079877126277,,0.052998398303267434,,-60.60027945745608,0.2204213659443326,0.03813882532417434,0.0,0.002721532767235857,-0.00257291362125045,,0.052998398303267434,,-60.60027945745608,0.2204213659443326,0.03813882532417434,0.0,0.002721532767235857,-0.00257291362125045,,0.052998398303267434,,-60.60027945745608,0.2204213659443326,0.03813882532417434,0.0,0.002721532767235857,-0.00257291362125045,,-16.52538891820138,-98.89433485964332,245.86224350218225,-60.83281519365127,-0.03810975609755962,-2.0,-0.5117970257855875,-1.2627545072596433,,-16.52538891820138,-98.89433485964332,245.86224350218225,-60.83281519365127,-0.03810975609755962,-2.0,-0.5117970257855875,-1.2627545072596433,,-0.804354743715166,-186874.25929832,402080.27991701005,0.03789965794835837,0.26758409785931914,0.0,0.019050729370784225,-0.01801079877126277,695927.95122485,4189881.140636265,0.16609730153804989,-0.03810975609755962,False,True,falling,rising,sell_advantage_accelerating,accelerating,neutral,False,False,False,pass,S0,🌱 초발사 준비,발사 구조 관찰 또는 초기 준비,S0,False,,,2026-09-05T11:40:00Z,33964283536-1
KRW-PENGU,2026-09-05T20:55:55.372412+09:00,1788609355,11.8,5.931028072055433,7.0,4649266.329691659,125872.63010828999,36.93627697849667,5,0.0,complete,1788608713727,1788609111529,77913314.08939254,105673325.58622497,-0.15120932299802473,11.4,11.9,4.385964912280693,3.5087719298245723,0.8403361344537785,19.999999999999595,complete_hourly_ordered,/v1/candles/minutes/60,120,False,10.71428571428572,11.2,2026-09-02T19:00:00,12.4,2026-09-04T00:00:00,D-1,4.8387096774193505,50.0,True,-0.2676659528908054,-18.260372777262013,,False,36.700943150174744,786.439271351329,-94.35218802849428,0.07051129969830594,0.8547008547008739,1.0,0.053533190578169965,-0.05409902054666915,,36.74429426435229,2855.6495697387754,-84.63749806759154,0.44359470845634075,0.0,0.0,0.0,0.0,,36.74429426435229,2855.6495697387754,-84.63749806759154,0.44359470845634075,0.0,0.0,0.0,0.0,,36.74429426435229,2855.6495697387754,-84.63749806759154,0.44359470845634075,0.0,0.0,0.0,0.0,,,-46.47552479008742,,6.403143755278817,4.424778761061954,0.0,-1.0340735521999544,-0.07431043996963993,,,-46.47552479008742,,6.403143755278817,4.424778761061954,0.0,-1.0340735521999544,-0.07431043996963993,,36.700943150174744,4124778.4736195668,-2102824.6201426224,0.07051129969830594,0.8547008547008739,1.0,0.053533190578169965,-0.05409902054666915,4775138.959799949,38701483.28691046,0.1233838745765847,4.424778761061954,False,False,rising,falling,buy_advantage_accelerating,accelerating,neutral,False,False,False,pass,S0,🌱 초발사 준비,발사 구조 관찰 또는 초기 준비,S0,False,,,2026-09-05T11:40:00Z,33964283536-1
KRW-PEPE,2026-09-05T20:55:55.372412+09:00,1788609355,0.00483,18.36425968676183,7.0,3533608.0,17988912.930283964,0.1964325478529191,19,0.0,complete,1788608617369,1788609380356,82725678869.63272,60249254078.87311,0.15720535290514717,0.00483,0.00484,0.20703933747410197,0.0,0.20661157024792548,100.0,complete_hourly_ordered,/v1/candles/minutes/60,120,False,14.686825053995678,0.00463,2026-09-02T19:00:00,0.00531,2026-09-04T03:00:00,D-1,9.039548022598865,70.58823529411762,True,-1.0556127703398532,-13.90885513153022,,False,-0.10098996196466567,304.3314260671661,512.2064232912339,0.22911926017266282,0.4158004158004269,0.0,0.025746652935110248,-0.025421139904002743,,-138.74461846090014,-68.40945145087754,22244.688114744564,0.5246069012274646,-0.20661157024792765,0.0,0.0,0.0,,-138.74461846090014,-68.40945145087754,22244.688114744564,0.5246069012274646,-0.20661157024792765,0.0,0.0,0.0,,-138.74461846090014,-68.40945145087754,22244.688114744564,0.5246069012274646,-0.20661157024792765,0.0,0.0,0.0,,-2579.8405083467337,-72.63816510168661,359283.1347194336,-19.525367755889267,-0.6172839506172756,-2.0,-1.6250446326408818,0.9278524198219316,,-2579.8405083467337,-72.63816510168661,359283.1347194336,-19.525367755889267,-0.6172839506172756,-2.0,-1.6250446326408818,0.9278524198219316,,-0.10098996196466567,2659669.5,15050539.165177872,0.22911926017266282,0.4158004158004269,0.0,0.025746652935110248,-0.025421139904002743,21522520.930283964,16819275.802322373,1.2796342234492746,-0.6172839506172756,False,False,rising,rising,sell_advantage_accelerating,accelerating,neutral,False,False,False,pass,S0,🌱 초발사 준비,발사 구조 관찰 또는 초기 준비,S0,False,,,2026-09-05T11:40:00Z,33964283536-1
KRW-PIEVERSE,2026-09-05T20:55:55.372412+09:00,1788609355,1411.0,-15.5672653513096,5.0,1231456.3424961597,2864.62000283,429.8847111587526,12,0.0,complete,1788609104105,1788609440927,205667.89335064,73513.87371705,0.47336192840110564,1395.0,1475.0,5.7347670250896154,1.1469534050179142,4.338983050847458,80.00000000000016,complete_hourly_ordered,/v1/candles/minutes/60,120,False,16.58107116654439,1363.0,2026-09-01T00:00:00,1589.0,2026-09-03T23:00:00,D-2,11.202013845185654,78.76106194690264,True,-0.46046511627906295,-26.498404066674563,,False,429.881051890161,12214.563441426171,-99.89517585982765,0.004571463248725038,0.35561877667140696,0.0,0.009302325581406201,-0.00995258819781597,,177.48813808496737,-92.67541382996595,-95.6995436206208,0.23914245381332222,0.4985754985755042,0.0,0.0325581395348884,-0.03483534563006785,,177.48813808496737,-92.67541382996595,-95.6995436206208,0.23914245381332222,0.4985754985755042,0.0,0.0325581395348884,-0.03483534563006785,,177.48813808496737,-92.67541382996595,-95.6995436206208,0.23914245381332222,0.4985754985755042,0.0,0.0325581395348884,-0.03483534563006785,,429.3822000515758,-35.87936549798052,-99.92504657597699,16.860723945966797,1.2921751615218913,0.0,-0.7965681878876918,0.8178058860127955,,429.3822000515758,-35.87936549798052,-99.92504657597699,16.860723945966797,1.2921751615218913,0.0,-0.7965681878876918,0.8178058860127955,,429.881051890161,1221456.3425095298,-2729921.9290879,0.004571463248725038,0.35561877667140696,0.0,0.009302325581406201,-0.00995258819781597,1234320.9624989897,7002453.696871501,0.1762697785564008,1.2921751615218913,False,False,rising,falling,buy_advantage_accelerating,accelerating,leading_buy_inflow,True,True,False,🔴 1차 급등 완료·상승분 반납 / 신규매수 금지,S3,🔴 1차 급등 완료·반납,당일/5D 급등 후 상승분 상당 부분 반납,S3,False,,,2026-09-05T11:40:00Z,33964283536-1
KRW-PLUME,2026-09-05T20:55:55.372412+09:00,1788609355,18.6,-13.153727055368636,4.0,17624118.64115885,160646.278430576,109.70760613527185,14,0.0,complete,1788608667053,1788609465672,10265079.2830901,16730505.02944137,-0.23949938150996014,18.9,18.9,0.0,-1.5873015873015706,1.5873015873015723,,complete_hourly_ordered,/v1/candles/minutes/60,120,False,7.446808510638281,18.8,2026-09-02T03:00:00,20.2,2026-09-02T15:00:00,D-3,7.920792079207906,114.28571428571426,False,-0.5809979494190154,-11.455938697318002,,True,64.38764966173942,88.36987225762417,-22.184844676000026,0.4598392917109724,-0.5347593582887611,0.0,-0.03417634996581986,0.032974668900095594,,99.25766549051667,96.21962352002144,-81.30956009930489,0.6296385180539534,-0.5347593582887611,0.0,-0.06835269993167303,0.06594617960953286,,99.25766549051667,96.21962352002144,-81.30956009930489,0.6296385180539534,-0.5347593582887611,0.0,-0.06835269993167303,0.06594617960953286,,99.25766549051667,96.21962352002144,-81.30956009930489,0.6296385180539534,-0.5347593582887611,0.0,-0.06835269993167303,0.06594617960953286,,,4360.487283649309,,-7.642926251250859,-3.626943005181338,0.0,-0.7861963078321654,0.5792395839170794,,,4360.487283649309,,-7.642926251250859,-3.626943005181338,0.0,-0.7861963078321654,0.5792395839170794,,64.38764966173942,8267994.739850888,-45799.72525815404,0.4598392917109724,-0.5347593582887611,0.0,-0.03417634996581986,0.032974668900095594,17784764.919589426,5896830.17191861,3.0159873018359153,-3.626943005181338,False,False,rising,falling,buy_advantage_accelerating,accelerating,leading_buy_inflow,False,False,False,pass,S0,🌱 초발사 준비,발사 구조 관찰 또는 초기 준비,S0,False,,,2026-09-05T11:40:00Z,33964283536-1
KRW-POKT,2026-09-05T20:55:55.372412+09:00,1788609355,10.4,228.12754868051792,9.0,1452343.668054344,5132475.065243241,0.28297140260641745,9,0.0,complete,1788608540595,1788609326113,15385056.5122775,53930546.74083098,-0.5560867743991667,10.4,10.5,0.9615384615384581,0.0,0.952380952380949,100.0,complete_hourly_ordered,/v1/candles/minutes/60,120,False,14.999999999999991,10.0,2026-08-31T23:00:00,11.5,2026-09-03T10:00:00,D-2,9.565217391304348,73.3333333333333,False,0.06512112529304392,16.41303904369468,,False,-3.705797655426111,1158.547491173486,17640.50396830955,0.4559400234101929,0.9708737864077666,0.0,0.0,0.0,,-0.16820704857091706,2826.36410727967,4565.886422946407,0.47587519118334853,0.9708737864077666,0.0,0.06512112529304392,-0.048717022021779854,,-0.16820704857091706,2826.36410727967,4565.886422946407,0.47587519118334853,0.9708737864077666,0.0,0.06512112529304392,-0.048717022021779854,,-0.16820704857091706,2826.36410727967,4565.886422946407,0.47587519118334853,0.9708737864077666,0.0,0.06512112529304392,-0.048717022021779854,,,14561.755125199215,,-79.26085972996185,-0.952380952380949,-1.0,-0.4845451487548669,-0.4184833572903983,,,14561.755125199215,,-79.26085972996185,-0.952380952380949,-1.0,-0.4845451487548669,-0.4184833572903983,,-3.705797655426111,1336945.268054344,5103544.235124708,0.4559400234101929,0.9708737864077666,0.0,0.0,0.0,6584818.7332975855,2776863.1454810584,2.371315541427896,-0.952380952380949,False,True,rising,rising,sell_advantage_accelerating,accelerating,neutral,False,True,False,pass,S0,🌱 초발사 준비,발사 구조 관찰 또는 초기 준비,S0,False,,,2026-09-05T11:40:00Z,33964283536-1
KRW-POL,2026-09-05T20:55:55.372412+09:00,1788609355,129.0,-14.623850422225104,7.0,0.0,1816394.4256637702,0.0,3,0.0,complete,1788608630462,1788609165832,7350347.61589165,5151935.221748,0.17584087823745764,127.0,131.0,3.149606299212593,1.5748031496062964,1.5267175572519083,50.0,complete_hourly_ordered,/v1/candles/minutes/60,120,False,10.924369747899165,119.0,2026-08-31T23:00:00,132.0,2026-09-04T00:00:00,D-1,2.2727272727272707,23.076923076923194,False,-0.09389671361501595,-16.387502563751973,,True,-0.2232020189479081,-100.0,-72.02402769592156,0.020549549202808493,0.0,0.0,0.0,0.0,,-0.08698392108092383,-100.0,73.85316846898134,0.1109808527876801,0.0,0.0,0.0,0.0,,-0.08698392108092383,-100.0,73.85316846898134,0.1109808527876801,0.0,0.0,0.0,0.0,,-0.08698392108092383,-100.0,73.85316846898134,0.1109808527876801,0.0,0.0,0.0,0.0,,,,,-66.95901858062611,1.5748031496062964,-1.0,-0.8031165717710342,-0.05762817817031873,,,,,-66.95901858062611,1.5748031496062964,-1.0,-0.8031165717710342,-0.05762817817031873,,-0.2232020189479081,-1449182.5292334,-4676300.112066271,0.020549549202808493,0.0,0.0,0.0,0.0,1816394.4256637702,23418779.35475411,0.07756144750964719,1.5748031496062964,False,False,falling,falling,sell_only,accelerating,neutral,False,False,False,pass,S0,🌱 초발사 준비,발사 구조 관찰 또는 초기 준비,S0,False,,,2026-09-05T11:40:00Z,33964283536-1
KRW-POLYX,2026-09-05T20:55:55.372412+09:00,1788609355,48.2,-52.28200763485966,7.0,63064.040164708,542728.6356820769,0.1161981071543276,5,0.0,complete,1788608509116,1788609656825,807435.31872634,2006741.61899134,-0.4261659187775333,47.6,48.3,1.4705882352941124,1.2605042016806678,0.20703933747410835,14.285714285714285,complete_hourly_ordered,/v1/candles/minutes/60,120,False,8.771929824561408,45.6,2026-09-02T10:00:00,49.6,2026-09-03T13:00:00,D-2,3.0241935483870996,37.50000000000003,False,-0.12520868113521377,16.374967238416964,,True,-0.6924957489832007,320.0069275221209,2823.0856692977495,0.0010881497200898593,-0.20703933747411307,0.0,-0.013912075681687952,0.010430771665856042,,,800.9148595075405,,0.0023848257175203003,-0.20703933747411307,0.0,-0.013912075681687952,0.010430771665856042,,,800.9148595075405,,0.0023848257175203003,-0.20703933747411307,0.0,-0.013912075681687952,0.010430771665856042,,,800.9148595075405,,0.0023848257175203003,-0.20703933747411307,0.0,-0.013912075681687952,0.010430771665856042,,,,,0.12345666035238168,0.4166666666666652,-1.0,-0.6002680635580182,-0.26199315805305545,,,,,0.12345666035238168,0.4166666666666652,-1.0,-0.6002680635580182,-0.26199315805305545,,-0.6924957489832007,48049.04016536,524161.65896351694,0.0010881497200898593,-0.20703933747411307,0.0,-0.013912075681687952,0.010430771665856042,605792.675846785,4589763.049244116,0.13198778876973888,0.4166666666666652,False,False,rising,rising,sell_advantage_accelerating,accelerating,neutral,False,False,False,pass,S0,🌱 초발사 준비,발사 구조 관찰 또는 초기 준비,S0,False,,,2026-09-05T11:40:00Z,33964283536-1
KRW-POWR,2026-09-05T20:55:55.372412+09:00,1788609355,66.4,33.840033787728686,12.0,0.0,294162.213584256,0.0,4,0.0,complete,1788608727796,1788608891341,731803.19690914,1598694.01434377,-0.37197676669545404,66.4,66.5,0.1506024096385561,0.0,0.1503759398496155,100.0,complete_hourly_ordered,/v1/candles/minutes/60,120,False,8.794788273615639,61.4,2026-09-02T10:00:00,66.8,2026-09-04T18:00:00,D-1,0.5988023952095634,7.4074074074074066,True,0.7414468806270502,10.006150352462504,7.414981672140837,True,,-100.0,,0.1668874402084768,-0.15037593984961184,0.0,-0.010592098294659458,0.008397570052309788,0.015432368622586345,0.0,,-46.293586881936136,0.27881735524406537,0.15082956259429015,0.0,0.010592098294681662,-0.00839776870089004,-0.015471196894963235,0.0,,-46.293586881936136,0.27881735524406537,0.15082956259429015,0.0,0.010592098294681662,-0.00839776870089004,-0.015471196894963235,0.0,,-46.293586881936136,0.27881735524406537,0.15082956259429015,0.0,0.010592098294681662,-0.00839776870089004,-0.015471196894963235,-41.332734722638605,-100.0,674.1096754680818,26.759349959066903,1.0654490106544845,0.0,-0.3622822235306744,-1.0620212902077988,-0.39738742840539665,-41.332734722638605,-100.0,674.1096754680818,26.759349959066903,1.0654490106544845,0.0,-0.3622822235306744,-1.0620212902077988,-0.39738742840539665,,-1090341.5258860462,294162.213584256,0.1668874402084768,-0.15037593984961184,0.0,-0.010592098294659458,0.008397570052309788,294162.213584256,2067485.7899725745,0.1422801622197162,1.0654490106544845,False,True,falling,rising,sell_only,accelerating,neutral,False,False,False,pass,S0,🌱 초발사 준비,발사 구조 관찰 또는 초기 준비,S1,True,발사 구조 관찰 또는 초기 준비,2026-09-05T20:55:55.372412+09:00,2026-09-05T11:40:00Z,33964283536-1
KRW-PRL,2026-09-05T20:55:55.372412+09:00,1788609355,176.0,44.09206652816597,1.0,8677532.99712586,9245492.547841039,0.9385690326636188,26,0.0,complete,1788608510243,1788609494157,2421286.44683703,2110407.19602069,0.06860111810654027,171.0,184.0,7.602339181286544,2.923976608187129,4.3478260869565215,61.53846153846159,complete_hourly_ordered,/v1/candles/minutes/60,120,False,10.843373493975905,166.0,2026-09-04T21:00:00,184.0,2026-09-05T19:00:00,D0,4.347826086956519,44.44444444444437,False,-4.459424423126778,17.80057996877092,,False,0.6321014773033892,-77.93646572902331,-92.79567386594539,1.1633451084698052,1.1494252873563315,0.0,0.025926886180972275,-0.02001507347318565,,-0.21966449987308645,-85.49670283697657,-82.10232330073195,4.029284148858146,-2.7624309392265234,0.0,-0.1296344309048454,0.10005862722249859,,-0.21966449987308645,-85.49670283697657,-82.10232330073195,4.029284148858146,-2.7624309392265234,0.0,-0.1296344309048454,0.10005862722249859,,-0.21966449987308645,-85.49670283697657,-82.10232330073195,4.029284148858146,-2.7624309392265234,0.0,-0.1296344309048454,0.10005862722249859,,0.9385690326636188,,1340.28138927544,-40.923779658054826,2.923976608187129,-2.0,0.09390396093657039,3.2624273583291483,,0.9385690326636188,,1340.28138927544,-40.923779658054826,2.923976608187129,-2.0,0.09390396093657039,3.2624273583291483,,0.6321014773033892,-30652217.579329405,-119087017.33310245,1.1633451084698052,1.1494252873563315,0.0,0.025926886180972275,-0.02001507347318565,17923025.5449669,25483081.253636748,0.7033303926858948,2.923976608187129,False,False,falling,falling,sell_advantage_weakening,accelerating,neutral,False,False,False,pass,S0,🌱 초발사 준비,발사 구조 관찰 또는 초기 준비,S0,False,,,2026-09-05T11:40:00Z,33964283536-1
KRW-PROM,2026-09-05T20:55:55.372412+09:00,1788609355,7440.0,,,74704704.73857987,106402824.14649668,0.7020932511690248,278,0.0,complete,1788608461986,1788609361342,22218.33600118,25936.24613516,-0.07720781634971904,6985.0,7505.0,7.444523979957052,6.513958482462412,0.866089273817455,12.50000000000011,complete_hourly_ordered,/v1/candles/minutes/60,120,False,29.045643153526978,6025.0,2026-09-03T00:00:00,7775.0,2026-09-04T15:00:00,D-1,4.372990353697748,19.428571428571427,True,,,,True,-0.40111196564002416,62.32277434178641,155.05918360930875,,1.9876627827279059,,,,,0.1473148639027152,82.104969041414,43.89527440943173,,3.477051460361613,,,,,0.1473148639027152,82.104969041414,43.89527440943173,,3.477051460361613,,,,,0.1473148639027152,82.104969041414,43.89527440943173,,3.477051460361613,,,,,-1.4068164214002663,169.06170360889118,708.1929691162318,,4.641350210970474,,,,,-1.4068164214002663,169.06170360889118,708.1929691162318,,4.641350210970474,,,,,-0.40111196564002416,28682385.910242304,64685908.6287708,,1.9876627827279059,,,,181107528.88507655,75405800.64805526,2.401771844189647,4.641350210970474,False,False,rising,rising,sell_advantage_accelerating,flat_or_na,neutral,False,True,False,pass,S0,🌱 초발사 준비,발사 구조 관찰 또는 초기 준비,S0,False,,,2026-09-05T11:40:00Z,33964283536-1
KRW-PROS,2026-09-05T20:55:55.372412+09:00,1788609355,568.0,,,0.0,1675728.01261932,0.0,32,0.0,complete,1788608675041,1788609297621,69016.55269285,186853.93570548,-0.4605352643450814,563.0,581.0,3.1971580817051537,0.8880994671403242,2.2375215146299485,72.22222222222211,complete_hourly_ordered,/v1/candles/minutes/60,120,False,6.261180679785339,559.0,2026-09-01T18:00:00,594.0,2026-09-02T21:00:00,D-3,4.377104377104379,74.28571428571432,True,,,,True,0.0,,2018.7124336891832,,-0.17574692442882123,,,,,,,,,-0.17574692442882123,,,,,,,,,-0.17574692442882123,,,,,,,,,-0.17574692442882123,,,,,,,,,0.8880994671403242,,,,,,,,,0.8880994671403242,,,,,0.0,0.0,1596636.2026136802,,-0.17574692442882123,,,,1675728.01261932,568068.95157828,2.9498672792512313,0.8880994671403242,False,False,flat_or_na,rising,sell_only,flat_or_na,neutral,False,False,False,pass,S0,🌱 초발사 준비,발사 구조 관찰 또는 초기 준비,S0,False,,,2026-09-05T11:40:00Z,33964283536-1
KRW-PROVE,2026-09-05T20:55:55.372412+09:00,1788609355,247.0,-12.637903416964825,5.0,13494393.80309683,0.0,,3,0.0,complete,1788609022132,1788609022132,226849.05958498,293345.2515475,-0.1278295255051053,245.0,247.0,0.8163265306122547,0.8163265306122547,0.0,0.0,complete_hourly_ordered,/v1/candles/minutes/60,120,False,5.084745762711873,236.0,2026-09-02T11:00:00,248.0,2026-09-04T13:00:00,D-1,0.40322580645161255,8.333333333333297,False,0.08368200836819106,17.042860032947022,,True,,90955.28881981666,,0.9960575258345248,0.0,0.0,0.0,0.0,,,,,0.9971514299215265,0.0,0.0,0.0,0.0,,,,,0.9971514299215265,0.0,0.0,0.0,0.0,,,,,0.9971514299215265,0.0,0.0,0.0,0.0,,,,,-77.64844958463652,1.2295081967213184,-2.0,-0.36462283892797487,-0.4390136003824736,,,,,-77.64844958463652,1.2295081967213184,-2.0,-0.36462283892797487,-0.4390136003824736,,,13479573.80309683,0.0,0.9960575258345248,0.0,0.0,0.0,0.0,13494393.80309683,1182116.941526745,11.415447430834003,1.2295081967213184,False,False,rising,flat_or_na,buy_only,accelerating,neutral,False,False,False,pass,S0,🌱 초발사 준비,발사 구조 관찰 또는 초기 준비,S0,False,,,2026-09-05T11:40:00Z,33964283536-1
KRW-PUMP,2026-09-05T20:55:55.372412+09:00,1788609355,5.72,-38.16230094182399,4.0,131210.63529,13959674.57755709,0.009399261749335246,16,0.0,complete,1788608663724,1788609591676,43163308.86641879,31811082.55216193,0.15141471773845522,5.82,5.86,0.6872852233676952,-1.718213058419249,2.3890784982935247,350.0000000000016,complete_hourly_ordered,/v1/candles/minutes/60,120,False,12.862318840579734,5.52,2026-09-03T07:00:00,6.23,2026-09-04T02:00:00,D-1,8.50722311396469,74.64788732394358,True,0.1472444257467398,-98.74765184721352,,False,0.0058725129786880315,1212.10635290021,392.3226515504251,0.04072780241540386,-0.17452006980803736,0.0,-0.010517458981929018,0.015686617134647918,,-3.47827598578121,-96.94724575006602,1032.7501795597348,0.07457221092128208,-1.038062283737029,0.0,-0.06310475389146308,0.09410742653827242,,-3.47827598578121,-96.94724575006602,1032.7501795597348,0.07457221092128208,-1.038062283737029,0.0,-0.06310475389146308,0.09410742653827242,,-3.47827598578121,-96.94724575006602,1032.7501795597348,0.07457221092128208,-1.038062283737029,0.0,-0.06310475389146308,0.09410742653827242,,-0.33040653381216706,-95.33513391516439,68.64606746987789,8.400459580360497,-2.7210884353741527,-1.0,-0.48734044998040016,1.1420569314425109,,-0.33040653381216706,-95.33513391516439,68.64606746987789,8.400459580360497,-2.7210884353741527,-1.0,-0.48734044998040016,1.1420569314425109,,0.0058725129786880315,121210.6352900016,11124201.837557172,0.04072780241540386,-0.17452006980803736,0.0,-0.010517458981929018,0.015686617134647918,14090885.212847091,48105176.56611085,0.2929182723917875,-2.7210884353741527,False,False,rising,rising,sell_advantage_weakening,accelerating,leading_buy_inflow,False,False,False,pass,S0,🌱 초발사 준비,발사 구조 관찰 또는 초기 준비,S0,False,,,2026-09-05T11:40:00Z,33964283536-1
KRW-PUNDIX,2026-09-05T20:55:55.372412+09:00,1788609355,131.0,391.3571271581284,13.0,6758562.77410644,16682747.420055171,0.4051228855734896,49,0.0,complete,1788608967901,1788609269576,1222000.56758022,2681287.68462107,-0.373860966127181,132.0,135.0,2.2727272727272707,-0.7575757575757569,2.9629629629629632,133.33333333333331,complete_hourly_ordered,/v1/candles/minutes/60,120,False,19.999999999999996,120.0,2026-09-02T03:00:00,144.0,2026-09-03T19:00:00,D-2,9.027777777777779,54.16666666666671,False,0.48102618920362605,13.113807047949166,9.927631992860873,False,0.20366063435292497,1628.7970830593629,759.707917422762,1.1935555758277019,-0.7575757575757569,0.0,0.0,0.0,0.0,0.4051228855734896,,747.9000004527917,1.5270440825876221,-0.7575757575757569,0.0,0.0,0.0,0.0,0.4051228855734896,,747.9000004527917,1.5270440825876221,-0.7575757575757569,0.0,0.0,0.0,0.0,0.4051228855734896,,747.9000004527917,1.5270440825876221,-0.7575757575757569,0.0,0.0,0.0,0.0,,1251.0292756506879,,215.7460038820274,0.7692307692307665,0.0,-0.3829046963255367,-1.0751105518211492,-0.5058248743859952,,1251.0292756506879,,215.7460038820274,0.7692307692307665,0.0,-0.3829046963255367,-1.0751105518211492,-0.5058248743859952,0.20366063435292497,6367622.57410644,14742234.010562932,1.1935555758277019,-0.7575757575757569,0.0,0.0,0.0,23441310.194161613,14557049.881794268,1.6103063728234124,0.7692307692307665,False,False,rising,rising,sell_advantage_weakening,accelerating,leading_buy_inflow,False,True,False,pass,S1,⚡ 선행 시동,가격 미급등 상태에서 선행조건 3개 개선,S1,False,,,2026-09-05T11:40:00Z,33964283536-1
KRW-PYTH,2026-09-05T20:55:55.372412+09:00,1788609355,74.4,56.57931515985404,7.0,3630451.774112496,0.0,,3,0.0,complete,1788609155364,1788609155364,1086352.41983177,680359.37323777,0.22980151498769077,74.5,74.9,0.5369127516778649,-0.13422818791946067,0.6675567423230974,124.99999999999896,complete_hourly_ordered,/v1/candles/minutes/60,120,False,28.169014084507047,63.9,2026-08-31T21:00:00,81.9,2026-09-03T13:00:00,D-2,9.157509157509159,41.66666666666662,True,0.6840205206156247,-13.901875436616692,,False,,408.55847152473723,-100.0,0.06515626594953972,0.6765899864682012,0.0,0.04750142504277299,-0.04608954095496287,,,32.066984526518574,-100.0,0.09055301675187621,0.4048582995951566,0.0,0.02850085502563715,-0.02765298152284501,,,32.066984526518574,-100.0,0.09055301675187621,0.4048582995951566,0.0,0.02850085502563715,-0.02765298152284501,,,32.066984526518574,-100.0,0.09055301675187621,0.4048582995951566,0.0,0.02850085502563715,-0.02765298152284501,,,-83.65559776814406,-100.0,101.66161410606671,-0.9320905459387352,1.0,-0.6727924124097839,-0.9171610359730877,,,-83.65559776814406,-100.0,101.66161410606671,-0.9320905459387352,1.0,-0.6727924124097839,-0.9171610359730877,,,2916580.709645152,-111024.99999906601,0.06515626594953972,0.6765899864682012,0.0,0.04750142504277299,-0.04608954095496287,3630451.774112496,15571235.764808472,0.23315116596702246,-0.9320905459387352,False,False,rising,falling,buy_only,accelerating,neutral,False,False,False,pass,S0,🌱 초발사 준비,발사 구조 관찰 또는 초기 준비,S0,False,,,2026-09-05T11:40:00Z,33964283536-1
KRW-QKC,2026-09-05T20:55:55.372412+09:00,1788609355,3.06,367.45602382672445,12.0,0.0,0.0,,0,0.0,complete,,,27059744.54245695,38095469.78528589,-0.1693759334029229,3.02,3.09,2.3178807947019875,1.324503311258285,0.9708737864077607,42.857142857142584,complete_hourly_ordered,/v1/candles/minutes/60,120,False,23.958333333333325,2.88,2026-09-01T11:00:00,3.57,2026-09-03T14:00:00,D-2,14.28571428571428,73.91304347826086,True,0.04450378282152556,10.451625753124542,13.71842756823722,True,,-100.0,-100.0,0.03133362422516939,-0.6493506493506551,0.0,-0.044503782821547766,0.03537401044379429,0.17222247955075076,,-100.0,-100.0,0.13513987205033118,-0.9708737864077555,0.0,-0.06675567423233275,0.05305969472129668,0.2571444232339051,,-100.0,-100.0,0.13513987205033118,-0.9708737864077555,0.0,-0.06675567423233275,0.05305969472129668,0.2571444232339051,,-100.0,-100.0,0.13513987205033118,-0.9708737864077555,0.0,-0.06675567423233275,0.05305969472129668,0.2571444232339051,,,,6.8747025155512915,0.990099009900991,0.0,-0.29016823859746577,-0.3730526297423804,1.6108055801141372,,,,6.8747025155512915,0.990099009900991,0.0,-0.29016823859746577,-0.3730526297423804,1.6108055801141372,,-35490.626917,-425185.6879285555,0.03133362422516939,-0.6493506493506551,0.0,-0.044503782821547766,0.03537401044379429,0,3899962.8378801923,0.0,0.990099009900991,False,True,falling,falling,unavailable,accelerating,neutral,True,True,False,🔴 1차 급등 완료·상승분 반납 / 신규매수 금지,S1,⚡ 선행 시동,가격 미급등 상태에서 선행조건 3개 개선,S3,True,가격 미급등 상태에서 선행조건 3개 개선,2026-09-05T20:55:55.372412+09:00,2026-09-05T11:40:00Z,33964283536-1
KRW-QTUM,2026-09-05T20:55:55.372412+09:00,1788609355,1181.0,-59.72959916659886,7.0,100000.00000434,1220016.96350301,0.08196607342016952,9,0.0,complete,1788608741391,1788609041040,42083.76588232,48122.26139833,-0.06694115346885818,1180.0,1192.0,1.016949152542379,0.08474576271186862,0.9228187919463088,91.6666666666663,complete_hourly_ordered,/v1/candles/minutes/60,120,False,10.52158273381294,1112.0,2026-09-03T00:00:00,1229.0,2026-09-04T09:00:00,D-1,3.9056143205858374,41.02564102564102,False,-0.040027447392476656,-5.0682934892037705,,True,-1.482531010668588,190.35733174718868,5442.088084830564,0.04210773872438267,0.0,0.0,0.0,0.0,,-0.05990784339274079,-96.95020432112031,-94.72115180845935,0.10959540152301628,0.16963528413909135,0.0,0.01143641354072189,-0.010442249534357906,,-0.05990784339274079,-96.95020432112031,-94.72115180845935,0.10959540152301628,0.16963528413909135,0.0,0.01143641354072189,-0.010442249534357906,,-0.05990784339274079,-96.95020432112031,-94.72115180845935,0.10959540152301628,0.16963528413909135,0.0,0.01143641354072189,-0.010442249534357906,,0.08196607342016952,,183.18797008304904,8.99980042648545,1.3733905579399242,0.0,-0.4307197771827531,-0.22452708205138272,,0.08196607342016952,,183.18797008304904,8.99980042648545,1.3733905579399242,0.0,-0.4307197771827531,-0.22452708205138272,,-1.482531010668588,65559.67800434,1198003.2938386402,0.04210773872438267,0.0,0.0,0.0,0.0,1320016.96350735,1328882.50723401,0.9933285721812134,1.3733905579399242,False,False,rising,rising,sell_advantage_accelerating,accelerating,neutral,False,False,False,pass,S0,🌱 초발사 준비,발사 구조 관찰 또는 초기 준비,S0,False,,,2026-09-05T11:40:00Z,33964283536-1
KRW-QUID,2026-09-05T20:55:55.372412+09:00,1788609355,89.9,,,867795.8988645859,777910.705256825,1.1155469297444436,17,0.0,complete,1788608518494,1788609288060,1233117.75873457,295728.68804866,0.613134872150322,91.2,97.7,7.127192982456143,-1.4254385964912242,7.9836233367451355,119.99999999999993,complete_hourly_ordered,/v1/candles/minutes/60,120,False,12.817551963048501,86.6,2026-09-03T21:00:00,97.7,2026-09-05T09:00:00,D0,7.983623336745138,70.2702702702702,True,,,,False,0.7429856535642694,180.2053273702411,-6.4193073603316275,,0.4469273743016755,,,,,0.8604174159242404,168.3497089698215,-38.627475942273705,,0.4469273743016755,,,,,0.8604174159242404,168.3497089698215,-38.627475942273705,,0.4469273743016755,,,,,0.8604174159242404,168.3497089698215,-38.627475942273705,,0.4469273743016755,,,,,0.9140245597966873,-31.777205581338496,-87.67562453077899,,-0.9911894273127664,,,,,0.9140245597966873,-31.777205581338496,-87.67562453077899,,-0.9911894273127664,,,,,0.7429856535642694,558095.8988649609,-53361.9465199291,,0.4469273743016755,,,,1645706.6041214108,4794559.194996736,0.3432446106492447,-0.9911894273127664,False,False,rising,falling,buy_advantage_accelerating,flat_or_na,neutral,False,False,False,pass,S0,🌱 초발사 준비,발사 구조 관찰 또는 초기 준비,S0,False,,,2026-09-05T11:40:00Z,33964283536-1
KRW-RAY,2026-09-05T20:55:55.372412+09:00,1788609355,1140.0,-26.71060344667118,8.0,1094795.2021698002,5469357.1705356,0.20016889883653177,46,0.0,complete,1788608515683,1788608580613,23884.08715936,23588.89325813,0.006218145535291559,1126.0,1150.0,2.131438721136769,1.243339253996445,0.8695652173913043,41.66666666666684,complete_hourly_ordered,/v1/candles/minutes/60,120,False,9.719626168224305,1070.0,2026-08-31T22:00:00,1174.0,2026-09-04T00:00:00,D-1,2.8960817717206155,32.69230769230784,True,0.719512195121963,-10.74849772458703,,True,0.20016889883653177,,1888.3700146495578,0.4388257568108642,0.17574692442883233,0.0,0.012195121951230625,-0.011553282470652348,,-0.08536014637174472,1481.0353558819515,2155.253029963278,0.46213487220987304,-0.08764241893076674,0.0,-0.00609756097560421,0.005776495996268949,,-0.08536014637174472,1481.0353558819515,2155.253029963278,0.46213487220987304,-0.08764241893076674,0.0,-0.00609756097560421,0.005776495996268949,,-0.08536014637174472,1481.0353558819515,2155.253029963278,0.46213487220987304,-0.08764241893076674,0.0,-0.00609756097560421,0.005776495996268949,,,,,5.029213268217067,2.42587601078168,-1.0,-0.28529608992302613,-0.9919917125965512,,,,,5.029213268217067,2.42587601078168,-1.0,-0.28529608992302613,-0.9919917125965512,,0.20016889883653177,1094795.2021698002,5194289.79724796,0.4388257568108642,0.17574692442883233,0.0,0.012195121951230625,-0.011553282470652348,6564152.3727054,1360805.0605283098,4.823727191429592,2.42587601078168,False,False,rising,rising,sell_advantage_weakening,accelerating,leading_buy_inflow,False,False,False,pass,S0,🌱 초발사 준비,발사 구조 관찰 또는 초기 준비,S0,False,,,2026-09-05T11:40:00Z,33964283536-1
KRW-RE,2026-09-05T20:55:55.372412+09:00,1788609355,626.0,,,3261486.1781318896,8751223.89269087,0.3726891481837098,25,0.0,complete,1788608507954,1788609203456,331177.22923792,357369.13836858,-0.038039426773402885,599.0,630.0,5.175292153589317,4.507512520868118,0.6349206349206349,12.903225806451557,complete_hourly_ordered,/v1/candles/minutes/60,120,False,7.049180327868854,610.0,2026-09-03T16:00:00,653.0,2026-09-04T05:00:00,D-1,4.134762633996935,62.79069767441876,False,,,,True,-0.08547164961509557,33.87572208780267,64.57846421491229,,0.3205128205128194,,,,,-0.21713192401877168,-84.39640456484277,-75.30561478747006,,-0.15948963317384823,,,,,-0.21713192401877168,-84.39640456484277,-75.30561478747006,,-0.15948963317384823,,,,,-0.21713192401877168,-84.39640456484277,-75.30561478747006,,-0.15948963317384823,,,,,0.11695833173324288,-57.50975847856643,-70.84416273344904,,4.682274247491636,,,,,0.11695833173324288,-57.50975847856643,-70.84416273344904,,4.682274247491636,,,,,-0.08547164961509557,825281.8183952998,3433867.254058481,,0.3205128205128194,,,,12012710.07082276,25477454.67866431,0.47150353998598665,4.682274247491636,False,False,rising,rising,sell_advantage_accelerating,flat_or_na,neutral,False,False,False,pass,S0,🌱 초발사 준비,발사 구조 관찰 또는 초기 준비,S0,False,,,2026-09-05T11:40:00Z,33964283536-1
KRW-RED,2026-09-05T20:55:55.372412+09:00,1788609355,173.0,332.6530260891104,6.0,18756997.71536594,215185.09329411,87.16680801736256,13,0.0,complete,1788608486605,1788609453870,950838.02143622,2470611.83207729,-0.44419000006105713,167.0,176.0,5.389221556886237,3.592814371257491,1.7045454545454544,33.33333333333333,complete_hourly_ordered,/v1/candles/minutes/60,120,False,23.076923076923084,143.0,2026-09-01T08:00:00,176.0,2026-09-05T18:00:00,D0,1.7045454545454586,9.090909090909113,False,0.17057569296374808,-0.6912072014145563,,True,87.16680801736256,,-99.04515421868373,1.0055060422415636,0.5813953488372103,0.0,0.04264392324093702,-0.03747233912756576,,86.74819214255433,508.289314252134,-97.07870955454247,3.0711512233618237,0.0,0.0,0.0,0.0,,86.74819214255433,508.289314252134,-97.07870955454247,3.0711512233618237,0.0,0.0,0.0,0.0,,86.74819214255433,508.289314252134,-97.07870955454247,3.0711512233618237,0.0,0.0,0.0,0.0,,,16.316868007839645,,207.72175079263008,2.3668639053254337,-4.0,-0.862126544557773,-0.3493268595342156,,,16.316868007839645,,207.72175079263008,2.3668639053254337,-4.0,-0.862126544557773,-0.3493268595342156,,87.16680801736256,18756997.71536594,-22320924.66439621,1.0055060422415636,0.5813953488372103,0.0,0.04264392324093702,-0.03747233912756576,18972182.80866005,20113639.12125481,0.9432496374368902,2.3668639053254337,False,True,rising,falling,buy_advantage_accelerating,accelerating,neutral,False,False,False,pass,S0,🌱 초발사 준비,발사 구조 관찰 또는 초기 준비,S0,False,,,2026-09-05T11:40:00Z,33964283536-1
KRW-RENDER,2026-09-05T20:55:55.372412+09:00,1788609355,2020.0,-4.378104111896553,8.0,1285597.5466563702,2085864.5075862298,0.6163379941413685,10,0.0,complete,1788609194414,1788609631713,39826.9752569,43116.39232155,-0.03965859068283898,1955.0,2053.0,5.012787723785173,3.324808184143224,1.607403799318071,33.67346938775515,complete_hourly_ordered,/v1/candles/minutes/60,120,False,7.486910994764395,1910.0,2026-09-02T19:00:00,2053.0,2026-09-05T16:00:00,D0,1.5586945932781315,22.37762237762229,False,-0.24035295667060863,14.040817773995068,,True,-0.15819970884934942,-81.29048831193387,-76.48818936249305,0.35714673364465277,0.5475360876057822,0.0,0.029632556301872892,-0.022790476352488653,,-0.1103937108075782,60.961870353004024,89.79211988443359,0.6353694069379578,-0.049480455220185515,0.0,-0.0032925062557587204,0.002532185348826488,,-0.1103937108075782,60.961870353004024,89.79211988443359,0.6353694069379578,-0.049480455220185515,0.0,-0.0032925062557587204,0.002532185348826488,,-0.1103937108075782,60.961870353004024,89.79211988443359,0.6353694069379578,-0.049480455220185515,0.0,-0.0032925062557587204,0.002532185348826488,,-5.550532171202665,-79.9076253348519,101.0375265701951,20.593889975481225,3.2719836400818103,0.0,-0.3194329922566186,-0.09668434620622257,,-5.550532171202665,-79.9076253348519,101.0375265701951,20.593889975481225,3.2719836400818103,0.0,-0.3194329922566186,-0.09668434620622257,,-0.15819970884934942,-5585760.55231737,-6785696.00191693,0.35714673364465277,0.5475360876057822,0.0,0.029632556301872892,-0.022790476352488653,3371462.0542425998,6406651.82684705,0.526243995360338,3.2719836400818103,False,False,falling,falling,sell_advantage_accelerating,accelerating,neutral,False,False,False,pass,S0,🌱 초발사 준비,발사 구조 관찰 또는 초기 준비,S0,False,,,2026-09-05T11:40:00Z,33964283536-1
KRW-RLUSD,2026-09-05T20:55:55.372412+09:00,1788609355,1366.0,,,0.0,0.0,,0,0.0,complete,,,73554.13925718,90218.72346021,-0.10175424625621145,1373.0,1373.0,0.0,-0.5098324836125268,0.5098324836125273,,complete_hourly_ordered,/v1/candles/minutes/60,120,False,6.345733041575485,1371.0,2026-09-02T21:00:00,1458.0,2026-09-04T00:00:00,D-1,6.310013717421126,105.74712643678158,False,,,,False,,,,,0.0,,,,,,,,,0.0,,,,,,,,,0.0,,,,,,,,,0.0,,,,,,,,,-0.29197080291970545,,,,,,,,,-0.29197080291970545,,,,,,0.0,0.0,,0.0,,,,0,78549.9999959,0.0,-0.29197080291970545,False,False,flat_or_na,flat_or_na,unavailable,flat_or_na,neutral,False,False,False,pass,S0,🌱 초발사 준비,발사 구조 관찰 또는 초기 준비,S0,False,,,2026-09-05T11:40:00Z,33964283536-1
KRW-RVN,2026-09-05T20:55:55.372412+09:00,1788609355,3.99,-81.84254280497989,6.0,3622413.4782212647,198994.9748743836,18.20354247893912,12,0.0,complete,1788608518484,1788609194343,19854531.90196332,39949940.61257463,-0.3360184926926041,4.01,4.01,0.0,-0.4987531172069737,0.49875311720697196,,complete_hourly_ordered,/v1/candles/minutes/60,120,False,9.973045822102433,3.71,2026-09-01T01:00:00,4.08,2026-09-04T13:00:00,D-1,2.2058823529411686,24.324324324324397,False,0.6385242993969698,35.19779576570017,,True,14.279301936396553,62.328466437982,-65.00593497437681,0.02794446399276751,1.0126582278481067,0.0,0.07094714437743121,-0.04198551151524299,,,354.8223418133479,,0.0513493278105841,0.0,0.0,0.0,0.0,,,354.8223418133479,,0.0513493278105841,0.0,0.0,0.0,0.0,,,354.8223418133479,,0.0513493278105841,0.0,0.0,0.0,0.0,,3.9701392544129153,57.619369694496484,23.2430471955138,-94.65218852397663,1.0126582278481067,-1.0,-0.36577986129169293,-0.960900656545661,,3.9701392544129153,57.619369694496484,23.2430471955138,-94.65218852397663,1.0126582278481067,-1.0,-0.36577986129169293,-0.960900656545661,,14.279301936396553,1390880.3665564558,-369658.5231650024,0.02794446399276751,1.0126582278481067,0.0,0.07094714437743121,-0.04198551151524299,3821408.4530956484,7635738.906886429,0.5004634783477526,1.0126582278481067,False,False,rising,falling,buy_advantage_accelerating,accelerating,neutral,False,False,False,pass,S0,🌱 초발사 준비,발사 구조 관찰 또는 초기 준비,S0,False,,,2026-09-05T11:40:00Z,33964283536-1
KRW-SAFE,2026-09-05T20:55:55.372412+09:00,1788609355,134.0,480.66547870157274,10.0,174200.0,0.0,,2,0.0,complete,1788609086397,1788609235490,860601.73299169,2757136.8981052,-0.5242322230830934,129.0,135.0,4.651162790697683,3.875968992248069,0.7407407407407408,16.666666666666664,complete_hourly_ordered,/v1/candles/minutes/60,120,False,24.390243902439025,123.0,2026-09-01T01:00:00,153.0,2026-09-02T20:00:00,D-3,12.418300653594772,63.333333333333364,True,0.05235602094242342,14.175040700611907,,False,,,-100.0,0.01875391869629084,0.7518796992481258,0.0,0.05235602094242342,-0.04009516285093184,,,2804.7850001115876,,0.030084938710217557,0.0,0.0,0.0,0.0,,,2804.7850001115876,,0.030084938710217557,0.0,0.0,0.0,0.0,,,2804.7850001115876,,0.030084938710217557,0.0,0.0,0.0,0.0,,,,,-88.5699852939199,5.5118110236220375,0.0,-0.05257577339126129,-0.5416874254356969,,,,,-88.5699852939199,5.5118110236220375,0.0,-0.05257577339126129,-0.5416874254356969,,,174200.0,-99253.73134243,0.01875391869629084,0.7518796992481258,0.0,0.05235602094242342,-0.04009516285093184,174200.0,3600876.2813520906,0.04837711334380801,5.5118110236220375,False,False,rising,falling,buy_only,accelerating,neutral,True,True,False,🔴 1차 급등 완료·상승분 반납 / 신규매수 금지,S0,🌱 초발사 준비,발사 구조 관찰 또는 초기 준비,S3,True,발사 구조 관찰 또는 초기 준비,2026-09-05T20:55:55.372412+09:00,2026-09-05T11:40:00Z,33964283536-1
KRW-SAHARA,2026-09-05T20:55:55.372412+09:00,1788609355,12.6,31.92956254341457,6.0,5221513.3461087225,4988226.58628275,1.046767474530426,11,0.0,complete,1788608630341,1788609573781,57321215.87259457,91201484.20771815,-0.2281150848779549,12.7,13.0,2.3622047244094446,-0.7874015748031482,3.0769230769230793,133.33333333333331,complete_hourly_ordered,/v1/candles/minutes/60,120,False,16.964285714285722,11.2,2026-09-02T03:00:00,13.1,2026-09-04T20:00:00,D-1,3.8167938931297662,26.315789473684248,False,0.11370096645821892,51.94433074089234,,True,0.6446424324009846,-64.13007435062354,-86.2202488003307,0.07481231096588914,0.8000000000000007,0.0,0.05685048322912056,-0.025650497381583648,,0.9738237609185896,-36.7801397338191,-95.59454081824111,0.8160569194842964,0.0,0.0,0.0,0.0,,0.9738237609185896,-36.7801397338191,-95.59454081824111,0.8160569194842964,0.0,0.0,0.0,0.0,,0.9738237609185896,-36.7801397338191,-95.59454081824111,0.8160569194842964,0.0,0.0,0.0,0.0,,-1.1988560722063375,22.79647181251494,163.43448308047854,-19.70326148182793,0.0,-1.0,-0.8047835341158383,-0.6078773492530587,,-1.1988560722063375,22.79647181251494,163.43448308047854,-19.70326148182793,0.0,-1.0,-0.8047835341158383,-0.6078773492530587,,0.6446424324009846,-9335286.679484557,-31211458.836212125,0.07481231096588914,0.8000000000000007,0.0,0.05685048322912056,-0.025650497381583648,10209739.932391472,44736907.79460701,0.228217381032809,0.0,False,False,falling,falling,buy_advantage_accelerating,accelerating,neutral,False,False,False,pass,S0,🌱 초발사 준비,발사 구조 관찰 또는 초기 준비,S0,False,,,2026-09-05T11:40:00Z,33964283536-1
KRW-SAND,2026-09-05T20:55:55.372412+09:00,1788609355,52.1,-12.368434840448383,3.0,2399815.0530347126,2743935.40856091,0.8745887550951226,20,0.0,complete,1788608489340,1788609297941,5722119.64519977,8390097.27584217,-0.18905446575614399,52.0,52.5,0.9615384615384581,0.19230769230769162,0.7619047619047592,80.0,complete_hourly_ordered,/v1/candles/minutes/60,120,False,14.16666666666666,48.0,2026-08-31T21:00:00,54.8,2026-09-04T13:00:00,D-1,4.92700729927007,39.70588235294113,True,-1.9071837253655466,31.72566371681416,,True,-0.1671810876209736,-47.34497967113366,-37.279765001952455,0.04715164098031366,0.0,0.0,0.02542911633820477,-0.01618897904194938,,-1.5634888744640487,-83.91771892131652,-55.16767223246957,0.19935508690926973,0.19230769230769162,0.0,0.02542911633820477,-0.01618897904194938,,-1.5634888744640487,-83.91771892131652,-55.16767223246957,0.19935508690926973,0.19230769230769162,0.0,0.02542911633820477,-0.01618897904194938,,-1.5634888744640487,-83.91771892131652,-55.16767223246957,0.19935508690926973,0.19230769230769162,0.0,0.02542911633820477,-0.01618897904194938,,-0.6836976514523383,40.34215221538524,150.05268680714266,-140.90413774999647,1.3618677042801508,-2.0,-0.8124309884836922,0.7615979745790646,,-0.6836976514523383,40.34215221538524,150.05268680714266,-140.90413774999647,1.3618677042801508,-2.0,-0.8124309884836922,0.7615979745790646,,-0.1671810876209736,-2157803.647036503,-1630945.2159238798,0.04715164098031366,0.0,0.0,0.02542911633820477,-0.01618897904194938,5143750.461595623,21460388.177530095,0.23968580712726065,1.3618677042801508,False,False,falling,falling,sell_advantage_accelerating,accelerating,neutral,False,False,False,pass,S0,🌱 초발사 준비,발사 구조 관찰 또는 초기 준비,S0,False,,,2026-09-05T11:40:00Z,33964283536-1
KRW-SC,2026-09-05T20:55:55.372412+09:00,1788609355,0.991,3424.5573793131953,12.0,544420.1721360778,2040568.1606616538,0.26679832736366405,12,0.0,complete,1788608568965,1788609383768,64247170.05951998,486510736.52140296,-0.7666954235541958,0.973,1.04,6.885919835560128,1.8499486125385323,4.711538461538465,73.1343283582091,complete_hourly_ordered,/v1/candles/minutes/60,120,False,84.14634146341464,0.82,2026-09-01T08:00:00,1.51,2026-09-01T18:00:00,D-4,34.370860927152314,75.21739130434784,False,1.7453505007153147,5.312996663255039,2.135063241621539,True,-1.764799002660215,-48.03860574530019,295.6720076744505,0.25500181335473826,0.0,0.0,0.0,0.0,0.0,-0.7379622305114826,-59.26471548599679,53.40878482234044,0.3001640825573304,-0.3018108651911433,0.0,-0.021459227467790498,0.017606415293644595,0.010082212577087635,-0.7379622305114826,-59.26471548599679,53.40878482234044,0.3001640825573304,-0.3018108651911433,0.0,-0.021459227467790498,0.017606415293644595,0.010082212577087635,-0.7379622305114826,-59.26471548599679,53.40878482234044,0.3001640825573304,-0.3018108651911433,0.0,-0.021459227467790498,0.017606415293644595,0.010082212577087635,-0.14932869982951624,14.69711522918109,78.89381114033567,1763.2604418322078,2.270381836945301,-2.0,-0.3513765594833851,-2.015357710465352,-0.33131970083108264,-0.14932869982951624,14.69711522918109,78.89381114033567,1763.2604418322078,2.270381836945301,-2.0,-0.3513765594833851,-2.015357710465352,-0.33131970083108264,-1.764799002660215,-503319.55837901717,1524846.0167943058,0.25500181335473826,0.0,0.0,0.0,0.0,2584988.3327977317,15478405.350908719,0.16700611427300358,2.270381836945301,False,True,falling,rising,sell_advantage_accelerating,accelerating,neutral,True,True,False,🔴 1차 급등 완료·상승분 반납 / 신규매수 금지,S3,🔴 1차 급등 완료·반납,당일/5D 급등 후 상승분 상당 부분 반납,S3,False,,,2026-09-05T11:40:00Z,33964283536-1
KRW-SEI,2026-09-05T20:55:55.372412+09:00,1788609355,65.4,65.56833509155993,9.0,1978767.6833927883,3389566.9854488885,0.5837818493888638,8,0.0,complete,1788608753725,1788609086018,3870336.23934176,2712537.50599187,0.17588044038830505,64.3,65.8,2.3328149300155587,1.7107309486780853,0.6079027355622971,26.666666666666284,complete_hourly_ordered,/v1/candles/minutes/60,120,False,14.072847682119228,60.4,2026-09-01T01:00:00,68.9,2026-09-03T04:00:00,D-2,5.079825834542817,41.17647058823532,True,-0.0617474529175821,13.416401043175908,,False,0.09113204237317057,9.463278386500317,-7.624632336773718,0.14307006369428166,0.15313935681471325,0.0,0.010291242152915547,-0.007951144062870341,,-0.903582259545967,-89.91635205025507,-74.30880034505061,0.2766457154314992,-0.15267175572518665,0.0,-0.0205824843058644,0.015901756442675108,,-0.903582259545967,-89.91635205025507,-74.30880034505061,0.2766457154314992,-0.15267175572518665,0.0,-0.0205824843058644,0.015901756442675108,,-0.903582259545967,-89.91635205025507,-74.30880034505061,0.2766457154314992,-0.15267175572518665,0.0,-0.0205824843058644,0.015901756442675108,,,336.47902229923477,,10.6711706953607,1.2383900928792713,-3.0,-0.5061000415297556,-0.22006356065803168,,,336.47902229923477,,10.6711706953607,1.2383900928792713,-3.0,-0.5061000415297556,-0.22006356065803168,,0.09113204237317057,171067.68339276826,-279773.7394576296,0.14307006369428166,0.15313935681471325,0.0,0.010291242152915547,-0.007951144062870341,5368334.668841677,19025613.97789339,0.2821635441084507,1.2383900928792713,False,False,rising,falling,sell_advantage_weakening,accelerating,leading_buy_inflow,False,False,False,pass,S0,🌱 초발사 준비,발사 구조 관찰 또는 초기 준비,S0,False,,,2026-09-05T11:40:00Z,33964283536-1
KRW-SENT,2026-09-05T20:55:55.372412+09:00,1788609355,18.3,97.62110297473556,8.0,0.0,99999.999999873,0.0,1,0.0,complete,1788609338367,1788609338367,11276708.17652386,16626045.20072744,-0.19171359012063716,18.0,18.4,2.2222222222222143,1.6666666666666607,0.5434782608695536,25.0,complete_hourly_ordered,/v1/candles/minutes/60,120,False,6.358381502890165,17.3,2026-09-02T03:00:00,18.4,2026-09-05T01:00:00,D0,0.5434782608695565,9.090909090908838,True,-0.11265490048817384,14.35241085084117,,True,-0.43161232826960394,-100.0,-91.08121596718479,0.08038343361695865,0.5494505494505475,0.0,0.07510326699210479,-0.057507036777558085,,,-100.0,,0.7061800176557256,0.0,0.0,0.037551633496057946,-0.028752361072692523,,,-100.0,,0.7061800176557256,0.0,0.0,0.037551633496057946,-0.028752361072692523,,,-100.0,,0.7061800176557256,0.0,0.0,0.037551633496057946,-0.028752361072692523,,,,,-22.692505123905946,2.2346368715083997,0.0,-0.33855851494599687,-0.18669585488538587,,,,,-22.692505123905946,2.2346368715083997,0.0,-0.33855851494599687,-0.18669585488538587,,-0.43161232826960394,-483936.29297559906,-1021229.0782235629,0.08038343361695865,0.5494505494505475,0.0,0.07510326699210479,-0.057507036777558085,99999.999999873,1302596.1539297656,0.07676976451848551,2.2346368715083997,False,False,falling,falling,sell_only,accelerating,neutral,False,False,False,pass,S0,🌱 초발사 준비,발사 구조 관찰 또는 초기 준비,S0,False,,,2026-09-05T11:40:00Z,33964283536-1
KRW-SHIB,2026-09-05T20:55:55.372412+09:00,1788609355,0.00739,-8.128869703658225,7.0,20518562.79823825,13066813.62888231,1.570280512219515,115,0.0,complete,1788608457429,1788609396743,85550109065.9455,58805464143.07671,0.18526922326818238,0.00717,0.00743,3.6262203626220346,3.0683403068340276,0.5383580080753715,15.384615384615433,complete_hourly_ordered,/v1/candles/minutes/60,120,False,8.695652173913038,0.0069,2026-08-31T22:00:00,0.0075,2026-09-04T00:00:00,D-1,1.7333333333333312,21.666666666666725,True,-0.6543669908206762,-1.403093763770039,,True,1.3566055984229535,110.15561342826103,-71.40320965986123,0.2059676027926578,0.0,0.0,0.009088430428083605,-0.008100895279720577,,1.2847886537211002,256.76162372590187,-35.137360359610994,0.4858181126271024,0.13550135501354532,0.0,-0.0090884304280614,0.008100707408901453,,1.2847886537211002,256.76162372590187,-35.137360359610994,0.4858181126271024,0.13550135501354532,0.0,-0.0090884304280614,0.008100707408901453,,1.2847886537211002,256.76162372590187,-35.137360359610994,0.4858181126271024,0.13550135501354532,0.0,-0.0090884304280614,0.008100707408901453,,1.4220342620313695,1003.8466618549689,4.211398619092632,-6.639883464267603,3.7921348314606806,0.0,-0.9552971385500375,0.3853059308369975,,1.4220342620313695,1003.8466618549689,4.211398619092632,-6.639883464267603,3.7921348314606806,0.0,-0.9552971385500375,0.3853059308369975,,1.3566055984229535,10755053.52835977,-32626473.88157507,0.2059676027926578,0.0,0.0,0.009088430428083605,-0.008100895279720577,33585376.42712056,37584846.75643772,0.8935882230614094,3.7921348314606806,False,False,rising,falling,buy_advantage_accelerating,accelerating,leading_buy_inflow,False,False,False,pass,S0,🌱 초발사 준비,발사 구조 관찰 또는 초기 준비,S0,False,,,2026-09-05T11:40:00Z,33964283536-1
KRW-SIGN,2026-09-05T20:55:55.372412+09:00,1788609355,14.1,391.51310953961047,13.0,36449177.55384238,47681158.974519014,0.7644356458139148,103,0.0,complete,1788608468241,1788609682723,20132370.76050478,47229953.97429125,-0.40226615278598316,13.3,14.5,9.022556390977442,6.015037593984962,2.758620689655175,33.33333333333333,complete_hourly_ordered,/v1/candles/minutes/60,120,False,30.17241379310345,11.6,2026-08-31T22:00:00,15.1,2026-09-04T19:00:00,D-1,6.622516556291391,28.57142857142859,True,2.0068807339449712,12.984464131770565,6.113873081689754,True,-1.0678381094512432,-63.61054847682849,-12.77822095356399,6.0345107758014365,-1.3986013986014068,2.0,-0.11467889908254314,0.08717417046793585,0.09049506733232171,0.38342114801507143,342.16823103337066,120.38808291102852,9.187746893710312,0.7142857142857117,0.0,0.057339449541293774,-0.043595080565950184,-0.04581544842843588,0.38342114801507143,342.16823103337066,120.38808291102852,9.187746893710312,0.7142857142857117,0.0,0.057339449541293774,-0.043595080565950184,-0.04581544842843588,0.38342114801507143,342.16823103337066,120.38808291102852,9.187746893710312,0.7142857142857117,0.0,0.057339449541293774,-0.043595080565950184,-0.04581544842843588,0.6211112928827643,1383.1803054564402,178.08208411505356,87.31584808038747,9.302325581395344,0.0,0.27527900234323166,-2.4271381957480216,-1.580970919760297,0.6211112928827643,1383.1803054564402,178.08208411505356,87.31584808038747,9.302325581395344,0.0,0.27527900234323166,-2.4271381957480216,-1.580970919760297,-1.0678381094512432,-63714952.511797205,-6985415.699604563,6.0345107758014365,-1.3986013986014068,2.0,-0.11467889908254314,0.08717417046793585,84130336.5283614,22061099.3078904,3.8135151541732664,9.302325581395344,False,False,falling,falling,sell_advantage_accelerating,accelerating,neutral,False,True,False,pass,S0,🌱 초발사 준비,발사 구조 관찰 또는 초기 준비,S2,True,발사 구조 관찰 또는 초기 준비,2026-09-05T20:55:55.372412+09:00,2026-09-05T11:40:00Z,33964283536-1
KRW-SKR,2026-09-05T20:55:55.372412+09:00,1788609355,30.9,-45.27437881204548,8.0,154474218.8828971,150617784.89728326,1.0256041076971343,387,0.0,complete,1788608457796,1788609422748,10373296.23424353,13268662.26059066,-0.12246726627913551,30.1,33.4,10.963455149501655,2.657807308970095,7.4850299401197615,75.75757575757578,complete_hourly_ordered,/v1/candles/minutes/60,120,False,49.7093023255814,34.4,2026-08-31T22:00:00,51.5,2026-08-31T23:00:00,D-4,39.61165048543689,119.29824561403508,True,6.401045068582634,-39.641787526319476,,True,-0.0900399862334551,174.51184955246868,198.61183410705826,0.24611725625045722,1.6447368421052655,0.0,0.2286087524493885,-0.2477506840167294,,0.298991612861751,114.47761933796752,51.95153461644981,0.3775431250423509,0.6514657980456029,0.0,0.09797517962117919,-0.10615610615325721,,0.298991612861751,114.47761933796752,51.95153461644981,0.3775431250423509,0.6514657980456029,0.0,0.09797517962117919,-0.10615610615325721,,0.298991612861751,114.47761933796752,51.95153461644981,0.3775431250423509,0.6514657980456029,0.0,0.09797517962117919,-0.10615610615325721,,-0.2395217995072545,55.44483006852528,91.74775157857394,-269.2210127527449,-0.3225806451612967,-2.0,-0.6770581392276931,-7.647310577536626,,-0.2395217995072545,55.44483006852528,91.74775157857394,-269.2210127527449,-0.3225806451612967,-2.0,-0.6770581392276931,-7.647310577536626,,-0.0900399862334551,98201887.05651751,100178462.776083,0.24611725625045722,1.6447368421052655,0.0,0.2286087524493885,-0.2477506840167294,305092003.78018034,121157995.60754271,2.518133469031959,-0.3225806451612967,False,False,rising,rising,buy_advantage_weakening,accelerating,neutral,True,True,False,🔴 1차 급등 완료·상승분 반납 / 신규매수 금지,S3,🔴 1차 급등 완료·반납,당일/5D 급등 후 상승분 상당 부분 반납,S3,False,,,2026-09-05T11:40:00Z,33964283536-1
KRW-SKY,2026-09-05T20:55:55.372412+09:00,1788609355,91.8,101.17154722456493,9.0,548347.826086866,0.0,,2,0.0,complete,1788609053667,1788609053667,539061.97129477,946031.26617719,-0.27403619154255554,92.7,93.6,0.9708737864077666,-0.9708737864077777,1.92307692307692,200.00000000000117,complete_hourly_ordered,/v1/candles/minutes/60,120,False,15.384615384615374,88.4,2026-09-01T14:00:00,102.0,2026-09-02T08:00:00,D-3,9.999999999999998,75.00000000000007,False,-0.07790368271954895,-5.168413696715586,,False,,,,0.06490258272235394,0.21834061135370675,0.0,0.014164305949015965,-0.0129484190024991,,,62.899775607988985,,0.23743793109333922,0.10905125408942062,0.0,0.007082152974513534,-0.006474149177297939,,,62.899775607988985,,0.23743793109333922,0.10905125408942062,0.0,0.007082152974513534,-0.006474149177297939,,,62.899775607988985,,0.23743793109333922,0.10905125408942062,0.0,0.007082152974513534,-0.006474149177297939,,,,,99.7622050799553,0.21834061135370675,2.0,-0.519341916966598,-0.2875542491114089,,,,,99.7622050799553,0.21834061135370675,2.0,-0.519341916966598,-0.2875542491114089,,,548347.826086866,0.0,0.06490258272235394,0.21834061135370675,0.0,0.014164305949015965,-0.0129484190024991,548347.826086866,1103817.729882374,0.49677388869745687,0.21834061135370675,False,False,rising,flat_or_na,buy_only,accelerating,neutral,True,True,False,🔴 1차 급등 완료·상승분 반납 / 신규매수 금지,S3,🔴 1차 급등 완료·반납,당일/5D 급등 후 상승분 상당 부분 반납,S3,False,,,2026-09-05T11:40:00Z,33964283536-1
KRW-SLX,2026-09-05T20:55:55.372412+09:00,1788609355,95.4,,,1648528.4663390492,4269675.318292753,0.38610159870381433,17,0.0,complete,1788608562253,1788609659964,2409270.12760581,2482659.74318962,-0.015002180636714001,96.6,97.7,1.1387163561076719,-1.2422360248447117,2.354145342886384,209.09090909090722,complete_hourly_ordered,/v1/candles/minutes/60,120,False,8.194905869324476,90.3,2026-09-02T18:00:00,97.7,2026-09-05T09:00:00,D0,2.2517911975435068,29.729729729729737,False,,,,True,-1.3717729175330624,-90.31100888478356,-55.88717936765115,,-0.10471204188481353,,,,,-1.4089826507819692,-95.32720074141233,-78.27497120379904,,0.0,,,,,-1.4089826507819692,-95.32720074141233,-78.27497120379904,,0.0,,,,,-1.4089826507819692,-95.32720074141233,-78.27497120379904,,0.0,,,,,-0.7959600560849165,-55.32435939793903,36.77581713234457,,1.8143009605122717,,,,,-0.7959600560849165,-55.32435939793903,36.77581713234457,,1.8143009605122717,,,,,-1.3717729175330624,-15365920.682551755,-5409314.2749542305,,-0.10471204188481353,,,,5918203.784631802,28409772.245673444,0.20831577717181776,1.8143009605122717,False,False,falling,falling,sell_advantage_accelerating,flat_or_na,neutral,False,False,False,pass,S0,🌱 초발사 준비,발사 구조 관찰 또는 초기 준비,S0,False,,,2026-09-05T11:40:00Z,33964283536-1
KRW-SNT,2026-09-05T20:55:55.372412+09:00,1788609355,9.35,132.56756737393795,12.0,1888535.6456764883,3508716.2791849165,0.5382411957558448,16,0.0,complete,1788609106062,1788609458628,7515455.19953376,4128590.9487972,0.29086661179387613,9.44,9.75,3.2838983050847537,-0.9533898305084776,4.102564102564106,129.03225806451616,complete_hourly_ordered,/v1/candles/minutes/60,120,False,31.818181818181813,8.8,2026-09-02T10:00:00,11.6,2026-09-03T14:00:00,D-2,19.482758620689655,80.71428571428572,True,0.2810000720513184,14.45473962414909,10.309589017143482,False,-0.028945812428457174,455.34358284555134,485.2091362612852,0.017890849828063438,-0.10683760683760646,0.0,-0.0072051300525899364,0.005489092107513471,0.01197802476679577,,-41.46029860643482,,0.07359267098948408,-0.10683760683760646,0.0,-0.0072051300525899364,0.005489092107513471,0.01197802476679577,,-41.46029860643482,,0.07359267098948408,-0.10683760683760646,0.0,-0.0072051300525899364,0.005489092107513471,0.01197802476679577,,-41.46029860643482,,0.07359267098948408,-0.10683760683760646,0.0,-0.0072051300525899364,0.005489092107513471,0.01197802476679577,0.5382411957558448,,1298.5294624148387,149.3254437529875,-0.10683760683760646,1.0,-0.8639824250315398,-0.6696072773143111,0.47085383217886445,0.5382411957558448,,1298.5294624148387,149.3254437529875,-0.10683760683760646,1.0,-0.8639824250315398,-0.6696072773143111,0.47085383217886445,-0.028945812428457174,1548469.4769094465,2909150.062293467,0.017890849828063438,-0.10683760683760646,0.0,-0.0072051300525899364,0.005489092107513471,5397251.924861405,17025251.787982553,0.31701451420948207,-0.10683760683760646,False,False,rising,rising,sell_advantage_accelerating,accelerating,neutral,True,True,False,🔴 1차 급등 완료·상승분 반납 / 신규매수 금지,S3,🔴 1차 급등 완료·반납,당일/5D 급등 후 상승분 상당 부분 반납,S3,False,,,2026-09-05T11:40:00Z,33964283536-1
KRW-SOL,2026-09-05T20:55:55.372412+09:00,1788609355,139800.0,-23.57540723221556,6.0,64663147.783691004,41487787.893927,1.5586067868698399,130,0.0,complete,1788608469403,1788609703459,10885.94349416,6483.28747619,0.2534744356549531,139700.0,140700.0,0.7158196134574135,0.07158196134573469,0.6396588486140725,90.00000000000094,complete_hourly_ordered,/v1/candles/minutes/60,120,False,8.451757666417347,133700.0,2026-09-02T20:00:00,145000.0,2026-09-04T00:00:00,D-1,3.517241379310343,45.13274336283193,False,0.5374796045685803,-19.399157224325794,,True,1.3228612327772433,-17.907744569249317,-87.58321572428169,0.060040005489049975,0.07158196134573469,0.0,0.009597850081588533,-0.00969741347213926,,1.0068006966314096,42.08683706191898,-49.6958548532036,0.24345661641110894,-0.28530670470755526,0.0,-0.014396775122360594,0.014545602082506548,,1.0068006966314096,42.08683706191898,-49.6958548532036,0.24345661641110894,-0.28530670470755526,0.0,-0.014396775122360594,0.014545602082506548,,1.0068006966314096,42.08683706191898,-49.6958548532036,0.24345661641110894,-0.28530670470755526,0.0,-0.014396775122360594,0.014545602082506548,,-1.1814623971663327,222.66146545548443,467.2468167202699,-8.290099805493966,0.5032350826743359,0.0,-0.3487189426469195,-0.6245036658396366,,-1.1814623971663327,222.66146545548443,467.2468167202699,-8.290099805493966,0.5032350826743359,0.0,-0.3487189426469195,-0.6245036658396366,,1.3228612327772433,-14105729.310005024,-292638882.6890401,0.060040005489049975,0.07158196134573469,0.0,0.009597850081588533,-0.00969741347213926,106150935.677618,382202336.4851692,0.27773492086366935,0.5032350826743359,False,False,falling,falling,buy_advantage_accelerating,accelerating,neutral,False,False,False,pass,S0,🌱 초발사 준비,발사 구조 관찰 또는 초기 준비,S0,False,,,2026-09-05T11:40:00Z,33964283536-1
KRW-SOMI,2026-09-05T20:55:55.372412+09:00,1788609355,167.0,-8.88559805222987,11.0,4287058.906720149,279030.15913792,15.364141711294824,29,0.0,complete,1788608594902,1788609709182,616565.63686271,1183006.55442272,-0.3147642091287278,161.0,169.0,4.968944099378891,3.7267080745341685,1.183431952662722,25.0,complete_hourly_ordered,/v1/candles/minutes/60,120,False,21.58273381294964,139.0,2026-09-02T18:00:00,169.0,2026-09-05T18:00:00,D0,1.1834319526627168,6.666666666666625,False,0.6893580353296125,8.087114694459455,5.740177303293078,False,15.074815737740574,2471.720999850636,-51.57128227705028,0.03344364171695702,0.6024096385542244,0.0,0.0430848772081216,-0.03481254251203758,-0.05334091634244231,7.122815996732404,-56.04865344740085,-76.4244974213367,0.06482345736880113,0.0,0.0,0.0,0.0,0.0,7.122815996732404,-56.04865344740085,-76.4244974213367,0.06482345736880113,0.0,0.0,0.0,0.0,0.0,7.122815996732404,-56.04865344740085,-76.4244974213367,0.06482345736880113,0.0,0.0,0.0,0.0,0.0,,,,-1157.0657672258837,4.374999999999996,-2.0,-0.22408259102966177,-1.2391836102940736,-0.7264412884830476,,,,-1157.0657672258837,4.374999999999996,-2.0,-0.22408259102966177,-1.2391836102940736,-0.7264412884830476,15.074815737740574,4120358.9067213493,-297136.57055785996,0.03344364171695702,0.6024096385542244,0.0,0.0430848772081216,-0.03481254251203758,4566089.06585807,2608909.291632555,1.750190809815694,4.374999999999996,False,False,rising,falling,buy_advantage_accelerating,accelerating,neutral,False,True,False,pass,S2,🚀 발사 진행,가격 상승 초입과 실제 매수수급·구조 동반,S0,True,가격 상승 초입과 실제 매수수급·구조 동반,2026-09-05T20:55:55.372412+09:00,2026-09-05T11:40:00Z,33964283536-1
KRW-SONIC,2026-09-05T20:55:55.372412+09:00,1788609355,30.4,51.14317961505517,8.0,0.0,0.0,,0,0.0,complete,,,2945591.4545278,3776392.7536118,-0.12359465201926371,30.3,30.5,0.660066006600668,0.3300330033003229,0.32786885245902103,50.00000000000168,complete_hourly_ordered,/v1/candles/minutes/60,120,False,12.751677852348987,29.8,2026-09-01T06:00:00,33.6,2026-09-01T12:00:00,D-4,9.523809523809534,84.21052631578958,False,0.3218390804597515,24.255836153779402,,True,,-100.0,-100.0,0.03260936567324535,0.6622516556291425,0.0,0.045977011494247044,-0.031427894821163704,,,-100.0,,0.3437718610503211,-0.3278688524590234,0.0,-0.02298850574715683,0.01571292465566998,,,-100.0,,0.3437718610503211,-0.3278688524590234,0.0,-0.02298850574715683,0.01571292465566998,,,-100.0,,0.3437718610503211,-0.3278688524590234,0.0,-0.02298850574715683,0.01571292465566998,,,-100.0,,-19.413693284696258,2.3569023569023573,-1.0,-0.3035952489356619,-0.8201615177813117,,,-100.0,,-19.413693284696258,2.3569023569023573,-1.0,-0.3035952489356619,-0.8201615177813117,,,-432665.346493291,-11097550.785097089,0.03260936567324535,0.6622516556291425,0.0,0.045977011494247044,-0.031427894821163704,0,2691001.769935284,0.0,2.3569023569023573,False,False,falling,falling,unavailable,accelerating,neutral,False,True,False,pass,S0,🌱 초발사 준비,발사 구조 관찰 또는 초기 준비,S0,False,,,2026-09-05T11:40:00Z,33964283536-1
KRW-SOON,2026-09-05T20:55:55.372412+09:00,1788609355,258.0,-43.51697704995807,0.0,0.0,8256.0,0.0,1,0.0,complete,1788608572313,1788608572313,564911.22775089,559888.95116159,0.004465038931764503,257.0,260.0,1.1673151750972721,0.3891050583657574,0.7692307692307693,66.66666666666666,complete_hourly_ordered,/v1/candles/minutes/60,120,False,6.827309236947787,249.0,2026-09-02T10:00:00,266.0,2026-09-04T00:00:00,D-1,3.007518796992481,47.058823529411725,True,-0.7620452310717729,-2.2640195053988084,,False,0.0,,-91.74400000032364,0.0004202541852649233,0.0,0.0,0.0,0.0,,-0.3984466757591833,-100.0,-95.31882076909088,0.005510542282308961,0.0,0.0,0.0,0.0,,-0.3984466757591833,-100.0,-95.31882076909088,0.005510542282308961,0.0,0.0,0.0,0.0,,-0.3984466757591833,-100.0,-95.31882076909088,0.005510542282308961,0.0,0.0,0.0,0.0,,,,,-1.2012623711783235,0.78125,0.0,-0.248346600934779,0.6947476222237428,,,,,-1.2012623711783235,0.78125,0.0,-0.248346600934779,0.6947476222237428,,0.0,0.0,-91744.00000392001,0.0004202541852649233,0.0,0.0,0.0,0.0,8256.0,1076178.5999996602,0.0076715890838217815,0.78125,False,False,flat_or_na,falling,sell_only,accelerating,neutral,False,False,False,pass,S0,🌱 초발사 준비,발사 구조 관찰 또는 초기 준비,S0,False,,,2026-09-05T11:40:00Z,33964283536-1
KRW-SOPH,2026-09-05T20:55:55.372412+09:00,1788609355,6.07,598.0112191921864,8.0,126908584.26659869,165883198.4254774,0.7650478497592512,1451,0.0,complete,1788608467762,1788609663808,19595071.28372489,28359919.19032792,-0.18277238343620275,5.63,6.18,9.769094138543522,7.815275310834813,1.7799352750808972,20.000000000000053,complete_hourly_ordered,/v1/candles/minutes/60,120,False,45.10166358595193,5.41,2026-09-01T18:00:00,7.85,2026-09-02T10:00:00,D-3,22.675159235668787,72.95081967213115,True,0.8762186844378572,29.692825425496466,,True,-0.05320086654941114,-62.83779124462654,-60.2535584946121,6.311446253959957,1.3355592654423987,0.0,0.11106997408367736,-0.07061543471858656,,-2.8113961620561563,677.5252369941115,3534.7732743226616,14.050979298820721,3.056027164685915,0.0,0.16043440700974632,-0.10200445965988436,,-2.8113961620561563,677.5252369941115,3534.7732743226616,14.050979298820721,3.056027164685915,0.0,0.16043440700974632,-0.10200445965988436,,-2.8113961620561563,677.5252369941115,3534.7732743226616,14.050979298820721,3.056027164685915,0.0,0.16043440700974632,-0.10200445965988436,,0.33803570233032587,7974.152963782199,4406.595759754394,-89.4921502368154,7.624113475177308,0.0,0.054505537027504936,-1.1968694752929459,,0.33803570233032587,7974.152963782199,4406.595759754394,-89.4921502368154,7.624113475177308,0.0,0.054505537027504936,-1.1968694752929459,,-0.05320086654941114,-214590450.6858067,-251470386.3048457,6.311446253959957,1.3355592654423987,0.0,0.11106997408367736,-0.07061543471858656,292791782.6920761,19184320.068780944,15.26203595656968,7.624113475177308,False,False,falling,falling,sell_advantage_accelerating,accelerating,neutral,True,True,False,🔴 1차 급등 완료·상승분 반납 / 신규매수 금지,S3,🔴 1차 급등 완료·반납,당일/5D 급등 후 상승분 상당 부분 반납,S3,False,,,2026-09-05T11:40:00Z,33964283536-1
KRW-SPK,2026-09-05T20:55:55.372412+09:00,1788609355,28.3,129.8652817114603,15.0,3365414.1441465905,27756940.251890525,0.12124586188556472,25,0.0,complete,1788608721429,1788609610846,3932685.52269648,10037647.42656228,-0.4369947320539499,27.6,28.8,4.347826086956519,2.53623188405796,1.7361111111111112,41.66666666666688,complete_hourly_ordered,/v1/candles/minutes/60,120,False,23.684210526315773,26.6,2026-08-31T21:00:00,32.9,2026-09-03T20:00:00,D-2,13.981762917933127,73.01587301587304,False,1.072854291417169,7.07117049951253,3.1497267906067576,True,-1.7576063659422276,249.98067350223653,5323.376582756894,0.2684112737731823,-0.35211267605632646,0.0,-0.024950099800391534,0.020274442164855522,0.014693316350375518,-0.5480799864661321,-20.582955249320488,338.4139798643459,0.35964725038189727,-1.0489510489510523,0.0,-0.12475049900200208,0.10136058523747327,0.07293226727773972,-0.5480799864661321,-20.582955249320488,338.4139798643459,0.35964725038189727,-1.0489510489510523,0.0,-0.12475049900200208,0.10136058523747327,0.07293226727773972,-0.5480799864661321,-20.582955249320488,338.4139798643459,0.35964725038189727,-1.0489510489510523,0.0,-0.12475049900200208,0.10136058523747327,0.07293226727773972,-1.1939483399454698,3265.414144149956,36405.76687989338,3.4872958416896864,4.044117647058831,1.0,-0.42270971365252485,-1.7993842657790866,-0.501001456808936,-1.1939483399454698,3265.414144149956,36405.76687989338,3.4872958416896864,4.044117647058831,1.0,-0.42270971365252485,-1.7993842657790866,-0.501001456808936,-1.7576063659422276,2403814.1476470456,27245138.428278625,0.2684112737731823,-0.35211267605632646,0.0,-0.024950099800391534,0.020274442164855522,31122354.396037117,16225295.356745642,1.9181379267218113,4.044117647058831,False,False,rising,rising,sell_advantage_accelerating,accelerating,neutral,True,True,False,🔴 1차 급등 완료·상승분 반납 / 신규매수 금지,S3,🔴 1차 급등 완료·반납,당일/5D 급등 후 상승분 상당 부분 반납,S2,True,당일/5D 급등 후 상승분 상당 부분 반납,2026-09-05T20:55:55.372412+09:00,2026-09-05T11:40:00Z,33964283536-1
KRW-SPX,2026-09-05T20:55:55.372412+09:00,1788609355,807.0,,,698256.00416034,663988.0059924,1.0516093632093892,5,0.0,complete,1788608955021,1788609630326,84605.72226485,117365.68771844,-0.1622010038762435,823.0,830.0,0.8505467800729027,-1.9441069258809285,2.7710843373493974,328.57142857142946,complete_hourly_ordered,/v1/candles/minutes/60,120,False,29.469273743016757,716.0,2026-09-03T09:00:00,927.0,2026-09-04T18:00:00,D-1,12.944983818770229,56.87203791469193,False,,,,True,1.0516093632093892,,-5.144570568159079,,0.248447204968949,,,,,0.941891961303402,-57.97054210651644,-95.61494687578973,,-0.12376237623762387,,,,,0.941891961303402,-57.97054210651644,-95.61494687578973,,-0.12376237623762387,,,,,0.941891961303402,-57.97054210651644,-95.61494687578973,,-0.12376237623762387,,,,,-1.267351154323825,236.87522830341274,642.8617327887506,,-2.6537997587454787,,,,,-1.267351154323825,236.87522830341274,642.8617327887506,,-2.6537997587454787,,,,,1.0516093632093892,698256.00416034,-36011.993975460064,,0.248447204968949,,,,1362244.01015274,3314080.792187395,0.41104731464727423,-2.6537997587454787,False,False,rising,falling,buy_advantage_accelerating,flat_or_na,neutral,False,True,False,pass,S0,🌱 초발사 준비,발사 구조 관찰 또는 초기 준비,S0,False,,,2026-09-05T11:40:00Z,33964283536-1
KRW-STEEM,2026-09-05T20:55:55.372412+09:00,1788609355,62.1,59.234562814113254,13.0,103428.9999995,7014322.425203244,0.014745401441466112,6,0.0,complete,1788609167752,1788609607750,772515.08436436,1079651.25057374,-0.1658253691451771,61.4,62.3,1.4657980456026065,1.140065146579805,0.3210272873194153,22.22222222222222,complete_hourly_ordered,/v1/candles/minutes/60,120,False,8.762886597938135,58.2,2026-09-03T08:00:00,63.3,2026-09-03T13:00:00,D-2,1.579778830963663,19.607843137254843,True,0.41639272408502404,4.555337126192871,3.851904687928932,True,,-88.361349170297,,0.19549531606275394,-0.32102728731941976,0.0,-0.021915406530803594,0.018344690016699694,0.027377062618827885,,-94.26323213206716,,0.29640923599489355,-0.1607717041800627,0.0,-0.010957703265401797,0.009172464421267179,0.013709910162928995,,-94.26323213206716,,0.29640923599489355,-0.1607717041800627,0.0,-0.010957703265401797,0.009172464421267179,0.013709910162928995,,-94.26323213206716,,0.29640923599489355,-0.1607717041800627,0.0,-0.010957703265401797,0.009172464421267179,0.013709910162928995,0.014745401441466112,,415.02580375066555,30.823663460595505,1.3050570962479746,0.0,-0.4457715292586206,-0.7329497594784167,-0.1378334237135186,0.014745401441466112,,415.02580375066555,30.823663460595505,1.3050570962479746,0.0,-0.4457715292586206,-0.7329497594784167,-0.1378334237135186,,-785239.295947131,7014322.425203244,0.19549531606275394,-0.32102728731941976,0.0,-0.021915406530803594,0.018344690016699694,7117751.425202744,5636998.540225669,1.262684631619187,1.3050570962479746,False,False,falling,rising,sell_advantage_weakening,accelerating,neutral,False,False,False,pass,S0,🌱 초발사 준비,발사 구조 관찰 또는 초기 준비,S1,True,발사 구조 관찰 또는 초기 준비,2026-09-05T20:55:55.372412+09:00,2026-09-05T11:40:00Z,33964283536-1
KRW-STORJ,2026-09-05T20:55:55.372412+09:00,1788609355,76.5,-47.728105576960864,6.0,13388899.50776556,14833771.538261082,0.9025957743269315,59,0.0,complete,1788608502052,1788609470174,1815590.29723002,1892761.81136811,-0.020810190585505955,78.6,81.6,3.8167938931297662,-2.6717557251908275,6.249999999999994,169.99999999999977,complete_hourly_ordered,/v1/candles/minutes/60,120,False,60.24653312788906,64.9,2026-08-31T21:00:00,104.0,2026-09-01T09:00:00,D-4,26.346153846153854,70.07672634271103,True,1.824012828222088,36.67513283575112,,True,0.5235887570401352,232.73703968323852,39.718882514404605,0.018508099659257482,0.0,0.0,0.0,0.0,,-0.4033679171891491,50.59415454132101,117.89432609762054,0.05383984418361365,-0.390625,0.0,-0.030066145520146748,0.017217801900216045,,-0.4033679171891491,50.59415454132101,117.89432609762054,0.05383984418361365,-0.390625,0.0,-0.030066145520146748,0.017217801900216045,,-0.4033679171891491,50.59415454132101,117.89432609762054,0.05383984418361365,-0.390625,0.0,-0.030066145520146748,0.017217801900216045,,-2.719074273042364,-31.47592240693592,174.95320319605082,-4195.8569187721705,5.371900826446296,0.0,0.10146591957858053,-1.9477327915688534,,-2.719074273042364,-31.47592240693592,174.95320319605082,-4195.8569187721705,5.371900826446296,0.0,0.10146591957858053,-1.9477327915688534,,0.5235887570401352,9365031.434493158,4216901.956061436,0.018508099659257482,0.0,0.0,0.0,0.0,28222671.04602664,24883530.0209141,1.134190809033367,5.371900826446296,False,False,rising,rising,sell_advantage_weakening,accelerating,leading_buy_inflow,True,True,False,🔴 1차 급등 완료·상승분 반납 / 신규매수 금지,S3,🔴 1차 급등 완료·반납,당일/5D 급등 후 상승분 상당 부분 반납,S3,False,,,2026-09-05T11:40:00Z,33964283536-1
KRW-STRAX,2026-09-05T20:55:55.372412+09:00,1788609355,13.1,135.08899843374502,10.0,257502.84286862297,6497981.311540602,0.03962812918702775,32,0.0,complete,1788608457964,1788609770213,27683858.64489977,54632295.39133507,-0.32737725737979495,13.0,13.2,1.538461538461533,0.7692307692307665,0.7575757575757549,50.0,complete_hourly_ordered,/v1/candles/minutes/60,120,False,17.599999999999994,12.5,2026-08-31T22:00:00,14.7,2026-09-01T18:00:00,D-4,11.564625850340127,77.27272727272725,False,0.05109862033727541,11.970327076542656,,True,0.03962812918702775,,-7.755129092356594,0.2554516108945677,0.0,0.0,0.0,0.0,,-0.5481185090995786,604.7535247427656,10352.588186368152,0.5272350223261526,0.0,0.0,0.0,0.0,,-0.5481185090995786,604.7535247427656,10352.588186368152,0.5272350223261526,0.0,0.0,0.0,0.0,,-0.5481185090995786,604.7535247427656,10352.588186368152,0.5272350223261526,0.0,0.0,0.0,0.0,,,-92.39678362788256,,-48.265898849462786,0.0,-3.0,-0.35915778991915115,-0.33512584026396297,,,-92.39678362788256,,-48.265898849462786,0.0,-3.0,-0.35915778991915115,-0.33512584026396297,,0.03962812918702775,257502.84286862297,-546292.5300331516,0.2554516108945677,0.0,0.0,0.0,0.0,6755484.154409225,3386761.9999996154,1.9946734238809791,0.0,False,False,rising,falling,sell_advantage_weakening,accelerating,leading_buy_inflow,True,True,False,🔴 1차 급등 완료·상승분 반납 / 신규매수 금지,S3,🔴 1차 급등 완료·반납,당일/5D 급등 후 상승분 상당 부분 반납,S3,False,,,2026-09-05T11:40:00Z,33964283536-1
KRW-STX,2026-09-05T20:55:55.372412+09:00,1788609355,357.0,-36.837503845258176,9.0,1901025.0,1867368.80922355,1.0180233227684918,12,0.0,complete,1788608575553,1788609627535,1969515.88471087,1113443.12022006,0.2776789321952042,362.0,368.0,1.6574585635359185,-1.3812154696132617,2.989130434782609,183.33333333333312,complete_hourly_ordered,/v1/candles/minutes/60,120,False,15.476190476190466,336.0,2026-09-01T00:00:00,388.0,2026-09-03T13:00:00,D-2,8.247422680412376,61.5384615384615,True,1.8786692759295454,-25.14799122569789,,True,-0.4423354820487375,-68.80921533481414,-55.2566861718935,0.011320846057827794,0.0,0.0,0.0,0.0,,0.5180829759501644,-33.60199728484859,-67.39265224770699,0.04291652798415413,0.0,0.0,0.0,0.0,,0.5180829759501644,-33.60199728484859,-67.39265224770699,0.04291652798415413,0.0,0.0,0.0,0.0,,0.5180829759501644,-33.60199728484859,-67.39265224770699,0.04291652798415413,0.0,0.0,0.0,0.0,,0.7062133447915522,-37.358793191962725,-80.81364849073815,14.254815853278295,-1.1080332409972304,0.0,-1.3334519361916763,-2.453466730020658,,0.7062133447915522,-37.358793191962725,-80.81364849073815,14.254815853278295,-1.1080332409972304,0.0,-1.3334519361916763,-2.453466730020658,,-0.4423354820487375,-4193804.0349420495,-2306145.95635137,0.011320846057827794,0.0,0.0,0.0,0.0,3768393.80922355,104232802.84341481,0.0361536263673603,-1.1080332409972304,False,False,falling,falling,buy_advantage_weakening,accelerating,neutral,True,True,False,🔴 1차 급등 완료·상승분 반납 / 신규매수 금지,S3,🔴 1차 급등 완료·반납,당일/5D 급등 후 상승분 상당 부분 반납,S4,True,당일/5D 급등 후 상승분 상당 부분 반납,2026-09-05T20:55:55.372412+09:00,2026-09-05T11:40:00Z,33964283536-1
KRW-SUI,2026-09-05T20:55:55.372412+09:00,1788609355,1074.0,-2.2671962940413293,8.0,83472169.08335635,52166169.30576661,1.6001207333069227,133,0.0,complete,1788608510309,1788609709523,369967.72053088,602196.74697848,-0.2388783320198484,1035.0,1085.0,4.8309178743961345,3.7681159420289934,1.0138248847926268,21.999999999999826,complete_hourly_ordered,/v1/candles/minutes/60,120,False,12.280701754385959,969.0,2026-09-02T19:00:00,1088.0,2026-09-04T02:00:00,D-1,1.378676470588236,12.6050420168067,True,-0.5336514314414731,9.419399102369852,,False,1.1874589043079502,289.79207976092994,0.5251098965701306,0.29058726255297707,0.37383177570093906,0.0,0.025113008538424353,-0.020280714668450273,,1.393360500100803,285.90423943459683,-50.135231123573675,0.44878798461442937,0.1865671641791078,0.0,0.012556504269223279,-0.010140212391233305,,1.393360500100803,285.90423943459683,-50.135231123573675,0.44878798461442937,0.1865671641791078,0.0,0.012556504269223279,-0.010140212391233305,,1.393360500100803,285.90423943459683,-50.135231123573675,0.44878798461442937,0.1865671641791078,0.0,0.012556504269223279,-0.010140212391233305,,-2.255558256188409,-34.271719329452196,58.380018158587845,3.5842888815010188,3.9690222652468465,-2.0,-0.6719901096782777,0.1918196765018525,,-2.255558256188409,-34.271719329452196,58.380018158587845,3.5842888815010188,3.9690222652468465,-2.0,-0.6719901096782777,0.1918196765018525,,1.1874589043079502,62057632.09877932,272498.7995217815,0.29058726255297707,0.37383177570093906,0.0,0.025113008538424353,-0.020280714668450273,135638338.38912296,172456310.96571746,0.78650840685144,3.9690222652468465,False,False,rising,rising,buy_advantage_accelerating,accelerating,leading_buy_inflow,False,False,False,pass,S0,🌱 초발사 준비,발사 구조 관찰 또는 초기 준비,S0,False,,,2026-09-05T11:40:00Z,33964283536-1
KRW-SUN,2026-09-05T20:55:55.372412+09:00,1788609355,22.7,-27.875160704217006,4.0,2036549.8392720371,360184.346139437,5.654187532302235,14,0.0,complete,1788608660346,1788609361605,2636815.97761248,4389258.06075647,-0.24941981447590983,22.7,22.7,0.0,0.0,0.0,,complete_hourly_ordered,/v1/candles/minutes/60,120,False,3.65296803652968,21.9,2026-09-02T19:00:00,22.7,2026-09-04T00:00:00,D-1,0.0,0.0,True,-0.5701254275940704,11.491737241094924,,False,,353.95931260419616,,0.3681937245648683,0.4424778761061843,0.0,0.028506271379702408,-0.02256841138239274,,,,,0.4964455424315126,0.0,0.0,0.0,0.0,,,,,0.4964455424315126,0.0,0.0,0.0,0.0,,,,,0.4964455424315126,0.0,0.0,0.0,0.0,,,,,-51.41118196883585,0.8888888888888946,0.0,-0.11609591567579569,0.3102959650244195,,,,,-51.41118196883585,0.8888888888888946,0.0,-0.11609591567579569,0.3102959650244195,,,1587930.3743272373,360184.346139437,0.3681937245648683,0.4424778761061843,0.0,0.028506271379702408,-0.02256841138239274,2396734.185411474,495515.21084613755,4.836852901687582,0.8888888888888946,False,False,rising,rising,buy_advantage_weakening,accelerating,neutral,False,False,False,pass,S0,🌱 초발사 준비,발사 구조 관찰 또는 초기 준비,S0,False,,,2026-09-05T11:40:00Z,33964283536-1
KRW-SUPER,2026-09-05T20:55:55.372412+09:00,1788609355,155.0,-52.77250862400982,8.0,0.0,246815.28662295002,0.0,1,0.0,complete,1788609128435,1788609128435,487501.00302517,750595.05327605,-0.21249890015550707,155.0,157.0,1.2903225806451646,0.0,1.2738853503184715,100.0,complete_hourly_ordered,/v1/candles/minutes/60,120,False,10.344827586206895,145.0,2026-09-03T04:00:00,160.0,2026-09-04T06:00:00,D-1,3.125,33.33333333333341,True,0.7029876977153071,-7.284535720554677,,False,-0.255412258064522,-100.0,-93.78980891722763,0.02829742482153108,0.0,0.0,0.0,0.0,,,-100.0,,0.6290025045636369,-1.273885350318471,0.0,-0.08787346221441616,0.08105253194635154,,,-100.0,,0.6290025045636369,-1.273885350318471,0.0,-0.08787346221441616,0.08105253194635154,,,-100.0,,0.6290025045636369,-1.273885350318471,0.0,-0.08787346221441616,0.08105253194635154,,0.0,,-8.221516548126795,16.36013683095065,0.0,-1.0,-0.36273166285307745,-0.9914825973789716,,0.0,,-8.221516548126795,16.36013683095065,0.0,-1.0,-0.36273166285307745,-0.9914825973789716,,-0.255412258064522,-1015099.9999998,-3727543.68773515,0.02829742482153108,0.0,0.0,0.0,0.0,246815.28662295002,616089.14143717,0.40061619337616705,0.0,False,False,falling,falling,sell_only,accelerating,neutral,False,False,False,pass,S0,🌱 초발사 준비,발사 구조 관찰 또는 초기 준비,S0,False,,,2026-09-05T11:40:00Z,33964283536-1
KRW-SYRUP,2026-09-05T20:55:55.372412+09:00,1788609355,291.0,219.31461423028998,8.0,0.0,0.0,,0,0.0,complete,,,530380.4339153,567044.54794233,-0.033409221252616375,299.0,303.0,1.3377926421404673,-2.6755852842809347,3.9603960396039604,300.0,complete_hourly_ordered,/v1/candles/minutes/60,120,False,32.644628099173545,242.0,2026-08-31T21:00:00,321.0,2026-09-05T02:00:00,D0,9.345794392523366,37.97468354430375,True,0.22338049143706407,-7.910208444681984,,False,,-100.0,-100.0,0.0010914475249705902,0.0,0.0,0.0,0.0,,,,-100.0,0.17747086667660028,0.0,0.0,0.0,0.0,,,,-100.0,0.17747086667660028,0.0,0.0,0.0,0.0,,,,-100.0,0.17747086667660028,0.0,0.0,0.0,0.0,,,-100.0,-100.0,4.242252612982213,-6.430868167202575,0.0,-1.3854681762351273,-0.23839171585941088,,,-100.0,-100.0,4.242252612982213,-6.430868167202575,0.0,-1.3854681762351273,-0.23839171585941088,,,-31092.48375598,-110379.31034262001,0.0010914475249705902,0.0,0.0,0.0,0.0,0,5418380.61917896,0.0,-6.430868167202575,False,False,falling,falling,unavailable,accelerating,neutral,False,False,False,pass,S0,🌱 초발사 준비,발사 구조 관찰 또는 초기 준비,S0,False,,,2026-09-05T11:40:00Z,33964283536-1
KRW-T,2026-09-05T20:55:55.372412+09:00,1788609355,5.91,9436.41426285423,10.0,63207238.67103164,15783076.35124117,4.004747697115529,89,0.0,complete,1788608589271,1788609528421,24372312.09124616,22753780.1656046,0.03434470901640004,5.9,5.92,0.3389830508474523,0.16949152542371504,0.16891891891891533,50.000000000003276,complete_hourly_ordered,/v1/candles/minutes/60,120,False,71.34146341463415,4.92,2026-09-01T04:00:00,8.43,2026-09-02T20:00:00,D-3,30.13048635824437,72.36467236467237,True,0.5920078934385842,8.61240668375422,4.58543831723806,False,2.95503242549306,741.226508293103,120.50036093033847,4.121653058862648,0.5102040816326481,0.0,0.049333991119882015,-0.0397020664033505,-0.04069596481782778,2.8810787970648306,312.3651465324147,15.703141787700115,9.705382922049466,1.3722126929674117,0.0,0.08633448445978242,-0.06948153588438188,-0.07144845985020432,2.8810787970648306,312.3651465324147,15.703141787700115,9.705382922049466,1.3722126929674117,0.0,0.08633448445978242,-0.06948153588438188,-0.07144845985020432,2.8810787970648306,312.3651465324147,15.703141787700115,9.705382922049466,1.3722126929674117,0.0,0.08633448445978242,-0.06948153588438188,-0.07144845985020432,3.640600557767707,1665.8885745432967,60.57023349813131,-626.8111510464441,-0.5050505050505083,-1.0,-0.5929740199953626,-0.9162489881310005,-0.10493743607769979,3.640600557767707,1665.8885745432967,60.57023349813131,-626.8111510464441,-0.5050505050505083,-1.0,-0.5929740199953626,-0.9162489881310005,-0.10493743607769979,2.95503242549306,55693538.371776596,8625230.31205603,4.121653058862648,0.5102040816326481,0.0,0.049333991119882015,-0.0397020664033505,78990315.02227281,78111428.46887162,1.011251702479765,-0.5050505050505083,False,True,rising,rising,buy_advantage_accelerating,accelerating,neutral,True,True,False,🔴 1차 급등 완료·상승분 반납 / 신규매수 금지,S1,⚡ 선행 시동,가격 미급등 상태에서 선행조건 5개 개선,S3,True,가격 미급등 상태에서 선행조건 5개 개선,2026-09-05T20:55:55.372412+09:00,2026-09-05T11:40:00Z,33964283536-1
KRW-TAIKO,2026-09-05T20:55:55.372412+09:00,1788609355,108.0,343.0981799658862,7.0,43434.78269688,107083.36650447,0.4056165221053906,3,0.0,complete,1788608720832,1788609527578,1776595.27877947,3475531.48117958,-0.32347585655250954,109.0,110.0,0.917431192660545,-0.917431192660545,1.8181818181818181,200.0,complete_hourly_ordered,/v1/candles/minutes/60,120,False,15.999999999999993,100.0,2026-08-31T23:00:00,116.0,2026-09-04T19:00:00,D-1,7.758620689655171,56.249999999999936,False,-0.0644288383480407,18.467219469887116,,False,0.25740237437143526,-96.89190715203526,-98.86428853995399,1.4996638065501884,0.9345794392523255,0.0,0.0644288383480518,-0.047210430759474065,,,0.0,,2.170176951680503,0.0,0.0,0.0,0.0,,,0.0,,2.170176951680503,0.0,0.0,0.0,0.0,,,0.0,,2.170176951680503,0.0,0.0,0.0,0.0,,,-95.34433775770586,,35.17698907979724,-0.917431192660545,0.0,-0.4525020548282188,-0.32627187108500166,,,-95.34433775770586,,35.17698907979724,-0.917431192660545,0.0,-0.4525020548282188,-0.32627187108500166,,0.25740237437143526,-1354039.00015109,-9321664.187045127,1.4996638065501884,0.9345794392523255,0.0,0.0644288383480518,-0.047210430759474065,150518.14920135,6298343.99883111,0.023898051492469163,-0.917431192660545,False,True,falling,falling,sell_advantage_weakening,accelerating,neutral,False,False,False,pass,S0,🌱 초발사 준비,발사 구조 관찰 또는 초기 준비,S0,False,,,2026-09-05T11:40:00Z,33964283536-1
KRW-TAO,2026-09-05T20:55:55.372412+09:00,1788609355,326900.0,-42.15409907537748,11.0,10160535.504107002,13045845.488231,0.7788330402405186,52,0.0,complete,1788608534811,1788609604442,558.14425505,466.70150805,0.08922586236137606,307800.0,327900.0,6.530214424951275,6.205328135152688,0.3049710277523635,4.975124378109701,complete_hourly_ordered,/v1/candles/minutes/60,120,False,10.926928281461446,295600.0,2026-09-02T20:00:00,327900.0,2026-09-05T20:00:00,D0,0.0,0.0,False,0.25502205313656656,3.0096513091705193,4.068418035172673,False,-0.5552940569244542,-48.88773729527962,-12.445606248646513,0.2535333906996655,0.522755227552274,0.0,0.07525240912227282,-0.06398138186341829,-0.15962563618318182,0.12799236290938243,-73.05514667832706,-77.48322723821524,0.9690376559972407,0.27607361963191135,0.0,0.03762620456113641,-0.031989235250785786,-0.07911286773791026,0.12799236290938243,-73.05514667832706,-77.48322723821524,0.9690376559972407,0.27607361963191135,0.0,0.03762620456113641,-0.031989235250785786,-0.07911286773791026,0.12799236290938243,-73.05514667832706,-77.48322723821524,0.9690376559972407,0.27607361963191135,0.0,0.03762620456113641,-0.031989235250785786,-0.07911286773791026,,,,7.181473848754408,6.899934597776314,1.0,0.03702469425841404,-0.633871443007961,-0.4333261543458615,,,,7.181473848754408,6.899934597776314,1.0,0.03702469425841404,-0.633871443007961,-0.4333261543458615,-0.5552940569244542,-9718325.196709994,-1854429.5628189947,0.2535333906996655,0.522755227552274,0.0,0.07525240912227282,-0.06398138186341829,23206380.992338,12704799.497868499,1.8265838037216855,6.899934597776314,False,False,falling,falling,sell_advantage_accelerating,accelerating,neutral,False,False,False,pass,S0,🌱 초발사 준비,발사 구조 관찰 또는 초기 준비,S2,True,발사 구조 관찰 또는 초기 준비,2026-09-05T20:55:55.372412+09:00,2026-09-05T11:40:00Z,33964283536-1
KRW-TFUEL,2026-09-05T20:55:55.372412+09:00,1788609355,13.0,-64.5415305375263,12.0,5036282.530768988,90542.692314496,55.62329109096607,15,0.0,complete,1788609046834,1788609497458,5703566.30600606,24309871.83458826,-0.6199324929527639,12.7,13.0,2.3622047244094446,2.3622047244094446,0.0,0.0,complete_hourly_ordered,/v1/candles/minutes/60,120,False,9.243697478991585,11.9,2026-09-02T05:00:00,13.0,2026-09-05T19:00:00,D0,1.538461538461533,18.18181818181813,False,0.4836109618484796,1.5400816111623032,1.3047238556249692,False,54.35878015345825,37860.97483066384,762.9850361304796,0.08374946557360374,0.7751937984496138,0.0,0.0,0.0,0.0,,,,0.0848425690410437,0.7751937984496138,0.0,0.0,0.0,0.0,,,,0.0848425690410437,0.7751937984496138,0.0,0.0,0.0,0.0,,,,0.0848425690410437,0.7751937984496138,0.0,0.0,0.0,0.0,47.98462748204222,19.95810162862415,-83.52633280890167,-18.547909388263953,1.5625,0.0,-0.3293971682328145,-0.8157160133537387,-0.5122298501699201,47.98462748204222,19.95810162862415,-83.52633280890167,-18.547909388263953,1.5625,0.0,-0.3293971682328145,-0.8157160133537387,-0.5122298501699201,54.35878015345825,5023015.530769028,80050.889035904,0.08374946557360374,0.7751937984496138,0.0,0.0,0.0,5126825.223083484,513216.0,9.989605201481412,1.5625,False,True,rising,rising,buy_advantage_accelerating,accelerating,neutral,False,False,False,pass,S2,🚀 발사 진행,가격 상승 초입과 실제 매수수급·구조 동반,S0,True,가격 상승 초입과 실제 매수수급·구조 동반,2026-09-05T20:55:55.372412+09:00,2026-09-05T11:40:00Z,33964283536-1
KRW-THETA,2026-09-05T20:55:55.372412+09:00,1788609355,241.0,-26.043427049326073,7.0,0.0,0.0,,0,0.0,complete,,,300837.14838965,418064.33036982,-0.1630643216681877,238.0,244.0,2.5210084033613356,1.2605042016806678,1.2295081967213115,50.0,complete_hourly_ordered,/v1/candles/minutes/60,120,False,8.333333333333325,228.0,2026-09-02T22:00:00,247.0,2026-09-04T12:00:00,D-1,2.429149797570851,31.578947368420906,False,-0.49099836333879043,-4.187640569776149,,False,,-100.0,,0.0027722710736028944,-0.4132231404958664,0.0,-0.027277686852156258,0.024839795781472773,,,,-100.0,0.04727839656790778,0.0,0.0,0.0,0.0,,,,-100.0,0.04727839656790778,0.0,0.0,0.0,0.0,,,,-100.0,0.04727839656790778,0.0,0.0,0.0,0.0,,,,,-7.880800449667593,1.2605042016806678,0.0,-0.8742450099306298,0.15152574122114348,,,,,-7.880800449667593,1.2605042016806678,0.0,-0.8742450099306298,0.15152574122114348,,,-13283.999999160002,0.0,0.0027722710736028944,-0.4132231404958664,0.0,-0.027277686852156258,0.024839795781472773,0,1123238.99999458,0.0,1.2605042016806678,False,False,falling,flat_or_na,unavailable,accelerating,neutral,False,False,False,pass,S0,🌱 초발사 준비,발사 구조 관찰 또는 초기 준비,S0,False,,,2026-09-05T11:40:00Z,33964283536-1
KRW-TIA,2026-09-05T20:55:55.372412+09:00,1788609355,496.0,88.61472774946857,10.0,0.0,9346343.219537102,0.0,14,0.0,complete,1788609143217,1788609655835,177220.69678617,135231.86535362,0.13438466033049962,480.0,506.0,5.41666666666667,3.3333333333333437,1.9762845849802373,38.461538461538304,complete_hourly_ordered,/v1/candles/minutes/60,120,False,15.212527964205824,447.0,2026-09-01T01:00:00,515.0,2026-09-03T19:00:00,D-2,3.689320388349515,27.941176470588214,False,-0.5959637003927987,9.130024299267921,,False,-0.0728571432051449,-100.0,13251.918954692797,0.4635107579124025,0.20202020202020332,0.0,0.013544629554373966,-0.010975545957272459,,0.0,,26603.83795260003,0.4729980687505275,-0.2012072434607659,0.0,-0.013544629554385068,0.010975206220196654,,0.0,,26603.83795260003,0.4729980687505275,-0.2012072434607659,0.0,-0.013544629554385068,0.010975206220196654,,0.0,,26603.83795260003,0.4729980687505275,-0.2012072434607659,0.0,-0.013544629554385068,0.010975206220196654,,,,,-1.0735193396087226,3.3333333333333437,-2.0,-0.7044382766639878,0.31616667340529503,,,,,-1.0735193396087226,3.3333333333333437,-2.0,-0.7044382766639878,0.31616667340529503,,-0.0728571432051449,-5099.99999776,9276343.219902202,0.4635107579124025,0.20202020202020332,0.0,0.013544629554373966,-0.010975545957272459,9346343.219537102,1246631.19484313,7.497280076256395,3.3333333333333437,False,False,falling,rising,sell_only,accelerating,neutral,False,False,False,pass,S0,🌱 초발사 준비,발사 구조 관찰 또는 초기 준비,S0,False,,,2026-09-05T11:40:00Z,33964283536-1
KRW-TOKAMAK,2026-09-05T20:55:55.372412+09:00,1788609355,436.0,-83.26511855778874,5.0,281603.86528832006,296680.49999768,0.9491822525933525,9,0.0,complete,1788608945999,1788609299288,203772.43630273,125787.64339244,0.23663300780368435,437.0,446.0,2.0594965675057253,-0.22883295194507935,2.242152466367713,111.11111111111104,complete_hourly_ordered,/v1/candles/minutes/60,120,False,8.872901678657064,417.0,2026-08-31T19:00:00,454.0,2026-09-04T00:00:00,D-1,3.964757709251099,48.64864864864866,False,0.18498535532602833,21.584242040329997,,True,,5020.070276740639,,0.005123860876537378,0.22988505747125743,0.0,0.015415446277167177,-0.010883295255656122,,,-71.83961347115815,,0.005503152192716243,-0.22883295194507935,0.0,-0.015415446277189382,0.010882966970925168,,,-71.83961347115815,,0.005503152192716243,-0.22883295194507935,0.0,-0.015415446277189382,0.010882966970925168,,,-71.83961347115815,,0.005503152192716243,-0.22883295194507935,0.0,-0.015415446277189382,0.010882966970925168,,0.9491822525933525,,196.6805000025456,-2.745738236991457,0.4608294930875667,-1.0,-0.5142066894222586,-0.6476463652497308,,0.9491822525933525,,196.6805000025456,-2.745738236991457,0.4608294930875667,-1.0,-0.5142066894222586,-0.6476463652497308,,,276103.8652870001,296680.49999768,0.005123860876537378,0.22988505747125743,0.0,0.015415446277167177,-0.010883295255656122,578284.3652860001,1786671.9798213548,0.3236656598509041,0.4608294930875667,False,False,rising,rising,sell_advantage_weakening,accelerating,neutral,False,False,False,pass,S0,🌱 초발사 준비,발사 구조 관찰 또는 초기 준비,S0,False,,,2026-09-05T11:40:00Z,33964283536-1
KRW-TOSHI,2026-09-05T20:55:55.372412+09:00,1788609355,0.165,9.856656379640816,11.0,9654.912280701601,214124.23336769774,0.04509023630278233,4,0.0,complete,1788608687739,1788609228185,256267604.96341124,741177597.9096227,-0.4861520127115557,0.163,0.168,3.0674846625766916,1.2269938650306678,1.7857142857142874,60.000000000000284,complete_hourly_ordered,/v1/candles/minutes/60,120,False,7.594936708860756,0.158,2026-09-03T13:00:00,0.17,2026-09-04T02:00:00,D-1,2.941176470588236,41.66666666666662,False,-0.46493607129021175,7.377529406462674,9.277606700914156,False,-0.3094024573215187,-72.26592619096827,118.04114007564372,0.022171316566121035,0.0,0.0,0.0,0.0,0.0,-0.20041394379738603,-98.85433677971938,-93.76217264249381,0.5019469810160881,0.0,0.0,0.0,0.0,0.0,-0.20041394379738603,-98.85433677971938,-93.76217264249381,0.5019469810160881,0.0,0.0,0.0,0.0,0.0,-0.20041394379738603,-98.85433677971938,-93.76217264249381,0.5019469810160881,0.0,0.0,0.0,0.0,0.0,,,,-27.325094251061728,1.85185185185186,-1.0,-0.7369920370889016,-0.08301578722454206,2.379629250711333,,,,-27.325094251061728,1.85185185185186,-1.0,-0.7369920370889016,-0.08301578722454206,2.379629250711333,-0.3094024573215187,-25157.543859648875,115920.64055332662,0.022171316566121035,0.0,0.0,0.0,0.0,223779.14564839934,1245037.703247351,0.1797368425588484,1.85185185185186,False,False,falling,rising,sell_advantage_accelerating,accelerating,neutral,False,False,False,pass,S0,🌱 초발사 준비,발사 구조 관찰 또는 초기 준비,S1,True,발사 구조 관찰 또는 초기 준비,2026-09-05T20:55:55.372412+09:00,2026-09-05T11:40:00Z,33964283536-1
KRW-TRAC,2026-09-05T20:55:55.372412+09:00,1788609355,439.0,,,652806.3999921,0.0,,8,0.0,complete,1788608794409,1788609348634,127895.02214932,45358.16023759,0.47639449258373917,450.0,453.0,0.6666666666666599,-2.444444444444449,3.090507726269316,466.6666666666711,complete_hourly_ordered,/v1/candles/minutes/60,120,False,8.23798627002288,437.0,2026-09-03T11:00:00,473.0,2026-09-03T23:00:00,D-2,7.188160676532773,94.44444444444446,False,,,,False,,689.160951093476,-100.0,,-0.2272727272727315,,,,,,6404.647272420202,-100.0,,-1.7897091722595126,,,,,,6404.647272420202,-100.0,,-1.7897091722595126,,,,,,6404.647272420202,-100.0,,-1.7897091722595126,,,,,,4182.060462086285,,,-2.00892857142857,,,,,,4182.060462086285,,,-2.00892857142857,,,,,,570084.8209418999,-5264401.81776492,,-0.2272727272727315,,,,652806.3999921,1118155.3466859502,0.5838244229005596,-2.00892857142857,False,False,rising,falling,buy_only,flat_or_na,neutral,False,False,False,pass,S0,🌱 초발사 준비,발사 구조 관찰 또는 초기 준비,S0,False,,,2026-09-05T11:40:00Z,33964283536-1
KRW-TREE,2026-09-05T20:55:55.372412+09:00,1788609355,57.6,-48.20506190150008,8.0,5208567.5986323515,19284272.651116762,0.2700940654005284,46,0.0,complete,1788608481063,1788609273641,1072633.54457333,1613893.51664354,-0.20147199701946966,57.0,58.5,2.6315789473684292,1.0526315789473717,1.538461538461536,60.0,complete_hourly_ordered,/v1/candles/minutes/60,120,False,10.169491525423723,53.1,2026-09-02T03:00:00,58.5,2026-09-05T09:00:00,D0,1.538461538461533,16.666666666666632,False,0.48219584569733076,18.74523526838717,,True,-9.892066818738705,-24.001286409999057,2759.4154904660027,0.19471099360348632,-0.34602076124566894,0.0,-0.049455984174096024,0.03592872869036512,,0.2700940654005284,,2772.6441390149157,0.22391600462012917,0.0,0.0,-0.03709198813057757,0.02694688327381911,,0.2700940654005284,,2772.6441390149157,0.22391600462012917,0.0,0.0,-0.03709198813057757,0.02694688327381911,,0.2700940654005284,,2772.6441390149157,0.22391600462012917,0.0,0.0,-0.03709198813057757,0.02694688327381911,,0.2622020960407357,9028.069256825003,166.7161264061874,-296.08268079050237,0.6993006993006867,-2.0,-0.42859641880672594,-0.8891049541883547,,0.2622020960407357,9028.069256825003,166.7161264061874,-296.08268079050237,0.6993006993006867,-2.0,-0.42859641880672594,-0.8891049541883547,,-9.892066818738705,-1644926.8259333242,18609859.551117294,0.19471099360348632,-0.34602076124566894,0.0,-0.049455984174096024,0.03592872869036512,24492840.249749113,9004470.72878341,2.7200755033225956,0.6993006993006867,False,True,falling,rising,sell_advantage_accelerating,accelerating,neutral,False,False,False,pass,S0,🌱 초발사 준비,발사 구조 관찰 또는 초기 준비,S0,False,,,2026-09-05T11:40:00Z,33964283536-1
KRW-TRUMP,2026-09-05T20:55:55.372412+09:00,1788609355,3257.0,-70.54945729409724,9.0,89700064.3837485,271815526.9829284,0.3300034599913867,353,0.0,complete,1788608498723,1788609465097,124047.79642867,136460.25844862,-0.04764713331338943,3156.0,3351.0,6.178707224334601,3.2002534854245868,2.805132796180245,48.205128205128226,complete_hourly_ordered,/v1/candles/minutes/60,120,False,16.081081081081084,2960.0,2026-09-03T02:00:00,3436.0,2026-09-04T02:00:00,D-1,5.296856810244465,38.23529411764712,True,1.4157458563536007,-23.992909936953076,,True,-0.5177402825280548,-42.07807810903639,48.79524850753345,0.09362280211090024,-0.5799755799755779,0.0,-0.02640558986024555,0.02727916515336659,,-1.2316149756148684,-32.729223873903926,218.33388710165244,0.15776138332796563,-0.48884815154293104,0.0,-0.008124796880082386,0.008393823775801224,,-1.2316149756148684,-32.729223873903926,218.33388710165244,0.15776138332796563,-0.48884815154293104,0.0,-0.008124796880082386,0.008393823775801224,,-1.2316149756148684,-32.729223873903926,218.33388710165244,0.15776138332796563,-0.48884815154293104,0.0,-0.008124796880082386,0.008393823775801224,,-2.716811321180375,116.69204597651608,1900.6472921854588,-2.1853607767264265,5.200258397932811,1.0,-0.2825703076445807,-2.023053210537391,,-2.716811321180375,116.69204597651608,1900.6472921854588,-2.1853607767264265,5.200258397932811,1.0,-0.2825703076445807,-2.023053210537391,,-0.5177402825280548,-65163692.64525056,89137968.58685738,0.09362280211090024,-0.5799755799755779,0.0,-0.02640558986024555,0.02727916515336659,361515591.3666769,409000102.14520836,0.883900980636741,5.200258397932811,False,False,falling,rising,sell_advantage_accelerating,accelerating,neutral,False,True,False,pass,S0,🌱 초발사 준비,발사 구조 관찰 또는 초기 준비,S0,False,,,2026-09-05T11:40:00Z,33964283536-1
KRW-TRUST,2026-09-05T20:55:55.372412+09:00,1788609355,75.7,-30.723604341132937,8.0,390350.89411413,1683550.043444304,0.23186177068756897,9,0.0,complete,1788608587449,1788609541608,824016.8075718,625428.1660426,0.13701012811406743,74.7,76.2,2.008032128514059,1.338688085676032,0.6561679790026247,33.333333333333705,complete_hourly_ordered,/v1/candles/minutes/60,120,False,9.206798866855515,70.6,2026-09-02T10:00:00,77.1,2026-09-04T09:00:00,D-1,1.945525291828798,23.076923076922963,True,-0.08254608823258236,9.162732038814697,,True,-1.562304858259641,-92.48004720349633,-41.80994857955467,0.37145829691845833,-0.13192612137202797,0.0,-0.009171787581396806,0.007391423455747059,,-0.14443869937891768,-37.40740385467816,1.584764415107509,0.45405642170969074,-0.13192612137202797,0.0,-0.036687150325587226,0.029564769384689882,,-0.14443869937891768,-37.40740385467816,1.584764415107509,0.45405642170969074,-0.13192612137202797,0.0,-0.036687150325587226,0.029564769384689882,,-0.14443869937891768,-37.40740385467816,1.584764415107509,0.45405642170969074,-0.13192612137202797,0.0,-0.036687150325587226,0.029564769384689882,,,-84.25989868837756,,-52.69824932360273,1.7473118279569766,-1.0,-0.2295508658878842,-0.2426890909163113,,,-84.25989868837756,,-52.69824932360273,1.7473118279569766,-1.0,-0.2295508658878842,-0.2426890909163113,,-1.562304858259641,-4800518.04718587,-1209642.181597761,0.37145829691845833,-0.13192612137202797,0.0,-0.009171787581396806,0.007391423455747059,2073900.937558434,1825488.9704928421,1.1360796866378908,1.7473118279569766,False,False,falling,falling,sell_advantage_accelerating,accelerating,neutral,False,False,False,pass,S0,🌱 초발사 준비,발사 구조 관찰 또는 초기 준비,S0,False,,,2026-09-05T11:40:00Z,33964283536-1
KRW-TRX,2026-09-05T20:55:55.372412+09:00,1788609355,454.0,-0.9674051194908717,5.0,10387333.99634812,932904.4553137401,11.134402818190864,45,0.0,complete,1788608456157,1788609450737,1057398.48230112,1439219.70521962,-0.15293536866270552,454.0,456.0,0.4405286343612369,0.0,0.43859649122807015,100.0,complete_hourly_ordered,/v1/candles/minutes/60,120,False,3.167420814479649,442.0,2026-09-02T12:00:00,456.0,2026-09-04T01:00:00,D-1,0.0,0.0,False,-0.2583979328165342,5.072241008300031,,False,7.828040051621534,127.0270370577117,-32.58428363074639,0.22556501069123103,0.0,0.0,0.0,0.0,,5.230223588936632,21.714700085904237,-35.45900791661249,0.3407668262549013,-0.219780219780219,0.0,-0.014355440712032763,0.012041196157601242,,5.230223588936632,21.714700085904237,-35.45900791661249,0.3407668262549013,-0.219780219780219,0.0,-0.014355440712032763,0.012041196157601242,,5.230223588936632,21.714700085904237,-35.45900791661249,0.3407668262549013,-0.219780219780219,0.0,-0.014355440712032763,0.012041196157601242,,10.551392902980682,390.37826031239894,-74.32324008445552,-4.628604153796534,-0.219780219780219,0.0,-0.11506985484605048,0.1572845963376217,,10.551392902980682,390.37826031239894,-74.32324008445552,-4.628604153796534,-0.219780219780219,0.0,-0.11506985484605048,0.1572845963376217,,7.828040051621534,5811960.89058557,-450904.10677878,0.22556501069123103,0.0,0.0,0.0,0.0,11320238.45166186,16667149.428259118,0.6791946337547331,-0.219780219780219,False,False,rising,falling,buy_advantage_accelerating,accelerating,leading_buy_inflow,False,False,False,pass,S0,🌱 초발사 준비,발사 구조 관찰 또는 초기 준비,S0,False,,,2026-09-05T11:40:00Z,33964283536-1
KRW-UNI,2026-09-05T20:55:55.372412+09:00,1788609355,8575.0,126.7300864910939,6.0,5531011.0288804,15529330.984684702,0.3561654416623085,22,0.0,complete,1788608539205,1788609272070,48567.02004517,13549.09929139,0.5637493315389605,8470.0,8800.0,3.8961038961038863,1.2396694214876103,2.556818181818182,68.18181818181792,complete_hourly_ordered,/v1/candles/minutes/60,120,False,27.33142037302725,6970.0,2026-08-31T22:00:00,8875.0,2026-09-04T07:00:00,D-1,3.3802816901408406,15.748031496062973,False,2.8059730626585955,-34.884264409525194,,True,-0.3409570946998099,-52.53755714765966,-7.101771612821073,0.08366529213961371,0.3510825043885335,0.0,-0.004879953152459038,0.005323072147419339,,0.017610182495183035,-83.03034412761458,-83.86938885749744,0.4645494398738492,0.0,0.0,-0.014639859457332705,0.015968960835806456,,0.017610182495183035,-83.03034412761458,-83.86938885749744,0.4645494398738492,0.0,0.0,-0.014639859457332705,0.015968960835806456,,0.017610182495183035,-83.03034412761458,-83.86938885749744,0.4645494398738492,0.0,0.0,-0.014639859457332705,0.015968960835806456,,-0.31533847786735064,128.9433501891095,331.6431046333815,-40.98064851337345,0.763807285546414,0.0,-0.5317298716965624,-3.0110418284234264,,-0.31533847786735064,128.9433501891095,331.6431046333815,-40.98064851337345,0.763807285546414,0.0,-0.5317298716965624,-3.0110418284234264,,-0.3409570946998099,-6122436.826907053,-1187167.5474099498,0.08366529213961371,0.3510825043885335,0.0,-0.004879953152459038,0.005323072147419339,21060342.0135651,97299620.60852078,0.21644834668266727,0.763807285546414,False,False,falling,falling,sell_advantage_accelerating,accelerating,neutral,False,False,False,pass,S0,🌱 초발사 준비,발사 구조 관찰 또는 초기 준비,S0,False,,,2026-09-05T11:40:00Z,33964283536-1
KRW-UP2,2026-09-05T20:55:55.372412+09:00,1788609355,70.8,,,0.0,148889.106122539,0.0,4,0.0,complete,1788609197772,1788609366171,506770.16359337,214368.06461071,0.40547302520746553,71.4,72.5,1.540616246498594,-0.8403361344537896,2.3448275862069003,154.54545454545527,complete_hourly_ordered,/v1/candles/minutes/60,120,False,7.959479015918958,69.1,2026-09-03T18:00:00,74.6,2026-09-04T09:00:00,D-1,5.2278820375335044,70.90909090909085,False,,,,False,-0.0179883358626801,-100.0,-99.28232198713451,,0.14144271570013522,,,,,,-100.0,,,-0.14104372355431272,,,,,,-100.0,,,-0.14104372355431272,,,,,,-100.0,,,-0.14104372355431272,,,,,-6.820036709144109,-100.0,-59.38100482947054,,-0.42194092827003704,,,,,-6.820036709144109,-100.0,-59.38100482947054,,-0.42194092827003704,,,,,-0.0179883358626801,-373185.07732080104,-20597058.72193852,,0.14144271570013522,,,,148889.106122539,2265177.7781889085,0.06572954562603082,-0.42194092827003704,False,False,falling,falling,sell_only,flat_or_na,neutral,False,False,False,pass,S0,🌱 초발사 준비,발사 구조 관찰 또는 초기 준비,S0,False,,,2026-09-05T11:40:00Z,33964283536-1
KRW-USD1,2026-09-05T20:55:55.372412+09:00,1788609355,1367.0,-23.52475909693782,7.0,0.0,0.0,,0,0.0,complete,,,44282.51936289,22747.13627689,0.32128142208773974,1371.0,1372.0,0.07293946024800047,-0.29175784099197966,0.36443148688046645,499.99999999996953,complete_hourly_ordered,/v1/candles/minutes/60,120,False,0.9454545454545382,1375.0,2026-09-01T04:00:00,1388.0,2026-09-02T07:00:00,D-3,1.5129682997118143,161.53846153846217,True,-0.033800096571712235,5.604760113531446,,True,,,,0.0,0.0,0.0,0.0,0.0,,,,-100.0,0.04860058081916918,0.146520146520146,2.0,0.009657170449062225,-0.008043096390140114,,,,-100.0,0.04860058081916918,0.146520146520146,2.0,0.009657170449062225,-0.008043096390140114,,,,-100.0,0.04860058081916918,0.146520146520146,2.0,0.009657170449062225,-0.008043096390140114,,,-100.0,,2.3145930400388153,-0.21897810218978186,2.0,0.004815533104418623,-0.030189904980226778,,,-100.0,,2.3145930400388153,-0.21897810218978186,2.0,0.004815533104418623,-0.030189904980226778,,,0.0,0.0,0.0,0.0,0.0,0.0,0.0,0,39999.99997422,0.0,-0.21897810218978186,False,False,flat_or_na,flat_or_na,unavailable,flat_or_na,neutral,False,False,False,pass,S0,🌱 초발사 준비,발사 구조 관찰 또는 초기 준비,S0,False,,,2026-09-05T11:40:00Z,33964283536-1
KRW-USDC,2026-09-05T20:55:55.372412+09:00,1788609355,1367.0,-57.89739858700433,5.0,731159.42027669,0.0,,2,0.0,complete,1788609254033,1788609254033,320546.24602539,145970.8327349,0.3742101227127676,1369.0,1372.0,0.21913805697588717,-0.14609203798392478,0.36443148688046645,166.66666666666669,complete_hourly_ordered,/v1/candles/minutes/60,120,False,0.9454545454545382,1375.0,2026-09-01T05:00:00,1388.0,2026-09-02T03:00:00,D-3,1.5129682997118143,161.53846153846217,False,-0.028996713705786714,5.655386299370615,,True,,-88.63950199366793,-100.0,0.1182574988386591,0.146520146520146,0.0,0.0,0.0,,,,-100.0,0.3221868749439665,0.146520146520146,0.0,0.0,0.0,,,,-100.0,0.3221868749439665,0.146520146520146,0.0,0.0,0.0,,,,-100.0,0.3221868749439665,0.146520146520146,0.0,0.0,0.0,,,,-100.0,-2.0434064437219064,0.0,0.0,0.014483647664342847,-0.03820904684306203,,,,-100.0,-2.0434064437219064,0.0,0.0,0.014483647664342847,-0.03820904684306203,,,-5704820.93788331,-995856.80019735,0.1182574988386591,0.146520146520146,0.0,0.0,0.0,731159.42027669,5681158.73380562,0.12869899514089278,0.0,False,False,falling,falling,buy_only,accelerating,neutral,False,False,False,pass,S0,🌱 초발사 준비,발사 구조 관찰 또는 초기 준비,S0,False,,,2026-09-05T11:40:00Z,33964283536-1
KRW-USDE,2026-09-05T20:55:55.372412+09:00,1788609355,1368.0,-23.28409038549183,5.0,0.0,0.0,,0,0.0,complete,,,46702.55136374,21377.91323687,0.3719809827302955,1372.0,1372.0,0.0,-0.2915451895043719,0.2915451895043732,,complete_hourly_ordered,/v1/candles/minutes/60,120,False,2.2760646108663796,1362.0,2026-08-30T12:00:00,1393.0,2026-08-31T08:00:00,D-4,1.7946877243359638,80.64516129032249,False,-0.06283228612855574,5.672772062681044,,False,,,,0.0,0.0,0.0,0.0,0.0,,,,,0.012321538387226383,0.3668378576669129,0.0,0.024166263895597506,-0.020120802812026106,,,,,0.012321538387226383,0.3668378576669129,0.0,0.024166263895597506,-0.020120802812026106,,,,,0.012321538387226383,0.3668378576669129,0.0,0.024166263895597506,-0.020120802812026106,,,,,-13.97436228173553,-0.07304601899196239,0.0,-0.02901749457259184,0.02052381511735124,,,,,-13.97436228173553,-0.07304601899196239,0.0,-0.02901749457259184,0.02052381511735124,,,0.0,0.0,0.0,0.0,0.0,0.0,0.0,0,179736.64959705,0.0,-0.07304601899196239,False,False,flat_or_na,flat_or_na,unavailable,flat_or_na,neutral,False,False,False,pass,S0,🌱 초발사 준비,발사 구조 관찰 또는 초기 준비,S0,False,,,2026-09-05T11:40:00Z,33964283536-1
KRW-USDG,2026-09-05T20:55:55.372412+09:00,1788609355,1379.0,,,0.0,0.0,,0,0.0,complete,,,184746.10928124,317677.93083078,-0.26458093350768336,1384.0,1384.0,0.0,-0.36127167630057855,0.36127167630057805,,complete_hourly_ordered,/v1/candles/minutes/60,120,False,7.4943224829674415,1321.0,2026-08-28T14:00:00,1420.0,2026-09-02T23:00:00,D-3,2.887323943661968,41.41414141414146,True,,,,True,,-100.0,-100.0,,0.0,,,,,,,,,0.07256894049347817,,,,,,,,,0.07256894049347817,,,,,,,,,0.07256894049347817,,,,,,,,,0.5835156819839593,,,,,,,,,0.5835156819839593,,,,,,-224279.56844112,-532669.28367673,,0.0,,,,0,233653.96612296,0.0,0.5835156819839593,False,False,falling,falling,unavailable,flat_or_na,neutral,False,False,False,pass,S0,🌱 초발사 준비,발사 구조 관찰 또는 초기 준비,S0,False,,,2026-09-05T11:40:00Z,33964283536-1
KRW-USDS,2026-09-05T20:55:55.372412+09:00,1788609355,1376.0,-57.2537476228375,5.0,50666.98849255001,493650.0,0.10263747289081335,5,0.0,complete,1788609214904,1788609218152,46066.24341971,12039.84146293,0.585591027609328,1369.0,1376.0,0.511322132943759,0.511322132943759,0.0,0.0,complete_hourly_ordered,/v1/candles/minutes/60,120,False,1.8261504747991264,1369.0,2026-08-25T12:00:00,1394.0,2026-08-31T01:00:00,D-4,1.2912482065997155,71.99999999999982,False,-0.07249178426445013,5.680301976302614,,False,,,,0.0,0.8797653958944274,0.0,0.0,0.0,,,,,0.0,0.8797653958944274,0.0,0.0,0.0,,,,,0.0,0.8797653958944274,0.0,0.0,0.0,,,,,0.0,0.8797653958944274,0.0,0.0,0.0,,,,,9.294434963286058,0.5847953216374213,0.0,-0.004878532067009722,0.011409085782688955,,,,,9.294434963286058,0.5847953216374213,0.0,-0.004878532067009722,0.011409085782688955,,,50666.98849255001,493650.0,0.0,0.8797653958944274,0.0,0.0,0.0,544316.98849255,367617.73916112003,1.4806602905905635,0.5847953216374213,False,False,rising,rising,sell_advantage_weakening,flat_or_na,neutral,False,False,False,pass,S0,🌱 초발사 준비,발사 구조 관찰 또는 초기 준비,S0,False,,,2026-09-05T11:40:00Z,33964283536-1
KRW-USDT,2026-09-05T20:55:55.372412+09:00,1788609355,1366.0,-45.418379031674384,7.0,159703184.88755986,56152211.72733126,2.844112101283923,271,0.0,complete,1788608455985,1788609386431,11425524.13959685,9945960.78768395,0.06923072294448897,1371.0,1371.0,0.0,-0.364697301239969,0.36469730123997085,,complete_hourly_ordered,/v1/candles/minutes/60,120,False,0.9454545454545382,1375.0,2026-09-01T04:00:00,1388.0,2026-09-02T03:00:00,D-3,1.5129682997118143,161.53846153846217,False,-0.024166263895597506,5.626589714051078,,True,1.1492733770219303,-15.145077687072073,-49.4339874243106,0.06541428293579088,0.0,0.0,0.0,0.0,,-2.1881777459201373,-78.41790158870624,-61.8132581105071,0.16936876556192715,-0.0731528895391409,2.0,0.00483325277911284,-0.004024218481919917,,-2.1881777459201373,-78.41790158870624,-61.8132581105071,0.16936876556192715,-0.0731528895391409,2.0,0.00483325277911284,-0.004024218481919917,,-2.1881777459201373,-78.41790158870624,-61.8132581105071,0.16936876556192715,-0.0731528895391409,2.0,0.00483325277911284,-0.004024218481919917,,0.5326880139741297,136.00054274561225,91.79881794185883,7.378254291349748,-0.21913805697589828,2.0,0.019320400194078324,-0.04628388454452104,,0.5326880139741297,136.00054274561225,91.79881794185883,7.378254291349748,-0.21913805697589828,2.0,0.019320400194078324,-0.04628388454452104,,1.1492733770219303,-28504146.56058708,-54895127.91266941,0.06541428293579088,0.0,0.0,0.0,0.0,215855396.6148911,758038735.3849162,0.2847551009451836,-0.21913805697589828,False,False,falling,falling,buy_advantage_accelerating,accelerating,neutral,False,False,False,pass,S0,🌱 초발사 준비,발사 구조 관찰 또는 초기 준비,S0,False,,,2026-09-05T11:40:00Z,33964283536-1
KRW-VANA,2026-09-05T20:55:55.372412+09:00,1788609355,1276.0,626.6479975672341,7.0,6309154.954214028,12921346.528838972,0.48827379872002613,47,0.0,complete,1788608529952,1788609685130,54734.29905089,46498.70610638,0.08135284467467536,1303.0,1306.0,0.23023791250960102,-2.0721412125863425,2.2970903522205206,999.999999999971,complete_hourly_ordered,/v1/candles/minutes/60,120,False,18.55241264559069,1202.0,2026-09-03T00:00:00,1425.0,2026-09-04T16:00:00,D-1,10.736842105263156,68.60986547085206,False,-0.5306663945300549,22.755505364201024,,False,0.22389523454905302,52.33815744046111,-17.515657325585444,2.030944656195743,0.07843137254901489,0.0,0.0,0.0,,0.3016321936519051,4.986618364461681,-59.86909186283614,4.273579820516034,-0.23455824863174435,0.0,-0.020410245943458527,0.014319220702812885,,0.3016321936519051,4.986618364461681,-59.86909186283614,4.273579820516034,-0.23455824863174435,0.0,-0.020410245943458527,0.014319220702812885,,0.3016321936519051,4.986618364461681,-59.86909186283614,4.273579820516034,-0.23455824863174435,0.0,-0.020410245943458527,0.014319220702812885,,-2.262253400065525,66.23750497596323,836.443405509897,-18.650404785683918,-1.5432098765432056,0.0,-0.5613052139142205,-0.059012472800837656,,-2.262253400065525,66.23750497596323,836.443405509897,-18.650404785683918,-1.5432098765432056,0.0,-0.5613052139142205,-0.059012472800837656,,0.22389523454905302,2167608.8962739096,-2743864.7220315356,2.030944656195743,0.07843137254901489,0.0,0.0,0.0,19230501.483053,8731378.919985035,2.2024587020312203,-1.5432098765432056,False,True,rising,falling,sell_advantage_weakening,accelerating,leading_buy_inflow,True,True,False,🔴 1차 급등 완료·상승분 반납 / 신규매수 금지,S3,🔴 1차 급등 완료·반납,당일/5D 급등 후 상승분 상당 부분 반납,S3,False,,,2026-09-05T11:40:00Z,33964283536-1
KRW-VET,2026-09-05T20:55:55.372412+09:00,1788609355,9.41,-85.63234066779312,9.0,0.0,0.0,,0,0.0,complete,,,4910893.44080362,7730260.12433154,-0.22303080719657212,9.36,9.55,2.029914529914545,0.5341880341880323,1.4659685863874405,73.68421052631608,complete_hourly_ordered,/v1/candles/minutes/60,120,False,7.909604519774027,8.85,2026-09-03T10:00:00,9.55,2026-09-05T10:00:00,D0,1.465968586387445,20.000000000000114,False,1.1641880727053966,-14.254206915564785,,True,,,-100.0,0.0,0.0,0.0,0.0,0.0,,,-100.0,-100.0,0.05203237074974254,-0.21208907741251393,0.0,0.0,0.0,,,-100.0,-100.0,0.05203237074974254,-0.21208907741251393,0.0,0.0,0.0,,,-100.0,-100.0,0.05203237074974254,-0.21208907741251393,0.0,0.0,0.0,,,,,-1.569841675599875,2.841530054644803,0.0,-0.394491633896088,-1.7364831731568913,,,,,-1.569841675599875,2.841530054644803,0.0,-0.394491633896088,-1.7364831731568913,,,0.0,-4498931.758984235,0.0,0.0,0.0,0.0,0.0,0,4391026.5214803815,0.0,2.841530054644803,False,False,flat_or_na,falling,unavailable,flat_or_na,neutral,False,False,False,pass,S0,🌱 초발사 준비,발사 구조 관찰 또는 초기 준비,S0,False,,,2026-09-05T11:40:00Z,33964283536-1
KRW-VIRTUAL,2026-09-05T20:55:55.372412+09:00,1788609355,953.0,-2.075706309537706,7.0,41570878.104773164,34816335.53267905,1.194004982682747,117,0.0,complete,1788608492126,1788609472463,196929.48103655,255619.77608685,-0.12968819222765068,905.0,953.0,5.303867403314921,5.303867403314921,0.0,0.0,complete_hourly_ordered,/v1/candles/minutes/60,120,False,8.297413793103448,928.0,2026-08-31T22:00:00,1005.0,2026-09-01T14:00:00,D-4,5.472636815920396,71.42857142857136,False,-0.30674846625766694,-5.0712598672689495,,True,0.45020004503320143,195.0685703862907,83.81285068458601,0.45815011123478966,1.0604453870625585,0.0,0.047716428084532136,-0.043688153871075386,,1.1580132760920772,11164.731914947535,239.56049747329385,1.0153502570667938,1.5991471215351716,0.0,0.05453306066802721,-0.049929767129738956,,1.1580132760920772,11164.731914947535,239.56049747329385,1.0153502570667938,1.5991471215351716,0.0,0.05453306066802721,-0.049929767129738956,,1.1580132760920772,11164.731914947535,239.56049747329385,1.0153502570667938,1.5991471215351716,0.0,0.05453306066802721,-0.049929767129738956,,1.029351210242429,2321.921185687812,233.9839159470107,15.572889345126052,4.955947136563887,0.0,-0.44325791953732097,-0.0702757737979578,,1.029351210242429,2321.921185687812,233.9839159470107,15.572889345126052,4.955947136563887,0.0,-0.44325791953732097,-0.0702757737979578,,0.45020004503320143,27482329.788579945,15875148.666249238,0.45815011123478966,1.0604453870625585,0.0,0.047716428084532136,-0.043688153871075386,76387213.63745221,25874357.927165225,2.952236103886236,4.955947136563887,False,False,rising,rising,buy_advantage_accelerating,accelerating,neutral,False,False,False,pass,S0,🌱 초발사 준비,발사 구조 관찰 또는 초기 준비,S0,False,,,2026-09-05T11:40:00Z,33964283536-1
KRW-VTHO,2026-09-05T20:55:55.372412+09:00,1788609355,0.559,-76.97435070609838,11.0,49974.9999999965,0.0,,1,0.0,complete,1788608784583,1788608784583,65498548.72267789,176487058.31936583,-0.4586574836139088,0.552,0.563,1.9927536231883813,1.26811594202898,0.7104795737122367,36.36363636363586,complete_hourly_ordered,/v1/candles/minutes/60,120,False,7.442748091603035,0.524,2026-09-03T06:00:00,0.563,2026-09-05T16:00:00,D0,0.7104795737122416,10.25641025640985,False,0.5194805194805197,8.153924393965067,6.54193846798391,True,,,,0.004067300235561788,0.17921146953405742,0.0,0.012368583797139898,-0.010004010968035715,-0.018557539672060308,,,,0.004067300235561788,0.17921146953405742,0.0,0.012368583797139898,-0.010004010968035715,-0.018557539672060308,,,,0.004067300235561788,0.17921146953405742,0.0,0.012368583797139898,-0.010004010968035715,-0.018557539672060308,,,,0.004067300235561788,0.17921146953405742,0.0,0.012368583797139898,-0.010004010968035715,-0.018557539672060308,,,,1.772366258221524,2.1937842778793515,0.0,-0.21590524644248266,-0.92982609818859,-0.07819433065318915,,,,1.772366258221524,2.1937842778793515,0.0,-0.21590524644248266,-0.92982609818859,-0.07819433065318915,,49974.9999999965,0.0,0.004067300235561788,0.17921146953405742,0.0,0.012368583797139898,-0.010004010968035715,49974.9999999965,618838.3605848816,0.08075614438762929,2.1937842778793515,False,False,rising,flat_or_na,buy_only,accelerating,neutral,False,False,False,pass,S1,⚡ 선행 시동,가격 미급등 상태에서 선행조건 5개 개선,S0,True,가격 미급등 상태에서 선행조건 5개 개선,2026-09-05T20:55:55.372412+09:00,2026-09-05T11:40:00Z,33964283536-1
KRW-VVV,2026-09-05T20:55:55.372412+09:00,1788609355,24210.0,,,0.0,568550.4500959,0.0,4,0.0,complete,1788608571915,1788608572144,5536.81825451,3692.21048936,0.1998701939654489,24900.0,24960.0,0.24096385542169418,-2.7710843373493943,3.0048076923076925,1249.9999999999632,complete_hourly_ordered,/v1/candles/minutes/60,120,False,17.021276595744684,21620.0,2026-09-02T20:00:00,25300.0,2026-09-05T04:00:00,D0,4.308300395256914,29.619565217391287,False,,,,False,-0.0019450782260861642,-100.0,-81.56874806253624,,-0.41135335252981964,,,,,,,,,-1.4250814332247508,,,,,,,,,-1.4250814332247508,,,,,,,,,-1.4250814332247508,,,,,0.0,,9375.84106898494,,1.5946286193873282,,,,,0.0,,9375.84106898494,,1.5946286193873282,,,,,-0.0019450782260861642,-5999.9999167999995,-2516158.3479009,,-0.41135335252981964,,,,568550.4500959,1628155.7470561,0.3491990561246411,1.5946286193873282,False,False,falling,falling,sell_only,flat_or_na,neutral,False,False,False,pass,S0,🌱 초발사 준비,발사 구조 관찰 또는 초기 준비,S0,False,,,2026-09-05T11:40:00Z,33964283536-1
KRW-W,2026-09-05T20:55:55.372412+09:00,1788609355,13.6,-5.621188223236173,10.0,1000079.1625009049,0.0,,8,0.0,complete,1788609149070,1788609552004,21856925.52190356,15878991.18906018,0.15841497580755895,13.1,13.7,4.580152671755733,3.8167938931297662,0.7299270072992675,16.66666666666691,complete_hourly_ordered,/v1/candles/minutes/60,120,False,9.599999999999987,12.5,2026-08-31T22:00:00,13.7,2026-09-02T05:00:00,D-3,0.0,0.0,False,0.10193679918450993,11.660856853705152,12.998252521133116,False,,,,0.03409296583000199,0.0,0.0,0.0,0.0,0.0,,-1.2874002757806036,,0.0347955434990892,0.0,0.0,0.0,0.0,0.0,,-1.2874002757806036,,0.0347955434990892,0.0,0.0,0.0,0.0,0.0,,-1.2874002757806036,,0.0347955434990892,0.0,0.0,0.0,0.0,0.0,,,,25.08957094501139,1.4925373134328401,-1.0,-0.4098339275299123,-0.4447596153035711,1.7202631612979697,,,,25.08957094501139,1.4925373134328401,-1.0,-0.4098339275299123,-0.4447596153035711,1.7202631612979697,,1000079.1625009049,0.0,0.03409296583000199,0.0,0.0,0.0,0.0,1000079.1625009049,4544553.246776585,0.22006105071169604,1.4925373134328401,False,False,rising,flat_or_na,buy_only,accelerating,neutral,False,False,False,pass,S0,🌱 초발사 준비,발사 구조 관찰 또는 초기 준비,S0,False,,,2026-09-05T11:40:00Z,33964283536-1
KRW-WAL,2026-09-05T20:55:55.372412+09:00,1788609355,36.4,196.2991615729285,7.0,3857911.376652606,3550436.42442423,1.0866020160544738,17,0.0,complete,1788608745038,1788609271599,2234995.92699739,3883676.77767222,-0.26945073388491597,35.2,36.9,4.829545454545436,3.409090909090895,1.3550135501355014,29.411764705882383,complete_hourly_ordered,/v1/candles/minutes/60,120,False,12.158054711246201,32.9,2026-08-31T22:00:00,36.9,2026-09-05T18:00:00,D0,1.3550135501354976,12.499999999999964,False,0.36043251902282414,39.216251042219355,,True,,,,1.108627749276991,-0.2739726027397249,0.0,-0.020024028834608742,0.011206019025586045,,0.6828327081239061,-66.32826912787839,-87.48795670338669,1.343344153757954,0.0,0.0,0.0,0.0,,0.6828327081239061,-66.32826912787839,-87.48795670338669,1.343344153757954,0.0,0.0,0.0,0.0,,0.6828327081239061,-66.32826912787839,-87.48795670338669,1.343344153757954,0.0,0.0,0.0,0.0,,,,,58.44706740342582,2.5352112676056304,-1.0,-0.3042200489530078,-0.9229809362221459,,,,,58.44706740342582,2.5352112676056304,-1.0,-0.3042200489530078,-0.9229809362221459,,,3857911.376652606,3550436.42442423,1.108627749276991,-0.2739726027397249,0.0,-0.020024028834608742,0.011206019025586045,7408347.801076836,4625043.749501952,1.6017897780695813,2.5352112676056304,False,False,rising,rising,buy_advantage_weakening,accelerating,neutral,False,False,False,pass,S0,🌱 초발사 준비,발사 구조 관찰 또는 초기 준비,S0,False,,,2026-09-05T11:40:00Z,33964283536-1
KRW-WAVES,2026-09-05T20:55:55.372412+09:00,1788609355,308.0,-49.65497188403233,5.0,5099.99999724,200000.00000288,0.0254999999858328,2,0.0,complete,1788609067087,1788609147044,925493.52601312,644155.47892551,0.17923627906775869,310.0,314.0,1.2903225806451646,-0.6451612903225823,1.910828025477707,150.0,complete_hourly_ordered,/v1/candles/minutes/60,120,False,6.440677966101704,295.0,2026-08-31T22:00:00,314.0,2026-09-05T09:00:00,D0,1.9108280254777066,31.578947368421197,True,-0.04387889425185865,24.196164884988143,,False,-0.9427730287237437,-99.55543183030748,-83.11908359312933,0.0357020205693388,0.0,0.0,0.0,0.0,,-0.015289485675698399,-94.13686919092906,-90.62140822740591,0.17407372148920075,0.0,0.0,0.021939447125940426,-0.015062002971756527,,-0.015289485675698399,-94.13686919092906,-90.62140822740591,0.17407372148920075,0.0,0.0,0.021939447125940426,-0.015062002971756527,,-0.015289485675698399,-94.13686919092906,-90.62140822740591,0.17407372148920075,0.0,0.0,0.021939447125940426,-0.015062002971756527,,,,,-14.7976082554353,1.650165016501659,0.0,-0.44096691542987454,-0.5760317387695366,,,,,-14.7976082554353,1.650165016501659,0.0,-0.44096691542987454,-0.5760317387695366,,-0.9427730287237437,-1142080.64515947,-984769.8026689602,0.0357020205693388,0.0,0.0,0.0,0.0,205100.00000012,3320074.5049259798,0.061775722109794234,1.650165016501659,False,False,falling,falling,sell_advantage_accelerating,accelerating,neutral,False,False,False,pass,S0,🌱 초발사 준비,발사 구조 관찰 또는 초기 준비,S0,False,,,2026-09-05T11:40:00Z,33964283536-1
KRW-WAXP,2026-09-05T20:55:55.372412+09:00,1788609355,6.04,32.204244923622284,11.0,0.0,0.0,,0,0.0,complete,,,10633004.61737181,14077682.43608,-0.13940032550519493,6.06,6.08,0.33003300330034513,-0.3300330033003229,0.6578947368421059,199.99999999999326,complete_hourly_ordered,/v1/candles/minutes/60,120,False,14.436619718309874,5.68,2026-09-02T10:00:00,6.5,2026-09-03T10:00:00,D-2,7.07692307692308,56.0975609756097,True,0.19250368021741515,12.426386895630213,11.14100924193163,True,,,-100.0,0.060658391433300096,0.0,0.0,-0.022647491790284136,0.01762777154263162,0.05085892469254105,,-100.0,,0.08898727628476877,-0.6578947368421018,0.0,-0.04529498358056827,0.03525467076875266,0.10139585883797153,,-100.0,,0.08898727628476877,-0.6578947368421018,0.0,-0.04529498358056827,0.03525467076875266,0.10139585883797153,,-100.0,,0.08898727628476877,-0.6578947368421018,0.0,-0.04529498358056827,0.03525467076875266,0.10139585883797153,,-100.0,,-6.9964987457685766,-0.49423393739703725,-1.0,-0.5490821726063189,-0.6566788211515018,0.4714850621242146,,-100.0,,-6.9964987457685766,-0.49423393739703725,-1.0,-0.5490821726063189,-0.6566788211515018,0.4714850621242146,,0.0,-8547.143287429999,0.060658391433300096,0.0,0.0,-0.022647491790284136,0.01762777154263162,0,3789607.180786953,0.0,-0.49423393739703725,False,True,flat_or_na,falling,unavailable,accelerating,neutral,False,False,False,pass,S1,⚡ 선행 시동,가격 미급등 상태에서 선행조건 3개 개선,S0,True,가격 미급등 상태에서 선행조건 3개 개선,2026-09-05T20:55:55.372412+09:00,2026-09-05T11:40:00Z,33964283536-1
KRW-WCT,2026-09-05T20:55:55.372412+09:00,1788609355,53.6,-59.596406766512125,5.0,0.0,1071895.821270187,0.0,3,0.0,complete,1788608467178,1788608949221,859329.62695452,1395679.76444386,-0.23784829435088853,53.3,54.1,1.5009380863039379,0.5628517823639934,0.9242144177449167,62.49999999999889,complete_hourly_ordered,/v1/candles/minutes/60,120,False,10.6122448979592,49.0,2026-09-02T19:00:00,54.2,2026-09-05T02:00:00,D0,1.1070110701107083,11.538461538461675,True,-0.22877478393492634,21.184738955823295,,False,-14.155910871374363,-100.0,9875.42030912092,0.030658416292325796,-0.7407407407407418,0.0,-0.05083884087442314,0.0362022357791183,,,-100.0,,0.036800924503552324,-0.7407407407407418,0.0,-0.025419420437222673,0.018101572223489626,,,-100.0,,0.036800924503552324,-0.7407407407407418,0.0,-0.025419420437222673,0.018101572223489626,,,-100.0,,0.036800924503552324,-0.7407407407407418,0.0,-0.025419420437222673,0.018101572223489626,,-1.2644871132851203,-100.0,-36.07485894049102,-17.825957268752447,0.3745318352059934,0.0,-0.34326403466637956,-0.31739305425076836,,-1.2644871132851203,-100.0,-36.07485894049102,-17.825957268752447,0.3745318352059934,0.0,-0.34326403466637956,-0.31739305425076836,,-14.155910871374363,-152110.49999994,1061150.4512701868,0.030658416292325796,-0.7407407407407418,0.0,-0.05083884087442314,0.0362022357791183,1071895.821270187,1362425.881463088,0.7867553280176199,0.3745318352059934,False,False,falling,rising,sell_only,accelerating,neutral,False,False,False,pass,S0,🌱 초발사 준비,발사 구조 관찰 또는 초기 준비,S0,False,,,2026-09-05T11:40:00Z,33964283536-1
KRW-WET,2026-09-05T20:55:55.372412+09:00,1788609355,84.5,-35.04042110184354,4.0,0.0,99881.796690585,0.0,1,0.0,complete,1788608910946,1788608910946,529329.99810316,1059619.59528349,-0.33373594693465586,84.2,85.5,1.5439429928741033,0.3562945368170922,1.1695906432748537,76.92307692307747,complete_hourly_ordered,/v1/candles/minutes/60,120,False,6.815365551425034,80.7,2026-09-02T10:00:00,86.2,2026-09-04T16:00:00,D-1,1.9721577726218076,30.909090909090935,False,-1.7102462754636671,13.152106385479462,,False,,,,0.011570967263651255,-0.7050528789659172,0.0,-0.04560656734570179,0.03592102617792037,,,,,0.011570967263651255,-0.7050528789659172,0.0,-0.04560656734570179,0.03592102617792037,,,,,0.011570967263651255,-0.7050528789659172,0.0,-0.04560656734570179,0.03592102617792037,,,,,0.011570967263651255,-0.7050528789659172,0.0,-0.04560656734570179,0.03592102617792037,,-0.8773502398859411,-100.0,-91.50636966110935,-11.775231709545295,0.835322195704058,0.0,-0.19793063572420833,1.0807207829127954,,-0.8773502398859411,-100.0,-91.50636966110935,-11.775231709545295,0.835322195704058,0.0,-0.19793063572420833,1.0807207829127954,,,0.0,99881.796690585,0.011570967263651255,-0.7050528789659172,0.0,-0.04560656734570179,0.03592102617792037,99881.796690585,1021474.0721051064,0.09778201857316207,0.835322195704058,False,False,flat_or_na,rising,sell_only,accelerating,neutral,False,False,False,pass,S0,🌱 초발사 준비,발사 구조 관찰 또는 초기 준비,S0,False,,,2026-09-05T11:40:00Z,33964283536-1
KRW-WIF,2026-09-05T20:55:55.372412+09:00,1788609355,291.0,,,0.0,0.0,,0,0.0,complete,,,137308.06517439,352026.60530432,-0.43879690748230354,280.0,292.0,4.285714285714293,3.928571428571437,0.3424657534246575,8.33333333333329,complete_hourly_ordered,/v1/candles/minutes/60,120,False,15.05791505791505,259.0,2026-08-31T08:00:00,298.0,2026-09-04T03:00:00,D-1,2.348993288590606,17.948717948717928,False,,,,True,,,-100.0,,0.0,,,,,,,,,0.0,,,,,,,,,0.0,,,,,,,,,0.0,,,,,,-100.0,,,6.204379562043805,,,,,,-100.0,,,6.204379562043805,,,,,,0.0,-12804.0,,0.0,,,,0,505731.44284576504,0.0,6.204379562043805,False,False,flat_or_na,falling,unavailable,flat_or_na,neutral,False,True,False,pass,S0,🌱 초발사 준비,발사 구조 관찰 또는 초기 준비,S0,False,,,2026-09-05T11:40:00Z,33964283536-1
KRW-WLD,2026-09-05T20:55:55.372412+09:00,1788609355,550.0,-30.908158554668987,9.0,50525615.83234501,14477792.945603853,3.4898700390439683,65,0.0,complete,1788608477370,1788609409152,1001065.21619445,1628244.44525599,-0.23853380157419757,526.0,558.0,6.083650190114076,4.562737642585546,1.4336917562724014,25.000000000000185,complete_hourly_ordered,/v1/candles/minutes/60,120,False,15.020576131687235,486.0,2026-09-03T00:00:00,559.0,2026-09-04T03:00:00,D-1,1.7889087656529523,13.698630136986315,True,0.0,5.9741326216382555,,True,2.4360443903724676,-75.23050527240792,-92.5204295413474,0.38211808338673947,0.0,0.0,0.01247660636307657,-0.010352589453790806,,2.857825947912082,4.052697739846112,-81.15520290525829,2.0595047023258743,0.0,0.0,0.024953212726142038,-0.020705482538176945,,2.857825947912082,4.052697739846112,-81.15520290525829,2.0595047023258743,0.0,0.0,0.024953212726142038,-0.020705482538176945,,2.857825947912082,4.052697739846112,-81.15520290525829,2.0595047023258743,0.0,0.0,0.024953212726142038,-0.020705482538176945,,3.487334224249267,162457.96302296515,18.118119877912964,2.8449464345921314,6.1776061776061875,0.0,-0.024987506246865188,0.11114630536916525,,3.487334224249267,162457.96302296515,18.118119877912964,2.8449464345921314,6.1776061776061875,0.0,-0.024987506246865188,0.11114630536916525,,2.4360443903724676,-153457615.91303974,-179086704.18210894,0.38211808338673947,0.0,0.0,0.01247660636307657,-0.010352589453790806,65003408.777948864,82836464.23560749,0.7847197412127951,6.1776061776061875,False,False,falling,falling,buy_advantage_accelerating,accelerating,neutral,False,True,False,pass,S0,🌱 초발사 준비,발사 구조 관찰 또는 초기 준비,S0,False,,,2026-09-05T11:40:00Z,33964283536-1
KRW-WLFI,2026-09-05T20:55:55.372412+09:00,1788609355,77.2,-53.27462478300738,5.0,1719950.0493626052,4389627.374397948,0.3918214241586968,11,0.0,complete,1788608640192,1788609344376,5402371.7221958,3334270.44521228,0.23671580423638533,77.1,77.8,0.9079118028534339,0.12970168612194133,0.7712082262210724,85.71428571428326,complete_hourly_ordered,/v1/candles/minutes/60,120,False,5.49738219895286,76.4,2026-09-03T09:00:00,80.6,2026-09-04T14:00:00,D-1,4.218362282878396,80.95238095238106,False,-0.7254231635120623,7.11952334981327,,False,-4.631357758399414,-95.96689522903196,-48.29530322365139,0.06697472134896998,-0.1293661060801976,0.0,-0.008338197281776427,0.00689536346516384,,-146.1414527805812,-60.867148189854504,14534.893732576993,0.4015598686207511,-0.1293661060801976,0.0,-0.008338197281776427,0.00689536346516384,,-146.1414527805812,-60.867148189854504,14534.893732576993,0.4015598686207511,-0.1293661060801976,0.0,-0.008338197281776427,0.00689536346516384,,-146.1414527805812,-60.867148189854504,14534.893732576993,0.4015598686207511,-0.1293661060801976,0.0,-0.008338197281776427,0.00689536346516384,,,1455.6399368282512,,-6.498683872168677,-0.7712082262210762,0.0,-0.34355366326302983,0.4284926744896067,,,1455.6399368282512,,-6.498683872168677,-0.7712082262210762,0.0,-0.34355366326302983,0.4284926744896067,,-4.631357758399414,-40925856.27194884,-4100176.546869615,0.06697472134896998,-0.1293661060801976,0.0,-0.008338197281776427,0.00689536346516384,6109577.423760554,8434909.836758316,0.7243204185936588,-0.7712082262210762,False,False,falling,falling,sell_advantage_accelerating,accelerating,neutral,False,False,False,pass,S0,🌱 초발사 준비,발사 구조 관찰 또는 초기 준비,S0,False,,,2026-09-05T11:40:00Z,33964283536-1
KRW-XAUT,2026-09-05T20:55:55.372412+09:00,1788609355,6050000.0,40.62496988010626,8.0,0.0,0.0,,0,0.0,complete,,,8.47756595,63.86918247,-0.7656407195860538,6072000.0,6075000.0,0.049407114624511195,-0.36231884057971175,0.411522633744856,833.3333333332585,complete_hourly_ordered,/v1/candles/minutes/60,120,False,4.487722269263328,5905000.0,2026-09-02T12:00:00,6170000.0,2026-09-04T00:00:00,D-1,1.944894651539708,45.283018867924504,False,-0.2687452487767361,1.0027686404965486,,False,,,-100.0,0.0010810383539450186,0.06615944426067166,0.0,0.0042827928091848655,-0.003725211069516954,,,-100.0,-100.0,0.06298648231179982,0.016531658125318316,0.0,0.0,0.0,,,-100.0,-100.0,0.06298648231179982,0.016531658125318316,0.0,0.0,0.0,,,-100.0,-100.0,0.06298648231179982,0.016531658125318316,0.0,0.0,0.0,,,-100.0,,-6.195269812153882,-0.1485393629311771,0.0,-0.10945680841367711,0.14633477062034606,,,-100.0,,-6.195269812153882,-0.1485393629311771,0.0,-0.10945680841367711,0.14633477062034606,,,0.0,-208775.37583000003,0.0010810383539450186,0.06615944426067166,0.0,0.0042827928091848655,-0.003725211069516954,0,1077063.354335,0.0,-0.1485393629311771,False,False,flat_or_na,falling,unavailable,accelerating,neutral,False,False,False,pass,S0,🌱 초발사 준비,발사 구조 관찰 또는 초기 준비,S0,False,,,2026-09-05T11:40:00Z,33964283536-1
KRW-XCN,2026-09-05T20:55:55.372412+09:00,1788609355,5.72,9472.807755419159,10.0,89052142.29563737,60315557.28882183,1.476437362075758,368,0.0,complete,1788608578586,1788609721909,34062627.99166199,14579047.13292512,0.4005532459322813,5.92,6.24,5.405405405405417,-3.378378378378377,8.33333333333334,162.49999999999983,complete_hourly_ordered,/v1/candles/minutes/60,120,False,47.97297297297296,4.44,2026-09-03T20:00:00,6.57,2026-09-04T16:00:00,D-1,11.415525114155257,35.2112676056338,True,0.40112314480544864,11.280460788657507,9.489372290960654,False,0.949165673431228,463.6369361908881,101.28845744595125,21.173611529322443,0.8818342151675429,1.0,0.06685385746756367,-0.05252791232467757,-0.1291919645395474,1.310903229808912,1078.3588376179698,32.11438066686585,32.49217202308682,1.2389380530973382,1.0,0.08022462896111193,-0.06303442580544605,-0.15530963007101484,1.310903229808912,1078.3588376179698,32.11438066686585,32.49217202308682,1.2389380530973382,1.0,0.08022462896111193,-0.06303442580544605,-0.15530963007101484,1.310903229808912,1078.3588376179698,32.11438066686585,32.49217202308682,1.2389380530973382,1.0,0.08022462896111193,-0.06303442580544605,-0.15530963007101484,0.8976354689828895,1303.33707855735,450.14467838611347,2251.4164895367085,5.340699815837935,-3.0,-0.7564418831122799,-1.1484348463449994,-2.1847165646481024,0.8976354689828895,1303.33707855735,450.14467838611347,2251.4164895367085,5.340699815837935,-3.0,-0.7564418831122799,-1.1484348463449994,-2.1847165646481024,0.949165673431228,73252584.71208718,30350820.08822135,21.173611529322443,0.8818342151675429,1.0,0.06685385746756367,-0.05252791232467757,149367699.5844592,5931712.007593426,25.181212336884784,5.340699815837935,False,False,rising,rising,buy_advantage_accelerating,accelerating,neutral,False,True,False,pass,S0,🌱 초발사 준비,발사 구조 관찰 또는 초기 준비,S0,False,,,2026-09-05T11:40:00Z,33964283536-1
KRW-XEC,2026-09-05T20:55:55.372412+09:00,1788609355,0.00985,-2.016652003756081,5.0,770370.4265526466,774742.8783155076,0.9943562543325757,7,0.0,complete,1788608514916,1788609286596,9104945471.634426,35140931318.93096,-0.5884386915991283,0.00983,0.00991,0.8138351983723258,0.20345879959307034,0.6054490413723614,75.00000000000136,complete_hourly_ordered,/v1/candles/minutes/60,120,False,7.4433656957928696,0.00927,2026-09-02T19:00:00,0.00996,2026-09-04T18:00:00,D-1,1.1044176706827336,15.942028985507328,False,-0.5114566284779021,-3.1899844391002907,,False,0.9943562543325757,,-92.16304806203718,0.3230438697426674,0.20345879959307034,0.0,0.013638843426089231,-0.012321798298189357,,0.732854309820079,39.35745707734568,-63.350915882252714,0.46924284517773085,0.0,0.0,-0.013638843426067027,0.012321362537105696,,0.732854309820079,39.35745707734568,-63.350915882252714,0.46924284517773085,0.0,0.0,-0.013638843426067027,0.012321362537105696,,0.732854309820079,39.35745707734568,-63.350915882252714,0.46924284517773085,0.0,0.0,-0.013638843426067027,0.012321362537105696,,-28.6479835873656,-82.12952259703164,432.7293532917259,-6.815467086929782,-0.20263424518744966,0.0,-0.6821866701360313,0.43143145415580486,,-28.6479835873656,-82.12952259703164,432.7293532917259,-6.815467086929782,-0.20263424518744966,0.0,-0.6821866701360313,0.43143145415580486,,0.9943562543325757,770370.4265526466,-9111025.012675261,0.3230438697426674,0.20345879959307034,0.0,0.013638843426089231,-0.012321798298189357,1545113.3048681542,4911813.831545226,0.3145708200390142,-0.20263424518744966,False,False,rising,falling,sell_advantage_weakening,accelerating,leading_buy_inflow,False,False,False,pass,S0,🌱 초발사 준비,발사 구조 관찰 또는 초기 준비,S0,False,,,2026-09-05T11:40:00Z,33964283536-1
KRW-XLM,2026-09-05T20:55:55.372412+09:00,1788609355,250.0,-6.213441587889889,9.0,6312271.0759549495,61781092.09656,0.10217156838356406,61,0.0,complete,1788608461954,1788609512256,14363032.15040246,11435312.19345801,0.11348480033918122,245.0,252.0,2.857142857142847,2.0408163265306145,0.7936507936507936,28.571428571428235,complete_hourly_ordered,/v1/candles/minutes/60,120,False,9.361702127659566,235.0,2026-09-02T19:00:00,257.0,2026-09-04T01:00:00,D-1,2.3346303501945553,27.2727272727271,True,-0.7055134570159383,5.198490660180252,,False,0.0005968612603270557,102.14444075850749,100.96356248103709,0.13875105747512873,-0.3984063745019917,0.0,0.0,0.0,,-2.2847383580916203,-92.45743547678408,76.20774953709896,0.25829452767683936,-0.3984063745019917,0.0,-0.052260256075253864,0.043980073632493344,,-2.2847383580916203,-92.45743547678408,76.20774953709896,0.25829452767683936,-0.3984063745019917,0.0,-0.052260256075253864,0.043980073632493344,,-2.2847383580916203,-92.45743547678408,76.20774953709896,0.25829452767683936,-0.3984063745019917,0.0,-0.052260256075253864,0.043980073632493344,,-0.09107749924945113,-33.116043714543906,26.505469146257845,5.727564508361105,2.4590163934426146,-2.0,-0.548937256598403,0.6784170413138622,,-0.09107749924945113,-33.116043714543906,26.505469146257845,5.727564508361105,2.4590163934426146,-2.0,-0.548937256598403,0.6784170413138622,,0.0005968612603270557,3189617.2684748196,31038657.331855003,0.13875105747512873,-0.3984063745019917,0.0,0.0,0.0,68093363.17251495,104208341.31128769,0.6534348624656515,2.4590163934426146,False,False,rising,rising,sell_advantage_weakening,accelerating,leading_buy_inflow,False,False,False,pass,S0,🌱 초발사 준비,발사 구조 관찰 또는 초기 준비,S0,False,,,2026-09-05T11:40:00Z,33964283536-1
KRW-XPL,2026-09-05T20:55:55.372412+09:00,1788609355,128.0,8.122966692388767,11.0,16489203.805885509,2140200.0,7.704515375145084,27,0.0,complete,1788608462326,1788609623756,6189224.04340783,8429193.02339029,-0.15322924293013623,127.0,131.0,3.149606299212593,0.7874015748031482,2.2900763358778624,75.0,complete_hourly_ordered,/v1/candles/minutes/60,120,False,27.27272727272727,110.0,2026-09-01T18:00:00,140.0,2026-09-04T20:00:00,D-1,7.857142857142863,36.6666666666667,True,-0.6382978723404209,2.5745001271277643,4.839663766577028,False,-11.120201285351273,27.299393426552033,211.0351392170164,0.11489901147281323,0.0,0.0,0.0,0.0,0.0,6.915646920117752,-87.16530411465591,-98.68585028118963,1.3757681128707233,0.0,0.0,-0.05319148936169249,0.045800461549760474,0.16656650661496553,6.915646920117752,-87.16530411465591,-98.68585028118963,1.3757681128707233,0.0,0.0,-0.05319148936169249,0.045800461549760474,0.16656650661496553,6.915646920117752,-87.16530411465591,-98.68585028118963,1.3757681128707233,0.0,0.0,-0.05319148936169249,0.045800461549760474,0.16656650661496553,7.556431702027943,18.852849797026483,-97.71560368155512,-5.057401043120846,-2.2900763358778664,-1.0,-1.118554008946604,0.5396296395782678,2.0859431561617643,7.556431702027943,18.852849797026483,-97.71560368155512,-5.057401043120846,-2.2900763358778664,-1.0,-1.118554008946604,0.5396296395782678,2.0859431561617643,-11.120201285351273,3536114.743918149,1452110.5431664,0.11489901147281323,0.0,0.0,0.0,0.0,18629403.80588551,73971734.60194197,0.2518448959745826,-2.2900763358778664,False,True,rising,rising,buy_advantage_weakening,accelerating,neutral,False,False,False,pass,S0,🌱 초발사 준비,발사 구조 관찰 또는 초기 준비,S1,True,발사 구조 관찰 또는 초기 준비,2026-09-05T20:55:55.372412+09:00,2026-09-05T11:40:00Z,33964283536-1
KRW-XRP,2026-09-05T20:55:55.372412+09:00,1788609355,1920.0,-9.10582287645505,7.0,313106346.5778926,392947746.96052504,0.7968142049414698,640,0.0,complete,1788608457141,1788609608978,2853803.6693902,1770691.71523024,0.23421192239958472,1917.0,1931.0,0.7303077725612894,0.15649452269170805,0.5696530295183843,78.57142857142814,complete_hourly_ordered,/v1/candles/minutes/60,120,False,12.153163152053281,1802.0,2026-09-02T19:00:00,2021.0,2026-09-04T05:00:00,D-1,4.997525977238992,46.11872146118717,False,-0.2553887016038425,-11.80526067187358,,False,0.37274151123523547,53.25334920834959,-18.436995456097684,0.08097941029030409,0.15649452269170805,0.0,0.010215548064151925,-0.009850585514497467,,-0.2644256780532587,4.444731797010126,39.105094091309134,0.18104116224363231,-0.20790020790020236,0.0,-0.006810365376108685,0.006566900349044502,,-0.2644256780532587,4.444731797010126,39.105094091309134,0.18104116224363231,-0.20790020790020236,0.0,-0.006810365376108685,0.006566900349044502,,-0.2644256780532587,4.444731797010126,39.105094091309134,0.18104116224363231,-0.20790020790020236,0.0,-0.006810365376108685,0.006566900349044502,,-0.03110839331963733,91.94560254135394,99.43934357006694,7.032629972866733,0.10427528675704956,-1.0,-0.8375804824257482,0.2068673011245128,,-0.03110839331963733,91.94560254135394,99.43934357006694,7.032629972866733,0.10427528675704956,-1.0,-0.8375804824257482,0.2068673011245128,,0.37274151123523547,108799981.85876262,-88824288.23836952,0.08097941029030409,0.15649452269170805,0.0,0.010215548064151925,-0.009850585514497467,706054093.5384176,2551276067.3881235,0.27674546967441377,0.10427528675704956,False,False,rising,falling,sell_advantage_weakening,accelerating,leading_buy_inflow,False,False,False,pass,S0,🌱 초발사 준비,발사 구조 관찰 또는 초기 준비,S0,False,,,2026-09-05T11:40:00Z,33964283536-1
KRW-XTZ,2026-09-05T20:55:55.372412+09:00,1788609355,317.0,9.99962164649968,7.0,0.0,0.0,,0,0.0,complete,,,163881.72660487,170768.96310646,-0.02058037444217114,315.0,320.0,1.5873015873015817,0.6349206349206327,0.9375,60.0,complete_hourly_ordered,/v1/candles/minutes/60,120,False,13.793103448275868,290.0,2026-09-02T10:00:00,330.0,2026-09-04T20:00:00,D-1,3.9393939393939426,32.499999999999986,False,-0.30068728522336663,15.123534386213528,,False,,-100.0,-100.0,0.1763822514564648,-0.3144654088050314,0.0,-0.021477663230251576,0.01634418646036906,,,,,0.18013664417764375,-0.3144654088050314,0.0,-0.021477663230251576,0.01634418646036906,,,,,0.18013664417764375,-0.3144654088050314,0.0,-0.021477663230251576,0.01634418646036906,,,,,0.18013664417764375,-0.3144654088050314,0.0,-0.021477663230251576,0.01634418646036906,,,,,-12.047309361658385,1.6025641025640969,-1.0,-0.4298028436481527,-0.3072180674396954,,,,,-12.047309361658385,1.6025641025640969,-1.0,-0.4298028436481527,-0.3072180674396954,,,-1606580.64399774,-31700.0,0.1763822514564648,-0.3144654088050314,0.0,-0.021477663230251576,0.01634418646036906,0,1299401.86883208,0.0,1.6025641025640969,False,False,falling,falling,unavailable,accelerating,neutral,False,False,False,pass,S0,🌱 초발사 준비,발사 구조 관찰 또는 초기 준비,S0,False,,,2026-09-05T11:40:00Z,33964283536-1
KRW-YGG,2026-09-05T20:55:55.372412+09:00,1788609355,32.1,135.19857976494785,9.0,919845.9967526521,6401693.5032471,0.1436879157501188,14,0.0,complete,1788608475098,1788608657474,2404179.71773087,2671269.59076166,-0.052623887422908584,30.8,32.3,4.870129870129869,4.220779220779214,0.6191950464396153,13.333333333333455,complete_hourly_ordered,/v1/candles/minutes/60,120,False,7.308970099667755,30.1,2026-08-31T21:00:00,32.3,2026-09-05T15:00:00,D0,0.6191950464396134,9.09090909090887,False,-0.31914893617021045,16.22147215951002,,True,-10.427725286537974,-77.41894421865881,1561.3343576060388,2.2707398131585137,-0.31055900621118626,0.0,0.0,0.0,,0.07213161426178788,1944.1022150059393,917.9589118983312,6.956806561481443,0.6269592476489061,0.0,0.04255319148934733,-0.032020631369601205,,0.07213161426178788,1944.1022150059393,917.9589118983312,6.956806561481443,0.6269592476489061,0.0,0.04255319148934733,-0.032020631369601205,,0.07213161426178788,1944.1022150059393,917.9589118983312,6.956806561481443,0.6269592476489061,0.0,0.04255319148934733,-0.032020631369601205,,,,,-7.0746833420061535,5.245901639344264,-2.0,-0.5324595163749835,-0.48988518121019453,,,,,-7.0746833420061535,5.245901639344264,-2.0,-0.5324595163749835,-0.48988518121019453,,-10.427725286537974,-3153683.627635965,6016359.05964528,2.2707398131585137,-0.31055900621118626,0.0,0.0,0.0,7321539.499999752,957388.7984023201,7.647404599069737,5.245901639344264,False,False,falling,rising,sell_advantage_accelerating,accelerating,neutral,False,False,False,pass,S0,🌱 초발사 준비,발사 구조 관찰 또는 초기 준비,S0,False,,,2026-09-05T11:40:00Z,33964283536-1
KRW-ZAMA,2026-09-05T20:55:55.372412+09:00,1788609355,70.0,102.05346780506379,7.0,2369749.7296543,100716.9682484,23.528803248026147,4,0.0,complete,1788609109659,1788609405384,1293985.38958643,2143580.06062455,-0.2471501076396891,70.5,71.8,1.8439716312056653,-0.7092198581560294,2.506963788300832,138.4615384615387,complete_hourly_ordered,/v1/candles/minutes/60,120,False,22.205663189269753,67.1,2026-09-02T19:00:00,82.0,2026-09-03T20:00:00,D-2,14.634146341463417,80.53691275167778,False,-0.1452432824981864,-28.25744767679123,,False,23.528803248026147,,-99.43519964522221,0.0730663184340159,-0.14265335235377208,0.0,-0.00907770515612416,0.009790310179148776,,,2039.0173825301163,,0.8734719758812162,-0.5681818181818232,0.0,-0.036310820624552154,0.0391595285253139,,,2039.0173825301163,,0.8734719758812162,-0.5681818181818232,0.0,-0.036310820624552154,0.0391595285253139,,,2039.0173825301163,,0.8734719758812162,-0.5681818181818232,0.0,-0.036310820624552154,0.0391595285253139,,,,,47.42582778513835,-0.14265335235377208,0.0,-0.7115567644127019,0.6313111396798412,,,,,47.42582778513835,-0.14265335235377208,0.0,-0.7115567644127019,0.6313111396798412,,23.528803248026147,2369749.7296543,-17731596.23701215,0.0730663184340159,-0.14265335235377208,0.0,-0.00907770515612416,0.009790310179148776,2470466.6979027,7137733.907594684,0.3461135886943161,-0.14265335235377208,False,False,rising,falling,buy_advantage_accelerating,accelerating,leading_buy_inflow,True,True,False,🔴 1차 급등 완료·상승분 반납 / 신규매수 금지,S3,🔴 1차 급등 완료·반납,당일/5D 급등 후 상승분 상당 부분 반납,S3,False,,,2026-09-05T11:40:00Z,33964283536-1
KRW-ZBT,2026-09-05T20:55:55.372412+09:00,1788609355,116.0,-55.148021359018394,5.0,6901219.551222799,0.0,,5,0.0,complete,1788608465568,1788609286635,5912503.08049773,6997102.81389772,-0.08401493757999662,115.0,116.0,0.8695652173912993,0.8695652173912993,0.0,0.0,complete_hourly_ordered,/v1/candles/minutes/60,120,False,6.363636363636371,110.0,2026-09-02T19:00:00,117.0,2026-09-05T00:00:00,D0,0.8547008547008517,14.285714285714535,False,0.17878426698449967,33.80260890967266,,True,,59.48066445067908,-100.0,0.05096924778558076,0.0,0.0,0.0,0.0,,,-60.625062280351116,-100.0,0.21381276591355913,0.0,0.0,0.0,0.0,,,-60.625062280351116,-100.0,0.21381276591355913,0.0,0.0,0.0,0.0,,,-60.625062280351116,-100.0,0.21381276591355913,0.0,0.0,0.0,0.0,,,148.69033153916465,-100.0,-30.69073753483701,0.8695652173912993,-1.0,-0.23987602009685194,-0.5762078376037039,,,148.69033153916465,-100.0,-30.69073753483701,0.8695652173912993,-1.0,-0.23987602009685194,-0.5762078376037039,,,2573911.551225679,-592667.93026415,0.05096924778558076,0.0,0.0,0.0,0.0,6901219.551222799,8296365.791880621,0.8318364600047885,0.8695652173912993,False,False,rising,falling,buy_only,accelerating,neutral,False,False,False,pass,S0,🌱 초발사 준비,발사 구조 관찰 또는 초기 준비,S0,False,,,2026-09-05T11:40:00Z,33964283536-1
KRW-ZETA,2026-09-05T20:55:55.372412+09:00,1788609355,47.6,30.745304493595892,10.0,0.0,0.0,,0,0.0,complete,,,799208.9023575,1508749.06944215,-0.3074320138210228,47.6,47.8,0.42016806722688926,0.0,0.4184100418409953,100.0,complete_hourly_ordered,/v1/candles/minutes/60,120,False,9.523809523809511,44.1,2026-09-02T10:00:00,48.3,2026-09-04T09:00:00,D-1,1.449275362318836,16.66666666666662,False,0.2319849209801328,16.26315391021274,13.616378327290313,False,,,,0.0,0.0,0.0,0.0,0.0,0.0,,,-100.0,0.0,0.0,0.0,0.0,0.0,0.0,,,-100.0,0.0,0.0,0.0,0.0,0.0,0.0,,,-100.0,0.0,0.0,0.0,0.0,0.0,0.0,,,,-31.62043445142311,1.9271948608136968,-1.0,-0.39621084235075266,-0.8462657474183644,0.381620075884042,,,,-31.62043445142311,1.9271948608136968,-1.0,-0.39621084235075266,-0.8462657474183644,0.381620075884042,,0.0,0.0,0.0,0.0,0.0,0.0,0.0,0,2426908.283663967,0.0,1.9271948608136968,False,False,flat_or_na,flat_or_na,unavailable,flat_or_na,neutral,False,False,False,pass,S0,🌱 초발사 준비,발사 구조 관찰 또는 초기 준비,S0,False,,,2026-09-05T11:40:00Z,33964283536-1
KRW-ZIL,2026-09-05T20:55:55.372412+09:00,1788609355,3.53,-8.714330616461519,7.0,1584778.118555663,3266049.2212483184,0.4852278735560342,11,0.0,complete,1788608615518,1788609712714,25858807.62293415,38808590.29690803,-0.20025210678842603,3.48,3.58,2.8735632183908066,1.4367816091954033,1.3966480446927447,50.0,complete_hourly_ordered,/v1/candles/minutes/60,120,False,23.100303951367774,3.29,2026-09-01T01:00:00,4.05,2026-09-01T21:00:00,D-4,13.086419753086421,69.73684210526318,False,0.3391182924396441,22.787627599969305,,True,,,,0.0007338294477410301,-0.28248587570621764,0.0,-0.019948134849401278,0.01386855781415619,,0.46832744530768344,15882.084415995601,456.6540704929783,0.038434170891997965,0.0,0.0,0.0,0.0,,0.46832744530768344,15882.084415995601,456.6540704929783,0.038434170891997965,0.0,0.0,0.0,0.0,,0.46832744530768344,15882.084415995601,456.6540704929783,0.038434170891997965,0.0,0.0,0.0,0.0,,,511.3207903885691,,-357.53335405886776,2.6162790697674465,-1.0,-0.16268821097262798,-0.7696243084276304,,,511.3207903885691,,-357.53335405886776,2.6162790697674465,-1.0,-0.16268821097262798,-0.7696243084276304,,,1584778.118555663,3266049.2212483184,0.0007338294477410301,-0.28248587570621764,0.0,-0.019948134849401278,0.01386855781415619,4850827.339803982,3566119.5280139158,1.3602537160344594,2.6162790697674465,False,True,rising,rising,sell_advantage_weakening,accelerating,neutral,True,True,False,🔴 1차 급등 완료·상승분 반납 / 신규매수 금지,S3,🔴 1차 급등 완료·반납,당일/5D 급등 후 상승분 상당 부분 반납,S0,True,당일/5D 급등 후 상승분 상당 부분 반납,2026-09-05T20:55:55.372412+09:00,2026-09-05T11:40:00Z,33964283536-1
KRW-ZK,2026-09-05T20:55:55.372412+09:00,1788609355,13.5,-51.52173547909904,6.0,16544071.786933543,1051794.1407334951,15.729381963847144,49,0.0,complete,1788608457511,1788609603662,18251293.94043698,56971123.59903089,-0.5147379056021205,12.9,14.8,14.72868217054264,4.6511627906976605,8.783783783783788,68.42105263157904,complete_hourly_ordered,/v1/candles/minutes/60,120,False,26.49572649572651,11.7,2026-09-02T10:00:00,14.8,2026-09-05T15:00:00,D0,8.108108108108114,38.70967741935484,False,0.3252032520325132,22.450903377847602,,True,15.014254867394685,-11.992865100820937,-95.99880739165695,0.17621282110816594,-0.7352941176470562,0.0,0.0,0.0,,15.59531188200122,45.94492784573394,-98.75603196195196,0.6174541014174579,-0.7352941176470562,0.0,-0.05420054200542257,0.03783257768002812,,15.59531188200122,45.94492784573394,-98.75603196195196,0.6174541014174579,-0.7352941176470562,0.0,-0.05420054200542257,0.03783257768002812,,15.59531188200122,45.94492784573394,-98.75603196195196,0.6174541014174579,-0.7352941176470562,0.0,-0.05420054200542257,0.03783257768002812,,,,,-66.65916739526719,4.6511627906976605,-1.0,-0.055852817646306896,-0.9153303883861703,,,,,-66.65916739526719,4.6511627906976605,-1.0,-0.055852817646306896,-0.9153303883861703,,15.014254867394685,-2254485.632173924,-25235221.848958045,0.17621282110816594,-0.7352941176470562,0.0,0.0,0.0,17595865.927667037,7840698.5486115785,2.244170697110003,4.6511627906976605,False,False,falling,falling,buy_advantage_accelerating,accelerating,neutral,False,True,False,pass,S0,🌱 초발사 준비,발사 구조 관찰 또는 초기 준비,S0,False,,,2026-09-05T11:40:00Z,33964283536-1
KRW-ZKC,2026-09-05T20:55:55.372412+09:00,1788609355,66.9,-79.40179075900367,10.0,13183690.49749437,16644805.831183948,0.7920603358913807,36,0.0,complete,1788608616261,1788609516467,1566737.13855101,1935854.85143541,-0.10538415948522487,67.3,71.4,6.09212481426451,-0.5943536404160343,6.302521008403361,109.75609756097538,complete_hourly_ordered,/v1/candles/minutes/60,120,False,18.881118881118873,71.5,2026-09-01T08:00:00,85.0,2026-09-01T09:00:00,D-4,21.529411764705873,135.55555555555557,False,0.7934805918936361,13.223092812056459,8.379664942077607,True,0.23904731714425553,79.62398104549975,25.412668070997114,0.01937668446662144,-0.5943536404160343,0.0,-0.032168132103782554,0.024689821126168354,0.04173783199454384,0.33645142884248946,-72.08824440751032,-83.94460133520191,0.06119576223896672,-0.44642857142856984,0.0,-0.08578168561010902,0.0658357245837049,0.1107188718591825,0.33645142884248946,-72.08824440751032,-83.94460133520191,0.06119576223896672,-0.44642857142856984,0.0,-0.08578168561010902,0.0658357245837049,0.1107188718591825,0.33645142884248946,-72.08824440751032,-83.94460133520191,0.06119576223896672,-0.44642857142856984,0.0,-0.08578168561010902,0.0658357245837049,0.1107188718591825,-0.2832986531931727,929.3062508726166,1297.4613791904108,-50.328837990816574,0.0,-1.0,-0.4771536392097486,-1.1970058457386568,-0.03998647624061036,-0.2832986531931727,929.3062508726166,1297.4613791904108,-50.328837990816574,0.0,-1.0,-0.4771536392097486,-1.1970058457386568,-0.03998647624061036,0.23904731714425553,5844085.606900798,3372776.707490327,0.01937668446662144,-0.5943536404160343,0.0,-0.032168132103782554,0.024689821126168354,29828496.328678317,16623117.1388751,1.794398492140857,0.0,False,False,rising,rising,sell_advantage_weakening,accelerating,leading_buy_inflow,True,True,False,🔴 1차 급등 완료·상승분 반납 / 신규매수 금지,S3,🔴 1차 급등 완료·반납,당일/5D 급등 후 상승분 상당 부분 반납,S3,False,,,2026-09-05T11:40:00Z,33964283536-1
KRW-ZKP,2026-09-05T20:55:55.372412+09:00,1788609355,67.0,-81.22347349440686,6.0,10145889.214638002,36938370.70507247,0.2746707291354554,69,0.0,complete,1788608510729,1788609595805,1817478.97898989,1537983.86933977,0.08329554588549595,66.1,68.9,4.2360060514372355,1.3615733736762614,2.7576197387518224,67.85714285714269,complete_hourly_ordered,/v1/candles/minutes/60,120,False,15.025041736227053,59.9,2026-09-02T03:00:00,68.9,2026-09-05T19:00:00,D0,2.9027576197387495,22.222222222222122,False,0.4092622509423771,20.402130180040785,,False,-0.4161728883228041,-78.53577959802772,-46.01383367243621,0.09207249706754794,-0.8875739644970349,0.0,-0.15078082929456116,0.1076202296593145,,-1.868151448128561,-77.92885598355402,72.18630112095019,0.2931133866764526,-2.3323615160349753,0.0,-0.17232094776522544,0.12299192337442477,,-1.868151448128561,-77.92885598355402,72.18630112095019,0.2931133866764526,-2.3323615160349753,0.0,-0.17232094776522544,0.12299192337442477,,-1.868151448128561,-77.92885598355402,72.18630112095019,0.2931133866764526,-2.3323615160349753,0.0,-0.17232094776522544,0.12299192337442477,,-1.4249676586438467,-43.17081852575069,251.6539919769793,-47.83991816374442,0.0,1.0,-0.5578137025510577,-0.8270740162080124,,-1.4249676586438467,-43.17081852575069,251.6539919769793,-47.83991816374442,0.0,1.0,-0.5578137025510577,-0.8270740162080124,,-0.4161728883228041,-37122956.448658116,-31483547.756310843,0.09207249706754794,-0.8875739644970349,0.0,-0.15078082929456116,0.1076202296593145,47084259.91971047,20491446.59598756,2.297751879017173,0.0,False,False,falling,falling,sell_advantage_accelerating,accelerating,neutral,False,True,False,pass,S0,🌱 초발사 준비,발사 구조 관찰 또는 초기 준비,S0,False,,,2026-09-05T11:40:00Z,33964283536-1
KRW-ZORA,2026-09-05T20:55:55.372412+09:00,1788609355,12.7,-56.61415408601068,12.0,137314949.42520803,194948078.9149681,0.7043667739095889,278,0.0,complete,1788608465281,1788609715960,37114355.75910714,42996692.2677156,-0.07342728192294949,12.1,13.0,7.438016528925617,4.958677685950419,2.307692307692313,33.33333333333323,complete_hourly_ordered,/v1/candles/minutes/60,120,False,40.657084188911696,9.74,2026-09-02T20:00:00,13.7,2026-09-05T01:00:00,D0,8.75912408759124,30.303030303030326,False,2.3001764147102755,12.389502662105125,4.638068502530584,True,-1.17357263348835,-55.075371124007866,19.775284771995814,0.4823412198457291,-0.7812500000000111,0.0,0.0,0.0,0.0,-0.7797248671740307,-1.3258242648506058,107.9052062415259,1.1471150826782122,2.4193548387096753,0.0,0.27140724657348514,-0.20704031813943224,-0.15175502145615738,-0.7797248671740307,-1.3258242648506058,107.9052062415259,1.1471150826782122,2.4193548387096753,0.0,0.27140724657348514,-0.20704031813943224,-0.15175502145615738,-0.7797248671740307,-1.3258242648506058,107.9052062415259,1.1471150826782122,2.4193548387096753,0.0,0.27140724657348514,-0.20704031813943224,-0.15175502145615738,0.4190807709310069,980.1434709086398,337.48487985677133,-374.5071901007159,5.833333333333335,-2.0,-0.8298564961503052,-2.473243286028085,-0.9746147814295938,0.4190807709310069,980.1434709086398,337.48487985677133,-374.5071901007159,5.833333333333335,-2.0,-0.8298564961503052,-2.473243286028085,-0.9746147814295938,-1.17357263348835,-168341330.57266545,32186554.87762502,0.4823412198457291,-0.7812500000000111,0.0,0.0,0.0,332263028.3401761,24203494.666475452,13.727894790350154,5.833333333333335,False,False,falling,rising,sell_advantage_accelerating,accelerating,neutral,False,True,False,pass,S0,🌱 초발사 준비,발사 구조 관찰 또는 초기 준비,S2,True,발사 구조 관찰 또는 초기 준비,2026-09-05T20:55:55.372412+09:00,2026-09-05T11:40:00Z,33964283536-1
KRW-ZRO,2026-09-05T20:55:55.372412+09:00,1788609355,1431.0,-27.19720597292944,7.0,0.0,149071.99997016002,0.0,2,0.0,complete,1788609289256,1788609289346,111021.85256526,96975.07271493,0.06753359373657934,1422.0,1464.0,2.9535864978903037,0.6329113924050667,2.2540983606557377,78.57142857142851,complete_hourly_ordered,/v1/candles/minutes/60,120,False,17.060561299852296,1354.0,2026-09-01T17:00:00,1585.0,2026-09-04T12:00:00,D-1,9.716088328075712,66.66666666666663,False,0.25588987911409067,-5.02319508714768,,False,-0.028484665413297923,-100.0,-90.42960505742911,0.0,0.3506311360448766,0.0,0.0,0.0,,-0.14602884537583016,-100.0,-97.947941843466,0.027761551229190218,0.3506311360448766,0.0,0.0,0.0,,-0.14602884537583016,-100.0,-97.947941843466,0.027761551229190218,0.3506311360448766,0.0,0.0,0.0,,-0.14602884537583016,-100.0,-97.947941843466,0.027761551229190218,0.3506311360448766,0.0,0.0,0.0,,-1.3314773855211615,-100.0,-90.74490291541532,19.640815786469744,-1.2422360248447228,-2.0,-0.8399761223114366,-0.5935398076267138,,-1.3314773855211615,-100.0,-90.74490291541532,19.640815786469744,-1.2422360248447228,-2.0,-0.8399761223114366,-0.5935398076267138,,-0.028484665413297923,-44368.765,-1408564.8673137599,0.0,0.3506311360448766,0.0,0.0,0.0,149071.99997016002,28967953.49327545,0.00514610050049843,-1.2422360248447228,False,False,falling,falling,sell_only,flat_or_na,neutral,True,True,False,🔴 1차 급등 완료·상승분 반납 / 신규매수 금지,S3,🔴 1차 급등 완료·반납,당일/5D 급등 후 상승분 상당 부분 반납,S3,False,,,2026-09-05T11:40:00Z,33964283536-1
KRW-ZRX,2026-09-05T20:55:55.372412+09:00,1788609355,143.0,161.36257882857473,10.0,15269.099999009999,100000.00000104,0.15269099998851202,4,0.0,complete,1788608654622,1788608695260,773839.63551088,2287871.31511581,-0.4945050999327773,142.0,145.0,2.1126760563380254,0.7042253521126751,1.3793103448275863,66.66666666666666,complete_hourly_ordered,/v1/candles/minutes/60,120,False,11.538461538461542,130.0,2026-09-01T17:00:00,145.0,2026-09-05T14:00:00,D0,1.379310344827589,13.333333333333282,False,0.5911330049261032,-2.426484419085832,,True,0.15269099998851202,,-95.45367752020658,0.02718321699006765,0.7042253521126751,0.0,0.04926108374385674,-0.043740501353208394,,,,,0.5458969089250161,0.0,0.0,0.0,0.0,,,,,0.5458969089250161,0.0,0.0,0.0,0.0,,,,,0.5458969089250161,0.0,0.0,0.0,0.0,,,,,83.09742345394407,0.0,0.0,-0.6551282114248602,-0.7748327674341673,,,,,83.09742345394407,0.0,0.0,-0.6551282114248602,-0.7748327674341673,,0.15269099998851202,15269.099999009999,-2099579.99999896,0.02718321699006765,0.7042253521126751,0.0,0.04926108374385674,-0.043740501353208394,115269.10000004999,1987810.581286625,0.057987969822276136,0.0,False,False,rising,falling,sell_advantage_weakening,accelerating,neutral,False,False,False,pass,S1,⚡ 선행 시동,가격 미급등 상태에서 선행조건 7개 개선,S0,True,가격 미급등 상태에서 선행조건 7개 개선,2026-09-05T20:55:55.372412+09:00,2026-09-05T11:40:00Z,33964283536-1
