market,snapshot_kst,snapshot_epoch,price,value_accel_pct,launch_score,bid_trade_value_15m,ask_trade_value_15m,buy_sell_ratio_15m,trade_count_15m,trade_unknown_value_15m,trade_coverage_15m,trade_oldest_timestamp,trade_newest_timestamp,total_bid_size,total_ask_size,orderbook_imbalance,day_open,day_high,day_high_return_pct,current_day_return_pct,drawdown_from_day_high_pct,gain_retrace_pct,path_5d_status,path_5d_source,path_5d_points,stage_provisional,max_rally_5d_pct,max_rally_5d_base_price,max_rally_5d_base_time_kst,high_5d,high_5d_time_kst,max_rally_day,drawdown_from_5d_high_pct,gain_retrace_5d_pct,post_surge_higher_low,slope15,gap120,f120up,higher_low,buy_sell_ratio_change_15m,bid_trade_value_change_15m,ask_trade_value_change_15m,value_accel_change_15m,price_change_15m,launch_score_change_15m,slope15_change_15m,gap120_change_15m,f120up_change_15m,buy_sell_ratio_change_30m,bid_trade_value_change_30m,ask_trade_value_change_30m,value_accel_change_30m,price_change_30m,launch_score_change_30m,slope15_change_30m,gap120_change_30m,f120up_change_30m,buy_sell_ratio_change_45m,bid_trade_value_change_45m,ask_trade_value_change_45m,value_accel_change_45m,price_change_45m,launch_score_change_45m,slope15_change_45m,gap120_change_45m,f120up_change_45m,buy_sell_ratio_change_60m,bid_trade_value_change_60m,ask_trade_value_change_60m,value_accel_change_60m,price_change_60m,launch_score_change_60m,slope15_change_60m,gap120_change_60m,f120up_change_60m,buy_sell_ratio_change_90m,bid_trade_value_change_90m,ask_trade_value_change_90m,value_accel_change_90m,price_change_90m,launch_score_change_90m,slope15_change_90m,gap120_change_90m,f120up_change_90m,buy_sell_ratio_change_120m,bid_trade_value_change_120m,ask_trade_value_change_120m,value_accel_change_120m,price_change_120m,launch_score_change_120m,slope15_change_120m,gap120_change_120m,f120up_change_120m,delta_buy_sell_ratio,delta_bid_trade_value_15m,delta_ask_trade_value_15m,delta_value_accel_pct,delta_price_pct_15m,delta_launch_score,delta_slope15,delta_gap120,trade_value_15m,normal_trade_value_15m_median,trade_value_anomaly_ratio,surge_return_from_120m,surge_success_15_120m,signal_failure_120m,buy_pressure_trend,sell_pressure_trend,buy_sell_state,value_accel_direction,flow_signal,first_surge_retrace_gate,first_surge_retrace_seen,second_ignition_reentry,candidate_gate,stage,stage_label,stage_reason,stage_previous,stage_changed,stage_change_reason,stage_change_kst,scan_cycle,scan_run_id
KRW-0G,2026-09-04T13:31:59.203212+09:00,1788496319,256.0,2474.376881640291,10.0,12667078.41224348,249984.0,50.67155662859815,11,0.0,complete,1788495469528,1788496286704,1424618.95074411,1192604.99226722,0.08864887511686863,262.0,263.0,0.3816793893129722,-2.2900763358778664,2.6615969581749046,700.0000000000088,complete_hourly_ordered,/v1/candles/minutes/60,120,False,61.261261261261254,222.0,2026-08-30T14:00:00,358.0,2026-09-01T11:00:00,D-3,28.49162011173184,74.99999999999999,False,0.8921103986618384,38.09839430416283,,True,49.219573203760895,493.2992532364317,-82.99912734116748,0.6436826569129153,-0.3891050583657574,1.0,-0.05575689991637045,0.03156087462015478,,49.219573203760895,493.2992532364317,-82.99912734116748,0.6436826569129153,-0.3891050583657574,1.0,-0.05575689991637045,0.03156087462015478,,44.44826915746797,624.205627513278,-11.055824843523476,0.7031616438766832,0.39215686274509665,1.0,-0.027878449958196327,0.01578077470076522,,44.44826915746797,624.205627513278,-11.055824843523476,0.7031616438766832,0.39215686274509665,1.0,-0.027878449958196327,0.01578077470076522,,48.99533847056646,-38.72871171473313,-97.97314207766425,1.585751538088516,0.0,1.0,-0.027878449958196327,0.01578077470076522,,50.60635411628961,260.79126665198055,-99.53574552332954,2.645334094253485,1.9920318725099584,0.0,0.1115137998327409,-0.06312984748256412,,49.219573203760895,10532054.92398778,-1220434.63683465,0.6436826569129153,-0.3891050583657574,1.0,-0.05575689991637045,0.03156087462015478,12917062.41224348,22095341.52401458,0.5846056915755034,1.9920318725099584,False,True,rising,falling,buy_advantage_accelerating,accelerating,leading_buy_inflow,True,True,True,⚡ 2차 시동/재점화,S4,⚡ 2차 시동·재점화,Higher Low·BID 증가·ASK 감소·ratio 및 거래대금 재가속 확인,S3,True,Higher Low·BID 증가·ASK 감소·ratio 및 거래대금 재가속 확인,2026-09-04T13:31:59.203212+09:00,2026-09-04T04:10:00Z,33836660879-1
KRW-1INCH,2026-09-04T13:31:59.203212+09:00,1788496319,128.0,342.57342437424325,7.0,1131805.75262336,1099450.2748618799,1.0294287777276192,5,0.0,complete,1788496219119,1788496513573,1875233.83069702,1203258.78886089,0.21828054339549777,126.0,128.0,1.5873015873015817,1.5873015873015817,0.0,0.0,complete_hourly_ordered,/v1/candles/minutes/60,120,False,7.563025210084029,119.0,2026-09-02T19:00:00,128.0,2026-09-04T09:00:00,D0,0.78125,11.111111111111079,False,0.3227541689080127,-4.335664335664328,,True,,-95.94763856608756,,9.744394604821196,0.7874015748031482,0.0,0.05379236148466138,-0.04865125782671598,,,-95.94763856608756,,9.744394604821196,0.7874015748031482,0.0,0.05379236148466138,-0.04865125782671598,,-0.6434088718851796,-14.631088699473604,38.72579824824203,14.39515144458045,1.5873015873015817,0.0,0.10758472296934496,-0.09730932097696154,,-0.6434088718851796,-14.631088699473604,38.72579824824203,14.39515144458045,1.5873015873015817,0.0,0.10758472296934496,-0.09730932097696154,,1.0288011660484062,20478.286413316815,-87.45403939483921,19.021768148639353,1.5873015873015817,0.0,0.10758472296934496,-0.09730932097696154,,0.9799495305962509,74.86596522829596,-91.59510935035718,19.579244064186128,0.7874015748031482,0.0,0.05379236148466138,-0.04865125782671598,,,-26797730.42230357,1099450.2748618799,9.744394604821196,0.7874015748031482,0.0,0.05379236148466138,-0.04865125782671598,2231256.02748524,3426776.7196375458,0.6511238432019121,0.7874015748031482,False,True,falling,rising,buy_advantage_weakening,accelerating,neutral,False,False,False,pass,S0,🌱 초발사 준비,발사 구조 관찰 또는 초기 준비,S0,False,,,2026-09-04T04:10:00Z,33836660879-1
KRW-2Z,2026-09-04T13:31:59.203212+09:00,1788496319,73.3,-3.301237390673395,5.0,0.0,716945.9040894599,0.0,4,0.0,complete,1788495424320,1788495454594,1060500.88651059,1053918.14795535,0.0031132611123616026,74.0,74.6,0.8108108108108025,-0.9459459459459474,1.7426273458445003,216.66666666666802,complete_hourly_ordered,/v1/candles/minutes/60,120,False,5.841446453407495,71.9,2026-08-31T08:00:00,76.1,2026-09-02T01:00:00,D-2,3.6793692509855425,66.6666666666668,False,-0.10422094841062712,25.439989628237118,,False,-0.03951890916833086,-100.0,-93.63338611968182,0.4467422924692155,-0.13623978201635634,0.0,-0.008685079034209675,0.005878148895398283,,-0.03951890916833086,-100.0,-93.63338611968182,0.4467422924692155,-0.13623978201635634,0.0,-0.008685079034209675,0.005878148895398283,,-0.0243521576988286,-100.0,-41.80273427307868,2.908072300247755,0.2735978112175186,0.0,0.017370158068441555,-0.011756583577156476,,-0.0243521576988286,-100.0,-41.80273427307868,2.908072300247755,0.2735978112175186,0.0,0.017370158068441555,-0.011756583577156476,,-0.0355652305637964,-100.0,27.144815627970644,3.242102397117075,-0.27210884353742193,0.0,-0.017370158068441555,0.011756202531781668,,-0.9428613357280381,-100.0,-89.65775405416521,4.4978926736150235,0.0,0.0,0.0,0.0,,-0.03951890916833086,-445023.376553538,-10544077.892340755,0.4467422924692155,-0.13623978201635634,0.0,-0.008685079034209675,0.005878148895398283,716945.9040894599,911996.581306012,0.7861278416885813,0.0,False,False,falling,falling,sell_only,accelerating,neutral,False,False,False,pass,S0,🌱 초발사 준비,발사 구조 관찰 또는 초기 준비,S0,False,,,2026-09-04T04:10:00Z,33836660879-1
KRW-A,2026-09-04T13:31:59.203212+09:00,1788496319,108.0,-36.011078082955535,8.0,149999.99999904,0.0,,1,0.0,complete,1788496205951,1788496205951,1480532.8196822,3634443.6090056,-0.42109886904717686,107.0,108.0,0.9345794392523255,0.9345794392523255,0.0,0.0,complete_hourly_ordered,/v1/candles/minutes/60,120,False,8.910891089108919,101.0,2026-08-31T08:00:00,110.0,2026-09-04T03:00:00,D0,1.8181818181818188,22.22222222222222,False,0.7811499551799272,-0.4226812345482196,,True,,38.88888888800002,-100.0,0.051170032770365026,0.9345794392523255,0.0,0.06402868485082536,-0.055796563946855005,,,38.88888888800002,-100.0,0.051170032770365026,0.9345794392523255,0.0,0.06402868485082536,-0.055796563946855005,,,-98.09193764670815,-100.0,0.0671875093818528,0.9345794392523255,0.0,0.06402868485082536,-0.055796563946855005,,,-98.09193764670815,-100.0,0.0671875093818528,0.9345794392523255,0.0,0.06402868485082536,-0.055796563946855005,,,-66.4829360569629,,0.7802684969292386,0.0,0.0,0.0,0.0,,,-99.51393309832265,-100.0,1.2894625393858945,0.0,0.0,0.0,0.0,,,41999.99999904001,-650290.10517843,0.051170032770365026,0.9345794392523255,0.0,0.06402868485082536,-0.055796563946855005,149999.99999904,1129999.9999994,0.13274336283107935,0.0,False,False,rising,falling,buy_only,accelerating,neutral,False,False,False,pass,S0,🌱 초발사 준비,발사 구조 관찰 또는 초기 준비,S0,False,,,2026-09-04T04:10:00Z,33836660879-1
KRW-AAVE,2026-09-04T13:31:59.203212+09:00,1788496319,184200.0,13.023184978601021,7.0,11287237.374303002,68435.88971,164.93155012864085,28,0.0,complete,1788495447180,1788496360477,619.75294602,519.22402559,0.08826246968619339,181100.0,184200.0,1.7117614577581541,1.7117614577581541,0.0,0.0,complete_hourly_ordered,/v1/candles/minutes/60,120,False,10.945865556216528,168100.0,2026-08-31T11:00:00,186500.0,2026-09-02T14:00:00,D-2,1.179624664879353,11.956521739130396,False,1.80945063388398,-32.467743447155485,,True,163.13571883728525,-16.250944978754166,-99.08811156197035,0.2511045715395408,0.9315068493150669,0.0,0.03841721091049077,-0.041711641612948824,,163.13571883728525,-16.250944978754166,-99.08811156197035,0.2511045715395408,0.9315068493150669,0.0,0.03841721091049077,-0.041711641612948824,,164.83990459327765,488.38006720200957,-99.67306190832677,0.5354123968157154,1.1532125205930832,0.0,0.04994237418365355,-0.05422615061480229,,164.83990459327765,488.38006720200957,-99.67306190832677,0.5354123968157154,1.1532125205930832,0.0,0.04994237418365355,-0.05422615061480229,,163.9095329217471,26.894656919926497,-99.21368275060838,1.0780231171318988,0.7658643326039494,0.0,0.034575489819443916,-0.03754024287645308,,164.4822663179512,603.3217189274502,-98.0841078509596,1.338105627179731,1.320132013201314,0.0,0.06915097963888783,-0.0750847083176609,,163.13571883728525,-2190213.0535729975,-7436417.429614002,0.2511045715395408,0.9315068493150669,0.0,0.03841721091049077,-0.041711641612948824,11355673.264013002,21027881.703200497,0.5400293488566011,1.320132013201314,False,False,falling,falling,buy_advantage_accelerating,accelerating,neutral,False,False,False,pass,S0,🌱 초발사 준비,발사 구조 관찰 또는 초기 준비,S0,False,,,2026-09-04T04:10:00Z,33836660879-1
KRW-ADA,2026-09-04T13:31:59.203212+09:00,1788496319,308.0,-4.452377111253547,7.0,68148070.82026534,109992344.88168165,0.6195710337257739,189,0.0,complete,1788495437579,1788496622034,4824278.66232821,5062568.56027074,-0.024101707306436043,302.0,309.0,2.3178807947019875,1.9867549668874274,0.3236245954692557,14.285714285713874,complete_hourly_ordered,/v1/candles/minutes/60,120,False,17.42424242424243,264.0,2026-09-02T19:00:00,310.0,2026-09-04T13:00:00,D0,0.3225806451612856,2.173913043478322,False,0.758446334176055,-3.5488633008562096,,False,0.40895778712906433,94.06121675698269,-34.031998471726396,0.6886037337670796,0.6535947712418277,0.0,0.04596644449552656,-0.04112738494739565,,0.40895778712906433,94.06121675698269,-34.031998471726396,0.6886037337670796,0.6535947712418277,0.0,0.04596644449552656,-0.04112738494739565,,-0.28015241301048155,-25.905182388654303,7.59838833279034,1.279429321995429,0.32573289902280145,0.0,0.02298322224776328,-0.020563085319885044,,-0.28015241301048155,-25.905182388654303,7.59838833279034,1.279429321995429,0.32573289902280145,0.0,0.02298322224776328,-0.020563085319885044,,-1.146735709354568,-82.33427002104898,-49.63757780021005,2.099428328515362,-0.3236245954692518,0.0,0.0,0.0,,-7.494196292036757,-75.32969541007614,223.0769361418043,3.8390580821424543,1.3157894736842035,0.0,0.09193288899103091,-0.0822596275555445,,0.40895778712906433,33031280.376966603,-56743560.91127983,0.6886037337670796,0.6535947712418277,0.0,0.04596644449552656,-0.04112738494739565,178140415.70194697,185462116.06062317,0.960521854736722,1.3157894736842035,False,False,rising,falling,sell_advantage_weakening,accelerating,neutral,False,False,False,pass,S0,🌱 초발사 준비,발사 구조 관찰 또는 초기 준비,S0,False,,,2026-09-04T04:10:00Z,33836660879-1
KRW-AERO,2026-09-04T13:31:59.203212+09:00,1788496319,694.0,94.69788590957839,9.0,1215543.76357684,1674951.5445814999,0.7257187633332721,14,0.0,complete,1788495425037,1788496435375,129796.32689795,83986.74366785,0.21428068700136071,694.0,697.0,0.4322766570605152,0.0,0.430416068866571,100.0,complete_hourly_ordered,/v1/candles/minutes/60,120,False,12.98076923076923,624.0,2026-09-02T20:00:00,705.0,2026-09-04T05:00:00,D0,1.7021276595744705,14.814814814814763,False,0.26467993333985085,-3.5799280976252046,,True,-1.96699032865504,-51.438901080128986,80.1812481434094,0.3929616517746837,1.1661807580174877,0.0,0.049014802470348506,-0.04408224176821163,,-1.96699032865504,-51.438901080128986,80.1812481434094,0.3929616517746837,1.1661807580174877,0.0,0.049014802470348506,-0.04408224176821163,,-1.73689133884992,-84.82800245607834,-48.516262346103964,0.5275452903785265,1.1661807580174877,0.0,0.02940888148219578,-0.026448675397920507,,-1.73689133884992,-84.82800245607834,-48.516262346103964,0.5275452903785265,1.1661807580174877,0.0,0.02940888148219578,-0.026448675397920507,,-0.8630331424397896,52.491468868815836,233.83608640170493,2.9448391274662242,1.3138686131386912,0.0,0.05881776296439156,-0.05289935981028693,,0.6592946858133674,152.58504689100135,-76.88122509331922,3.0249168268547066,1.4619883040935644,0.0,0.06862072345847903,-0.061716701101642624,,-1.96699032865504,-1287578.67519368,745358.9472162199,0.3929616517746837,1.1661807580174877,0.0,0.049014802470348506,-0.04408224176821163,2890495.30815834,5513099.83846516,0.5242958395186709,1.4619883040935644,False,False,falling,rising,sell_advantage_accelerating,accelerating,neutral,False,False,False,pass,S0,🌱 초발사 준비,발사 구조 관찰 또는 초기 준비,S0,False,,,2026-09-04T04:10:00Z,33836660879-1
KRW-AGLD,2026-09-04T13:31:59.203212+09:00,1788496319,226.0,-31.992803911182477,8.0,0.0,88398.46156197999,0.0,1,0.0,complete,1788496054231,1788496054231,536179.83446763,501630.78902906,0.03329031776738236,226.0,228.0,0.8849557522123908,0.0,0.8771929824561403,100.0,complete_hourly_ordered,/v1/candles/minutes/60,120,False,5.882352941176472,221.0,2026-08-31T08:00:00,234.0,2026-08-31T12:00:00,D-4,3.4188034188034178,61.53846153846169,False,0.0,12.746518807888593,,True,,,,0.00672149816727341,-0.4405286343612369,0.0,-0.02888503755054117,0.022453659666949122,,,,,0.00672149816727341,-0.4405286343612369,0.0,-0.02888503755054117,0.022453659666949122,,,,,0.15871824062202222,0.0,0.0,0.0,0.0,,,,,0.15871824062202222,0.0,0.0,0.0,0.0,,,,,0.39289945266220627,0.4444444444444473,0.0,0.028885037550563375,-0.02245507447176287,,0.0,,-72.56440546473425,0.4196271597718706,0.4444444444444473,0.0,0.028885037550563375,-0.02245507447176287,,,0.0,88398.46156197999,0.00672149816727341,-0.4405286343612369,0.0,-0.02888503755054117,0.022453659666949122,88398.46156197999,512821.75573121,0.1723765822608998,0.4444444444444473,False,False,flat_or_na,rising,sell_only,accelerating,neutral,False,False,False,pass,S0,🌱 초발사 준비,발사 구조 관찰 또는 초기 준비,S0,False,,,2026-09-04T04:10:00Z,33836660879-1
KRW-AHT,2026-09-04T13:31:59.203212+09:00,1788496319,1.33,1150.1210541368216,8.0,132815.5922038866,719712.093953018,0.1845398921593732,3,0.0,complete,1788495803070,1788496354561,217030405.95886856,175002944.1643293,0.10720379218077236,1.35,1.35,0.0,-1.4814814814814836,1.4814814814814827,,complete_hourly_ordered,/v1/candles/minutes/60,120,False,37.00787401574803,1.27,2026-08-31T08:00:00,1.74,2026-09-01T18:00:00,D-3,22.988505747126432,85.10638297872337,False,0.6166495375128367,18.81413911060432,,False,0.1369004270488644,2554.985014987805,585.3914593230721,0.10394895514423297,0.0,0.0,0.0,0.0,,0.1369004270488644,2554.985014987805,585.3914593230721,0.10394895514423297,0.0,0.0,0.0,0.0,,,,,0.11789700253598312,0.0,0.0,0.0,0.0,,,,,0.11789700253598312,0.0,0.0,0.0,0.0,,-5.311465278683384,-69.32303984906092,813.6275611870989,0.18879213379955218,-0.7462686567164201,0.0,0.0,0.0,,0.1845398921593732,,494.65594807321986,0.3425562794107009,0.0,0.0,0.0,0.0,,0.1369004270488644,127813.0934532676,614704.6439530074,0.10394895514423297,0.0,0.0,0.0,0.0,852527.6861569046,1107482.1076806348,0.7697891281894628,0.0,False,True,rising,rising,sell_advantage_weakening,accelerating,leading_buy_inflow,True,True,False,🔴 1차 급등 완료·상승분 반납 / 신규매수 금지,S3,🔴 1차 급등 완료·반납,당일/5D 급등 후 상승분 상당 부분 반납,S3,False,,,2026-09-04T04:10:00Z,33836660879-1
KRW-AI,2026-09-04T13:31:59.203212+09:00,1788496319,26.6,,,0.0,53200.0,0.0,1,0.0,complete,1788495868830,1788495868830,8066746.00170698,6876294.38949912,0.07966595692991864,26.6,26.8,0.7518796992481258,0.0,0.7462686567164152,100.0,complete_hourly_ordered,/v1/candles/minutes/60,120,False,4.150943396226414,26.5,2026-08-31T08:00:00,27.6,2026-08-31T14:00:00,D-4,3.6231884057971064,90.9090909090909,False,,,,False,,,,,0.0,,,,,,,,,0.0,,,,,0.0,,91.95105994768451,,0.0,,,,,0.0,,91.95105994768451,,0.0,,,,,,,,,0.0,,,,,0.0,,-42.052248590058774,,0.0,,,,,,0.0,53200.0,,0.0,,,,53200.0,801000.0,0.06641697877652934,0.0,False,False,flat_or_na,rising,sell_only,flat_or_na,neutral,False,False,False,pass,S0,🌱 초발사 준비,발사 구조 관찰 또는 초기 준비,S0,False,,,2026-09-04T04:10:00Z,33836660879-1
KRW-AKT,2026-09-04T13:31:59.203212+09:00,1788496319,717.0,-37.05098630650233,7.0,81738.32868,1908280.29282818,0.04283350249289592,6,0.0,complete,1788495585165,1788495889442,77667.29563837,45945.26085673,0.25662469639884405,719.0,722.0,0.4172461752433909,-0.2781641168289273,0.6925207756232686,166.66666666666669,complete_hourly_ordered,/v1/candles/minutes/60,120,False,7.52212389380531,678.0,2026-09-02T10:00:00,729.0,2026-09-04T00:00:00,D0,1.6460905349794275,23.52941176470592,True,-0.1443261771603921,19.258962109332263,,False,-0.3003034878755954,-95.85710439606612,-66.81147591933441,0.07589747197444296,-0.139275766016711,0.0,-0.009020386072533526,0.0065574961217151895,,-0.3003034878755954,-95.85710439606612,-66.81147591933441,0.07589747197444296,-0.139275766016711,0.0,-0.009020386072533526,0.0065574961217151895,,-9.969434072301524,-97.75572857461248,424.5951116225407,0.507350789799851,-0.2781641168289273,0.0,-0.018040772145044848,0.013114872674897526,,-9.969434072301524,-97.75572857461248,424.5951116225407,0.507350789799851,-0.2781641168289273,0.0,-0.018040772145044848,0.013114872674897526,,,-91.01976203662414,,0.6111821026777875,-0.4166666666666652,0.0,-0.009020386072533526,0.0065574961217151895,,-1.0377218437188234,-88.53981336514306,189.10467779123553,0.7467234443556663,-0.139275766016711,0.0,-0.009020386072533526,0.0065574961217151895,,-0.3003034878755954,-1891237.4953399298,-3841539.3984303204,0.07589747197444296,-0.139275766016711,0.0,-0.009020386072533526,0.0065574961217151895,1990018.62150818,3406205.978393935,0.5842332008490269,-0.139275766016711,False,False,falling,falling,sell_advantage_accelerating,accelerating,neutral,False,False,False,pass,S0,🌱 초발사 준비,발사 구조 관찰 또는 초기 준비,S0,False,,,2026-09-04T04:10:00Z,33836660879-1
KRW-ALGO,2026-09-04T13:31:59.203212+09:00,1788496319,127.0,23.34002071776049,11.0,7450869.31183232,46969871.21168006,0.15863082268744869,24,0.0,complete,1788495484123,1788496019866,5285313.65322234,7099925.52030704,-0.14651407547809156,127.0,130.0,2.3622047244094446,0.0,2.307692307692308,100.0,complete_hourly_ordered,/v1/candles/minutes/60,120,False,12.93103448275863,116.0,2026-08-31T08:00:00,131.0,2026-09-04T01:00:00,D0,3.053435114503822,26.666666666666693,False,0.3205128205128194,8.823886393979848,9.80259806920544,False,-0.7840684162195062,-38.93322844965886,262.90298497939006,1.144735546818353,-1.5503875968992276,-1.0,-0.1602564102564097,0.12902564523887605,0.41252504554593905,-0.7840684162195062,-38.93322844965886,262.90298497939006,1.144735546818353,-1.5503875968992276,-1.0,-0.1602564102564097,0.12902564523887605,0.41252504554593905,-15.973722679325931,18.768724322422226,11978.478906508823,2.8611376146831375,-1.5503875968992276,-1.0,-0.10683760683760646,0.08602231630993451,0.27761194084813035,-15.973722679325931,18.768724322422226,11978.478906508823,2.8611376146831375,-1.5503875968992276,-1.0,-0.10683760683760646,0.08602231630993451,0.27761194084813035,0.038203245331323715,2750.2835842178965,2063.8464770595497,3.5185067237041494,-0.78125,1.0,0.0,0.0,0.0,0.0397334984885588,10535.13511752304,7871.269936981709,3.904863777994702,0.0,1.0,0.05341880341880323,-0.043018989281666364,-0.14285006017772162,-0.7840684162195062,-4750314.937264761,34027053.66655913,1.144735546818353,-1.5503875968992276,-1.0,-0.1602564102564097,0.12902564523887605,54420740.52351238,6766670.1174637405,8.042469867573532,0.0,False,True,falling,rising,sell_advantage_accelerating,accelerating,neutral,False,False,False,pass,S0,🌱 초발사 준비,발사 구조 관찰 또는 초기 준비,S1,True,발사 구조 관찰 또는 초기 준비,2026-09-04T13:31:59.203212+09:00,2026-09-04T04:10:00Z,33836660879-1
KRW-ALT,2026-09-04T13:31:59.203212+09:00,1788496319,8.64,-36.013692675620135,9.0,663763.5574683746,495317.18988489604,1.3400777744512014,5,0.0,complete,1788495676149,1788496401740,8563768.11884542,6854245.72120594,0.11087825029697766,8.59,8.67,0.93131548311991,0.5820721769499437,0.3460207612456674,37.5,complete_hourly_ordered,/v1/candles/minutes/60,120,False,5.415162454873634,8.31,2026-08-31T08:00:00,8.76,2026-08-31T16:00:00,D-4,1.0273972602739656,19.99999999999992,True,-0.14482811189878708,7.032857852529993,,False,-23.285755428291992,-38.904495297608236,1022.7167086288388,0.055471789576579056,0.23201856148493682,0.0,0.022867596615583352,-0.01881657638994927,,-23.285755428291992,-38.904495297608236,1022.7167086288388,0.055471789576579056,0.23201856148493682,0.0,0.022867596615583352,-0.01881657638994927,,1.1818072277116114,8.728258310523241,-87.15859540622766,0.6972837475863543,-0.2309468822170868,0.0,-0.007622532205209254,0.006271969571754354,,1.1818072277116114,8.728258310523241,-87.15859540622766,0.6972837475863543,-0.2309468822170868,0.0,-0.007622532205209254,0.006271969571754354,,-4.618856417792893,133.43586855863387,938.0210800973148,0.7858334266269793,0.5820721769499437,0.0,0.04573519323118891,-0.03763415435419937,,,,,0.8168186912041904,0.8168028004667427,0.0,0.06098025764158521,-0.05017976280004177,,-23.285755428291992,-422672.44253145775,451199.45421052264,0.055471789576579056,0.23201856148493682,0.0,0.022867596615583352,-0.01881657638994927,1159080.7473532706,1209325.7922609,0.958452019109182,0.8168028004667427,False,False,falling,rising,buy_advantage_weakening,accelerating,neutral,False,False,False,pass,S0,🌱 초발사 준비,발사 구조 관찰 또는 초기 준비,S0,False,,,2026-09-04T04:10:00Z,33836660879-1
KRW-ANIME,2026-09-04T13:31:59.203212+09:00,1788496319,3.77,1661.3074332684469,9.0,5077792.476705559,0.0,,4,0.0,complete,1788495517578,1788496291663,48017997.14580228,15814161.44128781,0.5045080162936496,3.78,3.8,0.5291005291005346,-0.2645502645502562,0.7894736842105211,149.99999999999793,complete_hourly_ordered,/v1/candles/minutes/60,120,False,24.517906336088146,3.63,2026-08-30T14:00:00,4.52,2026-08-31T09:00:00,D-4,16.592920353982286,84.26966292134833,False,0.2467830072272026,16.02030456852792,,False,,23.964207694883545,-100.0,0.36577493608047007,0.26595744680850686,0.0,0.03525471531817814,-0.02643458197140447,,,23.964207694883545,-100.0,0.36577493608047007,0.26595744680850686,0.0,0.03525471531817814,-0.02643458197140447,,,896.1336404435359,-100.0,0.735044698879392,0.8021390374331583,0.0,0.052882072977267214,-0.03965260491962752,,,896.1336404435359,-100.0,0.735044698879392,0.8021390374331583,0.0,0.052882072977267214,-0.03965260491962752,,,115.31261890024575,-100.0,0.8486419712048701,0.26595744680850686,0.0,0.07050943063635629,-0.052871115878883046,,,,-100.0,0.9896757032506684,0.8021390374331583,0.0,0.07050943063635629,-0.052871115878883046,,,981616.1923351004,-2235530.1134644016,0.36577493608047007,0.26595744680850686,0.0,0.03525471531817814,-0.02643458197140447,5077792.476705559,6315122.330585537,0.804068743389607,0.8021390374331583,False,True,rising,falling,buy_only,accelerating,neutral,True,True,False,🔴 1차 급등 완료·상승분 반납 / 신규매수 금지,S3,🔴 1차 급등 완료·반납,당일/5D 급등 후 상승분 상당 부분 반납,S3,False,,,2026-09-04T04:10:00Z,33836660879-1
KRW-ANKR,2026-09-04T13:31:59.203212+09:00,1788496319,5.68,8921.889645570433,14.0,39036004.39397472,14962809.89514428,2.6088685659665205,60,0.0,complete,1788495550158,1788496333098,44430449.92318779,24259831.55908425,0.29364588306876105,5.86,6.0,2.3890784982935065,-3.071672354948818,5.3333333333333375,228.57142857142952,complete_hourly_ordered,/v1/candles/minutes/60,120,False,32.706766917293216,5.32,2026-09-02T10:00:00,7.06,2026-09-03T09:00:00,D-1,19.68838526912181,79.8850574712644,False,0.7987413772237772,2.789449112978528,2.2964961060417304,True,1.9099423226877037,89.14088955972943,-49.328404997121766,20.66431524998734,0.35335689045936647,0.0,-0.0363064262374424,0.030757995934750593,0.03676679122825366,1.9099423226877037,89.14088955972943,-49.328404997121766,20.66431524998734,0.35335689045936647,0.0,-0.0363064262374424,0.030757995934750593,0.03676679122825366,1.9697399648233087,50.82021985569405,-63.05160121979161,31.591141221273574,1.2477718360071277,0.0,0.04840856831660467,-0.04101484967102653,-0.04961073144457728,1.9697399648233087,50.82021985569405,-63.05160121979161,31.591141221273574,1.2477718360071277,0.0,0.04840856831660467,-0.04101484967102653,-0.04961073144457728,1.8405786107877606,64.53289421527941,-51.54643987392393,63.41000585660004,0.7092198581560183,0.0,0.024204284158302336,-0.020506826445472637,-0.02472059865305587,2.1629835012112926,108.79895379681162,-64.31390364043739,88.35899048401006,0.8880994671403242,0.0,0.04840856831660467,-0.04101484967102653,-0.04961073144457728,1.9099423226877037,18397418.795249697,-14566179.46130753,20.66431524998734,0.35335689045936647,0.0,-0.0363064262374424,0.030757995934750593,53998814.289119005,107648022.99629101,0.5016238365193155,0.8880994671403242,False,True,rising,falling,buy_advantage_accelerating,accelerating,leading_buy_inflow,True,True,False,🔴 1차 급등 완료·상승분 반납 / 신규매수 금지,S3,🔴 1차 급등 완료·반납,당일/5D 급등 후 상승분 상당 부분 반납,S3,False,,,2026-09-04T04:10:00Z,33836660879-1
KRW-API3,2026-09-04T13:31:59.203212+09:00,1788496319,314.0,19.291222941356878,11.0,45149.432,0.0,,2,0.0,complete,1788496136070,1788496136070,480878.37820594,278826.60488671,0.26596083718801766,311.0,315.0,1.2861736334405238,0.9646302250803762,0.31746031746031744,25.000000000001293,complete_hourly_ordered,/v1/candles/minutes/60,120,False,13.14878892733564,289.0,2026-08-31T18:00:00,327.0,2026-09-01T18:00:00,D-3,3.9755351681957207,34.21052631578947,True,0.4467134652201832,13.879263177092835,13.498971007463812,True,,-31.528760595071848,-100.0,0.25112258508526253,0.31948881789136685,0.0,-0.021272069772382274,0.016274461716108135,0.058377538123354,,-31.528760595071848,-100.0,0.25112258508526253,0.31948881789136685,0.0,-0.021272069772382274,0.016274461716108135,0.058377538123354,,351.4943200844294,-100.0,0.5966350809682766,1.2903225806451646,1.0,0.0850882790895513,-0.06510526795959848,-0.2372810748284646,,351.4943200844294,-100.0,0.5966350809682766,1.2903225806451646,1.0,0.0850882790895513,-0.06510526795959848,-0.2372810748284646,,330.11748125598774,-100.0,0.7175093087674398,0.9646302250803762,1.0,0.06381620931716903,-0.04882783770390198,-0.1773878837659506,,-96.37694124472544,-100.0,0.9115185475118821,1.2903225806451646,1.0,0.0850882790895513,-0.06510526795959848,-0.2372810748284646,,-20789.833,-139450.3222248,0.25112258508526253,0.31948881789136685,0.0,-0.021272069772382274,0.016274461716108135,45149.432,910849.924942655,0.04956846431407732,1.2903225806451646,False,True,falling,falling,buy_only,accelerating,neutral,False,False,False,pass,S1,⚡ 선행 시동,가격 미급등 상태에서 선행조건 3개 개선,S1,False,,,2026-09-04T04:10:00Z,33836660879-1
KRW-APT,2026-09-04T13:31:59.203212+09:00,1788496319,819.0,17.675520469338736,4.0,4188662.85658069,1204599.6378474599,3.4772240709498754,21,0.0,complete,1788495430696,1788496257009,135341.80920316,110984.26732174,0.09888332662562342,824.0,829.0,0.6067961165048485,-0.6067961165048597,1.2062726176115801,200.00000000000182,complete_hourly_ordered,/v1/candles/minutes/60,120,False,21.89265536723164,708.0,2026-08-31T08:00:00,863.0,2026-09-03T16:00:00,D-1,5.098493626882972,28.387096774193548,False,0.20871597929539298,20.829107818645028,,False,3.037800546403427,61.039431927865365,-79.64913582650723,0.15540127212854316,0.3676470588235281,0.0,0.02504591751546492,-0.01782994725979492,,3.037800546403427,61.039431927865365,-79.64913582650723,0.15540127212854316,0.3676470588235281,0.0,0.02504591751546492,-0.01782994725979492,,3.472199684350771,3141.916460789917,-95.3156192156006,0.3326579893280446,0.3676470588235281,0.0,0.02504591751546492,-0.01782994725979492,,3.472199684350771,3141.916460789917,-95.3156192156006,0.3326579893280446,0.3676470588235281,0.0,0.02504591751546492,-0.01782994725979492,,3.2934524492198687,-53.63576199481721,-97.5496456269035,0.7536540108537899,-0.36496350364964014,0.0,-0.033394556687249555,0.023771890999949363,,2.442576091688683,-26.112263908866893,-78.01470504085408,1.1137776059327429,0.3676470588235281,0.0,0.02504591751546492,-0.01782994725979492,,3.037800546403427,1587645.9463515705,-4714557.54180914,0.15540127212854316,0.3676470588235281,0.0,0.02504591751546492,-0.01782994725979492,5393262.49442815,29889732.366269425,0.18043863452301934,0.3676470588235281,False,False,rising,falling,buy_advantage_accelerating,accelerating,leading_buy_inflow,False,False,False,pass,S0,🌱 초발사 준비,발사 구조 관찰 또는 초기 준비,S0,False,,,2026-09-04T04:10:00Z,33836660879-1
KRW-ARB,2026-09-04T13:31:59.203212+09:00,1788496319,186.0,313.9993437839523,8.0,29834919.867409714,38922232.33732087,0.7665264317021786,61,0.0,complete,1788495451162,1788496505990,3497447.71547924,2665321.93104019,0.13502464511374562,192.0,201.0,4.6875,-3.125,7.462686567164178,166.66666666666669,complete_hourly_ordered,/v1/candles/minutes/60,120,False,73.27586206896552,116.0,2026-08-31T08:00:00,201.0,2026-09-04T10:00:00,D0,7.960199004975122,18.82352941176471,False,2.927063339731273,-5.9259259259259265,,False,0.08657241094698209,127.17628511831234,101.51872407505182,1.6932181420789902,-0.5347593582887722,0.0,-0.047984644913645624,0.04284143411358077,,0.08657241094698209,127.17628511831234,101.51872407505182,1.6932181420789902,-0.5347593582887722,0.0,-0.047984644913645624,0.04284143411358077,,0.3706421346948201,131.67185240035678,19.650470787082064,2.1247073638596135,-1.0638297872340385,0.0,-0.09596928982726904,0.08567757981408963,,0.3706421346948201,131.67185240035678,19.650470787082064,2.1247073638596135,-1.0638297872340385,0.0,-0.09596928982726904,0.08567757981408963,,-0.5933615463570397,-57.26146157306382,-24.17792498355247,3.094732034863057,-0.5347593582887722,0.0,-0.047984644913645624,0.04284143411358077,,0.5809307439822518,22.83992365019918,-70.25730729376853,4.827844848413747,0.0,0.0,0.04798464491362342,-0.04284672350602747,,0.08657241094698209,16701982.223028466,19607782.76645865,1.6932181420789902,-0.5347593582887722,0.0,-0.047984644913645624,0.04284143411358077,68757152.20473059,144570692.0640204,0.4755953729147453,0.0,False,True,rising,rising,sell_advantage_weakening,accelerating,leading_buy_inflow,False,False,False,pass,S0,🌱 초발사 준비,발사 구조 관찰 또는 초기 준비,S0,False,,,2026-09-04T04:10:00Z,33836660879-1
KRW-ARDR,2026-09-04T13:31:59.203212+09:00,1788496319,30.8,55.78608697670313,9.0,18101428.25387959,19593637.24497452,0.923842165064189,76,0.0,complete,1788495435722,1788496471658,5633586.69004287,6015321.25544571,-0.0327699872974513,29.7,31.7,6.734006734006726,3.703703703703698,2.839116719242898,45.000000000000014,complete_hourly_ordered,/v1/candles/minutes/60,120,False,25.830258302583033,27.1,2026-08-31T19:00:00,34.1,2026-09-02T13:00:00,D-2,9.97067448680352,48.57142857142859,False,0.96440872560275,24.243533693709217,,False,-3.5079696151336868,114.56950162709494,929.3226277630179,3.2924844805388744,1.3157894736842257,0.0,0.09184845005740794,-0.06239579001861273,,-3.5079696151336868,114.56950162709494,929.3226277630179,3.2924844805388744,1.3157894736842257,0.0,0.09184845005740794,-0.06239579001861273,,-2.8522589072237454,209.47042752571744,1164.9256089540715,3.519299186959522,0.9836065573770592,0.0,0.0688863375430504,-0.0467958346129862,,-2.8522589072237454,209.47042752571744,1164.9256089540715,3.519299186959522,0.9836065573770592,0.0,0.0688863375430504,-0.0467958346129862,,0.7893426056721035,4406.239874196015,556.0506767433588,3.574695165683515,1.9867549668874274,0.0,0.1377726750861008,-0.09359771689236851,,-0.6763138245925167,493.70451249470807,928.3356483178203,3.674424126985244,1.3157894736842257,0.0,0.09184845005740794,-0.06239579001861273,,-3.5079696151336868,9665267.421787778,17690090.512736008,3.2924844805388744,1.3157894736842257,0.0,0.09184845005740794,-0.06239579001861273,37695065.498854116,3748287.407165728,10.056610233994112,1.3157894736842257,False,False,rising,rising,sell_advantage_accelerating,accelerating,neutral,False,True,False,pass,S0,🌱 초발사 준비,발사 구조 관찰 또는 초기 준비,S0,False,,,2026-09-04T04:10:00Z,33836660879-1
KRW-ARK,2026-09-04T13:31:59.203212+09:00,1788496319,161.0,-26.292719889186998,12.0,4658944.52880381,8053005.89684225,0.5785348463026307,18,0.0,complete,1788495514863,1788496455516,1343388.47157261,2698296.02565401,-0.33523337979773765,155.0,163.0,5.161290322580636,3.8709677419354938,1.2269938650306749,24.999999999999677,complete_hourly_ordered,/v1/candles/minutes/60,120,False,13.422818791946312,149.0,2026-08-31T08:00:00,169.0,2026-09-03T14:00:00,D-1,4.7337278106508895,39.99999999999993,True,1.2383900928792713,12.658590098254322,8.377810801467612,False,0.40264234007042315,-15.254620958356801,-74.23478083213733,0.5672211654979336,0.6250000000000089,0.0,0.04422821760283746,-0.03399277796795808,-0.06046518984273597,0.40264234007042315,-15.254620958356801,-74.23478083213733,0.5672211654979336,0.6250000000000089,0.0,0.04422821760283746,-0.03399277796795808,-0.06046518984273597,-2.3969415665087483,-69.42696838941438,57.240890513012,1.7393802855878135,0.6250000000000089,0.0,0.04422821760283746,-0.03399277796795808,-0.06046518984273597,-2.3969415665087483,-69.42696838941438,57.240890513012,1.7393802855878135,0.6250000000000089,0.0,0.04422821760283746,-0.03399277796795808,-0.06046518984273597,0.1664215877732888,-14.807460108780324,-39.31398352002458,2.0557765950098528,0.0,0.0,0.0,0.0,0.0,0.0027035210826180656,-76.79115863835305,-76.89961466710456,2.824476075592287,0.0,0.0,0.0,0.0,0.0,0.40264234007042315,-838634.9044233896,-23202330.393434227,0.5672211654979336,0.6250000000000089,0.0,0.04422821760283746,-0.03399277796795808,12711950.42564606,13923077.506595992,0.9130129757321134,0.0,False,False,falling,falling,sell_advantage_weakening,accelerating,neutral,False,False,False,pass,S0,🌱 초발사 준비,발사 구조 관찰 또는 초기 준비,S0,False,,,2026-09-04T04:10:00Z,33836660879-1
KRW-ARKM,2026-09-04T13:31:59.203212+09:00,1788496319,149.0,25.209899709137563,12.0,16061.57056494,4120235.814491001,0.003898216337145302,20,0.0,complete,1788495547150,1788496378962,696723.36682447,1199077.72754058,-0.26498263040847164,150.0,150.0,0.0,-0.666666666666671,0.6666666666666667,,complete_hourly_ordered,/v1/candles/minutes/60,120,False,5.47945205479452,146.0,2026-08-31T08:00:00,154.0,2026-08-31T14:00:00,D-4,3.2467532467532423,62.499999999999844,False,0.6616674018526725,10.435166560368932,10.271404032499587,False,-0.14160931035885438,-89.7766385211859,281.6042812007612,0.17555274960405853,0.6756756756756799,0.0,0.04411116012350558,-0.03485600856443938,-0.10551333673396535,-0.14160931035885438,-89.7766385211859,281.6042812007612,0.17555274960405853,0.6756756756756799,0.0,0.04411116012350558,-0.03485600856443938,-0.10551333673396535,0.003898216337145302,,32.851438285636725,0.448295345358531,0.6756756756756799,0.0,0.04411116012350558,-0.03485600856443938,-0.10551333673396535,0.003898216337145302,,32.851438285636725,0.448295345358531,0.6756756756756799,0.0,0.04411116012350558,-0.03485600856443938,-0.10551333673396535,-3.4617689500357303,-22.758640717154243,68570.59690909895,0.6929007627106252,0.0,0.0,0.0,0.0,0.0,-5.034720355418347,-99.85140297837141,92.06828152426993,0.7021837738817176,0.6756756756756799,0.0,0.04411116012350558,-0.03485600856443938,-0.10551333673396535,-0.14160931035885438,-141044.97993926003,3040521.561410241,0.17555274960405853,0.6756756756756799,0.0,0.04411116012350558,-0.03485600856443938,4136297.385055941,1620049.99999906,2.553191188579575,0.6756756756756799,False,True,falling,rising,sell_advantage_accelerating,accelerating,neutral,False,False,False,pass,S1,⚡ 선행 시동,가격 미급등 상태에서 선행조건 3개 개선,S1,False,,,2026-09-04T04:10:00Z,33836660879-1
KRW-ARX,2026-09-04T13:31:59.203212+09:00,1788496319,174.0,,,1980922.690829,10092.0,196.28643389110186,13,0.0,complete,1788496180681,1788496381447,942291.08430091,1456278.78086389,-0.21428923294159083,175.0,175.0,0.0,-0.5714285714285672,0.5714285714285714,,complete_hourly_ordered,/v1/candles/minutes/60,120,False,14.110429447852768,163.0,2026-08-31T08:00:00,186.0,2026-09-01T06:00:00,D-3,5.913978494623651,47.82608695652175,True,,,,True,196.26327616043042,11284.613165683908,-98.65685162105686,,0.0,,,,,196.26327616043042,11284.613165683908,-98.65685162105686,,0.0,,,,,196.28643389110186,,-99.82834809506022,,0.0,,,,,196.28643389110186,,-99.82834809506022,,0.0,,,,,196.21523057242547,2667.618149953196,-98.99604066771599,,-0.5714285714285672,,,,,196.26935485390496,5559.779116654286,-99.50753816173923,,-0.5714285714285672,,,,,196.26327616043042,1963522.690829,-741276.9595442101,,0.0,,,,1991014.690829,3991024.1717774896,0.49887312257050503,-0.5714285714285672,False,False,rising,falling,buy_advantage_accelerating,flat_or_na,neutral,False,True,False,pass,S0,🌱 초발사 준비,발사 구조 관찰 또는 초기 준비,S0,False,,,2026-09-04T04:10:00Z,33836660879-1
KRW-ASTR,2026-09-04T13:31:59.203212+09:00,1788496319,7.66,-73.98150083717843,11.0,145474.7332588586,1087720.0,0.1337428136458451,4,0.0,complete,1788495471923,1788495472024,9002314.19870126,5969193.29976414,0.20259288513518228,7.69,7.76,0.910273081924573,-0.39011703511053764,1.2886597938144284,142.85714285714354,complete_hourly_ordered,/v1/candles/minutes/60,120,False,6.114130434782594,7.36,2026-09-02T03:00:00,7.81,2026-09-04T04:00:00,D0,1.9206145966709331,33.33333333333333,True,0.7245736502606626,11.314259039542538,8.68461921633525,True,-2.8674818865011926,-90.6453095302212,109.92176951260397,0.056588829178863875,-0.13037809647978849,0.0,-0.008836264027567431,0.0069175825322176365,0.014517130014814583,-2.8674818865011926,-90.6453095302212,109.92176951260397,0.056588829178863875,-0.13037809647978849,0.0,-0.008836264027567431,0.0069175825322176365,0.014517130014814583,-1.9190086742678325,-94.53757917854927,-16.160037588741194,0.1517263048284292,-0.26041666666666297,0.0,-0.017672528055157066,0.013835030517773461,0.02900321063478195,-1.9190086742678325,-94.53757917854927,-16.160037588741194,0.1517263048284292,-0.26041666666666297,0.0,-0.017672528055157066,0.013835030517773461,0.02900321063478195,,,,0.3433122555977519,-0.6485084306095956,0.0,-0.04418132013785936,0.034586567233603205,0.07227614907150404,-5.1154097493432085,-92.9419340860411,177.01574216996434,0.36200502185975836,-0.5194805194805197,0.0,-0.03534505611029193,0.027669522864536944,0.05788262129234134,-2.8674818865011926,-1409624.6442013395,569565.0689866674,0.056588829178863875,-0.13037809647978849,0.0,-0.008836264027567431,0.0069175825322176365,1233194.7332588586,959157.5638176089,1.2857061027080217,-0.5194805194805197,False,True,falling,rising,sell_advantage_accelerating,accelerating,neutral,False,False,False,pass,S0,🌱 초발사 준비,발사 구조 관찰 또는 초기 준비,S1,True,발사 구조 관찰 또는 초기 준비,2026-09-04T13:31:59.203212+09:00,2026-09-04T04:10:00Z,33836660879-1
KRW-ATH,2026-09-04T13:31:59.203212+09:00,1788496319,6.44,-12.82744954354057,11.0,532379.2581150008,1113527.4915100196,0.47810158453569745,19,0.0,complete,1788496136160,1788496481629,16266760.66274112,1753461.57166801,0.8053895730187143,6.53,6.53,0.0,-1.3782542113323082,1.3782542113323102,,complete_hourly_ordered,/v1/candles/minutes/60,120,False,12.836767036450091,6.31,2026-08-31T09:00:00,7.12,2026-08-31T14:00:00,D-4,9.55056179775281,83.95061728395056,False,0.6564993435006494,5.5556871757208155,4.5951359075956075,False,0.11535759824465036,-92.38399533845936,-94.2216048222861,0.5858667453403683,0.31152647975078995,0.0,0.020199979800006318,-0.01671616013967725,-0.026606074459017748,0.11535759824465036,-92.38399533845936,-94.2216048222861,0.5858667453403683,0.31152647975078995,0.0,0.020199979800006318,-0.01671616013967725,-0.026606074459017748,0.4002159183837256,1.2084074310670045,-83.51253271707098,0.9217624939440334,0.15552099533437946,0.0,0.020199979800006318,-0.01671616013967725,-0.026606074459017748,0.4002159183837256,1.2084074310670045,-83.51253271707098,0.9217624939440334,0.15552099533437946,0.0,0.020199979800006318,-0.01671616013967725,-0.026606074459017748,0.06876770606760246,-36.402905373622694,-45.550388777735265,1.1607599882107564,0.31152647975078995,0.0,0.010099989900003159,-0.008357981060396646,-0.013284461375048906,0.16892735791484648,-69.38368944653395,-80.20133284740263,1.2838231735097008,0.0,0.0,0.0,0.0,0.0,0.11535759824465036,-6457890.33564475,-18157004.503336392,0.5858667453403683,0.31152647975078995,0.0,0.020199979800006318,-0.01671616013967725,1645906.7496250204,4420520.1610901365,0.37233327519065684,0.0,False,False,falling,falling,sell_advantage_weakening,accelerating,neutral,False,False,False,pass,S1,⚡ 선행 시동,가격 미급등 상태에서 선행조건 5개 개선,S1,False,,,2026-09-04T04:10:00Z,33836660879-1
KRW-ATOM,2026-09-04T13:31:59.203212+09:00,1788496319,2076.0,-20.492840295656567,8.0,1331884.96038714,3204953.17813492,0.4155708013064368,17,0.0,complete,1788495541339,1788496361873,34782.4372121,16111.74159856,0.36685326396560974,2057.0,2076.0,0.923675255226053,0.923675255226053,0.0,0.0,complete_hourly_ordered,/v1/candles/minutes/60,120,False,5.9686393525543835,1977.0,2026-09-02T21:00:00,2095.0,2026-09-03T21:00:00,D-1,0.8591885441527447,15.254237288135556,False,-0.03821047603883576,14.005622382698668,,False,-9.815439193392733,-64.30199393179382,778.855433842994,0.9178217217219,0.727802037845704,0.0,0.035026269702287394,-0.02689415635816239,,-9.815439193392733,-64.30199393179382,778.855433842994,0.9178217217219,0.727802037845704,0.0,0.035026269702287394,-0.02689415635816239,,,31.213710896180856,,1.6470661332019034,0.8746355685131268,0.0,0.04457888871198801,-0.03422927790132313,,,31.213710896180856,,1.6470661332019034,0.8746355685131268,0.0,0.04457888871198801,-0.03422927790132313,,-2.4864259755032228,-36.837162773717665,341.07610416464877,1.8330678543421648,0.727802037845704,0.0,0.035026269702287394,-0.02689415635816239,,,-67.88054553521991,,1.8513904707354136,1.2189176011701663,0.0,0.06686833306798201,-0.05134514758973552,,-9.815439193392733,-2399093.6210002396,2840279.64313491,0.9178217217219,0.727802037845704,0.0,0.035026269702287394,-0.02689415635816239,4536838.138522061,4067988.867879105,1.1152533317740851,1.2189176011701663,False,False,falling,rising,sell_advantage_accelerating,accelerating,neutral,False,False,False,pass,S0,🌱 초발사 준비,발사 구조 관찰 또는 초기 준비,S0,False,,,2026-09-04T04:10:00Z,33836660879-1
KRW-AUCTION,2026-09-04T13:31:59.203212+09:00,1788496319,4603.0,-68.41784494836156,10.0,27793351.14573785,16384367.375960223,1.6963334932612246,51,0.0,complete,1788495449504,1788496379627,18702.89786261,26527.74830913,-0.17299886490255245,4646.0,4698.0,1.1192423590185019,-0.9255273353422244,2.022137079608344,182.69230769230785,complete_hourly_ordered,/v1/candles/minutes/60,120,False,33.57158811704266,4477.0,2026-08-30T14:00:00,5980.0,2026-08-31T04:00:00,D-4,23.026755852842808,91.61676646706589,False,0.7398950209068555,14.501175056707899,13.072961466227765,True,-6.4491424395052,378.5177991233611,2197.7529074581958,0.07035656093489706,0.5900349650349579,0.0,0.026689599952556264,-0.020231401725059328,-0.06616726415433405,-6.4491424395052,378.5177991233611,2197.7529074581958,0.07035656093489706,0.5900349650349579,0.0,0.026689599952556264,-0.020231401725059328,-0.06616726415433405,1.1238129208853012,5467.992241938112,1779.2237010014692,0.08852983935642555,0.5900349650349579,0.0,0.014827555529195457,-0.01123952617973778,-0.036699411694470996,1.1238129208853012,5467.992241938112,1779.2237010014692,0.08852983935642555,0.5900349650349579,0.0,0.014827555529195457,-0.01123952617973778,-0.036699411694470996,1.6963334932612246,,4775.820749524949,0.08942516585595683,0.1523063533507507,0.0,-0.002965511105856855,0.0022478628037116977,0.007321902197594099,1.6963334932612246,,2371.5824846191585,0.08942516585595683,0.1523063533507507,0.0,-0.002965511105856855,0.0022478628037116977,0.007321902197594099,-6.4491424395052,21985134.35700921,15671306.919251464,0.07035656093489706,0.5900349650349579,0.0,0.026689599952556264,-0.020231401725059328,44177718.52169807,2994519.7608225197,14.752855900194012,0.1523063533507507,False,False,rising,rising,buy_advantage_weakening,accelerating,neutral,True,True,False,🔴 1차 급등 완료·상승분 반납 / 신규매수 금지,S3,🔴 1차 급등 완료·반납,당일/5D 급등 후 상승분 상당 부분 반납,S4,True,당일/5D 급등 후 상승분 상당 부분 반납,2026-09-04T13:31:59.203212+09:00,2026-09-04T04:10:00Z,33836660879-1
KRW-AVAX,2026-09-04T13:31:59.203212+09:00,1788496319,10260.0,-1.872375718611441,11.0,42654460.5572522,25707788.5690316,1.659203802875331,63,0.0,complete,1788495539102,1788496497879,25046.60272482,15508.48498561,0.2351891779229706,10270.0,10300.0,0.2921129503407949,-0.09737098344693162,0.3883495145631068,133.33333333333331,complete_hourly_ordered,/v1/candles/minutes/60,120,False,6.666666666666665,9675.0,2026-09-02T19:00:00,10320.0,2026-09-04T01:00:00,D0,0.4844961240310086,7.7519379844960286,False,0.15016975711674707,4.0637948557579495,5.096974620413836,False,1.2621144738519394,563.2080875076156,58.7224269947467,0.4979923112361728,0.09756097560975618,0.0,0.006529119874643108,-0.005504411690001376,-0.013960884662412631,1.2621144738519394,563.2080875076156,58.7224269947467,0.4979923112361728,0.09756097560975618,0.0,0.006529119874643108,-0.005504411690001376,-0.013960884662412631,1.5553700993537671,1575.456967360324,4.850833701411239,0.7014857576635225,0.1953125,0.0,0.026116479498550227,-0.02201816317783134,-0.056077467292888095,1.5553700993537671,1575.456967360324,4.850833701411239,0.7014857576635225,0.1953125,0.0,0.026116479498550227,-0.02201816317783134,-0.056077467292888095,1.5057129403556577,507.4493473389715,-43.80562285447157,1.232627014838239,0.1953125,0.0,0.019587359623929324,-0.01651349327689111,-0.041999455215349535,0.03576926075445286,75.69629579771286,71.90861968035523,1.7621434746642795,0.1953125,0.0,0.019587359623929324,-0.01651349327689111,-0.041999455215349535,1.2621144738519394,36222925.5140728,9511092.8305759,0.4979923112361728,0.09756097560975618,0.0,0.006529119874643108,-0.005504411690001376,68362249.1262838,29756191.029982846,2.2974126311193803,0.1953125,False,False,rising,rising,buy_advantage_accelerating,accelerating,leading_buy_inflow,False,False,False,pass,S1,⚡ 선행 시동,가격 미급등 상태에서 선행조건 5개 개선,S1,False,,,2026-09-04T04:10:00Z,33836660879-1
KRW-AVNT,2026-09-04T13:31:59.203212+09:00,1788496319,145.0,11.816468984025041,11.0,28949717.81897219,100800.0,287.1995815374225,68,0.0,complete,1788495716090,1788496516803,1638499.93263186,2267160.29924119,-0.16096135590059793,144.0,146.0,1.388888888888884,0.694444444444442,0.684931506849315,50.0,complete_hourly_ordered,/v1/candles/minutes/60,120,False,13.740458015267176,131.0,2026-08-31T08:00:00,149.0,2026-09-04T04:00:00,D0,2.0134228187919434,16.666666666666618,True,0.6635071090047351,10.657763289342245,10.474002497532856,True,268.88935454803647,10.564210520712859,-92.95104895104896,0.8008009139129033,0.694444444444442,0.0,0.04739336492889379,-0.0373676392517126,-0.11449234319325718,268.88935454803647,10.564210520712859,-92.95104895104896,0.8008009139129033,0.694444444444442,0.0,0.04739336492889379,-0.0373676392517126,-0.11449234319325718,287.101022232451,5689.943563800228,-98.01304441177304,1.670878813118625,1.3986013986013957,0.0,0.09478672985780978,-0.07473920842290838,-0.23070388799006913,287.101022232451,5689.943563800228,-98.01304441177304,1.670878813118625,1.3986013986013957,0.0,0.09478672985780978,-0.07473920842290838,-0.23070388799006913,286.7669616123871,6451.335119208983,-90.13146853145867,2.343925392948721,1.3986013986013957,0.0,0.09478672985780978,-0.07473920842290838,-0.23070388799006913,287.1995815374225,,-98.27412824984195,2.3757851692535414,1.3986013986013957,0.0,0.09478672985780978,-0.07473920842290838,-0.23070388799006913,268.88935454803647,2766093.2241501473,-1329200.0,0.8008009139129033,0.694444444444442,0.0,0.04739336492889379,-0.0373676392517126,29050517.81897219,3850747.62618417,7.54412406085394,1.3986013986013957,False,True,rising,falling,buy_advantage_accelerating,accelerating,neutral,False,False,False,pass,S1,⚡ 선행 시동,가격 미급등 상태에서 선행조건 7개 개선,S1,False,,,2026-09-04T04:10:00Z,33836660879-1
KRW-AWE,2026-09-04T13:31:59.203212+09:00,1788496319,84.9,-30.957297616274605,3.0,0.0,0.0,,0,0.0,complete,,,1649137.15001098,1039751.00262939,0.2266312738903623,85.6,85.7,0.11682242990656011,-0.8177570093457764,0.9334889148191331,799.9999999998764,complete_hourly_ordered,/v1/candles/minutes/60,120,False,4.750593824228022,84.2,2026-08-31T08:00:00,88.2,2026-08-31T19:00:00,D-4,3.741496598639449,82.49999999999969,False,-0.3905053598774799,-3.6718267487498326,,False,,-100.0,-100.0,0.08538731681240108,0.11792452830190481,0.0,0.007656967840741213,-0.006936575915249321,,,-100.0,-100.0,0.08538731681240108,0.11792452830190481,0.0,0.007656967840741213,-0.006936575915249321,,,,-100.0,0.11820983088312076,0.0,0.0,0.0,0.0,,,,-100.0,0.11820983088312076,0.0,0.0,0.0,0.0,,,-100.0,,0.24354126824164268,-0.35211267605633756,0.0,-0.015313935681460222,0.013872737244503774,,,-100.0,-100.0,0.42037950184426975,0.0,0.0,-0.007656967840730111,0.006936437718535249,,,-534105.584051277,-707865.436985889,0.08538731681240108,0.11792452830190481,0.0,0.007656967840741213,-0.006936575915249321,0,2391020.153977429,0.0,0.0,False,False,falling,falling,unavailable,accelerating,neutral,False,False,False,pass,S0,🌱 초발사 준비,발사 구조 관찰 또는 초기 준비,S0,False,,,2026-09-04T04:10:00Z,33836660879-1
KRW-AXL,2026-09-04T13:31:59.203212+09:00,1788496319,58.6,4820.7970760206645,13.0,1834447.2545982283,5138227.48949736,0.35701946991406575,10,0.0,complete,1788495487734,1788496299778,1133585.2898078,1921266.76251752,-0.2578460296007283,58.7,59.0,0.5110732538330387,-0.17035775127768327,0.6779661016949128,133.33333333333405,complete_hourly_ordered,/v1/candles/minutes/60,120,False,34.67153284671534,54.8,2026-08-31T08:00:00,73.8,2026-08-31T20:00:00,D-4,20.59620596205961,80.0,False,0.40659851301114713,13.247932951080896,10.542169795202343,True,-7.487504518172094,289.30823128875176,8453.980991118182,0.5566989890749028,0.6872852233676952,1.0,0.04646840148698761,-0.035797083172971256,-0.08905380853064493,-7.487504518172094,289.30823128875176,8453.980991118182,0.5566989890749028,0.6872852233676952,1.0,0.04646840148698761,-0.035797083172971256,-0.08905380853064493,0.35701946991406575,,141.81647829530752,0.7503867275181619,0.5145797598627766,1.0,0.034851301115224054,-0.026847475518856356,-0.06669397868540194,0.35701946991406575,,141.81647829530752,0.7503867275181619,0.5145797598627766,1.0,0.034851301115224054,-0.026847475518856356,-0.06669397868540194,-26.941503547604334,728.826832577601,63273.99014149705,1.0508552041110306,0.17094017094017033,1.0,0.034851301115224054,-0.026847475518856356,-0.06669397868540194,-2.910709227026169,-73.68462673687914,140.8594142030739,1.3151327679543101,1.0344827586207028,1.0,0.05808550185872896,-0.044746915415135646,-0.1114783550992069,-7.487504518172094,1363240.3529291982,5078159.230112256,0.5566989890749028,0.6872852233676952,1.0,0.04646840148698761,-0.035797083172971256,6972674.744095588,3028682.082267209,2.3022141494877495,1.0344827586207028,False,True,rising,rising,sell_advantage_accelerating,accelerating,neutral,True,True,False,🔴 1차 급등 완료·상승분 반납 / 신규매수 금지,S3,🔴 1차 급등 완료·반납,당일/5D 급등 후 상승분 상당 부분 반납,S4,True,당일/5D 급등 후 상승분 상당 부분 반납,2026-09-04T13:31:59.203212+09:00,2026-09-04T04:10:00Z,33836660879-1
KRW-AXS,2026-09-04T13:31:59.203212+09:00,1788496319,1290.0,60.60771964197782,9.0,4726118.86613518,468038.8707669,10.097705898638823,13,0.0,complete,1788495680615,1788496478939,98294.98820583,89929.3198289,0.044445207233204,1305.0,1308.0,0.22988505747125743,-1.1494252873563204,1.3761467889908259,600.0000000000144,complete_hourly_ordered,/v1/candles/minutes/60,120,False,11.157368859283935,1201.0,2026-08-31T08:00:00,1335.0,2026-09-01T21:00:00,D-3,3.2958801498127355,32.83582089552245,False,-0.18372033682060307,11.48321840120834,,False,9.60943973632756,-69.49381635595716,-98.52489888652359,0.1570588487974689,0.2331002331002363,0.0,0.015310028068393766,-0.012074864541112618,,9.60943973632756,-69.49381635595716,-98.52489888652359,0.1570588487974689,0.2331002331002363,0.0,0.015310028068393766,-0.012074864541112618,,9.69350099703522,-23.1507642995853,-96.92377277904426,1.0983398964364213,0.2331002331002363,0.0,0.020413370757854654,-0.016099910467479717,,9.69350099703522,-23.1507642995853,-96.92377277904426,1.0983398964364213,0.2331002331002363,0.0,0.020413370757854654,-0.016099910467479717,,5.481150440020427,-71.44152661095187,-86.94339312934527,1.9937648654951872,-0.07745933384972759,0.0,-0.005103342689449786,0.00402486377029021,,9.665180805282354,-2.911103665223469,-95.84129460962649,2.406101887221439,0.3891050583657574,0.0,0.025516713447326644,-0.020125001934800935,,9.60943973632756,-10766211.87336748,-31261234.905175287,0.1570588487974689,0.2331002331002363,0.0,0.015310028068393766,-0.012074864541112618,5194157.7369020805,11169913.917593436,0.4650132288594364,0.3891050583657574,False,False,falling,falling,buy_advantage_accelerating,accelerating,neutral,False,False,False,pass,S0,🌱 초발사 준비,발사 구조 관찰 또는 초기 준비,S0,False,,,2026-09-04T04:10:00Z,33836660879-1
KRW-AZTEC,2026-09-04T13:31:59.203212+09:00,1788496319,19.1,-51.11210817119585,5.0,2370305.6234752783,0.0,,10,0.0,complete,1788495490694,1788496049188,7642925.99456483,5443345.10850363,0.16808309018949208,19.1,19.4,1.5706806282722363,0.0,1.546391752577305,100.0,complete_hourly_ordered,/v1/candles/minutes/60,120,False,13.953488372093027,17.2,2026-09-02T19:00:00,19.6,2026-09-04T04:00:00,D0,2.5510204081632626,20.83333333333321,False,0.10463899546564459,18.463013601335273,,True,,344.3404778952222,,0.1464549199727827,0.0,0.0,0.0,0.0,,,344.3404778952222,,0.1464549199727827,0.0,0.0,0.0,0.0,,,,,0.17941498714166215,1.0582010582010692,0.0,0.06975933031041492,-0.05103263938638136,,,,,0.17941498714166215,1.0582010582010692,0.0,0.06975933031041492,-0.05103263938638136,,,282.9938875230715,,0.19873305353382875,0.0,0.0,0.0,0.0,,,,,0.31151243453562927,0.5263157894736858,0.0,0.03487966515522967,-0.025515413509534568,,,1836862.0725516533,0.0,0.1464549199727827,0.0,0.0,0.0,0.0,2370305.6234752783,1762125.622403425,1.3451399794313956,0.5263157894736858,False,False,rising,flat_or_na,buy_only,accelerating,neutral,False,False,False,pass,S0,🌱 초발사 준비,발사 구조 관찰 또는 초기 준비,S0,False,,,2026-09-04T04:10:00Z,33836660879-1
KRW-B3,2026-09-04T13:31:59.203212+09:00,1788496319,0.632,,,1609988.0595003047,1039718.6102228106,1.5484844107534883,9,0.0,complete,1788495504023,1788495975008,154593538.64151528,175021437.0544366,-0.06197503123087678,0.633,0.639,0.9478672985782088,-0.15797788309637184,1.0954616588419415,116.66666666666706,complete_hourly_ordered,/v1/candles/minutes/60,120,False,6.785137318255252,0.619,2026-08-31T09:00:00,0.661,2026-09-01T09:00:00,D-3,4.387291981845687,69.04761904761915,False,,,,True,1.5202839490411348,15999.880595011999,193.20544859225967,,0.4769475357710551,,,,,1.5202839490411348,15999.880595011999,193.20544859225967,,0.4769475357710551,,,,,1.4662325193989119,5266.626865001875,185.06274055797155,,0.6369426751592355,,,,,1.4662325193989119,5266.626865001875,185.06274055797155,,0.6369426751592355,,,,,-1.5227686604995556,221.99761190006245,538.6477949771537,,0.6369426751592355,,,,,,334.39754131875395,,,0.15847860538826808,,,,,1.5202839490411348,1599988.0595003103,685114.4869997546,,0.4769475357710551,,,,2649706.6697231154,2121936.595794762,1.2487209443365481,0.15847860538826808,False,False,rising,rising,buy_advantage_accelerating,flat_or_na,neutral,False,False,False,pass,S0,🌱 초발사 준비,발사 구조 관찰 또는 초기 준비,S0,False,,,2026-09-04T04:10:00Z,33836660879-1
KRW-BABY,2026-09-04T13:31:59.203212+09:00,1788496319,15.2,,,5466.266866432,0.0,,1,0.0,complete,1788495871943,1788495871943,6750290.53466945,5462200.64479612,0.10547314802070527,15.4,15.4,0.0,-1.2987012987013102,1.2987012987013056,,complete_hourly_ordered,/v1/candles/minutes/60,120,False,4.705882352941182,17.0,2026-08-30T12:00:00,17.8,2026-08-31T01:00:00,D-4,14.60674157303371,324.9999999999999,False,,,,False,,-98.53899356455508,,,0.0,,,,,,-98.53899356455508,,,0.0,,,,,,-98.8421990808163,-100.0,,0.0,,,,,,-98.8421990808163,-100.0,,0.0,,,,,,,,,0.0,,,,,,,-100.0,,0.6622516556291425,,,,,,-368677.661169544,0.0,,0.0,,,,5466.266866432,1109042.860046363,0.004928814803607757,0.6622516556291425,False,False,falling,flat_or_na,buy_only,flat_or_na,neutral,False,False,False,pass,S0,🌱 초발사 준비,발사 구조 관찰 또는 초기 준비,S0,False,,,2026-09-04T04:10:00Z,33836660879-1
KRW-BARD,2026-09-04T13:31:59.203212+09:00,1788496319,165.0,51.51920128437937,8.0,356177.6268699,1568051.0249844003,0.22714670708719023,11,0.0,complete,1788495588959,1788496497810,1272912.69853457,1417109.00436879,-0.05360414218167381,165.0,167.0,1.21212121212122,0.0,1.1976047904191618,100.0,complete_hourly_ordered,/v1/candles/minutes/60,120,False,15.384615384615374,169.0,2026-08-31T11:00:00,195.0,2026-08-31T21:00:00,D-4,15.384615384615385,115.3846153846154,False,0.4798080767693058,24.982275458039478,,True,,770.2010160869756,,0.017882958344529243,0.0,0.0,0.03998400639744215,-0.027053596367565547,,,770.2010160869756,,0.017882958344529243,0.0,0.0,0.03998400639744215,-0.027053596367565547,,0.22268846141134369,688.7888979993171,-84.5183109244398,0.04418641265520051,0.0,0.0,0.0,0.0,,0.22268846141134369,688.7888979993171,-84.5183109244398,0.04418641265520051,0.0,0.0,0.0,0.0,,-0.3050600200990632,-95.10390507106749,-88.52840663404301,0.5662543734504197,-0.6024096385542133,0.0,-0.03998400639744215,0.027051577442456676,,0.22714670708719023,,60.62079672751046,1.1803182406394725,-0.6024096385542133,0.0,-0.03998400639744215,0.027051577442456676,,,315247.12687215,1568051.0249844003,0.017882958344529243,0.0,0.0,0.03998400639744215,-0.027053596367565547,1924228.6518543002,5832090.123423641,0.3299380858546662,-0.6024096385542133,False,False,rising,rising,sell_advantage_weakening,accelerating,neutral,True,True,False,🔴 1차 급등 완료·상승분 반납 / 신규매수 금지,S3,🔴 1차 급등 완료·반납,당일/5D 급등 후 상승분 상당 부분 반납,S3,False,,,2026-09-04T04:10:00Z,33836660879-1
KRW-BAT,2026-09-04T13:31:59.203212+09:00,1788496319,97.1,-19.402069683238153,6.0,4864073.46326824,61713.432592717996,78.81709473801311,11,0.0,complete,1788495600033,1788496256675,516056.77042494,590452.97895929,-0.06723502307661662,97.2,97.8,0.6172839506172867,-0.10288065843622185,0.7157464212678966,116.66666666666788,complete_hourly_ordered,/v1/candles/minutes/60,120,False,8.306010928961749,91.5,2026-08-31T08:00:00,99.1,2026-09-04T04:00:00,D0,2.0181634712411745,26.315789473684237,False,0.42040358744392936,21.87676730511096,,False,78.81709473801311,,326.031081808559,0.5305682830304335,0.10309278350515427,0.0,0.007006726457392531,-0.004918689901387552,,78.81709473801311,,326.031081808559,0.5305682830304335,0.10309278350515427,0.0,0.007006726457392531,-0.004918689901387552,,78.38688412626878,233.59762019194,-98.17911029661424,0.721722633991174,0.10309278350515427,0.0,0.007006726457392531,-0.004918689901387552,,78.38688412626878,233.59762019194,-98.17911029661424,0.721722633991174,0.10309278350515427,0.0,0.007006726457392531,-0.004918689901387552,,78.81709473801311,,-29.12124069039693,1.0331288790759068,-0.10288065843622185,0.0,-0.007006726457392531,0.004918622872807532,,-538.1264979892462,35.04875247155474,957.0988796286056,2.168105279899148,-0.20554984583761593,0.0,-0.014013452914807267,0.009837178718434814,,78.81709473801311,4864073.46326824,47227.76822974799,0.5305682830304335,0.10309278350515427,0.0,0.007006726457392531,-0.004918689901387552,4925786.895860958,1664179.57053376,2.9598890546896257,-0.20554984583761593,False,False,rising,rising,buy_advantage_accelerating,accelerating,leading_buy_inflow,False,False,False,pass,S0,🌱 초발사 준비,발사 구조 관찰 또는 초기 준비,S0,False,,,2026-09-04T04:10:00Z,33836660879-1
KRW-BCH,2026-09-04T13:31:59.203212+09:00,1788496319,352300.0,-35.25499538500352,12.0,15117185.977339,1196850.93859,12.63080095433474,35,0.0,complete,1788495428221,1788496376638,924.40361904,310.04658367,0.49767664505323606,350500.0,352700.0,0.6276747503566327,0.5135520684736106,0.11341083073433512,18.18181818181786,complete_hourly_ordered,/v1/candles/minutes/60,120,False,7.96969696969696,330000.0,2026-09-03T00:00:00,356300.0,2026-09-04T06:00:00,D0,1.2349143979792365,16.730038022813538,False,0.8198869379656415,3.8686359377091604,2.455457557588236,False,12.195721961190054,224.4760942696151,-88.82313695665552,0.1560021110286982,0.6859102600742961,0.0,0.028078319793345408,-0.023556251132998973,-0.022360713015453726,12.195721961190054,224.4760942696151,-88.82313695665552,0.1560021110286982,0.6859102600742961,0.0,0.028078319793345408,-0.023556251132998973,-0.022360713015453726,12.378806749825689,114.83168779342701,-95.7139424123169,0.3772474973201625,0.9166427957605361,0.0,0.04492531166935265,-0.03769075864689819,-0.03584236262879781,12.378806749825689,114.83168779342701,-95.7139424123169,0.3772474973201625,0.9166427957605361,0.0,0.04492531166935265,-0.03769075864689819,-0.03584236262879781,12.567991186419222,758.4920910595248,-95.73093668471986,1.2222422661972345,0.8011444921316224,0.0,0.037437759724467945,-0.03140868522703455,-0.02984445485516396,12.608096835276932,984.6256045253306,-98.05036363510747,1.4436971424369247,1.235632183908053,0.0,0.05990041555914427,-0.05025524188512209,-0.04786738336464502,12.195721961190054,10458233.825142,-9511439.338821001,0.1560021110286982,0.6859102600742961,0.0,0.028078319793345408,-0.023556251132998973,16314036.915928999,29560854.324807502,0.5518797507228416,1.235632183908053,False,False,rising,falling,buy_advantage_accelerating,accelerating,neutral,False,False,False,pass,S1,⚡ 선행 시동,가격 미급등 상태에서 선행조건 6개 개선,S1,False,,,2026-09-04T04:10:00Z,33836660879-1
KRW-BEAM,2026-09-04T13:31:59.203212+09:00,1788496319,2.14,-92.43550528482264,12.0,3019215.5022106785,9342425.886600044,0.3231725398583227,14,0.0,complete,1788495663696,1788496121881,48310196.10943526,91359627.62722158,-0.3082228527685028,2.17,2.2,1.382488479262678,-1.3824884792626668,2.7272727272727297,199.9999999999992,complete_hourly_ordered,/v1/candles/minutes/60,120,False,10.83743842364533,2.03,2026-08-31T11:00:00,2.25,2026-09-03T05:00:00,D-1,4.8888888888888875,49.999999999999794,False,0.5662157911292764,6.0051451672179486,5.72095584301805,True,,172.3709027225143,,0.03048859501988943,-0.46511627906975495,0.0,0.0,0.0,0.0,,172.3709027225143,,0.03048859501988943,-0.46511627906975495,0.0,0.0,0.0,0.0,0.3182180496944322,13618.094880327262,110.30922423574418,0.033153100862193696,-0.46511627906975495,0.0,0.0,0.0,0.0,0.3182180496944322,13618.094880327262,110.30922423574418,0.033153100862193696,-0.46511627906975495,0.0,0.0,0.0,0.0,0.2789011356554064,503.84310044214544,-17.279537467706785,0.09033327576325689,-0.46511627906975495,0.0,0.03145643284048205,-0.025947485948270455,-0.053266763609302714,-0.07077353554872673,26.487616639303234,54.18791517524924,0.11559505889580635,0.0,0.0,0.0,0.0,0.0,,1910721.3598365237,9342425.886600044,0.03048859501988943,-0.46511627906975495,0.0,0.0,0.0,12361641.388810722,4464242.059700572,2.769034748451756,0.0,False,False,rising,rising,sell_advantage_weakening,accelerating,neutral,False,False,False,pass,S1,⚡ 선행 시동,가격 미급등 상태에서 선행조건 3개 개선,S1,False,,,2026-09-04T04:10:00Z,33836660879-1
KRW-BERA,2026-09-04T13:31:59.203212+09:00,1788496319,244.0,190.15462995951592,9.0,818972.4385382002,3389773.59817537,0.2416009254951518,23,0.0,complete,1788495519364,1788496646061,714636.38525375,680801.16676603,0.024247031648780223,248.0,249.0,0.40322580645162365,-1.6129032258064502,2.0080321285140563,499.999999999989,complete_hourly_ordered,/v1/candles/minutes/60,120,False,14.601769911504414,226.0,2026-08-31T08:00:00,259.0,2026-09-01T01:00:00,D-3,5.405405405405405,42.42424242424237,False,0.24284943335131093,27.84481293549249,,True,-0.3245558638068765,-87.23569393191295,-70.08869677810247,0.72772873224568,0.0,0.0,0.0,0.0,,-0.3245558638068765,-87.23569393191295,-70.08869677810247,0.72772873224568,0.0,0.0,0.0,0.0,,0.1144123625150599,-65.19258122502232,-81.67595771430717,1.0816294626793876,0.4115226337448652,0.0,0.02698327037236048,-0.017671283211988964,,0.1144123625150599,-65.19258122502232,-81.67595771430717,1.0816294626793876,0.4115226337448652,0.0,0.02698327037236048,-0.017671283211988964,,0.2416009254951518,,-69.5684983044846,1.9943211281541835,-0.40816326530612734,0.0,-0.026983270372382684,0.0176704251744475,,-2.6756030065224015,-85.75711457742332,71.9753402138765,3.7217143155130543,-0.40816326530612734,0.0,-0.026983270372382684,0.0176704251744475,,-0.3245558638068765,-5597141.639028239,-7942977.679922662,0.72772873224568,0.0,0.0,0.0,0.0,4208746.03671357,12682451.786601562,0.3318558672669208,-0.40816326530612734,False,False,falling,falling,sell_advantage_accelerating,accelerating,neutral,False,False,False,pass,S0,🌱 초발사 준비,발사 구조 관찰 또는 초기 준비,S0,False,,,2026-09-04T04:10:00Z,33836660879-1
KRW-BIGTIME,2026-09-04T13:31:59.203212+09:00,1788496319,8.95,56.45162391527474,8.0,9069811.35168828,0.0,,16,0.0,complete,1788495740594,1788496546803,11201926.85261646,6203837.78588299,0.2871513645357642,9.04,9.08,0.4424778761062065,-0.9955752212389313,1.4317180616740173,324.9999999999925,complete_hourly_ordered,/v1/candles/minutes/60,120,False,8.418657565415245,8.79,2026-09-02T03:00:00,9.53,2026-09-02T11:00:00,D-2,6.086044071353625,78.37837837837841,False,0.8349003384731102,25.723388046263594,,True,,421.7005347783759,-100.0,0.3008627613982,0.33632286995515237,0.0,0.02256487401277596,-0.01507871320919918,,,421.7005347783759,-100.0,0.3008627613982,0.33632286995515237,0.0,0.02256487401277596,-0.01507871320919918,,,117.20743589123374,-100.0,0.5462254775284947,0.44893378226711356,0.0,0.01504324934185064,-0.010052405851531887,,,117.20743589123374,-100.0,0.5462254775284947,0.44893378226711356,0.0,0.01504324934185064,-0.010052405851531887,,,2137.660965375442,-100.0,1.4093839359375195,-0.22296544035675936,0.0,-0.015043249341872844,0.010052127376130926,,,122.51688472126267,-100.0,2.582118556400758,-0.77605321507761,-1.0,-0.05265137269649944,0.035181227562372186,,,7331302.236388786,-5771249.77144067,0.3008627613982,0.33632286995515237,0.0,0.02256487401277596,-0.01507871320919918,9069811.35168828,12909764.758506846,0.7025543471434489,-0.77605321507761,False,False,rising,falling,buy_only,accelerating,neutral,False,False,False,pass,S0,🌱 초발사 준비,발사 구조 관찰 또는 초기 준비,S0,False,,,2026-09-04T04:10:00Z,33836660879-1
KRW-BIO,2026-09-04T13:31:59.203212+09:00,1788496319,37.8,-16.81139940074572,8.0,2947431.210966135,0.0,,7,0.0,complete,1788495425362,1788495754614,2904595.8596855,3358985.94753905,-0.0725447678083244,38.4,38.7,0.7812500000000222,-1.5625,2.3255813953488516,299.9999999999943,complete_hourly_ordered,/v1/candles/minutes/60,120,False,14.285714285714302,34.3,2026-09-02T19:00:00,39.2,2026-09-04T03:00:00,D0,3.571428571428581,28.57142857142858,False,-0.8652867322700986,11.7221582217522,,False,,,-100.0,0.334691439680455,0.2652519893899141,0.0,0.016966406515084298,-0.013441400532961723,,,,-100.0,0.334691439680455,0.2652519893899141,0.0,0.016966406515084298,-0.013441400532961723,,,271.3675048031963,-100.0,0.380389975314543,0.5319148936170137,0.0,0.016966406515084298,-0.013441400532961723,,,271.3675048031963,-100.0,0.380389975314543,0.5319148936170137,0.0,0.016966406515084298,-0.013441400532961723,,,96854.97404493864,-100.0,0.8255429715949134,-0.526315789473697,0.0,0.016966406515084298,-0.013441400532961723,,,3247.976413073412,-100.0,0.8269286775000921,0.2652519893899141,0.0,0.016966406515084298,-0.013441400532961723,,,2947431.210966135,-9972.475457334001,0.334691439680455,0.2652519893899141,0.0,0.016966406515084298,-0.013441400532961723,2947431.210966135,7626869.386075371,0.3864536104875951,0.2652519893899141,False,False,rising,falling,buy_only,accelerating,neutral,False,False,False,pass,S0,🌱 초발사 준비,발사 구조 관찰 또는 초기 준비,S0,False,,,2026-09-04T04:10:00Z,33836660879-1
KRW-BIRB,2026-09-04T13:31:59.203212+09:00,1788496319,80.1,-0.5388961918445623,7.0,1234127.4353973821,8920917.995512914,0.13834085640268518,50,0.0,complete,1788495624094,1788496530200,853403.47327111,627383.57777366,0.1526349756624233,79.5,82.4,3.647798742138364,0.7547169811320753,2.7912621359223437,79.3103448275862,complete_hourly_ordered,/v1/candles/minutes/60,120,False,12.5,78.4,2026-08-30T14:00:00,88.2,2026-08-31T16:00:00,D-4,8.843537414965985,79.5918367346939,False,0.33941450997030387,29.08758358070223,,True,-0.1676192030468323,-45.321132647024385,20.929925843830354,0.14674341461030638,0.0,0.0,0.0,0.0,,-0.1676192030468323,-45.321132647024385,20.929925843830354,0.14674341461030638,0.0,0.0,0.0,0.0,,-1.8136927972430537,-71.43629857896174,303.0429469386532,0.40712037096519715,-0.24906600249066102,0.0,-0.016970725498510753,0.010930356709302202,,-1.8136927972430537,-71.43629857896174,303.0429469386532,0.40712037096519715,-0.24906600249066102,0.0,-0.016970725498510753,0.010930356709302202,,-1.8446341831802797,-39.59480337690785,765.8468675083898,1.0220678090758328,-0.496894409937898,0.0,-0.033941450997021505,0.021860385691432782,,-0.20427538053032196,-6.9277832854674815,130.50350766172875,1.2125014444474669,-0.8663366336633671,0.0,-0.05939753924482094,0.03825481470843073,,-0.1676192030468323,-1022919.0162610959,1543986.3276365586,0.14674341461030638,0.0,0.0,0.0,0.0,10155045.430910297,5308495.204428695,1.9129800517552114,-0.8663366336633671,False,False,falling,rising,sell_advantage_accelerating,accelerating,neutral,False,True,False,pass,S0,🌱 초발사 준비,발사 구조 관찰 또는 초기 준비,S0,False,,,2026-09-04T04:10:00Z,33836660879-1
KRW-BLAST,2026-09-04T13:31:59.203212+09:00,1788496319,0.399,-36.18831514274382,10.0,1668445.6732190417,2867523.3462995435,0.581842053830921,4,0.0,complete,1788495704160,1788496225983,338887765.4630793,210280019.70836282,0.2341866169636426,0.4,0.401,0.24999999999999467,-0.24999999999999467,0.49875311720698295,200.0,complete_hourly_ordered,/v1/candles/minutes/60,120,False,16.79790026246719,0.381,2026-08-31T10:00:00,0.445,2026-09-01T12:00:00,D-3,10.337078651685394,71.87499999999993,False,0.7402306765363909,16.91483131311339,12.88034502432407,True,0.5718192357945223,13839.954339786875,140.12981678356275,0.04000607857791749,0.5037783375314797,0.0,-0.03442933379238511,0.025445520996395743,0.06902355298614715,0.5718192357945223,13839.954339786875,140.12981678356275,0.04000607857791749,0.5037783375314797,0.0,-0.03442933379238511,0.025445520996395743,0.06902355298614715,0.3465335076392301,-72.89432768973994,-89.03792480643015,0.08755556951393118,0.0,0.0,-0.03442933379238511,0.025445520996395743,0.06902355298614715,0.3465335076392301,-72.89432768973994,-89.03792480643015,0.08755556951393118,0.0,0.0,-0.03442933379238511,0.025445520996395743,0.06902355298614715,,,,0.36077620462537396,0.7575757575757569,0.0,0.017214666896192554,-0.01272343788934549,-0.034714631054299616,-137.77876087475389,-67.82144593559136,7551.980657650148,0.36147696084984204,0.5037783375314797,0.0,0.0,0.0,0.0,0.5718192357945223,1656476.8702190416,1673367.8746014407,0.04000607857791749,0.5037783375314797,0.0,-0.03442933379238511,0.025445520996395743,4535969.019518585,1311915.6248178154,3.4575158140589193,0.5037783375314797,False,True,rising,rising,sell_advantage_weakening,accelerating,neutral,True,True,False,🔴 1차 급등 완료·상승분 반납 / 신규매수 금지,S3,🔴 1차 급등 완료·반납,당일/5D 급등 후 상승분 상당 부분 반납,S3,False,,,2026-09-04T04:10:00Z,33836660879-1
KRW-BLEND,2026-09-04T13:31:59.203212+09:00,1788496319,85.8,-74.4447202811887,4.0,1063706.9011548057,1231495.080285002,0.8637524568174763,8,0.0,complete,1788495612401,1788496177477,540620.75394673,407691.87848671,0.14017410600016447,86.6,86.6,0.0,-0.9237875288683584,0.9237875288683571,,complete_hourly_ordered,/v1/candles/minutes/60,120,False,4.7724750277469585,90.1,2026-08-30T11:00:00,94.4,2026-08-31T06:00:00,D-4,9.110169491525433,199.99999999999977,False,-0.18615040953090523,15.18238476383309,,True,-1.9456345515998614,-39.88558832000974,95.52436101273396,0.030291326697820864,0.4683840749414525,0.0,0.029784065524951497,-0.022626625688559443,,-1.9456345515998614,-39.88558832000974,95.52436101273396,0.030291326697820864,0.4683840749414525,0.0,0.029784065524951497,-0.022626625688559443,,-48.955821623567175,-53.72572079783047,2569.0110835957325,0.05603286805238383,0.4683840749414525,0.0,0.014892032762470198,-0.011313133884302218,,-48.955821623567175,-53.72572079783047,2569.0110835957325,0.05603286805238383,0.4683840749414525,0.0,0.014892032762470198,-0.011313133884302218,,0.8197500067281809,35866.63463226184,1732.2611215686006,0.08593886938028561,0.8225616921269108,0.0,0.05212211466865124,-0.03959753453200676,,0.6988165497359636,160.76869659958248,-50.205500230253385,0.1237277835984969,0.5861664712778492,0.0,0.037230081906181045,-0.028283505815974053,,-1.9456345515998614,-705763.7988451945,601652.8069711421,0.030291326697820864,0.4683840749414525,0.0,0.029784065524951497,-0.022626625688559443,2295201.9814398075,2372076.7858236674,0.9675917723897937,0.5861664712778492,False,False,falling,rising,sell_advantage_accelerating,accelerating,neutral,False,False,False,pass,S0,🌱 초발사 준비,발사 구조 관찰 또는 초기 준비,S0,False,,,2026-09-04T04:10:00Z,33836660879-1
KRW-BLUR,2026-09-04T13:31:59.203212+09:00,1788496319,22.5,13.628173549427803,11.0,0.0,0.0,,0,0.0,complete,,,3989697.4264907,7036524.77488002,-0.27632558937643714,22.6,22.7,0.4424778761061843,-0.4424778761062065,0.8810572687224639,200.00000000000503,complete_hourly_ordered,/v1/candles/minutes/60,120,False,11.057692307692314,20.8,2026-09-02T03:00:00,23.1,2026-09-03T17:00:00,D-1,2.5974025974025983,26.086956521739236,True,0.8147254073627153,12.401678028316725,9.538800997070402,False,,-100.0,-100.0,0.24398722020573338,0.0,0.0,0.0,0.0,0.0,,-100.0,-100.0,0.24398722020573338,0.0,0.0,0.0,0.0,0.0,,,-100.0,0.2882841829893632,-0.4424778761062065,0.0,-0.030175015087507973,0.023347480681275457,0.05203013439859561,,,-100.0,0.2882841829893632,-0.4424778761062065,0.0,-0.030175015087507973,0.023347480681275457,0.05203013439859561,,,-100.0,0.2882841829893632,-0.4424778761062065,0.0,-0.030175015087507973,0.023347480681275457,0.05203013439859561,,-100.0,-100.0,0.5536680470474629,-0.4424778761062065,0.0,-0.030175015087507973,0.023347480681275457,0.05203013439859561,,-49999.999999978005,-3683943.1375258495,0.24398722020573338,0.0,0.0,0.0,0.0,0,4153597.9471190786,0.0,-0.4424778761062065,False,False,falling,falling,unavailable,accelerating,neutral,False,False,False,pass,S0,🌱 초발사 준비,발사 구조 관찰 또는 초기 준비,S1,True,발사 구조 관찰 또는 초기 준비,2026-09-04T13:31:59.203212+09:00,2026-09-04T04:10:00Z,33836660879-1
KRW-BONK,2026-09-04T13:31:59.203212+09:00,1788496319,0.0057,11085.364940764055,10.0,330419443.3674707,564607223.5719405,0.5852200070645565,1234,0.0,complete,1788495421095,1788496399081,31517132943.38779,26273322557.63976,0.09073834667482061,0.00551,0.00627,13.793103448275868,3.4482758620689724,9.090909090909093,74.99999999999997,complete_hourly_ordered,/v1/candles/minutes/60,120,False,102.07253886010359,0.00386,2026-08-31T08:00:00,0.0078,2026-08-31T18:00:00,D-4,26.923076923076916,53.29949238578679,True,2.7259475218659013,25.236718563509537,9.827126026007289,False,-0.8450955812355069,-54.4162362150248,11.409670086425638,110.89640986338236,-5.785123966942141,0.0,-0.18950437317784008,0.12500931252502667,0.14296024458473866,-0.8450955812355069,-54.4162362150248,11.409670086425638,110.89640986338236,-5.785123966942141,0.0,-0.18950437317784008,0.12500931252502667,0.14296024458473866,-0.332421706066104,11.301770753294438,74.52436067733834,136.39203514695146,0.17574692442883233,0.0,0.05830903790089437,-0.03847307596953442,-0.04455954436956411,-0.332421706066104,11.301770753294438,74.52436067733834,136.39203514695146,0.17574692442883233,0.0,0.05830903790089437,-0.03847307596953442,-0.04455954436956411,0.1938261684200343,124.05704385619364,49.84885241721746,205.7451315095659,-2.564102564102566,0.0,-0.320699708454808,0.2115289787399739,0.24030029492554483,-0.30387720203092705,-32.001200938241205,3.307374556292575,256.15084012528496,-2.7303754266211566,0.0,-0.24781341107871224,0.1634650466777927,0.18638527128632454,-0.8450955812355069,-394442691.59379333,57822468.591561735,110.89640986338236,-5.785123966942141,0.0,-0.18950437317784008,0.12500931252502667,895026666.9394112,73101115.70047134,12.243679981667368,-2.7303754266211566,False,True,falling,rising,sell_advantage_accelerating,accelerating,neutral,False,True,False,pass,S0,🌱 초발사 준비,발사 구조 관찰 또는 초기 준비,S0,False,,,2026-09-04T04:10:00Z,33836660879-1
KRW-BORA,2026-09-04T13:31:59.203212+09:00,1788496319,31.4,-72.46391263489886,8.0,0.0,1001597.444089156,0.0,1,0.0,complete,1788495746457,1788495746457,3143238.6787799,5751431.82726536,-0.293231002397762,31.2,31.6,1.2820512820512997,0.6410256410256387,0.6329113924050722,50.00000000000087,complete_hourly_ordered,/v1/candles/minutes/60,120,False,9.965635738831601,29.1,2026-08-31T09:00:00,32.0,2026-09-03T11:00:00,D-1,1.8750000000000044,20.68965517241374,False,0.7746790615316579,18.96413633532082,,True,-1.2558314797345649,-100.0,-43.0618009920699,0.07339029104622341,-0.31746031746032743,0.0,-0.02213368747232547,0.015995108597206098,,-1.2558314797345649,-100.0,-43.0618009920699,0.07339029104622341,-0.31746031746032743,0.0,-0.02213368747232547,0.015995108597206098,,,-100.0,,0.16746081738037333,0.0,0.0,0.0,0.0,,,-100.0,,0.16746081738037333,0.0,0.0,0.0,0.0,,0.0,,952.3548282524963,0.22920771714736077,0.31948881789136685,0.0,0.022133687472347674,-0.015995820329163024,,0.0,,-26.646506670903413,0.250238468507348,0.31948881789136685,0.0,0.022133687472347674,-0.015995820329163024,,-1.2558314797345649,-2209127.8302175608,-757498.3150683438,0.07339029104622341,-0.31746031746032743,0.0,-0.02213368747232547,0.015995108597206098,1001597.444089156,2432700.678729099,0.4117224337736504,0.31948881789136685,False,False,falling,falling,sell_only,accelerating,neutral,False,False,False,pass,S0,🌱 초발사 준비,발사 구조 관찰 또는 초기 준비,S0,False,,,2026-09-04T04:10:00Z,33836660879-1
KRW-BOUNTY,2026-09-04T13:31:59.203212+09:00,1788496319,16.6,114.59695992439718,8.0,0.0,624838.223800802,0.0,4,0.0,complete,1788495922255,1788496120337,8244435.11033436,7818213.80554021,0.026534932502503977,16.6,16.9,1.8072289156626287,0.0,1.7751479289940661,100.0,complete_hourly_ordered,/v1/candles/minutes/60,120,False,15.923566878980889,15.7,2026-08-30T14:00:00,18.2,2026-09-02T13:00:00,D-2,8.791208791208781,63.999999999999865,False,0.7983193277310896,27.887577966483807,,True,,-100.0,,0.7357700074429374,0.0,0.0,0.0,0.0,,,-100.0,,0.7357700074429374,0.0,0.0,0.0,0.0,,-0.1726540084755821,-100.0,-80.59920839459622,0.7665372582820851,0.60606060606061,0.0,0.042016806722688926,-0.027350827714517578,,-0.1726540084755821,-100.0,-80.59920839459622,0.7665372582820851,0.60606060606061,0.0,0.042016806722688926,-0.027350827714517578,,-0.005959787726332145,-100.0,-97.70904280251158,1.3566162494682175,1.2195121951219745,0.0,0.08403361344537785,-0.054703710954942864,,-0.03777925543376127,-100.0,306.4666319256518,3.4355511280663364,-0.5988023952095634,0.0,-0.042016806722688926,0.0273487724203072,,,-3559070.399999814,624838.223800802,0.7357700074429374,0.0,0.0,0.0,0.0,624838.223800802,1520486.951319491,0.41094612700132827,-0.5988023952095634,False,False,falling,rising,sell_only,accelerating,neutral,True,True,False,🔴 1차 급등 완료·상승분 반납 / 신규매수 금지,S3,🔴 1차 급등 완료·반납,당일/5D 급등 후 상승분 상당 부분 반납,S3,False,,,2026-09-04T04:10:00Z,33836660879-1
KRW-BREV,2026-09-04T13:31:59.203212+09:00,1788496319,105.0,27.6592791182281,9.0,1149999.9999998999,0.0,,2,0.0,complete,1788495866019,1788496333342,948457.68022866,3486936.15098524,-0.5723231278566839,106.0,106.0,0.0,-0.9433962264150941,0.9433962264150944,,complete_hourly_ordered,/v1/candles/minutes/60,120,False,11.111111111111116,98.1,2026-08-30T11:00:00,109.0,2026-08-31T01:00:00,D-4,3.669724770642202,36.69724770642196,False,0.6084656084656137,17.206283548885278,,True,,-58.385643785286746,-100.0,0.8767506413761801,0.9615384615384581,0.0,0.0661375661375807,-0.04879717803118311,,,-58.385643785286746,-100.0,0.8767506413761801,0.9615384615384581,0.0,0.0661375661375807,-0.04879717803118311,,,,-100.0,0.8767506413761801,0.9615384615384581,0.0,0.0661375661375807,-0.04879717803118311,,,,-100.0,0.8767506413761801,0.9615384615384581,0.0,0.0661375661375807,-0.04879717803118311,,,,-100.0,1.2863281532372177,0.9615384615384581,0.0,0.0661375661375807,-0.04879717803118311,,,,-100.0,1.3190537521047716,0.9615384615384581,0.0,0.0661375661375807,-0.04879717803118311,,,-1613469.39999842,-2623643.2875662604,0.8767506413761801,0.9615384615384581,0.0,0.0661375661375807,-0.04879717803118311,1149999.9999998999,3609238.992932475,0.318626724983245,0.9615384615384581,False,False,falling,falling,buy_only,accelerating,neutral,False,False,False,pass,S0,🌱 초발사 준비,발사 구조 관찰 또는 초기 준비,S0,False,,,2026-09-04T04:10:00Z,33836660879-1
KRW-BSB,2026-09-04T13:31:59.203212+09:00,1788496319,148.0,,,0.0,0.0,,0,0.0,complete,,,530759.23713765,981336.8950103,-0.2979821509315014,150.0,152.0,1.333333333333342,-1.3333333333333308,2.631578947368421,199.99999999999918,complete_hourly_ordered,/v1/candles/minutes/60,120,False,11.764705882352944,136.0,2026-09-03T18:00:00,152.0,2026-09-03T19:00:00,D-1,2.631578947368418,25.0000000000001,True,,,,True,,-100.0,-100.0,,0.0,,,,,,-100.0,-100.0,,0.0,,,,,,-100.0,-100.0,,0.6802721088435382,,,,,,-100.0,-100.0,,0.6802721088435382,,,,,,-100.0,-100.0,,0.0,,,,,,-100.0,,,-1.3333333333333308,,,,,,-5019.99999868,-474535.85379354004,,0.0,,,,0,2346683.6715129903,0.0,-1.3333333333333308,False,False,falling,falling,unavailable,flat_or_na,neutral,False,False,False,pass,S0,🌱 초발사 준비,발사 구조 관찰 또는 초기 준비,S0,False,,,2026-09-04T04:10:00Z,33836660879-1
KRW-BSV,2026-09-04T13:31:59.203212+09:00,1788496319,22890.0,-44.18566636456899,5.0,1980353.5509128,478587.11065409996,4.137916602488915,19,0.0,complete,1788495722775,1788496670464,1317.86888182,1329.34398686,-0.004334787419540589,22740.0,23140.0,1.7590149516270914,0.6596306068601621,1.08038029386344,62.499999999999844,complete_hourly_ordered,/v1/candles/minutes/60,120,False,8.384074941451992,21350.0,2026-09-02T10:00:00,23140.0,2026-09-04T09:00:00,D0,1.037165082108904,13.407821229050196,False,0.17716078066913887,-12.37335070858446,,True,3.502647939905671,292.1103951911296,-39.80172384619165,0.19410499971446882,0.6153846153846176,0.0,0.04065985130110583,-0.03920557895498966,,3.502647939905671,292.1103951911296,-39.80172384619165,0.19410499971446882,0.6153846153846176,0.0,0.04065985130110583,-0.03920557895498966,,-1.045743881507117,-55.998835864022254,-44.87875960470079,0.2113041751671929,0.7482394366197243,0.0,0.049372676579917396,-0.047607356096307285,,-1.045743881507117,-55.998835864022254,-44.87875960470079,0.2113041751671929,0.7482394366197243,0.0,0.049372676579917396,-0.047607356096307285,,3.6373585273500613,394.8515693692177,-40.13848686706096,0.3952210289879119,0.30674846625766694,0.0,0.020329925650552916,-0.019602230659119257,,4.136595347637839,39114.922169883226,-87.47850400842763,0.527019662211778,0.5711775043936829,0.0,0.037755576208176045,-0.036405032196634934,,3.502647939905671,1475303.5509128,-316430.85536090005,0.19410499971446882,0.6153846153846176,0.0,0.04065985130110583,-0.03920557895498966,2458940.6615669,3913704.5879955497,0.6282897971168222,0.5711775043936829,False,False,rising,falling,buy_advantage_accelerating,accelerating,neutral,False,False,False,pass,S0,🌱 초발사 준비,발사 구조 관찰 또는 초기 준비,S0,False,,,2026-09-04T04:10:00Z,33836660879-1
KRW-BTC,2026-09-04T13:31:59.203212+09:00,1788496319,110885000.0,-13.899149791030464,8.0,926678700.6490985,1225690284.1605089,0.7560463786198589,2032,0.0,complete,1788495420485,1788496717328,1.96989755,3.54595185,-0.2857319309696889,110937000.0,111392000.0,0.41014269360086786,-0.04687345069723792,0.4551493823613904,111.42857142857044,complete_hourly_ordered,/v1/candles/minutes/60,120,False,6.869209263270393,104801000.0,2026-09-02T20:00:00,112000000.0,2026-09-04T06:00:00,D0,1.098214285714283,17.08570634810405,False,0.6397651801922644,-8.604595883788875,,False,-0.4812101241377219,28.21293720730651,109.81820002493508,0.4734701212989574,0.3702161555450889,0.0,0.028337761366348246,-0.026430004115258754,,-0.4812101241377219,28.21293720730651,109.81820002493508,0.4734701212989574,0.3702161555450889,0.0,0.028337761366348246,-0.026430004115258754,,-0.800184224726952,13.26078758013367,133.13371874503764,0.7320404473879698,0.4857316332726125,0.0,0.03600999370134694,-0.03358607335859709,,-0.800184224726952,13.26078758013367,133.13371874503764,0.7320404473879698,0.4857316332726125,0.0,0.03600999370134694,-0.03358607335859709,,-0.5864841119710252,29.849390096116203,130.57681422519937,1.0484338844418897,0.5121464829586753,0.0,0.037556814736627864,-0.035028847197207114,,-0.14372179237995308,-23.354798468858995,-8.78481168909695,1.3046327495993992,0.4757158390721328,0.0,0.035329392445815344,-0.03295125477709426,,-0.4812101241377219,203913337.93787777,641522521.7762895,0.4734701212989574,0.3702161555450889,0.0,0.028337761366348246,-0.026430004115258754,2152368984.8096075,2073304390.9763708,1.038134580806055,0.4757158390721328,False,False,rising,rising,sell_advantage_accelerating,accelerating,neutral,False,False,False,pass,S0,🌱 초발사 준비,발사 구조 관찰 또는 초기 준비,S0,False,,,2026-09-04T04:10:00Z,33836660879-1
KRW-BTT,2026-09-04T13:31:59.203212+09:00,1788496319,0.000411,-32.07681250916372,11.0,3538293.633816172,3523127.5028301976,1.004304735202967,36,0.0,complete,1788495481576,1788496443327,434190291703.079,372185687864.71716,0.07689292018791932,0.000413,0.000415,0.4842615012106588,-0.4842615012106477,0.9638554216867443,199.99999999999773,complete_hourly_ordered,/v1/candles/minutes/60,120,False,4.534005037783384,0.000397,2026-08-31T12:00:00,0.000415,2026-09-04T00:00:00,D0,1.2048192771084376,27.777777777778105,False,0.3962357602773636,1.6814874696847135,2.40338675779897,True,0.283403032724979,379.650101807952,244.2984612804914,0.1979593048383208,-0.7246376811594124,-1.0,-0.04952947003467045,0.042540760713960735,0.08895004306569687,0.283403032724979,379.650101807952,244.2984612804914,0.1979593048383208,-0.7246376811594124,-1.0,-0.04952947003467045,0.042540760713960735,0.08895004306569687,0.7736479190944558,483.5751916493226,34.02863787010182,0.31951409377563067,0.24390243902439046,0.0,0.01650982334489015,-0.014181399936742833,-0.03013517768760643,0.7736479190944558,483.5751916493226,34.02863787010182,0.31951409377563067,0.24390243902439046,0.0,0.01650982334489015,-0.014181399936742833,-0.03013517768760643,-2.7817042487024013,10126.577744490221,38451.9592391665,0.444661070045278,0.0,0.0,0.0,0.0,0.0,0.8484458550574643,192.8961696774711,-54.545201864838376,0.6694839462608044,0.24390243902439046,0.0,0.01650982334489015,-0.014181399936742833,-0.03013517768760643,0.283403032724979,2800611.389930633,2499850.3468048056,0.1979593048383208,-0.7246376811594124,-1.0,-0.04952947003467045,0.042540760713960735,7061421.1366463695,2198975.484330759,3.211232315668793,0.24390243902439046,False,True,rising,rising,buy_advantage_accelerating,accelerating,leading_buy_inflow,False,False,False,pass,S1,⚡ 선행 시동,가격 미급등 상태에서 선행조건 4개 개선,S1,False,,,2026-09-04T04:10:00Z,33836660879-1
KRW-CAP,2026-09-04T13:31:59.203212+09:00,1788496319,65.6,,,228209022.52876848,259545885.89865172,0.8792627235782124,721,0.0,complete,1788495422404,1788496515385,2992963.84264511,1808339.52855882,0.2467297361777089,67.1,75.1,11.922503725782407,-2.235469448584204,12.649800266311587,118.75000000000003,complete_hourly_ordered,/v1/candles/minutes/60,120,False,27.288135593220318,59.0,2026-09-04T10:00:00,75.1,2026-09-04T12:00:00,D0,13.049267643142471,60.86956521739128,False,,,,True,0.5120666735265044,-64.57338335423704,-85.20520277934527,,0.6134969325153339,,,,,0.5120666735265044,-64.57338335423704,-85.20520277934527,,0.6134969325153339,,,,,0.166438995078784,-88.67070335862441,-90.81526913785622,,-4.512372634643391,,,,,0.166438995078784,-88.67070335862441,-90.81526913785622,,-4.512372634643391,,,,,-0.6867746362532607,-65.30085357335311,-38.198040015558455,,-0.60606060606061,,,,,0.13558498046044165,-45.683323617619486,-54.05911996209639,,1.8633540372670732,,,,,0.5120666735265044,-415964890.0146478,-1494759239.259161,,0.6134969325153339,,,,487754908.4274202,281106437.9254399,1.7351253568827596,1.8633540372670732,False,False,falling,falling,sell_advantage_weakening,flat_or_na,neutral,True,True,False,🔴 1차 급등 완료·상승분 반납 / 신규매수 금지,S3,🔴 1차 급등 완료·반납,당일/5D 급등 후 상승분 상당 부분 반납,S3,False,,,2026-09-04T04:10:00Z,33836660879-1
KRW-CARV,2026-09-04T13:31:59.203212+09:00,1788496319,47.4,251.56506749456855,9.0,7577482.11257373,3833124.0947753442,1.9768423680574418,18,0.0,complete,1788496107480,1788496136330,1005074.32501108,1676254.02280119,-0.25031611601679965,47.9,48.1,0.41753653444676075,-1.043841336116913,1.4553014553014612,350.0000000000027,complete_hourly_ordered,/v1/candles/minutes/60,120,False,19.480519480519476,46.2,2026-08-31T08:00:00,55.2,2026-09-02T13:00:00,D-2,14.130434782608702,86.66666666666666,False,0.3748017875162102,18.38241758241759,,True,,,,0.07326731215377436,-0.42016806722690037,0.0,0.0,0.0,,,,,0.07326731215377436,-0.42016806722690037,0.0,0.0,0.0,,-0.7325315719290391,365.0431051987911,537.3677995550653,0.19498194308638972,-0.42016806722690037,0.0,0.014415453366001252,-0.010525903933846337,,-0.7325315719290391,365.0431051987911,537.3677995550653,0.19498194308638972,-0.42016806722690037,0.0,0.014415453366001252,-0.010525903933846337,,,1474.618206801367,,0.20569698293840588,-0.42016806722690037,0.0,0.0,0.0,,1.9768423680574418,,91.65620473880863,0.2364377468165344,-0.42016806722690037,0.0,0.0,0.0,,,7577482.11257373,3833124.0947753442,0.07326731215377436,-0.42016806722690037,0.0,0.0,0.0,11410606.207349073,1672562.4923351207,6.822230116746396,-0.42016806722690037,False,False,rising,rising,buy_advantage_weakening,accelerating,neutral,True,True,False,🔴 1차 급등 완료·상승분 반납 / 신규매수 금지,S3,🔴 1차 급등 완료·반납,당일/5D 급등 후 상승분 상당 부분 반납,S3,False,,,2026-09-04T04:10:00Z,33836660879-1
KRW-CBK,2026-09-04T13:31:59.203212+09:00,1788496319,249.0,65.697342981628,10.0,24900.0,0.0,,1,0.0,complete,1788496186860,1788496186860,583970.80137871,731326.57181778,-0.1120322852017563,249.0,249.0,0.0,0.0,0.0,,complete_hourly_ordered,/v1/candles/minutes/60,120,False,11.016949152542367,236.0,2026-08-31T10:00:00,262.0,2026-09-03T14:00:00,D-1,4.961832061068705,49.99999999999991,False,0.6070640176600417,14.586078655304693,,True,,-98.85857721060492,-100.0,0.1398914447036077,0.40322580645162365,0.0,0.027593818984539276,-0.020926147319178412,,,-98.85857721060492,-100.0,0.1398914447036077,0.40322580645162365,0.0,0.027593818984539276,-0.020926147319178412,,,378.8461540496635,,0.26469552721613354,1.2195121951219523,0.0,0.08278145695364003,-0.06278211901733499,,,378.8461540496635,,0.26469552721613354,1.2195121951219523,0.0,0.08278145695364003,-0.06278211901733499,,,-97.53465346533994,,0.4092737691315591,0.809716599190291,0.0,0.05518763796907855,-0.041853520289063084,,,-92.99938852864705,-100.0,0.41098555947085913,0.809716599190291,0.0,0.05518763796907855,-0.041853520289063084,,,-2156587.89662736,-77038.50336704,0.1398914447036077,0.40322580645162365,0.0,0.027593818984539276,-0.020926147319178412,24900.0,2176268.54564296,0.011441602668867094,0.809716599190291,False,False,falling,falling,buy_only,accelerating,neutral,False,False,False,pass,S1,⚡ 선행 시동,가격 미급등 상태에서 선행조건 5개 개선,S1,False,,,2026-09-04T04:10:00Z,33836660879-1
KRW-CC,2026-09-04T13:31:59.203212+09:00,1788496319,153.0,-41.859867587801205,7.0,636756.61784481,3496000.0,0.18213862066499142,2,0.0,complete,1788495569876,1788495847538,1823089.33229873,1423145.72065937,0.12320229592583422,155.0,155.0,0.0,-1.2903225806451646,1.2903225806451613,,complete_hourly_ordered,/v1/candles/minutes/60,120,False,8.125000000000004,160.0,2026-08-31T08:00:00,173.0,2026-09-01T05:00:00,D-3,11.560693641618503,153.84615384615378,False,0.628140703517599,19.192938209331658,,True,-1.008602490246599,-48.00782025767303,239.90169486878617,0.13377672277709962,0.0,0.0,0.0,0.0,,-1.008602490246599,-48.00782025767303,239.90169486878617,0.13377672277709962,0.0,0.0,0.0,0.0,,0.18213862066499142,,184.36517204604513,0.18277973552999072,0.6578947368421018,0.0,0.04187604690117919,-0.03023216352975666,,0.18213862066499142,,184.36517204604513,0.18277973552999072,0.6578947368421018,0.0,0.04187604690117919,-0.03023216352975666,,0.18213862066499142,,60999.50000711809,0.3972146076737033,0.6578947368421018,0.0,0.04187604690117919,-0.03023216352975666,,-0.46411278949498724,-87.83953873860621,-56.85310885917977,0.42434472631090614,0.0,0.0,0.0,0.0,,-1.008602490246599,-587959.5240837899,2467467.32341256,0.13377672277709962,0.0,0.0,0.0,0.0,4132756.61784481,6352108.716265509,0.6506117578344146,0.0,False,False,falling,rising,sell_advantage_accelerating,accelerating,neutral,False,False,False,pass,S0,🌱 초발사 준비,발사 구조 관찰 또는 초기 준비,S0,False,,,2026-09-04T04:10:00Z,33836660879-1
KRW-CELO,2026-09-04T13:31:59.203212+09:00,1788496319,105.0,93.42561360503952,10.0,336401.79959924996,1477278.8100000003,0.22771720363284023,16,0.0,complete,1788495494906,1788495722327,1291543.72137045,2220176.81651184,-0.26443821059331607,105.0,106.0,0.952380952380949,0.0,0.9433962264150944,100.0,complete_hourly_ordered,/v1/candles/minutes/60,120,False,13.682092555331993,99.4,2026-08-31T08:00:00,113.0,2026-09-03T13:00:00,D-1,7.079646017699115,58.82352941176477,False,0.8593951925562227,-1.8083389045608071,,False,0.22771720363284023,,-76.69199494011738,1.1450201644403393,0.0,0.0,0.0,0.0,,0.22771720363284023,,-76.69199494011738,1.1450201644403393,0.0,0.0,0.0,0.0,,0.22771720363284023,,-72.79296619919194,1.1927574806791341,0.0,0.0,0.0,0.0,,0.22771720363284023,,-72.79296619919194,1.1927574806791341,0.0,0.0,0.0,0.0,,,1583.6918484213538,,1.8252712780813454,0.9615384615384581,0.0,0.0646161798914413,-0.05692831782194707,,0.0235633276448782,9.8357348053568,-1.5296577299717673,1.8287823781089259,0.9615384615384581,0.0,0.0646161798914413,-0.05692831782194707,,0.22771720363284023,336401.79959924996,-4860796.053998848,1.1450201644403393,0.0,0.0,0.0,0.0,1813680.6095992504,5105886.340943205,0.3552136668330559,0.9615384615384581,False,False,rising,falling,sell_advantage_weakening,accelerating,leading_buy_inflow,False,False,False,pass,S1,⚡ 선행 시동,가격 미급등 상태에서 선행조건 4개 개선,S0,True,가격 미급등 상태에서 선행조건 4개 개선,2026-09-04T13:31:59.203212+09:00,2026-09-04T04:10:00Z,33836660879-1
KRW-CFG,2026-09-04T13:31:59.203212+09:00,1788496319,143.0,16.186848601880598,2.0,9226005.47908977,6791595.630487271,1.358444462988124,28,0.0,complete,1788495725660,1788496606720,590553.98148356,1358306.87291992,-0.39394956787274515,142.0,150.0,5.633802816901401,0.7042253521126751,4.666666666666667,87.5,complete_hourly_ordered,/v1/candles/minutes/60,120,False,10.294117647058831,136.0,2026-09-03T22:00:00,150.0,2026-09-04T11:00:00,D0,4.666666666666663,50.0,False,-1.5909090909090984,41.239998869130076,,False,0.8978624777505457,-56.598806965339676,-85.28478109026827,1.592740989593409,-1.379310344827589,0.0,-0.11363636363637131,0.06286311970959702,,0.8978624777505457,-56.598806965339676,-85.28478109026827,1.592740989593409,-1.379310344827589,0.0,-0.11363636363637131,0.06286311970959702,,0.20672921405823752,-70.87598769400113,-75.3081042348554,2.730835999789605,-3.378378378378377,0.0,-0.15151515151515804,0.08381512354703347,,0.20672921405823752,-70.87598769400113,-75.3081042348554,2.730835999789605,-3.378378378378377,0.0,-0.15151515151515804,0.08381512354703347,,0.01395344111997332,-73.05922000410223,-73.33594577217083,4.164083605590463,-2.7210884353741527,0.0,-0.15151515151515804,0.08381512354703347,,0.3258822124538654,-86.14523354440023,-89.46890416075425,7.847867759271264,-3.378378378378377,0.0,-0.18939393939394478,0.1047659428523744,,0.8978624777505457,-12031487.308543637,-39361952.42169789,1.592740989593409,-1.379310344827589,0.0,-0.11363636363637131,0.06286311970959702,16017601.109577041,9391151.24494505,1.705605701771526,-3.378378378378377,False,False,falling,falling,buy_advantage_accelerating,accelerating,neutral,False,False,False,pass,S0,🌱 초발사 준비,발사 구조 관찰 또는 초기 준비,S0,False,,,2026-09-04T04:10:00Z,33836660879-1
KRW-CFX,2026-09-04T13:31:59.203212+09:00,1788496319,65.4,,,0.0,0.0,,0,0.0,complete,,,990843.95775483,1028064.50056184,-0.01843597348541688,65.5,66.1,0.9160305343511421,-0.15267175572518665,1.0590015128592871,116.66666666666626,complete_hourly_ordered,/v1/candles/minutes/60,120,False,11.404958677685961,60.5,2026-08-31T08:00:00,67.4,2026-09-04T00:00:00,D0,2.9673590504451064,28.985507246376873,False,,,,True,,,,,0.0,,,,,,,,,0.0,,,,,,-100.0,-100.0,,-0.15267175572518665,,,,,,-100.0,-100.0,,-0.15267175572518665,,,,,,,,,-0.15267175572518665,,,,,,,,,-0.15267175572518665,,,,,,0.0,0.0,,0.0,,,,0,707196.4788020479,0.0,-0.15267175572518665,False,False,flat_or_na,flat_or_na,unavailable,flat_or_na,neutral,False,False,False,pass,S0,🌱 초발사 준비,발사 구조 관찰 또는 초기 준비,S0,False,,,2026-09-04T04:10:00Z,33836660879-1
KRW-CHIP,2026-09-04T13:31:59.203212+09:00,1788496319,80.8,68.61973507360166,7.0,569151488.7952133,817611428.847306,0.6961148887040642,1324,0.0,complete,1788495422090,1788496678914,3688760.78512147,3150388.38298098,0.07871920744928916,76.4,84.9,11.125654450261768,5.759162303664911,4.829210836277984,48.2352941176471,complete_hourly_ordered,/v1/candles/minutes/60,120,False,63.26923076923079,52.0,2026-08-31T08:00:00,84.9,2026-09-04T11:00:00,D0,3.062426383981165,7.902735562310073,False,4.897698209718659,-4.7419916045520445,,True,-0.2818581418726417,61.54600817201161,126.95627080132171,4.168096696218242,0.24813895781639062,0.0,0.0,0.0,,-0.2818581418726417,61.54600817201161,126.95627080132171,4.168096696218242,0.24813895781639062,0.0,0.0,0.0,,0.15757812827754347,-16.423771900578444,-35.34275468073657,6.099816339992522,0.12391573729861882,0.0,0.012787723785145921,-0.011097139890104302,,0.15757812827754347,-16.423771900578444,-35.34275468073657,6.099816339992522,0.12391573729861882,0.0,0.012787723785145921,-0.011097139890104302,,-0.4869165646524276,-44.38889621957542,-5.490191352474838,11.486423054526007,-4.151838671411623,0.0,-0.3964194373401675,0.3438357198050479,,0.10320293593767482,-35.947476099809315,-45.44362196306495,16.09142177614713,-2.533172496984326,0.0,-0.16624040920716343,0.14423058930107313,,-0.2818581418726417,216836073.98831207,457360784.1039202,4.168096696218242,0.24813895781639062,0.0,0.0,0.0,1386762917.6425195,909760242.1708107,1.5243169061043116,-2.533172496984326,False,False,rising,rising,sell_advantage_accelerating,accelerating,neutral,False,False,False,pass,S0,🌱 초발사 준비,발사 구조 관찰 또는 초기 준비,S0,False,,,2026-09-04T04:10:00Z,33836660879-1
KRW-CHZ,2026-09-04T13:31:59.203212+09:00,1788496319,18.8,-5.430366252364671,7.0,9259899.219832795,187000.0,49.51817764616468,4,0.0,complete,1788495601285,1788496120630,15809537.53902227,10954626.9245031,0.18139593414677754,18.9,19.0,0.5291005291005346,-0.5291005291005124,1.0526315789473648,199.9999999999958,complete_hourly_ordered,/v1/candles/minutes/60,120,False,5.555555555555558,18.0,2026-09-02T19:00:00,19.0,2026-09-04T00:00:00,D0,1.0526315789473606,19.999999999999922,False,0.20847810979847115,41.334418226200164,,False,49.25474920908029,71.22249388767972,-99.08912492134053,0.8527191092554176,0.5347593582887722,0.0,0.03474635163307482,-0.018850520462429188,,49.25474920908029,71.22249388767972,-99.08912492134053,0.8527191092554176,0.5347593582887722,0.0,0.03474635163307482,-0.018850520462429188,,49.235820007375445,205.9877503116386,-98.25522701393038,1.1412788685743473,0.0,0.0,0.0,0.0,,49.235820007375445,205.9877503116386,-98.25522701393038,1.1412788685743473,0.0,0.0,0.0,0.0,,49.51817764616468,,-92.0720110348873,1.6551238428832997,0.0,0.0,0.0,0.0,,48.343434796607596,85.19798439665911,-95.60646174265644,1.8268333713829747,0.0,0.0,0.0,0.0,,49.25474920908029,3851790.1509932773,-20342708.670392886,0.8527191092554176,0.5347593582887722,0.0,0.03474635163307482,-0.018850520462429188,9446899.219832795,5162386.389297139,1.8299481107067994,0.0,False,False,rising,falling,buy_advantage_accelerating,accelerating,neutral,False,False,False,pass,S0,🌱 초발사 준비,발사 구조 관찰 또는 초기 준비,S0,False,,,2026-09-04T04:10:00Z,33836660879-1
KRW-CKB,2026-09-04T13:31:59.203212+09:00,1788496319,1.41,64.54347895960237,12.0,9399539.887948858,2651146.0669665234,3.54546284909301,20,0.0,complete,1788495769969,1788496500705,38259786.69426401,135657598.34275496,-0.5600234365745521,1.39,1.41,1.4388489208633004,1.4388489208633004,0.0,0.0,complete_hourly_ordered,/v1/candles/minutes/60,120,False,10.370370370370363,1.35,2026-08-31T08:00:00,1.49,2026-09-01T18:00:00,D-3,5.369127516778526,57.14285714285726,False,0.9209888511876096,10.441983008925673,7.582358426072439,True,,3702.4028672934114,,1.6450094068848244,0.7142857142857117,0.0,0.04847309743094552,-0.03820196714573676,-0.07019647121840311,,3702.4028672934114,,1.6450094068848244,0.7142857142857117,0.0,0.04847309743094552,-0.03820196714573676,-0.07019647121840311,,,,1.6496529164076108,0.7142857142857117,0.0,0.04847309743094552,-0.03820196714573676,-0.07019647121840311,,,,1.6496529164076108,0.7142857142857117,0.0,0.04847309743094552,-0.03820196714573676,-0.07019647121840311,,368.1978425955797,,1.6496529164076108,0.7142857142857117,0.0,0.04847309743094552,-0.03820196714573676,-0.07019647121840311,1.4787961824262408,2065.792600909875,1162.4505080793595,1.9919282775144183,1.4388489208633004,0.0,0.09694619486186884,-0.0764080429134335,-0.14118826040535648,,9152339.887948869,2651146.0669665234,1.6450094068848244,0.7142857142857117,0.0,0.04847309743094552,-0.03820196714573676,12050685.954915382,1134822.478724918,10.61900533416952,1.4388489208633004,False,True,rising,rising,buy_advantage_weakening,accelerating,neutral,False,False,False,pass,S1,⚡ 선행 시동,가격 미급등 상태에서 선행조건 5개 개선,S1,False,,,2026-09-04T04:10:00Z,33836660879-1
KRW-COMP,2026-09-04T13:31:59.203212+09:00,1788496319,27710.0,131.89128903085683,10.0,4310848.1213868,4852023.8659981,0.8884639153562829,31,0.0,complete,1788495455230,1788496339897,988.08138957,1433.95947335,-0.1840918915143536,27270.0,27780.0,1.8701870187018743,1.6134946828016083,0.25197984161267095,13.725490196078896,complete_hourly_ordered,/v1/candles/minutes/60,120,False,19.291180024164323,24830.0,2026-08-31T08:00:00,29620.0,2026-09-03T17:00:00,D-1,6.752194463200545,41.75365344467647,False,0.45638055116727916,-1.0773578240904182,,False,-0.9887414497285677,70.05192430291629,259.29696088605465,1.5411484813275536,1.9499632082413454,1.0,0.1329020286366278,-0.11684757076175345,,-0.9887414497285677,70.05192430291629,259.29696088605465,1.5411484813275536,1.9499632082413454,1.0,0.1329020286366278,-0.11684757076175345,,0.8868312699474415,77503.02796283705,42.603683870386156,1.732309839595331,2.4020694752401983,1.0,0.16299305398830288,-0.14330904914223108,,0.8868312699474415,77503.02796283705,42.603683870386156,1.732309839595331,2.4020694752401983,1.0,0.16299305398830288,-0.14330904914223108,,,101.96359208659445,,2.16493368912532,2.3264401772525867,1.0,0.15797788309637184,-0.13889866362495162,,-0.6151632015441563,200.16158897537713,407.9903604799894,2.16493368912532,2.3264401772525867,1.0,0.15797788309637184,-0.13889866362495162,,-0.9887414497285677,1775829.3975128992,3501602.2387088994,1.5411484813275536,1.9499632082413454,1.0,0.1329020286366278,-0.11684757076175345,9162871.9873849,4133008.1862564497,2.2169982672316806,2.3264401772525867,False,False,rising,rising,sell_advantage_accelerating,accelerating,neutral,False,False,False,pass,S1,⚡ 선행 시동,가격 미급등 상태에서 선행조건 5개 개선,S0,True,가격 미급등 상태에서 선행조건 5개 개선,2026-09-04T13:31:59.203212+09:00,2026-09-04T04:10:00Z,33836660879-1
KRW-COW,2026-09-04T13:31:59.203212+09:00,1788496319,179.0,-66.51685671527196,6.0,32315.99999538,0.0,,4,0.0,complete,1788495661416,1788495871958,329071.43344285,999447.66155878,-0.5046041345119752,179.0,179.0,0.0,0.0,0.0,,complete_hourly_ordered,/v1/candles/minutes/60,120,False,13.749999999999996,160.0,2026-08-31T08:00:00,182.0,2026-09-04T04:00:00,D0,1.6483516483516536,13.63636363636368,False,0.9600000000000053,18.211276733635763,,True,,-35.36800000820589,,0.0021526077255060727,0.561797752808979,0.0,0.0800000000000134,-0.058187740155052126,,,-35.36800000820589,,0.0021526077255060727,0.561797752808979,0.0,0.0800000000000134,-0.058187740155052126,,,,-100.0,0.0021526077255060727,1.1299435028248483,0.0,0.0800000000000134,-0.058187740155052126,,,,-100.0,0.0021526077255060727,1.1299435028248483,0.0,0.0800000000000134,-0.058187740155052126,,,-83.84200000219528,-100.0,0.08484089419793861,0.561797752808979,0.0,0.039999999999995595,-0.02909269156778649,,,-99.35485240029863,,0.0925285472071522,0.0,0.0,0.0,0.0,,,-17684.00000382,0.0,0.0021526077255060727,0.561797752808979,0.0,0.0800000000000134,-0.058187740155052126,32315.99999538,1466497.30286988,0.022036180995450044,0.0,False,False,falling,flat_or_na,buy_only,accelerating,neutral,False,False,False,pass,S0,🌱 초발사 준비,발사 구조 관찰 또는 초기 준비,S0,False,,,2026-09-04T04:10:00Z,33836660879-1
KRW-CPOOL,2026-09-04T13:31:59.203212+09:00,1788496319,27.8,-47.4740128649777,8.0,1156054.6959751581,5927521.356248241,0.19503172177634637,9,0.0,complete,1788496085182,1788496525616,4401643.05322321,5867260.27344671,-0.14272383073439462,27.4,27.9,1.8248175182481674,1.4598540145985384,0.35842293906809275,19.99999999999976,complete_hourly_ordered,/v1/candles/minutes/60,120,False,12.686567164179108,26.8,2026-08-31T09:00:00,30.2,2026-08-31T14:00:00,D-4,7.947019867549665,70.58823529411765,False,0.6913580246913575,18.29292726908435,,True,-18.330971504537096,-92.9820211068656,566.635655124364,0.07079041268522701,0.0,0.0,0.024691358024697685,-0.0179901552150028,,-18.330971504537096,-92.9820211068656,566.635655124364,0.07079041268522701,0.0,0.0,0.024691358024697685,-0.0179901552150028,,,23.158711515151744,,0.2911400576140082,1.831501831501825,1.0,0.1481481481481639,-0.1079544502683909,,,23.158711515151744,,0.2911400576140082,1.831501831501825,1.0,0.1481481481481639,-0.1079544502683909,,-259.80430669641964,-93.20314160764529,8960.980794503315,0.3039147926109109,1.831501831501825,1.0,0.1481481481481639,-0.1079544502683909,,-0.13410019418201463,349.44417624165266,658.4736549286984,0.5503183137736016,2.58302583025829,1.0,0.19753086419753707,-0.14394647841064057,,-18.330971504537096,-15316703.53796757,5038351.791031626,0.07079041268522701,0.0,0.0,0.024691358024697685,-0.0179901552150028,7083576.052223399,2079502.8237848312,3.406379626516124,2.58302583025829,False,False,falling,rising,sell_advantage_accelerating,accelerating,neutral,False,True,False,pass,S0,🌱 초발사 준비,발사 구조 관찰 또는 초기 준비,S0,False,,,2026-09-04T04:10:00Z,33836660879-1
KRW-CRO,2026-09-04T13:31:59.203212+09:00,1788496319,79.4,-17.488784385321377,12.0,10152066.350246865,3573043.5089215264,2.8412937947433856,65,0.0,complete,1788495523376,1788496424690,1481878.16211686,457788.39756549,0.5279720678996911,78.7,79.7,1.270648030495547,0.8894536213468918,0.3764115432873239,29.9999999999993,complete_hourly_ordered,/v1/candles/minutes/60,120,False,11.742424242424242,79.2,2026-08-30T19:00:00,88.5,2026-08-30T23:00:00,D-4,9.830508474576272,93.54838709677419,False,0.4950910464042835,7.913226516469467,8.27125968195476,False,-612.5998444649003,-17.52203668920791,17765.21749888786,0.8516328546984582,0.12610340479193294,0.0,0.008391373667859803,-0.0068042409315411945,-0.01890418998241472,-612.5998444649003,-17.52203668920791,17765.21749888786,0.8516328546984582,0.12610340479193294,0.0,0.008391373667859803,-0.0068042409315411945,-0.01890418998241472,,-38.94989415567615,,1.2575433895831374,0.37926675094817064,0.0,0.025174121003601613,-0.020413115203572474,-0.056875697543302906,,-38.94989415567615,,1.2575433895831374,0.37926675094817064,0.0,0.025174121003601613,-0.020413115203572474,-0.056875697543302906,1.9863799809178024,1025.9279234015528,238.77923390702242,1.7919060519127719,0.6337135614702172,0.0,0.05034824200722543,-0.04082740769068138,-0.11424431226667053,2.2517938009769938,388.62414854791814,1.377736105998606,1.9412692430537,1.146496815286624,0.0,0.08391373667868685,-0.0680482958460944,-0.19151369828275655,-612.5998444649003,-2156756.446446134,3553043.508870343,0.8516328546984582,0.12610340479193294,0.0,0.008391373667859803,-0.0068042409315411945,13725109.859168392,4586495.280273209,2.992504956497156,1.146496815286624,False,False,falling,rising,buy_advantage_weakening,accelerating,neutral,False,False,False,pass,S1,⚡ 선행 시동,가격 미급등 상태에서 선행조건 3개 개선,S1,False,,,2026-09-04T04:10:00Z,33836660879-1
KRW-CRV,2026-09-04T13:31:59.203212+09:00,1788496319,503.0,,,2679883.93060602,27077684.84623092,0.09897020169281742,22,0.0,complete,1788495420522,1788496420638,260111.03212721,369246.92741635,-0.17340830227727713,497.0,512.0,3.0181086519114775,1.2072434607645954,1.7578125,59.99999999999985,complete_hourly_ordered,/v1/candles/minutes/60,120,False,140.54054054054052,407.0,2026-08-31T08:00:00,979.0,2026-09-01T21:00:00,D-3,48.4167517875383,82.86713286713285,True,,,,False,-0.04574763615223684,63.40651209421247,138.93896057193075,,0.3992015968063978,,,,,-0.04574763615223684,63.40651209421247,138.93896057193075,,0.3992015968063978,,,,,0.05491513172493926,2075.9899401993234,868.6086056732499,,0.19920318725099584,,,,,0.05491513172493926,2075.9899401993234,868.6086056732499,,0.19920318725099584,,,,,-0.46102556739071565,-53.09533560220889,165.39719192016435,,-0.1984126984126977,,,,,-0.11813495324077417,58.484666933793484,247.65856369631888,,-0.1984126984126977,,,,,-0.04574763615223684,1039873.4461640501,15745215.33961842,,0.3992015968063978,,,,29757568.77683694,9479527.689357419,3.1391404458099212,-0.1984126984126977,False,False,rising,rising,sell_advantage_accelerating,flat_or_na,neutral,True,True,False,🔴 1차 급등 완료·상승분 반납 / 신규매수 금지,S3,🔴 1차 급등 완료·반납,당일/5D 급등 후 상승분 상당 부분 반납,S3,False,,,2026-09-04T04:10:00Z,33836660879-1
KRW-CTC,2026-09-04T13:31:59.203212+09:00,1788496319,132.0,93.7412998322426,14.0,1432358.86556714,11187669.185967121,0.12803014119900608,24,0.0,complete,1788495471066,1788495955165,2218465.65213093,2612082.57429744,-0.08148493788199763,137.0,138.0,0.7299270072992803,-3.649635036496346,4.3478260869565215,599.9999999999925,complete_hourly_ordered,/v1/candles/minutes/60,120,False,16.94915254237288,118.0,2026-08-31T13:00:00,138.0,2026-09-04T03:00:00,D0,4.347826086956519,30.00000000000005,False,1.5709642470205898,11.014083504384038,5.307615426171838,True,-3.0962567150695866,-65.74416603375778,762.6924423694336,1.2584927164566153,-1.4925373134328401,0.0,-0.054171180931739116,0.042177657762932697,0.04173110678996217,-3.0962567150695866,-65.74416603375778,762.6924423694336,1.2584927164566153,-1.4925373134328401,0.0,-0.054171180931739116,0.042177657762932697,0.04173110678996217,0.07262823392660503,-57.25875196061083,-81.50477193566265,5.560718660978054,-1.4925373134328401,0.0,-0.16251354279523955,0.12651796309007501,0.12417320011258592,0.07262823392660503,-57.25875196061083,-81.50477193566265,5.560718660978054,-1.4925373134328401,0.0,-0.16251354279523955,0.12651796309007501,0.12417320011258592,-0.11733690512078748,-45.00361767770623,5.39939862848553,6.140245488552722,-2.2222222222222254,0.0,-0.16251354279523955,0.12651796309007501,0.12417320011258592,-4.650392199952788,0.29681438315161124,3643.3414827673937,7.149838534685813,-2.941176470588236,1.0,-0.21668472372697867,0.16868061243476262,0.1648924652240078,-3.0962567150695866,-2748998.58431621,9890837.472078502,1.2584927164566153,-1.4925373134328401,0.0,-0.054171180931739116,0.042177657762932697,12620028.051534262,8896370.511588011,1.4185591792850785,-2.941176470588236,False,True,falling,rising,sell_advantage_accelerating,accelerating,neutral,False,False,False,pass,S0,🌱 초발사 준비,발사 구조 관찰 또는 초기 준비,S1,True,발사 구조 관찰 또는 초기 준비,2026-09-04T13:31:59.203212+09:00,2026-09-04T04:10:00Z,33836660879-1
KRW-CVC,2026-09-04T13:31:59.203212+09:00,1788496319,28.6,361.97340344399447,12.0,0.0,2178042.27567498,0.0,5,0.0,complete,1788495615534,1788496489189,3589892.57605689,4946994.76467985,-0.15896920440159412,28.5,28.6,0.35087719298245723,0.35087719298245723,0.0,0.0,complete_hourly_ordered,/v1/candles/minutes/60,120,False,14.393939393939403,26.4,2026-08-31T08:00:00,30.2,2026-09-02T15:00:00,D-2,5.298013245033106,42.105263157894676,False,0.801944106925867,15.652483351126017,12.648564297792396,True,-0.2647923031317974,-100.0,447.105689712591,0.892300578577931,0.7042253521126751,0.0,0.0486026731470135,-0.03638294272247755,-0.10438940474833203,-0.2647923031317974,-100.0,447.105689712591,0.892300578577931,0.7042253521126751,0.0,0.0486026731470135,-0.03638294272247755,-0.10438940474833203,,-100.0,,1.1669662587019616,0.35087719298245723,0.0,0.024301336573495647,-0.018191008956339516,-0.052039467742954315,,-100.0,,1.1669662587019616,0.35087719298245723,0.0,0.024301336573495647,-0.018191008956339516,-0.052039467742954315,-6.328414160599019,-100.0,214.83913468354535,1.8849889559145936,0.7042253521126751,0.0,0.0486026731470135,-0.03638294272247755,-0.10438940474833203,-263.49289298948486,-100.0,21190.61315583725,2.309060822456047,0.35087719298245723,0.0,0.024301336573495647,-0.018191008956339516,-0.052039467742954315,-0.2647923031317974,-105414.518865152,1779939.6208078442,0.892300578577931,0.7042253521126751,0.0,0.0486026731470135,-0.03638294272247755,2178042.27567498,6418663.516041624,0.33932956140037296,0.35087719298245723,False,True,falling,rising,sell_only,accelerating,neutral,False,False,False,pass,S1,⚡ 선행 시동,가격 미급등 상태에서 선행조건 4개 개선,S0,True,가격 미급등 상태에서 선행조건 4개 개선,2026-09-04T13:31:59.203212+09:00,2026-09-04T04:10:00Z,33836660879-1
KRW-CYBER,2026-09-04T13:31:59.203212+09:00,1788496319,421.0,71.74036745374337,6.0,0.0,0.0,,0,0.0,complete,,,93566.96051297,37397.46331881,0.4288912633732356,421.0,426.0,1.187648456057011,0.0,1.1737089201877933,100.0,complete_hourly_ordered,/v1/candles/minutes/60,120,False,4.92610837438423,406.0,2026-09-02T19:00:00,426.0,2026-09-04T11:00:00,D0,1.1737089201877882,25.00000000000011,False,-0.3163603495028755,18.49479583666934,,True,,-100.0,-100.0,0.002860727412738129,0.0,0.0,0.030129557095504023,-0.022125913707899514,,,-100.0,-100.0,0.002860727412738129,0.0,0.0,0.030129557095504023,-0.022125913707899514,,,,-100.0,0.8713346645120339,0.23809523809523725,0.0,0.01506477854774646,-0.011062786515722678,,,,-100.0,0.8713346645120339,0.23809523809523725,0.0,0.01506477854774646,-0.011062786515722678,,,,-100.0,1.6709935811328762,0.23809523809523725,0.0,0.01506477854774646,-0.011062786515722678,,,-100.0,,1.7571807123588883,-0.23696682464454666,0.0,-0.015064778547757562,0.011062445855003489,,,-22070.99999396,-159869.51796134,0.002860727412738129,0.0,0.0,0.030129557095504023,-0.022125913707899514,0,1031286.64403213,0.0,-0.23696682464454666,False,False,falling,falling,unavailable,accelerating,neutral,False,False,False,pass,S0,🌱 초발사 준비,발사 구조 관찰 또는 초기 준비,S0,False,,,2026-09-04T04:10:00Z,33836660879-1
KRW-DATA,2026-09-04T13:31:59.203212+09:00,1788496319,262.0,109.15400423633473,7.0,18755605.09011296,15099903.534518544,1.2421009874160749,61,0.0,complete,1788495637730,1788496460120,1949164.49799678,1210961.86751831,0.23359908595242063,264.0,272.0,3.0303030303030276,-0.7575757575757569,3.6764705882352944,125.0,complete_hourly_ordered,/v1/candles/minutes/60,120,False,11.244979919678721,249.0,2026-09-01T05:00:00,277.0,2026-09-02T09:00:00,D-2,5.415162454873645,53.57142857142861,False,0.23035577169183696,42.68988731157618,,False,1.2371619662530287,3610.205642315269,-85.24694499698502,1.2652092048643055,-0.38022813688213253,0.0,-0.025595085743534973,0.013586204835114302,,1.2371619662530287,3610.205642315269,-85.24694499698502,1.2652092048643055,-0.38022813688213253,0.0,-0.025595085743534973,0.013586204835114302,,1.2421009874160749,,-55.87493832823402,2.873061366776767,-0.38022813688213253,0.0,-0.025595085743534973,0.013586204835114302,,1.2421009874160749,,-55.87493832823402,2.873061366776767,-0.38022813688213253,0.0,-0.025595085743534973,0.013586204835114302,,1.084384879422987,569.043964164181,-15.047962143761406,3.429612198832288,-0.38022813688213253,0.0,-0.025595085743534973,0.013586204835114302,,1.2392320990158217,8635.755525839402,-79.8229709585335,4.349791489409242,-0.38022813688213253,0.0,-0.051190171487069946,0.027171912607897752,,1.2371619662530287,18250091.19416597,-87251124.99098128,1.2652092048643055,-0.38022813688213253,0.0,-0.025595085743534973,0.013586204835114302,33855508.62463151,26802885.839957565,1.2631292326798609,-0.38022813688213253,False,False,rising,falling,buy_advantage_accelerating,accelerating,leading_buy_inflow,False,False,False,pass,S0,🌱 초발사 준비,발사 구조 관찰 또는 초기 준비,S0,False,,,2026-09-04T04:10:00Z,33836660879-1
KRW-DEEP,2026-09-04T13:31:59.203212+09:00,1788496319,20.6,26.429099307988714,6.0,1091028.047937325,0.0,,4,0.0,complete,1788495749517,1788496206425,6632165.89259112,12958116.9487923,-0.3229126964332515,20.7,20.7,0.0,-0.48309178743960457,0.4830917874396033,,complete_hourly_ordered,/v1/candles/minutes/60,120,False,16.483516483516492,18.2,2026-08-31T08:00:00,21.2,2026-09-03T17:00:00,D-1,2.8301886792452713,19.99999999999992,False,0.0,32.6065184422125,,True,,,,0.0423675007280373,0.4878048780487809,0.0,0.03396739130433479,-0.020963959206831362,,,,,0.0423675007280373,0.4878048780487809,0.0,0.03396739130433479,-0.020963959206831362,,,8997.965710045843,,0.0423675007280373,0.4878048780487809,0.0,0.03396739130433479,-0.020963959206831362,,,8997.965710045843,,0.0423675007280373,0.4878048780487809,0.0,0.03396739130433479,-0.020963959206831362,,,-71.80391660827759,-100.0,0.10147046997803955,0.9803921568627638,0.0,0.06793478260869179,-0.041929118239643515,,,-78.42814382564842,-100.0,0.5991646336679182,1.4778325123152802,0.0,0.10190217391303769,-0.06289547720142963,,,1091028.047937325,0.0,0.0423675007280373,0.4878048780487809,0.0,0.03396739130433479,-0.020963959206831362,1091028.047937325,4537538.610037601,0.24044490674389746,1.4778325123152802,False,False,rising,flat_or_na,buy_only,accelerating,neutral,False,False,False,pass,S0,🌱 초발사 준비,발사 구조 관찰 또는 초기 준비,S0,False,,,2026-09-04T04:10:00Z,33836660879-1
KRW-DKA,2026-09-04T13:31:59.203212+09:00,1788496319,5.02,-83.49285968252772,6.0,160943.68039374676,0.0,,2,0.0,complete,1788495978838,1788496356978,24191735.96985385,20736684.20979035,0.07690125195251993,4.99,5.16,3.4068136272545013,0.6012024048096087,2.7131782945736544,82.35294117647086,complete_hourly_ordered,/v1/candles/minutes/60,120,False,7.724425887265141,4.79,2026-09-01T00:00:00,5.16,2026-09-04T11:00:00,D0,2.7131782945736593,37.83783783783809,False,0.6965728615213385,20.62158526205968,,True,,44.9215195016315,-100.0,0.014551268828881803,-0.19880715705766772,0.0,-0.01393145723040945,0.009892261661587298,,,44.9215195016315,-100.0,0.014551268828881803,-0.19880715705766772,0.0,-0.01393145723040945,0.009892261661587298,,,631.4956840019125,-100.0,0.05585438742623694,0.0,0.0,-0.01393145723040945,0.009892261661587298,,,631.4956840019125,-100.0,0.05585438742623694,0.0,0.0,-0.01393145723040945,0.009892261661587298,,,-90.4968061635791,-100.0,0.09318740315234209,-0.3968253968254065,0.0,-0.04179437169127276,0.02967597023686608,,,-99.69972571861054,-100.0,0.4474084267885985,-1.953125000000011,0.0,-0.05572582892168221,0.03956741717290768,,,49887.93039387536,-1476787.0915054,0.014551268828881803,-0.19880715705766772,0.0,-0.01393145723040945,0.009892261661587298,160943.68039374676,1587842.8415052714,0.10135995590166375,-1.953125000000011,False,False,rising,falling,buy_only,accelerating,neutral,False,True,False,pass,S0,🌱 초발사 준비,발사 구조 관찰 또는 초기 준비,S0,False,,,2026-09-04T04:10:00Z,33836660879-1
KRW-DOGE,2026-09-04T13:31:59.203212+09:00,1788496319,119.0,-23.917279179435404,12.0,5128027.3942584,65797827.84209797,0.07793611981484666,25,0.0,complete,1788495484898,1788496381409,112570808.45244674,104076428.4414563,0.039208346862740405,119.0,121.0,1.680672268907557,0.0,1.6528925619834711,100.0,complete_hourly_ordered,/v1/candles/minutes/60,120,False,11.818181818181817,110.0,2026-09-02T10:00:00,123.0,2026-09-04T00:00:00,D0,2.4390243902439046,23.076923076923133,False,0.5016722408026864,1.6969944796565142,1.611953659423022,False,-0.08656113958384165,-77.57759761751981,-52.67375704852611,0.5362305668594516,0.0,0.0,-0.05574136008918984,0.04781906736266173,0.05952583091125363,-0.08656113958384165,-77.57759761751981,-52.67375704852611,0.5362305668594516,0.0,0.0,-0.05574136008918984,0.04781906736266173,0.05952583091125363,-2.6628405386000273,-91.96210150957234,182.6684805146742,0.5767220111582141,0.0,0.0,0.0,0.0,0.0,-2.6628405386000273,-91.96210150957234,182.6684805146742,0.5767220111582141,0.0,0.0,0.0,0.0,0.0,-29.12304883176856,-99.34454123347577,145.58627787896876,1.5427515930473064,-0.8333333333333304,0.0,0.0,0.0,0.0,-1.8670305228602102,-88.32018972575582,191.4802716653956,1.692810912032492,0.8474576271186418,0.0,0.0,0.0,0.0,-0.08656113958384165,-17742079.5050148,-73232493.89623225,0.5362305668594516,0.0,0.0,-0.05574136008918984,0.04781906736266173,70925855.23635636,148610498.26923966,0.47726005943307603,0.8474576271186418,False,True,falling,falling,sell_advantage_accelerating,accelerating,neutral,False,False,False,pass,S0,🌱 초발사 준비,발사 구조 관찰 또는 초기 준비,S1,True,발사 구조 관찰 또는 초기 준비,2026-09-04T13:31:59.203212+09:00,2026-09-04T04:10:00Z,33836660879-1
KRW-DOOD,2026-09-04T13:31:59.203212+09:00,1788496319,1.85,43.55265697447281,6.0,0.0,6897102.671892003,0.0,9,0.0,complete,1788495546438,1788496106665,80105494.89200537,115193094.30027688,-0.17966130504775857,1.86,1.86,0.0,-0.5376344086021501,0.5376344086021511,,complete_hourly_ordered,/v1/candles/minutes/60,120,False,7.777777777777772,1.8,2026-08-31T08:00:00,1.94,2026-09-02T00:00:00,D-2,4.639175257731953,64.2857142857141,False,0.28797696184303945,25.679415785788116,,False,-0.2367648809451872,-100.0,244.88681968656607,0.42986965597890503,0.0,0.0,-0.03599712023039103,0.024197379652743933,,-0.2367648809451872,-100.0,244.88681968656607,0.42986965597890503,0.0,0.0,-0.03599712023039103,0.024197379652743933,,0.0,,18780.494111629658,0.5052364218282008,-0.5376344086021501,0.0,-0.03599712023039103,0.024197379652743933,,0.0,,18780.494111629658,0.5052364218282008,-0.5376344086021501,0.0,-0.03599712023039103,0.024197379652743933,,0.0,,123.03003675529015,0.9500580529385942,0.0,0.0,0.0,0.0,,,,,1.1949212909595275,0.0,0.0,0.0,0.0,,-0.2367648809451872,-473486.2568715468,4897286.419661748,0.42986965597890503,0.0,0.0,-0.03599712023039103,0.024197379652743933,6897102.671892003,2473302.509101802,2.788620739481131,0.0,False,False,falling,rising,sell_only,accelerating,neutral,False,False,False,pass,S0,🌱 초발사 준비,발사 구조 관찰 또는 초기 준비,S0,False,,,2026-09-04T04:10:00Z,33836660879-1
KRW-DOS,2026-09-04T13:31:59.203212+09:00,1788496319,340.0,,,67103347.189796224,60447400.77630839,1.1101113749806848,225,0.0,complete,1788495432363,1788496649445,597576.60772788,1020913.48203886,-0.26156284612900665,329.0,345.0,4.863221884498481,3.3434650455927084,1.4492753623188406,31.249999999999943,complete_hourly_ordered,/v1/candles/minutes/60,120,False,15.09900990099009,404.0,2026-08-30T14:00:00,465.0,2026-08-30T22:00:00,D-4,26.451612903225808,201.63934426229514,True,,,,False,0.286794567584425,17.031033002976216,-13.20364908433339,,0.0,,,,,0.286794567584425,17.031033002976216,-13.20364908433339,,0.0,,,,,0.048178752926063995,119.58254222688626,110.05267586639587,,1.1904761904761862,,,,,0.048178752926063995,119.58254222688626,110.05267586639587,,1.1904761904761862,,,,,0.5885437330350414,383.6094574035894,127.21598031097633,,0.8902077151335286,,,,,-2.8586720115047193,-9.457222945912502,223.70145684235206,,0.2949852507374562,,,,,0.286794567584425,9765267.307950087,-9195389.66201374,,0.0,,,,127550747.96610461,31846403.599825658,4.005185312881071,0.2949852507374562,False,False,rising,falling,buy_advantage_accelerating,flat_or_na,neutral,True,True,False,🔴 1차 급등 완료·상승분 반납 / 신규매수 금지,S3,🔴 1차 급등 완료·반납,당일/5D 급등 후 상승분 상당 부분 반납,S3,False,,,2026-09-04T04:10:00Z,33836660879-1
KRW-DOT,2026-09-04T13:31:59.203212+09:00,1788496319,1197.0,-32.17269103058161,8.0,0.0,3542432.35557718,0.0,8,0.0,complete,1788495468112,1788496551759,74425.23813229,78765.14644607,-0.02833016135918138,1212.0,1220.0,0.660066006600668,-1.2376237623762387,1.8852459016393444,287.4999999999979,complete_hourly_ordered,/v1/candles/minutes/60,120,False,9.236234458259318,1126.0,2026-08-31T08:00:00,1230.0,2026-09-02T13:00:00,D-2,2.5203252032520274,29.807692307692214,False,0.15459363957597283,13.170947688367956,,False,-0.3350251317801456,-100.0,16.929254357618937,0.11675338615514619,-0.08347245409014992,-2.0,-0.005521201413438703,0.004267060847531923,,-0.3350251317801456,-100.0,16.929254357618937,0.11675338615514619,-0.08347245409014992,-2.0,-0.005521201413438703,0.004267060847531923,,-0.11407247271779736,-100.0,-19.310138749238458,0.19216861963663945,-0.16680567139282232,-2.0,-0.011042402826855202,0.008534070633785973,,-0.11407247271779736,-100.0,-19.310138749238458,0.19216861963663945,-0.16680567139282232,-2.0,-0.011042402826855202,0.008534070633785973,,-2.2652125271339654,-100.0,221.46272340274788,0.7093844078746798,-0.4159733777038266,-2.0,-0.027606007067149108,0.021334793634272486,,-0.0022735780335172186,-100.0,-19.66071707384992,0.7977598771293586,-0.33305578684429404,-2.0,-0.0220848056536882,0.017067937026233437,,-0.3350251317801456,-1014975.99832438,512880.5338038802,0.11675338615514619,-0.08347245409014992,-2.0,-0.005521201413438703,0.004267060847531923,3542432.35557718,8959801.392646749,0.3953695177310997,-0.33305578684429404,False,False,falling,rising,sell_only,accelerating,neutral,False,False,False,pass,S0,🌱 초발사 준비,발사 구조 관찰 또는 초기 준비,S1,True,발사 구조 관찰 또는 초기 준비,2026-09-04T13:31:59.203212+09:00,2026-09-04T04:10:00Z,33836660879-1
KRW-DRV,2026-09-04T13:31:59.203212+09:00,1788496319,211.0,,,830576.56171776,3512303.5840924596,0.23647630161570213,10,0.0,complete,1788496062609,1788496302307,752713.61227994,195316.09515166,0.5879536398056344,215.0,218.0,1.3953488372093092,-1.8604651162790753,3.211009174311927,233.3333333333331,complete_hourly_ordered,/v1/candles/minutes/60,120,False,21.808510638297875,188.0,2026-09-01T11:00:00,229.0,2026-09-04T04:00:00,D0,7.860262008733621,43.90243902439023,False,,,,True,,59.440801510955495,,,0.4761904761904745,,,,,,59.440801510955495,,,0.4761904761904745,,,,,-0.03798044464680764,-60.81664943495835,-54.52341384625863,,-0.4716981132075526,,,,,-0.03798044464680764,-60.81664943495835,-54.52341384625863,,-0.4716981132075526,,,,,0.21396752740118372,882.3984359617823,-6.491329436913396,,-0.4716981132075526,,,,,0.07672455993726093,96.47738252026838,32.730442093272494,,-0.9389671361502372,,,,,,309645.56171856006,3512303.5840924596,,0.4761904761904745,,,,4342880.145810219,5504100.91149375,0.7890262579927175,-0.9389671361502372,False,False,rising,rising,sell_advantage_weakening,flat_or_na,neutral,False,False,False,pass,S0,🌱 초발사 준비,발사 구조 관찰 또는 초기 준비,S0,False,,,2026-09-04T04:10:00Z,33836660879-1
KRW-EDGE,2026-09-04T13:31:59.203212+09:00,1788496319,93.7,-50.26547896169779,8.0,100754.50896034701,247387.741569607,0.40727365196467474,4,0.0,complete,1788495653945,1788495654076,635163.99760929,441312.87018062,0.18007923182470356,94.0,94.5,0.5319148936170137,-0.31914893617021045,0.8465608465608435,160.0000000000004,complete_hourly_ordered,/v1/candles/minutes/60,120,False,3.3769063180828063,91.8,2026-09-03T08:00:00,94.9,2026-09-04T03:00:00,D0,1.2644889357218192,38.70967741935516,True,0.22212966819381563,11.106322391965218,,False,-0.016288426453316407,-76.08206611592914,-75.1254967304395,0.2191177263763322,-0.21299254526091493,0.0,-0.013883104262113477,0.010945401577567182,,-0.016288426453316407,-76.08206611592914,-75.1254967304395,0.2191177263763322,-0.21299254526091493,0.0,-0.013883104262113477,0.010945401577567182,,0.30455120555336357,1.9840294450924167,-74.27761666155675,0.2651555757568218,0.10683760683760646,0.0,0.0069415521310567385,-0.005472827146022041,,0.30455120555336357,1.9840294450924167,-74.27761666155675,0.2651555757568218,0.10683760683760646,0.0,0.0069415521310567385,-0.005472827146022041,,0.39658727353194356,568.13334858524,-82.46897197482083,0.34999354222340884,-0.5307855626326963,0.0,-0.03470776065528369,0.02736287218685618,,0.3931235158104127,1911.8711854349804,-30.10043477791492,0.4216319211185464,0.10683760683760646,0.0,0.0069415521310567385,-0.005472827146022041,,-0.016288426453316407,-320496.3793843549,-747155.7027304079,0.2191177263763322,-0.21299254526091493,0.0,-0.013883104262113477,0.010945401577567182,348142.250529954,1081079.009470304,0.32203219883117806,0.10683760683760646,False,False,falling,falling,sell_advantage_accelerating,accelerating,neutral,False,False,False,pass,S0,🌱 초발사 준비,발사 구조 관찰 또는 초기 준비,S0,False,,,2026-09-04T04:10:00Z,33836660879-1
KRW-EGLD,2026-09-04T13:31:59.203212+09:00,1788496319,6285.0,417.02533696742245,8.0,4240368.452495951,2577003.5326034,1.6454647418399728,31,0.0,complete,1788495438606,1788496390745,8107.75259709,12122.81051566,-0.19846496096984922,6430.0,6570.0,2.1772939346811793,-2.255054432348369,4.337899543378995,203.57142857142878,complete_hourly_ordered,/v1/candles/minutes/60,120,False,47.85575048732944,5130.0,2026-08-31T08:00:00,7585.0,2026-09-03T07:00:00,D-1,17.07317073170732,52.74949083503056,False,2.8334026838656046,-12.111057752795833,,True,0.5437453968889745,55.470708201946486,4.095264057608339,0.5430600605212135,-0.7109004739336511,0.0,-0.123530635597624,0.11578282876310553,,0.5437453968889745,55.470708201946486,4.095264057608339,0.5430600605212135,-0.7109004739336511,0.0,-0.123530635597624,0.11578282876310553,,1.091650542452018,191.78926082597295,-1.7924652134204133,0.8215295730654475,0.0,0.0,-0.006501612399878454,0.006094804954692279,,1.091650542452018,191.78926082597295,-1.7924652134204133,0.8215295730654475,0.0,0.0,-0.006501612399878454,0.006094804954692279,,0.6388809771003465,-11.204721229221537,-45.68106886553556,1.084793528506566,-0.07949125596183881,0.0,0.013003224799756907,-0.012189933923535179,,-0.11168096386680437,1453.8384923926628,1559.3006005200646,1.3624197863468908,0.0,0.0,-0.006501612399878454,0.006094804954692279,,0.5437453968889745,1512929.6303945016,101383.19008979993,0.5430600605212135,-0.7109004739336511,0.0,-0.123530635597624,0.11578282876310553,6817371.985099351,19949980.736763105,0.34172323648095276,0.0,False,True,rising,rising,buy_advantage_accelerating,accelerating,leading_buy_inflow,False,False,False,pass,S0,🌱 초발사 준비,발사 구조 관찰 또는 초기 준비,S0,False,,,2026-09-04T04:10:00Z,33836660879-1
KRW-ELF,2026-09-04T13:31:59.203212+09:00,1788496319,88.5,-29.807519024926897,12.0,112084.22613111002,1097922.323554695,0.10208757370760059,8,0.0,complete,1788495591534,1788496325161,1183073.02141527,702491.18486936,0.2548742890558271,89.3,89.6,0.33594624860022737,-0.8958566629339249,1.2276785714285652,366.66666666666225,complete_hourly_ordered,/v1/candles/minutes/60,120,False,6.62790697674418,86.0,2026-09-01T18:00:00,91.7,2026-09-03T00:00:00,D-1,3.4896401308615044,56.140350877192866,False,0.6345369391146827,6.562278079273369,6.814194879103945,True,-0.024730939772921304,-54.23212048237913,-43.14475077833914,0.028962985841896938,0.11312217194570096,0.0,-0.015108022359866524,0.01238898289681245,0.030318920295596463,-0.024730939772921304,-54.23212048237913,-43.14475077833914,0.028962985841896938,0.11312217194570096,0.0,-0.015108022359866524,0.01238898289681245,0.030318920295596463,0.10208757370760059,,100.17198570928576,0.14217542515091708,-0.5617977528089901,0.0,-0.03777005589966631,0.03097164264894836,0.07550466707023151,0.10208757370760059,,100.17198570928576,0.14217542515091708,-0.5617977528089901,0.0,-0.03777005589966631,0.03097164264894836,0.07550466707023151,0.07048486490529811,700.6016152553823,147.83799628774153,0.14217542515091708,-0.5617977528089901,0.0,-0.03777005589966631,0.03097164264894836,0.07550466707023151,0.05007685478012724,1932.4640814677475,935.4827157924124,0.1942037860081527,0.11312217194570096,0.0,0.0075540111799554666,-0.006194654375593522,-0.015218442311143221,-0.024730939772921304,-132812.90983508,-833161.1534946072,0.028962985841896938,0.11312217194570096,0.0,-0.015108022359866524,0.01238898289681245,1210006.5496858049,1124912.379260734,1.0756451542305836,0.11312217194570096,False,True,falling,falling,sell_advantage_accelerating,accelerating,neutral,False,False,False,pass,S1,⚡ 선행 시동,가격 미급등 상태에서 선행조건 3개 개선,S1,False,,,2026-09-04T04:10:00Z,33836660879-1
KRW-ELSA,2026-09-04T13:31:59.203212+09:00,1788496319,67.9,39.347069343146444,7.0,199857232.56812507,354102029.6519673,0.5644057809116676,1134,0.0,complete,1788495519506,1788496607918,1032341.81559883,1007499.30845267,0.012178648059030307,64.8,69.7,7.561728395061729,4.783950617283961,2.582496413199422,36.73469387755089,complete_hourly_ordered,/v1/candles/minutes/60,120,False,13.7030995106036,61.3,2026-09-02T10:00:00,69.7,2026-09-04T13:00:00,D0,2.8694404591104727,23.80952380952387,False,0.6483154426612847,17.16869116473328,,True,0.027055186671227416,769.8817932373956,728.183399822777,28.81909724025875,0.7418397626112849,1.0,0.05314061005421422,-0.0392075428701979,,0.027055186671227416,769.8817932373956,728.183399822777,28.81909724025875,0.7418397626112849,1.0,0.05314061005421422,-0.0392075428701979,,-1.2559070794201523,6591.808005226274,21482.316451665167,31.711434664892742,2.259036144578319,1.0,0.21256244021681248,-0.15685589737098482,,-1.2559070794201523,6591.808005226274,21482.316451665167,31.711434664892742,2.259036144578319,1.0,0.21256244021681248,-0.15685589737098482,,0.3322615564096934,32076.05117141872,13134.245111131931,32.17280887718579,2.4132730015083093,1.0,0.22319056222765976,-0.16470049336694004,,-119.63721880148609,16526.83289541425,3540920.2965331287,32.56895977582022,3.191489361702149,2.0,0.2763311722818518,-0.20392604711750906,,0.027055186671227416,176882015.2314883,311345554.488647,28.81909724025875,0.7418397626112849,1.0,0.05314061005421422,-0.0392075428701979,553959262.2200923,2687685.6357454583,206.11013983651617,3.191489361702149,False,False,rising,rising,sell_advantage_weakening,accelerating,neutral,False,False,False,pass,S0,🌱 초발사 준비,발사 구조 관찰 또는 초기 준비,S0,False,,,2026-09-04T04:10:00Z,33836660879-1
KRW-ENA,2026-09-04T13:31:59.203212+09:00,1788496319,229.0,-47.239089970904566,7.0,353313195.49892133,105512831.41214715,3.3485329771772783,126,0.0,complete,1788495422790,1788496570623,6444011.29966095,4899152.23659728,0.13619296399329464,230.0,235.0,2.1739130434782705,-0.43478260869564966,2.553191489361702,119.9999999999998,complete_hourly_ordered,/v1/candles/minutes/60,120,False,22.388059701492537,201.0,2026-08-31T13:00:00,246.0,2026-09-04T02:00:00,D0,6.910569105691056,37.777777777777764,False,2.1498577300031574,-50.436503317425206,,True,2.965843404797431,500.3169674846949,-31.39233056837183,0.4227812438409799,0.43859649122806044,0.0,0.06323110970596346,-0.07561856771622644,,2.965843404797431,500.3169674846949,-31.39233056837183,0.4227812438409799,0.43859649122806044,0.0,0.06323110970596346,-0.07561856771622644,,3.0406057064555987,718.4439492994844,-24.73682855621454,0.5957693889878897,0.43859649122806044,0.0,0.03161555485298173,-0.03780708321300352,,3.0406057064555987,718.4439492994844,-24.73682855621454,0.5957693889878897,0.43859649122806044,0.0,0.03161555485298173,-0.03780708321300352,,2.8544072448020406,272.77499697269525,-44.991517286598814,0.8193085529360502,-1.2931034482758674,0.0,-0.06323110970598567,0.07560096562880858,,2.747740749372955,519.1202543182962,11.082267788869915,1.0758909077706988,0.0,0.0,0.0,0.0,,2.965843404797431,294458754.48931766,-48278766.94158687,0.4227812438409799,0.43859649122806044,0.0,0.06323110970596346,-0.07561856771622644,458826026.9110685,283640668.0920005,1.6176313149926922,0.0,False,False,rising,falling,buy_advantage_accelerating,accelerating,leading_buy_inflow,False,False,False,pass,S0,🌱 초발사 준비,발사 구조 관찰 또는 초기 준비,S0,False,,,2026-09-04T04:10:00Z,33836660879-1
KRW-ENS,2026-09-04T13:31:59.203212+09:00,1788496319,8005.0,20.30016303953952,10.0,16273159.229640597,48088977.49778898,0.3383968650693145,128,0.0,complete,1788495425230,1788496575838,24780.80635847,18848.13167445,0.13598026794838622,7835.0,8230.0,5.041480536056153,2.169751116783658,2.7339003645200486,56.96202531645576,complete_hourly_ordered,/v1/candles/minutes/60,120,False,15.185444366690003,7145.0,2026-09-03T04:00:00,8230.0,2026-09-04T10:00:00,D0,2.7339003645200477,20.737327188940114,False,1.551907908761474,-8.380873294391336,,False,-1.8672232679787875,12.268176536301812,631.7471762581048,0.7230399014213944,0.9457755359394637,1.0,0.08100618205075794,-0.07474922016979413,,-1.8672232679787875,12.268176536301812,631.7471762581048,0.7230399014213944,0.9457755359394637,1.0,0.08100618205075794,-0.07474922016979413,,-0.05282399615223271,12.883196416812037,30.50434527689976,1.1574201334120673,1.137081490840175,1.0,0.10658708164572595,-0.0983575940181769,,-0.05282399615223271,12.883196416812037,30.50434527689976,1.1574201334120673,1.137081490840175,1.0,0.10658708164572595,-0.0983575940181769,,0.16738246705794105,17.974136233182914,-40.379838079478084,1.862245371121272,0.5653266331658191,1.0,0.029844382860821916,-0.027537306677334783,,-0.20670654460239096,-47.19424065998336,-14.938338862416545,2.4840336038824518,0.7551919446192601,1.0,0.06821573225326283,-0.06294563755207783,,-1.8672232679787875,1778259.845237853,41517175.23355628,0.7230399014213944,0.9457755359394637,1.0,0.08100618205075794,-0.07474922016979413,64362136.727429576,43186954.73873487,1.4903143117359567,0.7551919446192601,False,False,rising,rising,sell_advantage_accelerating,accelerating,neutral,False,False,False,pass,S1,⚡ 선행 시동,가격 미급등 상태에서 선행조건 5개 개선,S0,True,가격 미급등 상태에서 선행조건 5개 개선,2026-09-04T13:31:59.203212+09:00,2026-09-04T04:10:00Z,33836660879-1
KRW-ENSO,2026-09-04T13:31:59.203212+09:00,1788496319,1199.0,19.059097919235192,3.0,4007326.3698032,11076622.072630882,0.36178235056921043,26,0.0,complete,1788495432035,1788496493018,147581.55376475,117900.18490464,0.11180192283233771,1184.0,1210.0,2.195945945945943,1.266891891891886,0.9090909090909091,42.3076923076925,complete_hourly_ordered,/v1/candles/minutes/60,120,False,15.378006872852223,1164.0,2026-08-31T08:00:00,1343.0,2026-08-31T20:00:00,D-4,10.275502606105736,77.09497206703902,True,0.29924905426006454,-6.044234844640779,,True,-1.6397634882438603,-33.89656966717942,265.7144847053988,0.29143646683145263,-0.33250207813798616,0.0,-0.022584834283767563,0.02071262431815324,,-1.6397634882438603,-33.89656966717942,265.7144847053988,0.29143646683145263,-0.33250207813798616,0.0,-0.022584834283767563,0.02071262431815324,,-1.1259267283357584,-58.29463525872174,71.49938261781872,0.48175342144423183,-0.08333333333333526,0.0,-0.0056462085709307885,0.005178271997143824,,-1.1259267283357584,-58.29463525872174,71.49938261781872,0.48175342144423183,-0.08333333333333526,0.0,-0.0056462085709307885,0.005178271997143824,,-4.37065138671231,-84.19398483850935,106.75668474300512,1.0930425539195774,0.5029337803855727,0.0,0.016938625712836775,-0.015535279686181624,,0.12847681042070677,286.4175367589354,149.19223393444946,1.142503337426426,0.33472803347280866,0.0,0.022584834283789768,-0.020713860818919017,,-1.6397634882438603,-2054880.0083331992,8047859.872644832,0.29143646683145263,-0.33250207813798616,0.0,-0.022584834283767563,0.02071262431815324,15083948.442434082,9090968.578122448,1.6592234713838776,0.33472803347280866,False,False,falling,rising,sell_advantage_accelerating,accelerating,neutral,True,True,False,🔴 1차 급등 완료·상승분 반납 / 신규매수 금지,S3,🔴 1차 급등 완료·반납,당일/5D 급등 후 상승분 상당 부분 반납,S3,False,,,2026-09-04T04:10:00Z,33836660879-1
KRW-ERA,2026-09-04T13:31:59.203212+09:00,1788496319,80.4,-36.343571753859536,4.0,3231435.103891736,1107236.249874269,2.9184693910253374,19,0.0,complete,1788495559638,1788496313649,875994.65619791,637201.10796359,0.15780743899097655,81.0,82.0,1.2345679012345734,-0.7407407407407307,1.951219512195115,159.99999999999892,complete_hourly_ordered,/v1/candles/minutes/60,120,False,27.97992471769133,79.7,2026-08-30T14:00:00,102.0,2026-08-31T01:00:00,D-4,20.98039215686275,95.96412556053818,False,-0.05708693524710817,37.752380952380946,,True,2.7591046981422465,324.36422145390463,-76.82734859904986,0.0866067151464307,0.24937655860348684,0.0,0.04077638231935188,-0.023421454044658674,,2.7591046981422465,324.36422145390463,-76.82734859904986,0.0866067151464307,0.24937655860348684,0.0,0.04077638231935188,-0.023421454044658674,,2.184426856318616,50.65872669986777,-62.106879050184304,0.11629924050160412,0.24937655860348684,0.0,0.048931658783224474,-0.0281059233095462,,2.184426856318616,50.65872669986777,-62.106879050184304,0.11629924050160412,0.24937655860348684,0.0,0.048931658783224474,-0.0281059233095462,,2.7717870446648725,-51.19564822041518,-97.54709202925169,0.3428846764019795,-0.1242236024844634,0.0,0.008155276463861494,-0.004684171842058049,,2.7104109723679204,101.8902775560433,-85.60719121475525,0.6717215523382905,-0.371747211895912,0.0,-0.008155276463872596,0.0046841123608771795,,2.7591046981422465,2469958.301530644,-3670966.428429814,0.0866067151464307,0.24937655860348684,0.0,0.04077638231935188,-0.023421454044658674,4338671.353766005,5344794.598404015,0.8117564246643931,-0.371747211895912,False,False,rising,falling,buy_advantage_accelerating,accelerating,leading_buy_inflow,True,True,True,⚡ 2차 시동/재점화,S4,⚡ 2차 시동·재점화,Higher Low·BID 증가·ASK 감소·ratio 및 거래대금 재가속 확인,S3,True,Higher Low·BID 증가·ASK 감소·ratio 및 거래대금 재가속 확인,2026-09-04T13:31:59.203212+09:00,2026-09-04T04:10:00Z,33836660879-1
KRW-ESP,2026-09-04T13:31:59.203212+09:00,1788496319,116.0,-50.12826509397365,5.0,0.0,18784.3279224,0.0,1,0.0,complete,1788496288343,1788496288343,1571768.40034672,1692276.48507984,-0.03691986138768175,118.0,119.0,0.8474576271186418,-1.6949152542372836,2.5210084033613445,300.0,complete_hourly_ordered,/v1/candles/minutes/60,120,False,13.207547169811317,106.0,2026-09-01T07:00:00,120.0,2026-09-04T08:00:00,D0,3.3333333333333326,28.57142857142856,False,0.05652911249292014,-14.171450686963825,,True,,-100.0,,0.0,-0.8547008547008517,0.0,0.0,0.0,,,-100.0,,0.0,-0.8547008547008517,0.0,0.0,0.0,,,-100.0,,0.0553327885183279,-0.8547008547008517,0.0,0.0,0.0,,,-100.0,,0.0553327885183279,-0.8547008547008517,0.0,0.0,0.0,,,,,0.05586767752510724,-1.6949152542372836,0.0,-0.056529112492942346,0.05529359283042368,,,,,0.07012961032413756,0.8695652173912993,0.0,0.11305822498586249,-0.11061393976211953,,,-39780.0,18784.3279224,0.0,-0.8547008547008517,0.0,0.0,0.0,18784.3279224,3122758.82528282,0.006015298962672454,0.8695652173912993,False,False,falling,rising,sell_only,flat_or_na,neutral,False,False,False,pass,S0,🌱 초발사 준비,발사 구조 관찰 또는 초기 준비,S0,False,,,2026-09-04T04:10:00Z,33836660879-1
KRW-ETC,2026-09-04T13:31:59.203212+09:00,1788496319,10420.0,-40.02951332378103,12.0,8093230.882888499,8598600.7920226,0.9412264947102833,64,0.0,complete,1788495452258,1788496389169,23456.82077802,15298.98880132,0.21049313806745473,10370.0,10430.0,0.5785920925747368,0.48216007714561027,0.09587727708533077,16.666666666667307,complete_hourly_ordered,/v1/candles/minutes/60,120,False,7.073791348600511,9825.0,2026-09-02T19:00:00,10520.0,2026-09-04T00:00:00,D0,0.8555133079847899,12.94964028776974,False,0.5406092984799216,2.9797158376039636,2.9392753075780576,True,-1.8816194544581477,234.57066308776285,903.415698894657,0.17930088756371276,1.3618677042801508,0.0,0.08904153151432226,-0.075511501386619,-0.12006263902581527,-1.8816194544581477,234.57066308776285,903.415698894657,0.17930088756371276,1.3618677042801508,0.0,0.08904153151432226,-0.075511501386619,-0.12006263902581527,0.04755788397076055,296.28904645424166,276.26552544620273,0.281744469991537,1.06692531522794,0.0,0.06996120333266909,-0.059329099750728975,-0.09402803002020299,0.04755788397076055,296.28904645424166,276.26552544620273,0.281744469991537,1.06692531522794,0.0,0.06996120333266909,-0.059329099750728975,-0.09402803002020299,0.6041456081655904,-34.47474715812097,-76.53348004636824,0.5343617476107312,1.263362487852282,0.0,0.08268142212044527,-0.07011728473462542,-0.11136557319782048,0.8729158650783436,995.690303076828,-20.478976202399135,0.8804845284414284,1.1650485436893288,0.0,0.0636010939388143,-0.05393513141504869,-0.08538743007039562,-1.8816194544581477,5674240.882929798,7741667.7381054,0.17930088756371276,1.3618677042801508,0.0,0.08904153151432226,-0.075511501386619,16691831.6749111,11324924.7657023,1.4739022130603954,1.1650485436893288,False,False,rising,rising,sell_advantage_accelerating,accelerating,neutral,False,False,False,pass,S1,⚡ 선행 시동,가격 미급등 상태에서 선행조건 5개 개선,S1,False,,,2026-09-04T04:10:00Z,33836660879-1
KRW-ETH,2026-09-04T13:31:59.203212+09:00,1788496319,3439000.0,-28.447329013691625,6.0,1637129587.0694587,436463847.60921997,3.750893908022442,1091,0.0,complete,1788495419824,1788496469567,506.85009249,831.03332624,-0.24231052512612372,3423000.0,3445000.0,0.6427110721589191,0.4674262342974078,0.1741654571843251,27.27272727272539,complete_hourly_ordered,/v1/candles/minutes/60,120,False,6.419753086419755,3240000.0,2026-09-02T19:00:00,3448000.0,2026-09-04T04:00:00,D0,0.20301624129930307,3.3653846153845257,True,0.47108447983601476,-19.0881427011115,,True,3.347139064072539,762.7541282701884,-7.1311620726383085,0.46894013462250683,0.43808411214953935,0.0,0.035479165845386795,-0.03579518180681163,,3.347139064072539,762.7541282701884,-7.1311620726383085,0.46894013462250683,0.43808411214953935,0.0,0.035479165845386795,-0.03579518180681163,,2.9628524975729063,654.9247997782627,58.60539343120126,0.602469942239491,0.4674262342974078,0.0,0.033508101076207275,-0.033806461862663895,,2.9628524975729063,654.9247997782627,58.60539343120126,0.602469942239491,0.4674262342974078,0.0,0.033508101076207275,-0.033806461862663895,,1.2491760136721122,201.51620894660672,101.10099455094637,0.9902686973257921,0.4674262342974078,0.0,0.04730555446053053,-0.047727745416661804,,3.3066278249623493,466.9729627833231,-32.846179189983204,1.2722112504203409,0.6438396254023981,0.0,0.051247683998911775,-0.05170535955377531,,3.347139064072539,1447373371.0833488,-33514949.74647069,0.46894013462250683,0.43808411214953935,0.0,0.035479165845386795,-0.03579518180681163,2073593434.6786788,823578742.370621,2.5177840660505235,0.6438396254023981,False,False,rising,falling,buy_advantage_accelerating,accelerating,leading_buy_inflow,False,False,False,pass,S0,🌱 초발사 준비,발사 구조 관찰 또는 초기 준비,S0,False,,,2026-09-04T04:10:00Z,33836660879-1
KRW-ETHFI,2026-09-04T13:31:59.203212+09:00,1788496319,792.0,26.672963222699565,6.0,7250036.536343499,375336.18622047,19.31611393334954,19,0.0,complete,1788495435552,1788496286340,80783.14968943,131473.67682677,-0.23881694628780836,806.0,813.0,0.8684863523573227,-1.7369727047146455,2.5830258302583027,300.0,complete_hourly_ordered,/v1/candles/minutes/60,120,False,16.527777777777786,720.0,2026-08-31T08:00:00,839.0,2026-09-02T16:00:00,D-2,5.601907032181163,39.495798319327704,True,0.29643431862453884,-31.34974003466206,,True,0.0190758507132891,-23.667454337571215,-23.742837421904127,0.5375916358495232,0.50761421319796,0.0,0.04234775980349603,-0.04635678452340386,,0.0190758507132891,-23.667454337571215,-23.742837421904127,0.5375916358495232,0.50761421319796,0.0,0.04234775980349603,-0.04635678452340386,,19.31611393334954,,-72.88509580225832,4.42452859496192,-0.37735849056603765,0.0,-0.05081731176421744,0.05561965811912373,,19.31611393334954,,-72.88509580225832,4.42452859496192,-0.37735849056603765,0.0,-0.05081731176421744,0.05561965811912373,,19.213199377887406,727.4823319861399,-95.59124694320143,4.598194681098235,-0.37735849056603765,0.0,-0.02540865588209762,0.027810985746086203,,18.66759065788177,-1.7555184179231853,-96.70151909374283,5.475646434493566,-1.0000000000000009,0.0,-0.07622596764631506,0.08342601740770661,,0.0190758507132891,-2247925.9296351494,-116861.75759377005,0.5375916358495232,0.50761421319796,0.0,0.04234775980349603,-0.04635678452340386,7625372.722563969,4984624.227580065,1.5297788508053565,-1.0000000000000009,False,False,falling,falling,buy_advantage_accelerating,accelerating,neutral,False,True,False,pass,S0,🌱 초발사 준비,발사 구조 관찰 또는 초기 준비,S0,False,,,2026-09-04T04:10:00Z,33836660879-1
KRW-EUL,2026-09-04T13:31:59.203212+09:00,1788496319,1806.0,,,3235859.3718793006,5001381.344742521,0.6469931302640727,22,0.0,complete,1788495721967,1788496392147,58659.32686168,53666.6808268,0.04444781878767009,1840.0,1846.0,0.3260869565217428,-1.8478260869565166,2.1668472372697725,666.6666666666587,complete_hourly_ordered,/v1/candles/minutes/60,120,False,13.069189828503847,1691.0,2026-08-31T11:00:00,1912.0,2026-09-03T22:00:00,D-1,5.596234309623426,48.416289592760236,False,,,,False,0.5055604312053206,-39.70993087832277,-86.82059081703508,,-0.2760905577029238,,,,,0.5055604312053206,-39.70993087832277,-86.82059081703508,,-0.2760905577029238,,,,,0.12836909385262962,-39.21493293082548,-51.27522169502991,,-0.49586776859503745,,,,,0.12836909385262962,-39.21493293082548,-51.27522169502991,,-0.49586776859503745,,,,,0.39653645789446446,15.109353223123634,-55.440167417056884,,-0.9868421052631526,,,,,0.44880953865798007,559.6275205615387,102.05369273975231,,-2.1668472372697756,,,,,0.5055604312053206,-2131292.1657125694,-32947067.446171932,,-0.2760905577029238,,,,8237240.716621822,5897566.212168995,1.3967186497415085,-2.1668472372697756,False,False,falling,falling,sell_advantage_weakening,flat_or_na,neutral,False,False,False,pass,S0,🌱 초발사 준비,발사 구조 관찰 또는 초기 준비,S0,False,,,2026-09-04T04:10:00Z,33836660879-1
KRW-EURC,2026-09-04T13:31:59.203212+09:00,1788496319,1574.0,,,4065911.999985931,7482922.9245442,0.5433587972220887,13,0.0,complete,1788495539894,1788495569497,6420.61058866,117621.91048479,-0.8964772638753751,1593.0,1594.0,0.06277463904582614,-1.1927181418706856,1.2547051442910917,1999.9999999999823,complete_hourly_ordered,/v1/candles/minutes/60,120,False,1.643489254108732,1582.0,2026-08-30T22:00:00,1608.0,2026-08-31T08:00:00,D-4,2.1144278606965217,130.76923076923046,False,,,,False,,,,,-0.37974683544304,,,,,,,,,-0.37974683544304,,,,,0.5433587972220887,,117.26816163961247,,-0.37974683544304,,,,,0.5433587972220887,,117.26816163961247,,-0.37974683544304,,,,,0.522516317973304,3514.746457819146,38.656590124038416,,-1.1927181418706856,,,,,,,,,-1.1927181418706856,,,,,,4065911.999985931,7482922.9245442,,-0.37974683544304,,,,11548834.924530132,373364.7111654,30.931779515215126,-1.1927181418706856,False,False,rising,rising,sell_advantage_weakening,flat_or_na,neutral,False,False,False,pass,S0,🌱 초발사 준비,발사 구조 관찰 또는 초기 준비,S0,False,,,2026-09-04T04:10:00Z,33836660879-1
KRW-F,2026-09-04T13:31:59.203212+09:00,1788496319,4.55,302.58904830068064,10.0,7932206.896551695,2399112.8936929805,3.306308309794277,16,0.0,complete,1788495619345,1788496260747,10187069.51411157,7829648.45526417,0.13084630968051292,4.6,4.6,0.0,-1.0869565217391242,1.0869565217391266,,complete_hourly_ordered,/v1/candles/minutes/60,120,False,11.99999999999999,4.25,2026-08-31T08:00:00,4.76,2026-08-31T09:00:00,D-4,4.411764705882348,41.17647058823526,False,0.7071922961179755,19.21179292967393,,True,2.1670215556509937,190.3286101596341,0.04134790571936886,0.7631709097722705,0.6637168141592875,0.0,0.045139933794779985,-0.03255628721354498,,2.1670215556509937,190.3286101596341,0.04134790571936886,0.7631709097722705,0.6637168141592875,0.0,0.045139933794779985,-0.03255628721354498,,3.2960635012633435,24914.843571591595,-22.48990148225216,1.1621229382394063,0.6637168141592875,0.0,0.045139933794779985,-0.03255628721354498,,3.2960635012633435,24914.843571591595,-22.48990148225216,1.1621229382394063,0.6637168141592875,0.0,0.045139933794779985,-0.03255628721354498,,,,,2.3717595254252615,0.44150110375273943,0.0,0.030093289196542194,-0.021703863988836503,,0.41190288190047974,32.156033522437276,15.691915246723486,2.4689629446139065,0.44150110375273943,0.0,0.030093289196542194,-0.021703863988836503,,2.1670215556509937,5200059.040992349,991.5729427398182,0.7631709097722705,0.6637168141592875,0.0,0.045139933794779985,-0.03255628721354498,10331319.790244676,3507742.8972923793,2.9452899179752894,0.44150110375273943,False,True,rising,rising,buy_advantage_accelerating,accelerating,neutral,False,False,False,pass,S1,⚡ 선행 시동,가격 미급등 상태에서 선행조건 6개 개선,S1,False,,,2026-09-04T04:10:00Z,33836660879-1
KRW-FCT2,2026-09-04T13:31:59.203212+09:00,1788496319,10.1,-21.621463075446044,6.0,4538925.360654138,3497884.92392314,1.2976199787508713,13,0.0,complete,1788495554769,1788496207550,13329276.50208891,41768348.28098143,-0.5161578541881336,9.96,10.1,1.4056224899598346,1.4056224899598346,0.0,0.0,complete_hourly_ordered,/v1/candles/minutes/60,120,False,12.07834602829163,9.19,2026-08-31T14:00:00,10.3,2026-09-02T19:00:00,D-2,1.9417475728155442,18.018018018018132,True,0.9574468085106425,23.663712780362243,,True,,948.5830348428799,,0.32868203982630106,0.0,0.0,0.0,0.0,,,948.5830348428799,,0.32868203982630106,0.0,0.0,0.0,0.0,,,56.42356436731997,,0.340147650917622,0.0,0.0,0.0,0.0,,,56.42356436731997,,0.340147650917622,0.0,0.0,0.0,0.0,,1.2138038886488238,45289.25360658677,2831.7903795042853,0.4304679102755351,1.3039117352056095,0.0,0.0921985815602877,-0.0630669124693739,,1.2886823977212214,45222.677673598606,212.16774619825856,0.4349397833646975,1.3039117352056095,0.0,0.0921985815602877,-0.0630669124693739,,,4106062.610654158,3497884.92392314,0.32868203982630106,0.0,0.0,0.0,0.0,8036810.284577278,1476488.1648777467,5.443193163179013,1.3039117352056095,False,False,rising,rising,buy_advantage_weakening,accelerating,neutral,False,False,False,pass,S0,🌱 초발사 준비,발사 구조 관찰 또는 초기 준비,S0,False,,,2026-09-04T04:10:00Z,33836660879-1
KRW-FF,2026-09-04T13:31:59.203212+09:00,1788496319,139.0,101.58222148578027,11.0,425215.28992836,11544469.99999802,0.036832811720974024,28,0.0,complete,1788495708137,1788496032544,1900182.818125,2665335.67672298,-0.16759385806046498,140.0,142.0,1.4285714285714235,-0.7142857142857117,2.112676056338028,150.0,complete_hourly_ordered,/v1/candles/minutes/60,120,False,41.071428571428584,112.0,2026-09-01T16:00:00,158.0,2026-09-03T19:00:00,D-1,12.0253164556962,41.30434782608696,False,2.6440240756663735,-16.02654638783848,,True,0.03411335950784013,4157.577098915209,214.3468261924748,0.2529127151688755,-0.7142857142857117,0.0,-0.05374032674119178,0.0519326257070567,,0.03411335950784013,4157.577098915209,214.3468261924748,0.2529127151688755,-0.7142857142857117,0.0,-0.05374032674119178,0.0519326257070567,,0.021635198589284928,41.738429975789295,-41.51720371001622,0.2819883721695078,0.0,0.0,0.0,0.0,,0.021635198589284928,41.738429975789295,-41.51720371001622,0.2819883721695078,0.0,0.0,0.0,0.0,,-8.049059070073174,-96.49850656389745,668.6814018875123,0.51182241187378,-1.4184397163120588,0.0,-0.10748065348238356,0.10385736574883708,,0.01832227950040354,-45.36380798567038,-72.54228104137309,0.6484715504349907,-0.7142857142857117,0.0,-0.10748065348238356,0.10385736574883708,,0.03411335950784013,415228.03003736003,7871943.65709506,0.2529127151688755,-0.7142857142857117,0.0,-0.05374032674119178,0.0519326257070567,11969685.28992638,10866127.957485989,1.101559390498445,-0.7142857142857117,False,False,rising,rising,sell_advantage_weakening,accelerating,leading_buy_inflow,False,True,False,pass,S1,⚡ 선행 시동,가격 미급등 상태에서 선행조건 4개 개선,S1,False,,,2026-09-04T04:10:00Z,33836660879-1
KRW-FIL,2026-09-04T13:31:59.203212+09:00,1788496319,1064.0,127.78364421258917,11.0,574253.1996166,89355.298,6.426627323391613,10,0.0,complete,1788495611133,1788496238828,233888.93983355,79628.91202324,0.492029486986832,1082.0,1082.0,0.0,-1.6635859519408491,1.6635859519408502,,complete_hourly_ordered,/v1/candles/minutes/60,120,False,26.211453744493383,908.0,2026-08-31T08:00:00,1146.0,2026-09-03T10:00:00,D-1,7.155322862129143,34.45378151260502,False,0.3213746966616471,13.265241028330834,12.270603367854411,True,5.332196207561747,-76.27838661053927,-95.96029604570083,0.09246585214732761,0.2827521206409056,0.0,0.006558667278833141,-0.005055678548860243,-0.016168663625695245,5.332196207561747,-76.27838661053927,-95.96029604570083,0.09246585214732761,0.2827521206409056,0.0,0.006558667278833141,-0.005055678548860243,-0.016168663625695245,5.473584570569059,-80.94362969213863,-97.17401761404369,0.37990641570995365,0.6622516556291425,0.0,0.026234669115243747,-0.020223144224962297,-0.06485819483154565,5.473584570569059,-80.94362969213863,-97.17401761404369,0.37990641570995365,0.6622516556291425,0.0,0.026234669115243747,-0.020223144224962297,-0.06485819483154565,6.126729051582932,272.42207592401303,-82.62094076211817,0.585766693868635,0.5671077504725952,0.0,0.01967600183643281,-0.015167250659818166,-0.04859767431193873,6.1480770869437675,370.1408492709588,-79.62261725500146,0.6210544502192903,1.1406844106463865,0.0,0.05902800550929843,-0.04550368720852127,-0.14662444805244945,5.332196207561747,-1846548.4136148798,-2122571.59097179,0.09246585214732761,0.2827521206409056,0.0,0.006558667278833141,-0.005055678548860243,663608.4976165999,5018331.847916701,0.13223687028431347,1.1406844106463865,False,True,falling,falling,buy_advantage_accelerating,accelerating,neutral,False,False,False,pass,S1,⚡ 선행 시동,가격 미급등 상태에서 선행조건 6개 개선,S1,False,,,2026-09-04T04:10:00Z,33836660879-1
KRW-FLOCK,2026-09-04T13:31:59.203212+09:00,1788496319,55.1,1566.3889480295268,12.0,85169559.67882796,35304064.396607496,2.4124576343966853,196,0.0,complete,1788495568222,1788496708199,3103044.85380552,2331272.42483261,0.14201828664047392,53.7,58.8,9.49720670391061,2.607076350093096,6.292517006802714,72.54901960784326,complete_hourly_ordered,/v1/candles/minutes/60,120,False,55.58086560364464,43.9,2026-08-30T16:00:00,68.3,2026-08-31T16:00:00,D-4,19.033674963396784,53.278688524590166,False,1.4674756596585237,19.728745447695577,11.795360453050256,True,1.5815651453198913,73.80441846732589,-40.13872666038495,1.8872739575519972,1.4732965009208288,0.0,0.12699308593198122,-0.09039547167141748,-0.1835260099798166,1.5815651453198913,73.80441846732589,-40.13872666038495,1.8872739575519972,1.4732965009208288,0.0,0.12699308593198122,-0.09039547167141748,-0.1835260099798166,1.9079308598395948,4.371373228366293,-78.17240330350057,2.9274758655144524,2.037037037037037,0.0,0.16932411457597496,-0.12053234171199989,-0.24560633672559895,1.9079308598395948,4.371373228366293,-78.17240330350057,2.9274758655144524,2.037037037037037,0.0,0.16932411457597496,-0.12053234171199989,-0.24560633672559895,1.691052035030935,-69.36082347768462,-90.83786045068452,10.35171712156557,-2.4778761061946875,2.0,-0.19754480033864485,0.14057005951739754,0.27764166493817477,1.291297960217307,-82.35875847028962,-91.80145245928179,19.24659682101924,-2.131438721136758,2.0,-0.11288274305065737,0.08033247246014241,0.15979764530115226,1.5815651453198913,36166455.82802494,-23672403.07062217,1.8872739575519972,1.4732965009208288,0.0,0.12699308593198122,-0.09039547167141748,120473624.07543546,107657349.67799719,1.1190469060939332,-2.131438721136758,False,True,rising,falling,buy_advantage_accelerating,accelerating,neutral,False,True,False,pass,S2,🚀 발사 진행,가격 상승 초입과 실제 매수수급·구조 동반,S1,True,가격 상승 초입과 실제 매수수급·구조 동반,2026-09-04T13:31:59.203212+09:00,2026-09-04T04:10:00Z,33836660879-1
KRW-FLUID,2026-09-04T13:31:59.203212+09:00,1788496319,1713.0,-96.4351564665757,6.0,11846.99999535,0.0,,1,0.0,complete,1788495799875,1788495799875,27927.44559757,33041.27216647,-0.08387623614935509,1716.0,1725.0,0.5244755244755206,-0.17482517482517723,0.6956521739130435,133.33333333333402,complete_hourly_ordered,/v1/candles/minutes/60,120,False,6.552706552706544,1755.0,2026-08-31T08:00:00,1870.0,2026-08-31T16:00:00,D-4,8.395721925133692,136.52173913043487,False,-0.2777777777777768,-1.9914957244988545,,True,,-98.13307375679277,-100.0,4.6901926722853204e-05,0.8240141259564515,0.0,0.05116959064327409,-0.04566496130701658,,,-98.13307375679277,-100.0,4.6901926722853204e-05,0.8240141259564515,0.0,0.05116959064327409,-0.04566496130701658,,,-98.61975994630777,-100.0,0.006705701745886472,0.5281690140845008,0.0,0.03289473684211508,-0.029355360668784858,,,-98.61975994630777,-100.0,0.006705701745886472,0.5281690140845008,0.0,0.03289473684211508,-0.029355360668784858,,,-94.85194954900649,-100.0,0.00862976154128603,0.5281690140845008,0.0,0.03289473684211508,-0.029355360668784858,,,,,0.014431513215384939,0.6462984723854204,0.0,0.04020467836257646,-0.03587910946794337,,,-622725.47111619,-106837.4334212,4.6901926722853204e-05,0.8240141259564515,0.0,0.05116959064327409,-0.04566496130701658,11846.99999535,1122175.8848762298,0.010557168582050453,0.6462984723854204,False,False,falling,falling,buy_only,accelerating,neutral,False,False,False,pass,S0,🌱 초발사 준비,발사 구조 관찰 또는 초기 준비,S0,False,,,2026-09-04T04:10:00Z,33836660879-1
KRW-FOLD,2026-09-04T13:31:59.203212+09:00,1788496319,77.8,,,11257521.506440105,21137308.42794535,0.5325901140542894,53,0.0,complete,1788495527162,1788496359512,2677713.91777692,928813.81973114,0.48492628515154224,81.2,82.1,1.1083743842364324,-4.187192118226612,5.237515225334954,477.77777777778584,complete_hourly_ordered,/v1/candles/minutes/60,120,False,13.5831381733021,85.4,2026-09-02T19:00:00,97.0,2026-09-03T09:00:00,D-1,19.175257731958762,160.34482758620692,False,,,,False,-0.8601398460691366,-53.33701343379116,22.024306694080664,,-1.3941698352344822,,,,,-0.8601398460691366,-53.33701343379116,22.024306694080664,,-1.3941698352344822,,,,,-0.610510878798202,-78.56356627741685,-53.99086835283686,,-0.3841229193341844,,,,,-0.610510878798202,-78.56356627741685,-53.99086835283686,,-0.3841229193341844,,,,,-0.22796642638580344,-21.501491909254288,12.098501582626886,,0.0,,,,,0.1976880306495029,21.20400725663716,-23.78477655497946,,0.0,,,,,-0.8601398460691366,-12867641.357850878,3815096.976306174,,-1.3941698352344822,,,,32394829.934385456,34765385.9329365,0.9318127518237849,0.0,False,False,falling,rising,sell_advantage_accelerating,flat_or_na,neutral,False,True,False,pass,S0,🌱 초발사 준비,발사 구조 관찰 또는 초기 준비,S0,False,,,2026-09-04T04:10:00Z,33836660879-1
KRW-G,2026-09-04T13:31:59.203212+09:00,1788496319,5.21,-15.504971791301081,3.0,4740051.692277566,2154952.834161915,2.199608092174799,20,0.0,complete,1788495637488,1788496132750,7478916.01643279,20072666.41755082,-0.457097171507079,5.22,5.25,0.5747126436781658,-0.19157088122604415,0.7619047619047626,133.33333333333138,complete_hourly_ordered,/v1/candles/minutes/60,120,False,7.258064516129048,4.96,2026-08-31T08:00:00,5.32,2026-09-02T09:00:00,D-2,2.0676691729323404,30.55555555555585,True,-0.5006884466140948,-5.891364438671875,,False,1.0657743277495006,-6.3624110910780125,-51.732556221258676,0.7313744767712862,-0.19157088122604415,0.0,-0.012517211165352649,0.011557882533695718,,1.0657743277495006,-6.3624110910780125,-51.732556221258676,0.7313744767712862,-0.19157088122604415,0.0,-0.012517211165352649,0.011557882533695718,,2.1812440696142694,19668.851876530898,65.04560205424588,0.7348918922039687,0.19230769230769162,0.0,0.012517211165341546,-0.011558267456450722,,2.1812440696142694,19668.851876530898,65.04560205424588,0.7348918922039687,0.19230769230769162,0.0,0.012517211165341546,-0.011558267456450722,,-0.10228331427860837,-37.545593839313284,-34.641420283968074,1.189542633442052,0.0,0.0,0.0,0.0,,2.079796371212196,1136.9464147637623,-32.62405279440532,1.2530101724078087,-0.3824091778202754,0.0,-0.0250344223307275,0.02311538016390191,,1.0657743277495006,-322073.1952908747,-2309656.5701401867,0.7313744767712862,-0.19157088122604415,0.0,-0.012517211165352649,0.011557882533695718,6895004.5264394805,1329648.5391377239,5.185584252896549,-0.3824091778202754,False,False,falling,falling,buy_advantage_accelerating,accelerating,neutral,False,False,False,pass,S0,🌱 초발사 준비,발사 구조 관찰 또는 초기 준비,S0,False,,,2026-09-04T04:10:00Z,33836660879-1
KRW-GAME2,2026-09-04T13:31:59.203212+09:00,1788496319,1.16,285.9770711691761,9.0,0.0,39823.950058799994,0.0,4,0.0,complete,1788495994454,1788496668006,86656029.39359483,170995867.7305938,-0.32734025744955814,1.2,1.21,0.8333333333333304,-3.3333333333333326,4.132231404958682,500.00000000000125,complete_hourly_ordered,/v1/candles/minutes/60,120,False,18.691588785046733,1.07,2026-08-30T17:00:00,1.27,2026-09-01T18:00:00,D-3,8.661417322834652,55.00000000000007,False,1.0947342670173388,21.350787146349155,,True,-0.05958293834151036,-100.0,-95.25434407826197,0.2773828425863485,-0.8547008547008517,0.0,-0.061158338939493184,0.04289949908392998,,-0.05958293834151036,-100.0,-95.25434407826197,0.2773828425863485,-0.8547008547008517,0.0,-0.061158338939493184,0.04289949908392998,,,-100.0,,0.3789411323378431,-0.8547008547008517,0.0,-0.061158338939493184,0.04289949908392998,,,-100.0,,0.3789411323378431,-0.8547008547008517,0.0,-0.061158338939493184,0.04289949908392998,,-0.005543872683301012,-100.0,-97.76500015077696,0.38599357691992964,0.0,0.0,0.0,0.0,,-0.007779279853322274,-100.0,-99.69216460604909,2.0935194782857707,-0.8547008547008517,0.0,-0.061158338939493184,0.04289949908392998,,-0.05958293834151036,-49999.9999999968,-799342.4521319207,0.2773828425863485,-0.8547008547008517,0.0,-0.061158338939493184,0.04289949908392998,39823.950058799994,2584614.3452323317,0.01540808211184799,-0.8547008547008517,False,False,falling,falling,sell_only,accelerating,neutral,False,True,False,pass,S0,🌱 초발사 준비,발사 구조 관찰 또는 초기 준비,S0,False,,,2026-09-04T04:10:00Z,33836660879-1
KRW-GAS,2026-09-04T13:31:59.203212+09:00,1788496319,1695.0,-88.86079781364423,12.0,13751036.563022759,7470996.641647019,1.840589311253026,55,0.0,complete,1788495425116,1788496540950,31314.15355377,28527.34420337,0.04656984625802569,1685.0,1697.0,0.7121661721068318,0.5934718100890191,0.11785503830288745,16.666666666667705,complete_hourly_ordered,/v1/candles/minutes/60,120,False,4.897218863361541,1654.0,2026-09-01T11:00:00,1735.0,2026-09-01T20:00:00,D-3,2.5360230547550433,54.32098765432104,False,0.7756167907393641,0.1096221175902442,0.07132648688244916,True,1.5179979623781208,389.1442962640939,-14.270001807802302,0.04892434725509531,0.9529481834425146,0.0,0.06236114900415313,-0.05409933378350831,-0.03595542194687604,1.5179979623781208,389.1442962640939,-14.270001807802302,0.04892434725509531,0.9529481834425146,0.0,0.06236114900415313,-0.05409933378350831,-0.03595542194687604,1.6688475861050873,3918.4673543486065,274.9551905289909,0.08098779146638435,0.7130124777183555,0.0,0.0467708617531315,-0.04057371652787617,-0.026918330395250642,1.6688475861050873,3918.4673543486065,274.9551905289909,0.08098779146638435,0.7130124777183555,0.0,0.0467708617531315,-0.04057371652787617,-0.026918330395250642,0.0795091910407768,65.44929669502973,58.30227065393427,0.10518118681990529,0.6532066508313505,0.0,0.04287328994037054,-0.03719239386514947,-0.024664106802464905,1.786327722247449,267072.2285362282,7776.384791492474,0.13128996865313525,0.7728894173602896,0.0,0.05066843356589246,-0.04395507185060488,-0.02917457099531759,1.5179979623781208,10939793.200266989,-1243568.6204422498,0.04892434725509531,0.9529481834425146,0.0,0.06236114900415313,-0.05409933378350831,21222033.204669777,6661204.35686256,3.185915349197513,0.7728894173602896,False,True,rising,falling,buy_advantage_accelerating,accelerating,neutral,False,False,False,pass,S1,⚡ 선행 시동,가격 미급등 상태에서 선행조건 7개 개선,S1,False,,,2026-09-04T04:10:00Z,33836660879-1
KRW-GEOD,2026-09-04T13:31:59.203212+09:00,1788496319,311.0,,,9999.999999599999,30000.00000061,0.3333333333132222,2,0.0,complete,1788495760164,1788496277448,77774.22776566,374182.84169993,-0.65583356022012,311.0,320.0,2.893890675241151,0.0,2.8125,100.0,complete_hourly_ordered,/v1/candles/minutes/60,120,False,10.457516339869288,306.0,2026-08-30T16:00:00,338.0,2026-08-31T12:00:00,D-4,7.988165680473369,84.37500000000007,True,,,,True,0.30509958025198547,-75.60975609848899,-97.93411562961957,,-0.3205128205128194,,,,,0.30509958025198547,-75.60975609848899,-97.93411562961957,,-0.3205128205128194,,,,,0.1641963362375282,0.0,-49.25890087423041,,-0.3205128205128194,,,,,0.1641963362375282,0.0,-49.25890087423041,,-0.3205128205128194,,,,,-3.3033091307145908,-85.66380024430282,56.40689842249718,,-0.3205128205128194,,,,,0.2763909765786122,-90.90909090914545,-98.44702663442627,,0.0,,,,,0.30509958025198547,-31000.000000319997,-1422162.5910298598,,-0.3205128205128194,,,,40000.00000021,315070.59962264,0.12695567294478757,0.0,False,False,falling,falling,sell_advantage_weakening,flat_or_na,neutral,False,False,False,pass,S0,🌱 초발사 준비,발사 구조 관찰 또는 초기 준비,S0,False,,,2026-09-04T04:10:00Z,33836660879-1
KRW-GLM,2026-09-04T13:31:59.203212+09:00,1788496319,147.0,25.45225105981399,13.0,21999.99999872,7151320.653390059,0.003076354853182394,11,0.0,complete,1788495890317,1788496255143,1484010.1844697,1727807.00586104,-0.07590619482494104,148.0,148.0,0.0,-0.6756756756756799,0.6756756756756757,,complete_hourly_ordered,/v1/candles/minutes/60,120,False,8.450704225352123,142.0,2026-09-02T10:00:00,154.0,2026-09-03T09:00:00,D-1,4.545454545454541,58.333333333333435,False,0.761307657859378,6.483790523690776,5.87557149111946,True,0.003076354853182394,,98.03288128262655,0.13469735078430745,0.0,0.0,0.04478280340349805,-0.03670617709376778,-0.072835182293284,0.003076354853182394,,98.03288128262655,0.13469735078430745,0.0,0.0,0.04478280340349805,-0.03670617709376778,-0.072835182293284,-1.3709346187471376,-93.59283035055873,2761.672930528235,0.22189197092940915,-0.6756756756756799,0.0,0.0,0.0,0.0,-1.3709346187471376,-93.59283035055873,2761.672930528235,0.22189197092940915,-0.6756756756756799,0.0,0.0,0.0,0.0,,-98.50429340692601,,0.23397887875266932,-0.6756756756756799,0.0,0.0,0.0,0.0,,-99.79649821494363,,0.3055849311889496,-0.6756756756756799,0.0,0.0,0.0,0.0,0.003076354853182394,21999.99999872,3540142.243485539,0.13469735078430745,0.0,0.0,0.04478280340349805,-0.03670617709376778,7173320.65338878,4593288.670382069,1.5616960239496778,-0.6756756756756799,False,True,rising,rising,sell_advantage_weakening,accelerating,leading_buy_inflow,False,False,False,pass,S1,⚡ 선행 시동,가격 미급등 상태에서 선행조건 6개 개선,S0,True,가격 미급등 상태에서 선행조건 6개 개선,2026-09-04T13:31:59.203212+09:00,2026-09-04T04:10:00Z,33836660879-1
KRW-GMT,2026-09-04T13:31:59.203212+09:00,1788496319,10.0,69.93354926335343,9.0,916465.767116401,95882.72818080001,9.558194520584347,2,0.0,complete,1788495714139,1788495821164,5432847.20259117,36424635.00847601,-0.74041213586637,10.1,10.1,0.0,-0.990099009900991,0.9900990099009866,,complete_hourly_ordered,/v1/candles/minutes/60,120,False,17.136659436008685,9.22,2026-08-31T08:00:00,10.8,2026-09-03T14:00:00,D-1,7.407407407407418,50.63291139240519,False,0.572274961287289,17.046827060571157,,True,9.558194520584347,,-66.511591233919,0.08172104490571996,0.0,0.0,0.0,0.0,,9.558194520584347,,-66.511591233919,0.08172104490571996,0.0,0.0,0.0,0.0,,8.96572071494645,-69.03992795361927,-98.08091039906758,0.16009873274558117,0.2004008016031955,0.0,0.0,0.0,,8.96572071494645,-69.03992795361927,-98.08091039906758,0.16009873274558117,0.2004008016031955,0.0,0.0,0.0,,9.031171262910885,51.0721327492595,-91.67012897951305,0.6456259287572408,0.0,0.0,0.0,0.0,,9.475246399710294,390.64079260406083,-95.74211095170561,0.7649114383209223,-0.990099009900991,0.0,-0.06732646603377912,0.04977003352911069,,9.558194520584347,916465.767116401,-190433.4382592,0.08172104490571996,0.0,0.0,0.0,0.0,1012348.495297201,2773766.3937553363,0.36497251447574375,-0.990099009900991,False,False,rising,falling,buy_advantage_accelerating,accelerating,leading_buy_inflow,False,False,False,pass,S0,🌱 초발사 준비,발사 구조 관찰 또는 초기 준비,S0,False,,,2026-09-04T04:10:00Z,33836660879-1
KRW-GRT,2026-09-04T13:31:59.203212+09:00,1788496319,23.5,-8.863446794524377,10.0,1715059.324518245,271138.845831282,6.325391403286612,14,0.0,complete,1788495443905,1788496089413,6038780.96079667,1829889.41317559,0.5348923449053246,23.5,24.0,2.127659574468077,0.0,2.083333333333333,100.0,complete_hourly_ordered,/v1/candles/minutes/60,120,False,9.589041095890426,21.9,2026-09-02T20:00:00,24.0,2026-09-04T09:00:00,D0,2.083333333333337,23.809523809523935,False,0.801373783629078,16.485861639694118,13.323092519107423,True,6.245532880147216,243.18268447079996,-95.66729383187082,0.7011453369611846,0.8583690987124415,0.0,0.05724098454493731,-0.04247604112163472,-0.12666542776712042,6.245532880147216,243.18268447079996,-95.66729383187082,0.7011453369611846,0.8583690987124415,0.0,0.05724098454493731,-0.04247604112163472,-0.12666542776712042,6.053218502834417,656.5382380548454,-67.44719916503632,1.0374810487447377,0.42735042735042583,0.0,0.028620492272457554,-0.021237391043637643,-0.0631126848097523,6.053218502834417,656.5382380548454,-67.44719916503632,1.0374810487447377,0.42735042735042583,0.0,0.028620492272457554,-0.021237391043637643,-0.0631126848097523,6.325391403286612,,-94.69526844521876,1.0699395542698937,0.42735042735042583,0.0,0.028620492272457554,-0.021237391043637643,-0.0631126848097523,6.325391403286612,,-95.57633318235624,2.0599778489905898,0.42735042735042583,0.0,0.028620492272457554,-0.021237391043637643,-0.0631126848097523,6.245532880147216,1215308.2000805628,-5986817.159257267,0.7011453369611846,0.8583690987124415,0.0,0.05724098454493731,-0.04247604112163472,1986198.170349527,1218040.233646557,1.6306507088056248,0.42735042735042583,False,False,rising,falling,buy_advantage_accelerating,accelerating,neutral,False,False,False,pass,S1,⚡ 선행 시동,가격 미급등 상태에서 선행조건 7개 개선,S1,False,,,2026-09-04T04:10:00Z,33836660879-1
KRW-GRVT,2026-09-04T13:31:59.203212+09:00,1788496319,218.0,,,263629.33387254,3767646.5002089,0.06997188665601267,6,0.0,complete,1788496013056,1788496589895,1140723.3501197,1741137.89951477,-0.20834262908085024,220.0,221.0,0.454545454545463,-0.9090909090909038,1.3574660633484164,299.9999999999951,complete_hourly_ordered,/v1/candles/minutes/60,120,False,12.5,200.0,2026-09-02T10:00:00,225.0,2026-09-03T15:00:00,D-1,2.6666666666666616,24.00000000000003,True,,,,False,-3.5230747236531803,-92.650883211127,277.37612102470683,,-0.45662100456621557,,,,,-3.5230747236531803,-92.650883211127,277.37612102470683,,-0.45662100456621557,,,,,0.0674588633068303,643.8272661528493,-73.28562402797569,,0.92592592592593,,,,,0.0674588633068303,643.8272661528493,-73.28562402797569,,0.92592592592593,,,,,-21.48233951720853,1.4641566970604147,31152.36728596404,,0.0,,,,,0.06472968972180555,132.61672405153328,-82.57267688574656,,0.4608294930875667,,,,,-3.5230747236531803,-3323595.3823231603,2769266.82266639,,-0.45662100456621557,,,,4031275.8340814398,13167343.63306766,0.3061571070384721,0.4608294930875667,False,False,falling,rising,sell_advantage_accelerating,flat_or_na,neutral,False,False,False,pass,S0,🌱 초발사 준비,발사 구조 관찰 또는 초기 준비,S0,False,,,2026-09-04T04:10:00Z,33836660879-1
KRW-HBAR,2026-09-04T13:31:59.203212+09:00,1788496319,107.0,-30.500791340224797,11.0,99911354.18396972,4738730.747709069,21.083990524735274,127,0.0,complete,1788495475466,1788496163543,11312046.79475263,14648184.79577357,-0.12850956238150102,109.0,109.0,0.0,-1.834862385321101,1.834862385321101,,complete_hourly_ordered,/v1/candles/minutes/60,120,False,11.00000000000001,100.0,2026-09-02T10:00:00,111.0,2026-09-04T01:00:00,D0,3.6036036036036,36.36363636363637,False,0.31328320802004317,5.556866446437,7.72204004436869,False,14.279989888968196,567.1386711543371,115.29187927463775,0.7594347890569999,0.0,0.0,0.0,0.0,0.0,14.279989888968196,567.1386711543371,115.29187927463775,0.7594347890569999,0.0,0.0,0.0,0.0,0.0,9.077158050171427,309.42317348231654,133.1567854500441,0.9157685796227213,0.0,0.0,0.0,0.0,0.0,9.077158050171427,309.42317348231654,133.1567854500441,0.9157685796227213,0.0,0.0,0.0,0.0,0.0,19.24722287948799,581.6750869487371,-40.61471699061621,2.0448894399777053,0.0,0.0,0.0,0.0,0.0,20.64583658096184,1814.650254257036,-60.21096865579927,4.809514639967947,0.0,0.0,0.0,0.0,0.0,14.279989888968196,84935254.23594916,2537658.0627221484,0.7594347890569999,0.0,0.0,0.0,0.0,104650084.93167879,17912800.70499663,5.8421955703715,0.0,False,False,rising,rising,buy_advantage_accelerating,accelerating,leading_buy_inflow,False,False,False,pass,S1,⚡ 선행 시동,가격 미급등 상태에서 선행조건 3개 개선,S0,True,가격 미급등 상태에서 선행조건 3개 개선,2026-09-04T13:31:59.203212+09:00,2026-09-04T04:10:00Z,33836660879-1
KRW-HIVE,2026-09-04T13:31:59.203212+09:00,1788496319,63.0,3104.678255483781,8.0,81855994.36871912,111459206.85528114,0.7344031657698866,295,0.0,complete,1788495420853,1788496532640,3994902.95280948,2248891.30939746,0.2796395220740141,63.1,67.8,7.4484944532487996,-0.15847860538827918,7.079646017699111,102.12765957446818,complete_hourly_ordered,/v1/candles/minutes/60,120,False,31.951640759930932,57.9,2026-08-31T08:00:00,76.4,2026-09-03T13:00:00,D-1,17.93193717277487,74.05405405405403,False,0.5657865542489482,17.210831544819406,,True,0.6276367456524614,362.4416884483599,-32.77092761857811,28.213482104370087,-2.1739130434782705,0.0,-0.11093854004879944,0.08186777521457245,,0.6276367456524614,362.4416884483599,-32.77092761857811,28.213482104370087,-2.1739130434782705,0.0,-0.11093854004879944,0.08186777521457245,,0.45808678122118424,149.4318576375253,-6.152216784883424,39.85584148414773,-1.869158878504673,0.0,-0.12203239405368382,0.09005352479816509,,0.45808678122118424,149.4318576375253,-6.152216784883424,39.85584148414773,-1.869158878504673,0.0,-0.12203239405368382,0.09005352479816509,,-0.007286139951334647,113.56052050541376,115.6792911112718,59.009848482050074,-3.076923076923077,0.0,-0.24406478810738985,0.1800844380605291,,-0.05444969515180509,60.70183267676597,72.61649509575672,66.21069990604428,-2.777777777777779,0.0,-0.1996893720878523,0.14734853982019303,,0.6276367456524614,64155169.28883235,-54330983.17280832,28.213482104370087,-2.1739130434782705,0.0,-0.11093854004879944,0.08186777521457245,193315201.22400028,98891274.37832156,1.954825665249773,-2.777777777777779,False,True,rising,falling,sell_advantage_weakening,accelerating,leading_buy_inflow,True,True,False,🔴 1차 급등 완료·상승분 반납 / 신규매수 금지,S3,🔴 1차 급등 완료·반납,당일/5D 급등 후 상승분 상당 부분 반납,S3,False,,,2026-09-04T04:10:00Z,33836660879-1
KRW-HOLO,2026-09-04T13:31:59.203212+09:00,1788496319,86.3,39.95097336400095,7.0,5808800.0060854545,18074702.61971822,0.32137734867894674,48,0.0,complete,1788495490109,1788496677877,1374676.2378989,2678076.02069579,-0.32160855133268124,85.9,94.3,9.77881257275901,0.4656577415599328,8.48356309650053,95.23809523809545,complete_hourly_ordered,/v1/candles/minutes/60,120,False,13.477737665463296,83.1,2026-09-03T10:00:00,94.3,2026-09-04T09:00:00,D0,8.059384941675496,67.85714285714273,False,-0.04424778761062953,9.779090568706579,,True,-2.2692629625197487,24.96496227008096,907.3493669515226,0.4509191000524808,-0.8045977011494232,0.0,-0.05162241887906038,0.041337640059071035,,-2.2692629625197487,24.96496227008096,907.3493669515226,0.4509191000524808,-0.8045977011494232,0.0,-0.05162241887906038,0.041337640059071035,,-0.020014256654388385,-24.579890983969012,-19.882990518041176,0.8019584543958587,-0.23121387283236983,0.0,-0.014749262536861707,0.011811245651660585,,-0.020014256654388385,-24.579890983969012,-19.882990518041176,0.8019584543958587,-0.23121387283236983,0.0,-0.014749262536861707,0.011811245651660585,,-1.0086501333613183,45.51480815321789,502.2163499797248,1.397483168014709,-0.34642032332563577,0.0,-0.022123893805325867,0.017716721067889907,,-1.4659642887115147,-19.30832100491343,348.7671525442251,1.6907820285052324,0.34883720930232176,0.0,0.022123893805314765,-0.017717605562459937,,-2.2692629625197487,1160457.0621399628,16280419.204976367,0.4509191000524808,-0.8045977011494232,0.0,-0.05162241887906038,0.041337640059071035,23883502.625803676,11226394.558907952,2.1274419405518334,0.34883720930232176,False,False,rising,rising,sell_advantage_accelerating,accelerating,neutral,False,False,False,pass,S0,🌱 초발사 준비,발사 구조 관찰 또는 초기 준비,S0,False,,,2026-09-04T04:10:00Z,33836660879-1
KRW-HOME,2026-09-04T13:31:59.203212+09:00,1788496319,8.3,,,18249337.933558505,10658067.121214047,1.7122558645961825,20,0.0,complete,1788495516704,1788496529713,18617278.01033829,11572690.95922844,0.2333419772047865,8.32,8.35,0.36057692307691624,-0.24038461538461453,0.5988023952095681,166.6666666666677,complete_hourly_ordered,/v1/candles/minutes/60,120,False,12.132352941176471,8.16,2026-09-02T03:00:00,9.15,2026-09-02T11:00:00,D-2,9.617486338797821,88.88888888888891,False,,,,False,-21.427961193055445,-59.92456307630432,441.5979750860724,,0.4842615012106588,,,,,-21.427961193055445,-59.92456307630432,441.5979750860724,,0.4842615012106588,,,,,1.689921788294188,8549.549227707026,12.821743773105387,,0.728155339805836,,,,,1.689921788294188,8549.549227707026,12.821743773105387,,0.728155339805836,,,,,-22.83408825799483,2.2112122447631943,1365.2667517882007,,0.24154589371983004,,,,,-0.419144084216859,734.2109884314996,938.4179694204208,,0.4842615012106588,,,,,-21.427961193055445,-27288126.74413312,8690174.401615117,,0.4842615012106588,,,,28907405.054772552,20337051.08303251,1.4214157665606892,0.4842615012106588,False,False,falling,rising,buy_advantage_weakening,flat_or_na,neutral,False,False,False,pass,S0,🌱 초발사 준비,발사 구조 관찰 또는 초기 준비,S0,False,,,2026-09-04T04:10:00Z,33836660879-1
KRW-HP,2026-09-04T13:31:59.203212+09:00,1788496319,10.6,-72.92922386031518,7.0,0.0,974131.923809438,0.0,4,0.0,complete,1788495673309,1788495673309,6157716.39530316,27931746.20070836,-0.6387319760198499,10.6,10.8,1.8867924528301883,0.0,1.8518518518518614,100.0,complete_hourly_ordered,/v1/candles/minutes/60,120,False,9.533468559837743,9.86,2026-08-31T19:00:00,10.8,2026-09-03T09:00:00,D-1,1.85185185185186,21.276595744680847,False,1.0668992820237477,32.58210708890505,,True,0.0,,-12.38194598469592,0.10133234052005946,0.0,0.0,0.0,0.0,,0.0,,-12.38194598469592,0.10133234052005946,0.0,0.0,0.0,0.0,,0.0,,-26.9017464848472,0.15104272358017568,0.0,0.0,0.0,0.0,,0.0,,-26.9017464848472,0.15104272358017568,0.0,0.0,0.0,0.0,,-7.854372150676615,-100.0,2408.5884109681583,0.23946985266888987,-0.9345794392523366,0.0,-0.06710058377508155,0.04098590730047391,,-479.12601136106673,-100.0,16458.42127841982,0.4068318601164691,-1.85185185185186,0.0,-0.1342011675501409,0.08196722876517981,,0.0,0.0,-137661.68397747795,0.10133234052005946,0.0,0.0,0.0,0.0,974131.923809438,775903.5721924449,1.2554806534230354,-1.85185185185186,False,False,flat_or_na,falling,sell_only,accelerating,neutral,False,False,False,pass,S0,🌱 초발사 준비,발사 구조 관찰 또는 초기 준비,S0,False,,,2026-09-04T04:10:00Z,33836660879-1
KRW-HUNT,2026-09-04T13:31:59.203212+09:00,1788496319,123.0,138.9616349250715,14.0,1666569.56889165,613521.7661285601,2.7163984407725636,5,0.0,complete,1788495683331,1788496131148,2192313.85438727,3339398.43572178,-0.20736519203747258,124.0,125.0,0.8064516129032251,-0.8064516129032251,1.6,200.0,complete_hourly_ordered,/v1/candles/minutes/60,120,False,12.280701754385959,114.0,2026-08-31T18:00:00,128.0,2026-09-03T13:00:00,D-1,3.90625,35.714285714285666,False,0.7851934941110583,4.788396582555141,4.843995295610472,True,2.52651785956779,-30.804786298812083,-95.16314425860394,1.2942181757458968,0.8196721311475308,0.0,0.0,0.0,0.0,2.52651785956779,-30.804786298812083,-95.16314425860394,1.2942181757458968,0.8196721311475308,0.0,0.0,0.0,0.0,0.8519620737295943,711.5709995696385,457.0325999762777,3.9561421262910983,-0.8064516129032251,0.0,-0.05608524957934069,0.046674728250502895,0.0920905033767152,0.8519620737295943,711.5709995696385,457.0325999762777,3.9561421262910983,-0.8064516129032251,0.0,-0.05608524957934069,0.046674728250502895,0.0920905033767152,,-33.18536093264354,,3.988522196835561,-0.8064516129032251,0.0,-0.05608524957934069,0.046674728250502895,0.0920905033767152,,1566.5695688983164,,4.525224033639688,-0.8064516129032251,0.0,-0.05608524957934069,0.046674728250502895,0.0920905033767152,2.52651785956779,-741934.5454081502,-12070788.01962244,1.2942181757458968,0.8196721311475308,0.0,0.0,0.0,2280091.33502021,1973070.8008602401,1.1556054319115725,-0.8064516129032251,False,True,falling,falling,buy_advantage_accelerating,accelerating,neutral,False,False,False,pass,S1,⚡ 선행 시동,가격 미급등 상태에서 선행조건 4개 개선,S1,False,,,2026-09-04T04:10:00Z,33836660879-1
KRW-HYPER,2026-09-04T13:31:59.203212+09:00,1788496319,91.5,179.38080187734005,9.0,13981615.637765935,6983492.781745496,2.002094950869454,40,0.0,complete,1788495431370,1788496410006,1044391.94337017,655835.96217524,0.22853170444246204,90.4,91.5,1.2168141592920234,1.2168141592920234,0.0,0.0,complete_hourly_ordered,/v1/candles/minutes/60,120,False,8.02325581395349,86.0,2026-08-31T08:00:00,92.9,2026-08-31T09:00:00,D-4,1.6146393972012896,21.739130434782652,False,0.05126702797713101,18.807762027874368,,False,,279532.31275073276,,1.186134775124259,0.9933774834437248,0.0,0.05126702797713101,-0.03738310909005449,,,279532.31275073276,,1.186134775124259,0.9933774834437248,0.0,0.05126702797713101,-0.03738310909005449,,1.9988200320279517,279532.3127213154,357.40744175304917,1.2038642374662345,1.5538290788013276,0.0,0.08788633367509124,-0.06408771059448881,,1.9988200320279517,279532.3127213154,357.40744175304917,1.2038642374662345,1.5538290788013276,0.0,0.08788633367509124,-0.06408771059448881,,,,,1.6787317546722136,1.4412416851441234,0.0,0.08056247253550586,-0.05874663156556892,,1.997586415640176,279842.3263731822,530.4045869909577,1.6969892486607705,1.5538290788013276,0.0,0.08788633367509124,-0.06408771059448881,,,13976615.637765853,6983492.781745496,1.186134775124259,0.9933774834437248,0.0,0.05126702797713101,-0.03738310909005449,20965108.41951143,1562652.7468868615,13.41635783207652,1.5538290788013276,False,False,rising,rising,buy_advantage_weakening,accelerating,neutral,False,False,False,pass,S0,🌱 초발사 준비,발사 구조 관찰 또는 초기 준비,S0,False,,,2026-09-04T04:10:00Z,33836660879-1
KRW-ICP,2026-09-04T13:31:59.203212+09:00,1788496319,3491.0,11.519201519027277,11.0,10455033.250129519,2564892.63297219,4.076206978696904,26,0.0,complete,1788495442145,1788496692841,19886.33406738,21080.71737349,-0.02915472957173686,3425.0,3505.0,2.335766423357666,1.927007299270067,0.3994293865905849,17.50000000000031,complete_hourly_ordered,/v1/candles/minutes/60,120,False,9.938271604938276,3240.0,2026-08-31T08:00:00,3562.0,2026-09-02T14:00:00,D-2,1.768669286917457,19.56521739130427,True,0.3879053113188702,3.600764087870101,5.431654600911513,True,3.150128906358687,-49.490986942463714,-88.52480021439384,3.244458957146467,-0.05725737188663205,0.0,-0.0039785160135252795,0.0033600640115665215,0.010563995205681742,3.150128906358687,-49.490986942463714,-88.52480021439384,3.244458957146467,-0.05725737188663205,0.0,-0.0039785160135252795,0.0033600640115665215,0.010563995205681742,1.1226612166048664,69.09403861587276,22.522478313551385,5.036417255888547,0.4315304948216303,0.0,0.029838870101439596,-0.02520150306557767,-0.07992115299499947,1.1226612166048664,69.09403861587276,22.522478313551385,5.036417255888547,0.4315304948216303,0.0,0.029838870101439596,-0.02520150306557767,-0.07992115299499947,3.559156978782941,20120.545885561394,2464.892632545392,5.856202078533611,1.2764722947490537,0.0,0.08752735229757835,-0.07392952846016687,-0.23797691464790383,3.622805022193248,326.6839845241658,-52.539369466984674,6.0129376295101835,1.453065969195011,0.0,0.0994629003381764,-0.08401203153288872,-0.27127618939540543,3.150128906358687,-10244308.5450069,-19786723.730077513,3.244458957146467,-0.05725737188663205,0.0,-0.0039785160135252795,0.0033600640115665215,13019925.88310171,1234353.193877575,10.547974394752565,1.453065969195011,False,True,falling,falling,buy_advantage_accelerating,accelerating,neutral,False,False,False,pass,S1,⚡ 선행 시동,가격 미급등 상태에서 선행조건 4개 개선,S1,False,,,2026-09-04T04:10:00Z,33836660879-1
KRW-ICX,2026-09-04T13:31:59.203212+09:00,1788496319,20.4,665.8833940428818,4.0,3838190.688348206,11325775.59550019,0.33888987610465693,19,0.0,complete,1788495432774,1788496481624,10456752.23648248,12262499.47151326,-0.07948092913620348,20.6,21.0,1.9417475728155331,-0.9708737864077777,2.857142857142864,150.00000000000057,complete_hourly_ordered,/v1/candles/minutes/60,120,False,64.20454545454544,17.6,2026-08-31T11:00:00,28.9,2026-09-01T21:00:00,D-3,29.41176470588236,75.22123893805312,False,-0.7471980074719831,44.677989631461365,,True,0.058842203614782984,-5.162301132056513,-21.629181911409255,0.2443896782141337,-0.487804878048792,0.0,-0.031133250311321525,0.01615283479310392,,0.058842203614782984,-5.162301132056513,-21.629181911409255,0.2443896782141337,-0.487804878048792,0.0,-0.031133250311321525,0.01615283479310392,,0.0620937265217536,84.44410432964762,50.64899098947209,0.42906862805659784,0.0,0.0,0.0,0.0,,0.0620937265217536,84.44410432964762,50.64899098947209,0.42906862805659784,0.0,0.0,0.0,0.0,,0.09847200838262418,-27.161307992301364,-48.32621374990631,0.6654617623896684,-0.9708737864077777,0.0,-0.062266500622665255,0.03230496885805678,,-1.033774622176244,-84.38647562357961,-36.7578316268823,2.1732133017717388,-0.487804878048792,0.0,-0.031133250311321525,0.01615283479310392,,0.058842203614782984,-208924.26083743898,-3125745.865839513,0.2443896782141337,-0.487804878048792,0.0,-0.031133250311321525,0.01615283479310392,15163966.283848396,10169568.238929193,1.4911121030488397,-0.487804878048792,False,True,falling,falling,sell_advantage_weakening,accelerating,neutral,True,True,False,🔴 1차 급등 완료·상승분 반납 / 신규매수 금지,S3,🔴 1차 급등 완료·반납,당일/5D 급등 후 상승분 상당 부분 반납,S3,False,,,2026-09-04T04:10:00Z,33836660879-1
KRW-ID,2026-09-04T13:31:59.203212+09:00,1788496319,43.8,-30.46225675302431,11.0,1718145.8622678001,0.0,,1,0.0,complete,1788496187985,1788496187985,3291360.29734808,1594021.97036859,0.34743203990315213,44.2,44.4,0.4524886877828038,-0.9049773755656187,1.3513513513513546,300.00000000000244,complete_hourly_ordered,/v1/candles/minutes/60,120,False,8.47058823529412,42.5,2026-08-31T08:00:00,46.1,2026-09-02T00:00:00,D-2,4.989154013015195,63.88888888888897,True,0.32017075773747017,5.168531229170044,7.255969536389082,True,,64.03517110081458,-100.0,0.17816293821594087,0.4587155963302614,0.0,0.0,0.0,0.0,,64.03517110081458,-100.0,0.17816293821594087,0.4587155963302614,0.0,0.0,0.0,0.0,,102.57218450411929,-100.0,0.297146331913698,0.22883295194506825,0.0,-0.015246226558929266,0.0127034503914496,0.04355934899203717,,102.57218450411929,-100.0,0.297146331913698,0.22883295194506825,0.0,-0.015246226558929266,0.0127034503914496,0.04355934899203717,,70.24907746849713,-100.0,0.48084971437681645,-0.2277904328018221,0.0,-0.04573867967676559,0.03810897812522107,0.12975108343584107,,-36.08076258093204,-100.0,0.5111770713167019,0.0,0.0,-0.03049245311785853,0.025406443091601894,0.08680861033532317,,670720.5749116862,-339501.600000256,0.17816293821594087,0.4587155963302614,0.0,0.0,0.0,1718145.8622678001,2925318.4259433756,0.5873363552597599,0.0,False,True,rising,falling,buy_only,accelerating,neutral,False,False,False,pass,S1,⚡ 선행 시동,가격 미급등 상태에서 선행조건 4개 개선,S1,False,,,2026-09-04T04:10:00Z,33836660879-1
KRW-IMX,2026-09-04T13:31:59.203212+09:00,1788496319,173.0,17.17850688497824,11.0,105791.24579108,0.0,,2,0.0,complete,1788495534701,1788496161772,890935.40721671,572464.26853586,0.21762416922572614,172.0,174.0,1.1627906976744207,0.5813953488372103,0.5747126436781609,50.0,complete_hourly_ordered,/v1/candles/minutes/60,120,False,6.626506024096379,166.0,2026-09-02T19:00:00,177.0,2026-09-04T01:00:00,D0,2.259887005649719,36.36363636363618,True,0.8435582822085896,12.315065638674723,10.396974094719889,False,,-69.24673087468605,,0.08557999674261296,0.5813953488372103,0.0,0.03834355828220559,-0.0296872162056534,-0.07756888225645397,,-69.24673087468605,,0.08557999674261296,0.5813953488372103,0.0,0.03834355828220559,-0.0296872162056534,-0.07756888225645397,,-74.19801230409844,,0.16168641058958144,0.5813953488372103,0.0,0.03834355828220559,-0.0296872162056534,-0.07756888225645397,,-74.19801230409844,,0.16168641058958144,0.5813953488372103,0.0,0.03834355828220559,-0.0296872162056534,-0.07756888225645397,,-98.17061955105186,-100.0,0.6702380129601799,0.5813953488372103,0.0,0.03834355828220559,-0.0296872162056534,-0.07756888225645397,,-80.95125218433736,,1.8128994892093306,0.5813953488372103,0.0,0.03834355828220559,-0.0296872162056534,-0.07756888225645397,,-238208.75420892,0.0,0.08557999674261296,0.5813953488372103,0.0,0.03834355828220559,-0.0296872162056534,105791.24579108,965426.0372310751,0.10957985564020874,0.5813953488372103,False,False,falling,flat_or_na,buy_only,accelerating,neutral,False,False,False,pass,S1,⚡ 선행 시동,가격 미급등 상태에서 선행조건 3개 개선,S0,True,가격 미급등 상태에서 선행조건 3개 개선,2026-09-04T13:31:59.203212+09:00,2026-09-04T04:10:00Z,33836660879-1
KRW-IN,2026-09-04T13:31:59.203212+09:00,1788496319,45.5,123.90034513435877,7.0,94149.67516227,3910575.273635832,0.024075658585836386,14,0.0,complete,1788495490211,1788496374557,2633416.88766661,1982873.01284259,0.1409235314169203,45.7,46.1,0.8752735229759168,-0.4376367614879695,1.3015184381778773,150.00000000000128,complete_hourly_ordered,/v1/candles/minutes/60,120,False,8.14479638009049,44.2,2026-08-31T08:00:00,47.8,2026-09-01T12:00:00,D-3,5.020920502092052,66.66666666666676,False,0.10368834246776704,46.39592298082454,,True,-0.8085850914366347,-96.07009658402879,35.91637853610061,0.47517622874595133,0.22026431718062955,0.0,0.014812620352522288,-0.00740053663086826,,-0.8085850914366347,-96.07009658402879,35.91637853610061,0.47517622874595133,0.22026431718062955,0.0,0.014812620352522288,-0.00740053663086826,,-0.6297976029172295,-97.17802923167687,-23.357808735695997,0.8691154895442992,0.22026431718062955,0.0,0.0,0.0,,-0.6297976029172295,-97.17802923167687,-23.357808735695997,0.8691154895442992,0.22026431718062955,0.0,0.0,0.0,,-0.3493099617643221,-84.40892356934675,141.79956383045544,1.0351213035638978,-0.21929824561404132,0.0,-0.014812620352544492,0.007400389880736213,,-0.23181914042023238,-94.9027416340612,-45.822379047970706,1.22027124042377,0.22026431718062955,0.0,0.014812620352522288,-0.00740053663086826,,-0.8085850914366347,-2301575.237049153,1033383.1973349261,0.47517622874595133,0.22026431718062955,0.0,0.014812620352522288,-0.00740053663086826,4004724.9487981023,8558730.42072099,0.46791109801782294,0.22026431718062955,False,False,falling,rising,sell_advantage_accelerating,accelerating,neutral,False,False,False,pass,S0,🌱 초발사 준비,발사 구조 관찰 또는 초기 준비,S0,False,,,2026-09-04T04:10:00Z,33836660879-1
KRW-INJ,2026-09-04T13:31:59.203212+09:00,1788496319,6570.0,834.847710498609,12.0,3200772.2900600997,648646.4386690999,4.934540759411985,14,0.0,complete,1788495603621,1788496286102,6593.81098388,11196.4279731,-0.25871586100388855,6605.0,6770.0,2.498107494322488,-0.5299015897047732,2.954209748892171,121.21212121212133,complete_hourly_ordered,/v1/candles/minutes/60,120,False,41.70324846356452,5695.0,2026-09-01T18:00:00,8070.0,2026-09-02T16:00:00,D-2,18.587360594795545,63.157894736842124,True,0.004724781478859796,3.7044619601687923,13.81252277250522,True,-6.59079618401456,260.35260929561866,741.65587905081,0.22674260093106113,-1.0542168674698815,0.0,-0.05669737774627315,0.04801968418985103,0.6503757643754273,-6.59079618401456,260.35260929561866,741.65587905081,0.22674260093106113,-1.0542168674698815,0.0,-0.05669737774627315,0.04801968418985103,0.6503757643754273,4.911919018504111,1508.7499724087884,-92.62490131589934,0.28128032243569123,-1.1286681715575675,0.0,-0.061422159225132944,0.052021028719587026,0.7025458866291459,4.911919018504111,1508.7499724087884,-92.62490131589934,0.28128032243569123,-1.1286681715575675,0.0,-0.061422159225132944,0.052021028719587026,0.7025458866291459,2.244576069114076,63.89406282286414,-10.656479814849662,2.718580932145869,-0.7552870090634434,0.0,-0.03779825183085617,0.03201385098483289,0.43864837568809456,,496.8685362912631,,3.1387570396004776,-0.37907505686125553,0.0,-0.014174344436557185,0.01200553547658778,0.16693045717328303,-6.59079618401456,2312538.8743741,571578.54728805,0.22674260093106113,-1.0542168674698815,0.0,-0.05669737774627315,0.04801968418985103,3849418.7287291996,10736022.663913876,0.35855165821025503,-0.37907505686125553,False,True,rising,rising,buy_advantage_weakening,accelerating,neutral,True,True,False,🔴 1차 급등 완료·상승분 반납 / 신규매수 금지,S3,🔴 1차 급등 완료·반납,당일/5D 급등 후 상승분 상당 부분 반납,S4,True,당일/5D 급등 후 상승분 상당 부분 반납,2026-09-04T13:31:59.203212+09:00,2026-09-04T04:10:00Z,33836660879-1
KRW-IO,2026-09-04T13:31:59.203212+09:00,1788496319,181.0,,,169886.99999913998,0.0,,1,0.0,complete,1788495655130,1788495655130,236425.4363436,220237.33727798,0.0354486943116465,182.0,183.0,0.5494505494505475,-0.5494505494505475,1.092896174863388,200.0,complete_hourly_ordered,/v1/candles/minutes/60,120,False,9.883720930232553,172.0,2026-09-02T19:00:00,189.0,2026-09-03T12:00:00,D-1,4.232804232804233,47.05882352941164,False,,,,False,,-98.59589921134783,-100.0,,0.0,,,,,,-98.59589921134783,-100.0,,0.0,,,,,,,,,-0.5494505494505475,,,,,,,,,-0.5494505494505475,,,,,,,,,-0.5494505494505475,,,,,,,,,0.0,,,,,,-11929458.10201583,-21937003.355725743,,0.0,,,,169886.99999913998,2412539.99999922,0.07041831430740833,0.0,False,False,falling,falling,buy_only,flat_or_na,neutral,False,False,False,pass,S0,🌱 초발사 준비,발사 구조 관찰 또는 초기 준비,S0,False,,,2026-09-04T04:10:00Z,33836660879-1
KRW-IOST,2026-09-04T13:31:59.203212+09:00,1788496319,0.831,354.1996360180961,7.0,6922363.653589763,6247219.43884748,1.1080711541112178,29,0.0,complete,1788495626977,1788495800741,88908675.91332173,57592379.78077055,0.21376157314485503,0.837,0.841,0.4778972520907976,-0.7168458781361964,1.1890606420927479,250.0,complete_hourly_ordered,/v1/candles/minutes/60,120,False,11.675126903553302,0.788,2026-08-31T08:00:00,0.88,2026-09-01T19:00:00,D-3,5.568181818181827,53.260869565217575,False,0.29347028613353476,26.845692455200208,,True,1.1080711541112178,,1082.9791084336239,1.1415515540228967,0.6053268765133124,0.0,0.040759761963005126,-0.027012654136939318,,1.1080711541112178,,1082.9791084336239,1.1415515540228967,0.6053268765133124,0.0,0.040759761963005126,-0.027012654136939318,,-0.11339716745621309,-57.52843188228345,-53.18200024375235,1.887235118079559,0.48367593712213,0.0,0.03260780957039522,-0.02160996268605686,,-0.11339716745621309,-57.52843188228345,-53.18200024375235,1.887235118079559,0.48367593712213,0.0,0.03260780957039522,-0.02160996268605686,,-0.9320452756054518,-25.061415900678373,37.97258061767521,4.4000111142519245,-0.12019230769231282,0.0,-0.008151952392609907,0.005402289901113022,,0.01462981933464258,-74.71128955909285,-75.04517539628289,5.145540441939147,0.12048192771083599,0.0,0.008151952392609907,-0.0054023702074808,,1.1080711541112178,6922363.653589763,5719127.320034039,1.1415515540228967,0.6053268765133124,0.0,0.040759761963005126,-0.027012654136939318,13169583.092437243,3164694.108183922,4.161407909339675,0.12048192771083599,False,True,rising,rising,buy_advantage_accelerating,accelerating,neutral,False,False,False,pass,S0,🌱 초발사 준비,발사 구조 관찰 또는 초기 준비,S0,False,,,2026-09-04T04:10:00Z,33836660879-1
KRW-IOTA,2026-09-04T13:31:59.203212+09:00,1788496319,55.8,-1.67305143515728,11.0,0.0,0.0,,0,0.0,complete,,,1077234.6638348,565142.0254239,0.3117997483525154,55.8,56.8,1.7921146953405076,0.0,1.7605633802816902,100.0,complete_hourly_ordered,/v1/candles/minutes/60,120,False,7.34463276836157,53.1,2026-09-02T10:00:00,57.0,2026-09-04T00:00:00,D0,2.1052631578947434,30.769230769230838,True,0.42968296365113456,8.998355804011842,8.315182676750863,True,,-100.0,-100.0,1.6144732565852693,-0.357142857142867,0.0,-0.023226106143314773,0.01865122537530617,0.045740264615734105,,-100.0,-100.0,1.6144732565852693,-0.357142857142867,0.0,-0.023226106143314773,0.01865122537530617,0.045740264615734105,,-100.0,-100.0,2.245061439956564,0.0,0.0,0.0,0.0,0.0,,-100.0,-100.0,2.245061439956564,0.0,0.0,0.0,0.0,0.0,,-100.0,-100.0,3.5092764258567115,-0.17889087656529634,0.0,-0.011613053071646284,0.009325735351110254,0.02290978240860575,,-100.0,-100.0,3.6943237110280798,0.3597122302158251,0.0,0.02322610614329257,-0.018652206721750275,-0.046059123846923455,,-549751.51702688,-2586030.16799543,1.6144732565852693,-0.357142857142867,0.0,-0.023226106143314773,0.01865122537530617,0,5328535.057565218,0.0,0.3597122302158251,False,True,falling,falling,unavailable,accelerating,neutral,False,False,False,pass,S1,⚡ 선행 시동,가격 미급등 상태에서 선행조건 3개 개선,S1,False,,,2026-09-04T04:10:00Z,33836660879-1
KRW-IQ,2026-09-04T13:31:59.203212+09:00,1788496319,0.968,3991.630009614564,10.0,215042.61212001654,10031.21748178264,21.437339237290814,6,0.0,complete,1788495421467,1788495594097,65440560.55438282,62380128.40877216,0.02394316734196955,0.974,0.982,0.8213552361396204,-0.6160164271047264,1.4256619144602865,175.00000000000136,complete_hourly_ordered,/v1/candles/minutes/60,120,False,45.21452145214522,0.909,2026-08-31T10:00:00,1.32,2026-09-01T19:00:00,D-3,26.66666666666667,85.64476885644771,True,0.6131976865723754,18.62314807639471,,True,,8.48114498249959,,1.2546401450244957,0.31088082901553626,0.0,0.020904466587690074,-0.01518816888510699,,,8.48114498249959,,1.2546401450244957,0.31088082901553626,0.0,0.020904466587690074,-0.01518816888510699,,21.335437729152037,-73.21579235899132,-99.87268237337155,1.2666000673493727,0.10341261633919352,0.0,0.006968155529230025,-0.005062651628620074,,21.335437729152037,-73.21579235899132,-99.87268237337155,1.2666000673493727,0.10341261633919352,0.0,0.006968155529230025,-0.005062651628620074,,,-78.51497858450232,,2.7545104371838534,-0.3089598352214229,0.0,-0.020904466587690074,0.015187526905453552,,20.732868457136796,-94.47511912933105,-99.81844215393822,3.4438828285915406,0.20703933747412417,0.0,0.03484077764617233,-0.02531397148400316,,,16812.20797493891,10031.21748178264,1.2546401450244957,0.31088082901553626,0.0,0.020904466587690074,-0.01518816888510699,225073.82960179917,2200405.5442985278,0.10228743068975994,0.20703933747412417,False,True,rising,rising,buy_advantage_weakening,accelerating,neutral,True,True,False,🔴 1차 급등 완료·상승분 반납 / 신규매수 금지,S3,🔴 1차 급등 완료·반납,당일/5D 급등 후 상승분 상당 부분 반납,S3,False,,,2026-09-04T04:10:00Z,33836660879-1
KRW-IRYS,2026-09-04T13:31:59.203212+09:00,1788496319,18.8,,,6032.085561436,0.0,,1,0.0,complete,1788495678969,1788495678969,10785510.13754961,10366159.87973069,0.01982586989473283,18.9,18.9,0.0,-0.5291005291005124,0.5291005291005179,,complete_hourly_ordered,/v1/candles/minutes/60,120,False,8.02139037433156,18.7,2026-08-30T14:00:00,20.2,2026-08-31T14:00:00,D-4,6.930693069306926,93.33333333333331,False,,,,True,,-82.17816394713563,-100.0,,0.5347593582887722,,,,,,-82.17816394713563,-100.0,,0.5347593582887722,,,,,,-99.73630389321325,-100.0,,0.5347593582887722,,,,,,-99.73630389321325,-100.0,,0.5347593582887722,,,,,,-99.92215712673584,-100.0,,0.0,,,,,,-99.03973052376847,-100.0,,1.0752688172043001,,,,,,-27814.514438379996,-29502.7469,,0.5347593582887722,,,,6032.085561436,2153841.8095378685,0.0028006168023687185,1.0752688172043001,False,False,falling,falling,buy_only,flat_or_na,neutral,False,False,False,pass,S0,🌱 초발사 준비,발사 구조 관찰 또는 초기 준비,S0,False,,,2026-09-04T04:10:00Z,33836660879-1
KRW-JST,2026-09-04T13:31:59.203212+09:00,1788496319,148.0,-20.163731523297624,0.0,7021215.33161598,0.0,,10,0.0,complete,1788495424077,1788495601194,892302.6998147,4617272.36231567,-0.6760901921645928,146.0,148.0,1.3698630136986356,1.3698630136986356,0.0,0.0,complete_hourly_ordered,/v1/candles/minutes/60,120,False,20.967741935483875,124.0,2026-08-30T14:00:00,150.0,2026-09-03T13:00:00,D-1,1.3333333333333308,7.6923076923076925,False,0.0474608448030267,-2.131782945736437,,False,,71.37984887431487,,1.4183410164518406,0.6802721088435382,0.0,0.0474608448030267,-0.042266865547472054,,,71.37984887431487,,1.4183410164518406,0.6802721088435382,0.0,0.0474608448030267,-0.042266865547472054,,,72.22461456584696,-100.0,1.4742670427482771,0.6802721088435382,0.0,0.0474608448030267,-0.042266865547472054,,,72.22461456584696,-100.0,1.4742670427482771,0.6802721088435382,0.0,0.0474608448030267,-0.042266865547472054,,,1768.9689154339408,,1.9722788941242229,1.3698630136986356,-1.0,0.09492168960606451,-0.08453885124825078,,,,-100.0,2.001443692913771,1.3698630136986356,0.0,0.0474608448030267,-0.042266865547472054,,,2924341.99572855,0.0,1.4183410164518406,0.6802721088435382,0.0,0.0474608448030267,-0.042266865547472054,7021215.33161598,1309070.5070299201,5.363511968156733,1.3698630136986356,False,False,rising,flat_or_na,buy_only,accelerating,neutral,False,False,False,pass,S0,🌱 초발사 준비,발사 구조 관찰 또는 초기 준비,S0,False,,,2026-09-04T04:10:00Z,33836660879-1
KRW-JTO,2026-09-04T13:31:59.203212+09:00,1788496319,594.0,-46.27286892713245,2.0,12778521.468627559,2521610.31734563,5.067603578842767,35,0.0,complete,1788495430313,1788496393503,348414.32829047,227572.38025961,0.2097998898881765,610.0,617.0,1.1475409836065653,-2.622950819672132,3.727714748784441,328.5714285714271,complete_hourly_ordered,/v1/candles/minutes/60,120,False,12.169312169312164,567.0,2026-09-03T00:00:00,636.0,2026-09-04T02:00:00,D0,6.6037735849056585,60.86956521739124,False,-1.8899700598802305,17.440384217933445,,False,4.974972533405878,158.35151942150887,-95.27757628198532,0.12045026261939995,-0.3355704697986628,0.0,-0.018712574850299202,0.01412131332666533,,4.974972533405878,158.35151942150887,-95.27757628198532,0.12045026261939995,-0.3355704697986628,0.0,-0.018712574850299202,0.01412131332666533,,2.9456929413619743,-11.043188598582287,-62.75193956032654,0.9342600242765258,-0.5025125628140725,0.0,-0.037425149700598404,0.028242070767245053,,2.9456929413619743,-11.043188598582287,-62.75193956032654,0.9342600242765258,-0.5025125628140725,0.0,-0.037425149700598404,0.028242070767245053,,-2.941610096643754,497.4628339234349,844.2742364522626,2.7088314462686327,-1.980198019801982,0.0,-0.10291916167664006,0.07766034468014027,,5.049454952755063,24741.739354425645,-11.034193599132902,2.748673143802371,-1.8181818181818188,0.0,-0.08420658682634086,0.06354153258241624,,4.974972533405878,7832345.22889003,-50874917.98921905,0.12045026261939995,-0.3355704697986628,0.0,-0.018712574850299202,0.01412131332666533,15300131.78597319,6878777.945172114,2.2242514452311433,-1.8181818181818188,False,False,rising,falling,buy_advantage_accelerating,accelerating,leading_buy_inflow,False,False,False,pass,S0,🌱 초발사 준비,발사 구조 관찰 또는 초기 준비,S0,False,,,2026-09-04T04:10:00Z,33836660879-1
KRW-JUP,2026-09-04T13:31:59.203212+09:00,1788496319,309.0,-19.99158090497255,9.0,7429106.508996479,1541642.17890972,4.818956441792798,10,0.0,complete,1788495467829,1788496355192,436998.81931439,533272.55078786,-0.09922351049410469,312.0,317.0,1.6025641025640969,-0.9615384615384581,2.5236593059936907,160.0,complete_hourly_ordered,/v1/candles/minutes/60,120,False,16.48745519713262,279.0,2026-08-31T13:00:00,325.0,2026-09-04T03:00:00,D0,4.923076923076919,34.78260869565224,False,1.0085163603765102,-2.4900511654348905,,True,3.6732789485655375,1216.664187047138,213.02887740505832,0.15045061545328764,0.0,0.0,0.0,0.0,,3.6732789485655375,1216.664187047138,213.02887740505832,0.15045061545328764,0.0,0.0,0.0,0.0,,4.518889684038083,142.57800462276248,-84.89515391372149,0.15725710903296886,0.32467532467532756,1.0,0.022411474675032572,-0.019827452424304504,,4.518889684038083,142.57800462276248,-84.89515391372149,0.15725710903296886,0.32467532467532756,1.0,0.022411474675032572,-0.019827452424304504,,4.5473529242929915,1321.5119963777313,-19.881479932877856,0.33059632650249426,-0.6430868167202619,0.0,-0.022411474675054777,0.019826325256112387,,2.1874550221059974,237.55428908906757,84.32924258364638,0.42335905966881526,0.0,0.0,0.0,0.0,,3.6732789485655375,6864869.509001999,1049150.17890972,0.15045061545328764,0.0,0.0,0.0,0.0,8970748.687906198,8776729.415216459,1.0221061016593906,0.0,False,False,rising,rising,buy_advantage_accelerating,accelerating,leading_buy_inflow,False,False,False,pass,S0,🌱 초발사 준비,발사 구조 관찰 또는 초기 준비,S0,False,,,2026-09-04T04:10:00Z,33836660879-1
KRW-KAITO,2026-09-04T13:31:59.203212+09:00,1788496319,415.0,-40.97241096276621,1.0,0.0,7080224.34402605,0.0,5,0.0,complete,1788496305641,1788496325189,698801.10938631,523813.0004706,0.1431261977961222,415.0,421.0,1.4457831325301207,0.0,1.4251781472684086,100.0,complete_hourly_ordered,/v1/candles/minutes/60,120,False,5.940594059405946,404.0,2026-08-31T08:00:00,428.0,2026-08-31T17:00:00,D-4,3.0373831775700966,54.166666666666664,False,-1.0698365527488929,47.77527208549858,,False,-5.577236576358737,-100.0,1063.0268058264057,0.03883793216649423,0.0,0.0,0.014858841010390034,-0.007331920815829562,,-5.577236576358737,-100.0,1063.0268058264057,0.03883793216649423,0.0,0.0,0.014858841010390034,-0.007331920815829562,,-0.10037497738258841,-100.0,-79.48353260817487,0.13411132173817464,0.0,0.0,0.02971768202079117,-0.014663985411722535,,-0.10037497738258841,-100.0,-79.48353260817487,0.13411132173817464,0.0,0.0,0.02971768202079117,-0.014663985411722535,,0.0,,1670.0560860005385,0.5264921880607076,0.0,0.0,0.0,0.0,,-2.718475732038242,-100.0,-42.965644116036096,0.5368466009497297,0.0,0.0,0.02971768202079117,-0.014663985411722535,,-5.577236576358737,-3395285.9884659997,6471448.66417445,0.03883793216649423,0.0,0.0,0.014858841010390034,-0.007331920815829562,7080224.34402605,7463356.48142656,0.9486649018636615,0.0,False,False,falling,rising,sell_only,accelerating,neutral,False,False,False,pass,S0,🌱 초발사 준비,발사 구조 관찰 또는 초기 준비,S0,False,,,2026-09-04T04:10:00Z,33836660879-1
KRW-KAT,2026-09-04T13:31:59.203212+09:00,1788496319,6.24,160.09040785151853,7.0,68889086.7104741,73529094.14174058,0.9368956263445594,392,0.0,complete,1788495657888,1788496525454,13973108.75904484,10426507.06280412,0.14535481714695148,6.18,6.32,2.265372168284796,0.9708737864077666,1.2658227848101276,57.14285714285728,complete_hourly_ordered,/v1/candles/minutes/60,120,False,10.327868852459021,6.1,2026-08-31T08:00:00,6.73,2026-08-31T12:00:00,D-4,7.875185735512636,84.12698412698411,True,-0.1790416008425444,24.357541899441337,,False,-1.5832537686399994,2208.686025553387,6110.119384598258,7.385931831476967,0.8077544426494221,0.0,0.042127435492367304,-0.028906083319348852,,-1.5832537686399994,2208.686025553387,6110.119384598258,7.385931831476967,0.8077544426494221,0.0,0.042127435492367304,-0.028906083319348852,,0.7365727318277472,688790.867108523,147195.60969753514,7.564461411113399,1.1345218800648427,0.0,0.06319115323855096,-0.043359990137044946,,0.7365727318277472,688790.867108523,147195.60969753514,7.564461411113399,1.1345218800648427,0.0,0.06319115323855096,-0.043359990137044946,,0.9368956263445594,,614.8921958119449,8.374064375543838,0.9708737864077666,0.0,0.05265929436546468,-0.03613296462810567,,0.9368956263445594,,4270.316317992992,8.560783886135454,0.9708737864077666,0.0,0.05265929436546468,-0.03613296462810567,,-1.5832537686399994,65905177.85721366,72345073.52010646,7.385931831476967,0.8077544426494221,0.0,0.042127435492367304,-0.028906083319348852,142418180.8522147,3904018.7498874585,36.479891613307494,0.9708737864077666,False,False,rising,rising,sell_advantage_accelerating,accelerating,neutral,False,False,False,pass,S0,🌱 초발사 준비,발사 구조 관찰 또는 초기 준비,S0,False,,,2026-09-04T04:10:00Z,33836660879-1
KRW-KAVA,2026-09-04T13:31:59.203212+09:00,1788496319,67.9,-55.655657171337815,12.0,200000.00000018504,201898.17451463302,0.9905983572213507,12,0.0,complete,1788495427737,1788496385985,623948.82419502,626481.01480163,-0.00202505612681306,68.1,68.3,0.2936857562408246,-0.2936857562408024,0.5856515373352731,199.99999999999244,complete_hourly_ordered,/v1/candles/minutes/60,120,False,12.00000000000001,62.5,2026-08-31T21:00:00,70.0,2026-09-03T21:00:00,D-1,3.1428571428571472,29.333333333333407,False,1.0077682133109445,8.051029671747328,6.663246120777653,True,0.9905983572213507,,-82.34112859892588,0.08286552413363069,-0.5856515373352744,0.0,-0.0419903422212764,0.033829480634091524,0.06494625105503804,0.9905983572213507,,-82.34112859892588,0.08286552413363069,-0.5856515373352744,0.0,-0.0419903422212764,0.033829480634091524,0.06494625105503804,-4.619796135036705,-97.10336676919682,-83.59450628428763,0.13577628313180412,-0.5856515373352744,0.0,-0.020995171110627098,0.01691514440553199,0.03256456628236659,-4.619796135036705,-97.10336676919682,-83.59450628428763,0.13577628313180412,-0.5856515373352744,0.0,-0.020995171110627098,0.01691514440553199,0.03256456628236659,0.9905983572213507,,221.111403418424,0.3429141408939458,0.1474926253687503,1.0,0.010497585555335753,-0.008457875287255945,-0.016351348543587108,0.9905983572213507,,909.4908725550952,0.34475733211952786,0.0,0.0,0.0,0.0,0.0,0.9905983572213507,200000.00000018504,-941426.163315657,0.08286552413363069,-0.5856515373352744,0.0,-0.0419903422212764,0.033829480634091524,401898.17451481806,1801054.969686775,0.22314597903955866,0.0,False,True,rising,falling,sell_advantage_weakening,accelerating,leading_buy_inflow,False,False,False,pass,S1,⚡ 선행 시동,가격 미급등 상태에서 선행조건 5개 개선,S1,False,,,2026-09-04T04:10:00Z,33836660879-1
KRW-KERNEL,2026-09-04T13:31:59.203212+09:00,1788496319,51.9,-80.718986891739,7.0,3333674.28146331,38484.818536002,86.6230999204194,4,0.0,complete,1788495640937,1788495956014,2473738.11085538,998679.30262677,0.42479305699294284,52.0,52.3,0.5769230769230749,-0.19230769230769162,0.7648183556405327,133.33333333333331,complete_hourly_ordered,/v1/candles/minutes/60,120,False,11.439842209072971,50.7,2026-08-31T08:00:00,56.5,2026-08-31T18:00:00,D-4,8.141592920353979,79.31034482758628,False,0.2817262133435916,22.595631115943462,,False,,55140.07480234937,,0.021054540125717836,0.0,0.0,0.0,0.0,,,55140.07480234937,,0.021054540125717836,0.0,0.0,0.0,0.0,,86.6230999204194,,-98.77076727089437,0.0210922197540242,0.5813953488372103,0.0,0.03841721091051298,-0.026784956610399036,,86.6230999204194,,-98.77076727089437,0.0210922197540242,0.5813953488372103,0.0,0.03841721091051298,-0.026784956610399036,,,617.4612225732006,,0.08586092242315146,0.3868471953578201,0.0,0.025611473940334584,-0.017856417108149003,,86.6230999204194,,-63.70390431368941,0.08715210672640694,0.7766990291262044,0.0,0.05122294788064696,-0.035713716755587654,,,3327639.397742766,38484.818536002,0.021054540125717836,0.0,0.0,0.0,0.0,3372159.0999993123,802074.0000000001,4.204299229247316,0.7766990291262044,False,False,rising,rising,buy_advantage_weakening,accelerating,neutral,False,False,False,pass,S0,🌱 초발사 준비,발사 구조 관찰 또는 초기 준비,S0,False,,,2026-09-04T04:10:00Z,33836660879-1
KRW-KITE,2026-09-04T13:31:59.203212+09:00,1788496319,184.0,-31.363205408414075,10.0,0.0,0.0,,0,0.0,complete,,,1285416.9147343,1515942.48771525,-0.08229060961595115,185.0,188.0,1.6216216216216273,-0.540540540540535,2.127659574468085,133.3333333333329,complete_hourly_ordered,/v1/candles/minutes/60,120,False,27.848101265822777,158.0,2026-08-31T09:00:00,202.0,2026-09-03T02:00:00,D-1,8.910891089108908,40.90909090909089,False,1.9207192480588553,21.701593281532052,12.283208719623945,False,,-100.0,-100.0,0.11480998033608358,0.0,0.0,0.0,0.0,0.0,,-100.0,-100.0,0.11480998033608358,0.0,0.0,0.0,0.0,0.0,,,-100.0,0.1693445718356834,0.0,0.0,0.0,0.0,0.0,,,-100.0,0.1693445718356834,0.0,0.0,0.0,0.0,0.0,,-100.0,-100.0,0.2881511888520798,-0.540540540540535,0.0,-0.0408663669799747,0.02832090386852215,0.05523210441687709,,-100.0,-100.0,0.29685078625680816,0.0,0.0,0.0,0.0,0.0,,-2000004.9999992,-6576448.52522224,0.11480998033608358,0.0,0.0,0.0,0.0,0,9586283.638987914,0.0,0.0,False,False,falling,falling,unavailable,accelerating,neutral,False,False,False,pass,S0,🌱 초발사 준비,발사 구조 관찰 또는 초기 준비,S1,True,발사 구조 관찰 또는 초기 준비,2026-09-04T13:31:59.203212+09:00,2026-09-04T04:10:00Z,33836660879-1
KRW-KMNO,2026-09-04T13:31:59.203212+09:00,1788496319,33.6,,,0.0,0.0,,0,0.0,complete,,,1909249.08261579,3891747.61844064,-0.34175136411710316,33.9,33.9,0.0,-0.8849557522123797,0.884955752212381,,complete_hourly_ordered,/v1/candles/minutes/60,120,False,6.542056074766367,32.1,2026-09-02T19:00:00,34.2,2026-09-04T00:00:00,D0,1.7543859649122862,28.571428571428864,False,,,,True,,,,,0.0,,,,,,,,,0.0,,,,,,,,,-0.29673590504450953,,,,,,,,,-0.29673590504450953,,,,,,-100.0,-100.0,,0.0,,,,,,,-100.0,,0.0,,,,,,0.0,0.0,,0.0,,,,0,1022117.79986675,0.0,0.0,False,False,flat_or_na,flat_or_na,unavailable,flat_or_na,neutral,False,False,False,pass,S0,🌱 초발사 준비,발사 구조 관찰 또는 초기 준비,S0,False,,,2026-09-04T04:10:00Z,33836660879-1
KRW-KNC,2026-09-04T13:31:59.203212+09:00,1788496319,161.0,-77.13351719012047,12.0,2034784.9999976603,229649.75544615998,8.860383918304253,15,0.0,complete,1788495757146,1788496452656,690820.28730211,1195502.34492649,-0.2675481113366711,158.0,161.0,1.8987341772152,1.8987341772152,0.0,0.0,complete_hourly_ordered,/v1/candles/minutes/60,120,False,5.228758169934644,153.0,2026-09-02T19:00:00,161.0,2026-09-04T13:00:00,D0,0.6211180124223614,12.499999999999947,False,0.45986622073577177,7.8427612655800685,9.644386697814895,False,-1.8868293928967876,678.593867787033,844.3963666872081,0.1878885735229261,0.6250000000000089,0.0,0.04180602006689238,-0.03393464505802335,-0.12325085811518477,-1.8868293928967876,678.593867787033,844.3963666872081,0.1878885735229261,0.6250000000000089,0.0,0.04180602006689238,-0.03393464505802335,-0.12325085811518477,,,,0.20295482899327055,1.2578616352201255,1.0,0.08361204013376256,-0.06787254398940146,-0.2486060664076355,,,,0.20295482899327055,1.2578616352201255,1.0,0.08361204013376256,-0.06787254398940146,-0.2486060664076355,,,,0.20666244071010453,1.2578616352201255,1.0,0.08361204013376256,-0.06787254398940146,-0.2486060664076355,1.4505402754848902,77.53529956711883,48.470858938267725,0.2802129906786206,1.8987341772152,1.0,0.12541806020065493,-0.10181369726214484,-0.3761199825376096,-1.8868293928967876,1773443.9999996703,205332.66110454,0.1878885735229261,0.6250000000000089,0.0,0.04180602006689238,-0.03393464505802335,2264434.7554438203,900447.375523135,2.5147885562198975,1.8987341772152,False,False,rising,rising,buy_advantage_weakening,accelerating,neutral,False,False,False,pass,S1,⚡ 선행 시동,가격 미급등 상태에서 선행조건 4개 개선,S1,False,,,2026-09-04T04:10:00Z,33836660879-1
KRW-LA,2026-09-04T13:31:59.203212+09:00,1788496319,90.1,1111.8476688557234,9.0,56828438.15625254,231232243.94235802,0.24576346787699224,548,0.0,complete,1788495424307,1788496520363,2706031.66472551,1724147.427964,0.22163533713157843,87.4,95.0,8.695652173913038,3.0892448512585657,5.1578947368421115,64.47368421052647,complete_hourly_ordered,/v1/candles/minutes/60,120,False,28.98172323759791,76.6,2026-08-30T14:00:00,98.8,2026-09-03T10:00:00,D-1,9.716599190283393,43.24324324324322,True,0.7499587934728824,25.059194041516285,,True,-0.5200675478300937,-35.97343379184551,99.51512995401679,3.2135925306688478,-0.44198895027625085,0.0,-0.024723916268309942,0.016667261138362477,,-0.5200675478300937,-35.97343379184551,99.51512995401679,3.2135925306688478,-0.44198895027625085,0.0,-0.024723916268309942,0.016667261138362477,,-0.4982982092412169,-68.52140957666069,-4.696930808975774,5.217793969806053,0.0,0.0,-0.03296522169111693,0.02222284456899004,,-0.4982982092412169,-68.52140957666069,-4.696930808975774,5.217793969806053,0.0,0.0,-0.03296522169111693,0.02222284456899004,,-0.750408340545872,-67.79900967425475,30.5227300172217,10.70835724771814,-1.3143483023001168,0.0,-0.0906543596505438,0.06110954483392561,,0.027439547937952807,-30.302049241747532,-38.08384153792951,14.35568889356432,-0.8800880088008944,0.0,-0.07417174880499644,0.04999948469392379,,-0.5200675478300937,-31929153.45267371,115335146.81711683,3.2135925306688478,-0.44198895027625085,0.0,-0.024723916268309942,0.016667261138362477,288060682.0986106,146688092.93770158,1.9637632225606063,-0.8800880088008944,False,True,falling,rising,sell_advantage_accelerating,accelerating,neutral,False,False,False,pass,S0,🌱 초발사 준비,발사 구조 관찰 또는 초기 준비,S0,False,,,2026-09-04T04:10:00Z,33836660879-1
KRW-LAYER,2026-09-04T13:31:59.203212+09:00,1788496319,94.7,-41.65013653289531,10.0,6177377.5493255695,109998.999999533,56.15848825309135,14,0.0,complete,1788495462328,1788496331937,1582809.18854518,781346.66275105,0.33900579158294514,94.7,95.3,0.6335797254487741,0.0,0.6295907660020926,100.0,complete_hourly_ordered,/v1/candles/minutes/60,120,False,5.986696230598665,90.2,2026-08-31T08:00:00,95.6,2026-09-03T17:00:00,D-1,1.3598326359832602,24.07407407407408,False,0.28965030024727945,9.651551312649165,13.70065076318839,True,55.71054573176013,3204.4115205367107,-73.64269455840133,0.15574508285898503,0.42417815482502785,0.0,0.0353232073472487,-0.028229108210869214,-0.15108542826851945,55.71054573176013,3204.4115205367107,-73.64269455840133,0.15574508285898503,0.42417815482502785,0.0,0.0353232073472487,-0.028229108210869214,-0.15108542826851945,56.15848825309135,,-94.72399661889848,0.23172520574023991,0.6376195536663243,0.0,0.0282585658778034,-0.022583106902777317,-0.12067238866667473,56.15848825309135,,-94.72399661889848,0.23172520574023991,0.6376195536663243,0.0,0.0282585658778034,-0.022583106902777317,-0.12067238866667473,55.72813814843746,132.68819720329833,-98.21687881684294,0.7129270429968884,0.42417815482502785,0.0,0.014129282938890597,-0.01129137378973688,-0.06014119035713428,56.01483364223684,2346.6254993889347,-93.7414797841874,0.8439591364243739,0.3177966101694851,0.0,-0.014129282938890597,0.011291014483653328,0.05975493958561451,55.71054573176013,5990434.200685924,-307338.805047587,0.15574508285898503,0.42417815482502785,0.0,0.0353232073472487,-0.028229108210869214,6287376.549325103,1606494.2452149754,3.9137249125245064,0.3177966101694851,False,True,rising,falling,buy_advantage_accelerating,accelerating,leading_buy_inflow,False,False,False,pass,S1,⚡ 선행 시동,가격 미급등 상태에서 선행조건 7개 개선,S1,False,,,2026-09-04T04:10:00Z,33836660879-1
KRW-LINEA,2026-09-04T13:31:59.203212+09:00,1788496319,3.48,13.207254590870555,11.0,3914239.2851145486,5531.7919075404,707.5897558219858,7,0.0,complete,1788495652986,1788495693721,36571408.32142421,30852715.61985812,0.08481671495719141,3.52,3.54,0.5681818181818121,-1.1363636363636354,1.6949152542372896,300.00000000000193,complete_hourly_ordered,/v1/candles/minutes/60,120,False,8.682634730538918,3.34,2026-08-31T08:00:00,3.63,2026-09-01T11:00:00,D-3,4.1322314049586755,51.72413793103446,False,0.5240683229813525,10.114114635310454,8.867848522533242,True,,56.164734494198434,,0.27108247991685275,0.0,0.0,0.0,0.0,0.0,,56.164734494198434,,0.27108247991685275,0.0,0.0,0.0,0.0,0.0,707.5897558219858,,-95.58026406163899,0.526940358749318,-0.2865329512894088,0.0,-0.019409937888204,0.015405447762990576,0.03736217651978002,707.5897558219858,,-95.58026406163899,0.526940358749318,-0.2865329512894088,0.0,-0.019409937888204,0.015405447762990576,0.03736217651978002,707.5897558219858,,-99.5002232146628,0.5287954223581313,-0.2865329512894088,0.0,-0.019409937888204,0.015405447762990576,0.03736217651978002,707.4789535138866,2819.531691703809,-99.54282711507929,0.6138359740716979,-0.5714285714285672,0.0,-0.019409937888204,0.015405447762990576,0.03736217651978002,,1407758.3579113819,5531.7919075404,0.27108247991685275,0.0,0.0,0.0,0.0,3919771.077022089,1673249.340581422,2.3426102625326863,-0.5714285714285672,False,False,rising,rising,buy_advantage_weakening,accelerating,neutral,False,False,False,pass,S1,⚡ 선행 시동,가격 미급등 상태에서 선행조건 3개 개선,S1,False,,,2026-09-04T04:10:00Z,33836660879-1
KRW-LINK,2026-09-04T13:31:59.203212+09:00,1788496319,16360.0,-23.342262926084768,6.0,89827542.80376129,20328718.797616404,4.418750817404873,137,0.0,complete,1788495434200,1788496563567,13430.90042285,16249.26466769,-0.09495783585578173,16160.0,16390.0,1.42326732673268,1.2376237623762387,0.18303843807199513,13.043478260869904,complete_hourly_ordered,/v1/candles/minutes/60,120,False,9.339559706470979,14990.0,2026-09-02T19:00:00,16390.0,2026-09-04T09:00:00,D0,0.06101281269066394,0.7142857142857524,False,0.6872707340725981,-22.24447615452049,,False,3.1073867706971123,287.28853170673057,14.936613800893173,0.49726408554443324,0.6769230769230861,0.0,0.05902938820254722,-0.060721842879221555,,3.1073867706971123,287.28853170673057,14.936613800893173,0.49726408554443324,0.6769230769230861,0.0,0.05902938820254722,-0.060721842879221555,,2.513980501378489,77.36048698691928,-23.546041673588793,0.776495078594273,0.6150061500614923,0.0,0.05059661845931984,-0.052046627755064634,,2.513980501378489,77.36048698691928,-23.546041673588793,0.776495078594273,0.6150061500614923,0.0,0.05059661845931984,-0.052046627755064634,,3.027750247355102,46.76413398525423,-53.799387548120215,1.3979410397722418,0.6150061500614923,0.0,0.05059661845931984,-0.052046627755064634,,4.319384243590055,767.8875378251419,-80.48339572564747,1.6702270626556945,1.1124845488257096,0.0,0.08011131256060455,-0.08241085226396194,,3.1073867706971123,66633583.92047009,2641823.2772453055,0.49726408554443324,0.6769230769230861,0.0,0.05902938820254722,-0.060721842879221555,110156261.6013777,58940469.31451729,1.868941032918544,1.1124845488257096,False,False,rising,rising,buy_advantage_accelerating,accelerating,neutral,False,False,False,pass,S0,🌱 초발사 준비,발사 구조 관찰 또는 초기 준비,S0,False,,,2026-09-04T04:10:00Z,33836660879-1
KRW-LIT,2026-09-04T13:31:59.203212+09:00,1788496319,5925.0,,,17094374.585372247,22256168.640428998,0.7680735557655599,84,0.0,complete,1788495451580,1788496417353,36933.23935283,21246.59703489,0.26962334877330413,6060.0,6155.0,1.5676567656765616,-2.2277227722772297,3.736799350121852,242.1052631578954,complete_hourly_ordered,/v1/candles/minutes/60,120,False,31.855184233076272,4668.0,2026-09-02T11:00:00,6155.0,2026-09-04T09:00:00,D0,3.9805036555645823,16.476126429051796,False,,,,True,-0.10024084922797649,-63.43017973092162,-58.65747298640534,,0.5089058524172962,,,,,-0.10024084922797649,-63.43017973092162,-58.65747298640534,,0.5089058524172962,,,,,0.42826794664789186,218.47416453762935,40.89706208031656,,-1.5780730897009931,,,,,0.42826794664789186,218.47416453762935,40.89706208031656,,-1.5780730897009931,,,,,0.15179793010468334,24.900460033763295,0.21580430004204398,,-1.822700911350461,,,,,0.6636135008658292,322.4228998772746,-42.549357439989386,,-0.16849199663016012,,,,,-0.10024084922797649,-29650111.60458696,-31577426.565569185,,0.5089058524172962,,,,39350543.225801244,41511040.24828875,0.9479536766709533,-0.16849199663016012,False,False,falling,falling,sell_advantage_accelerating,flat_or_na,neutral,False,False,False,pass,S0,🌱 초발사 준비,발사 구조 관찰 또는 초기 준비,S0,False,,,2026-09-04T04:10:00Z,33836660879-1
KRW-LPT,2026-09-04T13:31:59.203212+09:00,1788496319,2007.0,2389.7976150539657,10.0,34630822.44420771,77191584.693535,0.4486346870801855,295,0.0,complete,1788495430716,1788496356894,32598.39590269,59425.3657417,-0.2915222042615277,1975.0,2445.0,23.79746835443037,1.6202531645569618,17.914110429447852,93.19148936170211,complete_hourly_ordered,/v1/candles/minutes/60,120,False,36.0601001669449,1797.0,2026-09-02T19:00:00,2445.0,2026-09-04T09:00:00,D0,18.036809815950917,68.05555555555554,False,0.682988336660717,20.298886108588807,,True,-1.7540111082205008,-75.51967057142042,20.19020427147431,66.35218619960278,-0.9866798223976292,0.0,-0.10857763300760048,0.07737929392749265,,-1.7540111082205008,-75.51967057142042,20.19020427147431,66.35218619960278,-0.9866798223976292,0.0,-0.10857763300760048,0.07737929392749265,,-0.26916589796692936,-49.164633017496776,-18.66510278416409,122.76112485962858,0.2998500749625155,0.0,0.024517530033985047,-0.017475044978752408,,-0.26916589796692936,-49.164633017496776,-18.66510278416409,122.76112485962858,0.2998500749625155,0.0,0.024517530033985047,-0.017475044978752408,,-3.3607186480614097,-10.055057168184744,663.7217491706256,162.99712066348138,0.09975062344138586,0.0,0.0,0.0,,0.12062416216575889,-46.04564727404823,-60.55232448868932,193.96877725048307,1.0065425264217387,0.0,0.09807012013591798,-0.06990526779329542,,-1.7540111082205008,-106833051.82775341,12967062.269742526,66.35218619960278,-0.9866798223976292,0.0,-0.10857763300760048,0.07737929392749265,111822407.13774271,1506869.19632612,74.20843654537208,1.0065425264217387,False,True,falling,rising,sell_advantage_accelerating,accelerating,neutral,True,True,False,🔴 1차 급등 완료·상승분 반납 / 신규매수 금지,S3,🔴 1차 급등 완료·반납,당일/5D 급등 후 상승분 상당 부분 반납,S3,False,,,2026-09-04T04:10:00Z,33836660879-1
KRW-LSK,2026-09-04T13:31:59.203212+09:00,1788496319,139.0,-93.49491764591058,13.0,0.0,0.0,,0,0.0,complete,,,867328.34550717,3714655.10833769,-0.6214179495653253,141.0,141.0,0.0,-1.4184397163120588,1.4184397163120568,,complete_hourly_ordered,/v1/candles/minutes/60,120,False,7.575757575757569,132.0,2026-09-03T08:00:00,142.0,2026-09-04T01:00:00,D0,2.1126760563380254,30.0,False,1.255650426921151,2.5203989120580195,1.6122858351402256,True,,,,0.0,0.0,0.0,0.0,0.0,0.0,,,,0.0,0.0,0.0,0.0,0.0,0.0,,,,8.831603139469735e-05,0.0,0.0,0.0,0.0,0.0,,,,8.831603139469735e-05,0.0,0.0,0.0,0.0,0.0,,,,8.831603139469735e-05,0.0,0.0,0.0,0.0,0.0,,,-100.0,0.0007021124495452113,0.7246376811594235,0.0,0.0502260170768265,-0.04246375718762696,-0.03611924311838299,,0.0,0.0,0.0,0.0,0.0,0.0,0.0,0,2187738.88081931,0.0,0.7246376811594235,False,False,flat_or_na,flat_or_na,unavailable,flat_or_na,neutral,False,False,False,pass,S0,🌱 초발사 준비,발사 구조 관찰 또는 초기 준비,S0,False,,,2026-09-04T04:10:00Z,33836660879-1
KRW-MANA,2026-09-04T13:31:59.203212+09:00,1788496319,103.0,-21.144502799588373,11.0,2061436.23965187,24999.9999998,82.45744958673447,23,0.0,complete,1788495437404,1788496029456,1177469.73008141,2453115.60982141,-0.35136094054027805,105.0,105.0,0.0,-1.904761904761909,1.9047619047619049,,complete_hourly_ordered,/v1/candles/minutes/60,120,False,8.4710743801653,96.8,2026-08-31T23:00:00,105.0,2026-09-04T08:00:00,D0,1.904761904761909,24.390243902439043,False,0.3831417624520883,3.9592426336962907,4.244382081101002,False,,4022.8724793367237,,0.3414459024534615,0.0,0.0,0.0,0.0,0.0,,4022.8724793367237,,0.3414459024534615,0.0,0.0,0.0,0.0,0.0,82.45744958673447,,-99.44583785919451,0.623089403341325,0.0,0.0,0.0,0.0,0.0,82.45744958673447,,-99.44583785919451,0.623089403341325,0.0,0.0,0.0,0.0,0.0,81.51075385720777,123.58856964106364,-97.43297488448842,0.8741843659316046,-0.9615384615384581,-1.0,-0.06493928177153663,0.05466710485460613,0.10709658431436697,82.45628546301624,33106.338953136205,-99.53119715726713,0.9800518449792115,0.9803921568627416,0.0,0.06493928177153663,-0.05467559670013511,-0.10965411347438003,,2011436.23965227,24999.9999998,0.3414459024534615,0.0,0.0,0.0,0.0,2086436.23965167,2552429.39016401,0.8174315213936645,0.9803921568627416,False,True,rising,rising,buy_advantage_weakening,accelerating,neutral,False,False,False,pass,S0,🌱 초발사 준비,발사 구조 관찰 또는 초기 준비,S1,True,발사 구조 관찰 또는 초기 준비,2026-09-04T13:31:59.203212+09:00,2026-09-04T04:10:00Z,33836660879-1
KRW-MANTRA,2026-09-04T13:31:59.203212+09:00,1788496319,6.31,-78.30952370656942,5.0,3938961.1719258213,234694.96192791688,16.783322230562476,6,0.0,complete,1788495821410,1788496091196,20343136.89141868,13247141.41773746,0.21125146414005663,6.35,6.43,1.2598425196850505,-0.6299212598425252,1.8662519440124437,150.0,complete_hourly_ordered,/v1/candles/minutes/60,120,False,27.160493827160504,5.67,2026-08-31T11:00:00,7.21,2026-08-31T18:00:00,D-4,12.482662968099866,58.44155844155846,True,0.16191709844559643,38.77722702867652,,True,16.543870724629468,77.27548420588523,-97.47077002544806,0.005033729564431155,0.4777070063694211,0.0,0.032383419689119286,-0.01827962721316112,,16.543870724629468,77.27548420588523,-97.47077002544806,0.005033729564431155,0.4777070063694211,0.0,0.032383419689119286,-0.01827962721316112,,15.896482118762245,-22.062137483564804,-95.88171985510226,0.02385625250892076,0.15873015873015817,0.0,0.01079447322971383,-0.006093108562865268,,15.896482118762245,-22.062137483564804,-95.88171985510226,0.02385625250892076,0.15873015873015817,0.0,0.01079447322971383,-0.006093108562865268,,16.74693505685016,799.2968138903059,-98.05027461569125,0.04349375930964072,-0.3159557661927437,0.0,-0.021588946459405456,0.01218591561353577,,16.2727723398246,22.998163517579194,-96.25838686273288,0.060848745917226665,-0.7861635220125951,0.0,-0.053972366148546946,0.030464035290741265,,16.543870724629468,1717017.6304538557,-9044609.976307033,0.005033729564431155,0.4777070063694211,0.0,0.032383419689119286,-0.01827962721316112,4173656.133853738,8789102.328043671,0.4748671682359095,-0.7861635220125951,False,False,rising,falling,buy_advantage_accelerating,accelerating,leading_buy_inflow,False,True,True,⚡ 2차 시동/재점화,S0,🌱 초발사 준비,발사 구조 관찰 또는 초기 준비,S0,False,,,2026-09-04T04:10:00Z,33836660879-1
KRW-MASK,2026-09-04T13:31:59.203212+09:00,1788496319,608.0,-88.1481057439505,8.0,322467.46399936004,0.0,,5,0.0,complete,1788496172673,1788496206051,54790.30028484,32115.53393397,0.26091190027334493,608.0,610.0,0.328947368421062,0.0,0.32786885245901637,100.0,complete_hourly_ordered,/v1/candles/minutes/60,120,False,9.171075837742503,567.0,2026-08-31T08:00:00,619.0,2026-09-02T04:00:00,D-2,1.7770597738287597,21.153846153846207,False,0.688099266779485,-0.6157444590043988,,True,,,,0.011467781519741038,0.49586776859504855,0.0,0.03384094754654843,-0.02956477238507227,,,,,0.011467781519741038,0.49586776859504855,0.0,0.03384094754654843,-0.02956477238507227,,,,,0.011467781519741038,0.49586776859504855,0.0,0.03384094754654843,-0.02956477238507227,,,,,0.011467781519741038,0.49586776859504855,0.0,0.03384094754654843,-0.02956477238507227,,,-92.22953649399463,,0.011467781519741038,0.49586776859504855,0.0,0.03384094754654843,-0.02956477238507227,,,,,0.15904947353692478,0.8291873963515828,0.0,0.056401579244225175,-0.049276009324266457,,,322467.46399936004,0.0,0.011467781519741038,0.49586776859504855,0.0,0.03384094754654843,-0.02956477238507227,322467.46399936004,594250.685212915,0.5426455063889791,0.8291873963515828,False,False,rising,flat_or_na,buy_only,accelerating,neutral,False,False,False,pass,S0,🌱 초발사 준비,발사 구조 관찰 또는 초기 준비,S0,False,,,2026-09-04T04:10:00Z,33836660879-1
KRW-MBL,2026-09-04T13:31:59.203212+09:00,1788496319,0.935,1036.3866067065198,10.0,244314.3819412117,25069.3524416317,9.745540197340251,6,0.0,complete,1788496020063,1788496656086,78902087.07818064,33946548.13452749,0.3983702493071056,0.946,0.946,0.0,-1.1627906976744096,1.162790697674408,,complete_hourly_ordered,/v1/candles/minutes/60,120,False,29.54545454545454,0.88,2026-08-31T11:00:00,1.14,2026-09-02T09:00:00,D-2,17.543859649122805,76.92307692307693,False,0.253843922251229,14.136857389103266,13.193911929013876,True,9.591371585074583,715.2485588382967,-87.10325580494882,0.08965067372128033,-0.10683760683760646,0.0,-0.007252683492886547,0.005544885221040019,0.01881135515851362,9.591371585074583,715.2485588382967,-87.10325580494882,0.08965067372128033,-0.10683760683760646,0.0,-0.007252683492886547,0.005544885221040019,0.01881135515851362,9.579312486781657,668.59681118835,-86.89019944719485,0.12076384983515709,-0.10683760683760646,0.0,-0.007252683492886547,0.005544885221040019,0.01881135515851362,9.579312486781657,668.59681118835,-86.89019944719485,0.12076384983515709,-0.10683760683760646,0.0,-0.007252683492886547,0.005544885221040019,0.01881135515851362,8.593258045693585,-51.13712361175696,-94.22260652563352,0.1304549230515022,-0.5319148936170137,0.0,-0.03626341746445494,0.027723565071466894,0.09366648880217987,9.745540197340251,,-98.85105544768665,0.2942271615759182,0.2143622722400762,0.0,0.014505366985773094,-0.011090028766290061,-0.03774065286535411,9.591371585074583,214346.29683482993,-169315.77346674638,0.08965067372128033,-0.10683760683760646,0.0,-0.007252683492886547,0.005544885221040019,269383.7343828434,3244950.821831165,0.0830162764164256,0.2143622722400762,False,True,rising,falling,buy_advantage_accelerating,accelerating,leading_buy_inflow,True,True,True,⚡ 2차 시동/재점화,S4,⚡ 2차 시동·재점화,Higher Low·BID 증가·ASK 감소·ratio 및 거래대금 재가속 확인,S3,True,Higher Low·BID 증가·ASK 감소·ratio 및 거래대금 재가속 확인,2026-09-04T13:31:59.203212+09:00,2026-09-04T04:10:00Z,33836660879-1
KRW-ME,2026-09-04T13:31:59.203212+09:00,1788496319,87.2,-37.18772731187793,8.0,375716.900000598,1319910.8260523998,0.2846532451925523,6,0.0,complete,1788495452287,1788495831280,845729.75542785,799616.1218828,0.02802671108911372,88.0,88.1,0.1136363636363491,-0.9090909090909038,1.0215664018161086,900.0000000000977,complete_hourly_ordered,/v1/candles/minutes/60,120,False,7.308160779537154,82.1,2026-08-31T08:00:00,88.1,2026-09-04T09:00:00,D0,1.0215664018161097,14.999999999999758,False,-0.18587360594796154,13.639908976142415,,True,-2.3999592311240585,-71.37366511913682,169.97976334468788,0.06285751591224198,0.0,0.0,0.0,0.0,,-2.3999592311240585,-71.37366511913682,169.97976334468788,0.06285751591224198,0.0,0.0,0.0,0.0,,-0.2782318201692586,-96.17591527089579,-92.43809716191758,0.5607243340283574,-0.45662100456620447,0.0,-0.007434944237916241,0.005738315822698681,,-0.2782318201692586,-96.17591527089579,-92.43809716191758,0.5607243340283574,-0.45662100456620447,0.0,-0.007434944237916241,0.005738315822698681,,-1.458033526226598,-60.64102913524432,140.96109572291672,0.7918834031303206,0.11481056257176547,0.0,0.022304832713748723,-0.01721550118148585,,0.17817053339257394,-29.732402389921486,-73.7143894490664,0.8125601712935193,0.5767012687427853,0.0,0.03717472118959231,-0.028692963419166162,,-2.3999592311240585,-936770.016554571,831018.3217770898,0.06285751591224198,0.0,0.0,0.0,0.0,1695627.7260529979,6927673.994101018,0.2447614780223263,0.5767012687427853,False,False,falling,rising,sell_advantage_accelerating,accelerating,neutral,False,False,False,pass,S0,🌱 초발사 준비,발사 구조 관찰 또는 초기 준비,S0,False,,,2026-09-04T04:10:00Z,33836660879-1
KRW-MED,2026-09-04T13:31:59.203212+09:00,1788496319,2.05,238.8591520103628,13.0,301503.600965,2843634.14120912,0.10602756402298642,11,0.0,complete,1788495647209,1788496410221,62984565.57355551,60134053.78284348,0.023152564621119396,2.06,2.07,0.4854368932038833,-0.4854368932038944,0.966183574879228,200.0000000000023,complete_hourly_ordered,/v1/candles/minutes/60,120,False,14.583333333333348,1.92,2026-09-01T01:00:00,2.2,2026-09-02T14:00:00,D-2,7.272727272727275,57.14285714285718,True,0.6032171581769274,13.409049936902845,11.581063216372003,True,0.10602756402298642,,119.47157750334179,0.43194864718179815,0.0,0.0,0.0,0.0,0.0,0.10602756402298642,,119.47157750334179,0.43194864718179815,0.0,0.0,0.0,0.0,0.0,-261.83039224358765,-88.77018114487288,27642.77210935727,0.562289566149758,0.0,0.0,0.0,0.0,0.0,-261.83039224358765,-88.77018114487288,27642.77210935727,0.562289566149758,0.0,0.0,0.0,0.0,0.0,0.05269273494251449,231.67418307566257,66.84138721616326,1.1219144671632648,0.0,0.0,0.0,0.0,0.0,-0.49482022772581546,-70.83586397729977,65.27029446514625,1.286609151763372,0.0,0.0,0.0,0.0,0.0,0.10602756402298642,301503.600965,1547961.064286063,0.43194864718179815,0.0,0.0,0.0,0.0,3145137.7421741197,1122176.5555555327,2.802712039031257,0.0,False,False,rising,rising,sell_advantage_weakening,accelerating,leading_buy_inflow,False,False,False,pass,S1,⚡ 선행 시동,가격 미급등 상태에서 선행조건 4개 개선,S0,True,가격 미급등 상태에서 선행조건 4개 개선,2026-09-04T13:31:59.203212+09:00,2026-09-04T04:10:00Z,33836660879-1
KRW-MEGA,2026-09-04T13:31:59.203212+09:00,1788496319,54.2,83.34721773595804,9.0,16087236.688589847,9581527.074654114,1.6789846298243212,36,0.0,complete,1788495428156,1788496502735,1941891.50990578,2147534.4757561,-0.050286511253983805,54.5,55.0,0.917431192660545,-0.5504587155963248,1.4545454545454493,159.99999999999977,complete_hourly_ordered,/v1/candles/minutes/60,120,False,13.400000000000013,50.0,2026-09-03T02:00:00,56.7,2026-09-03T18:00:00,D-1,4.5855379188712515,38.805970149253746,False,0.25974025974027093,30.80001280532702,,False,0.5929378534069984,1263.3525664931453,781.8810093068524,1.13823822915829,0.1848428835489857,0.0,0.012368583797162103,-0.007798527508327879,,0.5929378534069984,1263.3525664931453,781.8810093068524,1.13823822915829,0.1848428835489857,0.0,0.012368583797162103,-0.007798527508327879,,1.5000621471710331,4549.311016773662,395.4579422418345,1.2607880501710298,0.743494423791824,0.0,0.049474335188626206,-0.031195108702878116,,1.5000621471710331,4549.311016773662,395.4579422418345,1.2607880501710298,0.743494423791824,0.0,0.049474335188626206,-0.031195108702878116,,1.6789846298243212,,412.91712902780455,1.5907074235685599,0.0,0.0,0.0,0.0,,0.6326985156920508,660.6477595937396,374.0098119254521,1.8037730922628583,0.0,0.0,0.0,0.0,,0.5929378534069984,14907260.42390507,8495039.558363784,1.13823822915829,0.1848428835489857,0.0,0.012368583797162103,-0.007798527508327879,25668763.76324396,12064927.633976083,2.1275522358673804,0.0,False,False,rising,rising,buy_advantage_accelerating,accelerating,leading_buy_inflow,False,False,False,pass,S0,🌱 초발사 준비,발사 구조 관찰 또는 초기 준비,S0,False,,,2026-09-04T04:10:00Z,33836660879-1
KRW-MET2,2026-09-04T13:31:59.203212+09:00,1788496319,267.0,-51.465150740785994,5.0,0.0,0.0,,0,0.0,complete,,,323557.16644403,331156.8235089,-0.011607598404024281,272.0,274.0,0.7352941176470562,-1.8382352941176516,2.5547445255474455,350.00000000000153,complete_hourly_ordered,/v1/candles/minutes/60,120,False,11.111111111111116,252.0,2026-08-31T11:00:00,280.0,2026-09-03T23:00:00,D-1,4.642857142857137,46.428571428571445,False,-0.5519779208831732,-25.365128837023875,,False,,-100.0,-100.0,0.0,0.0,0.0,0.0,0.0,,,-100.0,-100.0,0.0,0.0,0.0,0.0,0.0,,,-100.0,,0.3231631745805714,-0.743494423791824,0.0,-0.045998160073590366,0.048895442736935024,,,-100.0,,0.3231631745805714,-0.743494423791824,0.0,-0.045998160073590366,0.048895442736935024,,,,-100.0,0.3231631745805714,-0.743494423791824,0.0,-0.045998160073590366,0.048895442736935024,,,-100.0,-100.0,0.33546121691269803,-1.1111111111111072,0.0,-0.0689972401103911,0.0733405063592123,,,-19999.99999753,-571346.5040842099,0.0,0.0,0.0,0.0,0.0,0,1815993.3141755,0.0,-1.1111111111111072,False,False,falling,falling,unavailable,flat_or_na,neutral,False,False,False,pass,S0,🌱 초발사 준비,발사 구조 관찰 또는 초기 준비,S0,False,,,2026-09-04T04:10:00Z,33836660879-1
KRW-META,2026-09-04T13:31:59.203212+09:00,1788496319,10.5,-77.73884033697777,11.0,238331.99999994,1051740.4026645601,0.22660724965602858,5,0.0,complete,1788495666033,1788496322782,3874890.87447606,32029330.9052159,-0.7841540252145076,10.4,10.6,1.9230769230769162,0.9615384615384581,0.943396226415091,50.0,complete_hourly_ordered,/v1/candles/minutes/60,120,False,8.82956878850103,9.74,2026-08-31T02:00:00,10.6,2026-09-04T13:00:00,D0,0.9433962264150941,11.627906976744292,False,0.7191892775417097,12.687391957378066,13.226399968659758,False,-7.060964208000056,-88.50299897153131,269.7375819656706,0.06491315926265884,0.0,0.0,0.0,0.0,0.0,-7.060964208000056,-88.50299897153131,269.7375819656706,0.06491315926265884,0.0,0.0,0.0,0.0,0.0,,,,0.17617440862782985,0.0,0.0,0.0,0.0,0.0,,,,0.17617440862782985,0.0,0.0,0.0,0.0,0.0,,,,0.17617440862782985,0.0,0.0,0.0,0.0,0.0,-6.703399680343972,495.83000000044575,18121.420697584203,0.17617440862782985,0.0,0.0,0.0,0.0,0.0,-7.060964208000056,-1834660.76924298,767284.4928614252,0.06491315926265884,0.0,0.0,0.0,0.0,1290072.4026645,293385.033832161,4.397199086176023,0.0,False,False,falling,rising,sell_advantage_accelerating,accelerating,neutral,False,False,False,pass,S0,🌱 초발사 준비,발사 구조 관찰 또는 초기 준비,S0,False,,,2026-09-04T04:10:00Z,33836660879-1
KRW-META2,2026-09-04T13:31:59.203212+09:00,1788496319,8575.0,,,205420801.9928886,240484377.45591298,0.8541960362084126,873,0.0,complete,1788495426994,1788496344293,6290.80766398,11722.74608593,-0.3015472958508889,7320.0,8820.0,20.491803278688515,17.144808743169392,2.7777777777777777,16.33333333333333,complete_hourly_ordered,/v1/candles/minutes/60,120,False,23.963457484188332,7115.0,2026-09-02T14:00:00,8820.0,2026-09-04T09:00:00,D0,1.473922902494329,7.624633431085072,False,,,,True,0.024298677400995894,-7.42331689320398,-10.056776734168892,,1.4792899408283988,,,,,0.024298677400995894,-7.42331689320398,-10.056776734168892,,1.4792899408283988,,,,,0.0461679398352729,-23.399490063473362,-27.53962603249339,,1.8408551068883616,,,,,0.0461679398352729,-23.399490063473362,-27.53962603249339,,1.8408551068883616,,,,,-0.2388857319081935,104.5713414347099,161.78206655466138,,1.1202830188679291,,,,,0.053060482987234314,-47.46401707211374,-50.72741857504768,,1.1202830188679291,,,,,0.024298677400995894,-16471790.287519783,-26889159.67556268,,1.4792899408283988,,,,445905179.4488016,6188375.5269667,72.05528777394136,1.1202830188679291,False,False,falling,falling,sell_advantage_weakening,flat_or_na,neutral,False,False,False,pass,S0,🌱 초발사 준비,발사 구조 관찰 또는 초기 준비,S0,False,,,2026-09-04T04:10:00Z,33836660879-1
KRW-MEW,2026-09-04T13:31:59.203212+09:00,1788496319,0.582,-38.37828360441515,12.0,487146.2147329973,300000.00000000297,1.6238207157766416,5,0.0,complete,1788495853199,1788496407429,79620257.84926137,67118763.53568125,0.08519543196887468,0.584,0.585,0.1712328767123239,-0.3424657534246589,0.5128205128205133,300.0000000000065,complete_hourly_ordered,/v1/candles/minutes/60,120,False,10.275229357798143,0.545,2026-09-02T10:00:00,0.601,2026-09-04T01:00:00,D0,3.4941763727121544,37.50000000000002,True,0.6004618937644146,3.2644903397734946,2.130078709782496,False,1.6138075211356466,4771.462147330037,-69.96041607701483,0.5317300077121629,0.6920415224913601,0.0,0.04618937644340626,-0.0390463877818763,-0.036517755251246786,1.6138075211356466,4771.462147330037,-69.96041607701483,0.5317300077121629,0.6920415224913601,0.0,0.04618937644340626,-0.0390463877818763,-0.036517755251246786,1.2869770391342237,-84.55594840374833,-96.79630203544455,1.1339943759471538,0.5181347150259086,0.0,0.03464203233254359,-0.029284384357255444,-0.027352911826025395,1.2869770391342237,-84.55594840374833,-96.79630203544455,1.1339943759471538,0.5181347150259086,0.0,0.03464203233254359,-0.029284384357255444,-0.027352911826025395,0.8357050005154151,-39.468666749477,-70.6213287360145,1.295762789331512,0.0,0.0,0.0,0.0,0.0,,,,1.3877764475741827,0.1721170395869276,0.0,0.011547344110840463,-0.009761190477591608,-0.009094125498753769,1.6138075211356466,477146.2147329974,-698682.2745918701,0.5317300077121629,0.6920415224913601,0.0,0.04618937644340626,-0.0390463877818763,787146.2147330003,2379383.352688745,0.33081941749466776,0.1721170395869276,False,False,rising,falling,buy_advantage_accelerating,accelerating,neutral,False,False,False,pass,S1,⚡ 선행 시동,가격 미급등 상태에서 선행조건 6개 개선,S0,True,가격 미급등 상태에서 선행조건 6개 개선,2026-09-04T13:31:59.203212+09:00,2026-09-04T04:10:00Z,33836660879-1
KRW-MINA,2026-09-04T13:31:59.203212+09:00,1788496319,98.7,-75.4131161752327,9.0,426985.60029612103,174878.999999362,2.4416059120745133,9,0.0,complete,1788495991439,1788496072301,362925.36470652,1958052.78586605,-0.6872651604953811,98.5,99.2,0.7106598984771617,0.20304568527920175,0.5040322580645161,71.42857142856964,complete_hourly_ordered,/v1/candles/minutes/60,120,False,21.176470588235286,85.0,2026-08-31T08:00:00,103.0,2026-09-03T13:00:00,D-1,4.174757281553399,23.88888888888888,False,2.6603214229989236,-22.86074412959246,,True,-330.361769087611,-78.61672324672912,2814.650000169103,0.013743022704716168,0.10141987829614951,0.0,0.015603058199409325,-0.015805869514498028,,-330.361769087611,-78.61672324672912,2814.650000169103,0.013743022704716168,0.10141987829614951,0.0,0.015603058199409325,-0.015805869514498028,,-42.068310314263144,-84.66732837207022,179.51108993885478,0.013944915030037919,0.0,0.0,0.0,0.0,,-42.068310314263144,-84.66732837207022,179.51108993885478,0.013944915030037919,0.0,0.0,0.0,0.0,,,-76.52762913795173,,0.05543848474860624,-0.303030303030305,0.0,-0.023404587299102886,0.023707420817757452,,2.2582644400454908,-67.60847829645876,-97.56770359990591,0.06985959176130052,0.7142857142857117,0.0,0.05461070369792154,-0.05532377173679848,,-330.361769087611,-1569834.649578855,168878.99999973198,0.013743022704716168,0.10141987829614951,0.0,0.015603058199409325,-0.015805869514498028,601864.600295483,7777230.98084673,0.07738803203578715,0.7142857142857117,False,False,falling,rising,buy_advantage_weakening,accelerating,neutral,False,False,False,pass,S0,🌱 초발사 준비,발사 구조 관찰 또는 초기 준비,S0,False,,,2026-09-04T04:10:00Z,33836660879-1
KRW-MIRA,2026-09-04T13:31:59.203212+09:00,1788496319,61.3,403.2638999550061,10.0,6931141.7588366205,6313708.905922074,1.097792416805186,53,0.0,complete,1788495479182,1788496624700,2717308.08182387,2277303.02168055,0.08809596003072083,61.7,62.5,1.296596434359798,-0.6482982171799101,1.9200000000000046,150.00000000000085,complete_hourly_ordered,/v1/candles/minutes/60,120,False,24.652777777777768,57.6,2026-08-30T14:00:00,71.8,2026-08-31T14:00:00,D-4,14.623955431754876,73.94366197183105,False,0.5599731212901915,23.197331280472156,,True,0.698164135652807,-26.990528155527503,-73.42243461112628,0.33239218280908744,0.16339869281045694,0.0,0.02239892485160766,-0.015465161159042395,,0.698164135652807,-26.990528155527503,-73.42243461112628,0.33239218280908744,0.16339869281045694,0.0,0.02239892485160766,-0.015465161159042395,,0.24481629011505934,-64.7304294158716,-72.59581934950403,0.5856659897095824,0.3273322422258529,0.0,0.03359838727741149,-0.023197989776434724,,0.24481629011505934,-64.7304294158716,-72.59581934950403,0.5856659897095824,0.3273322422258529,0.0,0.03359838727741149,-0.023197989776434724,,0.946608491214114,-18.67486610764817,-88.80020229430392,1.250029497444416,0.4918032786885185,0.0,0.04479784970321532,-0.030930983759482444,,0.9845560347029132,74.25290789650754,-82.0259563110986,1.955331035209781,0.0,0.0,0.01119946242580383,-0.00773249790201902,,0.698164135652807,-2562341.187597505,-17442074.641374573,0.33239218280908744,0.16339869281045694,0.0,0.02239892485160766,-0.015465161159042395,13244850.664758693,30163292.613273945,0.4391049357433226,0.0,False,True,falling,falling,buy_advantage_accelerating,accelerating,neutral,True,True,False,🔴 1차 급등 완료·상승분 반납 / 신규매수 금지,S3,🔴 1차 급등 완료·반납,당일/5D 급등 후 상승분 상당 부분 반납,S3,False,,,2026-09-04T04:10:00Z,33836660879-1
KRW-MLK,2026-09-04T13:31:59.203212+09:00,1788496319,49.3,-94.5365447518842,11.0,276176.869564577,376060.091373288,0.7343955817168484,7,0.0,complete,1788495705851,1788496518941,3003403.30872534,1342208.47378398,0.38226949807792626,49.5,50.1,1.21212121212122,-0.40404040404040664,1.5968063872255573,133.33333333333331,complete_hourly_ordered,/v1/candles/minutes/60,120,False,5.919661733615222,47.3,2026-08-31T14:00:00,50.1,2026-09-04T06:00:00,D0,1.7964071856287345,32.142857142856755,False,0.536008796041787,12.178284685225487,12.634054495063689,False,-1.1680564051677262,3.6517153205344988,168.50980134514774,0.0062388912611766045,0.40733197556006573,0.0,0.02748763056625858,-0.0213761434930273,-0.07855948603333474,-1.1680564051677262,3.6517153205344988,168.50980134514774,0.0062388912611766045,0.40733197556006573,0.0,0.02748763056625858,-0.0213761434930273,-0.07855948603333474,-0.32404103478974644,-97.40544862436931,-96.26064174711513,0.05505751084534438,0.0,0.0,0.013743815283140393,-0.010687911346829893,-0.03919185262174807,-0.32404103478974644,-97.40544862436931,-96.26064174711513,0.05505751084534438,0.0,0.0,0.013743815283140393,-0.010687911346829893,-0.03919185262174807,0.3161168441370445,-90.64808362309904,-94.67356847798926,0.12533077610346766,-0.8048289738430747,0.0,-0.05497526113247275,0.04274843768275005,0.15503294058981787,0.2842382037095882,-89.82925640144389,-93.76570967378804,0.1288871331809105,-0.6048387096774244,0.0,-0.041231445849354564,0.03206180938886938,0.11653256800528666,-1.1680564051677262,9729.885343889007,236005.57958662402,0.0062388912611766045,0.40733197556006573,0.0,0.02748763056625858,-0.0213761434930273,652236.9609378651,2276669.616391044,0.28648731297771046,-0.6048387096774244,False,True,rising,rising,sell_advantage_accelerating,accelerating,neutral,False,False,False,pass,S1,⚡ 선행 시동,가격 미급등 상태에서 선행조건 4개 개선,S1,False,,,2026-09-04T04:10:00Z,33836660879-1
KRW-MMT,2026-09-04T13:31:59.203212+09:00,1788496319,230.0,-47.52301662268118,3.0,1381677.76026002,0.0,,10,0.0,complete,1788496335650,1788496565840,996052.70942514,1975538.02869199,-0.32961649351736605,230.0,233.0,1.304347826086949,0.0,1.2875536480686696,100.0,complete_hourly_ordered,/v1/candles/minutes/60,120,False,8.878504672897192,214.0,2026-08-31T08:00:00,233.0,2026-09-04T09:00:00,D0,1.716738197424894,21.05263157894738,False,-0.46471100784200026,0.04010646443285896,,False,,-12.135824035140509,-100.0,0.18110057190541795,0.0,0.0,0.0,0.0,,,-12.135824035140509,-100.0,0.18110057190541795,0.0,0.0,0.0,0.0,,,-46.36489773088412,-100.0,0.25811194507307533,-0.43290043290042934,0.0,-0.02904443799012224,0.025522827273752303,,,-46.36489773088412,-100.0,0.25811194507307533,-0.43290043290042934,0.0,-0.02904443799012224,0.025522827273752303,,,224.28644502163252,-100.0,0.5112197977436637,-0.8620689655172376,0.0,-0.02904443799012224,0.025522827273752303,,,-86.31383740859417,-100.0,0.731619364478675,0.4366812227074135,0.0,0.02904443799012224,-0.025524688487729826,,,-190837.71045083017,-3444497.57323986,0.18110057190541795,0.0,0.0,0.0,0.0,1381677.76026002,9685959.086446004,0.14264749086060702,0.4366812227074135,False,False,falling,falling,buy_only,accelerating,neutral,False,False,False,pass,S0,🌱 초발사 준비,발사 구조 관찰 또는 초기 준비,S0,False,,,2026-09-04T04:10:00Z,33836660879-1
KRW-MNT,2026-09-04T13:31:59.203212+09:00,1788496319,776.0,-76.29637290402435,12.0,4111566.16,0.0,,5,0.0,complete,1788495972293,1788496369556,376595.47794992,134510.24605645,0.4736500111872213,776.0,779.0,0.3865979381443285,0.0,0.38510911424903727,100.0,complete_hourly_ordered,/v1/candles/minutes/60,120,False,13.76912378303199,719.0,2026-08-30T14:00:00,818.0,2026-08-31T03:00:00,D-4,5.134474327628357,42.42424242424248,False,0.5984164978825257,2.3928360075480986,1.753020436775956,True,,,-100.0,0.05669991367132354,0.25839793281654533,0.0,0.018412815319446274,-0.015685939368378143,-0.015556501719819371,,,-100.0,0.05669991367132354,0.25839793281654533,0.0,0.018412815319446274,-0.015685939368378143,-0.015556501719819371,,-33.68441677419355,-100.0,0.21300473052880875,0.0,0.0,0.0,0.0,0.0,,-33.68441677419355,-100.0,0.21300473052880875,0.0,0.0,0.0,0.0,0.0,,308.57771999945845,-100.0,0.22778658068287427,-0.12870012870013214,0.0,-0.00920640765973424,0.007842706967473134,0.007751206670790545,,351.80789480927535,-100.0,0.24017110046472112,0.5181347150259086,0.0,0.03682563063891475,-0.03137257935379445,-0.031185541623816038,,4111566.16,-1625264.6361112199,0.05669991367132354,0.25839793281654533,0.0,0.018412815319446274,-0.015685939368378143,4111566.16,3527733.4999948097,1.1654979493224331,0.5181347150259086,False,True,rising,falling,buy_only,accelerating,neutral,False,False,False,pass,S1,⚡ 선행 시동,가격 미급등 상태에서 선행조건 6개 개선,S1,False,,,2026-09-04T04:10:00Z,33836660879-1
KRW-MOC,2026-09-04T13:31:59.203212+09:00,1788496319,24.4,2797.7184858865444,10.0,1197229.861133292,9200528.380652193,0.1301262070612106,24,0.0,complete,1788495649224,1788496271700,7417056.21041619,6216839.87071622,0.08803179462112216,25.1,25.1,0.0,-2.788844621513953,2.788844621513955,,complete_hourly_ordered,/v1/candles/minutes/60,120,False,45.887445887445885,23.1,2026-08-31T10:00:00,33.7,2026-09-02T15:00:00,D-2,27.596439169139476,87.73584905660378,False,0.6648199445983494,16.73492768151225,13.482526034526822,True,0.1070685502041297,1611.1835372361963,203.21242516903868,1.0773067930936122,-0.40816326530612734,0.0,-0.027700831024923822,0.02052740656666785,0.06093106046921015,0.1070685502041297,1611.1835372361963,203.21242516903868,1.0773067930936122,-0.40816326530612734,0.0,-0.027700831024923822,0.02052740656666785,0.06093106046921015,,1036.8496701891422,,1.5527006410789,-0.8130081300813163,0.0,-0.05540166204986985,0.04105363735038736,0.121458244288565,,1036.8496701891422,,1.5527006410789,-0.8130081300813163,0.0,-0.05540166204986985,0.04105363735038736,0.121458244288565,-0.17277127465909994,-61.21160366373344,-9.711442179377128,1.6099156590539678,-1.2145748987854255,0.0,-0.08310249307477147,0.06157869245215508,0.18158555378943042,-1.744477571892613,111.31387533614037,2944.1968470207453,2.7791979032763265,-1.6129032258064613,0.0,-0.11080332409971749,0.08210257197302795,0.241316938594494,0.1070685502041297,1127264.843642124,6166177.669093138,1.0773067930936122,-0.40816326530612734,0.0,-0.027700831024923822,0.02052740656666785,10397758.241785485,9379083.921445742,1.1086112811092876,-1.6129032258064613,False,True,rising,rising,sell_advantage_weakening,accelerating,leading_buy_inflow,True,True,False,🔴 1차 급등 완료·상승분 반납 / 신규매수 금지,S3,🔴 1차 급등 완료·반납,당일/5D 급등 후 상승분 상당 부분 반납,S3,False,,,2026-09-04T04:10:00Z,33836660879-1
KRW-MOCA,2026-09-04T13:31:59.203212+09:00,1788496319,12.1,-36.920534867871844,10.0,0.0,0.0,,0,0.0,complete,,,13414181.9738026,28909664.2714647,-0.36611706336578104,12.4,12.4,0.0,-2.4193548387096864,2.4193548387096833,,complete_hourly_ordered,/v1/candles/minutes/60,120,False,8.695652173913038,11.5,2026-09-01T22:00:00,12.5,2026-09-04T08:00:00,D0,3.200000000000003,40.00000000000005,False,0.6271379703534752,16.10219845513963,14.429876252444583,False,,-100.0,-100.0,0.010369078547093125,0.0,0.0,0.057012542759404816,-0.04255167855816211,-0.1493203472852649,,-100.0,-100.0,0.010369078547093125,0.0,0.0,0.057012542759404816,-0.04255167855816211,-0.1493203472852649,,-100.0,-100.0,0.03548020817755315,0.8333333333333304,0.0,0.057012542759404816,-0.04255167855816211,-0.1493203472852649,,-100.0,-100.0,0.03548020817755315,0.8333333333333304,0.0,0.057012542759404816,-0.04255167855816211,-0.1493203472852649,,-100.0,-100.0,0.03818266411258975,-0.8196721311475419,0.0,-0.057012542759404816,0.04254662221229566,0.147042665839189,,,-100.0,2.1815320927270037,-0.8196721311475419,0.0,-0.057012542759404816,0.04254662221229566,0.147042665839189,,-49999.999999895,-200000.00000004,0.010369078547093125,0.0,0.0,0.057012542759404816,-0.04255167855816211,0,1043979.100193215,0.0,-0.8196721311475419,False,False,falling,falling,unavailable,accelerating,neutral,False,False,False,pass,S1,⚡ 선행 시동,가격 미급등 상태에서 선행조건 4개 개선,S0,True,가격 미급등 상태에서 선행조건 4개 개선,2026-09-04T13:31:59.203212+09:00,2026-09-04T04:10:00Z,33836660879-1
KRW-MON,2026-09-04T13:31:59.203212+09:00,1788496319,36.3,-28.42213379478388,7.0,0.0,0.0,,0,0.0,complete,,,5503229.6719344,2104680.62684631,0.446712554646282,36.9,37.1,0.5420054200542035,-1.6260162601626105,2.1563342318059413,400.0,complete_hourly_ordered,/v1/candles/minutes/60,120,False,10.029498525073732,33.9,2026-09-03T09:00:00,37.3,2026-09-04T00:00:00,D0,2.680965147453085,29.411764705882366,False,-0.0693361067776177,-12.083211820744623,,True,,-100.0,-100.0,0.0673580837781671,-0.5479452054794609,0.0,-0.034668053388831055,0.0334345948082575,,,-100.0,-100.0,0.0673580837781671,-0.5479452054794609,0.0,-0.034668053388831055,0.0334345948082575,,,,-100.0,0.3058636595298232,-0.819672131147553,0.0,-0.052002080083213276,0.050150673483937425,,,,-100.0,0.3058636595298232,-0.819672131147553,0.0,-0.052002080083213276,0.050150673483937425,,,-100.0,-100.0,0.39324448841374604,-0.819672131147553,0.0,-0.052002080083213276,0.050150673483937425,,,-100.0,-100.0,0.8140883622160118,-0.27472527472527375,0.0,-0.01733402669442663,0.016717703666682127,,,-8133422.441998677,-2140255.572725544,0.0673580837781671,-0.5479452054794609,0.0,-0.034668053388831055,0.0334345948082575,0,7571336.561117616,0.0,-0.27472527472527375,False,False,falling,falling,unavailable,accelerating,neutral,False,False,False,pass,S0,🌱 초발사 준비,발사 구조 관찰 또는 초기 준비,S0,False,,,2026-09-04T04:10:00Z,33836660879-1
KRW-MOODENG,2026-09-04T13:31:59.203212+09:00,1788496319,56.4,39.74247795925137,12.0,10005226.373014208,1569250.374812196,6.375799893762402,10,0.0,complete,1788495573384,1788496590698,536234.80646076,2296735.25410067,-0.6214327754988765,56.3,56.7,0.7104795737122638,0.1776198934280604,0.5291005291005366,75.00000000000078,complete_hourly_ordered,/v1/candles/minutes/60,120,False,10.795454545454541,52.8,2026-09-02T10:00:00,58.5,2026-09-04T00:00:00,D0,3.589743589743588,36.842105263157926,False,-0.3750426184793598,5.576948969974409,7.468549887255627,False,,,,0.5436625081037576,0.7142857142857117,0.0,0.04545971133084192,-0.03800269027389014,-0.12821623488852563,,,,0.5436625081037576,0.7142857142857117,0.0,0.04545971133084192,-0.03800269027389014,-0.12821623488852563,6.252170748017831,790.1446951080256,-82.73976127247519,0.9919565289390917,0.3558718861209842,0.0,0.022729855665426513,-0.019000833440259157,-0.0637784597990061,6.252170748017831,790.1446951080256,-82.73976127247519,0.9919565289390917,0.3558718861209842,0.0,0.022729855665426513,-0.019000833440259157,-0.0637784597990061,,10.828666412254218,,1.368099667290835,0.5347593582887722,0.0,0.03409478349813977,-0.02850163392773908,-0.09591429560504405,6.375799893762402,,-67.15787896920197,2.12529922619553,0.8944543828264706,0.0,0.05682463916354408,-0.04750400248907116,-0.1606855688181179,,10005226.373014208,1569250.374812196,0.5436625081037576,0.7142857142857117,0.0,0.04545971133084192,-0.03800269027389014,11574476.747826405,4778163.91134,2.4223691280989206,0.8944543828264706,False,False,rising,rising,buy_advantage_weakening,accelerating,neutral,False,False,False,pass,S1,⚡ 선행 시동,가격 미급등 상태에서 선행조건 4개 개선,S0,True,가격 미급등 상태에서 선행조건 4개 개선,2026-09-04T13:31:59.203212+09:00,2026-09-04T04:10:00Z,33836660879-1
KRW-MORPHO,2026-09-04T13:31:59.203212+09:00,1788496319,3407.0,,,5378471.242678709,654134.83282379,8.222266989606338,9,0.0,complete,1788495540410,1788496581530,10301.44370455,9247.69724462,0.05390244321578433,3392.0,3416.0,0.7075471698113178,0.44221698113207086,0.26346604215456676,37.50000000000039,complete_hourly_ordered,/v1/candles/minutes/60,120,False,13.110307414104883,3318.0,2026-08-31T08:00:00,3753.0,2026-09-01T02:00:00,D-3,9.618971489475081,82.9885057471265,False,,,,True,8.219905330696454,53595.38024040806,-84.57722507374093,,0.47183721616042007,,,,,8.219905330696454,53595.38024040806,-84.57722507374093,,0.47183721616042007,,,,,6.921161954253962,-14.98734692846736,-86.54745812561707,,0.7690032534753088,,,,,6.921161954253962,-14.98734692846736,-86.54745812561707,,0.7690032534753088,,,,,8.061524292392194,11566.26822958837,128.07182301647626,,1.067932364283597,,,,,7.736491392197831,12.101688548647127,-93.37697683691628,,0.7392075694855116,,,,,8.219905330696454,5368454.605830999,-3587221.4467783305,,0.47183721616042007,,,,6032606.075502499,13252811.587004647,0.4551944344713926,0.7392075694855116,False,False,rising,falling,buy_advantage_accelerating,flat_or_na,neutral,False,False,False,pass,S0,🌱 초발사 준비,발사 구조 관찰 또는 초기 준비,S0,False,,,2026-09-04T04:10:00Z,33836660879-1
KRW-MOVE,2026-09-04T13:31:59.203212+09:00,1788496319,12.8,-55.564852231632756,8.0,141580.499999877,29871049.622368388,0.004739722968886136,26,0.0,complete,1788495665222,1788496260908,35225163.25971309,36591927.02762909,-0.019031177153620973,13.3,13.3,0.0,-3.759398496240607,3.7593984962406015,,complete_hourly_ordered,/v1/candles/minutes/60,120,False,25.0,10.8,2026-08-31T11:00:00,13.5,2026-09-04T07:00:00,D0,5.185185185185182,25.925925925925952,False,2.2602462570090687,29.520508376660892,,True,-4.4966569115365695,-99.27563155613099,587.9452020252181,0.17903150965886994,-1.538461538461533,-2.0,-0.05780680964218021,0.03632961706207993,,-4.4966569115365695,-99.27563155613099,587.9452020252181,0.17903150965886994,-1.538461538461533,-2.0,-0.05780680964218021,0.03632961706207993,,-0.4152032985669223,-94.72593208567736,367.286385779252,0.2992586677746587,0.0,0.0,0.0,0.0,,-0.4152032985669223,-94.72593208567736,367.286385779252,0.2992586677746587,0.0,0.0,0.0,0.0,,-6.080442544167364,-99.54928646632888,478.657027142315,0.3534028605665753,0.7874015748031704,0.0,0.05780680964218021,-0.03633323580211467,,-0.07506177747138994,-97.2238402058741,-53.25850930792277,0.5111716334742411,0.7874015748031704,0.0,0.0,0.0,,-4.4966569115365695,-19403790.53296004,25528981.455538817,0.17903150965886994,-1.538461538461533,-2.0,-0.05780680964218021,0.03632961706207993,30012630.122368265,33811891.56653391,0.8876353475613873,0.7874015748031704,False,False,falling,rising,sell_advantage_accelerating,accelerating,neutral,False,False,False,pass,S0,🌱 초발사 준비,발사 구조 관찰 또는 초기 준비,S1,True,발사 구조 관찰 또는 초기 준비,2026-09-04T13:31:59.203212+09:00,2026-09-04T04:10:00Z,33836660879-1
KRW-MTL,2026-09-04T13:31:59.203212+09:00,1788496319,322.0,-83.50627953657555,11.0,0.0,0.0,,0,0.0,complete,,,268219.10730566,207322.58516946,0.1280571674362413,322.0,324.0,0.6211180124223503,0.0,0.6172839506172839,100.0,complete_hourly_ordered,/v1/candles/minutes/60,120,False,4.968944099378891,322.0,2026-08-30T10:00:00,338.0,2026-08-31T14:00:00,D-4,4.7337278106508895,100.0,False,0.6676403087836347,9.176470588235293,7.050454262255497,True,,-100.0,-100.0,0.04700805741258307,0.31152647975076775,0.0,0.0,0.0,0.0,,-100.0,-100.0,0.04700805741258307,0.31152647975076775,0.0,0.0,0.0,0.0,,,-100.0,0.04718682721183143,0.0,0.0,0.0,0.0,0.0,,,-100.0,0.04718682721183143,0.0,0.0,0.0,0.0,0.0,,-100.0,-100.0,0.11912631845572719,0.31152647975076775,0.0,0.020863759649492053,-0.01668689782320243,-0.03097886337086031,,,-100.0,0.1528830836277706,0.31152647975076775,0.0,0.020863759649492053,-0.01668689782320243,-0.03097886337086031,,-7429.285355939999,-1201307.07794853,0.04700805741258307,0.31152647975076775,0.0,0.0,0.0,0,968410.3759692,0.0,0.31152647975076775,False,False,falling,falling,unavailable,accelerating,neutral,False,False,False,pass,S1,⚡ 선행 시동,가격 미급등 상태에서 선행조건 3개 개선,S1,False,,,2026-09-04T04:10:00Z,33836660879-1
KRW-MVL,2026-09-04T13:31:59.203212+09:00,1788496319,1.26,296.44089341691944,13.0,423371.9999999952,0.0,,1,0.0,complete,1788496131126,1788496131126,75716952.7796588,176196762.99598217,-0.39886597641953153,1.28,1.29,0.78125,-1.5625,2.325581395348839,300.0,complete_hourly_ordered,/v1/candles/minutes/60,120,False,14.285714285714302,1.19,2026-08-30T12:00:00,1.36,2026-09-01T18:00:00,D-3,7.352941176470596,58.82352941176475,False,0.990099009900991,14.004683840749415,10.251369001503637,False,,2016.8600000007593,,0.3956002684356008,0.0,0.0,0.0,0.0,0.0,,2016.8600000007593,,0.3956002684356008,0.0,0.0,0.0,0.0,0.0,,41.1240000000032,,0.40040065828947036,0.0,0.0,0.0,0.0,0.0,,41.1240000000032,,0.40040065828947036,0.0,0.0,0.0,0.0,0.0,,0.056010493106462,,0.5739671541371081,0.0,0.0,0.0,0.0,0.0,,-64.0925675490635,-100.0,0.5739671541371081,0.0,0.0,0.0,0.0,0.0,,403372.0000000026,0.0,0.3956002684356008,0.0,0.0,0.0,0.0,423371.9999999952,299999.9999999898,1.411240000000032,0.0,False,False,rising,flat_or_na,buy_only,accelerating,neutral,False,False,False,pass,S0,🌱 초발사 준비,발사 구조 관찰 또는 초기 준비,S0,False,,,2026-09-04T04:10:00Z,33836660879-1
KRW-NCT,2026-09-04T13:31:59.203212+09:00,1788496319,15.9,,,613574.499999903,7144403.347787988,0.08588183927071735,9,0.0,complete,1788495451105,1788495705460,22213787.97628302,26757430.17216889,-0.09278189041800468,16.2,16.2,0.0,-1.851851851851849,1.8518518518518454,,complete_hourly_ordered,/v1/candles/minutes/60,120,False,15.343915343915349,18.9,2026-08-30T21:00:00,21.8,2026-08-31T09:00:00,D-4,27.064220183486242,203.44827586206887,True,,,,False,-1.389866845154582,-91.85094920743589,40.02903394433752,,-1.2422360248447228,,,,,-1.389866845154582,-91.85094920743589,40.02903394433752,,-1.2422360248447228,,,,,,-56.15891066012579,,,-1.2422360248447228,,,,,,-56.15891066012579,,,-1.2422360248447228,,,,,-2.057681141690883,-94.37219952830857,40.46677222793493,,-1.2422360248447228,,,,,-0.31877284006084927,-83.39729043374803,-21.772004737938254,,-0.6249999999999978,,,,,-1.389866845154582,-6915823.9001153745,2042316.1973275086,,-1.2422360248447228,,,,7757977.8477878915,7146147.857095391,1.0856167550584637,-0.6249999999999978,False,False,falling,rising,sell_advantage_accelerating,flat_or_na,neutral,True,True,False,🔴 1차 급등 완료·상승분 반납 / 신규매수 금지,S3,🔴 1차 급등 완료·반납,당일/5D 급등 후 상승분 상당 부분 반납,S3,False,,,2026-09-04T04:10:00Z,33836660879-1
KRW-NEAR,2026-09-04T13:31:59.203212+09:00,1788496319,2677.0,20.446295935694025,13.0,32928904.08307866,104776294.50143343,0.3142781889717255,210,0.0,complete,1788495438103,1788496413796,104199.4629446,45302.22106691,0.3939570464848781,2668.0,2680.0,0.4497751124437732,0.33733133433282436,0.11194029850746269,25.000000000001233,complete_hourly_ordered,/v1/candles/minutes/60,120,False,13.181089743589736,2496.0,2026-08-31T08:00:00,2825.0,2026-09-01T23:00:00,D-3,5.16814159292035,44.37689969604858,False,0.6040679002905724,6.333371895384113,11.343880418901515,True,-2.4770624587405785,-15.858042978428422,647.3279185578633,0.6105670742279514,0.18712574850299202,1.0,0.0,0.0,0.0,-2.4770624587405785,-15.858042978428422,647.3279185578633,0.6105670742279514,0.18712574850299202,1.0,0.0,0.0,0.0,0.20632076800699373,755.6687862995065,193.9300231783748,1.0303193609981989,0.6390977443609058,1.0,0.040780955293873156,-0.03352486910625707,-0.19866718070482392,0.20632076800699373,755.6687862995065,193.9300231783748,1.0303193609981989,0.6390977443609058,1.0,0.040780955293873156,-0.03352486910625707,-0.19866718070482392,-0.4678906034387436,102.484089616416,403.9380441124213,1.4248526742490313,0.37495313085864623,1.0,0.0025488097058712356,-0.00209521108898425,-0.012276249055664934,0.237244219627622,2105.9469791584334,440.7083848968492,1.5355560755236475,1.1333585190782092,1.0,0.053525003823229333,-0.044002043351806464,-0.26174887755215437,-2.4770624587405785,-6206035.545954019,90756171.35340187,0.6105670742279514,0.18712574850299202,1.0,0.0,0.0,137705198.58451208,52751448.217467435,2.610453423322588,1.1333585190782092,False,True,falling,rising,sell_advantage_accelerating,accelerating,neutral,False,False,False,pass,S1,⚡ 선행 시동,가격 미급등 상태에서 선행조건 3개 개선,S1,False,,,2026-09-04T04:10:00Z,33836660879-1
KRW-NEO,2026-09-04T13:31:59.203212+09:00,1788496319,2873.0,-70.64009727257525,11.0,5054453.72880747,1010602.6877186699,5.001425179481139,15,0.0,complete,1788495520397,1788495748637,14413.1113463,10861.29661802,0.14053008613670054,2874.0,2886.0,0.41753653444676075,-0.03479471120390043,0.45045045045045046,108.33333333333421,complete_hourly_ordered,/v1/candles/minutes/60,120,False,5.430029154518956,2744.0,2026-09-02T19:00:00,2893.0,2026-09-04T04:00:00,D0,0.6913238852402359,13.422818791946339,True,0.46980634811504274,9.156605909275756,8.631422466270315,False,,6116.203515338636,,0.2601735274168533,0.34928396786586546,0.0,0.02291738283488609,-0.018369029917796098,-0.04737092419027178,,6116.203515338636,,0.2601735274168533,0.34928396786586546,0.0,0.02291738283488609,-0.018369029917796098,-0.04737092419027178,5.001425179481139,,6.379230290209237,0.2683772870623926,0.34928396786586546,0.0,0.02291738283488609,-0.018369029917796098,-0.04737092419027178,5.001425179481139,,6.379230290209237,0.2683772870623926,0.34928396786586546,0.0,0.02291738283488609,-0.018369029917796098,-0.04737092419027178,4.2205161336855355,-19.23931361536878,-87.39024412458309,0.46358581112271224,0.3142458100558576,0.0,0.02062564455138638,-0.01653208410355056,-0.04261891038077792,4.506472897138164,911.3961911400438,0.09004137690380443,0.7389508506563942,0.20927799093128918,0.0,0.01375042970090945,-0.011021303758317558,-0.028382805874381134,,4973142.78529773,1010602.6877186699,0.2601735274168533,0.34928396786586546,0.0,0.02291738283488609,-0.018369029917796098,6065056.41652614,2884947.984021075,2.1023104922926863,0.20927799093128918,False,True,rising,rising,buy_advantage_weakening,accelerating,neutral,False,False,False,pass,S1,⚡ 선행 시동,가격 미급등 상태에서 선행조건 4개 개선,S1,False,,,2026-09-04T04:10:00Z,33836660879-1
KRW-NEWT,2026-09-04T13:31:59.203212+09:00,1788496319,57.1,82.07176417009956,7.0,0.0,3992894.223411332,0.0,11,0.0,complete,1788495637289,1788495981579,2383679.94730563,498472.9118581,0.6540968253829992,57.0,57.5,0.8771929824561431,0.17543859649122862,0.695652173913041,80.0,complete_hourly_ordered,/v1/candles/minutes/60,120,False,6.451612903225801,55.8,2026-08-31T08:00:00,59.4,2026-08-31T14:00:00,D-4,3.872053872053871,63.88888888888877,False,0.13938901149961325,24.66218799497514,,False,-0.00386523618159657,-100.0,51.380406742585635,1.1285012247085149,0.17543859649122862,0.0,0.03484725287490331,-0.02374851504212927,,-0.00386523618159657,-100.0,51.380406742585635,1.1285012247085149,0.17543859649122862,0.0,0.03484725287490331,-0.02374851504212927,,0.0,,2595.45373890962,1.2033671144624662,0.528169014084523,0.0,0.02323150191660961,-0.01583217041160978,,0.0,,2595.45373890962,1.2033671144624662,0.528169014084523,0.0,0.02323150191660961,-0.01583217041160978,,0.0,,3034.164228695214,1.324465476913531,0.528169014084523,0.0,0.03484725287490331,-0.02374851504212927,,,,,1.3497770350858218,0.17543859649122862,0.0,0.011615750958315907,-0.007915998732794804,,-0.00386523618159657,-10195.163002739999,1355238.327690932,1.1285012247085149,0.17543859649122862,0.0,0.03484725287490331,-0.02374851504212927,3992894.223411332,937943.187767704,4.257074709305563,0.17543859649122862,False,False,falling,rising,sell_only,accelerating,neutral,False,False,False,pass,S0,🌱 초발사 준비,발사 구조 관찰 또는 초기 준비,S0,False,,,2026-09-04T04:10:00Z,33836660879-1
KRW-NXPC,2026-09-04T13:31:59.203212+09:00,1788496319,281.0,-17.187074000696057,5.0,0.0,59730.391267189996,0.0,1,0.0,complete,1788495951146,1788495951146,526610.21269446,214364.20417625,0.42139917574602664,280.0,284.0,1.4285714285714235,0.3571428571428559,1.056338028169014,75.0,complete_hourly_ordered,/v1/candles/minutes/60,120,False,5.576208178438669,269.0,2026-09-03T06:00:00,284.0,2026-09-04T09:00:00,D0,1.0563380281690127,20.00000000000024,False,-0.27906976744186407,31.27103702516429,,False,-0.028373649320572812,-100.0,-98.30523082436584,0.1309924714756434,-0.35460992907800915,0.0,-0.023255813953482196,0.01465091332970303,,-0.028373649320572812,-100.0,-98.30523082436584,0.1309924714756434,-0.35460992907800915,0.0,-0.023255813953482196,0.01465091332970303,,-0.2822822823553455,-100.0,754.1454494873451,0.5545410480461754,0.0,0.0,0.0,0.0,,-0.2822822823553455,-100.0,754.1454494873451,0.5545410480461754,0.0,0.0,0.0,0.0,,,-100.0,,0.682434048925785,-0.35460992907800915,0.0,-0.023255813953482196,0.01465091332970303,,-0.8899355174980618,-100.0,-95.85711636952468,1.2964274534451263,0.0,0.0,0.0,0.0,,-0.028373649320572812,-99999.99999774,-3464666.4484876893,0.1309924714756434,-0.35460992907800915,0.0,-0.023255813953482196,0.01465091332970303,59730.391267189996,1130989.8515495851,0.05281249092142829,0.0,False,False,falling,falling,sell_only,accelerating,neutral,False,False,False,pass,S0,🌱 초발사 준비,발사 구조 관찰 또는 초기 준비,S0,False,,,2026-09-04T04:10:00Z,33836660879-1
KRW-O,2026-09-04T13:31:59.203212+09:00,1788496319,765.0,,,7238446.345369389,1058465.90940236,6.838620196522363,10,0.0,complete,1788495464674,1788496404976,83847.27931196,68109.97734272,0.10356400421865156,767.0,811.0,5.736636245110827,-0.2607561929595881,5.6720098643649814,104.54545454545463,complete_hourly_ordered,/v1/candles/minutes/60,120,False,14.384508990318112,723.0,2026-08-30T20:00:00,827.0,2026-09-01T16:00:00,D-3,7.738814993954046,61.5384615384615,True,,,,True,5.843568058478828,175.51935887193827,-59.9106078069195,,0.0,,,,,5.843568058478828,175.51935887193827,-59.9106078069195,,0.0,,,,,6.47305257811813,-81.78691238858805,-99.02639496410734,,-0.5201560468140465,,,,,6.47305257811813,-81.78691238858805,-99.02639496410734,,-0.5201560468140465,,,,,5.722198377378929,-60.779596311274084,-93.59717118725588,,-2.6717557251908386,,,,,5.248982859973507,-23.883011435512202,-82.30660520826945,,-2.423469387755106,,,,,5.843568058478828,4611245.7105371095,-1581798.3887055397,,0.0,,,,8296912.2547717495,4900438.08548958,1.6930960273407563,-2.423469387755106,False,False,rising,falling,buy_advantage_accelerating,flat_or_na,neutral,False,True,False,pass,S0,🌱 초발사 준비,발사 구조 관찰 또는 초기 준비,S0,False,,,2026-09-04T04:10:00Z,33836660879-1
KRW-ONDO,2026-09-04T13:31:59.203212+09:00,1788496319,499.0,-23.562732982592284,7.0,182808323.18629852,33530926.29648777,5.451931794841198,194,0.0,complete,1788495428866,1788496589026,3656246.58782509,2623380.9721566,0.1644788016172573,496.0,500.0,0.8064516129032251,0.6048387096774244,0.2,24.99999999999931,complete_hourly_ordered,/v1/candles/minutes/60,120,False,10.151187904967607,463.0,2026-09-02T10:00:00,510.0,2026-09-04T00:00:00,D0,1.9607843137254943,21.276595744680968,False,0.11964902951342449,4.9536189815107,,True,5.21528721949589,1015.6102287772449,-51.57622678081148,0.32295800801246344,0.4024144869215318,0.0,0.03988300983779336,-0.03336532076902454,,5.21528721949589,1015.6102287772449,-51.57622678081148,0.32295800801246344,0.4024144869215318,0.0,0.03988300983779336,-0.03336532076902454,,4.693694722213716,49.560157664214444,-79.19965612256495,0.4960814347409688,0.4024144869215318,0.0,0.03988300983779336,-0.03336532076902454,,4.693694722213716,49.560157664214444,-79.19965612256495,0.4960814347409688,0.4024144869215318,0.0,0.03988300983779336,-0.03336532076902454,,2.42394829205251,105.41192258045817,14.085050263885668,1.067121332194663,0.20080321285140812,0.0,0.026588673225202974,-0.022243196257266007,,4.762871637320993,86.71780010578334,-76.40106267021545,1.3188313397615268,0.8080808080808133,0.0,0.06647168306299633,-0.055610622641840024,,5.21528721949589,166421925.9957077,-35713835.24803542,0.32295800801246344,0.4024144869215318,0.0,0.03988300983779336,-0.03336532076902454,216339249.4827863,210816324.29744077,1.0261978060937693,0.8080808080808133,False,False,rising,falling,buy_advantage_accelerating,accelerating,leading_buy_inflow,False,False,False,pass,S0,🌱 초발사 준비,발사 구조 관찰 또는 초기 준비,S0,False,,,2026-09-04T04:10:00Z,33836660879-1
KRW-ONG,2026-09-04T13:31:59.203212+09:00,1788496319,137.0,-74.14044125243167,6.0,50300871.06609444,30100998.34384871,1.6710698592617836,154,0.0,complete,1788495422109,1788496732900,7793420.02977988,9969908.50523565,-0.12252706305383133,138.0,139.0,0.7246376811594235,-0.7246376811594235,1.4388489208633095,200.0,complete_hourly_ordered,/v1/candles/minutes/60,120,False,36.36363636363635,121.0,2026-09-01T09:00:00,165.0,2026-09-01T19:00:00,D-3,16.36363636363637,61.36363636363635,False,1.3236267372600974,-68.51291324344511,,True,-4.891109625467057,-66.63093595176652,31.038080968473025,0.08487891441777151,0.0,0.0,0.0,0.0,,-4.891109625467057,-66.63093595176652,31.038080968473025,0.08487891441777151,0.0,0.0,0.0,0.0,,-3.27154967737028,-23.64302806812003,125.84541222908467,0.1122951488710271,1.4814814814814836,0.0,0.09454476694714664,-0.12414230690346528,,-3.27154967737028,-23.64302806812003,125.84541222908467,0.1122951488710271,1.4814814814814836,0.0,0.09454476694714664,-0.12414230690346528,,1.5268794918721358,757.860459858518,-25.978429812206738,0.13378813173063975,1.4814814814814836,0.0,0.09454476694714664,-0.12414230690346528,,1.0510853604267174,107.81119555174534,-22.89986010316688,0.15708136106289317,0.7352941176470562,0.0,0.04727238347357332,-0.06206505285284436,,-4.891109625467057,-100440159.58848672,7129814.607503526,0.08487891441777151,0.0,0.0,0.0,0.0,80401869.40994315,85716304.04028335,0.9379997225750352,0.7352941176470562,False,False,falling,rising,buy_advantage_weakening,accelerating,neutral,True,True,False,🔴 1차 급등 완료·상승분 반납 / 신규매수 금지,S3,🔴 1차 급등 완료·반납,당일/5D 급등 후 상승분 상당 부분 반납,S0,True,당일/5D 급등 후 상승분 상당 부분 반납,2026-09-04T13:31:59.203212+09:00,2026-09-04T04:10:00Z,33836660879-1
KRW-ONT,2026-09-04T13:31:59.203212+09:00,1788496319,76.2,-78.51631555071157,8.0,5369259.081426922,28434064.9299527,0.18883192025670928,94,0.0,complete,1788495422230,1788496717669,722372.81794018,1304229.13580562,-0.2871093244482401,75.4,76.6,1.591511936339507,1.0610079575596787,0.5221932114882396,33.333333333332874,complete_hourly_ordered,/v1/candles/minutes/60,120,False,20.396600566572243,70.6,2026-09-01T09:00:00,85.0,2026-09-01T21:00:00,D-3,11.529411764705877,68.05555555555549,True,0.9088454962656423,-7.330262606927085,,True,-0.9426049067594713,-44.07644113116716,235.0809223143335,0.07066209478703911,0.13140604467807293,0.0,0.008998470260057623,-0.00828710922418363,,-0.9426049067594713,-44.07644113116716,235.0809223143335,0.07066209478703911,0.13140604467807293,0.0,0.008998470260057623,-0.00828710922418363,,-1.0648346706417788,-34.415217970932424,335.4213524356734,0.10271863146024884,0.39525691699604515,0.0,0.026995410780172868,-0.024861922569222372,,-1.0648346706417788,-34.415217970932424,335.4213524356734,0.10271863146024884,0.39525691699604515,0.0,0.026995410780172868,-0.024861922569222372,,-0.3142064114803593,-74.20731248186878,-31.289633222510016,0.12297622080784265,0.793650793650813,0.0,0.05399082156032353,-0.04972562993524576,,-5.165402277976147,-44.21055045149838,1481.8818040249246,0.20576685334488332,1.4647137150466172,0.0,0.08998470260053182,-0.0828800164394794,,-0.9426049067594713,-4231809.216140423,19948334.159736183,0.07066209478703911,0.13140604467807293,0.0,0.008998470260057623,-0.00828710922418363,33803324.01137962,11656646.161243267,2.8999185137635033,1.4647137150466172,False,False,falling,rising,sell_advantage_accelerating,accelerating,neutral,True,True,False,🔴 1차 급등 완료·상승분 반납 / 신규매수 금지,S3,🔴 1차 급등 완료·반납,당일/5D 급등 후 상승분 상당 부분 반납,S0,True,당일/5D 급등 후 상승분 상당 부분 반납,2026-09-04T13:31:59.203212+09:00,2026-09-04T04:10:00Z,33836660879-1
KRW-OP,2026-09-04T13:31:59.203212+09:00,1788496319,137.0,147.21482355756694,11.0,13320277.21937394,0.0,,16,0.0,complete,1788495430813,1788496471468,1311198.30589098,2082917.02452531,-0.22736962168568334,139.0,140.0,0.7194244604316502,-1.4388489208633115,2.142857142857143,300.00000000000153,complete_hourly_ordered,/v1/candles/minutes/60,120,False,22.033898305084755,118.0,2026-08-31T08:00:00,144.0,2026-09-04T03:00:00,D0,4.861111111111116,26.923076923076945,False,0.04868549172345471,11.288581912367798,12.868590013843988,True,,139.72926061098772,,1.2245943325004305,0.7352941176470562,0.0,0.0,0.0,0.0,,139.72926061098772,,1.2245943325004305,0.7352941176470562,0.0,0.0,0.0,0.0,,1232.0277219375005,-100.0,1.793361472930826,0.7352941176470562,0.0,0.0,0.0,0.0,,1232.0277219375005,-100.0,1.793361472930826,0.7352941176470562,0.0,0.0,0.0,0.0,,,-100.0,2.0866821410744194,0.7352941176470562,0.0,0.0,0.0,0.0,,14882.232690314762,-100.0,2.51930914609639,0.7352941176470562,0.0,-0.048685491723476915,0.038379570599060386,0.15499878771271902,,7763893.661761858,0.0,1.2245943325004305,0.7352941176470562,0.0,0.0,0.0,13320277.21937394,6541845.8216937985,2.036164957480622,0.7352941176470562,False,False,rising,flat_or_na,buy_only,accelerating,neutral,False,False,False,pass,S1,⚡ 선행 시동,가격 미급등 상태에서 선행조건 3개 개선,S1,False,,,2026-09-04T04:10:00Z,33836660879-1
KRW-OPEN,2026-09-04T13:31:59.203212+09:00,1788496319,163.0,235.99193516176317,4.0,6019211.592184581,1018489.2,5.909941501770054,15,0.0,complete,1788496015935,1788496450348,1316973.56684504,1773320.31137161,-0.14767098616197594,163.0,165.0,1.2269938650306678,0.0,1.2121212121212122,100.0,complete_hourly_ordered,/v1/candles/minutes/60,120,False,9.090909090909083,176.0,2026-08-31T22:00:00,192.0,2026-09-01T10:00:00,D-3,15.104166666666663,181.25000000000006,False,-1.8764153995470712,22.797416398867302,,False,,399.35374936791544,,0.49756835531948695,0.0,0.0,0.0,0.0,,,399.35374936791544,,0.49756835531948695,0.0,0.0,0.0,0.0,,5.177576868378428,21.905663592319712,-84.89335358084129,0.983407139263079,0.6172839506172867,0.0,0.0,0.0,,5.177576868378428,21.905663592319712,-84.89335358084129,0.983407139263079,0.6172839506172867,0.0,0.0,0.0,,5.862642459022629,1141.0617606408177,-90.06740874657325,2.0035046327748773,-0.6097560975609762,0.0,-0.03235198964737229,0.022997054292055452,,5.761301567938676,69.20953759961479,-95.74423969088157,2.1175667917877945,0.0,0.0,0.0,0.0,,,4813811.292336281,1018489.2,0.49756835531948695,0.0,0.0,0.0,0.0,7037700.792184581,8204500.13303775,0.8577854443374655,0.0,False,False,rising,rising,buy_advantage_weakening,accelerating,neutral,False,False,False,pass,S0,🌱 초발사 준비,발사 구조 관찰 또는 초기 준비,S0,False,,,2026-09-04T04:10:00Z,33836660879-1
KRW-OPG,2026-09-04T13:31:59.203212+09:00,1788496319,139.0,,,8954356.63321758,35317336.06539619,0.253539978684605,48,0.0,complete,1788495528874,1788496609979,629213.8148024,1599233.07722441,-0.43528937839741877,137.0,141.0,2.9197080291970767,1.4598540145985384,1.4184397163120568,50.0,complete_hourly_ordered,/v1/candles/minutes/60,120,False,11.904761904761907,126.0,2026-08-31T08:00:00,141.0,2026-09-04T11:00:00,D0,2.127659574468088,19.999999999999925,False,,,,False,,,,,-0.7142857142857117,,,,,,,,,-0.7142857142857117,,,,,0.1847935398954075,34940.919752829584,9401.217352004736,,-0.7142857142857117,,,,,0.1847935398954075,34940.919752829584,9401.217352004736,,-0.7142857142857117,,,,,-0.2595669405721651,81089.19788248956,164208.3643792309,,0.0,,,,,-0.09406643669972459,374.5314902490476,550.5884837895633,,0.0,,,,,,8954356.63321758,35317336.06539619,,-0.7142857142857117,,,,44271692.69861377,2742862.5982006,16.14068919371219,0.0,False,False,rising,rising,sell_advantage_weakening,flat_or_na,neutral,False,True,False,pass,S0,🌱 초발사 준비,발사 구조 관찰 또는 초기 준비,S0,False,,,2026-09-04T04:10:00Z,33836660879-1
KRW-ORBS,2026-09-04T13:31:59.203212+09:00,1788496319,8.41,-93.23936705258662,11.0,119940.02998493749,2093989.5256849958,0.05727823779142455,9,0.0,complete,1788495640885,1788496384737,4715968.96754579,9254120.81299732,-0.32484772229395814,8.47,8.5,0.35419126328215533,-0.7083825265643551,1.0588235294117632,300.0000000000125,complete_hourly_ordered,/v1/candles/minutes/60,120,False,5.1724137931034475,8.12,2026-09-02T20:00:00,8.54,2026-09-04T08:00:00,D0,1.0538641686182681,21.42857142857146,False,0.578638591979419,10.603950141076465,10.379034211439391,True,-2.1764731164167674,-76.27768394284968,825.1289435714385,0.01434200465392621,-0.4733727810650734,0.0,-0.03214658844330476,0.025378712505032652,0.07602661281982748,-2.1764731164167674,-76.27768394284968,825.1289435714385,0.01434200465392621,-0.4733727810650734,0.0,-0.03214658844330476,0.025378712505032652,0.07602661281982748,,-67.36661793243732,,0.01935519522524487,-0.5910165484633634,0.0,-0.0401832355541476,0.031723107389277416,0.0949151189840336,,-67.36661793243732,,0.01935519522524487,-0.5910165484633634,0.0,-0.0401832355541476,0.031723107389277416,0.0949151189840336,-0.6042033981287334,-87.13897493106941,48.526425222530904,0.053418272579648374,-0.11876484560570111,0.0,-0.008036647110820638,0.006344848077546317,0.019077895709214587,0.05727823779142455,,6871.675340875492,0.053418272579648374,-0.11876484560570111,0.0,-0.008036647110820638,0.006344848077546317,0.019077895709214587,-2.1764731164167674,-385659.9700150015,1867643.8319051429,0.01434200465392621,-0.4733727810650734,0.0,-0.03214658844330476,0.025378712505032652,2213929.555669933,1248664.8126859304,1.7730375142931094,-0.11876484560570111,False,True,falling,rising,sell_advantage_accelerating,accelerating,neutral,False,False,False,pass,S0,🌱 초발사 준비,발사 구조 관찰 또는 초기 준비,S1,True,발사 구조 관찰 또는 초기 준비,2026-09-04T13:31:59.203212+09:00,2026-09-04T04:10:00Z,33836660879-1
KRW-ORCA,2026-09-04T13:31:59.203212+09:00,1788496319,1742.0,-77.94013273204189,12.0,3724627.80068562,858141.92903226,4.340340070419285,14,0.0,complete,1788495545806,1788496515989,19789.30796441,20598.52949592,-0.020036267906268536,1721.0,1747.0,1.510749564206848,1.220220801859373,0.28620492272467085,19.23076923076951,complete_hourly_ordered,/v1/candles/minutes/60,120,False,19.12260967379078,1778.0,2026-08-30T17:00:00,2118.0,2026-08-30T22:00:00,D-4,17.516525023607176,109.11764705882356,True,0.5757273355338821,2.0383749077076874,2.002041185614775,False,4.340340070419285,,-42.4994498637635,0.0681232994489136,0.17251293847038163,1.0,0.011514546710666984,-0.009842073380307514,-0.013563464798384217,4.340340070419285,,-42.4994498637635,0.0681232994489136,0.17251293847038163,1.0,0.011514546710666984,-0.009842073380307514,-0.013563464798384217,,,,0.0681232994489136,0.17251293847038163,1.0,0.011514546710666984,-0.009842073380307514,-0.013563464798384217,,,,0.0681232994489136,0.17251293847038163,1.0,0.011514546710666984,-0.009842073380307514,-0.013563464798384217,2.2470828521817445,161.92784327413645,26.322440107328337,0.06948872654818672,0.5773672055427337,1.0,0.038381822368926954,-0.03280798447117039,-0.04541832132160595,3.686630411722734,500.35072871038216,-9.579649613589503,0.12201137351701163,0.6936416184971206,1.0,0.04605818684269014,-0.0393699493363604,-0.054573296247749425,4.340340070419285,3724627.80068562,-634264.5383824998,0.0681232994489136,0.17251293847038163,1.0,0.011514546710666984,-0.009842073380307514,4582769.72971788,2206472.42769502,2.0769666877302635,0.6936416184971206,False,False,rising,falling,buy_advantage_accelerating,accelerating,leading_buy_inflow,True,True,False,🔴 1차 급등 완료·상승분 반납 / 신규매수 금지,S3,🔴 1차 급등 완료·반납,당일/5D 급등 후 상승분 상당 부분 반납,S3,False,,,2026-09-04T04:10:00Z,33836660879-1
KRW-ORDER,2026-09-04T13:31:59.203212+09:00,1788496319,46.1,44.33558819647243,9.0,9194203.830551181,2556747.5125548863,3.596054669224522,33,0.0,complete,1788495624048,1788496521936,1284959.14791182,1323547.40666843,-0.014793238180235023,46.9,46.9,0.0,-1.7057569296375252,1.7057569296375208,,complete_hourly_ordered,/v1/candles/minutes/60,120,False,15.753424657534264,43.8,2026-09-02T03:00:00,50.7,2026-09-02T19:00:00,D-2,9.072978303747536,66.66666666666661,False,0.564719869222774,18.64630920894445,,True,,,,0.2094470752002735,0.0,0.0,0.0,0.0,,,,,0.2094470752002735,0.0,0.0,0.0,0.0,,1.6608297921585808,90931.72110008213,48888.92466309399,0.20955395838226565,0.0,0.0,0.0,0.0,,1.6608297921585808,90931.72110008213,48888.92466309399,0.20955395838226565,0.0,0.0,0.0,0.0,,3.596054669224522,,187.49296525018732,0.48062170672029225,-0.6465517241379226,0.0,-0.04458314757020965,0.03239723695473273,,3.596054669224522,,68.89821771386922,0.5001877779077901,-0.6465517241379226,0.0,-0.04458314757020965,0.03239723695473273,,,9194203.830551181,2556747.5125548863,0.2094470752002735,0.0,0.0,0.0,0.0,11750951.343106067,2580476.870862496,4.553790609709453,-0.6465517241379226,False,False,rising,rising,buy_advantage_weakening,accelerating,neutral,True,True,False,🔴 1차 급등 완료·상승분 반납 / 신규매수 금지,S0,🌱 초발사 준비,발사 구조 관찰 또는 초기 준비,S0,False,,,2026-09-04T04:10:00Z,33836660879-1
KRW-PENDLE,2026-09-04T13:31:59.203212+09:00,1788496319,2685.0,98.80812782338451,10.0,3174139.54120836,967923.7400549899,3.2793281225110045,10,0.0,complete,1788495438567,1788496234183,18132.48095856,21224.81083722,-0.07857069776817233,2682.0,2732.0,1.8642803877703118,0.11185682326622093,1.7203513909224013,93.99999999999989,complete_hourly_ordered,/v1/candles/minutes/60,120,False,16.205869842620157,2351.0,2026-08-31T13:00:00,2732.0,2026-09-04T09:00:00,D0,1.7203513909224033,12.33595800524926,False,1.6575501408917725,-9.7006916289053,,True,3.1419905158607992,351.3240590751574,-81.09863856820266,0.9655859480156863,-0.4080118694361978,0.0,-0.016575501408921944,0.015433845274712255,,3.1419905158607992,351.3240590751574,-81.09863856820266,0.9655859480156863,-0.4080118694361978,0.0,-0.016575501408921944,0.015433845274712255,,2.8177865907892974,119.75877264619257,-69.07055447115731,1.2084379886349694,0.2988419872992143,-1.0,0.046963920658615876,-0.04373297647457264,,2.8177865907892974,119.75877264619257,-69.07055447115731,1.2084379886349694,0.2988419872992143,-1.0,0.046963920658615876,-0.04373297647457264,,3.1651336868962767,1481.3757144945753,-44.932528717720956,2.193050416741414,-0.77605321507761,0.0,-0.030388419249671728,0.028294855818762343,,3.01735657291189,3074.139541216295,153.5684820766104,2.3061727647570933,0.37383177570093906,-1.0,0.04143875352229376,-0.038587632810855865,,3.1419905158607992,2470844.5412226,-4152997.01238707,0.9655859480156863,-0.4080118694361978,0.0,-0.016575501408921944,0.015433845274712255,4142063.2812633496,4303724.21158969,0.9624369679890276,0.37383177570093906,False,True,rising,falling,buy_advantage_accelerating,accelerating,leading_buy_inflow,False,False,False,pass,S1,⚡ 선행 시동,가격 미급등 상태에서 선행조건 5개 개선,S1,False,,,2026-09-04T04:10:00Z,33836660879-1
KRW-PENGU,2026-09-04T13:31:59.203212+09:00,1788496319,11.8,-20.539865490098176,9.0,41740215.10009417,9607782.663486954,4.344417079574673,20,0.0,complete,1788495502394,1788496078328,57715298.99803643,108834001.05098014,-0.30692835117229034,11.9,12.0,0.8403361344537785,-0.8403361344537785,1.6666666666666607,200.0,complete_hourly_ordered,/v1/candles/minutes/60,120,False,10.71428571428572,11.2,2026-09-02T19:00:00,12.4,2026-09-04T00:00:00,D0,4.8387096774193505,50.0,True,1.036269430051795,-18.4557096189896,,False,,800.1417493242203,,0.6078241043234591,0.0,0.0,0.0,0.0,,,800.1417493242203,,0.6078241043234591,0.0,0.0,0.0,0.0,,4.033068423418303,477.64438503340153,-58.602316554277536,0.7161013813610424,0.0,0.0,0.0,0.0,,4.033068423418303,477.64438503340153,-58.602316554277536,0.7161013813610424,0.0,0.0,0.0,0.0,,3.27864673806464,70.66113614589207,-58.13349086397924,0.9592815815585247,0.0,0.0,0.0,0.0,,-1.2460361985696906,389.24723522345107,529.5698041601893,1.335881452874574,0.0,1.0,0.05397236614852474,-0.05391239235079226,,,37103143.75756056,9607782.663486954,0.6078241043234591,0.0,0.0,0.0,0.0,51347997.76358113,40513403.457971305,1.2674323404314736,0.0,False,False,rising,rising,buy_advantage_weakening,accelerating,neutral,False,False,False,pass,S0,🌱 초발사 준비,발사 구조 관찰 또는 초기 준비,S0,False,,,2026-09-04T04:10:00Z,33836660879-1
KRW-PEPE,2026-09-04T13:31:59.203212+09:00,1788496319,0.00504,12.029588260737945,8.0,1699597.605846653,0.0,,21,0.0,complete,1788495420598,1788496378311,65875671936.72436,61919022623.44652,0.030960982589264614,0.00506,0.00508,0.39525691699604515,-0.39525691699604515,0.7874015748031516,200.0,complete_hourly_ordered,/v1/candles/minutes/60,120,False,14.686825053995678,0.00463,2026-09-02T19:00:00,0.00531,2026-09-04T03:00:00,D0,5.084745762711851,39.70588235294104,False,0.8023812605150837,-15.064445839642508,,False,,136.13526037697187,-100.0,0.04445273482694034,0.5988023952095967,0.0,0.038824899702349924,-0.03794586734284344,,,136.13526037697187,-100.0,0.04445273482694034,0.5988023952095967,0.0,0.038824899702349924,-0.03794586734284344,,,-87.92573726984305,-100.0,0.1419955605860288,0.8000000000000007,0.0,0.025883266468240684,-0.02529677774266581,,,-87.92573726984305,-100.0,0.1419955605860288,0.8000000000000007,0.0,0.025883266468240684,-0.02529677774266581,,,-87.84402517731,-100.0,1.3623256863591902,0.19880715705766772,0.0,0.025883266468240684,-0.02529677774266581,,,60.4157074192627,-100.0,1.6346144623597532,1.0020040080160442,0.0,0.06470816617059061,-0.0632454481302176,,,979841.6477007262,-96039.9721603637,0.04445273482694034,0.5988023952095967,0.0,0.038824899702349924,-0.03794586734284344,1699597.605846653,15977693.55567645,0.10637315078826451,1.0020040080160442,False,False,rising,falling,buy_only,accelerating,neutral,False,False,False,pass,S0,🌱 초발사 준비,발사 구조 관찰 또는 초기 준비,S0,False,,,2026-09-04T04:10:00Z,33836660879-1
KRW-PIEVERSE,2026-09-04T13:31:59.203212+09:00,1788496319,1497.0,-42.7291940530101,6.0,2766004.45346296,5431891.927885279,0.5092156637475314,41,0.0,complete,1788495633345,1788496136223,47440.55522594,64515.99203514,-0.1525184299349683,1552.0,1562.0,0.6443298969072142,-3.5438144329896892,4.161331626120359,650.0000000000018,complete_hourly_ordered,/v1/candles/minutes/60,120,False,16.58107116654439,1363.0,2026-09-01T00:00:00,1589.0,2026-09-03T23:00:00,D-1,5.789804908747643,40.707964601769895,False,0.8262533843712117,-27.838773637950954,,False,-0.008421406495629502,594.9054462550203,606.3977895892224,0.061571508677054965,0.0,0.0,-0.023340491083923,0.02486373452350321,,-0.008421406495629502,594.9054462550203,606.3977895892224,0.061571508677054965,0.0,0.0,-0.023340491083923,0.02486373452350321,,0.4897190286631601,902.1743193496452,-61.629171319098276,0.2428230986198514,0.33512064343164116,0.0,0.03267668751751884,-0.034812318892381455,,0.4897190286631601,902.1743193496452,-61.629171319098276,0.2428230986198514,0.33512064343164116,0.0,0.03267668751751884,-0.034812318892381455,,0.4018391873540815,107.55675346764369,-56.23325355900821,0.40102461083385066,-0.7952286282306154,0.0,-0.06068527681821756,0.0646418839203804,,-0.03283166141207039,26.703269412013352,34.87245810217121,0.6360734675668382,-0.39920159680638667,0.0,-0.04201288395107028,0.04475339777363985,,-0.008421406495629502,2367964.0483446103,4662935.398301009,0.061571508677054965,0.0,0.0,-0.023340491083923,0.02486373452350321,8197896.381348239,6766981.22052046,1.211455465029017,-0.39920159680638667,False,False,rising,rising,sell_advantage_accelerating,accelerating,neutral,False,False,False,pass,S0,🌱 초발사 준비,발사 구조 관찰 또는 초기 준비,S0,False,,,2026-09-04T04:10:00Z,33836660879-1
KRW-PLUME,2026-09-04T13:31:59.203212+09:00,1788496319,19.5,-16.063608354697735,4.0,653360.11764738,0.0,,2,0.0,complete,1788496373892,1788496390323,12275566.48324944,12487305.16281195,-0.008550651256805538,19.7,19.8,0.5076142131979822,-1.015228426395931,1.5151515151515187,299.9999999999934,complete_hourly_ordered,/v1/candles/minutes/60,120,False,9.7938144329897,19.4,2026-08-30T14:00:00,21.3,2026-08-31T01:00:00,D-4,8.450704225352112,94.73684210526318,False,0.2735978112175186,-12.100936723379847,,True,,-88.72815083776784,-100.0,0.10530760086415825,0.5154639175257714,0.0,0.03419972640217317,-0.03287764963324591,,,-88.72815083776784,-100.0,0.10530760086415825,0.5154639175257714,0.0,0.03419972640217317,-0.03287764963324591,,,6433.601176480334,-100.0,0.3741577609333113,0.5154639175257714,0.0,0.03419972640217317,-0.03287764963324591,,,6433.601176480334,-100.0,0.3741577609333113,0.5154639175257714,0.0,0.03419972640217317,-0.03287764963324591,,,-89.13503099665597,-100.0,0.38787945389379175,0.0,0.0,0.0,0.0,,,235.0564705884,-100.0,0.4857958573174379,0.0,0.0,0.03419972640217317,-0.03287764963324591,,,-5143027.930522662,-1674045.4872563498,0.10530760086415825,0.5154639175257714,0.0,0.03419972640217317,-0.03287764963324591,653360.11764738,6029401.334406495,0.1083623533101058,0.0,False,False,falling,falling,buy_only,accelerating,neutral,False,False,False,pass,S0,🌱 초발사 준비,발사 구조 관찰 또는 초기 준비,S0,False,,,2026-09-04T04:10:00Z,33836660879-1
KRW-POKT,2026-09-04T13:31:59.203212+09:00,1788496319,10.5,291.9681290872297,10.0,4642173.8205370605,0.0,,7,0.0,complete,1788495578212,1788496260124,15887807.44792302,60672740.82083189,-0.5849609803693899,10.6,10.8,1.8867924528301883,-0.9433962264150941,2.7777777777777843,150.0,complete_hourly_ordered,/v1/candles/minutes/60,120,False,16.279069767441847,9.89,2026-08-30T15:00:00,11.5,2026-09-03T10:00:00,D-1,8.695652173913048,62.11180124223601,False,0.5496662740479108,16.83152240098508,,False,,77.25311001666046,-100.0,0.5960793027069258,0.9615384615384581,2.0,0.06543646119616664,-0.048501415627011824,,,77.25311001666046,-100.0,0.5960793027069258,0.9615384615384581,2.0,0.06543646119616664,-0.048501415627011824,,,-38.54576140980254,-100.0,3.5514181076629825,0.9615384615384581,2.0,0.06543646119616664,-0.048501415627011824,,,-38.54576140980254,-100.0,3.5514181076629825,0.9615384615384581,2.0,0.06543646119616664,-0.048501415627011824,,,-32.06038243936688,-100.0,4.67422054991539,0.0,0.0,-0.06543646119616664,0.04849485322298008,,,842.8039082433411,-100.0,6.07002949233663,0.0,0.0,0.0,0.0,,,2023221.8483540444,-1343120.321018554,0.5960793027069258,0.9615384615384581,2.0,0.06543646119616664,-0.048501415627011824,4642173.8205370605,4164511.593193293,1.1146982585243572,0.0,False,False,rising,falling,buy_only,accelerating,neutral,True,True,False,🔴 1차 급등 완료·상승분 반납 / 신규매수 금지,S3,🔴 1차 급등 완료·반납,당일/5D 급등 후 상승분 상당 부분 반납,S3,False,,,2026-09-04T04:10:00Z,33836660879-1
KRW-POL,2026-09-04T13:31:59.203212+09:00,1788496319,129.0,27.33950208049618,8.0,2169115.11731256,652262.02898432,3.3255271975439555,11,0.0,complete,1788495465562,1788496465033,6600706.74368316,4737053.15089945,0.16437582115971586,129.0,131.0,1.5503875968992276,0.0,1.5267175572519083,100.0,complete_hourly_ordered,/v1/candles/minutes/60,120,False,10.924369747899165,119.0,2026-08-31T23:00:00,132.0,2026-09-04T00:00:00,D0,3.0303030303030276,30.769230769230848,False,0.8037825059101555,-16.423208191126278,,True,-6.843191590708301,-73.82816536159498,-19.972380076418638,0.10007017066988766,0.78125,0.0,0.047281323877057524,-0.04666371710075268,,-6.843191590708301,-73.82816536159498,-19.972380076418638,0.10007017066988766,0.78125,0.0,0.047281323877057524,-0.04666371710075268,,-36.05541449002607,-79.78161271439602,139.4264377988307,0.35455482281956563,0.0,0.0,0.0,0.0,,-36.05541449002607,-79.78161271439602,139.4264377988307,0.35455482281956563,0.0,0.0,0.0,0.0,,3.2257187799456832,0.6602151131033462,-96.97890403874595,0.685878432705934,0.0,0.0,-0.04728132387707973,0.04665734706222935,,3.204018521486135,-25.057254045272337,-97.2617292536889,0.9471079180775277,0.0,0.0,0.0,0.0,,-6.843191590708301,-6118859.903473951,-162784.11334400007,0.10007017066988766,0.78125,0.0,0.047281323877057524,-0.04666371710075268,2821377.1462968797,21773992.404859316,0.12957555481039074,0.0,False,False,falling,falling,buy_advantage_weakening,accelerating,neutral,False,False,False,pass,S0,🌱 초발사 준비,발사 구조 관찰 또는 초기 준비,S0,False,,,2026-09-04T04:10:00Z,33836660879-1
KRW-POLYX,2026-09-04T13:31:59.203212+09:00,1788496319,48.4,-56.79736577346124,8.0,1471970.3386063299,3544260.82431931,0.41531095242941884,16,0.0,complete,1788495969275,1788496559147,1437225.32758849,1131873.32544572,0.11885569352587408,48.5,48.5,0.0,-0.20618556701030855,0.20618556701031218,,complete_hourly_ordered,/v1/candles/minutes/60,120,False,9.251101321585908,45.4,2026-08-31T08:00:00,49.6,2026-09-03T13:00:00,D-1,2.4193548387096864,28.571428571428537,True,0.5309487215313657,16.595424050541205,,True,0.33996066681936726,85.72641074726057,-66.30346969355648,0.11496707730136535,0.4149377593360981,0.0,0.027944669554291757,-0.020767571084341796,,0.33996066681936726,85.72641074726057,-66.30346969355648,0.11496707730136535,0.4149377593360981,0.0,0.027944669554291757,-0.020767571084341796,,0.03948973027500796,-9.937264853667461,-18.500855815941886,0.3710763095039695,1.0438413361169019,0.0,0.06986167388571829,-0.051921184793833675,,0.03948973027500796,-9.937264853667461,-18.500855815941886,0.3710763095039695,1.0438413361169019,0.0,0.06986167388571829,-0.051921184793833675,,,-27.371242566707053,,0.5585044085952617,0.4149377593360981,0.0,0.027944669554291757,-0.020767571084341796,,-0.7545203637989123,-62.9067568793766,4.482766874179345,0.5863389537976715,1.2552301255230214,0.0,0.08383400866287527,-0.06230632463813279,,0.33996066681936726,679422.6698693238,-6973916.543163447,0.11496707730136535,0.4149377593360981,0.0,0.027944669554291757,-0.020767571084341796,5016231.16292564,6227765.7496184595,0.8054624025049363,1.2552301255230214,False,False,rising,falling,sell_advantage_weakening,accelerating,leading_buy_inflow,False,False,False,pass,S0,🌱 초발사 준비,발사 구조 관찰 또는 초기 준비,S0,False,,,2026-09-04T04:10:00Z,33836660879-1
KRW-POWR,2026-09-04T13:31:59.203212+09:00,1788496319,65.3,-18.906263604755537,12.0,54302720.51439165,53719006.13413606,1.0108660681249029,302,0.0,complete,1788495545089,1788496411311,747283.41432297,847658.210966,-0.06293321025140604,64.7,66.5,2.782071097372474,0.9273570324574765,1.804511278195493,66.6666666666672,complete_hourly_ordered,/v1/candles/minutes/60,120,False,8.306188925081436,61.4,2026-09-02T10:00:00,66.5,2026-09-04T13:00:00,D0,1.5037593984962405,19.607843137254893,False,1.1573081868838209,11.026284475547552,7.7370531753743155,True,,1455.2177882101328,,5.946476934701725,0.3072196620583778,0.0,0.11787398199740728,-0.09215828261806536,-0.16689112303039266,,1455.2177882101328,,5.946476934701725,0.3072196620583778,0.0,0.11787398199740728,-0.09215828261806536,-0.16689112303039266,1.0108660681249029,,53619.0061338997,6.161568264939298,0.7716049382715973,0.0,0.1500214316330739,-0.11729650601138708,-0.21317630202923432,1.0108660681249029,,53619.0061338997,6.161568264939298,0.7716049382715973,0.0,0.1500214316330739,-0.11729650601138708,-0.21317630202923432,1.0024068705354077,255893.0906562081,2042.2186417071791,6.177529221019384,0.7716049382715973,0.0,0.1500214316330739,-0.11729650601138708,-0.21317630202923432,,,,6.341009347130132,0.9273570324574765,1.0,0.16073724817828872,-0.12567630876616853,-0.2286793017564186,,50811073.17560398,53719006.13413606,5.946476934701725,0.3072196620583778,0.0,0.11787398199740728,-0.09215828261806536,108021726.64852771,1253666.515223972,86.16464214107947,0.9273570324574765,False,True,rising,rising,buy_advantage_weakening,accelerating,neutral,False,False,False,pass,S1,⚡ 선행 시동,가격 미급등 상태에서 선행조건 5개 개선,S1,False,,,2026-09-04T04:10:00Z,33836660879-1
KRW-PRL,2026-09-04T13:31:59.203212+09:00,1788496319,171.0,68.35438019175591,2.0,2579264.49999668,25511347.15272918,0.10110263815373437,30,0.0,complete,1788495713481,1788496474100,1502764.39083679,1847338.89983388,-0.1028548910586301,176.0,176.0,0.0,-2.840909090909094,2.840909090909091,,complete_hourly_ordered,/v1/candles/minutes/60,120,False,6.190476190476191,210.0,2026-09-01T11:00:00,223.0,2026-09-01T12:00:00,D-3,23.318385650224215,400.0,False,-4.553328384063349,14.53815261044177,,False,-1.1367026603946682,-92.10072553990763,-3.2887374657568302,0.8362159995643452,-0.5813953488372103,0.0,-0.049492699826780395,0.03957892666853979,,-1.1367026603946682,-92.10072553990763,-3.2887374657568302,0.8362159995643452,-0.5813953488372103,0.0,-0.049492699826780395,0.03957892666853979,,-0.5019322903213447,-85.51799133099867,-13.620878531307456,1.7775838257531973,0.0,0.0,0.0,0.0,,-0.5019322903213447,-85.51799133099867,-13.620878531307456,1.7775838257531973,0.0,0.0,0.0,0.0,,-0.8499105177295972,-81.47979486317753,74.20869580074023,2.733131756674183,0.588235294117645,0.0,0.02474634991338487,-0.019791107705804833,,-0.9332365124453359,-53.7797304309632,372.860404431808,3.539146946007264,0.588235294117645,0.0,0.0,0.0,,-1.1367026603946682,-30072651.989641562,-867532.0845222361,0.8362159995643452,-0.5813953488372103,0.0,-0.049492699826780395,0.03957892666853979,28090611.65272586,32801943.102350485,0.8563703548011147,0.588235294117645,False,False,falling,falling,sell_advantage_accelerating,accelerating,neutral,False,False,False,pass,S0,🌱 초발사 준비,발사 구조 관찰 또는 초기 준비,S0,False,,,2026-09-04T04:10:00Z,33836660879-1
KRW-PROM,2026-09-04T13:31:59.203212+09:00,1788496319,7240.0,,,308283710.16727465,645570582.0505718,0.47753680037285956,1046,0.0,complete,1788495419250,1788496329925,17129.8112204,22270.90011931,-0.13048213405549752,6835.0,7450.0,8.99780541331383,5.925384052670091,2.8187919463087248,34.14634146341455,complete_hourly_ordered,/v1/candles/minutes/60,120,False,27.503168567807347,7890.0,2026-08-31T19:00:00,10060.0,2026-08-31T21:00:00,D-4,28.13121272365805,130.41474654377882,False,,,,True,-0.7265181472362388,51.40583672981383,281.75266632663187,,2.9140014214641186,,,,,-0.7265181472362388,51.40583672981383,281.75266632663187,,2.9140014214641186,,,,,-0.8456936662727805,91.13449677819038,429.62408167581856,,3.1339031339031376,,,,,-0.8456936662727805,91.13449677819038,429.62408167581856,,3.1339031339031376,,,,,-0.24540526781665412,1517.7594047364519,2349.122934567615,,5.770635500365229,,,,,-0.1011999936013715,396.4127984280885,501.61300914553806,,4.473304473304474,,,,,-0.7265181472362388,104669558.41075292,476463555.6969656,,2.9140014214641186,,,,953854292.2178464,74225664.55014487,12.850734284412477,4.473304473304474,False,False,rising,rising,sell_advantage_accelerating,flat_or_na,neutral,True,True,False,🔴 1차 급등 완료·상승분 반납 / 신규매수 금지,S3,🔴 1차 급등 완료·반납,당일/5D 급등 후 상승분 상당 부분 반납,S3,False,,,2026-09-04T04:10:00Z,33836660879-1
KRW-PROS,2026-09-04T13:31:59.203212+09:00,1788496319,556.0,,,3666251.53559755,7272595.41146696,0.50411872628262,14,0.0,complete,1788495711985,1788495841945,50179.41303086,138797.28794156,-0.4689354531786077,562.0,565.0,0.5338078291814874,-1.0676156583629859,1.592920353982301,300.0000000000021,complete_hourly_ordered,/v1/candles/minutes/60,120,False,6.261180679785339,559.0,2026-09-01T18:00:00,594.0,2026-09-02T21:00:00,D-2,6.3973063973064015,108.57142857142863,False,,,,True,,,,,-0.17953321364452268,,,,,,,,,-0.17953321364452268,,,,,0.50411872628262,,2184.2855152243915,,-0.17953321364452268,,,,,0.50411872628262,,2184.2855152243915,,-0.17953321364452268,,,,,,,,,-0.35842293906810374,,,,,,,,,-0.536672629695889,,,,,,3666251.53559755,7272595.41146696,,-0.17953321364452268,,,,10938846.94706451,1001785.7142833099,10.919348111177946,-0.536672629695889,False,False,rising,rising,sell_advantage_weakening,flat_or_na,neutral,False,False,False,pass,S0,🌱 초발사 준비,발사 구조 관찰 또는 초기 준비,S0,False,,,2026-09-04T04:10:00Z,33836660879-1
KRW-PROVE,2026-09-04T13:31:59.203212+09:00,1788496319,248.0,56.257837639328145,7.0,2832553.08669901,191610.4021216,14.782877418635195,9,0.0,complete,1788495651658,1788496706488,276104.92078026,287160.69066579,-0.019627986620995637,244.0,248.0,1.6393442622950838,1.6393442622950838,0.0,0.0,complete_hourly_ordered,/v1/candles/minutes/60,120,False,8.438818565400851,237.0,2026-08-30T14:00:00,257.0,2026-09-01T14:00:00,D-3,3.5019455252918275,44.99999999999993,False,0.5603810591201963,17.399309551208287,,True,14.600771001479249,7309.694885939207,-8.72189833650766,1.9209779484872698,0.8130081300812941,0.0,0.05603810591201519,-0.04127966566264618,,14.600771001479249,7309.694885939207,-8.72189833650766,1.9209779484872698,0.8130081300812941,0.0,0.05603810591201519,-0.04127966566264618,,14.782877418635195,,-96.20141536825288,1.9445691747458795,1.2244897959183598,0.0,0.08405715886803389,-0.06192127999118213,,14.782877418635195,,-96.20141536825288,1.9445691747458795,1.2244897959183598,0.0,0.08405715886803389,-0.06192127999118213,,,,,2.4440923057043733,1.2244897959183598,0.0,0.08405715886803389,-0.06192127999118213,,,,,2.4440923057043733,1.2244897959183598,0.0,0.08405715886803389,-0.06192127999118213,,14.600771001479249,2794325.42509753,-18308.95271774,1.9209779484872698,0.8130081300812941,0.0,0.05603810591201519,-0.04127966566264618,3024163.4888206096,1156150.92453696,2.6157168797246704,1.2244897959183598,False,False,rising,falling,buy_advantage_accelerating,accelerating,neutral,False,False,False,pass,S0,🌱 초발사 준비,발사 구조 관찰 또는 초기 준비,S0,False,,,2026-09-04T04:10:00Z,33836660879-1
KRW-PUMP,2026-09-04T13:31:59.203212+09:00,1788496319,5.93,-53.39246202523222,5.0,22699598.185095202,18726314.42607422,1.212176494990848,55,0.0,complete,1788495436768,1788496369922,60764545.81592312,18720639.42184909,0.5289527384040656,5.9,5.93,0.5084745762711673,0.5084745762711673,0.0,0.0,complete_hourly_ordered,/v1/candles/minutes/60,120,False,12.862318840579734,5.52,2026-09-03T07:00:00,6.23,2026-09-04T02:00:00,D0,4.815409309791341,42.253521126760674,False,0.6874669487044072,-99.96849235939715,,False,-0.09506706409809107,129.83162266364147,147.85657009813008,0.5052174716458708,1.1945392491467421,0.0,0.0740349021681741,-0.11030280610007992,,-0.09506706409809107,129.83162266364147,147.85657009813008,0.5052174716458708,1.1945392491467421,0.0,0.0740349021681741,-0.11030280610007992,,-2.226528299651008,-44.583703804417006,57.205063962639535,0.6694941585142331,2.0654044750430423,0.0,0.148069804336326,-0.22064617322358515,,-2.226528299651008,-44.583703804417006,57.205063962639535,0.6694941585142331,2.0654044750430423,0.0,0.148069804336326,-0.22064617322358515,,1.1162459927001027,1990.2086185181763,65.41713479472075,1.011195143323846,2.951388888888884,0.0,0.17979904812268632,-0.2679486098896433,,-1.2641751037904088,-30.292072251025747,42.40610921118715,1.188500163103818,3.6713286713286664,0.0,0.2221047065045001,-0.33103012374759544,,-0.09506706409809107,12822977.238848802,11171011.607730452,0.5052174716458708,1.1945392491467421,0.0,0.0740349021681741,-0.11030280610007992,41425912.61116943,50535587.3928635,0.8197374315474858,3.6713286713286664,False,False,rising,rising,buy_advantage_weakening,accelerating,neutral,False,False,False,pass,S0,🌱 초발사 준비,발사 구조 관찰 또는 초기 준비,S0,False,,,2026-09-04T04:10:00Z,33836660879-1
KRW-PUNDIX,2026-09-04T13:31:59.203212+09:00,1788496319,132.0,140.22773793608465,13.0,26086665.044074498,69259889.4789528,0.37664895569898227,89,0.0,complete,1788495443544,1788496302945,1857117.13544779,2762622.0306817,-0.19600779668964732,128.0,138.0,7.8125,3.125,4.3478260869565215,60.0,complete_hourly_ordered,/v1/candles/minutes/60,120,False,19.999999999999996,120.0,2026-09-02T03:00:00,144.0,2026-09-03T19:00:00,D-1,8.333333333333337,49.99999999999994,False,0.9719222462203136,14.106907044841252,10.24953418893279,False,0.2649138354361503,2368.0009911917386,632.1469590904339,4.731991171523703,-0.7518796992481258,-1.0,-0.10799136069112869,0.08199172249209141,0.17954988432941654,0.2649138354361503,2368.0009911917386,632.1469590904339,4.731991171523703,-0.7518796992481258,-1.0,-0.10799136069112869,0.08199172249209141,0.17954988432941654,-0.2940709190949321,-0.5011757811901663,77.18312479675929,5.981127049918655,-1.4925373134328401,-1.0,-0.16198704103669304,0.1229805236012993,0.2677334739011492,-0.2940709190949321,-0.5011757811901663,77.18312479675929,5.981127049918655,-1.4925373134328401,-1.0,-0.16198704103669304,0.1229805236012993,0.2677334739011492,-0.7953697270162439,305.5925581917126,1162.0825003716695,11.056476235131242,-2.2222222222222254,-1.0,-0.21598272138227959,0.16396461903331705,0.35488108854958433,-0.8616579761197269,91.34317842347481,529.0780330408684,12.374501016053728,-1.4925373134328401,-1.0,-0.16198704103669304,0.1229805236012993,0.2677334739011492,0.2649138354361503,25029669.316067196,59800055.13572255,4.731991171523703,-0.7518796992481258,-1.0,-0.10799136069112869,0.08199172249209141,95346554.5230273,14557049.881794268,6.549854214779616,-1.4925373134328401,False,True,rising,rising,sell_advantage_weakening,accelerating,leading_buy_inflow,False,True,False,pass,S0,🌱 초발사 준비,발사 구조 관찰 또는 초기 준비,S0,False,,,2026-09-04T04:10:00Z,33836660879-1
KRW-PYTH,2026-09-04T13:31:59.203212+09:00,1788496319,74.6,-48.433059140223975,6.0,5843451.535242329,4766054.300030948,1.2260564331389145,26,0.0,complete,1788495420769,1788496443551,1401480.46940779,474266.7434379,0.4943169951793329,75.9,76.0,0.13175230566533358,-1.7127799736495586,1.8421052631579022,1400.0000000001685,complete_hourly_ordered,/v1/candles/minutes/60,120,False,29.383886255924185,63.3,2026-08-31T11:00:00,81.9,2026-09-03T13:00:00,D-1,8.669108669108683,38.17204301075275,False,1.2990762124711397,-12.929439214739741,,False,-0.8203708978367439,-46.39385783550518,-10.525265013507346,0.1732297403392309,0.8108108108108025,0.0,0.07698229407235857,-0.07371408532417334,,-0.8203708978367439,-46.39385783550518,-10.525265013507346,0.1732297403392309,0.8108108108108025,0.0,0.07698229407235857,-0.07371408532417334,,0.9457764302187075,50.46785802148375,-65.6026178357155,0.29583395884907304,2.0519835841313228,-1.0,0.14434180138569452,-0.1382268862482139,,0.9457764302187075,50.46785802148375,-65.6026178357155,0.29583395884907304,2.0519835841313228,-1.0,0.14434180138569452,-0.1382268862482139,,1.0845320450460636,34.82226617986517,-84.43738949801258,0.5365406288432979,2.3319615912208436,-1.0,0.15396458814476155,-0.14744398954595006,,0.984535111807297,-61.80914676932942,-92.4767693511149,0.7930584639550489,3.4674063800277377,-1.0,0.2598152424942324,-0.2488484464995615,,-0.8203708978367439,-5057261.143001187,-560649.7139574075,0.1732297403392309,0.8108108108108025,0.0,0.07698229407235857,-0.07371408532417334,10609505.835273277,15817822.663651863,0.6707311152029225,3.4674063800277377,False,False,falling,falling,buy_advantage_weakening,accelerating,neutral,False,False,False,pass,S0,🌱 초발사 준비,발사 구조 관찰 또는 초기 준비,S0,False,,,2026-09-04T04:10:00Z,33836660879-1
KRW-QKC,2026-09-04T13:31:59.203212+09:00,1788496319,3.06,350.3629203631441,13.0,6472444.782118847,1324328.974332882,4.887339103472593,27,0.0,complete,1788495495283,1788496509858,24786997.14415246,19863300.50320033,0.11027242594975274,3.12,3.12,0.0,-1.9230769230769273,1.9230769230769247,,complete_hourly_ordered,/v1/candles/minutes/60,120,False,23.958333333333325,2.88,2026-08-30T03:00:00,3.57,2026-09-03T14:00:00,D-1,14.565826330532216,75.36231884057975,False,0.40160642570281624,10.771823724780644,11.907708604659868,True,,6372.444782118873,,0.5037918302519984,-0.32573289902279035,0.0,-0.0223114680945935,0.017616472692495222,0.06559707135202153,,6372.444782118873,,0.5037918302519984,-0.32573289902279035,0.0,-0.0223114680945935,0.017616472692495222,0.06559707135202153,4.887339103472593,,2586.265668020377,0.5186525016670771,-1.2903225806451646,0.0,-0.08924587237839621,0.07046065167036808,0.25935045951467295,4.887339103472593,,2586.265668020377,0.5186525016670771,-1.2903225806451646,0.0,-0.08924587237839621,0.07046065167036808,0.25935045951467295,-276.5871322418753,108.99599543714653,11936.61871695526,0.8980536056876645,0.3278688524590345,1.0,0.0223114680945935,-0.017617345984001886,-0.06611333753763127,4.697094502153927,1535.8411228106288,-36.323235273635234,1.0818432547854968,0.0,0.0,0.0,0.0,0.0,,6372444.782118847,1324328.974332882,0.5037918302519984,-0.32573289902279035,0.0,-0.0223114680945935,0.017616472692495222,7796773.756451729,5757300.724535566,1.3542411851485636,0.0,False,True,rising,rising,buy_advantage_weakening,accelerating,neutral,True,True,False,🔴 1차 급등 완료·상승분 반납 / 신규매수 금지,S3,🔴 1차 급등 완료·반납,당일/5D 급등 후 상승분 상당 부분 반납,S1,True,당일/5D 급등 후 상승분 상당 부분 반납,2026-09-04T13:31:59.203212+09:00,2026-09-04T04:10:00Z,33836660879-1
KRW-QTUM,2026-09-04T13:31:59.203212+09:00,1788496319,1190.0,-74.05104309348005,8.0,150995.14400584,0.0,,4,0.0,complete,1788495860891,1788496108301,29390.50626636,27255.08825954,0.037697865556757915,1170.0,1229.0,5.042735042735047,1.7094017094017033,3.173311635475997,66.10169491525438,complete_hourly_ordered,/v1/candles/minutes/60,120,False,12.442817932296425,1093.0,2026-08-31T08:00:00,1229.0,2026-09-04T09:00:00,D0,3.173311635475995,28.676470588235315,False,0.5343292157426127,-4.974090932951372,,True,,-92.09110810575235,-100.0,0.012090016536021153,0.9329940627650579,0.0,0.06320022981902707,-0.05733677065949738,,,-92.09110810575235,-100.0,0.012090016536021153,0.9329940627650579,0.0,0.06320022981902707,-0.05733677065949738,,,-13.878403711214006,-100.0,0.0842370542665094,0.591715976331364,0.0,0.0402183280666657,-0.03648594135070926,,,-13.878403711214006,-100.0,0.0842370542665094,0.591715976331364,0.0,0.0402183280666657,-0.03648594135070926,,,-98.11635551802433,-100.0,0.24285875364736853,0.5067567567567544,0.0,0.03447285262854205,-0.031273429482908455,,,128.34440296695968,-100.0,0.3639510329794433,0.591715976331364,0.0,0.0402183280666657,-0.03648594135070926,,,-1758186.90102455,-129979.79999924,0.012090016536021153,0.9329940627650579,0.0,0.06320022981902707,-0.05733677065949738,150995.14400584,1048812.76987472,0.14396768264356305,0.591715976331364,False,False,falling,falling,buy_only,accelerating,neutral,False,False,False,pass,S0,🌱 초발사 준비,발사 구조 관찰 또는 초기 준비,S0,False,,,2026-09-04T04:10:00Z,33836660879-1
KRW-QUID,2026-09-04T13:31:59.203212+09:00,1788496319,91.0,,,11275200.37063248,24714463.411441535,0.45621870007554516,51,0.0,complete,1788495432801,1788496274113,745311.12162672,416532.88809928,0.2829796691941256,87.9,94.7,7.736063708759944,3.526734926052333,3.9070749736008477,54.411764705882284,complete_hourly_ordered,/v1/candles/minutes/60,120,False,9.353348729792167,86.6,2026-09-03T21:00:00,94.7,2026-09-04T09:00:00,D0,3.9070749736008437,45.679012345678935,False,,,,False,-0.29338013961805104,-33.44427394423669,9.355655561913023,,-1.6216216216216162,,,,,-0.29338013961805104,-33.44427394423669,9.355655561913023,,-1.6216216216216162,,,,,0.1745010073799872,163.63514051448632,62.796227964596426,,-0.8714596949891074,,,,,0.1745010073799872,163.63514051448632,62.796227964596426,,-0.8714596949891074,,,,,-0.3805533095094859,30.517578949867175,139.3883828215912,,-0.3285870755750264,,,,,-0.11969449015795958,180.61612362718904,254.23915539265036,,0.0,,,,,-0.29338013961805104,-5665791.84570308,2114385.4507281594,,-1.6216216216216162,,,,35989663.78207402,2585342.3414407023,13.9206569301064,0.0,False,False,falling,rising,sell_advantage_accelerating,flat_or_na,neutral,False,False,False,pass,S0,🌱 초발사 준비,발사 구조 관찰 또는 초기 준비,S0,False,,,2026-09-04T04:10:00Z,33836660879-1
KRW-RAY,2026-09-04T13:31:59.203212+09:00,1788496319,1155.0,-45.31411434124363,9.0,1584562.77060774,0.0,,14,0.0,complete,1788495768902,1788496156241,41863.22829496,18233.0677713,0.3932049405774732,1139.0,1155.0,1.4047410008779737,1.4047410008779737,0.0,0.0,complete_hourly_ordered,/v1/candles/minutes/60,120,False,11.174242424242431,1056.0,2026-08-31T08:00:00,1174.0,2026-09-04T00:00:00,D0,1.6183986371379855,16.10169491525429,False,1.2637159413142696,-9.999162969783216,,True,,5.386096923392536,-100.0,0.3332490289147785,0.43478260869564966,0.0,0.030822340032066187,-0.028878786131100398,,,5.386096923392536,-100.0,0.3332490289147785,0.43478260869564966,0.0,0.030822340032066187,-0.028878786131100398,,,25.485002601075244,-100.0,0.4212032320163033,0.43478260869564966,0.0,0.030822340032066187,-0.028878786131100398,,,25.485002601075244,-100.0,0.4212032320163033,0.43478260869564966,0.0,0.030822340032066187,-0.028878786131100398,,,-39.693173504933796,-100.0,0.8361350503638008,1.3157894736842035,0.0,0.09246702009615415,-0.08664361102886708,,,-73.42079577321148,-100.0,1.3126854287589396,1.2269938650306678,0.0,0.08630255208976756,-0.0808666933299591,,,80984.19917663978,-1580173.3734671301,0.3332490289147785,0.43478260869564966,0.0,0.030822340032066187,-0.028878786131100398,1584562.77060774,1336958.840565905,1.1851993662998852,1.2269938650306678,False,False,rising,falling,buy_only,accelerating,neutral,False,False,False,pass,S0,🌱 초발사 준비,발사 구조 관찰 또는 초기 준비,S0,False,,,2026-09-04T04:10:00Z,33836660879-1
KRW-RE,2026-09-04T13:31:59.203212+09:00,1788496319,621.0,,,26467662.20813122,50051947.78725518,0.5288038403746343,108,0.0,complete,1788495420165,1788496491032,541761.94121278,241056.52932126,0.38413172812130797,637.0,651.0,2.19780219780219,-2.5117739403453743,4.6082949308755765,214.28571428571496,complete_hourly_ordered,/v1/candles/minutes/60,120,False,7.086614173228356,635.0,2026-08-31T10:00:00,680.0,2026-09-01T09:00:00,D-3,8.382352941176475,126.66666666666673,True,,,,True,0.47852340490437806,993.0005152235099,3.9261398625968003,,0.0,,,,,0.47852340490437806,993.0005152235099,3.9261398625968003,,0.0,,,,,0.37033870508480904,451.4279158925616,65.24482733066914,,-2.050473186119872,,,,,0.37033870508480904,451.4279158925616,65.24482733066914,,-2.050473186119872,,,,,0.35410321035772674,775.758877894884,189.3239723878435,,-3.2710280373831724,,,,,-1.7038523237283365,-6.886785715558375,293.1321521498758,,-3.120124804992197,,,,,0.47852340490437806,24046102.30587273,1890871.225160174,,0.0,,,,76519609.9953864,21487595.762596086,3.561106176829039,-3.120124804992197,False,False,rising,rising,sell_advantage_weakening,flat_or_na,neutral,False,False,False,pass,S0,🌱 초발사 준비,발사 구조 관찰 또는 초기 준비,S0,False,,,2026-09-04T04:10:00Z,33836660879-1
KRW-RED,2026-09-04T13:31:59.203212+09:00,1788496319,165.0,114.428112450919,10.0,11615123.64031965,1238369.9359119,9.379365005148165,24,0.0,complete,1788495488409,1788496592608,1069169.26699463,1399533.77665731,-0.13382108087571906,168.0,172.0,2.3809523809523725,-1.7857142857142905,4.069767441860465,175.00000000000045,complete_hourly_ordered,/v1/candles/minutes/60,120,False,22.377622377622373,143.0,2026-09-01T08:00:00,175.0,2026-09-03T13:00:00,D-1,5.714285714285716,31.250000000000032,False,0.8605851979345935,-0.1923487924770323,,True,7.9720490758396005,535.6572741008613,-4.623542539181669,0.37514463412975374,0.6097560975609762,0.0,0.043029259896743,-0.03739287476398129,,7.9720490758396005,535.6572741008613,-4.623542539181669,0.37514463412975374,0.6097560975609762,0.0,0.043029259896743,-0.03739287476398129,,8.98197273521492,406.8032190486001,-78.52736496376318,0.6457502979640424,0.6097560975609762,0.0,0.043029259896743,-0.03739287476398129,,8.98197273521492,406.8032190486001,-78.52736496376318,0.6457502979640424,0.6097560975609762,0.0,0.043029259896743,-0.03739287476398129,,7.578278528034503,201.33467910881552,-42.13576128763754,1.0236973876273368,0.0,0.0,0.0,0.0,,9.379365005148165,,-82.21269186705277,1.2946100338503186,0.0,0.0,0.0,0.0,,7.9720490758396005,9787861.66856777,-60032.17387566017,0.37514463412975374,0.6097560975609762,0.0,0.043029259896743,-0.03739287476398129,12853493.576231549,32405547.89186535,0.39664484671336525,0.0,False,True,rising,falling,buy_advantage_accelerating,accelerating,neutral,False,False,False,pass,S1,⚡ 선행 시동,가격 미급등 상태에서 선행조건 7개 개선,S1,False,,,2026-09-04T04:10:00Z,33836660879-1
KRW-RENDER,2026-09-04T13:31:59.203212+09:00,1788496319,2008.0,-37.315898661446155,8.0,627010.6330815201,1375159.70145501,0.4559547755930466,13,0.0,complete,1788495420786,1788496575838,45095.85486949,37077.64691356,0.09757656400112094,2008.0,2025.0,0.8466135458167434,0.0,0.8395061728395061,100.0,complete_hourly_ordered,/v1/candles/minutes/60,120,False,6.753926701570689,1910.0,2026-09-02T19:00:00,2039.0,2026-09-04T02:00:00,D0,1.5203531142716997,24.031007751937956,False,0.25042011268905373,14.006302906968523,,True,-0.5414833703814206,-69.01133641525755,-32.20977867379666,0.0983492089906477,0.4502251125562795,0.0,0.029655013344753733,-0.02270410629838615,,-0.5414833703814206,-69.01133641525755,-32.20977867379666,0.0983492089906477,0.4502251125562795,0.0,0.029655013344753733,-0.02270410629838615,,-0.5602611865073355,-90.67621890588288,-79.21948473366078,0.35829131336705444,0.550826239359048,0.0,0.03624501631025456,-0.027749659339995958,,-0.5602611865073355,-90.67621890588288,-79.21948473366078,0.35829131336705444,0.550826239359048,0.0,0.03624501631025456,-0.027749659339995958,,-1.1593685808194074,-68.69614352723123,10.901021796464526,0.7849049182556485,0.1996007984031989,0.0,0.01318000593100166,-0.010090535654425636,,-1.255906095560709,-91.00421261918225,-66.22573718542391,0.7914014660362483,0.1996007984031989,0.0,0.01318000593100166,-0.010090535654425636,,-0.5414833703814206,-1396344.23463286,-653392.0196520898,0.0983492089906477,0.4502251125562795,0.0,0.029655013344753733,-0.02270410629838615,2002170.33453653,7157183.255909505,0.27974277910005846,0.1996007984031989,False,False,falling,falling,sell_advantage_accelerating,accelerating,neutral,False,False,False,pass,S0,🌱 초발사 준비,발사 구조 관찰 또는 초기 준비,S0,False,,,2026-09-04T04:10:00Z,33836660879-1
KRW-RLUSD,2026-09-04T13:31:59.203212+09:00,1788496319,1369.0,,,400325.06245573,0.0,,4,0.0,complete,1788495943711,1788496444549,152478.40708793,83879.42817878,0.29023357246330256,1366.0,1371.0,0.36603221083455484,0.21961932650074178,0.14587892049598833,39.99999999999757,complete_hourly_ordered,/v1/candles/minutes/60,120,False,6.345733041575485,1371.0,2026-09-02T21:00:00,1458.0,2026-09-04T00:00:00,D0,6.172839506172845,103.44827586206893,True,,,,False,,,-100.0,,0.293040293040292,,,,,,,-100.0,,0.293040293040292,,,,,,,,,0.1463057790782818,,,,,,,,,0.1463057790782818,,,,,,,,,0.1463057790782818,,,,,,,-100.0,,0.07309941520468044,,,,,,400325.06245573,-236378.6576424,,0.293040293040292,,,,400325.06245573,78549.9999959,5.096436186844372,0.07309941520468044,False,False,rising,falling,buy_only,flat_or_na,neutral,False,False,False,pass,S0,🌱 초발사 준비,발사 구조 관찰 또는 초기 준비,S0,False,,,2026-09-04T04:10:00Z,33836660879-1
KRW-RVN,2026-09-04T13:31:59.203212+09:00,1788496319,4.06,10.0582755259069,6.0,4666613.913245038,6887919.28587619,0.6775070554055445,177,0.0,complete,1788495419284,1788496469277,17254070.88178374,47706719.95600659,-0.46878507298755523,4.03,4.06,0.7444168734491052,0.7444168734491052,0.0,0.0,complete_hourly_ordered,/v1/candles/minutes/60,120,False,23.512747875354133,3.53,2026-08-31T09:00:00,4.36,2026-08-31T17:00:00,D-4,7.568807339449545,39.75903614457835,True,1.1657101865136132,36.06483055650006,,True,-0.42732640937919153,-29.233664252620727,15.40103573843481,0.13623688013055713,0.995024875621886,0.0,0.0,0.0,,-0.42732640937919153,-29.233664252620727,15.40103573843481,0.13623688013055713,0.995024875621886,0.0,0.0,0.0,,-0.05632159478719312,38.6415559391108,50.16691714674357,0.20676981127396488,0.4950495049504955,0.0,0.0,0.0,,-0.05632159478719312,38.6415559391108,50.16691714674357,0.20676981127396488,0.4950495049504955,0.0,0.0,0.0,,-23.035363006447195,-23.247363918945073,2586.356211014347,0.29468173602782244,0.4950495049504955,0.0,0.0,0.0,,0.38847542407931157,903.0166262460025,327.8974357804807,0.3535334950103035,0.4950495049504955,-1.0,0.053802008608316854,-0.03128596210976298,,-0.42732640937919153,-1927784.2055212837,919238.6394665847,0.13623688013055713,0.995024875621886,0.0,0.0,0.0,11554533.19912123,8352174.995739987,1.383416080842966,0.4950495049504955,False,False,falling,rising,sell_advantage_accelerating,accelerating,neutral,False,False,False,pass,S0,🌱 초발사 준비,발사 구조 관찰 또는 초기 준비,S0,False,,,2026-09-04T04:10:00Z,33836660879-1
KRW-SAFE,2026-09-04T13:31:59.203212+09:00,1788496319,131.0,539.5857378225926,10.0,5266331.0,30763.358779399998,171.1884270428391,11,0.0,complete,1788495656800,1788495794232,1169054.09280556,3046578.96519062,-0.44537198720931975,132.0,132.0,0.0,-0.7575757575757569,0.7575757575757576,,complete_hourly_ordered,/v1/candles/minutes/60,120,False,27.499999999999993,120.0,2026-08-31T08:00:00,153.0,2026-09-02T20:00:00,D-2,14.379084967320265,66.6666666666667,False,0.31479538300105414,14.557032733772765,,False,156.03391389787947,88.34444732206128,-83.32674438320491,1.3766031981213018,1.5503875968992276,0.0,0.052465897166831255,-0.03991715729477541,,156.03391389787947,88.34444732206128,-83.32674438320491,1.3766031981213018,1.5503875968992276,0.0,0.052465897166831255,-0.03991715729477541,,171.14682665609072,1846.4342870273217,-99.52699828768,2.500500923370737,1.5503875968992276,0.0,0.10493179433368471,-0.07983877460712208,,171.14682665609072,1846.4342870273217,-99.52699828768,2.500500923370737,1.5503875968992276,0.0,0.10493179433368471,-0.07983877460712208,,170.51456768077384,-18.56941648762436,-99.67945986766664,5.11412085811935,0.0,0.0,0.0,0.0,,171.1884270428391,,-98.99033432349708,5.134129871052437,1.5503875968992276,0.0,0.10493179433368471,-0.07983877460712208,,156.03391389787947,2470214.0584717,-153743.85136864,1.3766031981213018,1.5503875968992276,0.0,0.052465897166831255,-0.03991715729477541,5297094.3587794,3046885.66674386,1.7385274467618237,1.5503875968992276,False,True,rising,falling,buy_advantage_accelerating,accelerating,neutral,True,True,False,🔴 1차 급등 완료·상승분 반납 / 신규매수 금지,S1,⚡ 선행 시동,가격 미급등 상태에서 선행조건 6개 개선,S1,False,,,2026-09-04T04:10:00Z,33836660879-1
KRW-SAHARA,2026-09-04T13:31:59.203212+09:00,1788496319,12.1,17.205609260848775,6.0,0.0,6474175.916939368,0.0,7,0.0,complete,1788495907114,1788496452158,68710416.14973551,80634646.40047465,-0.07984348492759971,12.4,12.4,0.0,-2.4193548387096864,2.4193548387096833,,complete_hourly_ordered,/v1/candles/minutes/60,120,False,14.414414414414424,11.1,2026-08-31T08:00:00,12.7,2026-09-03T23:00:00,D-1,4.7244094488189,37.500000000000064,False,0.6314580941446657,52.67917397759481,,True,-1.4069211153994292,-100.0,44.88325955662613,0.10458565700335143,-0.8196721311475419,0.0,-0.05740528128588274,0.02539660471631322,,-1.4069211153994292,-100.0,44.88325955662613,0.10458565700335143,-0.8196721311475419,0.0,-0.05740528128588274,0.02539660471631322,,-0.09822367174836055,-100.0,-78.82943205991388,0.3209069695998963,0.0,0.0,0.0,0.0,,-0.09822367174836055,-100.0,-78.82943205991388,0.3209069695998963,0.0,0.0,0.0,0.0,,-2.7970044521115343,-100.0,-33.111474885270496,0.6129617405231187,-0.8196721311475419,0.0,-0.05740528128588274,0.02539660471631322,,-0.10837364306506893,-100.0,-54.712374118388205,1.0689163368416956,0.0,0.0,0.0,0.0,,-1.4069211153994292,-6286892.516241625,2005629.3527940447,0.10458565700335143,-0.8196721311475419,0.0,-0.05740528128588274,0.02539660471631322,6474175.916939368,48302024.370391175,0.13403529150856863,0.0,False,False,falling,rising,sell_only,accelerating,neutral,False,False,False,pass,S0,🌱 초발사 준비,발사 구조 관찰 또는 초기 준비,S0,False,,,2026-09-04T04:10:00Z,33836660879-1
KRW-SAND,2026-09-04T13:31:59.203212+09:00,1788496319,52.2,106.04005853086704,7.0,24598457.857391052,33537490.17555795,0.7334615002084549,97,0.0,complete,1788495419889,1788496490482,6785722.54206553,5354647.52337777,0.11787738025887809,51.1,52.4,2.544031311154593,2.1526418786692814,0.38167938931296896,15.384615384614984,complete_hourly_ordered,/v1/candles/minutes/60,120,False,11.344537815126055,47.6,2026-08-31T08:00:00,53.0,2026-09-01T21:00:00,D-3,1.5094339622641506,14.814814814814756,False,-0.9815024537561445,30.89184560663945,,True,-3.409657578752158,-80.3175832047465,11.180473032726933,0.9239861591590994,0.5780346820809301,0.0,0.03775009437522181,-0.024071792826998006,,-3.409657578752158,-80.3175832047465,11.180473032726933,0.9239861591590994,0.5780346820809301,0.0,0.03775009437522181,-0.024071792826998006,,0.5232964133335544,526.5649753407972,79.53509821284909,1.974168833261686,1.7543859649122862,2.0,0.07550018875047693,-0.048145171306675394,,0.5232964133335544,526.5649753407972,79.53509821284909,1.974168833261686,1.7543859649122862,2.0,0.07550018875047693,-0.048145171306675394,,-0.4807056837614746,259.2472610512641,494.69547505295947,2.273494739412783,1.1627906976744207,2.0,0.07550018875047693,-0.048145171306675394,,0.4610336962910618,5.970455236387728,-60.6396540350507,2.4544048266866128,0.9671179883945946,0.0,0.06291682395873632,-0.040120535620154385,,-3.409657578752158,-100378358.31958923,3372579.6829700097,0.9239861591590994,0.5780346820809301,0.0,0.03775009437522181,-0.024071792826998006,58135948.032949,18518930.02773494,3.1392714344663273,0.9671179883945946,False,False,falling,rising,sell_advantage_accelerating,accelerating,neutral,False,False,False,pass,S0,🌱 초발사 준비,발사 구조 관찰 또는 초기 준비,S0,False,,,2026-09-04T04:10:00Z,33836660879-1
KRW-SC,2026-09-04T13:31:59.203212+09:00,1788496319,1.0,1650.153855453022,12.0,27772018.912252482,21513675.332281183,1.290900717023496,119,0.0,complete,1788495525008,1788496425972,37974197.13812206,566908654.3063872,-0.8744411515471578,1.0,1.03,3.0000000000000027,0.0,2.9126213592233037,100.0,complete_hourly_ordered,/v1/candles/minutes/60,120,False,84.14634146341464,0.82,2026-08-31T11:00:00,1.51,2026-09-01T18:00:00,D-3,33.774834437086085,73.91304347826087,False,2.323202805376967,7.14664545213472,2.376165410971407,True,-0.1841646064190845,254.71018614207242,305.31443553339557,0.9627034051709416,1.2145748987854255,0.0,0.08766803039159665,-0.07032786130802293,-0.03465758357845505,-0.1841646064190845,254.71018614207242,305.31443553339557,0.9627034051709416,1.2145748987854255,0.0,0.08766803039159665,-0.07032786130802293,-0.03465758357845505,0.7439519576973253,162.57579846206633,11.252170909818982,1.5233612392232772,2.0408163265306145,0.0,0.08766803039159665,-0.07032786130802293,-0.03465758357845505,0.7439519576973253,162.57579846206633,11.252170909818982,1.5233612392232772,2.0408163265306145,0.0,0.08766803039159665,-0.07032786130802293,-0.03465758357845505,-0.25593275123918025,169.92144168838675,223.43581059279057,2.314448850546796,1.9367991845055998,-2.0,0.13880771478667064,-0.11135890747508093,-0.05502853945205555,1.1405659947229005,3734.867462411024,346.59804384527035,2.8898487457277042,3.412616339193386,-2.0,0.24108708357684083,-0.19343528460877923,-0.09611547440379997,-0.1841646064190845,19942523.17255897,16205777.698689848,0.9627034051709416,1.2145748987854255,0.0,0.08766803039159665,-0.07032786130802293,49285694.244533665,18367479.367458418,2.6833128955001255,3.412616339193386,False,False,rising,rising,buy_advantage_weakening,accelerating,neutral,True,True,False,🔴 1차 급등 완료·상승분 반납 / 신규매수 금지,S3,🔴 1차 급등 완료·반납,당일/5D 급등 후 상승분 상당 부분 반납,S3,False,,,2026-09-04T04:10:00Z,33836660879-1
KRW-SEI,2026-09-04T13:31:59.203212+09:00,1788496319,66.8,32.784935111550965,12.0,787760.058252015,0.0,,8,0.0,complete,1788495727869,1788496049834,3716752.72693728,2899111.40282509,0.12358798610054861,67.4,67.6,0.2967359050444873,-0.8902077151335397,1.1834319526627177,400.0000000000262,complete_hourly_ordered,/v1/candles/minutes/60,120,False,14.072847682119228,60.4,2026-09-01T01:00:00,68.9,2026-09-03T04:00:00,D-1,3.047895500725706,24.705882352941394,False,0.6716957734835161,13.462136353542073,12.173738411076267,False,,-73.14817740454428,-100.0,0.015043674114515682,0.6024096385542022,0.0,0.041335124522068334,-0.031689710240458524,-0.09899638801622856,,-73.14817740454428,-100.0,0.015043674114515682,0.6024096385542022,0.0,0.041335124522068334,-0.031689710240458524,-0.09899638801622856,,,-100.0,0.06150155219633291,0.6024096385542022,0.0,0.041335124522068334,-0.031689710240458524,-0.09899638801622856,,,-100.0,0.06150155219633291,0.6024096385542022,0.0,0.041335124522068334,-0.031689710240458524,-0.09899638801622856,,-91.82271658021382,-100.0,0.345655695374127,0.9063444108761143,0.0,0.041335124522068334,-0.031689710240458524,-0.09899638801622856,,-92.53084358719079,-100.0,0.607260412841427,0.7541478129713397,0.0,0.05166890565255766,-0.03961257766662207,-0.12392545818664757,,-2145970.2516798414,-88245.3,0.015043674114515682,0.6024096385542022,0.0,0.041335124522068334,-0.031689710240458524,787760.058252015,19025613.97789339,0.04140523712755575,0.7541478129713397,False,True,falling,falling,buy_only,accelerating,neutral,False,False,False,pass,S1,⚡ 선행 시동,가격 미급등 상태에서 선행조건 4개 개선,S1,False,,,2026-09-04T04:10:00Z,33836660879-1
KRW-SENT,2026-09-04T13:31:59.203212+09:00,1788496319,17.8,36.92455493710087,7.0,10124.999999838,0.0,,1,0.0,complete,1788495798399,1788495798399,7429432.00734288,13427380.0822477,-0.28757741351557436,17.9,18.0,0.5586592178770999,-0.5586592178770777,1.1111111111111072,199.99999999999602,complete_hourly_ordered,/v1/candles/minutes/60,120,False,8.284023668639072,16.9,2026-08-31T08:00:00,18.3,2026-09-03T02:00:00,D-1,2.732240437158473,35.7142857142858,False,0.18825301204821177,14.567782326029368,,True,,,,0.0015066169055018008,-0.5586592178770777,0.0,-0.03765060240961127,0.028675620302811566,,,,,0.0015066169055018008,-0.5586592178770777,0.0,-0.03765060240961127,0.028675620302811566,,,-97.97500000003205,,0.07590745174608315,-0.5586592178770777,0.0,-0.03765060240961127,0.028675620302811566,,,-97.97500000003205,,0.07590745174608315,-0.5586592178770777,0.0,-0.03765060240961127,0.028675620302811566,,,,,0.07590745174608315,-0.5586592178770777,0.0,-0.03765060240961127,0.028675620302811566,,,-99.32466250001069,,0.15030828658670714,-0.5586592178770777,0.0,-0.03765060240961127,0.028675620302811566,,,10124.999999838,0.0,0.0015066169055018008,-0.5586592178770777,0.0,-0.03765060240961127,0.028675620302811566,10124.999999838,801056.1836867895,0.012639562874652054,-0.5586592178770777,False,False,rising,flat_or_na,buy_only,accelerating,neutral,False,False,False,pass,S0,🌱 초발사 준비,발사 구조 관찰 또는 초기 준비,S0,False,,,2026-09-04T04:10:00Z,33836660879-1
KRW-SHIB,2026-09-04T13:31:59.203212+09:00,1788496319,0.00734,-15.294820474754934,8.0,21747018.21214285,12927891.793684008,1.6821782359570394,63,0.0,complete,1788495422295,1788496365143,63137079131.79212,52046345273.484276,0.09628758578391244,0.00738,0.00741,0.40650406504063596,-0.5420054200542035,0.9446693657219939,233.3333333333388,complete_hourly_ordered,/v1/candles/minutes/60,120,False,10.13215859030836,0.00681,2026-08-31T08:00:00,0.0075,2026-09-04T00:00:00,D0,2.0000000000000018,21.739130434782584,False,0.4924311508298418,-1.9579724056576375,,True,0.14926084820510943,95.10052820471626,77.78912225341222,0.2562492815149753,0.2732240437158584,0.0,0.018238190771469043,-0.016146233217934514,,0.14926084820510943,95.10052820471626,77.78912225341222,0.2562492815149753,0.2732240437158584,0.0,0.018238190771469043,-0.016146233217934514,,0.5121695877000161,-8.300717369880806,-36.220222433703796,0.44520609239047104,0.4103967168262779,0.0,0.00911909538572342,-0.008073023241427668,,0.5121695877000161,-8.300717369880806,-36.220222433703796,0.44520609239047104,0.4103967168262779,0.0,0.00911909538572342,-0.008073023241427668,,1.0944913820036586,352.13712217434886,57.95891137243587,0.6313058908301468,-0.1360544217687054,0.0,0.0,0.0,,0.2837034349793168,-0.8445062170181594,-17.567320471773908,0.7511959130688783,0.4103967168262779,0.0,0.027357286157192462,-0.024219629935937848,,0.14926084820510943,10600447.563536504,5656416.672018689,0.2562492815149753,0.2732240437158584,0.0,0.018238190771469043,-0.016146233217934514,34674910.00582686,42885140.645289116,0.8085530205585524,0.4103967168262779,False,False,rising,rising,buy_advantage_accelerating,accelerating,leading_buy_inflow,False,False,False,pass,S0,🌱 초발사 준비,발사 구조 관찰 또는 초기 준비,S0,False,,,2026-09-04T04:10:00Z,33836660879-1
KRW-SIGN,2026-09-04T13:31:59.203212+09:00,1788496319,13.0,81.66454807826693,13.0,24498370.171524704,2347177.78975071,10.43737303518309,33,0.0,complete,1788495495738,1788496595973,20698538.60549442,36778441.10163331,-0.27976248192012804,12.9,13.0,0.7751937984496138,0.7751937984496138,0.0,0.0,complete_hourly_ordered,/v1/candles/minutes/60,120,False,14.655172413793105,11.6,2026-08-31T21:00:00,13.3,2026-09-02T19:00:00,D-2,1.5037593984962516,11.764705882352889,True,1.7901017901017946,15.36810617897943,7.639943292851194,True,,38786.301859593885,,0.2172438744247671,0.7751937984496138,0.0,0.05850005850005502,-0.043496148539157176,-0.05490070859885776,,38786.301859593885,,0.2172438744247671,0.7751937984496138,0.0,0.05850005850005502,-0.043496148539157176,-0.05490070859885776,10.43737303518309,,-46.778862064371374,0.22112032200951148,0.7751937984496138,0.0,0.05850005850005502,-0.043496148539157176,-0.05490070859885776,10.43737303518309,,-46.778862064371374,0.22112032200951148,0.7751937984496138,0.0,0.05850005850005502,-0.043496148539157176,-0.05490070859885776,10.434574082663204,122391.85085774602,-67.1518040537594,0.41868510681595694,0.7751937984496138,0.0,0.0,0.0,0.0,10.408843667317678,24398.370171549202,-33.036501390611974,1.5948753563903608,0.7751937984496138,0.0,0.05850005850005502,-0.043496148539157176,-0.05490070859885776,,24435370.171524752,2347177.78975071,0.2172438744247671,0.7751937984496138,0.0,0.05850005850005502,-0.043496148539157176,26845547.961275414,16701780.123368353,1.6073465081554015,0.7751937984496138,False,True,rising,rising,buy_advantage_weakening,accelerating,neutral,False,False,False,pass,S1,⚡ 선행 시동,가격 미급등 상태에서 선행조건 5개 개선,S1,False,,,2026-09-04T04:10:00Z,33836660879-1
KRW-SKR,2026-09-04T13:31:59.203212+09:00,1788496319,27.1,197.6618930316676,10.0,29907470.855780777,134863367.64843398,0.22176126384256176,187,0.0,complete,1788495424777,1788496322762,13205866.90728621,9411406.3152662,0.16776826077497406,27.6,28.9,4.710144927536231,-1.8115942028985477,6.228373702422136,138.4615384615384,complete_hourly_ordered,/v1/candles/minutes/60,120,False,219.87577639751552,16.1,2026-08-30T14:00:00,51.5,2026-08-31T23:00:00,D-4,47.184466019417485,68.64406779661016,False,5.718270571827033,-30.591852007386688,,True,-0.3982367185296535,-88.72940680594209,-68.48978527911511,0.3291565669849774,-1.8115942028985477,0.0,-0.24407252440727945,0.25218676360935177,,-0.3982367185296535,-88.72940680594209,-68.48978527911511,0.3291565669849774,-1.8115942028985477,0.0,-0.24407252440727945,0.25218676360935177,,-1.219146704944772,-90.23002458812283,-36.518961057939904,1.3171747722532814,0.0,0.0,-0.03486750348677958,0.0360383177294743,,-1.219146704944772,-90.23002458812283,-36.518961057939904,1.3171747722532814,0.0,0.0,-0.03486750348677958,0.0360383177294743,,-1.3372848111400153,-67.68120216670476,127.21053279136245,1.9616289282736545,-0.73260073260073,0.0,-0.10460251046027214,0.10810331346878144,,-1.121335417658069,-33.02659174769841,305.624322362782,2.5252411222965065,3.435114503816794,0.0,0.2789400278939702,-0.2884463012264469,,-0.3982367185296535,-235450974.26624358,-293135517.2942538,0.3291565669849774,-1.8115942028985477,0.0,-0.24407252440727945,0.25218676360935177,164770838.50421476,103080285.30172202,1.5984709202338827,3.435114503816794,False,False,falling,falling,sell_advantage_accelerating,accelerating,neutral,True,True,False,🔴 1차 급등 완료·상승분 반납 / 신규매수 금지,S3,🔴 1차 급등 완료·반납,당일/5D 급등 후 상승분 상당 부분 반납,S3,False,,,2026-09-04T04:10:00Z,33836660879-1
KRW-SKY,2026-09-04T13:31:59.203212+09:00,1788496319,94.9,-3.6099323141318695,8.0,338916.22627055703,354154.26788,0.9569734350494792,22,0.0,complete,1788495514242,1788496042912,901872.37425211,964025.3249538,-0.03330994551745309,93.4,94.9,1.6059957173447437,1.6059957173447437,0.0,0.0,complete_hourly_ordered,/v1/candles/minutes/60,120,False,15.384615384615374,88.4,2026-09-01T14:00:00,102.0,2026-09-02T08:00:00,D-2,6.960784313725488,52.20588235294117,True,0.6763972944108243,-5.093973261982397,,False,0.85914192310588,71.5473265392953,-82.46269571280854,0.0772375554456417,1.1727078891258014,0.0,0.08543965824137079,-0.0774808113436034,,0.85914192310588,71.5473265392953,-82.46269571280854,0.0772375554456417,1.1727078891258014,0.0,0.08543965824137079,-0.0774808113436034,,0.9569734350494792,,273.9749396832101,0.17576187456140868,0.21119324181626542,0.0,0.014239943040239567,-0.012912268811041017,,0.9569734350494792,,273.9749396832101,0.17576187456140868,0.21119324181626542,0.0,0.014239943040239567,-0.012912268811041017,,,-47.37715482867895,,0.23394724549719026,0.21119324181626542,0.0,0.028479886080479133,-0.0258250174848893,,,-66.44569876325161,,0.5803330431140346,0.7430997876857859,0.0,0.05695977216091386,-0.05165195452807669,,0.85914192310588,141351.95458665903,-1665279.6318822342,0.0772375554456417,1.1727078891258014,0.0,0.08543965824137079,-0.0774808113436034,693070.4941505571,1176741.0068666355,0.58897454079214,0.7430997876857859,False,False,rising,falling,sell_advantage_weakening,accelerating,neutral,False,True,False,pass,S0,🌱 초발사 준비,발사 구조 관찰 또는 초기 준비,S3,True,발사 구조 관찰 또는 초기 준비,2026-09-04T13:31:59.203212+09:00,2026-09-04T04:10:00Z,33836660879-1
KRW-SLX,2026-09-04T13:31:59.203212+09:00,1788496319,93.4,,,10875713.898979304,41428744.62345976,0.2625161345782305,64,0.0,complete,1788495548136,1788496573112,4465208.28281018,1437835.00423145,0.5128495813717688,94.5,95.2,0.7407407407407529,-1.1640211640211562,1.8907563025210055,257.14285714285353,complete_hourly_ordered,/v1/candles/minutes/60,120,False,7.403545359749741,95.9,2026-08-30T14:00:00,103.0,2026-08-30T23:00:00,D-4,9.417475728155345,136.61971830985925,False,,,,True,-0.0017400683373577919,59.874471611731515,60.93418745148489,,0.1071811361200492,,,,,-0.0017400683373577919,59.874471611731515,60.93418745148489,,0.1071811361200492,,,,,-2.1789373733733526,-58.32295902522024,287.6049677952094,,0.21459227467810482,,,,,-2.1789373733733526,-58.32295902522024,287.6049677952094,,0.21459227467810482,,,,,-0.3901265529100008,-14.59708187090094,112.32062591757632,,0.21459227467810482,,,,,0.043993853763199114,35.38281703854913,12.694642597716932,,0.5382131324004336,,,,,-0.0017400683373577919,4073055.6700959075,15686082.185157865,,0.1071811361200492,,,,52304458.52243906,28499775.962610222,1.8352585855783208,0.5382131324004336,False,False,rising,rising,sell_advantage_accelerating,flat_or_na,neutral,False,False,False,pass,S0,🌱 초발사 준비,발사 구조 관찰 또는 초기 준비,S0,False,,,2026-09-04T04:10:00Z,33836660879-1
KRW-SNT,2026-09-04T13:31:59.203212+09:00,1788496319,9.61,-19.094602630055668,12.0,2221565.815716945,20902783.0631445,0.10628086264904979,27,0.0,complete,1788495554853,1788496580135,6876555.13693644,10887791.60838912,-0.22580264441799308,9.88,9.88,0.0,-2.7327935222672184,2.7327935222672197,,complete_hourly_ordered,/v1/candles/minutes/60,120,False,31.818181818181813,8.8,2026-09-02T10:00:00,11.6,2026-09-03T14:00:00,D-1,17.32758620689655,71.78571428571433,False,1.3418903150525185,14.976673040152958,9.559012184975451,False,-1.3652025079900074,288.5940666386448,5280.175628381426,0.13089484186305,-0.4145077720207335,0.0,-0.014585764294028358,0.010936378381055434,0.0202967837735617,-1.3652025079900074,288.5940666386448,5280.175628381426,0.13089484186305,-0.4145077720207335,0.0,-0.014585764294028358,0.010936378381055434,0.0202967837735617,-0.6389402195225825,-55.872222412953995,209.41553679176437,0.15052300051345924,-0.6204756980351611,0.0,-0.014585764294028358,0.010936378381055434,0.0202967837735617,-0.6389402195225825,-55.872222412953995,209.41553679176437,0.15052300051345924,-0.6204756980351611,0.0,-0.014585764294028358,0.010936378381055434,0.0202967837735617,-0.9763522427951167,-62.93238399995222,277.5903508993808,0.2524101817430804,-0.5175983436853104,0.0,-0.02187864644105364,0.01640444210931946,0.030423736368735632,-3.982349243465044,-76.78796951728877,792.9679745735458,0.28626800012446907,-0.4145077720207335,0.0,-0.014585764294028358,0.010936378381055434,0.0202967837735617,-1.3652025079900074,1649872.6257170092,20514268.179859307,0.13089484186305,-0.4145077720207335,0.0,-0.014585764294028358,0.010936378381055434,23124348.878861446,49978845.728222825,0.4626827319023743,-0.4145077720207335,False,True,rising,rising,sell_advantage_accelerating,accelerating,neutral,True,True,False,🔴 1차 급등 완료·상승분 반납 / 신규매수 금지,S3,🔴 1차 급등 완료·반납,당일/5D 급등 후 상승분 상당 부분 반납,S1,True,당일/5D 급등 후 상승분 상당 부분 반납,2026-09-04T13:31:59.203212+09:00,2026-09-04T04:10:00Z,33836660879-1
KRW-SOL,2026-09-04T13:31:59.203212+09:00,1788496319,142400.0,-28.23120008853882,7.0,259915150.81229392,98085424.98993202,2.649885554749576,304,0.0,complete,1788495420566,1788496655823,10118.81377059,9390.84286788,0.03731336313087933,142000.0,142800.0,0.5633802816901401,0.28169014084507005,0.2801120448179272,50.0,complete_hourly_ordered,/v1/candles/minutes/60,120,False,8.451757666417347,133700.0,2026-09-02T20:00:00,145000.0,2026-09-04T00:00:00,D0,1.8620689655172384,23.89380530973444,False,1.0411622276029098,-18.929972248248152,,True,2.428974382655097,719.8852097057818,-31.64919808163247,0.2167114271374615,0.42313117066290484,0.0,0.02421307506053072,-0.0242638764683214,,2.428974382655097,719.8852097057818,-31.64919808163247,0.2167114271374615,0.42313117066290484,0.0,0.02421307506053072,-0.0242638764683214,,1.9799522276358104,220.43255032031234,-18.989541202309425,0.2827545967338594,0.35236081747709314,0.0,0.029055690072632423,-0.029116859226054004,,1.9799522276358104,220.43255032031234,-18.989541202309425,0.2827545967338594,0.35236081747709314,0.0,0.029055690072632423,-0.029116859226054004,,0.6346469896033029,57.91287147694932,20.092774558865557,0.49416542955069787,0.49400141143260967,0.0,0.033898305084734126,-0.03396991114194847,,2.0368502358936293,73.20820807955752,-59.92930755888687,0.6594920285940553,0.6360424028268641,1.0,0.04842615012106144,-0.04852948185331485,,2.428974382655097,228213743.3792259,-45417536.55114402,0.2167114271374615,0.42313117066290484,0.0,0.02421307506053072,-0.0242638764683214,358000575.80222595,428779287.985937,0.8349297315265087,0.6360424028268641,False,False,rising,falling,buy_advantage_accelerating,accelerating,leading_buy_inflow,False,False,False,pass,S0,🌱 초발사 준비,발사 구조 관찰 또는 초기 준비,S0,False,,,2026-09-04T04:10:00Z,33836660879-1
KRW-SOMI,2026-09-04T13:31:59.203212+09:00,1788496319,154.0,1131.0210154699398,13.0,0.0,2869958.90932212,0.0,2,0.0,complete,1788495434837,1788496087010,497306.85984838,1016057.95617125,-0.34277993701958853,158.0,161.0,1.8987341772152,-2.5316455696202556,4.3478260869565215,233.33333333333277,complete_hourly_ordered,/v1/candles/minutes/60,120,False,30.666666666666664,150.0,2026-08-31T08:00:00,196.0,2026-09-01T16:00:00,D-3,21.42857142857143,91.30434782608697,False,0.6524575902566276,9.534281385916039,6.807161185616064,False,-0.36124311678604576,-100.0,1973.5058029368115,0.21855414747142277,0.0,0.0,0.0,0.0,0.0,-0.36124311678604576,-100.0,1973.5058029368115,0.21855414747142277,0.0,0.0,0.0,0.0,0.0,0.0,,-42.57212222445218,0.22693470071408228,-0.6451612903225823,0.0,-0.043497172683770735,0.034672316330430775,0.05816899176975188,0.0,,-42.57212222445218,0.22693470071408228,-0.6451612903225823,0.0,-0.043497172683770735,0.034672316330430775,0.05816899176975188,-0.0014561942207010482,-100.0,-25.248825886614213,0.7179013634483908,-0.6451612903225823,0.0,-0.043497172683770735,0.034672316330430775,0.05816899176975188,-42.724660890926394,-100.0,4183.5207602430055,1.1236904208142278,-0.6451612903225823,0.0,-0.043497172683770735,0.034672316330430775,0.05816899176975188,-0.36124311678604576,-49999.99999918,2731547.9675607197,0.21855414747142277,0.0,0.0,0.0,0.0,2869958.90932212,2608909.291632555,1.10006082562043,-0.6451612903225823,False,True,falling,rising,sell_only,accelerating,neutral,True,True,False,🔴 1차 급등 완료·상승분 반납 / 신규매수 금지,S3,🔴 1차 급등 완료·반납,당일/5D 급등 후 상승분 상당 부분 반납,S3,False,,,2026-09-04T04:10:00Z,33836660879-1
KRW-SONIC,2026-09-04T13:31:59.203212+09:00,1788496319,30.1,60.7994524294186,9.0,2846690.2233047,714350.1970000541,3.985006562970801,17,0.0,complete,1788495446302,1788496490627,4621770.95607762,2528875.31476688,0.29268622192152804,29.8,30.5,2.348993288590595,1.0067114093959662,1.3114754098360608,57.142857142857274,complete_hourly_ordered,/v1/candles/minutes/60,120,False,18.309859154929597,28.4,2026-08-31T08:00:00,33.6,2026-09-01T12:00:00,D-3,10.71428571428572,69.23076923076918,True,0.6949270326615853,25.029103608847496,,True,1.0404911719871284,-47.27534865578662,-61.041833955839884,0.18285403832813785,0.6688963210702337,0.0,0.023164234422057284,-0.015630680254581364,,1.0404911719871284,-47.27534865578662,-61.041833955839884,0.18285403832813785,0.6688963210702337,0.0,0.023164234422057284,-0.015630680254581364,,3.9478762135111984,28366.902233482546,165.24072451553798,0.18299212790515895,0.6688963210702337,0.0,0.04632846884411457,-0.03126203447778053,,3.9478762135111984,28366.902233482546,165.24072451553798,0.18299212790515895,0.6688963210702337,0.0,0.04632846884411457,-0.03126203447778053,,2.8137239964984726,105.67436648437551,-39.54770311499869,0.21082550129205657,1.0067114093959662,0.0,0.04632846884411457,-0.03126203447778053,,,-67.87001266515608,,0.25787830370198606,0.6688963210702337,0.0,0.023164234422057284,-0.015630680254581364,,1.0404911719871284,-2552473.451994082,-1119283.8508406966,0.18285403832813785,0.6688963210702337,0.0,0.023164234422057284,-0.015630680254581364,3561040.4203047543,2633269.886001215,1.3523264133447472,0.6688963210702337,False,False,falling,falling,buy_advantage_accelerating,accelerating,neutral,True,True,False,🔴 1차 급등 완료·상승분 반납 / 신규매수 금지,S0,🌱 초발사 준비,발사 구조 관찰 또는 초기 준비,S3,True,발사 구조 관찰 또는 초기 준비,2026-09-04T13:31:59.203212+09:00,2026-09-04T04:10:00Z,33836660879-1
KRW-SOON,2026-09-04T13:31:59.203212+09:00,1788496319,260.0,-46.98763961958631,0.0,0.0,0.0,,0,0.0,complete,,,397923.33729156,1074058.20146018,-0.45933651093341255,263.0,264.0,0.3802281368821214,-1.1406844106463865,1.5151515151515151,400.00000000000585,complete_hourly_ordered,/v1/candles/minutes/60,120,False,6.827309236947787,249.0,2026-09-02T10:00:00,266.0,2026-09-04T00:00:00,D0,2.2556390977443663,35.294117647058634,False,-0.41585127201567706,-3.0469862363549987,,False,,-100.0,-100.0,0.020847426604227337,0.0,0.0,0.0,0.0,,,-100.0,-100.0,0.020847426604227337,0.0,0.0,0.0,0.0,,,-100.0,,0.032099278517890184,-0.7633587786259555,0.0,-0.048923679060686176,0.0441011809892764,,,-100.0,,0.032099278517890184,-0.7633587786259555,0.0,-0.048923679060686176,0.0441011809892764,,,,-100.0,0.0344620781586471,-0.3831417624521105,0.0,-0.024461839530331986,0.022051288165654714,,,,,0.03636817881964305,-0.7633587786259555,0.0,-0.048923679060686176,0.0441011809892764,,,-243251.75597839997,-522193.52989699994,0.020847426604227337,0.0,0.0,0.0,0.0,0,1332602.1376084401,0.0,-0.7633587786259555,False,False,falling,falling,unavailable,accelerating,neutral,False,False,False,pass,S0,🌱 초발사 준비,발사 구조 관찰 또는 초기 준비,S0,False,,,2026-09-04T04:10:00Z,33836660879-1
KRW-SOPH,2026-09-04T13:31:59.203212+09:00,1788496319,5.61,682.0489758785919,8.0,6375895.019317838,10651908.570499986,0.5985683201389479,61,0.0,complete,1788495439846,1788496531529,33745860.27814372,18119475.82969361,0.3012876348850811,5.74,5.75,0.17421602787455193,-2.2648083623693416,2.4347826086956466,1400.0000000000955,complete_hourly_ordered,/v1/candles/minutes/60,120,False,47.27954971857411,5.33,2026-08-31T08:00:00,7.85,2026-09-02T10:00:00,D-2,28.407643312101904,88.4920634920635,False,0.7594621513944189,30.928681922440916,,True,0.5186459855032282,466.24656967436226,-24.393346080632238,0.38406177660806406,0.899280575539585,0.0,0.037350597609564495,-0.02339420950975679,,0.5186459855032282,466.24656967436226,-24.393346080632238,0.38406177660806406,0.899280575539585,0.0,0.037350597609564495,-0.02339420950975679,,-1.7718204052201285,-8.61506233413053,261.8932352793658,0.49978143052760515,0.3577817531305927,0.0,-0.012450199203173362,0.0077977370692252634,,-1.7718204052201285,-8.61506233413053,261.8932352793658,0.49978143052760515,0.3577817531305927,0.0,-0.012450199203173362,0.0077977370692252634,,-0.1334213248875079,-40.5007688692998,-27.2383458840618,0.8257088003178978,0.0,0.0,-0.024900398406346724,0.015595307763671684,,-0.06235382225832686,71.29985032781212,89.14443057178315,1.200004377493542,1.2635379061371799,0.0,0.11205179282869349,-0.07018712136762417,,0.5186459855032282,5249902.322711394,-3436677.57677209,0.38406177660806406,0.899280575539585,0.0,0.037350597609564495,-0.02339420950975679,17027803.589817826,23800720.043200053,0.715432287716973,1.2635379061371799,False,True,rising,falling,sell_advantage_weakening,accelerating,neutral,True,True,False,🔴 1차 급등 완료·상승분 반납 / 신규매수 금지,S3,🔴 1차 급등 완료·반납,당일/5D 급등 후 상승분 상당 부분 반납,S3,False,,,2026-09-04T04:10:00Z,33836660879-1
KRW-SPK,2026-09-04T13:31:59.203212+09:00,1788496319,28.1,104.33271198124041,14.0,6031116.858820068,10455853.011706518,0.5768172957354647,33,0.0,complete,1788495807240,1788496627285,12614146.21672656,5003540.84249848,0.4319866364207545,27.9,28.6,2.508960573476715,0.7168458781362075,1.7482517482517481,71.4285714285713,complete_hourly_ordered,/v1/candles/minutes/60,120,False,29.01960784313724,25.5,2026-08-31T08:00:00,32.9,2026-09-03T20:00:00,D-1,14.589665653495432,64.86486486486481,False,1.7237008871989756,8.68909809721551,3.523423176395187,True,-0.7230823058126152,-60.30992802748473,-10.555544842489539,0.8211459858804062,-0.7067137809187218,0.0,0.0,0.0,0.0,-0.7230823058126152,-60.30992802748473,-10.555544842489539,0.8211459858804062,-0.7067137809187218,0.0,0.0,0.0,0.0,0.1496870004864192,-63.78936597974605,-73.18620832874714,1.4798678784217572,-0.35460992907800915,0.0,-0.025348542458814016,0.02015611769331649,0.013910146222452902,0.1496870004864192,-63.78936597974605,-73.18620832874714,1.4798678784217572,-0.35460992907800915,0.0,-0.025348542458814016,0.02015611769331649,0.013910146222452902,-21.32350406563961,-87.06919111145062,390.95072601919804,3.2219992867352687,-1.4035087719298178,0.0,-0.07604562737644205,0.060464913665088105,0.041592320091868196,-0.8546095616410148,-79.32506839512853,-48.693195241483735,4.2405826754569205,-0.35460992907800915,0.0,-0.025348542458814016,0.02015611769331649,0.013910146222452902,-0.7230823058126152,-9164413.305490335,-1233919.1416303255,0.8211459858804062,-0.7067137809187218,0.0,0.0,0.0,16486969.870526586,21688839.28855384,0.7601591607176271,-0.35460992907800915,False,True,falling,falling,sell_advantage_accelerating,accelerating,neutral,True,True,False,🔴 1차 급등 완료·상승분 반납 / 신규매수 금지,S3,🔴 1차 급등 완료·반납,당일/5D 급등 후 상승분 상당 부분 반납,S1,True,당일/5D 급등 후 상승분 상당 부분 반납,2026-09-04T13:31:59.203212+09:00,2026-09-04T04:10:00Z,33836660879-1
KRW-SPX,2026-09-04T13:31:59.203212+09:00,1788496319,829.0,,,51232.2,0.0,,1,0.0,complete,1788496156226,1788496156226,109204.4901564,106078.91262161,0.014518432421903663,834.0,839.0,0.5995203836930418,-0.5995203836930418,1.1918951132300357,200.0,complete_hourly_ordered,/v1/candles/minutes/60,120,False,17.17877094972067,716.0,2026-09-03T09:00:00,839.0,2026-09-04T09:00:00,D0,1.1918951132300348,8.130081300812957,False,,,,True,,-87.16891959907895,-100.0,,1.2210012210012167,,,,,,-87.16891959907895,-100.0,,1.2210012210012167,,,,,,-86.92581716779104,,,0.8515815085158085,,,,,,-86.92581716779104,,,0.8515815085158085,,,,,,924.6439991618413,-100.0,,1.2210012210012167,,,,,,-98.98705600469863,-100.0,,1.5931372549019551,,,,,,-348049.84328236,-11962.6097557,,1.2210012210012167,,,,51232.2,2376128.794707015,0.021561204979344186,1.5931372549019551,False,False,falling,falling,buy_only,flat_or_na,neutral,False,True,False,pass,S0,🌱 초발사 준비,발사 구조 관찰 또는 초기 준비,S0,False,,,2026-09-04T04:10:00Z,33836660879-1
KRW-STEEM,2026-09-04T13:31:59.203212+09:00,1788496319,62.3,14.821467023789792,12.0,22700956.69622041,15382870.11175004,1.4757295960576646,102,0.0,complete,1788495481557,1788496568314,789732.25052637,914189.32171852,-0.07304154910614798,60.9,62.5,2.6272577996715896,2.298850574712641,0.32000000000000456,12.5,complete_hourly_ordered,/v1/candles/minutes/60,120,False,8.762886597938135,58.2,2026-09-03T08:00:00,63.3,2026-09-03T13:00:00,D-1,1.1058451816745585,13.725490196078388,False,0.9948049077042054,5.178497301784964,3.843240032601349,True,0.07592095771535212,291.89522455563457,271.7336306892376,1.2026769200548006,1.7973856209150263,0.0,0.14369404222394078,-0.118940259032426,-0.15892774961783562,0.07592095771535212,291.89522455563457,271.7336306892376,1.2026769200548006,1.7973856209150263,0.0,0.14369404222394078,-0.118940259032426,-0.15892774961783562,,,,1.3333311567750528,2.1311475409836023,0.0,0.1658008179507009,-0.13724232168888495,-0.18389146643510212,,,,1.3333311567750528,2.1311475409836023,0.0,0.1658008179507009,-0.13724232168888495,-0.18389146643510212,1.4757295960576646,,14928.075743523652,1.3682312442950817,2.635914332784184,0.0,0.19896098154086328,-0.16469719672288363,-0.22160018124356018,0.57569845651172,50349.95964313959,30668.87174246763,1.4009945745746322,3.14569536423841,0.0,0.23212114513098125,-0.1921542092379065,-0.2596282289497216,0.07592095771535212,16908348.041200243,11244726.871056858,1.2026769200548006,1.7973856209150263,0.0,0.14369404222394078,-0.118940259032426,38083826.80797045,6415795.606651203,5.935947642797295,3.14569536423841,False,False,rising,rising,buy_advantage_accelerating,accelerating,neutral,False,False,False,pass,S2,🚀 발사 진행,가격 상승 초입과 실제 매수수급·구조 동반,S1,True,가격 상승 초입과 실제 매수수급·구조 동반,2026-09-04T13:31:59.203212+09:00,2026-09-04T04:10:00Z,33836660879-1
KRW-STORJ,2026-09-04T13:31:59.203212+09:00,1788496319,70.6,4061.4038328641113,6.0,9516360.451022912,62484087.79406099,0.1523005422178449,229,0.0,complete,1788495462065,1788496574121,2286339.97456765,1099097.27651964,0.35069109541661325,74.0,77.5,4.729729729729737,-4.594594594594604,8.90322580645162,197.14285714285717,complete_hourly_ordered,/v1/candles/minutes/60,120,False,95.12195121951221,53.3,2026-08-31T14:00:00,104.0,2026-09-01T09:00:00,D-3,32.01923076923077,65.68047337278105,True,1.517481800471665,38.737122173065615,,True,-0.4353920119945118,-86.65385834699734,-48.50032729552519,6.009004311174067,-3.0219780219780223,0.0,-0.08202604326872365,0.045706859840557,,-0.4353920119945118,-86.65385834699734,-48.50032729552519,6.009004311174067,-3.0219780219780223,0.0,-0.08202604326872365,0.045706859840557,,-1.1402390296786593,-83.40474116399587,40.8401338500763,7.901878043795477,-0.8426966292134908,0.0,0.0,0.0,,-1.1402390296786593,-83.40474116399587,40.8401338500763,7.901878043795477,-0.8426966292134908,0.0,0.0,0.0,,-0.43979150265585604,-72.55621523342101,6.691981557591387,12.917998121301025,-1.6713091922005652,0.0,-0.11278580949449779,0.06284547414911401,,-0.3579593488629896,-85.92118967306118,-52.83107913236436,16.362591401139525,-1.534170153417025,0.0,-0.09227929867732243,0.051419819642205766,,-0.4353920119945118,-61787846.40101427,-58845009.096746534,6.009004311174067,-3.0219780219780223,0.0,-0.08202604326872365,0.045706859840557,72000448.2450839,23721245.769596234,3.0352726389002562,-1.534170153417025,False,True,falling,falling,sell_advantage_accelerating,accelerating,neutral,True,True,False,🔴 1차 급등 완료·상승분 반납 / 신규매수 금지,S3,🔴 1차 급등 완료·반납,당일/5D 급등 후 상승분 상당 부분 반납,S3,False,,,2026-09-04T04:10:00Z,33836660879-1
KRW-STRAX,2026-09-04T13:31:59.203212+09:00,1788496319,13.0,172.8053684602493,12.0,3328947.7879437325,26000.0,128.03645338245124,13,0.0,complete,1788495422060,1788496571185,21468624.29791044,50527619.35118721,-0.4036182109014929,13.1,13.2,0.7633587786259444,-0.7633587786259555,1.5151515151515098,200.00000000000148,complete_hourly_ordered,/v1/candles/minutes/60,120,False,17.599999999999994,12.5,2026-08-31T19:00:00,14.7,2026-09-01T18:00:00,D-3,10.8843537414966,72.72727272727269,False,0.35897435897433994,12.345333407983878,14.40303331072307,True,127.9693229857633,-0.21478026862156163,-99.94768192020946,0.09188489357887875,-0.7633587786259555,-1.0,-0.05128205128208663,0.039880491177259,0.17889104773687237,127.9693229857633,-0.21478026862156163,-99.94768192020946,0.09188489357887875,-0.7633587786259555,-1.0,-0.05128205128208663,0.039880491177259,0.17889104773687237,,660.1394290473148,,2.6030002953305598,-0.7633587786259555,-1.0,-0.05128205128208663,0.039880491177259,0.17889104773687237,,660.1394290473148,,2.6030002953305598,-0.7633587786259555,-1.0,-0.05128205128208663,0.039880491177259,0.17889104773687237,127.99215593753004,7268.73849430795,-97.45059880239492,2.618666363978349,0.0,0.0,0.0,0.0,0.0,117.98366977426024,231.1468661506161,-74.00000000000779,2.7203417492218307,-0.7633587786259555,-1.0,-0.05128205128208663,0.039880491177259,0.17889104773687237,127.9693229857633,-7165.31267903652,-49670013.50832093,0.09188489357887875,-0.7633587786259555,-1.0,-0.05128205128208663,0.039880491177259,3354947.7879437325,5284604.9265047945,0.6348530939592252,-0.7633587786259555,False,True,falling,falling,buy_advantage_accelerating,accelerating,neutral,True,True,False,🔴 1차 급등 완료·상승분 반납 / 신규매수 금지,S3,🔴 1차 급등 완료·반납,당일/5D 급등 후 상승분 상당 부분 반납,S3,False,,,2026-09-04T04:10:00Z,33836660879-1
KRW-STX,2026-09-04T13:31:59.203212+09:00,1788496319,378.0,-57.17171243619039,8.0,22207156.846356172,20224449.16725882,1.098035188137887,49,0.0,complete,1788495492373,1788496694319,1824122.68467625,1626124.95970885,0.05738652565696833,375.0,380.0,1.333333333333342,0.8000000000000007,0.5263157894736842,40.000000000000334,complete_hourly_ordered,/v1/candles/minutes/60,120,False,20.123839009287934,323.0,2026-08-31T09:00:00,388.0,2026-09-03T13:00:00,D-1,3.0927835051546393,18.46153846153854,True,3.5555555555555562,-23.03999519937592,,True,-13.949700945726867,6.504946452978011,1359.569190941586,0.04859779059757585,0.8000000000000007,0.0,0.060606060606049894,-0.060939807189619444,,-13.949700945726867,6.504946452978011,1359.569190941586,0.04859779059757585,0.8000000000000007,0.0,0.060606060606049894,-0.060939807189619444,,0.2122546646840614,61.42792367673413,30.223249927838957,0.10913194361093304,1.0695187165775444,0.0,0.08080808080808133,-0.0812555144546927,,0.2122546646840614,61.42792367673413,30.223249927838957,0.10913194361093304,1.0695187165775444,0.0,0.08080808080808133,-0.0812555144546927,,-0.7965097077578769,-18.085469600571848,41.33495642440808,0.1901646773896175,1.0695187165775444,0.0,0.08080808080808133,-0.0812555144546927,,-1.0532628501876573,-32.43492521546336,32.375186527300556,0.24052494752255882,0.5319148936170137,0.0,0.040404040404040664,-0.04062531909866962,,-13.949700945726867,1356334.8085641116,18838804.054113362,0.04859779059757585,0.8000000000000007,0.0,0.060606060606049894,-0.060939807189619444,42431606.013615,110754118.79187992,0.3831153773463631,0.5319148936170137,False,False,rising,rising,buy_advantage_weakening,accelerating,neutral,False,False,False,pass,S0,🌱 초발사 준비,발사 구조 관찰 또는 초기 준비,S0,False,,,2026-09-04T04:10:00Z,33836660879-1
KRW-SUI,2026-09-04T13:31:59.203212+09:00,1788496319,1060.0,-22.448300764474883,10.0,50964835.649551444,161542828.21245578,0.3154880734322924,157,0.0,complete,1788495430345,1788496716894,745222.99912735,258158.67878562,0.4854227768587741,1069.0,1076.0,0.654817586529477,-0.8419083255378879,1.486988847583643,228.57142857142688,complete_hourly_ordered,/v1/candles/minutes/60,120,False,12.280701754385959,969.0,2026-09-02T19:00:00,1088.0,2026-09-04T02:00:00,D0,2.4816176470588203,22.689075630252013,False,0.3081179651638122,9.09116813175853,12.801142192258366,False,0.2232380385748408,796.4260171868453,162.1187242767845,0.3723992805020977,0.4739336492890933,0.0,0.03144060869018084,-0.025257391668338514,-0.12752505912275502,0.2232380385748408,796.4260171868453,162.1187242767845,0.3723992805020977,0.4739336492890933,0.0,0.03144060869018084,-0.025257391668338514,-0.12752505912275502,0.2768322179955744,881.2586781596412,20.230832171551548,0.5785653709827301,0.2838221381267658,0.0,0.018864365214121825,-0.015154219087426313,-0.0762953127846071,0.2768322179955744,881.2586781596412,20.230832171551548,0.5785653709827301,0.2838221381267658,0.0,0.018864365214121825,-0.015154219087426313,-0.0762953127846071,-0.4905052573913578,-31.891085425246114,74.00128733763545,0.8868297811463925,0.0,0.0,0.0,0.0,0.0,-0.2945721796779604,17.304635335636153,126.83233234559145,1.2440572537816585,0.4739336492890933,0.0,0.03144060869018084,-0.025257391668338514,-0.12752505912275502,0.2232380385748408,45279499.138515234,99913187.42346945,0.3723992805020977,0.4739336492890933,0.0,0.03144060869018084,-0.025257391668338514,212507663.86200723,179922725.77022874,1.1811051825292556,0.4739336492890933,False,False,rising,rising,sell_advantage_weakening,accelerating,leading_buy_inflow,False,False,False,pass,S1,⚡ 선행 시동,가격 미급등 상태에서 선행조건 5개 개선,S1,False,,,2026-09-04T04:10:00Z,33836660879-1
KRW-SUN,2026-09-04T13:31:59.203212+09:00,1788496319,22.5,17.30926880270498,3.0,0.0,0.0,,0,0.0,complete,,,3122975.16958776,4808595.17859135,-0.2125203377147838,22.5,22.7,0.8888888888888946,0.0,0.8810572687224639,100.0,complete_hourly_ordered,/v1/candles/minutes/60,120,False,3.65296803652968,21.9,2026-09-02T19:00:00,22.7,2026-09-04T00:00:00,D0,0.8810572687224627,24.999999999999694,False,-0.4540295119182747,11.181441276070505,,False,,,,0.0,0.0,0.0,0.0,0.0,,,,,0.0,0.0,0.0,0.0,0.0,,,,-100.0,0.001197975847368582,0.44642857142858094,0.0,0.02837684449489286,-0.02250859100127478,,,,-100.0,0.001197975847368582,0.44642857142858094,0.0,0.02837684449489286,-0.02250859100127478,,,,-100.0,0.20848476556090034,0.44642857142858094,0.0,0.02837684449489286,-0.02250859100127478,,,-100.0,-100.0,0.5480813112163325,0.0,0.0,0.0,0.0,,,0.0,0.0,0.0,0.0,0.0,0.0,0.0,0,696278.999999898,0.0,0.0,False,False,flat_or_na,flat_or_na,unavailable,flat_or_na,neutral,False,False,False,pass,S0,🌱 초발사 준비,발사 구조 관찰 또는 초기 준비,S0,False,,,2026-09-04T04:10:00Z,33836660879-1
KRW-SUPER,2026-09-04T13:31:59.203212+09:00,1788496319,156.0,-73.36725755402537,9.0,2999999.99999889,8020191.61847592,0.3740559007452968,5,0.0,complete,1788495811748,1788496391251,322735.02386762,579292.81112989,-0.28442335957734416,158.0,159.0,0.6329113924050667,-1.2658227848101222,1.8867924528301887,299.9999999999983,complete_hourly_ordered,/v1/candles/minutes/60,120,False,10.344827586206895,145.0,2026-09-03T04:00:00,160.0,2026-09-04T06:00:00,D0,1.8750000000000044,20.000000000000036,False,1.1545293072824148,-6.3740368900303475,,False,0.34193841086833154,29679.630735139694,2456.9627073651736,0.5256722981520028,0.0,0.0,0.0,0.0,,0.34193841086833154,29679.630735139694,2456.9627073651736,0.5256722981520028,0.0,0.0,0.0,0.0,,,,,0.5458864893222,-1.2658227848101222,0.0,-0.0888099467140302,0.08096486087428723,,,,,0.5458864893222,-1.2658227848101222,0.0,-0.0888099467140302,0.08096486087428723,,0.3223557281018783,9155.889971645602,1179.3037312046222,0.5469277384101048,-1.2658227848101222,0.0,-0.0888099467140302,0.08096486087428723,,0.3740559007452968,,5267.468786273988,0.5907903346862042,-1.2658227848101222,0.0,-0.0888099467140302,0.08096486087428723,,0.34193841086833154,2989925.9999997597,7706530.74280596,0.5256722981520028,0.0,0.0,0.0,0.0,11020191.61847481,287782.33473064,38.29349577273235,-1.2658227848101222,False,False,rising,rising,sell_advantage_weakening,accelerating,leading_buy_inflow,False,False,False,pass,S0,🌱 초발사 준비,발사 구조 관찰 또는 초기 준비,S0,False,,,2026-09-04T04:10:00Z,33836660879-1
KRW-SYRUP,2026-09-04T13:31:59.203212+09:00,1788496319,288.0,141.77233440879803,8.0,463422.28885331,13877889.26947801,0.03339285102040166,5,0.0,complete,1788495540810,1788496205234,505627.93236525,520449.92981522,-0.01444529503684297,290.0,294.0,1.379310344827589,-0.6896551724137945,2.0408163265306123,150.0,complete_hourly_ordered,/v1/candles/minutes/60,120,False,28.870292887029294,239.0,2026-08-31T08:00:00,308.0,2026-09-02T23:00:00,D-2,6.493506493506496,28.98550724637682,False,1.0306686777274976,-7.141190976040527,,False,-0.027923247506866318,-53.071113099393116,-13.828973416657487,1.1022271653087046,-0.34602076124568004,0.0,-0.02513826043237799,0.023087597768198798,,-0.027923247506866318,-53.071113099393116,-13.828973416657487,1.1022271653087046,-0.34602076124568004,0.0,-0.02513826043237799,0.023087597768198798,,-0.024933079364358852,424.1990886042555,815.5971597335915,2.382418994917572,0.6993006993007089,1.0,0.050276520864733776,-0.046179811978805496,,-0.024933079364358852,424.1990886042555,815.5971597335915,2.382418994917572,0.6993006993007089,1.0,0.050276520864733776,-0.046179811978805496,,-0.22803564138412422,-26.21349654692322,477.66539148615595,3.193169062697393,-1.0309278350515427,0.0,-0.07541478129713397,0.0692581776313359,,-0.007317105157300399,185.88308703581185,248.5263339169084,3.75124670313312,-1.0309278350515427,0.0,-0.07541478129713397,0.0692581776313359,,-0.027923247506866318,-524076.71114389,-2227163.460810231,1.1022271653087046,-0.34602076124568004,0.0,-0.02513826043237799,0.023087597768198798,14341311.55833132,4578543.7791867405,3.132286650511985,-1.0309278350515427,False,False,falling,falling,sell_advantage_accelerating,accelerating,neutral,False,False,False,pass,S0,🌱 초발사 준비,발사 구조 관찰 또는 초기 준비,S0,False,,,2026-09-04T04:10:00Z,33836660879-1
KRW-T,2026-09-04T13:31:59.203212+09:00,1788496319,5.98,9734.664438880232,11.0,34707213.73351555,23685085.046996582,1.4653615836569118,124,0.0,complete,1788495430365,1788496508077,30460034.6226567,21883636.38239924,0.1638478554442438,6.31,6.38,1.109350237717921,-5.22979397781298,6.269592476489019,571.4285714285646,complete_hourly_ordered,/v1/candles/minutes/60,120,False,72.04081632653059,4.9,2026-08-31T08:00:00,8.43,2026-09-02T20:00:00,D-2,28.469750889679712,67.9886685552408,False,1.2972433578645415,9.439643155840528,4.606195832815247,False,0.23110727084444926,-23.83522126243529,-35.84743336409441,10.835769903505934,-0.4991680532445808,0.0,-0.0374204814768353,0.029665875827145527,0.027731278198616316,0.23110727084444926,-23.83522126243529,-35.84743336409441,10.835769903505934,-0.4991680532445808,0.0,-0.0374204814768353,0.029665875827145527,0.027731278198616316,0.4360711797542052,-74.02339382177966,-81.75366969940842,18.354110104059146,-0.9933774834437026,0.0,0.0,0.0,0.0,0.4360711797542052,-74.02339382177966,-81.75366969940842,18.354110104059146,-0.9933774834437026,0.0,0.0,0.0,0.0,0.9198565218713273,-27.612250374882564,-73.05246413433035,46.28565149539645,-0.16694490818029983,0.0,0.02494698765125314,-0.019778628987598523,-0.018578196090806465,1.1468486536901388,82.03992115647931,-60.43156221294386,56.94554054894252,0.6734006734006703,0.0,0.08731445677934158,-0.06923002665567424,-0.06534418545187393,0.23110727084444926,-10861373.622463785,-13234848.618978146,10.835769903505934,-0.4991680532445808,0.0,-0.0374204814768353,0.029665875827145527,58392298.78051214,137490996.23856294,0.4246990739611391,0.6734006734006703,False,True,falling,falling,buy_advantage_accelerating,accelerating,neutral,True,True,False,🔴 1차 급등 완료·상승분 반납 / 신규매수 금지,S3,🔴 1차 급등 완료·반납,당일/5D 급등 후 상승분 상당 부분 반납,S3,False,,,2026-09-04T04:10:00Z,33836660879-1
KRW-TAIKO,2026-09-04T13:31:59.203212+09:00,1788496319,105.0,89.34943155886985,7.0,1198192.43980168,9592837.18643133,0.12490490732986415,39,0.0,complete,1788495553945,1788496481769,1725842.76127096,2426771.72346671,-0.16879220663798974,104.0,113.0,8.653846153846146,0.9615384615384581,7.079646017699115,88.88888888888891,complete_hourly_ordered,/v1/candles/minutes/60,120,False,15.541922290388555,97.8,2026-08-31T08:00:00,113.0,2026-09-04T09:00:00,D0,7.079646017699115,52.63157894736843,False,0.19403660824008906,18.93454740505253,,False,-2.086904065848207,-78.78506348179116,275.67288555329907,2.088519266332483,-1.869158878504673,0.0,-0.06467886941337042,0.04702483892395293,,-2.086904065848207,-78.78506348179116,275.67288555329907,2.088519266332483,-1.869158878504673,0.0,-0.06467886941337042,0.04702483892395293,,-0.594778655790932,-53.05465138391619,170.49214067102648,3.678118654787397,0.0,0.0,-0.06467886941337042,0.04702483892395293,,-0.594778655790932,-53.05465138391619,170.49214067102648,3.678118654787397,0.0,0.0,-0.06467886941337042,0.04702483892395293,,-0.26899389848781163,-78.48726604009471,-32.15766779842125,6.255850399898264,-0.9433962264150941,0.0,0.0,0.0,,-0.06395223652987472,-61.73481135792328,-42.14275170861224,7.834037466221488,-0.9433962264150941,0.0,0.0,0.0,,-2.086904065848207,-4449679.46767854,7039329.18643213,2.088519266332483,-1.869158878504673,0.0,-0.06467886941337042,0.04702483892395293,10791029.62623301,4491864.16500426,2.402349944218043,-0.9433962264150941,False,False,falling,rising,sell_advantage_accelerating,accelerating,neutral,False,False,False,pass,S0,🌱 초발사 준비,발사 구조 관찰 또는 초기 준비,S0,False,,,2026-09-04T04:10:00Z,33836660879-1
KRW-TAO,2026-09-04T13:31:59.203212+09:00,1788496319,314600.0,-57.15885765353947,12.0,12852085.170247,8921430.899365997,1.4405856319708015,58,0.0,complete,1788495437859,1788496539298,551.01991034,396.84400982,0.1626561547927418,308100.0,315000.0,2.2395326192794496,2.1097046413502074,0.12698412698412698,5.797101449275305,complete_hourly_ordered,/v1/candles/minutes/60,120,False,6.765899864682012,295600.0,2026-09-02T20:00:00,315600.0,2026-09-04T06:00:00,D0,0.3168567807351086,5.0,True,0.4024566625442816,3.4875667125899352,4.14915225360224,False,0.8445147403056328,146.22531335823456,1.8806094041018628,0.09428028288493095,0.9303817773500089,1.0,0.0628838535225551,-0.05315906440755214,-0.11720693327352016,0.8445147403056328,146.22531335823456,1.8806094041018628,0.09428028288493095,0.9303817773500089,1.0,0.0628838535225551,-0.05315906440755214,-0.11720693327352016,-0.43648617285594704,20.84548945839466,57.46072706036702,0.21546310714177963,1.1575562700964603,1.0,0.07755675267782092,-0.06556400211679136,-0.14499120890919315,-0.43648617285594704,20.84548945839466,57.46072706036702,0.21546310714177963,1.1575562700964603,1.0,0.07755675267782092,-0.06556400211679136,-0.14499120890919315,0.921751338491066,119.96176134544214,-20.779645091910947,0.5992064022654517,0.9951845906902124,1.0,0.04611482591654337,-0.03898252837455729,-0.08565738157467084,0.9044541189849558,4184.02838205692,1494.3534123718334,0.7089767746427142,1.680672268907557,1.0,0.10480642253758443,-0.0886029042004659,-0.19703773466283625,0.8445147403056328,7632441.017921999,164680.27572199702,0.09428028288493095,0.9303817773500089,1.0,0.0628838535225551,-0.05315906440755214,21773516.069612995,11515993.098616,1.890719791437679,1.680672268907557,False,False,rising,rising,buy_advantage_accelerating,accelerating,neutral,False,False,False,pass,S2,🚀 발사 진행,가격 상승 초입과 실제 매수수급·구조 동반,S1,True,가격 상승 초입과 실제 매수수급·구조 동반,2026-09-04T13:31:59.203212+09:00,2026-09-04T04:10:00Z,33836660879-1
KRW-TFUEL,2026-09-04T13:31:59.203212+09:00,1788496319,12.6,-50.62998943954346,12.0,6462.421875,35320.33983,0.18296601635500176,2,0.0,complete,1788495890829,1788496227694,6170427.61960516,24262569.00702685,-0.5944909602358777,12.5,12.8,2.400000000000002,0.8000000000000007,1.5625000000000084,66.66666666666666,complete_hourly_ordered,/v1/candles/minutes/60,120,False,7.563025210084029,11.9,2026-08-31T13:00:00,12.8,2026-09-01T02:00:00,D-3,1.562500000000011,22.222222222222157,False,0.7588075880758938,2.401890011812558,1.8657688139960413,False,,-97.55281373139526,,0.12042482091271722,0.0,0.0,0.0,0.0,0.0,,-97.55281373139526,,0.12042482091271722,0.0,0.0,0.0,0.0,0.0,,26.487723290698973,,0.1443307617873799,0.0,0.0,0.0,0.0,0.0,,26.487723290698973,,0.1443307617873799,0.0,0.0,0.0,0.0,0.0,0.1790570384761238,-24.526662345387674,-98.38754970341299,0.3461476571097819,0.0,0.0,0.0,0.0,0.0,,24.123466781622362,,0.34706513306948494,0.0,0.0,0.0,0.0,0.0,,-257613.180293385,35320.33983,0.12042482091271722,0.0,0.0,0.0,0.0,41782.761705,605274.938766386,0.06903104528027819,0.0,False,True,falling,rising,sell_advantage_weakening,accelerating,neutral,False,False,False,pass,S0,🌱 초발사 준비,발사 구조 관찰 또는 초기 준비,S0,False,,,2026-09-04T04:10:00Z,33836660879-1
KRW-THETA,2026-09-04T13:31:59.203212+09:00,1788496319,243.0,-34.405070922435556,8.0,0.0,0.0,,0,0.0,complete,,,403373.34277964,381796.78624776,0.02748010365423242,245.0,247.0,0.8163265306122547,-0.8163265306122436,1.6194331983805668,199.99999999999864,complete_hourly_ordered,/v1/candles/minutes/60,120,False,8.333333333333325,228.0,2026-09-02T22:00:00,247.0,2026-09-04T12:00:00,D0,1.619433198380571,21.052631578947178,False,0.5201204489460709,-4.462856939653643,,False,,-100.0,-100.0,0.17603024556845526,-0.4098360655737654,0.0,-0.027374760470855186,0.02473284770145856,,,-100.0,-100.0,0.17603024556845526,-0.4098360655737654,0.0,-0.027374760470855186,0.02473284770145856,,,-100.0,-100.0,0.7051807786324176,-0.4098360655737654,0.0,-0.05474952094168817,0.04946393649755709,,,-100.0,-100.0,0.7051807786324176,-0.4098360655737654,0.0,-0.05474952094168817,0.04946393649755709,,,-100.0,-100.0,1.003002352741312,-0.4098360655737654,0.0,-0.027374760470855186,0.02473284770145856,,,-100.0,-100.0,1.1511627289387931,0.0,0.0,-0.027374760470855186,0.02473284770145856,,,-147661.99999832,-150188.39999799998,0.17603024556845526,-0.4098360655737654,0.0,-0.027374760470855186,0.02473284770145856,0,1058960.50285972,0.0,0.0,False,False,falling,falling,unavailable,accelerating,neutral,False,False,False,pass,S0,🌱 초발사 준비,발사 구조 관찰 또는 초기 준비,S0,False,,,2026-09-04T04:10:00Z,33836660879-1
KRW-TIA,2026-09-04T13:31:59.203212+09:00,1788496319,497.0,67.50406890085345,11.0,205378.04997245,389925.03748281,0.5267116246196532,6,0.0,complete,1788495480855,1788496615460,116890.97037537,92057.09525737,0.1188519024705859,501.0,502.0,0.1996007984031989,-0.7984031936127733,0.9960159362549801,499.9999999999889,complete_hourly_ordered,/v1/candles/minutes/60,120,False,15.470852017937208,446.0,2026-08-31T08:00:00,515.0,2026-09-03T19:00:00,D-1,3.300970873786413,24.637681159420303,True,0.3389830508474523,8.627874672017285,11.760607595665768,False,,8608.690081999881,,0.029818825100974777,0.20161290322580072,0.0,0.013559322033906973,-0.010937472019508121,-0.050125594632937975,,8608.690081999881,,0.029818825100974777,0.20161290322580072,0.0,0.013559322033906973,-0.010937472019508121,-0.050125594632937975,0.5267116246196532,,-93.53261300203569,1.1639091327939894,0.0,0.0,0.0,0.0,0.0,0.5267116246196532,,-93.53261300203569,1.1639091327939894,0.0,0.0,0.0,0.0,0.0,,1212.3028466390188,,1.190827875501327,-0.20080321285140812,0.0,-0.013559322033884769,0.010937134396321824,0.04982602465548247,0.31529573171012526,-80.95688880078164,-92.35631763231838,1.1920568833980525,0.0,0.0,0.0,0.0,0.0,,203019.73835453,389925.03748281,0.029818825100974777,0.20161290322580072,0.0,0.013559322033906973,-0.010937472019508121,595303.08745526,1477758.94341227,0.4028418099643877,0.0,False,False,rising,rising,sell_advantage_weakening,accelerating,neutral,False,False,False,pass,S1,⚡ 선행 시동,가격 미급등 상태에서 선행조건 4개 개선,S1,False,,,2026-09-04T04:10:00Z,33836660879-1
KRW-TOKAMAK,2026-09-04T13:31:59.203212+09:00,1788496319,441.0,-81.98946050913445,6.0,0.0,2228264.15600321,0.0,5,0.0,complete,1788496380666,1788496380666,170121.6679322,155239.20748968,0.045741395375896464,447.0,454.0,1.5659955257270708,-1.342281879194629,2.8634361233480177,185.71428571428552,complete_hourly_ordered,/v1/candles/minutes/60,120,False,10.73170731707318,410.0,2026-08-31T11:00:00,454.0,2026-09-04T00:00:00,D0,2.8634361233480177,29.545454545454547,True,0.807955251709136,22.156065809799475,,True,,-100.0,,0.024306318158295426,-0.4514672686230292,0.0,-0.03107520198881719,0.02166067474946587,,,-100.0,,0.024306318158295426,-0.4514672686230292,0.0,-0.03107520198881719,0.02166067474946587,,-0.3996930285764713,-100.0,-32.2639485183249,0.10043035092523667,-0.8988764044943864,0.0,0.0,0.0,,-0.3996930285764713,-100.0,-32.2639485183249,0.10043035092523667,-0.8988764044943864,0.0,0.0,0.0,,-0.3265794068188227,-100.0,-12.373749643082055,0.1087316396747724,-0.8988764044943864,0.0,-0.06215040397763438,0.043320050137811705,,-0.562030138924276,-100.0,-27.409264718042937,0.16886054641942394,0.0,0.0,-0.06215040397763438,0.043320050137811705,,,-693344.32783293,2228264.15600321,0.024306318158295426,-0.4514672686230292,0.0,-0.03107520198881719,0.02166067474946587,2228264.15600321,2541838.4271458,0.8766348530285228,0.0,False,False,falling,rising,sell_only,accelerating,neutral,False,False,False,pass,S0,🌱 초발사 준비,발사 구조 관찰 또는 초기 준비,S0,False,,,2026-09-04T04:10:00Z,33836660879-1
KRW-TOSHI,2026-09-04T13:31:59.203212+09:00,1788496319,0.165,19.24134588372994,11.0,533683.1274922818,0.0,,2,0.0,complete,1788496060286,1788496260069,447933310.07577884,504355332.17183924,-0.05924886593511351,0.164,0.165,0.6097560975609762,0.6097560975609762,0.0,0.0,complete_hourly_ordered,/v1/candles/minutes/60,120,False,7.594936708860756,0.158,2026-09-03T13:00:00,0.17,2026-09-04T02:00:00,D0,2.941176470588236,41.66666666666662,True,0.3886513797124014,7.365400995203281,6.692264262128245,False,,-46.63168725077181,-100.0,0.019536386879192236,0.0,0.0,0.0,0.0,0.0,,-46.63168725077181,-100.0,0.019536386879192236,0.0,0.0,0.0,0.0,0.0,,1678.943758307624,-100.0,0.1264088365946705,0.6097560975609762,0.0,0.03886513797124458,-0.03171188922244106,-0.06776998407378887,,1678.943758307624,-100.0,0.1264088365946705,0.6097560975609762,0.0,0.03886513797124458,-0.03171188922244106,-0.06776998407378887,,-41.27283490312741,,0.35184968459906685,0.6097560975609762,0.0,0.03886513797124458,-0.03171188922244106,-0.06776998407378887,,341.3094142068952,,0.43877243945717836,0.6097560975609762,0.0,0.03886513797124458,-0.03171188922244106,-0.06776998407378887,,-466316.87250771804,-96992.89940828318,0.019536386879192236,0.0,0.0,0.0,0.0,533683.1274922818,1079170.8321041416,0.49453071897034057,0.6097560975609762,False,True,falling,falling,buy_only,accelerating,neutral,False,False,False,pass,S0,🌱 초발사 준비,발사 구조 관찰 또는 초기 준비,S1,True,발사 구조 관찰 또는 초기 준비,2026-09-04T13:31:59.203212+09:00,2026-09-04T04:10:00Z,33836660879-1
KRW-TRAC,2026-09-04T13:31:59.203212+09:00,1788496319,459.0,,,13307.99999895,91900.0,0.14480957561425462,3,0.0,complete,1788495733966,1788495850828,83180.96555639,225405.15919716,-0.46088978807571557,464.0,470.0,1.2931034482758674,-1.0775862068965525,2.3404255319148937,183.33333333333303,complete_hourly_ordered,/v1/candles/minutes/60,120,False,8.23798627002288,437.0,2026-09-03T11:00:00,473.0,2026-09-03T23:00:00,D-1,2.959830866807611,38.888888888888786,True,,,,False,,,,,-0.649350649350644,,,,,,,,,-0.649350649350644,,,,,-0.8063479897842953,165.6287425958098,1644.7381296132878,,0.21834061135370675,,,,,-0.8063479897842953,165.6287425958098,1644.7381296132878,,0.21834061135370675,,,,,0.14022490800369009,33.026789317405814,-95.788375114464,,0.4376367614879584,,,,,-4.968699019426617,-99.29671949008528,-75.16579330531762,,0.21834061135370675,,,,,,13307.99999895,91900.0,,-0.649350649350644,,,,105207.99999894999,999999.9999968001,0.10520799999928665,0.21834061135370675,False,False,rising,rising,sell_advantage_weakening,flat_or_na,neutral,False,False,False,pass,S0,🌱 초발사 준비,발사 구조 관찰 또는 초기 준비,S0,False,,,2026-09-04T04:10:00Z,33836660879-1
KRW-TREE,2026-09-04T13:31:59.203212+09:00,1788496319,55.8,234.80779058737505,10.0,735687.6304305801,8131387.268247283,0.09047504517505993,19,0.0,complete,1788495460881,1788496249483,2369168.46011649,1596927.93586387,0.19471047779758602,57.3,57.8,0.8726003490401313,-2.617801047120416,3.4602076124567476,400.00000000000256,complete_hourly_ordered,/v1/candles/minutes/60,120,False,13.819577735124744,52.1,2026-08-31T08:00:00,59.3,2026-08-31T14:00:00,D-4,5.902192242833049,48.61111111111107,False,0.7610729881472267,19.741614906832286,,True,-2.4163072681052693,-98.19898225457935,-50.09939567989261,0.30541130827697316,0.0,0.0,0.024953212726130936,-0.017882223531195507,,-2.4163072681052693,-98.19898225457935,-50.09939567989261,0.30541130827697316,0.0,0.0,0.024953212726130936,-0.017882223531195507,,-0.059708053752762655,-80.61520078972899,-67.82240658892073,1.4763330065023013,0.0,0.0,0.012476606363054366,-0.008941000694505874,,-0.059708053752762655,-80.61520078972899,-67.82240658892073,1.4763330065023013,0.0,0.0,0.012476606363054366,-0.008941000694505874,,-0.18048407933210447,-34.33144065814273,96.66743810393052,2.205098057353183,-0.5347593582887722,0.0,-0.024953212726130936,0.01788133499556821,,0.08489124223299871,1371.37526086169,-9.191871697010633,2.4930411883951535,-0.7117437722420017,0.0,-0.024953212726130936,0.01788133499556821,,-2.4163072681052693,-40112751.109341525,-8163780.654139479,0.30541130827697316,0.0,0.0,0.024953212726130936,-0.017882223531195507,8867074.898677863,9004470.72878341,0.9847413763402716,-0.7117437722420017,False,False,falling,falling,sell_advantage_accelerating,accelerating,neutral,False,False,False,pass,S1,⚡ 선행 시동,가격 미급등 상태에서 선행조건 5개 개선,S1,False,,,2026-09-04T04:10:00Z,33836660879-1
KRW-TRUMP,2026-09-04T13:31:59.203212+09:00,1788496319,3266.0,-73.04859605258223,9.0,338898834.20526314,306328220.7763248,1.1063258662437137,600,0.0,complete,1788495425930,1788496427438,106875.19225566,129059.73490123,-0.09402822597273995,3260.0,3346.0,2.638036809815958,0.18404907975460016,2.3909145248057384,93.02325581395354,complete_hourly_ordered,/v1/candles/minutes/60,120,False,16.081081081081084,2960.0,2026-09-03T02:00:00,3436.0,2026-09-04T02:00:00,D0,4.8603026775320135,35.084033613445456,False,2.0603202184435787,-22.337626110000457,,True,0.519853479416902,72.45294511627884,-8.58128384808351,0.10829758261496636,0.39963110974485794,0.0,0.024823135161966547,-0.025205730796248105,,0.519853479416902,72.45294511627884,-8.58128384808351,0.10829758261496636,0.39963110974485794,0.0,0.024823135161966547,-0.025205730796248105,,0.4457240251003013,8.834874417202876,-35.01325367658165,0.23649258879402169,0.46139649338665656,0.0,0.0227545405651286,-0.02310518161322861,,0.4457240251003013,8.834874417202876,-35.01325367658165,0.23649258879402169,0.46139649338665656,0.0,0.0227545405651286,-0.02310518161322861,,-0.5049425590384384,-65.4967379493441,-49.74896781522876,0.8195429946953965,-0.9402487109493429,0.0,0.002068594596837947,-0.0021004059519178497,,0.11468382191732862,72.31932616329854,54.45638042767713,0.9181780413344569,0.9582689335394079,0.0,0.0724008108890839,-0.07352195624968516,,0.519853479416902,142382135.70715642,-28754389.952181876,0.10829758261496636,0.39963110974485794,0.0,0.024823135161966547,-0.025205730796248105,645227054.9815879,422231565.31297714,1.5281355255932048,0.9582689335394079,False,False,rising,falling,buy_advantage_accelerating,accelerating,leading_buy_inflow,False,False,False,pass,S0,🌱 초발사 준비,발사 구조 관찰 또는 초기 준비,S0,False,,,2026-09-04T04:10:00Z,33836660879-1
KRW-TRUST,2026-09-04T13:31:59.203212+09:00,1788496319,73.3,14.760747689146037,8.0,1370590.679956914,232747.155976269,5.888753717345788,10,0.0,complete,1788495436758,1788496501663,367273.17760221,421168.56293499,-0.06835683927141993,74.0,77.1,4.18918918918918,-0.9459459459459474,4.928664072632941,122.58064516129042,complete_hourly_ordered,/v1/candles/minutes/60,120,False,9.206798866855515,70.6,2026-09-02T10:00:00,77.1,2026-09-04T09:00:00,D0,4.928664072632937,58.46153846153847,False,0.04593899301728044,9.48650277425658,,True,-2.60287732075472,-71.37328193760233,-58.72003835012235,0.046139494025654315,0.548696844993124,0.0,0.03675119441381991,-0.029488829891462842,,-2.60287732075472,-71.37328193760233,-58.72003835012235,0.046139494025654315,0.548696844993124,0.0,0.03675119441381991,-0.029488829891462842,,4.201170780826471,142.93250201563282,-30.381067912565108,0.2772372867774209,0.2735978112175186,0.0,0.018375597206898853,-0.014744108536442369,,4.201170780826471,142.93250201563282,-30.381067912565108,0.2772372867774209,0.2735978112175186,0.0,0.018375597206898853,-0.014744108536442369,,3.926873157019196,-86.55456171508389,-95.52055574704231,0.9128476229572478,0.136612021857907,0.0,0.009187798603460529,-0.007371977668286789,,4.962023558615732,-67.83187655842974,-94.93760962438567,1.9936505238779887,-0.13623978201635634,0.0,-0.009187798603460529,0.007371824473212385,,-2.60287732075472,-3417211.669475656,-331078.842580488,0.046139494025654315,0.548696844993124,0.0,0.03675119441381991,-0.029488829891462842,1603337.8359331829,1825488.9704928421,0.878305956294174,-0.13623978201635634,False,False,falling,falling,buy_advantage_weakening,accelerating,neutral,False,False,False,pass,S0,🌱 초발사 준비,발사 구조 관찰 또는 초기 준비,S0,False,,,2026-09-04T04:10:00Z,33836660879-1
KRW-TRX,2026-09-04T13:31:59.203212+09:00,1788496319,450.0,-7.977513106806466,4.0,25732602.897335112,3051183.16094885,8.43364738855364,45,0.0,complete,1788495546790,1788496390367,1131553.08590532,1268589.95774731,-0.05709529363443353,452.0,453.0,0.22123893805310324,-0.4424778761061954,0.6622516556291391,299.999999999995,complete_hourly_ordered,/v1/candles/minutes/60,120,False,3.167420814479649,442.0,2026-09-02T12:00:00,456.0,2026-09-04T01:00:00,D0,1.0964912280701733,35.71428571428616,False,-0.22932492475276067,4.9871184589923425,,False,6.846424599031458,175.4856311569721,-48.153266100299085,0.7263268497079807,0.0,0.0,-0.02866561559409231,0.02405565722481473,,6.846424599031458,175.4856311569721,-48.153266100299085,0.7263268497079807,0.0,0.0,-0.02866561559409231,0.02405565722481473,,8.076243120270775,671.6549707421834,-67.29851658734758,1.0260311347676243,-0.22172949002217113,0.0,-0.02866561559409231,0.02405565722481473,,8.076243120270775,671.6549707421834,-67.29851658734758,1.0260311347676243,-0.22172949002217113,0.0,-0.02866561559409231,0.02405565722481473,,6.029122084992185,283.92733142457354,9.461890046784749,1.2252238126643107,0.0,0.0,-0.02866561559409231,0.02405565722481473,,8.279180866368938,234.1775775877915,-93.87936846018087,1.457516814032779,-0.22172949002217113,0.0,-0.02866561559409231,0.02405565722481473,,6.846424599031458,16391787.991938962,-2833822.37643265,0.7263268497079807,0.0,0.0,-0.02866561559409231,0.02405565722481473,28783786.058283962,19341264.016021878,1.4882060466389428,-0.22172949002217113,False,False,rising,falling,buy_advantage_accelerating,accelerating,leading_buy_inflow,False,False,False,pass,S0,🌱 초발사 준비,발사 구조 관찰 또는 초기 준비,S0,False,,,2026-09-04T04:10:00Z,33836660879-1
KRW-UNI,2026-09-04T13:31:59.203212+09:00,1788496319,8640.0,143.4180417582355,6.0,64304949.441245064,86530176.42109887,0.7431505643569383,128,0.0,complete,1788495419375,1788496374641,30362.66474456,21686.79896077,0.16668501779205783,8630.0,8875.0,2.8389339513325673,0.11587485515642815,2.647887323943662,95.91836734693888,complete_hourly_ordered,/v1/candles/minutes/60,120,False,33.35837716003005,6655.0,2026-08-30T18:00:00,8875.0,2026-09-04T07:00:00,D0,2.5352112676056304,10.135135135135153,False,3.4284561863466845,-31.969931390303287,,True,-0.5531300693734347,155.31305820456907,345.34363393162704,0.9264382416671708,-0.746697300402066,0.0,-0.09075325199152662,0.09668081678888996,,-0.5531300693734347,155.31305820456907,345.34363393162704,0.9264382416671708,-0.746697300402066,0.0,-0.09075325199152662,0.09668081678888996,,0.5073728700013456,161.66019391675545,-16.983663627148694,1.699213269534539,-0.746697300402066,0.0,-0.08571140465867266,0.09131039446281619,,0.5073728700013456,161.66019391675545,-16.983663627148694,1.699213269534539,-0.746697300402066,0.0,-0.08571140465867266,0.09131039446281619,,-0.057731880508057776,22.600946906587737,32.125239232343496,2.6855630172270537,-1.538461538461533,0.0,-0.18150650398305324,0.19333365331701913,,-0.011869241561480615,-10.076149645972688,-8.639929378934387,3.9823685949469905,-0.288517022504331,0.0,-0.04537662599575221,0.04834390668636246,,-0.5531300693734347,39118243.40534742,67100197.00112052,0.9264382416671708,-0.746697300402066,0.0,-0.09075325199152662,0.09668081678888996,150835125.86234394,101205996.49486664,1.4903773599027266,-0.288517022504331,False,False,rising,rising,sell_advantage_accelerating,accelerating,neutral,False,False,False,pass,S0,🌱 초발사 준비,발사 구조 관찰 또는 초기 준비,S0,False,,,2026-09-04T04:10:00Z,33836660879-1
KRW-UP2,2026-09-04T13:31:59.203212+09:00,1788496319,70.9,,,4338900.4149406785,7939767.067849618,0.5464770411855184,156,0.0,complete,1788495432462,1788496381216,432957.2608611,628022.33080112,-0.18385374372226584,71.0,74.6,5.070422535211261,-0.14084507042252392,4.959785522788189,102.77777777777754,complete_hourly_ordered,/v1/candles/minutes/60,120,False,7.959479015918958,69.1,2026-09-03T18:00:00,74.6,2026-09-04T09:00:00,D0,4.691689008042898,63.63636363636363,False,,,,False,-1.2468259465966613,-46.27615741437159,76.29858194031671,,-0.2812939521800173,,,,,-1.2468259465966613,-46.27615741437159,76.29858194031671,,-0.2812939521800173,,,,,-3.329434960761723,-30.977929072465482,389.5420172216636,,-0.5610098176717981,,,,,-3.329434960761723,-30.977929072465482,389.5420172216636,,-0.5610098176717981,,,,,0.03825144161734284,79.24311873451705,66.69674043340883,,-0.8391608391608352,,,,,-0.7803435946703865,143.92321547013168,492.2341314613924,,-1.8005540166204925,,,,,-1.2468259465966613,-3737402.779539627,3436176.0687243333,,-0.2812939521800173,,,,12278667.482790297,2731336.451112557,4.495479668126868,-1.8005540166204925,False,False,falling,rising,sell_advantage_accelerating,flat_or_na,neutral,False,False,False,pass,S0,🌱 초발사 준비,발사 구조 관찰 또는 초기 준비,S0,False,,,2026-09-04T04:10:00Z,33836660879-1
KRW-USD1,2026-09-04T13:31:59.203212+09:00,1788496319,1367.0,-33.33734725839087,5.0,20007.32062972,0.0,,2,0.0,complete,1788495960684,1788496260631,31180.55028972,24317.1698661,0.12366959227063384,1366.0,1371.0,0.36603221083455484,0.07320644216690653,0.29175784099197666,80.00000000000121,complete_hourly_ordered,/v1/candles/minutes/60,120,False,0.9454545454545382,1375.0,2026-09-01T04:00:00,1388.0,2026-09-02T07:00:00,D-2,1.5129682997118143,161.53846153846217,True,-0.0530964908046494,5.647007894646898,,True,,,,0.10259531353542428,-0.07309941520468044,0.0,-0.0048269537095024795,0.004019337832531278,,,,,0.10259531353542428,-0.07309941520468044,0.0,-0.0048269537095024795,0.004019337832531278,,,100.07320631000471,,0.10767589308251502,-0.07309941520468044,0.0,-0.0048269537095024795,0.004019337832531278,,,100.07320631000471,,0.10767589308251502,-0.07309941520468044,0.0,-0.0048269537095024795,0.004019337832531278,,,-49.99084411866846,,0.14323995529934308,-0.14609203798392478,0.0,0.0,0.0,,,100.07320637923004,,0.23694461385238696,-0.21897810218978186,0.0,-0.01448086112851854,0.012057876135225243,,,20007.32062972,0.0,0.10259531353542428,-0.07309941520468044,0.0,-0.0048269537095024795,0.004019337832531278,20007.32062972,39999.999985,0.5001830159305687,-0.21897810218978186,False,False,rising,flat_or_na,buy_only,accelerating,neutral,False,False,False,pass,S0,🌱 초발사 준비,발사 구조 관찰 또는 초기 준비,S0,False,,,2026-09-04T04:10:00Z,33836660879-1
KRW-USDC,2026-09-04T13:31:59.203212+09:00,1788496319,1365.0,-61.28959630784758,5.0,994286.8076697,891095.0550069199,1.1158033052511764,18,0.0,complete,1788495504362,1788496307810,247130.02524806,125541.53543077,0.3262617882507957,1365.0,1370.0,0.366300366300365,0.0,0.36496350364963503,100.0,complete_hourly_ordered,/v1/candles/minutes/60,120,False,0.9454545454545382,1375.0,2026-09-01T05:00:00,1388.0,2026-09-02T03:00:00,D-2,1.6570605187319898,176.923076923078,False,-0.057973815160150544,5.705657797276496,,False,0.4521470667187223,-87.61881211798595,-92.63593095694284,0.270206407886711,0.0,0.0,0.0,0.0,,0.4521470667187223,-87.61881211798595,-92.63593095694284,0.270206407886711,0.0,0.0,0.0,0.0,,,-64.89038299049564,,0.36529718330540106,-0.07320644216690653,0.0,-0.009662302526680655,0.008041679860028239,,,-64.89038299049564,,0.36529718330540106,-0.07320644216690653,0.0,-0.009662302526680655,0.008041679860028239,,0.8783779889815929,-20.52169985513881,-83.0882733008084,0.4832797688692736,-0.07320644216690653,0.0,-0.009662302526680655,0.008041679860028239,,1.0235709463078495,-29.421949156703008,-94.16601466560992,0.5427234347735492,-0.21929824561403022,0.0,-0.019324605053383515,0.01608317644854118,,0.4521470667187223,-7036338.501829761,-11209484.79828824,0.270206407886711,0.0,0.0,0.0,0.0,1885381.86267662,5681158.73380562,0.33186572511302903,-0.21929824561403022,False,False,falling,falling,buy_advantage_accelerating,accelerating,neutral,False,False,False,pass,S0,🌱 초발사 준비,발사 구조 관찰 또는 초기 준비,S0,False,,,2026-09-04T04:10:00Z,33836660879-1
KRW-USDE,2026-09-04T13:31:59.203212+09:00,1788496319,1364.0,-14.881665716399105,5.0,0.0,0.0,,0,0.0,complete,,,42337.30234804,16354.24183123,0.4427053484475756,1366.0,1374.0,0.5856515373352744,-0.14641288433382416,0.727802037845706,125.00000000000095,complete_hourly_ordered,/v1/candles/minutes/60,120,False,2.2760646108663796,1362.0,2026-08-30T12:00:00,1393.0,2026-08-31T08:00:00,D-4,2.081837760229721,93.54838709677416,False,-0.05796821409593811,5.672356310375284,,False,,,,0.0,0.0,0.0,0.0,0.0,,,,,0.0,0.0,0.0,0.0,0.0,,,,,0.0,0.0,0.0,0.0,0.0,,,,,0.0,0.0,0.0,0.0,0.0,,,,,0.0,0.0,0.0,0.0,0.0,,,,,0.0,0.0,0.0,0.0,0.0,,,0.0,0.0,0.0,0.0,0.0,0.0,0.0,0,189868.324792145,0.0,0.0,False,False,flat_or_na,flat_or_na,unavailable,flat_or_na,neutral,False,False,False,pass,S0,🌱 초발사 준비,발사 구조 관찰 또는 초기 준비,S0,False,,,2026-09-04T04:10:00Z,33836660879-1
KRW-USDG,2026-09-04T13:31:59.203212+09:00,1788496319,1364.0,,,0.0,0.0,,0,0.0,complete,,,171702.94607379,314778.52333357,-0.29410283074929267,1364.0,1371.0,0.513196480938416,0.0,0.5105762217359592,100.0,complete_hourly_ordered,/v1/candles/minutes/60,120,False,7.4943224829674415,1321.0,2026-08-28T14:00:00,1420.0,2026-09-02T23:00:00,D-2,3.9436619718309807,56.56565656565646,False,,,,True,,,,,0.0,,,,,,,,,0.0,,,,,,,,,0.0,,,,,,,,,0.0,,,,,,,,,0.0,,,,,,,-100.0,,0.0,,,,,,0.0,0.0,,0.0,,,,0,233653.96612296,0.0,0.0,False,False,flat_or_na,flat_or_na,unavailable,flat_or_na,neutral,False,False,False,pass,S0,🌱 초발사 준비,발사 구조 관찰 또는 초기 준비,S0,False,,,2026-09-04T04:10:00Z,33836660879-1
KRW-USDS,2026-09-04T13:31:59.203212+09:00,1788496319,1371.0,-72.72526264309008,5.0,34189.0383,333428.70086112,0.10253777857665722,5,0.0,complete,1788495955712,1788496085402,30680.06399298,11986.92211049,0.43811723277472686,1375.0,1393.0,1.3090909090909042,-0.2909090909090861,1.5793251974156497,122.22222222222194,complete_hourly_ordered,/v1/candles/minutes/60,120,False,1.8261504747991264,1369.0,2026-08-24T21:00:00,1394.0,2026-08-31T01:00:00,D-4,1.6499282639885204,92.0000000000003,False,-0.05312469815512699,5.656829280801421,,False,,,,0.6601784168512665,0.0,0.0,0.0,0.0,,,,,0.6601784168512665,0.0,0.0,0.0,0.0,,,,,0.6601784168512665,0.0,0.0,0.0,0.0,,,,,0.6601784168512665,0.0,0.0,0.0,0.0,,,,,0.6707908344512248,0.0,0.0,0.0,0.0,,,-94.61285410142112,,3.4425006345434923,-1.5793251974156486,0.0,-0.10141987829612731,0.08443372048508202,,,34189.0383,333428.70086112,0.6601784168512665,0.0,0.0,0.0,0.0,367617.73916112003,377262.11882732995,0.974435865185224,-1.5793251974156486,False,False,rising,rising,sell_advantage_weakening,accelerating,neutral,False,False,False,pass,S0,🌱 초발사 준비,발사 구조 관찰 또는 초기 준비,S0,False,,,2026-09-04T04:10:00Z,33836660879-1
KRW-USDT,2026-09-04T13:31:59.203212+09:00,1788496319,1366.0,-63.06843882148444,5.0,641705529.3602779,222514719.8078805,2.8838790077093654,341,0.0,complete,1788495421739,1788496355674,11766133.59074768,9998821.62368918,0.0811998898985204,1364.0,1370.0,0.4398826979472137,0.14662756598240456,0.291970802919708,66.66666666666666,complete_hourly_ordered,/v1/candles/minutes/60,120,False,0.9454545454545382,1375.0,2026-09-01T04:00:00,1388.0,2026-09-02T03:00:00,D-2,1.6570605187319898,176.923076923078,True,-0.05798221878623444,5.684940095527962,,False,1.884702219294247,67.42687632498867,-41.991654943369724,0.1767926256247634,0.0,0.0,0.0,0.0,,1.884702219294247,67.42687632498867,-41.991654943369724,0.1767926256247634,0.0,0.0,0.0,0.0,,1.9564942639145215,122.97564302259948,-28.29650306957555,0.3531166418312992,0.073260073260073,0.0,0.0,0.0,,1.9564942639145215,122.97564302259948,-28.29650306957555,0.3531166418312992,0.073260073260073,0.0,0.0,0.0,,2.3649389342688427,98.81117976996102,-64.22489017229324,0.6578337790937283,0.0,0.0,-0.009663703131035373,0.008044377138467063,,2.6289929862560393,267.1923263516576,-67.54642239782986,0.8009637546873449,-0.0731528895391409,0.0,-0.009663703131035373,0.008044377138467063,,1.884702219294247,258430428.34562522,-161076157.66095945,0.1767926256247634,0.0,0.0,0.0,0.0,864220249.1681584,748479791.7983567,1.1546340444165026,-0.0731528895391409,False,False,rising,falling,buy_advantage_accelerating,accelerating,leading_buy_inflow,False,False,False,pass,S0,🌱 초발사 준비,발사 구조 관찰 또는 초기 준비,S0,False,,,2026-09-04T04:10:00Z,33836660879-1
KRW-VANA,2026-09-04T13:31:59.203212+09:00,1788496319,1336.0,204.96165394860677,7.0,67310533.44986129,142618691.28991884,0.4719615138876205,322,0.0,complete,1788495421359,1788496644746,55579.0595085,97405.95160579,-0.27340516428790873,1239.0,1408.0,13.64003228410009,7.828894269572229,5.113636363636364,42.603550295858085,complete_hourly_ordered,/v1/candles/minutes/60,120,False,17.138103161397677,1202.0,2026-09-03T00:00:00,1408.0,2026-09-04T12:00:00,D0,5.46875,37.37864077669911,False,0.20425879589440754,22.693495250336092,,False,0.09331232043749355,-40.95046210236576,-52.625247524174476,31.315791675070443,1.984732824427482,0.0,0.06638410866568467,-0.04626855633602389,,0.09331232043749355,-40.95046210236576,-52.625247524174476,31.315791675070443,1.984732824427482,0.0,0.06638410866568467,-0.04626855633602389,,-0.37879551647887016,-85.800588671001,-74.40416504366084,78.25935567917978,-0.5952380952380931,0.0,-0.1072358678445351,0.07472900122239778,,-0.37879551647887016,-85.800588671001,-74.40416504366084,78.25935567917978,-0.5952380952380931,0.0,-0.1072358678445351,0.07472900122239778,,0.3235732029136239,1197.022959182582,307.7939419726202,116.56912275669791,4.049844236760114,0.0,0.234897615278562,-0.16374611878335443,,-0.11695907970428593,537.8909458643624,695.9698056540976,119.12652316461715,3.485670023237808,0.0,0.24000408517592664,-0.16730664110317406,,0.09331232043749355,-46679407.61715935,-158424974.03095978,31.315791675070443,1.984732824427482,0.0,0.06638410866568467,-0.04626855633602389,209929224.73978013,3618739.583137255,58.0116971439494,3.485670023237808,False,False,falling,falling,sell_advantage_weakening,accelerating,neutral,False,False,False,pass,S0,🌱 초발사 준비,발사 구조 관찰 또는 초기 준비,S0,False,,,2026-09-04T04:10:00Z,33836660879-1
KRW-VET,2026-09-04T13:31:59.203212+09:00,1788496319,9.24,-85.79550599181331,9.0,7790299.334824934,5641234.103270592,1.380956576559797,26,0.0,complete,1788495482296,1788496361138,6655683.68007863,3178832.70411707,0.35353553140131444,9.24,9.31,0.7575757575757569,0.0,0.7518796992481233,100.0,complete_hourly_ordered,/v1/candles/minutes/60,120,False,6.101694915254252,8.85,2026-09-03T10:00:00,9.39,2026-09-04T01:00:00,D0,1.4909478168264156,25.925925925926062,False,1.6274449877750508,-12.58318785377982,,False,0.8720276589604388,696.6817732836116,193.60401292155274,0.07521311554093302,0.6535947712418277,0.0,0.04584352078238485,-0.04364135556272153,,0.8720276589604388,696.6817732836116,193.60401292155274,0.07521311554093302,0.6535947712418277,0.0,0.04584352078238485,-0.04364135556272153,,1.2436236173130275,1245.5561899357756,33.81247211771885,0.10966773248335926,0.5440696409140466,0.0,0.038202933985309606,-0.036367411498572366,,1.2436236173130275,1245.5561899357756,33.81247211771885,0.10966773248335926,0.5440696409140466,0.0,0.038202933985309606,-0.036367411498572366,,,4914.17590851069,,0.1459247869020288,0.32573289902280145,0.0,0.022921760391181323,-0.02181998514937966,,1.1430563102201203,1105.8907240674853,107.7413072226157,0.16116214825538577,0.6535947712418277,0.0,0.038202933985309606,-0.036367411498572366,,0.8720276589604388,6812456.035772621,3719859.103270896,0.07521311554093302,0.6535947712418277,0.0,0.04584352078238485,-0.04364135556272153,13431533.438095525,4794741.00951683,2.8013053075100363,0.6535947712418277,False,False,rising,rising,buy_advantage_accelerating,accelerating,neutral,False,False,False,pass,S0,🌱 초발사 준비,발사 구조 관찰 또는 초기 준비,S0,False,,,2026-09-04T04:10:00Z,33836660879-1
KRW-VIRTUAL,2026-09-04T13:31:59.203212+09:00,1788496319,947.0,-35.429279609233625,8.0,7018685.657979949,4231123.91447227,1.658822998299108,21,0.0,complete,1788495559160,1788496380728,329934.13053885,153274.42618945,0.36559721861203043,951.0,960.0,0.9463722397476282,-0.4206098843322792,1.3541666666666667,144.44444444444443,complete_hourly_ordered,/v1/candles/minutes/60,120,False,9.956236323851208,914.0,2026-08-31T08:00:00,1005.0,2026-09-01T14:00:00,D-3,5.7711442786069655,63.73626373626385,False,0.40270288717492164,-5.243388751263227,,False,1.349129808468764,197.03811901153304,-44.54460622247779,0.09709223321672056,0.42417815482502785,1.0,0.027301890655917482,-0.024854233809978865,,1.349129808468764,197.03811901153304,-44.54460622247779,0.09709223321672056,0.42417815482502785,1.0,0.027301890655917482,-0.024854233809978865,,1.6370732174187685,378.1552549049066,-93.73063188078044,0.43386181710312854,0.5307855626327074,1.0,0.027301890655917482,-0.024854233809978865,,1.6370732174187685,378.1552549049066,-93.73063188078044,0.43386181710312854,0.5307855626327074,1.0,0.027301890655917482,-0.024854233809978865,,1.4803794227819898,804.8076439145028,-2.667667797664197,0.8436997228697365,0.0,1.0,0.02047641799192146,-0.018640508646017295,,0.829618718975901,-76.38875736746999,-88.19732819528816,0.9217987096419904,0.42417815482502785,1.0,0.02047641799192146,-0.018640508646017295,,1.349129808468764,4655795.10328066,-3398654.9514877005,0.09709223321672056,0.42417815482502785,1.0,0.027301890655917482,-0.024854233809978865,11249809.57245222,23500306.47339934,0.47870905790893387,0.42417815482502785,False,False,rising,falling,buy_advantage_accelerating,accelerating,leading_buy_inflow,False,False,False,pass,S0,🌱 초발사 준비,발사 구조 관찰 또는 초기 준비,S0,False,,,2026-09-04T04:10:00Z,33836660879-1
KRW-VTHO,2026-09-04T13:31:59.203212+09:00,1788496319,0.548,-81.2918247737371,11.0,0.0,0.0,,0,0.0,complete,,,63827004.52046087,188140189.32889298,-0.493370517444253,0.553,0.559,1.0849909584086825,-0.9041591320072317,1.9677996422182482,183.333333333333,complete_hourly_ordered,/v1/candles/minutes/60,120,False,6.679389312977113,0.524,2026-09-03T06:00:00,0.559,2026-09-04T10:00:00,D0,1.9677996422182487,31.428571428571455,False,0.7478499314471199,9.073779827608028,6.603269753819983,True,,-100.0,-100.0,0.02082803486196383,0.1828153564899404,0.0,0.012464165524117554,-0.009970664545628338,-0.01686304481711609,,-100.0,-100.0,0.02082803486196383,0.1828153564899404,0.0,0.012464165524117554,-0.009970664545628338,-0.01686304481711609,,-100.0,,0.07907711911595072,0.0,0.0,0.0,0.0,0.0,,-100.0,,0.07907711911595072,0.0,0.0,0.0,0.0,0.0,,-100.0,-100.0,0.10757469433347921,0.7352941176470562,0.0,0.04985666209647022,-0.03988434068748248,-0.06775042675800957,,,-100.0,0.18214632687947585,0.1828153564899404,0.0,0.012464165524117554,-0.009970664545628338,-0.01686304481711609,,-742976.2999999991,-353722.3372727368,0.02082803486196383,0.1828153564899404,0.0,0.012464165524117554,-0.009970664545628338,0,576952.9999999987,0.0,0.1828153564899404,False,False,falling,falling,unavailable,accelerating,neutral,False,False,False,pass,S1,⚡ 선행 시동,가격 미급등 상태에서 선행조건 5개 개선,S1,False,,,2026-09-04T04:10:00Z,33836660879-1
KRW-VVV,2026-09-04T13:31:59.203212+09:00,1788496319,23330.0,,,3710756.5320775,0.0,,29,0.0,complete,1788495498176,1788496001194,2926.5524831,4324.00846377,-0.19273763656497075,23390.0,23680.0,1.2398460880718165,-0.2565198802907176,1.4780405405405406,120.68965517241355,complete_hourly_ordered,/v1/candles/minutes/60,120,False,9.528214616096209,21620.0,2026-09-02T20:00:00,23680.0,2026-09-04T09:00:00,D0,1.4780405405405372,16.99029126213589,False,,,,False,,665.633437056717,-100.0,,0.3009458297506429,,,,,,665.633437056717,-100.0,,0.3009458297506429,,,,,,-24.757655351995954,-100.0,,0.0858000858000807,,,,,,-24.757655351995954,-100.0,,0.0858000858000807,,,,,,,-100.0,,0.9519688446560037,,,,,,,,,-0.34173430158052076,,,,,,3226091.6320775,-141999.99981860002,,0.3009458297506429,,,,3710756.5320775,1497500.5392073,2.477966741862934,-0.34173430158052076,False,False,rising,falling,buy_only,flat_or_na,neutral,False,False,False,pass,S0,🌱 초발사 준비,발사 구조 관찰 또는 초기 준비,S0,False,,,2026-09-04T04:10:00Z,33836660879-1
KRW-W,2026-09-04T13:31:59.203212+09:00,1788496319,13.6,-43.686768345371874,11.0,1332037.98100916,830787.79650003,1.60334322027937,14,0.0,complete,1788495430554,1788496323183,23094917.81131006,18055702.57101071,0.12245781943215397,13.6,13.7,0.7352941176470562,0.0,0.7299270072992675,100.0,complete_hourly_ordered,/v1/candles/minutes/60,120,False,10.483870967741925,12.4,2026-08-31T08:00:00,13.7,2026-09-02T05:00:00,D-2,0.7299270072992692,7.6923076923076845,False,0.6141248720572978,12.025953686094649,11.039904370932778,False,-8.231270557880713,-93.00014401736493,-57.064164914132306,0.05972083540324036,0.7407407407407307,0.0,0.051177072671437784,-0.0398291633767478,-0.11815885322497444,-8.231270557880713,-93.00014401736493,-57.064164914132306,0.05972083540324036,0.7407407407407307,0.0,0.051177072671437784,-0.0398291633767478,-0.11815885322497444,-1.0839121621671821,-69.3597415739819,-48.645930370090284,0.5970964706565525,0.7407407407407307,0.0,0.051177072671437784,-0.0398291633767478,-0.11815885322497444,-1.0839121621671821,-69.3597415739819,-48.645930370090284,0.5970964706565525,0.7407407407407307,0.0,0.051177072671437784,-0.0398291633767478,-0.11815885322497444,-12.135017625342226,-73.21634603887175,129.49765105073845,0.7391703153665858,1.4925373134328401,0.0,0.10235414534287557,-0.07966278291407392,-0.23808498890236862,-0.9208998854082178,21.14940229988065,90.7330505693975,0.7657022496306709,0.7407407407407307,0.0,0.051177072671437784,-0.0398291633767478,-0.11815885322497444,-8.231270557880713,-17697467.544727683,-1104164.1960221403,0.05972083540324036,0.7407407407407307,0.0,0.051177072671437784,-0.0398291633767478,2162825.77750919,4002641.7737079486,0.540349574052839,0.7407407407407307,False,True,falling,falling,buy_advantage_weakening,accelerating,neutral,False,False,False,pass,S1,⚡ 선행 시동,가격 미급등 상태에서 선행조건 4개 개선,S1,False,,,2026-09-04T04:10:00Z,33836660879-1
KRW-WAL,2026-09-04T13:31:59.203212+09:00,1788496319,35.1,123.45632437844363,8.0,9480368.72523668,0.0,,6,0.0,complete,1788496158458,1788496340068,2309420.39767558,2834451.00618972,-0.10206915517359395,35.6,35.6,0.0,-1.4044943820224698,1.4044943820224718,,complete_hourly_ordered,/v1/candles/minutes/60,120,False,13.968253968253963,31.5,2026-08-31T08:00:00,35.9,2026-09-01T16:00:00,D-3,2.506963788300831,20.45454545454539,False,0.5840886203424045,40.18355766495486,,True,,,-100.0,1.6217412618729554,0.28571428571428914,0.0,0.020140986908367964,-0.011082251200242865,,,,-100.0,1.6217412618729554,0.28571428571428914,0.0,0.020140986908367964,-0.011082251200242865,,,,-100.0,2.3794809593748596,0.28571428571428914,0.0,0.020140986908367964,-0.011082251200242865,,,,-100.0,2.3794809593748596,0.28571428571428914,0.0,0.020140986908367964,-0.011082251200242865,,,,-100.0,2.75134126041263,-0.28409090909091717,0.0,-0.02014098690834576,0.011081919356584535,,,138.99701693201757,-100.0,2.9036598223706562,0.0,0.0,0.0,0.0,,,9480368.72523668,-2307655.0,1.6217412618729554,0.28571428571428914,0.0,0.020140986908367964,-0.011082251200242865,9480368.72523668,4625043.749501952,2.0497900644199474,0.0,False,False,rising,falling,buy_only,accelerating,neutral,False,False,False,pass,S0,🌱 초발사 준비,발사 구조 관찰 또는 초기 준비,S0,False,,,2026-09-04T04:10:00Z,33836660879-1
KRW-WAVES,2026-09-04T13:31:59.203212+09:00,1788496319,304.0,-43.54954887859558,5.0,413440.0,535587.20639568,0.7719377816776297,2,0.0,complete,1788495611321,1788496312573,707237.26473886,632288.33249039,0.055951847731389746,303.0,310.0,2.310231023102305,0.3300330033003229,1.935483870967742,85.71428571428599,complete_hourly_ordered,/v1/candles/minutes/60,120,False,7.792207792207795,308.0,2026-08-30T15:00:00,332.0,2026-08-30T19:00:00,D-4,8.433734939759042,116.66666666666666,False,0.3970880211780159,24.77219662375768,,False,-1.067093503951702,573.0173401714325,1503.3674911680653,0.011914522029911723,0.6622516556291425,-1.0,-0.022060445621008284,0.014975250973673582,,-1.067093503951702,573.0173401714325,1503.3674911680653,0.011914522029911723,0.6622516556291425,-1.0,-0.022060445621008284,0.014975250973673582,,0.5967178046463606,-85.60952126569681,-96.73354587229339,0.15596830352143343,0.6622516556291425,0.0,0.02206044562098608,-0.01497586983683874,,0.5967178046463606,-85.60952126569681,-96.73354587229339,0.15596830352143343,0.6622516556291425,0.0,0.02206044562098608,-0.01497586983683874,,0.3764993295312491,-41.309242602949546,-69.93464653336459,0.4460350893085021,0.0,0.0,0.0,0.0,,0.7548153618528315,213.16360173142627,-93.05369060827927,0.6558720349163281,0.3300330033003229,0.0,0.0,0.0,,-1.067093503951702,352009.1905212,502183.31057354994,0.011914522029911723,0.6622516556291425,-1.0,-0.022060445621008284,0.014975250973673582,949027.20639568,3683528.298789365,0.257640807784099,0.3300330033003229,False,False,rising,rising,sell_advantage_accelerating,accelerating,neutral,False,False,False,pass,S0,🌱 초발사 준비,발사 구조 관찰 또는 초기 준비,S0,False,,,2026-09-04T04:10:00Z,33836660879-1
KRW-WAXP,2026-09-04T13:31:59.203212+09:00,1788496319,5.94,34.80538754815012,12.0,1124236.237710188,296488.2943143366,3.791840215176501,7,0.0,complete,1788495698206,1788496049838,17850745.75559036,11030972.00635797,0.23612770561096763,6.02,6.03,0.16611295681063787,-1.3289036544850363,1.4925373134328335,899.9999999999599,complete_hourly_ordered,/v1/candles/minutes/60,120,False,14.436619718309874,5.68,2026-09-02T10:00:00,6.5,2026-09-03T10:00:00,D-1,8.615384615384613,68.29268292682926,True,0.5932686822589739,13.197144966773317,10.966612074256258,True,2.56707394285368,-37.40870703893447,-79.78298129415732,0.07891764041447402,0.0,0.0,0.04563605248146807,-0.035108651421030146,-0.0937110743603462,2.56707394285368,-37.40870703893447,-79.78298129415732,0.07891764041447402,0.0,0.0,0.04563605248146807,-0.035108651421030146,-0.0937110743603462,3.7777898679893727,653.1388021729454,-97.20930707779434,0.1350171999939107,0.6779661016949268,0.0,0.04563605248146807,-0.035108651421030146,-0.0937110743603462,3.7777898679893727,653.1388021729454,-97.20930707779434,0.1350171999939107,0.6779661016949268,0.0,0.04563605248146807,-0.035108651421030146,-0.0937110743603462,-3.6326022487169576,-84.75998697619247,-70.1599768388502,0.37915292551475943,0.33783783783785104,0.0,0.0,0.0,0.0,3.58295374958813,183.03017587805545,-84.40831634798458,0.5927938680606388,0.1686340640809636,0.0,0.03422703936108995,-0.026331164513834437,-0.07017946287337118,2.56707394285368,-671918.1226247409,-1170039.9739147075,0.07891764041447402,0.0,0.0,0.04563605248146807,-0.035108651421030146,1420724.5320245246,6358199.651032321,0.22344761253193032,0.1686340640809636,False,True,falling,falling,buy_advantage_accelerating,accelerating,neutral,False,False,False,pass,S1,⚡ 선행 시동,가격 미급등 상태에서 선행조건 6개 개선,S1,False,,,2026-09-04T04:10:00Z,33836660879-1
KRW-WCT,2026-09-04T13:31:59.203212+09:00,1788496319,51.1,-50.192089528138894,5.0,0.0,0.0,,0,0.0,complete,,,734047.53285382,824517.12429832,-0.05804673616159691,51.2,51.3,0.1953124999999778,-0.1953125,0.3898635477582763,200.00000000001137,complete_hourly_ordered,/v1/candles/minutes/60,120,False,12.256809338521402,51.4,2026-08-30T13:00:00,57.7,2026-08-30T19:00:00,D-4,11.438474870017334,104.76190476190474,False,-0.17809439002670624,21.709090455582857,,False,,-100.0,,0.0,0.0,0.0,0.0,0.0,,,-100.0,,0.0,0.0,0.0,0.0,0.0,,,,-100.0,0.00970776036055554,0.19607843137254832,0.0,0.012721027859063927,-0.009000886613641512,,,,-100.0,0.00970776036055554,0.19607843137254832,0.0,0.012721027859063927,-0.009000886613641512,,,-100.0,-100.0,0.04463198219755071,-0.1953125,0.0,-0.012721027859041723,0.009000662107855106,,,-100.0,-100.0,0.12031764484450491,0.19607843137254832,0.0,0.0,0.0,,,-34191.631226788,0.0,0.0,0.0,0.0,0.0,0.0,0,909902.9546781286,0.0,0.19607843137254832,False,False,falling,flat_or_na,unavailable,flat_or_na,neutral,False,False,False,pass,S0,🌱 초발사 준비,발사 구조 관찰 또는 초기 준비,S0,False,,,2026-09-04T04:10:00Z,33836660879-1
KRW-WET,2026-09-04T13:31:59.203212+09:00,1788496319,83.8,-35.66013079681054,4.0,360215.14293492,2810386.1426279377,0.1281728291607963,6,0.0,complete,1788495427425,1788495951567,1031845.0071104,692049.85311399,0.1971089779525073,84.6,84.9,0.35460992907803135,-0.9456264775413725,1.2956419316843444,366.6666666666541,complete_hourly_ordered,/v1/candles/minutes/60,120,False,5.947955390334569,80.7,2026-09-02T10:00:00,85.5,2026-09-04T00:00:00,D0,1.9883040935672502,35.416666666666735,False,-1.5123156397394588,12.071385602566666,,False,0.12164154023520742,6415.399696975649,232.00451425830047,0.18703540747125658,0.11947431302268274,0.0,0.007486711087811848,-0.005949446352598642,,0.12164154023520742,6415.399696975649,232.00451425830047,0.18703540747125658,0.11947431302268274,0.0,0.007486711087811848,-0.005949446352598642,,-0.965237976509861,17.126242468481934,899.1750980387264,0.49766150938178555,-0.3567181926278251,0.0,-0.02246013326345775,0.01784774257718702,,-0.965237976509861,17.126242468481934,899.1750980387264,0.49766150938178555,-0.3567181926278251,0.0,-0.02246013326345775,0.01784774257718702,,,6415.326350889748,,0.573357844118604,-0.47505938242280443,0.0,-0.0299468443512807,0.023796791284377505,,,,,0.5835297260196057,-0.7109004739336622,0.0,-0.044920266526904395,0.0356945904858641,,0.12164154023520742,354686.46994955995,1963895.8023064055,0.18703540747125658,0.11947431302268274,0.0,0.007486711087811848,-0.005949446352598642,3170601.2855628575,1073404.5419887134,2.9537803889749106,-0.7109004739336622,False,False,rising,rising,sell_advantage_weakening,accelerating,leading_buy_inflow,False,False,False,pass,S0,🌱 초발사 준비,발사 구조 관찰 또는 초기 준비,S0,False,,,2026-09-04T04:10:00Z,33836660879-1
KRW-WIF,2026-09-04T13:31:59.203212+09:00,1788496319,295.0,,,1716691.7630105,0.0,,3,0.0,complete,1788495789063,1788496182214,150354.06615417,363181.5562593,-0.4144356901764709,293.0,298.0,1.7064846416382284,0.6825938566553003,1.006711409395973,59.999999999999474,complete_hourly_ordered,/v1/candles/minutes/60,120,False,15.05791505791505,259.0,2026-08-31T08:00:00,298.0,2026-09-04T03:00:00,D0,1.0067114093959773,7.692307692307687,False,,,,True,,-90.41938352152926,,,0.6825938566553003,,,,,,-90.41938352152926,,,0.6825938566553003,,,,,,,,,0.0,,,,,,,,,0.0,,,,,,-80.78799821476255,-100.0,,0.0,,,,,,,,,0.6825938566553003,,,,,,-16201693.414688623,0.0,,0.6825938566553003,,,,1716691.7630105,532385.91293169,3.2245251448468872,0.6825938566553003,False,False,falling,flat_or_na,buy_only,flat_or_na,neutral,False,False,False,pass,S0,🌱 초발사 준비,발사 구조 관찰 또는 초기 준비,S0,False,,,2026-09-04T04:10:00Z,33836660879-1
KRW-WLD,2026-09-04T13:31:59.203212+09:00,1788496319,540.0,-46.57295088054566,9.0,34072010.42432202,12131478.317978341,2.808562116772589,97,0.0,complete,1788495420229,1788496371689,1280100.85237486,1005460.11863531,0.12016338099182919,540.0,545.0,0.92592592592593,0.0,0.9174311926605505,100.0,complete_hourly_ordered,/v1/candles/minutes/60,120,False,15.020576131687235,486.0,2026-09-03T00:00:00,559.0,2026-09-04T03:00:00,D0,3.3989266547406083,26.027397260273904,False,0.32483758120940287,5.614081485726025,,True,-0.12697064561740357,20.76503822350595,26.224634356230748,0.14517887592869272,0.0,0.0,0.024987506246887392,-0.02073536435991663,,-0.12697064561740357,20.76503822350595,26.224634356230748,0.14517887592869272,0.0,0.0,0.024987506246887392,-0.02073536435991663,,2.259517034324199,-32.81682746646203,-86.86637896219707,0.22087644036221832,0.5586592178770999,0.0,0.062468765617196276,-0.05184069600666419,,2.259517034324199,-32.81682746646203,-86.86637896219707,0.22087644036221832,0.5586592178770999,0.0,0.062468765617196276,-0.05184069600666419,,1.6430388518855457,133.1513557426794,-3.244678928334521,0.7358323328269236,0.18552875695732052,0.0,0.024987506246887392,-0.02073536435991663,,2.2792187503531864,22.402512734908896,-76.93020290975575,0.8165123247195538,0.746268656716409,0.0,0.062468765617196276,-0.05184069600666419,,-0.12697064561740357,5858538.275815569,2520455.572813619,0.14517887592869272,0.0,0.0,0.024987506246887392,-0.02073536435991663,46203488.74230036,82836464.23560749,0.5577675142058955,0.746268656716409,False,False,rising,rising,buy_advantage_weakening,accelerating,neutral,False,False,False,pass,S0,🌱 초발사 준비,발사 구조 관찰 또는 초기 준비,S0,False,,,2026-09-04T04:10:00Z,33836660879-1
KRW-WLFI,2026-09-04T13:31:59.203212+09:00,1788496319,79.4,-55.73360240379381,5.0,11109750.000000585,18321772.01759015,0.6063687502133782,57,0.0,complete,1788495426409,1788496172302,5609936.74635536,2728690.29747007,0.3455300775226288,78.3,79.6,1.6602809706258048,1.4048531289910793,0.2512562814070209,15.38461538461456,complete_hourly_ordered,/v1/candles/minutes/60,120,False,4.823989569752296,76.7,2026-08-31T08:00:00,80.4,2026-08-31T19:00:00,D-4,1.243781094527363,27.027027027027263,True,-0.24904532624938636,6.581146744412064,,False,-19.926110282490427,-47.4782377661633,1678.4590341230846,0.325232136731735,0.2525252525252597,0.0,0.016603021749939106,-0.013733622553266933,,-19.926110282490427,-47.4782377661633,1678.4590341230846,0.325232136731735,0.2525252525252597,0.0,0.016603021749939106,-0.013733622553266933,,-5.911958234744935,50.574746773648705,1518.6444878674165,0.37288033732694714,0.37926675094817064,0.0,0.03320604349990042,-0.027467778990211578,,-5.911958234744935,50.574746773648705,1518.6444878674165,0.37288033732694714,0.37926675094817064,0.0,0.03320604349990042,-0.027467778990211578,,,458.9384507352405,,0.8881738760175466,0.7614213197969733,0.0,0.04980906524986173,-0.04120246934189087,,0.0387099742386785,433.1126327206416,399.0792557175093,0.9240403994713517,1.0178117048346147,0.0,0.06641208699982304,-0.05493769363949852,,-19.926110282490427,-10042910.39729892,17291567.12301274,0.325232136731735,0.2525252525252597,0.0,0.016603021749939106,-0.013733622553266933,29431522.017590735,6935052.202288939,4.243878944108994,1.0178117048346147,False,False,falling,rising,sell_advantage_accelerating,accelerating,neutral,False,False,False,pass,S0,🌱 초발사 준비,발사 구조 관찰 또는 초기 준비,S0,False,,,2026-09-04T04:10:00Z,33836660879-1
KRW-XAUT,2026-09-04T13:31:59.203212+09:00,1788496319,6096000.0,19.776505262857434,7.0,594251.25606,176667.99999999997,3.363660968936084,11,0.0,complete,1788495421813,1788496330788,7.62308596,20.92084387,-0.4658699061130644,6099000.0,6130000.0,0.5082800459091708,-0.04918839153960075,0.5546492659053833,109.67741935483942,complete_hourly_ordered,/v1/candles/minutes/60,120,False,4.487722269263328,5905000.0,2026-09-02T12:00:00,6170000.0,2026-09-04T00:00:00,D0,1.1831442463533182,27.547169811320405,True,-0.11973359275612161,0.8220246886059018,,False,3.356200250229732,4857.693862756555,-89.00366009421758,0.14541398067255784,-0.01640150893882364,0.0,-0.001069049935331634,0.0009299309801334976,,3.356200250229732,4857.693862756555,-89.00366009421758,0.14541398067255784,-0.01640150893882364,0.0,-0.001069049935331634,0.0009299309801334976,,3.363660968936084,,21.938824386761514,0.19709514845871468,-0.01640150893882364,0.0,-0.0042761997412932296,0.003719709113295333,,3.363660968936084,,21.938824386761514,0.19709514845871468,-0.01640150893882364,0.0,-0.0042761997412932296,0.003719709113295333,,3.35865745557046,11785.149392322048,-82.32060115864431,0.3970270955514472,-0.11469768966082539,0.0,-0.007483349547265927,0.006509465035849815,,1.8862302204537473,-54.2300561520326,-79.89633229335666,0.5562474861461304,-0.19646365422396617,0.0,-0.012828599223868586,0.011159008883912858,,3.356200250229732,582264.8109,-1429939.3031,0.14541398067255784,-0.01640150893882364,0.0,-0.001069049935331634,0.0009299309801334976,770919.25606,1207726.7010899999,0.6383226067323249,-0.19646365422396617,False,False,rising,falling,buy_advantage_accelerating,accelerating,leading_buy_inflow,False,False,False,pass,S0,🌱 초발사 준비,발사 구조 관찰 또는 초기 준비,S0,False,,,2026-09-04T04:10:00Z,33836660879-1
KRW-XCN,2026-09-04T13:31:59.203212+09:00,1788496319,5.55,640.2344495181273,11.0,1346239665.8545806,1903842969.8557286,0.7071169666669501,5755,0.0,complete,1788495419801,1788496685608,21430851.77617075,6497407.76662987,0.5347072912529717,4.87,6.28,28.952772073921974,13.963039014373702,11.624203821656057,51.773049645390124,complete_hourly_ordered,/v1/candles/minutes/60,120,False,41.44144144144144,4.44,2026-09-03T20:00:00,6.28,2026-09-04T13:00:00,D0,12.101910828025487,41.30434782608702,False,1.4299332697807365,12.218981113173621,11.041519097134696,True,-301.27920297399476,44379.98916724669,18995835.429087106,586.2631068485852,13.034623217922592,-1.0,0.9669072586136584,-0.7457570407042979,-2.4988458821726596,-301.27920297399476,44379.98916724669,18995835.429087106,586.2631068485852,13.034623217922592,-1.0,0.9669072586136584,-0.7457570407042979,-2.4988458821726596,0.246950080687732,25706.40499874583,16693.901979988274,588.3932331498896,13.963039014373702,-1.0,1.0213809069862467,-0.7878179960103271,-2.6631795179842133,0.246950080687732,25706.40499874583,16693.901979988274,588.3932331498896,13.963039014373702,-1.0,1.0213809069862467,-0.7878179960103271,-2.6631795179842133,0.7071169666669501,,179713.82834962243,590.0748959099268,11.895161290322577,-1.0,0.8988151981479175,-0.6931878244775316,-2.2974718093282718,-21.982437076225878,67041.29820053789,2154290.554665629,590.5442961401084,11.895161290322577,-1.0,0.8988151981479175,-0.6931878244775316,-2.2974718093282718,-301.27920297399476,1343213047.1636617,1903832947.485538,586.2631068485852,13.034623217922592,-1.0,0.9669072586136584,-0.7457570407042979,3250082635.710309,2093454.7278768022,1552.497215455224,11.895161290322577,False,False,rising,rising,sell_advantage_accelerating,accelerating,neutral,False,False,False,pass,S0,🌱 초발사 준비,발사 구조 관찰 또는 초기 준비,S1,True,발사 구조 관찰 또는 초기 준비,2026-09-04T13:31:59.203212+09:00,2026-09-04T04:10:00Z,33836660879-1
KRW-XEC,2026-09-04T13:31:59.203212+09:00,1788496319,0.00978,-11.579839597009368,5.0,1645858.5791725721,4435291.903390247,0.37108235828052516,15,0.0,complete,1788495499905,1788496622599,9405066422.153538,27136423364.94256,-0.48523902681850967,0.00982,0.00982,0.0,-0.40733197556008793,0.4073319755600825,,complete_hourly_ordered,/v1/candles/minutes/60,120,False,6.472491909385103,0.00927,2026-09-02T19:00:00,0.00987,2026-09-04T04:00:00,D0,0.8105369807497542,13.33333333333331,False,0.12292562999385304,-3.5783673036843404,,False,0.3410779017920278,5105.236967992674,320.87774488160187,0.13531241662305504,0.6172839506172867,0.0,0.04097520999795101,-0.03690302743248264,,0.3410779017920278,5105.236967992674,320.87774488160187,0.13531241662305504,0.6172839506172867,0.0,0.04097520999795101,-0.03690302743248264,,0.03633136548569532,2.2069616566225747,-7.799761638808434,0.24259260635364122,0.5138746145940454,0.0,0.03414600833162584,-0.030752251269346775,,0.03633136548569532,2.2069616566225747,-7.799761638808434,0.24259260635364122,0.5138746145940454,0.0,0.03414600833162584,-0.030752251269346775,,0.10245825804929276,150.05064403165753,81.01003124073694,0.9121192513568559,0.6172839506172867,0.0,0.020487604998975506,-0.01845102486104855,,0.37108235828052516,,2123.4488848495785,1.0579469594405033,0.5138746145940454,0.0,0.03414600833162584,-0.030752251269346775,,0.3410779017920278,1614239.296721205,3381472.3661662135,0.13531241662305504,0.6172839506172867,0.0,0.04097520999795101,-0.03690302743248264,6081150.4825628195,5049047.5945447525,1.2044153612521307,0.5138746145940454,False,False,rising,rising,sell_advantage_weakening,accelerating,neutral,False,False,False,pass,S0,🌱 초발사 준비,발사 구조 관찰 또는 초기 준비,S0,False,,,2026-09-04T04:10:00Z,33836660879-1
KRW-XLM,2026-09-04T13:31:59.203212+09:00,1788496319,251.0,-26.714526123902793,11.0,53480120.95887499,40804569.352720976,1.3106404946118804,88,0.0,complete,1788495444742,1788496467783,12267813.5493616,10928105.83375671,0.05775618088153523,252.0,254.0,0.7936507936507908,-0.3968253968253954,1.1811023622047243,150.0,complete_hourly_ordered,/v1/candles/minutes/60,120,False,9.361702127659566,235.0,2026-09-02T19:00:00,257.0,2026-09-04T01:00:00,D0,2.3346303501945553,27.2727272727271,False,0.026096033402911445,4.366267465069857,11.580806270915122,False,-4.045771345227594,89.43314667833332,674.187852349511,0.1449182306132677,0.40000000000000036,0.0,0.026096033402911445,-0.021968195972464244,-0.19550110901704798,-4.045771345227594,89.43314667833332,674.187852349511,0.1449182306132677,0.40000000000000036,0.0,0.026096033402911445,-0.021968195972464244,-0.19550110901704798,1.0462025067675738,225.81717699583774,-34.26234040219721,0.2810319528878438,0.0,0.0,0.05219206680583399,-0.04393776230210911,-0.3956800923850654,1.0462025067675738,225.81717699583774,-34.26234040219721,0.2810319528878438,0.0,0.0,0.05219206680583399,-0.04393776230210911,-0.3956800923850654,-3.9207687637447215,-38.07967206718001,147.15440897784626,0.5731178635870258,0.40000000000000036,0.0,0.05219206680583399,-0.04393776230210911,-0.3956800923850654,0.7509028725263329,104.19991940120936,-12.791968670599829,0.7069150609800943,0.8032128514056325,0.0,0.05219206680583399,-0.04393776230210911,-0.3956800923850654,-4.045771345227594,25248461.45438139,35533940.36663098,0.1449182306132677,0.40000000000000036,0.0,0.026096033402911445,-0.021968195972464244,94284690.31159598,114430001.59000562,0.8239507908897107,0.8032128514056325,False,True,rising,rising,buy_advantage_weakening,accelerating,neutral,False,False,False,pass,S1,⚡ 선행 시동,가격 미급등 상태에서 선행조건 4개 개선,S1,False,,,2026-09-04T04:10:00Z,33836660879-1
KRW-XPL,2026-09-04T13:31:59.203212+09:00,1788496319,129.0,-13.52373402762337,11.0,25173169.62181046,5887849.128805029,4.2754440664344076,41,0.0,complete,1788495479452,1788496599760,9551559.66160317,6929165.81661171,0.15911883542128546,132.0,132.0,0.0,-2.2727272727272707,2.272727272727273,,complete_hourly_ordered,/v1/candles/minutes/60,120,False,22.72727272727273,110.0,2026-09-01T18:00:00,135.0,2026-09-04T01:00:00,D0,3.703703703703709,19.999999999999986,False,0.3735325506937004,2.1261926906841633,2.9502234418730504,False,3.132280703775874,-30.557827793025428,-81.43263112394273,0.3764145231015519,1.5748031496062964,0.0,0.05336179295625243,-0.04567001168804907,-0.10205450116592951,3.132280703775874,-30.557827793025428,-81.43263112394273,0.3764145231015519,1.5748031496062964,0.0,0.05336179295625243,-0.04567001168804907,-0.10205450116592951,4.189274136301743,328.03814763555766,-91.37305582701002,0.9396959880603735,0.0,0.0,0.05336179295625243,-0.04567001168804907,-0.10205450116592951,4.189274136301743,328.03814763555766,-91.37305582701002,0.9396959880603735,0.0,0.0,0.05336179295625243,-0.04567001168804907,-0.10205450116592951,2.5638874040179314,-24.288993695944818,-69.6911770463108,1.0489246326479176,0.0,0.0,0.0,0.0,0.0,4.268484570707846,10513.728417488946,-82.72315193074267,1.5581691916469627,0.78125,0.0,0.0,0.0,0.0,3.132280703775874,-11077380.759564474,-25822885.806813348,0.3764145231015519,1.5748031496062964,0.0,0.05336179295625243,-0.04567001168804907,31061018.75061549,73384147.67449616,0.42326605588430644,0.78125,False,False,falling,falling,buy_advantage_accelerating,accelerating,neutral,False,False,False,pass,S1,⚡ 선행 시동,가격 미급등 상태에서 선행조건 5개 개선,S0,True,가격 미급등 상태에서 선행조건 5개 개선,2026-09-04T13:31:59.203212+09:00,2026-09-04T04:10:00Z,33836660879-1
KRW-XRP,2026-09-04T13:31:59.203212+09:00,1788496319,1985.0,-30.624614411014573,8.0,1519457944.8021636,1021025450.5795947,1.4881685309015842,1584,0.0,complete,1788495420256,1788496567601,2699053.8488128,2332421.2060546,0.07286782479494221,1980.0,1998.0,0.9090909090909038,0.2525252525252597,0.6506506506506506,72.22222222222128,complete_hourly_ordered,/v1/candles/minutes/60,120,False,12.153163152053281,1802.0,2026-09-02T19:00:00,2021.0,2026-09-04T05:00:00,D0,1.6823354774863963,15.525114155251135,False,0.8219178082191858,-12.241639780206167,,False,1.1454528569340772,562.4086433040951,52.54846471879742,0.2809680625570401,0.3538928210313541,0.0,0.0342465753424781,-0.03277802529846596,,1.1454528569340772,562.4086433040951,52.54846471879742,0.2809680625570401,0.3538928210313541,0.0,0.0342465753424781,-0.03277802529846596,,0.5109914678123993,113.28418075740339,40.0489292900424,0.37675385802060646,0.40465351542742223,0.0,0.04452054794521487,-0.042612042144975604,,0.5109914678123993,113.28418075740339,40.0489292900424,0.37675385802060646,0.40465351542742223,0.0,0.04452054794521487,-0.042612042144975604,,-0.11859958602845433,-19.017490114765845,-12.56358926382173,0.8279038255801332,0.5572441742654588,0.0,0.04794520547946046,-0.04589011025253242,,0.33468052933731407,10.720307106648818,-14.180052107635488,1.119833529469183,0.761421319796951,0.0,0.0684931506849562,-0.06555917509590259,,1.1454528569340772,1290074170.8793015,351713273.3238499,0.2809680625570401,0.3538928210313541,0.0,0.0342465753424781,-0.03277802529846596,2540483395.381758,2760330946.1560225,0.9203546404171502,0.761421319796951,False,False,rising,rising,buy_advantage_accelerating,accelerating,leading_buy_inflow,False,False,False,pass,S0,🌱 초발사 준비,발사 구조 관찰 또는 초기 준비,S0,False,,,2026-09-04T04:10:00Z,33836660879-1
KRW-XTZ,2026-09-04T13:31:59.203212+09:00,1788496319,312.0,-26.36851510306908,7.0,10617744.845660161,1315002.8332398199,8.074313284558361,38,0.0,complete,1788495424027,1788496460223,170807.92929654,147546.93072832,0.07306625872274598,312.0,320.0,2.564102564102555,0.0,2.5,100.0,complete_hourly_ordered,/v1/candles/minutes/60,120,False,10.344827586206895,290.0,2026-08-31T08:00:00,320.0,2026-09-04T09:00:00,D0,2.187499999999998,23.333333333333275,False,0.12911555842478606,15.430752453653223,,False,8.074313284558361,,31.37477233323707,1.4895088583387732,0.3215434083601254,0.0,0.02151925973745694,-0.016254248607374677,,8.074313284558361,,31.37477233323707,1.4895088583387732,0.3215434083601254,0.0,0.02151925973745694,-0.016254248607374677,,7.073579932459286,2454.2288573569467,216.57206208971323,1.5800672958234045,0.3215434083601254,0.0,0.02151925973745694,-0.016254248607374677,,7.073579932459286,2454.2288573569467,216.57206208971323,1.5800672958234045,0.3215434083601254,0.0,0.02151925973745694,-0.016254248607374677,,7.909455896986089,1889.5248635253693,-59.378852423508356,2.2252847234402573,-0.31948881789137795,0.0,-0.02151925973745694,0.016253510063240384,,8.074313284558361,,-80.29361087154483,2.3193744508658973,0.0,0.0,0.0,0.0,,8.074313284558361,10617744.845660161,314047.4672398198,1.4895088583387732,0.3215434083601254,0.0,0.02151925973745694,-0.016254248607374677,11932747.678899981,1154799.8355359898,10.333174037352979,0.0,False,False,rising,rising,buy_advantage_accelerating,accelerating,leading_buy_inflow,False,False,False,pass,S0,🌱 초발사 준비,발사 구조 관찰 또는 초기 준비,S0,False,,,2026-09-04T04:10:00Z,33836660879-1
KRW-YGG,2026-09-04T13:31:59.203212+09:00,1788496319,31.4,124.18610871524791,11.0,1900373.103197698,4566325.673475153,0.41617117110953666,8,0.0,complete,1788495786563,1788496441196,1508534.35048222,1719429.39042334,-0.06533376979072147,31.8,31.8,0.0,-1.2578616352201366,1.2578616352201324,,complete_hourly_ordered,/v1/candles/minutes/60,120,False,9.523809523809534,29.4,2026-08-31T08:00:00,32.2,2026-09-03T09:00:00,D-1,2.484472049689457,28.57142857142857,False,0.38395904436860917,16.58431746172423,13.505170360301676,True,0.41617117110953666,,15429.969475567012,2.4941217615927656,0.0,-1.0,-0.02133105802046842,0.015876818306850282,0.047727366397882776,0.41617117110953666,,15429.969475567012,2.4941217615927656,0.0,-1.0,-0.02133105802046842,0.015876818306850282,0.047727366397882776,,-4.933835512528173,,2.4941217615927656,0.0,-1.0,-0.02133105802046842,0.015876818306850282,0.047727366397882776,,-4.933835512528173,,2.4941217615927656,0.0,-1.0,-0.02133105802046842,0.015876818306850282,0.047727366397882776,0.41617117110953666,,32968.50129065609,5.322639449973863,-0.31746031746032743,-1.0,-0.04266211604093684,0.031752933087922486,0.09520707672698059,,431.0691891889272,,5.326816716639996,-0.31746031746032743,-1.0,-0.04266211604093684,0.031752933087922486,0.09520707672698059,0.41617117110953666,1900373.103197698,4536922.359575152,2.4941217615927656,0.0,-1.0,-0.02133105802046842,0.015876818306850282,6466698.776672851,1029973.8658086159,6.278507631449416,-0.31746031746032743,False,True,rising,rising,sell_advantage_weakening,accelerating,leading_buy_inflow,False,False,False,pass,S1,⚡ 선행 시동,가격 미급등 상태에서 선행조건 4개 개선,S0,True,가격 미급등 상태에서 선행조건 4개 개선,2026-09-04T13:31:59.203212+09:00,2026-09-04T04:10:00Z,33836660879-1
KRW-ZAMA,2026-09-04T13:31:59.203212+09:00,1788496319,74.6,31.296387372089196,7.0,1280325.1109355062,2206679.6601694836,0.5802043377864692,12,0.0,complete,1788495781772,1788496438995,1527897.69242988,2031969.06090313,-0.141598380894819,76.7,76.8,0.13037809647977738,-2.737940026075625,2.864583333333337,2200.0000000002296,complete_hourly_ordered,/v1/candles/minutes/60,120,False,22.205663189269753,67.1,2026-09-02T19:00:00,82.0,2026-09-03T20:00:00,D-1,9.268292682926827,51.006711409395876,False,0.9773474607234212,-29.33038913180177,,False,-42.48335366808696,-39.65874121747627,4378.610600606974,0.08038223707213987,0.0,0.0,0.0,0.0,,-42.48335366808696,-39.65874121747627,4378.610600606974,0.08038223707213987,0.0,0.0,0.0,0.0,,0.5802043377864692,,249.92048473865776,0.16331766680055537,-0.13386880856761652,0.0,-0.009134088417983577,0.00980740539991487,,0.5802043377864692,,249.92048473865776,0.16331766680055537,-0.13386880856761652,0.0,-0.009134088417983577,0.00980740539991487,,0.23326204843320414,163.14070829905876,57.349116188293706,0.2029334063468511,-0.665778961384822,0.0,0.0,0.0,,0.40596979515373266,-69.1526948820853,-90.73659786967956,0.6688979591337407,-0.665778961384822,-1.0,-0.06393861892584063,0.06864581482785681,,-42.48335366808696,-841481.9855155854,2157408.1369906114,0.08038223707213987,0.0,0.0,0.0,0.0,3487004.7711049896,6799967.940953281,0.5127972368964065,-0.665778961384822,False,False,falling,rising,sell_advantage_accelerating,accelerating,neutral,False,False,False,pass,S0,🌱 초발사 준비,발사 구조 관찰 또는 초기 준비,S0,False,,,2026-09-04T04:10:00Z,33836660879-1
KRW-ZBT,2026-09-04T13:31:59.203212+09:00,1788496319,114.0,-31.685085083156338,5.0,499999.99999925,2493788.5918887598,0.20049815033461083,7,0.0,complete,1788495513734,1788496676564,3591138.28450627,7859286.26008279,-0.3727501944540082,116.0,116.0,0.0,-1.7241379310344862,1.7241379310344827,,complete_hourly_ordered,/v1/candles/minutes/60,120,False,9.090909090909083,110.0,2026-08-30T15:00:00,120.0,2026-08-30T18:00:00,D-4,5.000000000000004,59.99999999999995,False,0.3588516746411363,34.41469611100254,,True,,-78.25945241201447,,0.030114970254913942,-0.8695652173912993,-1.0,-0.05980861244021529,0.03587936372618117,,,-78.25945241201447,,0.030114970254913942,-0.8695652173912993,-1.0,-0.05980861244021529,0.03587936372618117,,-1.0936424902096549,-84.61668391394599,-0.706442926899109,0.0342643805074232,0.0,0.0,0.0,0.0,,-1.0936424902096549,-84.61668391394599,-0.706442926899109,0.0342643805074232,0.0,0.0,0.0,0.0,,0.1904320894165822,2378.2608695788476,24.42172081046321,0.07598823902467444,0.0,0.0,0.0,0.0,,0.20049815033461083,,-39.42233775037198,0.12080304453113655,0.0,0.0,0.0,0.0,,,-1799850.0749619,2493788.5918887598,0.030114970254913942,-0.8695652173912993,-1.0,-0.05980861244021529,0.03587936372618117,2993788.5918880096,8296365.791880621,0.3608554235660549,0.0,False,False,falling,rising,sell_advantage_weakening,accelerating,neutral,False,False,False,pass,S0,🌱 초발사 준비,발사 구조 관찰 또는 초기 준비,S0,False,,,2026-09-04T04:10:00Z,33836660879-1
KRW-ZETA,2026-09-04T13:31:59.203212+09:00,1788496319,46.7,48.26210239647253,11.0,49999.999999838,236320.59150259398,0.21157699243186423,5,0.0,complete,1788495477841,1788496573584,1067534.93092973,1634423.7001155,-0.2098066057238167,47.2,48.3,2.330508474576254,-1.0593220338983023,3.31262939958591,145.45454545454567,complete_hourly_ordered,/v1/candles/minutes/60,120,False,9.523809523809511,44.1,2026-09-02T10:00:00,48.3,2026-09-04T09:00:00,D0,3.105590062111796,35.71428571428579,False,0.6281957633308854,17.109419657631104,13.234758251406271,False,,,,0.08174660190248062,0.0,0.0,0.0,0.0,0.0,,,,0.08174660190248062,0.0,0.0,0.0,0.0,0.0,0.21157699243186423,,-85.26368504561378,0.5149380900403031,-0.2136752136752018,0.0,-0.014609203798388037,0.010787006718778969,0.03037998324937341,0.21157699243186423,,-85.26368504561378,0.5149380900403031,-0.2136752136752018,0.0,-0.014609203798388037,0.010787006718778969,0.03037998324937341,0.21157699243186423,,-96.69241948697919,0.7975417051364602,-0.2136752136752018,0.0,-0.014609203798388037,0.010787006718778969,0.03037998324937341,-1.7990309126062969,-72.4315336891946,161.98205985054793,1.4173290543133774,-0.6382978723404209,0.0,-0.04382761139520852,0.03236004661442493,0.09083455211671776,,49999.999999838,236320.59150259398,0.08174660190248062,0.0,0.0,0.0,0.0,286320.59150243195,3187541.1127564376,0.08982490934990174,-0.6382978723404209,False,True,rising,rising,sell_advantage_weakening,accelerating,neutral,False,False,False,pass,S0,🌱 초발사 준비,발사 구조 관찰 또는 초기 준비,S0,False,,,2026-09-04T04:10:00Z,33836660879-1
KRW-ZIL,2026-09-04T13:31:59.203212+09:00,1788496319,3.48,338.5633486068275,8.0,3529329.13793661,850364.1582674452,4.15037381764462,21,0.0,complete,1788495701989,1788496538354,29562045.33251663,49045789.46190134,-0.2478600788374376,3.45,3.49,1.1594202898550732,0.8695652173912993,0.28653295128940487,25.000000000000476,complete_hourly_ordered,/v1/candles/minutes/60,120,False,27.35849056603772,3.18,2026-08-30T18:00:00,4.05,2026-09-01T21:00:00,D-3,14.567901234567904,67.81609195402298,False,0.5820955439582498,23.502022746355244,,True,3.825835006534421,137.89720137635277,-81.39760939776247,0.2945413686916254,0.0,0.0,0.0,0.0,,3.825835006534421,137.89720137635277,-81.39760939776247,0.2945413686916254,0.0,0.0,0.0,0.0,,3.191487270332364,137.24268138075368,-45.18835516522347,0.30657054011771834,-0.2865329512894088,0.0,-0.020072260136494435,0.01380597314659937,,3.191487270332364,137.24268138075368,-45.18835516522347,0.30657054011771834,-0.2865329512894088,0.0,-0.020072260136494435,0.01380597314659937,,-0.28438991169907535,-62.17988947132296,-59.58839811023788,0.5943892011234198,0.8695652173912993,0.0,0.040144520272966666,-0.027613527069423327,,2.4538994749747225,-21.79444493596109,-68.03330893801427,0.6778742843965802,0.28818443804032867,0.0,0.08028904054597774,-0.05522916204169093,,3.825835006534421,2045776.949210682,-3720898.624297508,0.2945413686916254,0.0,0.0,0.0,0.0,4379693.296204055,3375551.7391324434,1.297474793655418,0.28818443804032867,False,True,rising,falling,buy_advantage_accelerating,accelerating,leading_buy_inflow,True,True,True,⚡ 2차 시동/재점화,S4,⚡ 2차 시동·재점화,Higher Low·BID 증가·ASK 감소·ratio 및 거래대금 재가속 확인,S3,True,Higher Low·BID 증가·ASK 감소·ratio 및 거래대금 재가속 확인,2026-09-04T13:31:59.203212+09:00,2026-09-04T04:10:00Z,33836660879-1
KRW-ZK,2026-09-04T13:31:59.203212+09:00,1788496319,12.8,10.358226840748141,7.0,35820487.90940866,7956766.672500096,4.501889948992749,79,0.0,complete,1788495422378,1788496389906,9234069.8248549,36022417.63036882,-0.5919228228222091,13.0,13.1,0.7692307692307665,-1.538461538461533,2.2900763358778544,300.0,complete_hourly_ordered,/v1/candles/minutes/60,120,False,26.271186440677962,11.8,2026-08-30T14:00:00,14.9,2026-08-31T13:00:00,D-4,14.093959731543626,67.74193548387096,False,0.3266194882961315,23.40381318510053,,True,4.291630792635908,1250.717702202134,-36.91521388593386,0.32596152191299765,0.0,0.0,0.0,0.0,,4.291630792635908,1250.717702202134,-36.91521388593386,0.32596152191299765,0.0,0.0,0.0,0.0,,4.484816356023509,8918.14801016561,-65.79832243647434,0.3697399013329985,0.0,0.0,0.0,0.0,,4.484816356023509,8918.14801016561,-65.79832243647434,0.3697399013329985,0.0,0.0,0.0,0.0,,4.277806568383901,7997.880362210998,303.0752479269829,0.5280010518166947,-0.7751937984496138,0.0,0.0,0.0,,,6807.263291322561,,0.5390889906938803,-0.7751937984496138,0.0,-0.05443658138268859,0.037579418866759084,,4.291630792635908,33168528.299268883,-4656047.2286410555,0.32596152191299765,0.0,0.0,0.0,0.0,43777254.581908755,7335976.867849148,5.967474457800997,-0.7751937984496138,False,False,rising,falling,buy_advantage_accelerating,accelerating,leading_buy_inflow,True,True,True,⚡ 2차 시동/재점화,S4,⚡ 2차 시동·재점화,Higher Low·BID 증가·ASK 감소·ratio 및 거래대금 재가속 확인,S3,True,Higher Low·BID 증가·ASK 감소·ratio 및 거래대금 재가속 확인,2026-09-04T13:31:59.203212+09:00,2026-09-04T04:10:00Z,33836660879-1
KRW-ZKC,2026-09-04T13:31:59.203212+09:00,1788496319,66.0,-32.234404045565846,11.0,6297870.4642680315,25303040.36178721,0.24889777569098415,42,0.0,complete,1788495483693,1788496533145,1519031.22068309,2900604.15693631,-0.31259884995250287,67.3,68.7,2.0802377414561812,-1.9316493313521477,3.9301310043668165,192.85714285714187,complete_hourly_ordered,/v1/candles/minutes/60,120,False,66.39209225700165,60.7,2026-08-30T14:00:00,101.0,2026-08-30T18:00:00,D-4,34.75247524752475,87.09677419354837,False,1.1728931364031414,14.493867670173591,8.536259463561633,False,-4.645036614463821,118.4189417273613,4194.646536768836,0.028788678085746255,-0.9009009009008917,0.0,-0.06516072980016219,0.049181034176024596,0.07796523397822064,-4.645036614463821,118.4189417273613,4194.646536768836,0.028788678085746255,-0.9009009009008917,0.0,-0.06516072980016219,0.049181034176024596,0.07796523397822064,-2.129165451204559,-55.70567318388201,323.2047051006205,0.03161807281415463,-0.6024096385542244,0.0,-0.04344048653344146,0.03278810842288493,0.05207799578028549,-2.129165451204559,-55.70567318388201,323.2047051006205,0.03161807281415463,-0.6024096385542244,0.0,-0.04344048653344146,0.03278810842288493,0.05207799578028549,0.22878531588083748,3211.1161028174884,167.55839564965015,0.05732035965583293,-1.4925373134328401,0.0,-0.10860121633360365,0.08196462902458634,0.12943912784931833,-0.07061846905006675,24.504918917903584,59.83005084717028,0.07663514646593939,-1.0494752623688153,0.0,-0.14118158123370694,0.10655035078937836,0.16778382231265887,-4.645036614463821,3414480.2168556666,24713864.04319722,0.028788678085746255,-0.9009009009008917,0.0,-0.06516072980016219,0.049181034176024596,31600910.826055244,16623117.1388751,1.9010219661000176,-1.0494752623688153,False,False,rising,rising,sell_advantage_accelerating,accelerating,neutral,True,True,False,🔴 1차 급등 완료·상승분 반납 / 신규매수 금지,S3,🔴 1차 급등 완료·반납,당일/5D 급등 후 상승분 상당 부분 반납,S3,False,,,2026-09-04T04:10:00Z,33836660879-1
KRW-ZKP,2026-09-04T13:31:59.203212+09:00,1788496319,62.5,-38.03621789727545,5.0,4817413.751264323,1916403.195501869,2.513778813650295,23,0.0,complete,1788495498332,1788496539804,2408205.93110629,1536835.33961569,0.2208774336424447,62.9,63.9,1.5898251192368873,-0.6359300476947549,2.190923317683879,140.0,complete_hourly_ordered,/v1/candles/minutes/60,120,False,22.100954979536148,73.3,2026-08-30T16:00:00,89.5,2026-08-30T18:00:00,D-4,30.279329608938554,167.28395061728395,False,0.48897098772138214,21.565634077560812,,False,2.4433164964068954,1981.8555536975634,-41.644680238768814,0.011942879034165799,-0.31897926634769647,0.0,-0.021732043898747833,0.015299076288666669,,2.4433164964068954,1981.8555536975634,-41.644680238768814,0.011942879034165799,-0.31897926634769647,0.0,-0.021732043898747833,0.015299076288666669,,2.3488032102131506,36.187112160143165,-91.06224028662402,0.020661305298176558,0.1602564102564097,0.0,0.010866021949351712,-0.007649781437343961,,2.3488032102131506,36.187112160143165,-91.06224028662402,0.020661305298176558,0.1602564102564097,0.0,0.010866021949351712,-0.007649781437343961,,2.35487918126678,6.925231878151861,-93.24109983515676,0.07180704053949682,-0.7936507936507908,0.0,-0.05433010974682517,0.0382464743338673,,0.3345111634997253,-92.8301213626645,-93.7842245765603,0.202310875360169,-1.7295597484276781,0.0,-0.11952624144302426,0.08413689193904261,,2.4433164964068954,4586013.75126393,-1367621.642924338,0.011942879034165799,-0.31897926634769647,0.0,-0.021732043898747833,0.015299076288666669,6733816.946766192,14256190.644423975,0.4723433569822518,-1.7295597484276781,False,False,rising,falling,buy_advantage_accelerating,accelerating,leading_buy_inflow,True,True,False,🔴 1차 급등 완료·상승분 반납 / 신규매수 금지,S3,🔴 1차 급등 완료·반납,당일/5D 급등 후 상승분 상당 부분 반납,S3,False,,,2026-09-04T04:10:00Z,33836660879-1
KRW-ZORA,2026-09-04T13:31:59.203212+09:00,1788496319,10.2,264.51559562975507,12.0,11083230.605447128,18337135.93131375,0.6044144869167188,22,0.0,complete,1788495434751,1788496639007,23711018.44118791,44241362.20294953,-0.3021283959023865,10.5,10.5,0.0,-2.857142857142869,2.857142857142864,,complete_hourly_ordered,/v1/candles/minutes/60,120,False,95.12195121951221,8.61,2026-08-30T14:00:00,16.8,2026-08-31T13:00:00,D-4,39.88095238095239,81.8070818070818,False,1.7995938659757682,15.8455315731207,6.463587812826502,True,0.6044144869167188,,-10.919364375884388,0.15745438311711268,0.0,0.0,-0.07002310762551645,0.051792923355469256,0.04823437141605158,0.6044144869167188,,-10.919364375884388,0.15745438311711268,0.0,0.0,-0.07002310762551645,0.051792923355469256,0.04823437141605158,0.5388542142819368,1200.491485372637,41.063091944039854,0.16206913566554704,0.0,0.0,-0.07002310762551645,0.051792923355469256,0.04823437141605158,0.5388542142819368,1200.491485372637,41.063091944039854,0.16206913566554704,0.0,0.0,-0.07002310762551645,0.051792923355469256,0.04823437141605158,-0.8262173173155937,-50.028252882004985,18.281696232586686,0.38569355205697775,0.990099009900991,0.0,-0.07002310762551645,0.051792923355469256,0.04823437141605158,0.47196068051468876,228.47036499962786,-28.017691375323295,0.4252190808842329,0.990099009900991,0.0,0.0,0.0,0.0,0.6044144869167188,11083230.605447128,-2247737.316211194,0.15745438311711268,0.0,0.0,-0.07002310762551645,0.051792923355469256,29420366.536760878,16956808.781476557,1.7350178866733097,0.990099009900991,False,False,rising,falling,sell_advantage_weakening,accelerating,leading_buy_inflow,True,True,False,🔴 1차 급등 완료·상승분 반납 / 신규매수 금지,S3,🔴 1차 급등 완료·반납,당일/5D 급등 후 상승분 상당 부분 반납,S3,False,,,2026-09-04T04:10:00Z,33836660879-1
KRW-ZRO,2026-09-04T13:31:59.203212+09:00,1788496319,1545.0,-52.37947103464886,9.0,12744614.7872095,8061797.555053702,1.5808651482720846,19,0.0,complete,1788495429824,1788496146932,113120.16664911,73513.86474852,0.21221371903073485,1538.0,1585.0,3.055916775032519,0.4551365409622976,2.5236593059936907,85.10638297872316,complete_hourly_ordered,/v1/candles/minutes/60,120,False,17.060561299852296,1354.0,2026-09-01T17:00:00,1585.0,2026-09-04T12:00:00,D0,2.5236593059936863,17.316017316017355,False,1.5190662865288695,-4.809538592436736,,False,1.2467027751935849,-13.058872905304032,-81.6224341590186,0.5132096162156259,-0.579150579150578,0.0,-0.031183178902360886,0.027974988817970114,,1.2467027751935849,-13.058872905304032,-81.6224341590186,0.5132096162156259,-0.579150579150578,0.0,-0.031183178902360886,0.027974988817970114,,0.09727985067669853,-28.229923637324273,-32.64635493081415,1.08450705406608,-1.842439644218552,0.0,-0.13809693513897603,0.12387214576428107,,0.09727985067669853,-28.229923637324273,-32.64635493081415,1.08450705406608,-1.842439644218552,0.0,-0.13809693513897603,0.12387214576428107,,1.459919916102248,252.42260123129716,-73.03765386035262,1.2714997797216654,-1.3409961685823757,0.0,-0.05791161796151467,0.05195175873797542,,1.0431691258636815,-45.65620362144617,-81.51616968262026,1.6150877648648319,-1.2148337595907943,0.0,-0.08909479686385335,0.07992256664031672,,1.2467027751935849,-1914287.4068328086,-35805805.06877226,0.5132096162156259,-0.579150579150578,0.0,-0.031183178902360886,0.027974988817970114,20806412.3422632,36546519.705453046,0.569313097661628,-1.2148337595907943,False,False,falling,falling,buy_advantage_accelerating,accelerating,neutral,False,False,False,pass,S0,🌱 초발사 준비,발사 구조 관찰 또는 초기 준비,S0,False,,,2026-09-04T04:10:00Z,33836660879-1
KRW-ZRX,2026-09-04T13:31:59.203212+09:00,1788496319,139.0,37.213268534673084,10.0,5866.06811482,0.0,,2,0.0,complete,1788495496182,1788495496182,984448.87851565,2226856.2478172,-0.3868854937245771,138.0,139.0,0.7246376811594235,0.7246376811594235,0.0,0.0,complete_hourly_ordered,/v1/candles/minutes/60,120,False,10.077519379844958,129.0,2026-08-31T08:00:00,142.0,2026-09-03T15:00:00,D-1,2.1126760563380254,23.076923076923133,False,1.0468594217347915,-1.4768460575719666,,True,,-10.557778212835323,-100.0,0.16873401037322822,0.7246376811594235,1.0,0.049850448654020774,-0.043715073154920736,,,-10.557778212835323,-100.0,0.16873401037322822,0.7246376811594235,1.0,0.049850448654020774,-0.043715073154920736,,,-61.87250175365185,-100.0,0.24554634524398722,1.4598540145985384,1.0,0.09970089730806375,-0.08743561821785906,,,-61.87250175365185,-100.0,0.24554634524398722,1.4598540145985384,1.0,0.09970089730806375,-0.08743561821785906,,,-99.72334109313951,,0.5791938083759902,0.7246376811594235,1.0,0.049850448654020774,-0.043715073154920736,,,,,0.7645469804699729,0.0,0.0,0.0,0.0,,,-692.43188396,-992257.49444019,0.16873401037322822,0.7246376811594235,1.0,0.049850448654020774,-0.043715073154920736,5866.06811482,1947066.7726771203,0.003012771928080539,0.0,False,False,falling,falling,buy_only,accelerating,neutral,False,False,False,pass,S1,⚡ 선행 시동,가격 미급등 상태에서 선행조건 6개 개선,S0,True,가격 미급등 상태에서 선행조건 6개 개선,2026-09-04T13:31:59.203212+09:00,2026-09-04T04:10:00Z,33836660879-1
