market,snapshot_kst,snapshot_epoch,price,value_accel_pct,launch_score,bid_trade_value_15m,ask_trade_value_15m,buy_sell_ratio_15m,trade_count_15m,trade_unknown_value_15m,trade_coverage_15m,trade_oldest_timestamp,trade_newest_timestamp,total_bid_size,total_ask_size,orderbook_imbalance,day_open,day_high,day_high_return_pct,current_day_return_pct,drawdown_from_day_high_pct,gain_retrace_pct,path_5d_status,path_5d_source,path_5d_points,stage_provisional,max_rally_5d_pct,max_rally_5d_base_price,max_rally_5d_base_time_kst,high_5d,high_5d_time_kst,max_rally_day,drawdown_from_5d_high_pct,gain_retrace_5d_pct,post_surge_higher_low,slope15,gap120,f120up,higher_low,buy_sell_ratio_change_15m,bid_trade_value_change_15m,ask_trade_value_change_15m,value_accel_change_15m,price_change_15m,launch_score_change_15m,slope15_change_15m,gap120_change_15m,f120up_change_15m,buy_sell_ratio_change_30m,bid_trade_value_change_30m,ask_trade_value_change_30m,value_accel_change_30m,price_change_30m,launch_score_change_30m,slope15_change_30m,gap120_change_30m,f120up_change_30m,buy_sell_ratio_change_45m,bid_trade_value_change_45m,ask_trade_value_change_45m,value_accel_change_45m,price_change_45m,launch_score_change_45m,slope15_change_45m,gap120_change_45m,f120up_change_45m,buy_sell_ratio_change_60m,bid_trade_value_change_60m,ask_trade_value_change_60m,value_accel_change_60m,price_change_60m,launch_score_change_60m,slope15_change_60m,gap120_change_60m,f120up_change_60m,buy_sell_ratio_change_90m,bid_trade_value_change_90m,ask_trade_value_change_90m,value_accel_change_90m,price_change_90m,launch_score_change_90m,slope15_change_90m,gap120_change_90m,f120up_change_90m,buy_sell_ratio_change_120m,bid_trade_value_change_120m,ask_trade_value_change_120m,value_accel_change_120m,price_change_120m,launch_score_change_120m,slope15_change_120m,gap120_change_120m,f120up_change_120m,delta_buy_sell_ratio,delta_bid_trade_value_15m,delta_ask_trade_value_15m,delta_value_accel_pct,delta_price_pct_15m,delta_launch_score,delta_slope15,delta_gap120,trade_value_15m,normal_trade_value_15m_median,trade_value_anomaly_ratio,surge_return_from_120m,surge_success_15_120m,signal_failure_120m,buy_pressure_trend,sell_pressure_trend,buy_sell_state,value_accel_direction,flow_signal,first_surge_retrace_gate,first_surge_retrace_seen,second_ignition_reentry,candidate_gate,stage,stage_label,stage_reason,stage_previous,stage_changed,stage_change_reason,stage_change_kst,scan_cycle,scan_run_id
KRW-0G,2026-09-07T03:32:04.302321+09:00,1788719524,270.0,-83.5318859662538,9.0,8813353.5446067,1648213.11,5.34721723248925,25,0.0,complete,1788718986985,1788719401810,1221336.48698609,2023737.88952429,-0.24726749203236129,270.0,275.0,1.85185185185186,0.0,1.8181818181818181,100.0,complete_hourly_ordered,/v1/candles/minutes/60,120,False,16.666666666666675,246.0,2026-09-02T21:00:00,287.0,2026-09-05T01:00:00,D-2,5.923344947735187,41.46341463414632,False,1.3923013923013983,34.904916308824816,,True,5.34721723248925,,-87.22456207135104,0.046412617108785525,0.746268656716409,0.0,0.05460005460005135,-0.03220301109981705,,5.34721723248925,,-87.22456207135104,0.046412617108785525,0.746268656716409,0.0,0.05460005460005135,-0.03220301109981705,,5.34721723248925,,-87.22456207135104,0.046412617108785525,0.746268656716409,0.0,0.05460005460005135,-0.03220301109981705,,5.34721723248925,,-87.22456207135104,0.046412617108785525,0.746268656716409,0.0,0.05460005460005135,-0.03220301109981705,,-7.384573329012472,-77.10220921828537,-45.48007610714523,0.06460108510962925,0.3717472118959009,0.0,0.05460005460005135,-0.03220301109981705,,-7.384573329012472,-77.10220921828537,-45.48007610714523,0.06460108510962925,0.3717472118959009,0.0,0.05460005460005135,-0.03220301109981705,,5.34721723248925,8813353.5446067,-11253208.502357239,0.046412617108785525,0.746268656716409,0.0,0.05460005460005135,-0.03220301109981705,10461566.6546067,26622422.44601868,0.3929607336003791,0.3717472118959009,False,False,rising,falling,buy_advantage_accelerating,accelerating,neutral,False,True,True,⚡ 2차 시동/재점화,S4,⚡ 2차 시동·재점화,Higher Low·BID 증가·ASK 감소·ratio 및 거래대금 재가속 확인,S0,True,Higher Low·BID 증가·ASK 감소·ratio 및 거래대금 재가속 확인,2026-09-07T03:32:04.302321+09:00,2026-09-06T18:10:00Z,34051589789-1
KRW-1INCH,2026-09-07T03:32:04.302321+09:00,1788719524,131.0,576.2418537381994,7.0,99999.99999921999,0.0,,1,0.0,complete,1788719358423,1788719358423,1601536.78320243,1516675.92015861,0.02721458448051049,129.0,132.0,2.3255813953488413,1.5503875968992276,0.7575757575757576,33.33333333333333,complete_hourly_ordered,/v1/candles/minutes/60,120,False,10.924369747899165,119.0,2026-09-02T19:00:00,132.0,2026-09-06T10:00:00,D-1,0.7575757575757569,7.6923076923076605,True,0.3224073078989864,-4.747878532856441,,False,,-98.16259822266441,-100.0,0.4834894745177962,0.7692307692307665,0.0,0.053734551316497736,-0.04876224726238032,,,-98.16259822266441,-100.0,0.4834894745177962,0.7692307692307665,0.0,0.053734551316497736,-0.04876224726238032,,,-98.16259822266441,-100.0,0.4834894745177962,0.7692307692307665,0.0,0.053734551316497736,-0.04876224726238032,,,-98.16259822266441,-100.0,0.4834894745177962,0.7692307692307665,0.0,0.053734551316497736,-0.04876224726238032,,,-87.30343714415176,,3.967556187365176,0.7692307692307665,0.0,0.053734551316497736,-0.04876224726238032,,,-87.30343714415176,,3.967556187365176,0.7692307692307665,0.0,0.053734551316497736,-0.04876224726238032,,,-5342467.795162581,-213091.140366,0.4834894745177962,0.7692307692307665,0.0,0.053734551316497736,-0.04876224726238032,99999.99999921999,2231256.02748524,0.044817806099968736,0.7692307692307665,False,True,falling,falling,buy_only,accelerating,neutral,False,False,False,pass,S0,🌱 초발사 준비,발사 구조 관찰 또는 초기 준비,S0,False,,,2026-09-06T18:10:00Z,34051589789-1
KRW-2Z,2026-09-07T03:32:04.302321+09:00,1788719524,70.3,20.65806600986044,5.0,221565.56194678,11070.40111,20.014230717136137,3,0.0,complete,1788718642336,1788718750317,1157823.27269165,1181714.13796375,-0.010211790229679227,71.8,72.1,0.41782729805013297,-2.089136490250698,2.4965325936199685,600.000000000008,complete_hourly_ordered,/v1/candles/minutes/60,120,False,4.022988505747138,69.6,2026-09-04T23:00:00,72.4,2026-09-05T16:00:00,D-2,2.9005524861878573,74.99999999999972,True,-0.6757349714787253,25.716629748133563,,False,20.014230717136137,,-95.96867590733076,0.04876602535223995,0.28530670470756636,0.0,0.01755155770074568,-0.011907925796599272,,20.014230717136137,,-95.96867590733076,0.04876602535223995,0.28530670470756636,0.0,0.01755155770074568,-0.011907925796599272,,20.014230717136137,,-95.96867590733076,0.04876602535223995,0.28530670470756636,0.0,0.01755155770074568,-0.011907925796599272,,20.014230717136137,,-95.96867590733076,0.04876602535223995,0.28530670470756636,0.0,0.01755155770074568,-0.011907925796599272,,,1567.8811137546352,,0.08120853990050136,0.14245014245013454,0.0,0.008775778850356186,-0.005953914050881082,,,1567.8811137546352,,0.08120853990050136,0.14245014245013454,0.0,0.008775778850356186,-0.005953914050881082,,20.014230717136137,221565.56194678,-263539.15286089,0.04876602535223995,0.28530670470756636,0.0,0.01755155770074568,-0.011907925796599272,232635.96305678002,1261923.6911462822,0.18435026197619175,0.14245014245013454,False,False,rising,falling,buy_advantage_accelerating,accelerating,leading_buy_inflow,False,False,False,pass,S0,🌱 초발사 준비,발사 구조 관찰 또는 초기 준비,S0,False,,,2026-09-06T18:10:00Z,34051589789-1
KRW-A,2026-09-07T03:32:04.302321+09:00,1788719524,110.0,-18.470764261960493,8.0,3518882.5587201,0.0,,1,0.0,complete,1788719209292,1788719209292,1314812.35214837,3633480.33054111,-0.4685793923435639,110.0,112.0,1.8181818181818077,0.0,1.7857142857142856,100.0,complete_hourly_ordered,/v1/candles/minutes/60,120,False,9.80392156862746,102.0,2026-09-02T04:00:00,112.0,2026-09-06T21:00:00,D-1,1.7857142857142905,20.00000000000014,False,0.5714285714285561,-1.587301587301579,,True,,,,0.2637882345330347,0.917431192660545,0.0,0.06349206349205438,-0.0559939628327244,,,,,0.2637882345330347,0.917431192660545,0.0,0.06349206349205438,-0.0559939628327244,,,,,0.2637882345330347,0.917431192660545,0.0,0.06349206349205438,-0.0559939628327244,,,,,0.2637882345330347,0.917431192660545,0.0,0.06349206349205438,-0.0559939628327244,,,,-100.0,0.7626910257884632,0.0,0.0,0.0,0.0,,,,-100.0,0.7626910257884632,0.0,0.0,0.0,0.0,,,3518882.5587201,0.0,0.2637882345330347,0.917431192660545,0.0,0.06349206349205438,-0.0559939628327244,3518882.5587201,1121462.78604392,3.1377613261099238,0.0,False,False,rising,flat_or_na,buy_only,accelerating,neutral,False,False,False,pass,S0,🌱 초발사 준비,발사 구조 관찰 또는 초기 준비,S0,False,,,2026-09-06T18:10:00Z,34051589789-1
KRW-AAVE,2026-09-07T03:32:04.302321+09:00,1788719524,181900.0,40.09638620748446,6.0,0.0,0.0,,0,0.0,complete,,,1015.22975753,454.8339532,0.3812051139278313,183300.0,191500.0,4.473540643753404,-0.7637752318603419,5.013054830287206,117.07317073170742,complete_hourly_ordered,/v1/candles/minutes/60,120,False,11.078886310904878,172400.0,2026-09-02T10:00:00,191500.0,2026-09-06T10:00:00,D-1,5.013054830287212,50.26178010471211,True,0.33080219532366506,-32.76377722646074,,True,,-100.0,-100.0,0.039649924921313584,0.3309431880860414,0.0,0.007518231711900469,-0.00829766793440001,,,-100.0,-100.0,0.039649924921313584,0.3309431880860414,0.0,0.007518231711900469,-0.00829766793440001,,,-100.0,-100.0,0.039649924921313584,0.3309431880860414,0.0,0.007518231711900469,-0.00829766793440001,,,-100.0,-100.0,0.039649924921313584,0.3309431880860414,0.0,0.007518231711900469,-0.00829766793440001,,,-100.0,-100.0,0.29470499141237383,-0.5467468562055822,0.0,-0.03383204270355211,0.03733695195703035,,,-100.0,-100.0,0.29470499141237383,-0.5467468562055822,0.0,-0.03383204270355211,0.03733695195703035,,,-2494267.876889,-2203624.809378,0.039649924921313584,0.3309431880860414,0.0,0.007518231711900469,-0.00829766793440001,0,18993222.021849,0.0,-0.5467468562055822,False,False,falling,falling,unavailable,accelerating,neutral,False,False,False,pass,S0,🌱 초발사 준비,발사 구조 관찰 또는 초기 준비,S0,False,,,2026-09-06T18:10:00Z,34051589789-1
KRW-ADA,2026-09-07T03:32:04.302321+09:00,1788719524,299.0,51.86476925099155,8.0,36399861.80113364,4231350.904366559,8.60242098181237,37,0.0,complete,1788719365917,1788719843119,7704091.78534569,6523250.26246776,0.08299804130030107,299.0,305.0,2.006688963210701,0.0,1.9672131147540985,100.0,complete_hourly_ordered,/v1/candles/minutes/60,120,False,17.42424242424243,264.0,2026-09-02T19:00:00,310.0,2026-09-04T13:00:00,D-3,3.2258064516129004,21.73913043478257,False,-0.25298988040478587,-3.117662793116774,,False,6.838242054384218,-1.575358644940994,-79.81513825173363,0.44546554161113505,0.6734006734006703,0.0,0.022999080036800734,-0.020712189776108225,,6.838242054384218,-1.575358644940994,-79.81513825173363,0.44546554161113505,0.6734006734006703,0.0,0.022999080036800734,-0.020712189776108225,,6.838242054384218,-1.575358644940994,-79.81513825173363,0.44546554161113505,0.6734006734006703,0.0,0.022999080036800734,-0.020712189776108225,,6.838242054384218,-1.575358644940994,-79.81513825173363,0.44546554161113505,0.6734006734006703,0.0,0.022999080036800734,-0.020712189776108225,,4.557535255642466,-17.315721016899822,-61.12158884754672,0.6603186951413349,0.3355704697986628,0.0,0.022999080036800734,-0.020712189776108225,,4.557535255642466,-17.315721016899822,-61.12158884754672,0.6603186951413349,0.3355704697986628,0.0,0.022999080036800734,-0.020712189776108225,,6.838242054384218,-582606.5116784498,-16731640.852215473,0.44546554161113505,0.6734006734006703,0.0,0.022999080036800734,-0.020712189776108225,40631212.7055002,156232265.83768553,0.26006927882434483,0.3355704697986628,False,False,falling,falling,buy_advantage_accelerating,accelerating,neutral,False,False,False,pass,S0,🌱 초발사 준비,발사 구조 관찰 또는 초기 준비,S0,False,,,2026-09-06T18:10:00Z,34051589789-1
KRW-AERO,2026-09-07T03:32:04.302321+09:00,1788719524,744.0,80.4732240676516,10.0,1383535.4062719,0.0,,6,0.0,complete,1788718632081,1788718848135,74533.05511105,106140.15756383,-0.17494072300389507,753.0,766.0,1.726427622841964,-1.195219123505975,2.8720626631853787,169.23076923076923,complete_hourly_ordered,/v1/candles/minutes/60,120,False,22.756410256410263,624.0,2026-09-02T20:00:00,766.0,2026-09-06T20:00:00,D-1,2.872062663185382,15.4929577464789,True,1.066925315227918,-5.417572967777824,,True,,,,0.12448425166448374,1.0869565217391353,1.0,0.07759456838021261,-0.07027696939668093,,,,,0.12448425166448374,1.0869565217391353,1.0,0.07759456838021261,-0.07027696939668093,,,,,0.12448425166448374,1.0869565217391353,1.0,0.07759456838021261,-0.07027696939668093,,,,,0.12448425166448374,1.0869565217391353,1.0,0.07759456838021261,-0.07027696939668093,,,419.4307124602842,-100.0,0.5030805009103858,0.9497964721845387,2.0,0.11639185257030782,-0.10542078726583437,,,419.4307124602842,-100.0,0.5030805009103858,0.9497964721845387,2.0,0.11639185257030782,-0.10542078726583437,,,1383535.4062719,0.0,0.12448425166448374,1.0869565217391353,1.0,0.07759456838021261,-0.07027696939668093,1383535.4062719,3640169.9860014403,0.38007439531461285,0.9497964721845387,False,False,rising,flat_or_na,buy_only,accelerating,neutral,False,False,False,pass,S1,⚡ 선행 시동,가격 미급등 상태에서 선행조건 6개 개선,S0,True,가격 미급등 상태에서 선행조건 6개 개선,2026-09-07T03:32:04.302321+09:00,2026-09-06T18:10:00Z,34051589789-1
KRW-AGLD,2026-09-07T03:32:04.302321+09:00,1788719524,234.0,-8.404657344069022,8.0,0.0,0.0,,0,0.0,complete,,,361290.06299623,573798.15873989,-0.22725994275610645,236.0,239.0,1.2711864406779627,-0.8474576271186418,2.092050209205021,166.66666666666669,complete_hourly_ordered,/v1/candles/minutes/60,120,False,9.1324200913242,219.0,2026-09-03T07:00:00,239.0,2026-09-06T10:00:00,D-1,2.092050209205021,24.99999999999993,False,-0.05783689994216523,12.027491408934699,,True,,-100.0,,0.11056240847242549,-0.42553191489361764,0.0,-0.028918449971082616,0.022655111247841475,,,-100.0,,0.11056240847242549,-0.42553191489361764,0.0,-0.028918449971082616,0.022655111247841475,,,-100.0,,0.11056240847242549,-0.42553191489361764,0.0,-0.028918449971082616,0.022655111247841475,,,-100.0,,0.11056240847242549,-0.42553191489361764,0.0,-0.028918449971082616,0.022655111247841475,,,,,0.1423186029203869,-0.8474576271186418,0.0,-0.05783689994216523,0.0453087808723307,,,,,0.1423186029203869,-0.8474576271186418,0.0,-0.05783689994216523,0.0453087808723307,,,-1640498.7506225503,0.0,0.11056240847242549,-0.42553191489361764,0.0,-0.028918449971082616,0.022655111247841475,0,631695.5575244699,0.0,-0.8474576271186418,False,False,falling,flat_or_na,unavailable,accelerating,neutral,False,False,False,pass,S0,🌱 초발사 준비,발사 구조 관찰 또는 초기 준비,S0,False,,,2026-09-06T18:10:00Z,34051589789-1
KRW-AHT,2026-09-07T03:32:04.302321+09:00,1788719524,1.33,-83.18772607994137,4.0,19999.999999996802,0.0,,1,0.0,complete,1788719450444,1788719450444,174757010.12722307,223963030.55322525,-0.12340995035521185,1.33,1.35,1.5037593984962516,0.0,1.4814814814814827,100.0,complete_hourly_ordered,/v1/candles/minutes/60,120,False,7.692307692307687,1.3,2026-09-02T11:00:00,1.4,2026-09-03T09:00:00,D-4,4.999999999999993,70.00000000000009,False,0.20408163265306367,17.712370378129243,,True,,,,0.05195986854073453,0.0,0.0,0.0,0.0,,,,,0.05195986854073453,0.0,0.0,0.0,0.0,,,,,0.05195986854073453,0.0,0.0,0.0,0.0,,,,,0.05195986854073453,0.0,0.0,0.0,0.0,,,,,0.05195986854073453,0.0,0.0,0.0,0.0,,,,,0.05195986854073453,0.0,0.0,0.0,0.0,,,19999.999999996802,0.0,0.05195986854073453,0.0,0.0,0.0,0.0,19999.999999996802,794549.0609819628,0.025171510460637023,0.0,False,False,rising,flat_or_na,buy_only,accelerating,neutral,False,True,False,pass,S0,🌱 초발사 준비,발사 구조 관찰 또는 초기 준비,S0,False,,,2026-09-06T18:10:00Z,34051589789-1
KRW-AI,2026-09-07T03:32:04.302321+09:00,1788719524,27.7,,,0.0,0.0,,0,0.0,complete,,,5365789.56888143,6436757.03794902,-0.09074037195055792,27.7,28.0,1.0830324909747224,0.0,1.071428571428574,100.0,complete_hourly_ordered,/v1/candles/minutes/60,120,False,8.52713178294573,25.8,2026-09-04T21:00:00,28.0,2026-09-06T07:00:00,D-1,1.0714285714285787,13.63636363636368,False,,,,False,,,-100.0,,0.0,,,,,,,-100.0,,0.0,,,,,,,-100.0,,0.0,,,,,,,-100.0,,0.0,,,,,,-100.0,,,-0.7168458781361964,,,,,,-100.0,,,-0.7168458781361964,,,,,,0.0,-999999.9999999731,,0.0,,,,0,999999.9999999731,0.0,-0.7168458781361964,False,False,flat_or_na,falling,unavailable,flat_or_na,neutral,False,False,False,pass,S0,🌱 초발사 준비,발사 구조 관찰 또는 초기 준비,S0,False,,,2026-09-06T18:10:00Z,34051589789-1
KRW-AKT,2026-09-07T03:32:04.302321+09:00,1788719524,760.0,15.591017669795937,7.0,763207.68960961,1260170.83775705,0.6056382727980171,15,0.0,complete,1788718767201,1788719578829,170008.1773871,146781.01224512,0.07332057375109884,739.0,787.0,6.495263870094714,2.841677943166432,3.430749682337993,56.250000000000085,complete_hourly_ordered,/v1/candles/minutes/60,120,False,16.07669616519174,678.0,2026-09-02T10:00:00,787.0,2026-09-06T23:00:00,D-1,3.3036848792884377,23.853211009174313,False,0.1183539694100455,19.262148396274032,,False,0.3203134447321636,7.353453951823918,-49.42425674393416,0.5158437661028525,0.39630118890356947,0.0,0.027312454479244686,-0.019803109755596182,,0.3203134447321636,7.353453951823918,-49.42425674393416,0.5158437661028525,0.39630118890356947,0.0,0.027312454479244686,-0.019803109755596182,,0.3203134447321636,7.353453951823918,-49.42425674393416,0.5158437661028525,0.39630118890356947,0.0,0.027312454479244686,-0.019803109755596182,,0.3203134447321636,7.353453951823918,-49.42425674393416,0.5158437661028525,0.39630118890356947,0.0,0.027312454479244686,-0.019803109755596182,,-0.3072225511736417,663.2076896584554,1050.3605893735794,1.7788855326241535,-0.5235602094240788,0.0,-0.027312454479244686,0.019802019356035316,,-0.3072225511736417,663.2076896584554,1050.3605893735794,1.7788855326241535,-0.5235602094240788,0.0,-0.027312454479244686,0.019802019356035316,,0.3203134447321636,52277.89507117984,-1231479.8165433402,0.5158437661028525,0.39630118890356947,0.0,0.027312454479244686,-0.019803109755596182,2023378.52736666,3883538.58556609,0.5210141428456334,-0.5235602094240788,False,False,rising,falling,sell_advantage_weakening,accelerating,leading_buy_inflow,False,False,False,pass,S0,🌱 초발사 준비,발사 구조 관찰 또는 초기 준비,S0,False,,,2026-09-06T18:10:00Z,34051589789-1
KRW-ALGO,2026-09-07T03:32:04.302321+09:00,1788719524,129.0,24.117397653129792,9.0,1485666.23713884,0.0,,7,0.0,complete,1788718857080,1788719368140,5646153.55409699,5684658.2270354,-0.0033982272128574775,129.0,131.0,1.5503875968992276,0.0,1.5267175572519083,100.0,complete_hourly_ordered,/v1/candles/minutes/60,120,False,12.605042016806722,119.0,2026-09-02T11:00:00,134.0,2026-09-05T23:00:00,D-2,3.731343283582089,33.3333333333334,False,0.1068947087119021,8.343528260337651,,False,,45.66551294176342,-100.0,0.36750796066818125,0.0,0.0,-0.05344735435597325,0.04332641312986851,,,45.66551294176342,-100.0,0.36750796066818125,0.0,0.0,-0.05344735435597325,0.04332641312986851,,,45.66551294176342,-100.0,0.36750796066818125,0.0,0.0,-0.05344735435597325,0.04332641312986851,,,45.66551294176342,-100.0,0.36750796066818125,0.0,0.0,-0.05344735435597325,0.04332641312986851,,,,,0.6107519511659341,0.0,0.0,0.0,0.0,,,,,0.6107519511659341,0.0,0.0,0.0,0.0,,,465749.98713887995,-6639108.153545849,0.36750796066818125,0.0,0.0,-0.05344735435597325,0.04332641312986851,1485666.23713884,5987978.404191926,0.24810814883680757,0.0,False,False,rising,falling,buy_only,accelerating,neutral,False,False,False,pass,S0,🌱 초발사 준비,발사 구조 관찰 또는 초기 준비,S0,False,,,2026-09-06T18:10:00Z,34051589789-1
KRW-ALT,2026-09-07T03:32:04.302321+09:00,1788719524,8.78,-0.6298490354257447,9.0,0.0,120429.37440835568,0.0,2,0.0,complete,1788719361353,1788719361353,6689728.79198684,9560602.15510238,-0.17666553207211907,8.92,8.96,0.4484304932735439,-1.5695067264574036,2.008928571428588,450.0,complete_hourly_ordered,/v1/candles/minutes/60,120,False,8.212560386473445,8.28,2026-09-03T00:00:00,8.96,2026-09-06T09:00:00,D-1,2.008928571428592,26.470588235294194,True,-0.11484572391087244,6.894090779331983,,False,0.0,,-95.20278323001614,0.2577573939437139,0.0,0.0,-0.030625526376204526,0.025223696370332505,,0.0,,-95.20278323001614,0.2577573939437139,0.0,0.0,-0.030625526376204526,0.025223696370332505,,0.0,,-95.20278323001614,0.2577573939437139,0.0,0.0,-0.030625526376204526,0.025223696370332505,,0.0,,-95.20278323001614,0.2577573939437139,0.0,0.0,-0.030625526376204526,0.025223696370332505,,,-100.0,,0.4077575827833524,-0.7909604519774072,0.0,-0.053594671158385676,0.04414028737369868,,,-100.0,,0.4077575827833524,-0.7909604519774072,0.0,-0.053594671158385676,0.04414028737369868,,0.0,0.0,-2389971.5556034213,0.2577573939437139,0.0,0.0,-0.030625526376204526,0.025223696370332505,120429.37440835568,1164309.917612937,0.1034341222955993,-0.7909604519774072,False,False,flat_or_na,falling,sell_only,accelerating,neutral,False,False,False,pass,S0,🌱 초발사 준비,발사 구조 관찰 또는 초기 준비,S0,False,,,2026-09-06T18:10:00Z,34051589789-1
KRW-ANIME,2026-09-07T03:32:04.302321+09:00,1788719524,3.95,-85.99524299191214,8.0,0.0,255448.025986989,0.0,1,0.0,complete,1788719023261,1788719023261,38256754.30270495,33770047.90401439,0.0622921782062955,3.96,4.02,1.5151515151515138,-0.2525252525252486,1.7412935323382936,116.66666666666643,complete_hourly_ordered,/v1/candles/minutes/60,120,False,8.648648648648628,3.7,2026-09-02T08:00:00,4.02,2026-09-06T20:00:00,D-1,1.741293532338295,21.87499999999984,True,0.10537407797681642,14.759982054733072,,True,,-100.0,,0.0007747887156170918,0.2538071065989911,0.0,0.0175623463294583,-0.013361248379363033,,,-100.0,,0.0007747887156170918,0.2538071065989911,0.0,0.0175623463294583,-0.013361248379363033,,,-100.0,,0.0007747887156170918,0.2538071065989911,0.0,0.0175623463294583,-0.013361248379363033,,,-100.0,,0.0007747887156170918,0.2538071065989911,0.0,0.0175623463294583,-0.013361248379363033,,,-100.0,,0.007991605494510168,0.2538071065989911,0.0,0.0175623463294583,-0.013361248379363033,,,-100.0,,0.007991605494510168,0.2538071065989911,0.0,0.0175623463294583,-0.013361248379363033,,,-9999.999999961201,255448.025986989,0.0007747887156170918,0.2538071065989911,0.0,0.0175623463294583,-0.013361248379363033,255448.025986989,4754816.306079395,0.05372405778544572,0.2538071065989911,False,False,falling,rising,sell_only,accelerating,neutral,False,True,False,pass,S0,🌱 초발사 준비,발사 구조 관찰 또는 초기 준비,S0,False,,,2026-09-06T18:10:00Z,34051589789-1
KRW-ANKR,2026-09-07T03:32:04.302321+09:00,1788719524,5.94,7815.519551478042,14.0,105049.9999999098,2274705.0704021826,0.046181811157319085,5,0.0,complete,1788718760036,1788719230403,17915942.27277275,12981054.71374048,0.1597206214308267,5.83,5.96,2.2298456260720467,1.8867924528301883,0.3355704697986506,15.384615384615612,complete_hourly_ordered,/v1/candles/minutes/60,120,False,32.706766917293216,5.32,2026-09-02T10:00:00,7.06,2026-09-03T09:00:00,D-4,15.86402266288951,64.36781609195398,True,0.5371851498149782,1.2212464630767281,1.2218179944772476,True,,950.5000000038253,,0.9030506296867316,-0.1680672268907557,0.0,-0.011937447773679999,0.010280329078785178,0.012772181304878893,,950.5000000038253,,0.9030506296867316,-0.1680672268907557,0.0,-0.011937447773679999,0.010280329078785178,0.012772181304878893,,950.5000000038253,,0.9030506296867316,-0.1680672268907557,0.0,-0.011937447773679999,0.010280329078785178,0.012772181304878893,,950.5000000038253,,0.9030506296867316,-0.1680672268907557,0.0,-0.011937447773679999,0.010280329078785178,0.012772181304878893,0.046181811157319085,,19.476833131818893,2.1520181988817058,0.0,0.0,0.0,0.0,0.0,0.046181811157319085,,19.476833131818893,2.1520181988817058,0.0,0.0,0.0,0.0,0.0,,95049.9999999548,2274705.0704021826,0.9030506296867316,-0.1680672268907557,0.0,-0.011937447773679999,0.010280329078785178,2379755.0704020923,31863319.097025834,0.07468635213913487,0.0,False,True,rising,rising,sell_advantage_weakening,accelerating,neutral,True,True,False,🔴 1차 급등 완료·상승분 반납 / 신규매수 금지,S3,🔴 1차 급등 완료·반납,당일/5D 급등 후 상승분 상당 부분 반납,S1,True,당일/5D 급등 후 상승분 상당 부분 반납,2026-09-07T03:32:04.302321+09:00,2026-09-06T18:10:00Z,34051589789-1
KRW-API3,2026-09-07T03:32:04.302321+09:00,1788719524,320.0,-4.467179183774295,8.0,0.0,0.0,,0,0.0,complete,,,400880.12384977,257937.21390335,0.21696895596877155,325.0,327.0,0.6153846153846176,-1.538461538461533,2.1406727828746175,349.9999999999982,complete_hourly_ordered,/v1/candles/minutes/60,120,False,9.000000000000007,300.0,2026-09-02T19:00:00,327.0,2026-09-06T10:00:00,D-1,2.1406727828746197,25.925925925926002,False,0.23236163920572483,12.54060779208811,,True,,,,0.0,0.0,0.0,0.0,0.0,,,,,0.0,0.0,0.0,0.0,0.0,,,,,0.0,0.0,0.0,0.0,0.0,,,,,0.0,0.0,0.0,0.0,0.0,,,-100.0,-100.0,0.07513166561479068,0.6289308176100628,0.0,0.02112378538232651,-0.016417229800286037,,,-100.0,-100.0,0.07513166561479068,0.6289308176100628,0.0,0.02112378538232651,-0.016417229800286037,,,0.0,0.0,0.0,0.0,0.0,0.0,0.0,0,875026.42062132,0.0,0.6289308176100628,False,False,flat_or_na,flat_or_na,unavailable,flat_or_na,neutral,False,False,False,pass,S0,🌱 초발사 준비,발사 구조 관찰 또는 초기 준비,S0,False,,,2026-09-06T18:10:00Z,34051589789-1
KRW-APT,2026-09-07T03:32:04.302321+09:00,1788719524,842.0,1.578318147761304,5.0,861841.0794539601,0.0,,2,0.0,complete,1788718893393,1788718983623,117871.86553003,167142.06325631,-0.17286943812214628,838.0,863.0,2.9832935560859086,0.4773269689737569,2.4333719582850524,83.9999999999996,complete_hourly_ordered,/v1/candles/minutes/60,120,False,16.77943166441136,739.0,2026-09-02T10:00:00,863.0,2026-09-03T16:00:00,D-4,2.4333719582850466,16.93548387096769,True,-0.2096084514127572,20.42322382221925,,False,,16664.074690126763,-100.0,0.03773352577889355,0.11890606420927874,0.0,0.0,0.0,,,16664.074690126763,-100.0,0.03773352577889355,0.11890606420927874,0.0,0.0,0.0,,,16664.074690126763,-100.0,0.03773352577889355,0.11890606420927874,0.0,0.0,0.0,,,16664.074690126763,-100.0,0.03773352577889355,0.11890606420927874,0.0,0.0,0.0,,,21.46898170027405,-100.0,0.2434032320294488,-0.35502958579881616,1.0,-0.025153014169521093,0.0180623593590461,,,21.46898170027405,-100.0,0.2434032320294488,-0.35502958579881616,1.0,-0.025153014169521093,0.0180623593590461,,,856700.07945614,-1579948.7411663998,0.03773352577889355,0.11890606420927874,0.0,0.0,0.0,861841.0794539601,21449761.00854325,0.04017951897509238,-0.35502958579881616,False,False,rising,falling,buy_only,accelerating,neutral,False,False,False,pass,S0,🌱 초발사 준비,발사 구조 관찰 또는 초기 준비,S0,False,,,2026-09-06T18:10:00Z,34051589789-1
KRW-ARB,2026-09-07T03:32:04.302321+09:00,1788719524,252.0,247.85747724884263,8.0,81769033.05921862,72486203.41681121,1.1280633997207599,106,0.0,complete,1788718633343,1788719676990,3574879.24558442,4772341.05496125,-0.1434563562792934,241.0,280.0,16.182572614107894,4.564315352697101,10.0,71.79487179487178,complete_hourly_ordered,/v1/candles/minutes/60,120,False,93.10344827586208,145.0,2026-09-02T20:00:00,280.0,2026-09-06T17:00:00,D-1,10.357142857142854,21.481481481481495,True,5.211581291759471,-16.154413572657983,,False,0.5271088295634461,548.211412381361,245.32244446113043,0.9979404192881987,-0.39525691699604515,0.0,0.044543429844101645,-0.04203882623885136,,0.5271088295634461,548.211412381361,245.32244446113043,0.9979404192881987,-0.39525691699604515,0.0,0.044543429844101645,-0.04203882623885136,,0.5271088295634461,548.211412381361,245.32244446113043,0.9979404192881987,-0.39525691699604515,0.0,0.044543429844101645,-0.04203882623885136,,0.5271088295634461,548.211412381361,245.32244446113043,0.9979404192881987,-0.39525691699604515,0.0,0.044543429844101645,-0.04203882623885136,,-0.07957267167355386,-44.56676723988471,-40.65655223661784,1.804384731693574,-2.3255813953488413,0.0,-0.3118040089086893,0.2941271339472422,,-0.07957267167355386,-44.56676723988471,-40.65655223661784,1.804384731693574,-2.3255813953488413,0.0,-0.3118040089086893,0.2941271339472422,,0.5271088295634461,69154470.66531995,51495328.19874519,0.9979404192881987,-0.39525691699604515,0.0,0.044543429844101645,-0.04203882623885136,154255236.4760298,109051507.33867195,1.414517233558015,-2.3255813953488413,False,False,rising,rising,buy_advantage_accelerating,accelerating,leading_buy_inflow,True,True,False,🔴 1차 급등 완료·상승분 반납 / 신규매수 금지,S0,🌱 초발사 준비,발사 구조 관찰 또는 초기 준비,S3,True,발사 구조 관찰 또는 초기 준비,2026-09-07T03:32:04.302321+09:00,2026-09-06T18:10:00Z,34051589789-1
KRW-ARDR,2026-09-07T03:32:04.302321+09:00,1788719524,30.1,278.760463800852,9.0,19999.999999924,388700.0,0.05145356315905325,4,0.0,complete,1788718841718,1788719585385,5937704.79914269,8261544.55625703,-0.16365933852909098,30.4,30.4,0.0,-0.9868421052631526,0.9868421052631486,,complete_hourly_ordered,/v1/candles/minutes/60,120,False,19.298245614035082,28.5,2026-09-02T20:00:00,34.0,2026-09-04T14:00:00,D-3,11.47058823529411,70.90909090909092,False,-0.0906412871062745,22.919580419580416,,False,0.05145356315905325,,-87.0,0.04409339943771329,0.6688963210702337,0.0,0.045320643553148354,-0.0315975165181932,,0.05145356315905325,,-87.0,0.04409339943771329,0.6688963210702337,0.0,0.045320643553148354,-0.0315975165181932,,0.05145356315905325,,-87.0,0.04409339943771329,0.6688963210702337,0.0,0.045320643553148354,-0.0315975165181932,,0.05145356315905325,,-87.0,0.04409339943771329,0.6688963210702337,0.0,0.045320643553148354,-0.0315975165181932,,,-95.87234595559475,,0.29002412163561075,0.0,0.0,0.0,0.0,,,-95.87234595559475,,0.29002412163561075,0.0,0.0,0.0,0.0,,0.05145356315905325,19999.999999924,-2601299.9999999995,0.04409339943771329,0.6688963210702337,0.0,0.045320643553148354,-0.0315975165181932,408699.999999924,4124485.7316268664,0.09909114168246036,0.0,False,False,rising,falling,sell_advantage_weakening,accelerating,neutral,True,True,False,🔴 1차 급등 완료·상승분 반납 / 신규매수 금지,S0,🌱 초발사 준비,발사 구조 관찰 또는 초기 준비,S3,True,발사 구조 관찰 또는 초기 준비,2026-09-07T03:32:04.302321+09:00,2026-09-06T18:10:00Z,34051589789-1
KRW-ARK,2026-09-07T03:32:04.302321+09:00,1788719524,159.0,259.3983932778801,13.0,0.0,0.0,,0,0.0,complete,,,1405600.25291472,1807779.30441713,-0.12515765546113997,160.0,162.0,1.2499999999999956,-0.6249999999999978,1.8518518518518516,150.0,complete_hourly_ordered,/v1/candles/minutes/60,120,False,14.093959731543615,149.0,2026-09-02T03:00:00,170.0,2026-09-04T16:00:00,D-3,6.470588235294117,52.380952380952415,True,0.4345936549326357,10.871137251120855,9.034272284826946,False,,,,0.0896879256559373,0.0,0.0,0.0,0.0,0.0,,,,0.0896879256559373,0.0,0.0,0.0,0.0,0.0,,,,0.0896879256559373,0.0,0.0,0.0,0.0,0.0,,,,0.0896879256559373,0.0,0.0,0.0,0.0,0.0,,,,0.09171243613911884,0.0,0.0,0.0,0.0,0.0,,,,0.09171243613911884,0.0,0.0,0.0,0.0,0.0,,0.0,0.0,0.0896879256559373,0.0,0.0,0.0,0.0,0,7015722.44364745,0.0,0.0,False,False,flat_or_na,flat_or_na,unavailable,accelerating,neutral,False,False,False,pass,S0,🌱 초발사 준비,발사 구조 관찰 또는 초기 준비,S0,False,,,2026-09-06T18:10:00Z,34051589789-1
KRW-ARKM,2026-09-07T03:32:04.302321+09:00,1788719524,147.0,-30.59992040590164,8.0,0.0,266511.0,0.0,1,0.0,complete,1788719610362,1788719610362,570118.7785472,1278139.47129138,-0.3830745475130523,149.0,151.0,1.342281879194629,-1.342281879194629,2.6490066225165565,200.0,complete_hourly_ordered,/v1/candles/minutes/60,120,False,5.594405594405605,143.0,2026-09-04T23:00:00,151.0,2026-09-06T20:00:00,D-1,2.6490066225165587,50.0000000000002,False,-0.04387889425185865,10.03603692550723,,False,-0.007732181914926829,-100.0,-65.65480776072432,0.08261363199423144,-0.6756756756756799,0.0,0.0,0.0,,-0.007732181914926829,-100.0,-65.65480776072432,0.08261363199423144,-0.6756756756756799,0.0,0.0,0.0,,-0.007732181914926829,-100.0,-65.65480776072432,0.08261363199423144,-0.6756756756756799,0.0,0.0,0.0,,-0.007732181914926829,-100.0,-65.65480776072432,0.08261363199423144,-0.6756756756756799,0.0,0.0,0.0,,,,,1.237156661523251,-0.6756756756756799,0.0,-0.04387889425185865,0.035049661216582706,,,,,1.237156661523251,-0.6756756756756799,0.0,-0.04387889425185865,0.035049661216582706,,-0.007732181914926829,-5999.99999992,-509466.60450218,0.08261363199423144,-0.6756756756756799,0.0,0.0,0.0,266511.0,1547948.51683811,0.17217045470244968,-0.6756756756756799,False,False,falling,falling,sell_only,accelerating,neutral,False,False,False,pass,S0,🌱 초발사 준비,발사 구조 관찰 또는 초기 준비,S0,False,,,2026-09-06T18:10:00Z,34051589789-1
KRW-ARX,2026-09-07T03:32:04.302321+09:00,1788719524,203.0,,,6881118.69854432,16677688.16245703,0.4125942775470724,40,0.0,complete,1788718625803,1788719670932,893587.26890223,1353990.15989981,-0.20484406236584032,180.0,207.0,14.999999999999991,12.777777777777777,1.932367149758454,14.81481481481477,complete_hourly_ordered,/v1/candles/minutes/60,120,False,23.952095808383223,167.0,2026-09-02T05:00:00,207.0,2026-09-07T01:00:00,D0,0.9661835748792313,4.9999999999999485,False,,,,True,-0.2734963539988822,-87.99782935139322,-80.04195092287611,,0.995024875621886,,,,,-0.2734963539988822,-87.99782935139322,-80.04195092287611,,0.995024875621886,,,,,-0.2734963539988822,-87.99782935139322,-80.04195092287611,,0.995024875621886,,,,,-0.2734963539988822,-87.99782935139322,-80.04195092287611,,0.995024875621886,,,,,-1.1556910227227672,-91.55694446455792,-67.90765018769542,,0.4950495049504955,,,,,-1.1556910227227672,-91.55694446455792,-67.90765018769542,,0.4950495049504955,,,,,-0.2734963539988822,-50451166.43558754,-66886031.407574326,,0.995024875621886,,,,23558806.86100135,3991024.1717774896,5.902947676337656,0.4950495049504955,False,False,falling,falling,sell_advantage_accelerating,flat_or_na,neutral,False,True,False,pass,S0,🌱 초발사 준비,발사 구조 관찰 또는 초기 준비,S0,False,,,2026-09-06T18:10:00Z,34051589789-1
KRW-ASTR,2026-09-07T03:32:04.302321+09:00,1788719524,8.48,60.607962310821215,11.0,0.0,0.0,,0,0.0,complete,,,8986985.11171307,5651046.19169978,0.22789532628171918,8.13,8.52,4.797047970479684,4.30504305043049,0.4694835680751074,10.256410256410161,complete_hourly_ordered,/v1/candles/minutes/60,120,False,15.760869565217384,7.36,2026-09-02T03:00:00,8.52,2026-09-07T01:00:00,D0,0.46948356807510194,3.4482758620689067,False,0.9842348227506292,8.832491301185403,7.302017455905537,True,,-100.0,-100.0,1.463182772919346,-0.23529411764705577,-1.0,-0.017420085358432758,0.01393419483588687,0.028277982635121823,,-100.0,-100.0,1.463182772919346,-0.23529411764705577,-1.0,-0.017420085358432758,0.01393419483588687,0.028277982635121823,,-100.0,-100.0,1.463182772919346,-0.23529411764705577,-1.0,-0.017420085358432758,0.01393419483588687,0.028277982635121823,,-100.0,-100.0,1.463182772919346,-0.23529411764705577,-1.0,-0.017420085358432758,0.01393419483588687,0.028277982635121823,,-100.0,-100.0,7.8148722943813524,0.35502958579882726,0.0,0.026130128037626932,-0.020902319495785804,-0.04266424082321585,,-100.0,-100.0,7.8148722943813524,0.35502958579882726,0.0,0.026130128037626932,-0.020902319495785804,-0.04266424082321585,,-18803522.782661837,-952604.5424106144,1.463182772919346,-0.23529411764705577,-1.0,-0.017420085358432758,0.01393419483588687,0,770570.4195111042,0.0,0.35502958579882726,False,False,falling,falling,unavailable,accelerating,neutral,False,False,False,pass,S0,🌱 초발사 준비,발사 구조 관찰 또는 초기 준비,S2,True,발사 구조 관찰 또는 초기 준비,2026-09-07T03:32:04.302321+09:00,2026-09-06T18:10:00Z,34051589789-1
KRW-ATH,2026-09-07T03:32:04.302321+09:00,1788719524,6.38,-16.631488760472436,11.0,0.0,76688.488734,0.0,3,0.0,complete,1788718860570,1788718980981,19181646.12139492,18783269.38449845,0.010493286540691217,6.42,6.5,1.2461059190031154,-0.6230529595015577,1.8461538461538478,150.0,complete_hourly_ordered,/v1/candles/minutes/60,120,False,6.612903225806455,6.2,2026-09-02T19:00:00,6.61,2026-09-04T00:00:00,D-3,3.479576399394868,56.09756097560975,True,0.030199315482182243,4.968201597092712,7.2853987019393776,True,-0.4489528611641485,-100.0,-85.09055424034739,0.03499631055199259,0.15698587127157548,0.0,-0.010066438494060748,0.00842729132960951,0.030289305086455443,-0.4489528611641485,-100.0,-85.09055424034739,0.03499631055199259,0.15698587127157548,0.0,-0.010066438494060748,0.00842729132960951,0.030289305086455443,-0.4489528611641485,-100.0,-85.09055424034739,0.03499631055199259,0.15698587127157548,0.0,-0.010066438494060748,0.00842729132960951,0.030289305086455443,-0.4489528611641485,-100.0,-85.09055424034739,0.03499631055199259,0.15698587127157548,0.0,-0.010066438494060748,0.00842729132960951,0.030289305086455443,-7.405554072280149,-100.0,-74.43717042199836,0.15799058734637939,-0.46801872074883066,0.0,-0.030199315482182243,0.025281269557010155,0.09041990334534233,-7.405554072280149,-100.0,-74.43717042199836,0.15799058734637939,-0.46801872074883066,0.0,-0.030199315482182243,0.025281269557010155,0.09041990334534233,-0.4489528611641485,-230924.187193167,-437673.27876732184,0.03499631055199259,0.15698587127157548,0.0,-0.010066438494060748,0.00842729132960951,76688.488734,4135507.6303450125,0.018543911797256705,-0.46801872074883066,False,True,falling,falling,sell_only,accelerating,neutral,False,False,False,pass,S1,⚡ 선행 시동,가격 미급등 상태에서 선행조건 3개 개선,S0,True,가격 미급등 상태에서 선행조건 3개 개선,2026-09-07T03:32:04.302321+09:00,2026-09-06T18:10:00Z,34051589789-1
KRW-ATOM,2026-09-07T03:32:04.302321+09:00,1788719524,2164.0,51.82690206025593,9.0,105139.99994527,5132.88415428,20.48361053650512,4,0.0,complete,1788718624585,1788719138762,18899.28810155,36504.64349666,-0.3177636475834289,2127.0,2193.0,3.1029619181946355,1.73953925716972,1.322389420884633,43.93939393939394,complete_hourly_ordered,/v1/candles/minutes/60,120,False,10.925644916540222,1977.0,2026-09-02T21:00:00,2193.0,2026-09-06T18:00:00,D-1,1.3223894208846287,13.425925925925952,True,0.015978524862592103,13.836666288117339,,False,20.331020316789807,-66.68010035332786,-99.75178737171765,0.6298120723386518,0.23158869847150765,0.0,-0.015978524862592103,0.01228262464879748,,20.331020316789807,-66.68010035332786,-99.75178737171765,0.6298120723386518,0.23158869847150765,0.0,-0.015978524862592103,0.01228262464879748,,20.331020316789807,-66.68010035332786,-99.75178737171765,0.6298120723386518,0.23158869847150765,0.0,-0.015978524862592103,0.01228262464879748,,20.331020316789807,-66.68010035332786,-99.75178737171765,0.6298120723386518,0.23158869847150765,0.0,-0.015978524862592103,0.01228262464879748,,-25.79207934673561,-77.27964719472587,-48.67115840828361,0.9499889138991051,0.13882461823229164,0.0,0.009587114917541939,-0.007369777682086465,,-25.79207934673561,-77.27964719472587,-48.67115840828361,0.9499889138991051,0.13882461823229164,0.0,0.009587114917541939,-0.007369777682086465,,20.331020316789807,-210407.16874427,-2062805.4757108004,0.6298120723386518,0.23158869847150765,0.0,-0.015978524862592103,0.01228262464879748,110272.88409954999,2962532.4905548394,0.03722250623448774,0.13882461823229164,False,False,falling,falling,buy_advantage_accelerating,accelerating,neutral,False,False,False,pass,S0,🌱 초발사 준비,발사 구조 관찰 또는 초기 준비,S0,False,,,2026-09-06T18:10:00Z,34051589789-1
KRW-AUCTION,2026-09-07T03:32:04.302321+09:00,1788719524,4673.0,-95.73465380393169,11.0,0.0,47952.22529958,0.0,1,0.0,complete,1788719351890,1788719351890,15849.87620403,23061.3467214,-0.18533137679044837,4734.0,4783.0,1.0350654837346873,-1.288550908322772,2.299811833577253,224.48979591836715,complete_hourly_ordered,/v1/candles/minutes/60,120,False,8.233701782088886,4433.0,2026-09-02T06:00:00,4798.0,2026-09-04T03:00:00,D-3,2.605252188411833,34.24657534246583,True,0.4058489128523801,12.994791418695655,14.10043352361756,True,,,,0.0016784736132535727,-0.14957264957264904,0.0,-0.010256109711059835,0.007920643082716339,0.03277562208064211,,,,0.0016784736132535727,-0.14957264957264904,0.0,-0.010256109711059835,0.007920643082716339,0.03277562208064211,,,,0.0016784736132535727,-0.14957264957264904,0.0,-0.010256109711059835,0.007920643082716339,0.03277562208064211,,,,0.0016784736132535727,-0.14957264957264904,0.0,-0.010256109711059835,0.007920643082716339,0.03277562208064211,,,,0.009390344978839948,-0.3199658703071706,0.0,-0.021977377952286936,0.016972591122263125,0.07009512396416717,,,,0.009390344978839948,-0.3199658703071706,0.0,-0.021977377952286936,0.016972591122263125,0.07009512396416717,,0.0,47952.22529958,0.0016784736132535727,-0.14957264957264904,0.0,-0.010256109711059835,0.007920643082716339,47952.22529958,2825866.63007482,0.016969033424733982,-0.3199658703071706,False,True,flat_or_na,rising,sell_only,accelerating,neutral,False,True,False,pass,S0,🌱 초발사 준비,발사 구조 관찰 또는 초기 준비,S0,False,,,2026-09-06T18:10:00Z,34051589789-1
KRW-AVAX,2026-09-07T03:32:04.302321+09:00,1788719524,10410.0,25.76963959876215,12.0,1504604.7879215998,0.0,,2,0.0,complete,1788719349232,1788719409781,20937.00800865,12788.11099639,0.24162693128057458,10370.0,10560.0,1.8322082931533368,0.38572806171648377,1.4204545454545454,78.94736842105307,complete_hourly_ordered,/v1/candles/minutes/60,120,False,9.147286821705425,9675.0,2026-09-02T19:00:00,10560.0,2026-09-06T12:00:00,D-1,1.4204545454545414,16.949152542372914,True,0.09158707313883241,3.655426466421082,9.593204416821749,False,,56.484915365512876,-100.0,0.06284704187971002,0.19249278152069227,0.0,-0.006541933795611854,0.005538631401982741,0.042300750393366116,,56.484915365512876,-100.0,0.06284704187971002,0.19249278152069227,0.0,-0.006541933795611854,0.005538631401982741,0.042300750393366116,,56.484915365512876,-100.0,0.06284704187971002,0.19249278152069227,0.0,-0.006541933795611854,0.005538631401982741,0.042300750393366116,,56.484915365512876,-100.0,0.06284704187971002,0.19249278152069227,0.0,-0.006541933795611854,0.005538631401982741,0.042300750393366116,,-83.22921737814768,-100.0,0.2125154343046276,-0.09596928982725794,0.0,-0.013083867591268117,0.011077175613039447,0.08435631836603541,,-83.22921737814768,-100.0,0.2125154343046276,-0.09596928982725794,0.0,-0.013083867591268117,0.011077175613039447,0.08435631836603541,,543103.3010803998,-2210612.7676719,0.06284704187971002,0.19249278152069227,0.0,-0.006541933795611854,0.005538631401982741,1504604.7879215998,22379796.407969996,0.06723049488447415,-0.09596928982725794,False,True,rising,falling,buy_only,accelerating,neutral,False,False,False,pass,S1,⚡ 선행 시동,가격 미급등 상태에서 선행조건 3개 개선,S0,True,가격 미급등 상태에서 선행조건 3개 개선,2026-09-07T03:32:04.302321+09:00,2026-09-06T18:10:00Z,34051589789-1
KRW-AVNT,2026-09-07T03:32:04.302321+09:00,1788719524,144.0,-7.688980552406887,10.0,23489.855,22339997.201399036,0.0010514708121149162,5,0.0,complete,1788718689758,1788719661401,2766293.1004122,3124023.23333055,-0.06073190515577039,147.0,148.0,0.6802721088435382,-2.0408163265306145,2.7027027027027026,400.0,complete_hourly_ordered,/v1/candles/minutes/60,120,False,8.823529411764696,136.0,2026-09-05T00:00:00,148.0,2026-09-05T21:00:00,D-2,2.0270270270270285,24.99999999999993,False,0.28261893546868144,9.55819881053526,11.95688087468368,True,-0.05760977398747774,134.89855001503352,13004.920447373554,0.06712975157400258,0.6993006993007089,0.0,0.04710315591145431,-0.03768032493285389,-0.16137865222496117,-0.05760977398747774,134.89855001503352,13004.920447373554,0.06712975157400258,0.6993006993007089,0.0,0.04710315591145431,-0.03768032493285389,-0.16137865222496117,-0.05760977398747774,134.89855001503352,13004.920447373554,0.06712975157400258,0.6993006993007089,0.0,0.04710315591145431,-0.03768032493285389,-0.16137865222496117,-0.05760977398747774,134.89855001503352,13004.920447373554,0.06712975157400258,0.6993006993007089,0.0,0.04710315591145431,-0.03768032493285389,-0.16137865222496117,,-98.78334018934318,,0.24292609869313075,0.6993006993007089,0.0,0.04710315591145431,-0.03768032493285389,-0.16137865222496117,,-98.78334018934318,,0.24292609869313075,0.6993006993007089,0.0,0.04710315591145431,-0.03768032493285389,-0.16137865222496117,-0.05760977398747774,13489.85500064,22169526.901399035,0.06712975157400258,0.6993006993007089,0.0,0.04710315591145431,-0.03768032493285389,22363487.056399036,4497712.18583968,4.9721916682011935,0.6993006993007089,False,True,rising,rising,sell_advantage_accelerating,accelerating,neutral,False,False,False,pass,S1,⚡ 선행 시동,가격 미급등 상태에서 선행조건 5개 개선,S0,True,가격 미급등 상태에서 선행조건 5개 개선,2026-09-07T03:32:04.302321+09:00,2026-09-06T18:10:00Z,34051589789-1
KRW-AWE,2026-09-07T03:32:04.302321+09:00,1788719524,83.1,-21.003122679867126,3.0,4999.999999932,0.0,,1,0.0,complete,1788719400630,1788719400630,3003897.40946304,1492042.72769332,0.33627108805900474,84.1,84.3,0.23781212841855748,-1.189060642092743,1.4234875444839892,599.9999999999814,complete_hourly_ordered,/v1/candles/minutes/60,120,False,3.4482758620689724,84.1,2026-09-02T19:00:00,87.0,2026-09-02T20:00:00,D-4,4.482758620689664,134.48275862068948,True,-0.48750290180299416,-2.4252319700529665,,True,,7.639999743958015e-09,,0.0002743595155614287,0.12048192771083599,0.0,0.023214423895367986,-0.020835359107234108,,,7.639999743958015e-09,,0.0002743595155614287,0.12048192771083599,0.0,0.023214423895367986,-0.020835359107234108,,,7.639999743958015e-09,,0.0002743595155614287,0.12048192771083599,0.0,0.023214423895367986,-0.020835359107234108,,,7.639999743958015e-09,,0.0002743595155614287,0.12048192771083599,0.0,0.023214423895367986,-0.020835359107234108,,,-84.44422320662606,-100.0,0.03313869441931061,0.0,0.0,0.015476282596915691,-0.013890101113681386,,,-84.44422320662606,-100.0,0.03313869441931061,0.0,0.0,0.015476282596915691,-0.013890101113681386,,,3.819995981757529e-07,0.0,0.0002743595155614287,0.12048192771083599,0.0,0.023214423895367986,-0.020835359107234108,4999.999999932,2365396.163209353,0.0021138108185429854,0.0,False,False,rising,flat_or_na,buy_only,accelerating,neutral,False,False,False,pass,S0,🌱 초발사 준비,발사 구조 관찰 또는 초기 준비,S0,False,,,2026-09-06T18:10:00Z,34051589789-1
KRW-AXL,2026-09-07T03:32:04.302321+09:00,1788719524,60.7,-94.03646369183937,11.0,0.0,0.0,,0,0.0,complete,,,1658054.82018064,1125168.7738269,0.19146361345206983,59.8,61.0,2.006688963210701,1.5050167224080369,0.49180327868852,24.99999999999945,complete_hourly_ordered,/v1/candles/minutes/60,120,False,8.348134991119016,56.3,2026-09-02T22:00:00,61.0,2026-09-06T10:00:00,D-1,0.4918032786885185,6.382978723404118,False,0.4043438077633965,11.66111859324575,13.44235639342198,True,,-100.0,-100.0,0.027628452419989458,0.4966887417218624,1.0,0.03465804066544731,-0.027127089892141854,-0.11606719224069728,,-100.0,-100.0,0.027628452419989458,0.4966887417218624,1.0,0.03465804066544731,-0.027127089892141854,-0.11606719224069728,,-100.0,-100.0,0.027628452419989458,0.4966887417218624,1.0,0.03465804066544731,-0.027127089892141854,-0.11606719224069728,,-100.0,-100.0,0.027628452419989458,0.4966887417218624,1.0,0.03465804066544731,-0.027127089892141854,-0.11606719224069728,,,-100.0,0.03260725859333036,0.6633499170812795,1.0,0.046210720887240875,-0.03616991276425452,-0.15508357933867423,,,-100.0,0.03260725859333036,0.6633499170812795,1.0,0.046210720887240875,-0.03616991276425452,-0.15508357933867423,,-244911.99999964196,-79862.16242608799,0.027628452419989458,0.4966887417218624,1.0,0.03465804066544731,-0.027127089892141854,0,2430776.7693745834,0.0,0.6633499170812795,False,True,falling,falling,unavailable,accelerating,neutral,False,True,False,pass,S1,⚡ 선행 시동,가격 미급등 상태에서 선행조건 6개 개선,S1,False,,,2026-09-06T18:10:00Z,34051589789-1
KRW-AXS,2026-09-07T03:32:04.302321+09:00,1788719524,1293.0,-37.06629704763274,8.0,0.0,8273.89999194,0.0,1,0.0,complete,1788719069598,1788719069598,157704.47581881,89665.88142077,0.27504748409343205,1296.0,1316.0,1.5432098765432167,-0.23148148148147696,1.7477203647416413,114.99999999999963,complete_hourly_ordered,/v1/candles/minutes/60,120,False,5.872888173773139,1243.0,2026-09-04T21:00:00,1316.0,2026-09-06T20:00:00,D-1,1.747720364741645,31.506849315068493,False,-0.32514450867052735,11.767964319774322,,True,-23.76980221584512,-100.0,-73.20003370929777,0.02035433837264833,-0.07727975270479526,0.0,-0.020644095788602268,0.016258298017183037,,-23.76980221584512,-100.0,-73.20003370929777,0.02035433837264833,-0.07727975270479526,0.0,-0.020644095788602268,0.016258298017183037,,-23.76980221584512,-100.0,-73.20003370929777,0.02035433837264833,-0.07727975270479526,0.0,-0.020644095788602268,0.016258298017183037,,-23.76980221584512,-100.0,-73.20003370929777,0.02035433837264833,-0.07727975270479526,0.0,-0.020644095788602268,0.016258298017183037,,,-100.0,,0.09994356950299732,-0.5384615384615432,0.0,-0.036127167630062296,0.028451534109802168,,,-100.0,,0.09994356950299732,-0.5384615384615432,0.0,-0.036127167630062296,0.028451534109802168,,-23.76980221584512,-733840.3497556902,-22598.900004119998,0.02035433837264833,-0.07727975270479526,0.0,-0.020644095788602268,0.016258298017183037,8273.89999194,8247248.11475879,0.0010032316085087237,-0.5384615384615432,False,False,falling,falling,sell_only,accelerating,neutral,False,False,False,pass,S0,🌱 초발사 준비,발사 구조 관찰 또는 초기 준비,S0,False,,,2026-09-06T18:10:00Z,34051589789-1
KRW-AZTEC,2026-09-07T03:32:04.302321+09:00,1788719524,20.1,3419.8582155011686,9.0,0.0,119998.99999984802,0.0,1,0.0,complete,1788719357417,1788719357417,9842115.4023522,12493122.11319567,-0.1186916731464381,20.3,20.9,2.9556650246305383,-0.9852216748768461,3.8277511961722355,133.33333333333331,complete_hourly_ordered,/v1/candles/minutes/60,120,False,54.06976744186047,17.2,2026-09-02T19:00:00,26.5,2026-09-04T20:00:00,D-3,24.15094339622641,68.81720430107525,True,0.519031141868509,16.58590861778112,,True,-1.7773750000000772,-100.0,-63.85030125003711,0.3053630236840945,0.0,0.0,0.0,0.0,,-1.7773750000000772,-100.0,-63.85030125003711,0.3053630236840945,0.0,0.0,0.0,0.0,,-1.7773750000000772,-100.0,-63.85030125003711,0.3053630236840945,0.0,0.0,0.0,0.0,,-1.7773750000000772,-100.0,-63.85030125003711,0.3053630236840945,0.0,0.0,0.0,0.0,,-1.7902288974104257,-100.0,-67.9436428471187,0.7261693352261318,-0.4950495049504844,0.0,-0.034602076124579106,0.025719112361567653,,-1.7902288974104257,-100.0,-67.9436428471187,0.7261693352261318,-0.4950495049504844,0.0,-0.034602076124579106,0.025719112361567653,,-1.7773750000000772,-589999.999999884,-211951.207468952,0.3053630236840945,0.0,0.0,0.0,0.0,119998.99999984802,5796350.072979335,0.020702510802313966,-0.4950495049504844,False,True,falling,falling,sell_only,accelerating,neutral,True,True,False,🔴 1차 급등 완료·상승분 반납 / 신규매수 금지,S3,🔴 1차 급등 완료·반납,당일/5D 급등 후 상승분 상당 부분 반납,S3,False,,,2026-09-06T18:10:00Z,34051589789-1
KRW-B3,2026-09-07T03:32:04.302321+09:00,1788719524,0.632,,,0.0,0.0,,0,0.0,complete,,,114551788.38590035,75646627.64015032,0.20455039299812752,0.631,0.641,1.5847860538827252,0.15847860538826808,1.404056162246491,90.00000000000028,complete_hourly_ordered,/v1/candles/minutes/60,120,False,5.546492659053848,0.613,2026-09-02T19:00:00,0.647,2026-09-03T09:00:00,D-4,2.3183925811437467,44.117647058823685,False,,,,True,,,-100.0,,-0.15797788309637184,,,,,,,-100.0,,-0.15797788309637184,,,,,,,-100.0,,-0.15797788309637184,,,,,,,-100.0,,-0.15797788309637184,,,,,,-100.0,,,0.0,,,,,,-100.0,,,0.0,,,,,,0.0,-1215598.277643005,,-0.15797788309637184,,,,0,1038020.9787281115,0.0,0.0,False,False,flat_or_na,falling,unavailable,flat_or_na,neutral,False,False,False,pass,S0,🌱 초발사 준비,발사 구조 관찰 또는 초기 준비,S0,False,,,2026-09-06T18:10:00Z,34051589789-1
KRW-BABY,2026-09-07T03:32:04.302321+09:00,1788719524,15.4,,,2847.195194844,64912.786325156005,0.043861854590281406,3,0.0,complete,1788719379979,1788719385262,4524759.46615102,6563866.82406135,-0.18389179187237964,15.6,15.9,1.9230769230769384,-1.2820512820512775,3.1446540880503147,166.6666666666659,complete_hourly_ordered,/v1/candles/minutes/60,120,False,7.432432432432434,14.8,2026-09-04T21:00:00,15.9,2026-09-06T11:00:00,D-1,3.1446540880503138,45.454545454545425,True,,,,False,0.043861854590281406,,-98.3865260284282,,-1.2820512820512775,,,,,0.043861854590281406,,-98.3865260284282,,-1.2820512820512775,,,,,0.043861854590281406,,-98.3865260284282,,-1.2820512820512775,,,,,0.043861854590281406,,-98.3865260284282,,-1.2820512820512775,,,,,,-81.09557668901631,,,-0.6451612903225823,,,,,,-81.09557668901631,,,-0.6451612903225823,,,,,0.043861854590281406,2847.195194844,-3958256.317662262,,-1.2820512820512775,,,,67759.98152,1037557.345640976,0.06530721584178042,-0.6451612903225823,False,False,rising,falling,sell_advantage_weakening,flat_or_na,neutral,False,False,False,pass,S0,🌱 초발사 준비,발사 구조 관찰 또는 초기 준비,S0,False,,,2026-09-06T18:10:00Z,34051589789-1
KRW-BARD,2026-09-07T03:32:04.302321+09:00,1788719524,172.0,-55.60349012970529,7.0,0.0,0.0,,0,0.0,complete,,,1045587.55660591,1349271.46776249,-0.12680659198161828,176.0,178.0,1.1363636363636465,-2.2727272727272707,3.3707865168539324,299.99999999999807,complete_hourly_ordered,/v1/candles/minutes/60,120,False,10.559006211180133,161.0,2026-09-04T21:00:00,178.0,2026-09-06T17:00:00,D-1,3.3707865168539297,35.29411764705886,False,0.3167062549485289,22.96701626386989,,True,,,,0.0,0.0,0.0,0.0,0.0,,,,,0.0,0.0,0.0,0.0,0.0,,,,,0.0,0.0,0.0,0.0,0.0,,,,,0.0,0.0,0.0,0.0,0.0,,,-100.0,-100.0,0.013502975008663043,-0.5780346820809301,0.0,-0.039588281868563335,0.02747148292981194,,,-100.0,-100.0,0.013502975008663043,-0.5780346820809301,0.0,-0.039588281868563335,0.02747148292981194,,,0.0,0.0,0.0,0.0,0.0,0.0,0.0,0,4358931.7636503205,0.0,-0.5780346820809301,False,False,flat_or_na,flat_or_na,unavailable,flat_or_na,neutral,False,True,False,pass,S0,🌱 초발사 준비,발사 구조 관찰 또는 초기 준비,S0,False,,,2026-09-06T18:10:00Z,34051589789-1
KRW-BAT,2026-09-07T03:32:04.302321+09:00,1788719524,99.8,35.304223963924855,6.0,0.0,0.0,,0,0.0,complete,,,483536.96020066,1648694.84538854,-0.5464499132475477,99.0,101.0,2.020202020202011,0.8080808080808133,1.188118811881191,59.99999999999957,complete_hourly_ordered,/v1/candles/minutes/60,120,False,9.425785482123516,92.3,2026-09-03T10:00:00,101.0,2026-09-06T22:00:00,D-1,1.1881188118811892,13.793103448275925,False,0.1325519743267778,21.087500343623713,,True,,-100.0,-100.0,0.31711065405983874,0.10030090270811698,0.0,-0.0837170364168971,0.05946296044614385,,,-100.0,-100.0,0.31711065405983874,0.10030090270811698,0.0,-0.0837170364168971,0.05946296044614385,,,-100.0,-100.0,0.31711065405983874,0.10030090270811698,0.0,-0.0837170364168971,0.05946296044614385,,,-100.0,-100.0,0.31711065405983874,0.10030090270811698,0.0,-0.0837170364168971,0.05946296044614385,,,,,1.0082910137589494,-1.1881188118811892,0.0,-0.0837170364168971,0.05946296044614385,,,,,1.0082910137589494,-1.1881188118811892,0.0,-0.0837170364168971,0.05946296044614385,,,-5050.0,-1894712.18724082,0.31711065405983874,0.10030090270811698,0.0,-0.0837170364168971,0.05946296044614385,0,1236506.395666827,0.0,-1.1881188118811892,False,False,falling,falling,unavailable,accelerating,neutral,False,False,False,pass,S0,🌱 초발사 준비,발사 구조 관찰 또는 초기 준비,S0,False,,,2026-09-06T18:10:00Z,34051589789-1
KRW-BCH,2026-09-07T03:32:04.302321+09:00,1788719524,350200.0,14.495226730863319,11.0,61761.006432,9225493.555708,0.00669460187241551,9,0.0,complete,1788718792462,1788719384542,647.40109925,457.92998126,0.17141571546380296,349900.0,361900.0,3.429551300371525,0.08573878250928146,3.232937275490467,97.5000000000002,complete_hourly_ordered,/v1/candles/minutes/60,120,False,9.666666666666668,330000.0,2026-09-03T00:00:00,361900.0,2026-09-06T12:00:00,D-1,3.232937275490466,36.67711598746076,False,-0.5385019513659661,4.0170205060884525,5.6501546826583375,False,-0.049273478030780325,-92.2414291070034,-35.136947058337,0.11767019824493374,0.43016919988527746,0.0,0.0056289402581843895,-0.004780375271930204,-0.014341302973210013,-0.049273478030780325,-92.2414291070034,-35.136947058337,0.11767019824493374,0.43016919988527746,0.0,0.0056289402581843895,-0.004780375271930204,-0.014341302973210013,-0.049273478030780325,-92.2414291070034,-35.136947058337,0.11767019824493374,0.43016919988527746,0.0,0.0056289402581843895,-0.004780375271930204,-0.014341302973210013,-0.049273478030780325,-92.2414291070034,-35.136947058337,0.11767019824493374,0.43016919988527746,0.0,0.0056289402581843895,-0.004780375271930204,-0.014341302973210013,-1.1872455949658327,-98.6477410163846,141.16689652995484,0.7086740295915153,0.17162471395881784,0.0,0.007505253677564383,-0.006373848122344761,-0.019130367522555147,-1.1872455949658327,-98.6477410163846,141.16689652995484,0.7086740295915153,0.17162471395881784,0.0,0.007505253677564383,-0.006373848122344761,-0.019130367522555147,-0.049273478030780325,-734274.8522820001,-4997539.646268001,0.11767019824493374,0.43016919988527746,0.0,0.0056289402581843895,-0.004780375271930204,9287254.562140001,25386852.813358,0.3658292987484157,0.17162471395881784,False,True,falling,falling,sell_advantage_accelerating,accelerating,neutral,False,False,False,pass,S1,⚡ 선행 시동,가격 미급등 상태에서 선행조건 4개 개선,S1,False,,,2026-09-06T18:10:00Z,34051589789-1
KRW-BEAM,2026-09-07T03:32:04.302321+09:00,1788719524,2.19,-73.26137654601303,11.0,230224.08177385287,7055.075145,32.63240674863894,2,0.0,complete,1788718654878,1788719340900,114067101.04496793,72049369.4910276,0.22576041460991478,2.18,2.19,0.4587155963302614,0.4587155963302614,0.0,0.0,complete_hourly_ordered,/v1/candles/minutes/60,120,False,9.756097560975618,2.05,2026-09-02T18:00:00,2.25,2026-09-03T05:00:00,D-4,2.6666666666666727,30.0,False,0.2818665831506584,5.227718376558512,8.299316086092118,True,,-89.22755225777654,,0.058578477336283186,0.0,0.0,0.0,0.0,0.0,,-89.22755225777654,,0.058578477336283186,0.0,0.0,0.0,0.0,0.0,,-89.22755225777654,,0.058578477336283186,0.0,0.0,0.0,0.0,0.0,,-89.22755225777654,,0.058578477336283186,0.0,0.0,0.0,0.0,0.0,,,,0.18683406559600257,0.9216589861751112,0.0,0.06263701847792902,-0.052186903346754576,-0.2240822651870502,,,,0.18683406559600257,0.9216589861751112,0.0,0.06263701847792902,-0.052186903346754576,-0.2240822651870502,,-1906932.5541453096,7055.075145,0.058578477336283186,0.0,0.0,0.0,0.0,237279.15691885288,3480616.7553733285,0.06817158382994755,0.9216589861751112,False,False,falling,rising,buy_advantage_weakening,accelerating,neutral,False,False,False,pass,S0,🌱 초발사 준비,발사 구조 관찰 또는 초기 준비,S1,True,발사 구조 관찰 또는 초기 준비,2026-09-07T03:32:04.302321+09:00,2026-09-06T18:10:00Z,34051589789-1
KRW-BERA,2026-09-07T03:32:04.302321+09:00,1788719524,258.0,-40.16181484886623,7.0,0.0,0.0,,0,0.0,complete,,,772045.14766276,764961.91541715,0.004608457837152904,254.0,262.0,3.149606299212593,1.5748031496062964,1.5267175572519083,50.0,complete_hourly_ordered,/v1/candles/minutes/60,120,False,11.016949152542367,236.0,2026-09-04T21:00:00,262.0,2026-09-06T11:00:00,D-1,1.526717557251911,15.384615384615351,True,0.13495276653172628,26.773907036415668,,True,,-100.0,-100.0,0.1492787801133133,0.0,0.0,0.0,0.0,,,-100.0,-100.0,0.1492787801133133,0.0,0.0,0.0,0.0,,,-100.0,-100.0,0.1492787801133133,0.0,0.0,0.0,0.0,,,-100.0,-100.0,0.1492787801133133,0.0,0.0,0.0,0.0,,,-100.0,,0.4755726193433887,0.3891050583657574,0.0,0.026990553306349696,-0.017931309541740603,,,-100.0,,0.4755726193433887,0.3891050583657574,0.0,0.026990553306349696,-0.017931309541740603,,,-2756747.513451121,-17948.12224352,0.1492787801133133,0.0,0.0,0.0,0.0,0,10156059.49633891,0.0,0.3891050583657574,False,False,falling,falling,unavailable,accelerating,neutral,False,False,False,pass,S0,🌱 초발사 준비,발사 구조 관찰 또는 초기 준비,S0,False,,,2026-09-06T18:10:00Z,34051589789-1
KRW-BIGTIME,2026-09-07T03:32:04.302321+09:00,1788719524,9.4,-3.2013790551359445,8.0,41391.715860458404,0.0,,3,0.0,complete,1788718714339,1788719314420,4880405.31315105,17701724.31563415,-0.5677639449088938,9.32,9.46,1.5021459227467782,0.8583690987124415,0.634249471458779,42.85714285714307,complete_hourly_ordered,/v1/candles/minutes/60,120,False,8.295454545454529,8.8,2026-09-02T08:00:00,9.53,2026-09-02T11:00:00,D-4,1.364113326337868,17.8082191780821,True,0.5031074282332071,23.442387353115222,,True,,-85.77665930893254,,0.014521080591500812,0.10649627263046302,0.0,0.007398638650513156,-0.005096566939457148,,,-85.77665930893254,,0.014521080591500812,0.10649627263046302,0.0,0.007398638650513156,-0.005096566939457148,,,-85.77665930893254,,0.014521080591500812,0.10649627263046302,0.0,0.007398638650513156,-0.005096566939457148,,,-85.77665930893254,,0.014521080591500812,0.10649627263046302,0.0,0.007398638650513156,-0.005096566939457148,,,-67.08539107917869,-100.0,0.027315034472996658,0.0,0.0,0.0,0.0,,,-67.08539107917869,-100.0,0.027315034472996658,0.0,0.0,0.0,0.0,,,-249620.90037008157,0.0,0.014521080591500812,0.10649627263046302,0.0,0.007398638650513156,-0.005096566939457148,41391.715860458404,6633393.014720539,0.006239901023292861,0.0,False,False,falling,flat_or_na,buy_only,accelerating,neutral,False,False,False,pass,S0,🌱 초발사 준비,발사 구조 관찰 또는 초기 준비,S0,False,,,2026-09-06T18:10:00Z,34051589789-1
KRW-BIO,2026-09-07T03:32:04.302321+09:00,1788719524,37.7,13.729160646080762,8.0,0.0,0.0,,0,0.0,complete,,,2789481.51516095,4093209.69818112,-0.18942128051493842,38.0,38.5,1.3157894736842035,-0.7894736842105177,2.0779220779220706,159.99999999999966,complete_hourly_ordered,/v1/candles/minutes/60,120,False,14.285714285714302,34.3,2026-09-02T19:00:00,39.2,2026-09-04T03:00:00,D-3,3.826530612244894,30.6122448979591,False,-0.4674515235457033,11.640506426389512,,False,,,,0.3201586506401455,0.0,0.0,0.0,0.0,,,,,0.3201586506401455,0.0,0.0,0.0,0.0,,,,,0.3201586506401455,0.0,0.0,0.0,0.0,,,,,0.3201586506401455,0.0,0.0,0.0,0.0,,,-100.0,-100.0,0.44811573974379293,0.5333333333333412,2.0,0.051939058171757146,-0.04101831999844485,,,-100.0,-100.0,0.44811573974379293,0.5333333333333412,2.0,0.051939058171757146,-0.04101831999844485,,,0.0,0.0,0.3201586506401455,0.0,0.0,0.0,0.0,0,3137433.277072178,0.0,0.5333333333333412,False,False,flat_or_na,flat_or_na,unavailable,accelerating,neutral,False,False,False,pass,S0,🌱 초발사 준비,발사 구조 관찰 또는 초기 준비,S0,False,,,2026-09-06T18:10:00Z,34051589789-1
KRW-BIRB,2026-09-07T03:32:04.302321+09:00,1788719524,82.4,-8.742038666406081,8.0,0.0,0.0,,0,0.0,complete,,,680698.47316342,758109.64028426,-0.05380228704392483,83.8,84.9,1.312649164677815,-1.6706443914081048,2.9446407538280326,227.27272727272552,complete_hourly_ordered,/v1/candles/minutes/60,120,False,9.974093264248719,77.2,2026-09-02T03:00:00,84.9,2026-09-06T14:00:00,D-1,2.9446407538280317,32.46753246753254,False,0.5300799326882544,26.96096036433937,,True,,-100.0,,0.0,0.0,0.0,0.0,0.0,,,-100.0,,0.0,0.0,0.0,0.0,0.0,,,-100.0,,0.0,0.0,0.0,0.0,0.0,,,-100.0,,0.0,0.0,0.0,0.0,0.0,,,-100.0,-100.0,0.1642159926235518,-0.7228915662650492,0.0,-0.05048380311318823,0.033328232425240856,,,-100.0,-100.0,0.1642159926235518,-0.7228915662650492,0.0,-0.05048380311318823,0.033328232425240856,,,-7019.999999400001,0.0,0.0,0.0,0.0,0.0,0.0,0,5059006.704433029,0.0,-0.7228915662650492,False,False,falling,flat_or_na,unavailable,flat_or_na,neutral,False,True,False,pass,S0,🌱 초발사 준비,발사 구조 관찰 또는 초기 준비,S0,False,,,2026-09-06T18:10:00Z,34051589789-1
KRW-BLAST,2026-09-07T03:32:04.302321+09:00,1788719524,0.403,-81.05660338068867,7.0,0.0,179820.08995502058,0.0,1,0.0,complete,1788718768045,1788718768045,452626569.70985186,254367034.2290733,0.28042620806779683,0.402,0.409,1.741293532338295,0.24875621890547706,1.4669926650366627,85.71428571428535,complete_hourly_ordered,/v1/candles/minutes/60,120,False,6.788511749347248,0.383,2026-09-02T10:00:00,0.409,2026-09-06T20:00:00,D-1,1.4669926650366594,23.0769230769229,True,0.39188958936788865,15.267216739470404,,True,,,,0.00918152336453204,0.0,0.0,0.0,0.0,,,,,0.00918152336453204,0.0,0.0,0.0,0.0,,,,,0.00918152336453204,0.0,0.0,0.0,0.0,,,,,0.00918152336453204,0.0,0.0,0.0,0.0,,-0.08869423139789509,-100.0,-46.87135827580483,0.20788020559983522,0.7500000000000062,0.0,0.051116033395826044,-0.038575515949714756,,-0.08869423139789509,-100.0,-46.87135827580483,0.20788020559983522,0.7500000000000062,0.0,0.051116033395826044,-0.038575515949714756,,,0.0,179820.08995502058,0.00918152336453204,0.0,0.0,0.0,0.0,179820.08995502058,1333200.0594890143,0.1348785493033518,0.7500000000000062,False,False,flat_or_na,rising,sell_only,accelerating,neutral,False,True,False,pass,S0,🌱 초발사 준비,발사 구조 관찰 또는 초기 준비,S0,False,,,2026-09-06T18:10:00Z,34051589789-1
KRW-BLEND,2026-09-07T03:32:04.302321+09:00,1788719524,89.5,-57.98648604471328,6.0,0.0,0.0,,0,0.0,complete,,,367418.97566841,380692.51278496,-0.017742725945823126,88.0,91.5,3.9772727272727293,1.7045454545454586,2.185792349726776,57.14285714285706,complete_hourly_ordered,/v1/candles/minutes/60,120,False,8.669833729216148,84.2,2026-09-02T11:00:00,91.5,2026-09-06T20:00:00,D-1,2.1857923497267784,27.397260273972705,False,0.18709773985929878,14.063327502367162,,True,,-100.0,-100.0,0.15027881454976466,-0.33407572383072903,0.0,-0.02993563837747626,0.022918598928061584,,,-100.0,-100.0,0.15027881454976466,-0.33407572383072903,0.0,-0.02993563837747626,0.022918598928061584,,,-100.0,-100.0,0.15027881454976466,-0.33407572383072903,0.0,-0.02993563837747626,0.022918598928061584,,,-100.0,-100.0,0.15027881454976466,-0.33407572383072903,0.0,-0.02993563837747626,0.022918598928061584,,,-100.0,-100.0,0.3070362551736068,-0.6659267480577102,0.0,-0.04490345756622549,0.03437734670391279,,,-100.0,-100.0,0.3070362551736068,-0.6659267480577102,0.0,-0.04490345756622549,0.03437734670391279,,,-445472.93241545703,-455555.89432924404,0.15027881454976466,-0.33407572383072903,0.0,-0.02993563837747626,0.022918598928061584,0,1526660.5019982602,0.0,-0.6659267480577102,False,False,falling,falling,unavailable,accelerating,neutral,False,False,False,pass,S0,🌱 초발사 준비,발사 구조 관찰 또는 초기 준비,S0,False,,,2026-09-06T18:10:00Z,34051589789-1
KRW-BLUR,2026-09-07T03:32:04.302321+09:00,1788719524,24.1,22.513033666813854,11.0,0.0,0.0,,0,0.0,complete,,,4566762.76919005,6826617.71406266,-0.19834806256092324,23.1,24.5,6.060606060606055,4.329004329004338,1.632653061224484,28.571428571428363,complete_hourly_ordered,/v1/candles/minutes/60,120,False,17.78846153846154,20.8,2026-09-02T03:00:00,24.5,2026-09-07T01:00:00,D0,1.6326530612244872,10.81081081081076,False,0.6276150627614996,10.82861588373556,10.892104240385926,False,,-100.0,-100.0,1.4526989701823894,1.6877637130801704,-1.0,0.11954572624028881,-0.09414013387858589,-0.30678122871569613,,-100.0,-100.0,1.4526989701823894,1.6877637130801704,-1.0,0.11954572624028881,-0.09414013387858589,-0.30678122871569613,,-100.0,-100.0,1.4526989701823894,1.6877637130801704,-1.0,0.11954572624028881,-0.09414013387858589,-0.30678122871569613,,-100.0,-100.0,1.4526989701823894,1.6877637130801704,-1.0,0.11954572624028881,-0.09414013387858589,-0.30678122871569613,,-100.0,-100.0,1.9393117406188765,-0.4132231404958553,0.0,-0.029886431560077753,0.023531137972840455,0.07487591630777501,,-100.0,-100.0,1.9393117406188765,-0.4132231404958553,0.0,-0.029886431560077753,0.023531137972840455,0.07487591630777501,,-2731862.351326876,-332693.16594279,1.4526989701823894,1.6877637130801704,-1.0,0.11954572624028881,-0.09414013387858589,0,3003838.480000432,0.0,-0.4132231404958553,False,False,falling,falling,unavailable,accelerating,neutral,False,False,False,pass,S0,🌱 초발사 준비,발사 구조 관찰 또는 초기 준비,S2,True,발사 구조 관찰 또는 초기 준비,2026-09-07T03:32:04.302321+09:00,2026-09-06T18:10:00Z,34051589789-1
KRW-BONK,2026-09-07T03:32:04.302321+09:00,1788719524,0.00493,-14.435846846393197,9.0,53923492.3495741,26437792.93321475,2.0396366854749086,364,0.0,complete,1788718654200,1788719607218,54387857105.95538,22218095175.196423,0.4199381506634444,0.00651,0.0068,4.454685099846389,-24.27035330261136,27.499999999999993,644.8275862068964,complete_hourly_ordered,/v1/candles/minutes/60,120,False,51.42231947483587,0.00457,2026-09-03T21:00:00,0.00692,2026-09-04T21:00:00,D-3,28.468208092485547,83.82978723404253,False,0.6009287080032566,20.882897881367313,8.581981149919848,False,1.155228624244938,-33.96093038221303,-71.36476023302214,0.17980284647383016,2.708333333333357,0.0,0.013657470636441182,-0.009678748914240032,-0.010813212991306997,1.155228624244938,-33.96093038221303,-71.36476023302214,0.17980284647383016,2.708333333333357,0.0,0.013657470636441182,-0.009678748914240032,-0.010813212991306997,1.155228624244938,-33.96093038221303,-71.36476023302214,0.17980284647383016,2.708333333333357,0.0,0.013657470636441182,-0.009678748914240032,-0.010813212991306997,1.155228624244938,-33.96093038221303,-71.36476023302214,0.17980284647383016,2.708333333333357,0.0,0.013657470636441182,-0.009678748914240032,-0.010813212991306997,0.8628157759899424,-78.7852721552642,-87.7596164579159,0.46910767494510175,-3.3333333333333326,0.0,-0.32777929527452176,0.23221203056334616,0.25436880827909114,0.8628157759899424,-78.7852721552642,-87.7596164579159,0.46910767494510175,-3.3333333333333326,0.0,-0.32777929527452176,0.23221203056334616,0.25436880827909114,1.155228624244938,-27730432.60979622,-65888282.03020424,0.17980284647383016,2.708333333333357,0.0,0.013657470636441182,-0.009678748914240032,80361285.28278884,125205377.05937059,0.6418357355745407,-3.3333333333333326,False,False,falling,falling,buy_advantage_accelerating,accelerating,neutral,True,True,False,🔴 1차 급등 완료·상승분 반납 / 신규매수 금지,S3,🔴 1차 급등 완료·반납,당일/5D 급등 후 상승분 상당 부분 반납,S3,False,,,2026-09-06T18:10:00Z,34051589789-1
KRW-BORA,2026-09-07T03:32:04.302321+09:00,1788719524,32.2,-30.85906447131158,8.0,9999.999999962001,636067.107512074,0.015721611575036803,6,0.0,complete,1788719445277,1788719518378,4137841.89053824,5026339.1864436,-0.0969532671213848,32.0,32.5,1.5625,0.6250000000000089,0.9230769230769144,59.99999999999943,complete_hourly_ordered,/v1/candles/minutes/60,120,False,10.101010101010122,29.7,2026-09-02T03:00:00,32.7,2026-09-05T09:00:00,D-2,1.5290519877675823,16.666666666666664,False,0.4153913423699196,17.431068964742366,,True,-0.2725896729025084,-99.29801339352902,-87.12659581801127,0.09700954313925081,1.5772870662460692,1.0,0.021862702229991093,-0.016122046493595832,,-0.2725896729025084,-99.29801339352902,-87.12659581801127,0.09700954313925081,1.5772870662460692,1.0,0.021862702229991093,-0.016122046493595832,,-0.2725896729025084,-99.29801339352902,-87.12659581801127,0.09700954313925081,1.5772870662460692,1.0,0.021862702229991093,-0.016122046493595832,,-0.2725896729025084,-99.29801339352902,-87.12659581801127,0.09700954313925081,1.5772870662460692,1.0,0.021862702229991093,-0.016122046493595832,,-0.1161523025938422,-97.6163539345311,-80.00581968672032,0.4948712082347164,1.2578616352201255,0.0,0.0,0.0,,-0.1161523025938422,-97.6163539345311,-80.00581968672032,0.4948712082347164,1.2578616352201255,0.0,0.0,0.0,,-0.2725896729025084,-1414528.6032213878,-4304872.3558973,0.09700954313925081,1.5772870662460692,1.0,0.021862702229991093,-0.016122046493595832,646067.1075120361,1999568.3481684672,0.3231032878189987,1.2578616352201255,False,False,falling,falling,sell_advantage_accelerating,accelerating,neutral,False,False,False,pass,S0,🌱 초발사 준비,발사 구조 관찰 또는 초기 준비,S0,False,,,2026-09-06T18:10:00Z,34051589789-1
KRW-BOUNTY,2026-09-07T03:32:04.302321+09:00,1788719524,16.7,83.05016185705195,8.0,0.0,0.0,,0,0.0,complete,,,8841822.29471989,9397920.43074223,-0.030488266440624988,16.6,16.9,1.8072289156626287,0.6024096385542022,1.1834319526627177,66.66666666666707,complete_hourly_ordered,/v1/candles/minutes/60,120,False,12.34567901234569,16.2,2026-09-02T03:00:00,18.2,2026-09-02T13:00:00,D-4,8.241758241758246,75.00000000000007,False,0.49813200498132204,26.39939198175945,,True,,,-100.0,0.20604633762577862,0.0,0.0,0.0,0.0,,,,-100.0,0.20604633762577862,0.0,0.0,0.0,0.0,,,,-100.0,0.20604633762577862,0.0,0.0,0.0,0.0,,,,-100.0,0.20604633762577862,0.0,0.0,0.0,0.0,,,,,1.2582588718329788,0.0,0.0,0.0,0.0,,,,,1.2582588718329788,0.0,0.0,0.0,0.0,,,0.0,-999999.999999865,0.20604633762577862,0.0,0.0,0.0,0.0,0,993549.34951926,0.0,0.0,False,False,flat_or_na,falling,unavailable,accelerating,neutral,False,True,False,pass,S0,🌱 초발사 준비,발사 구조 관찰 또는 초기 준비,S0,False,,,2026-09-06T18:10:00Z,34051589789-1
KRW-BREV,2026-09-07T03:32:04.302321+09:00,1788719524,108.0,-8.219940387670432,8.0,5009.99999904,0.0,,1,0.0,complete,1788719866350,1788719866350,1053985.37626569,3296725.5910278,-0.515488211380147,111.0,111.0,0.0,-2.7027027027026973,2.7027027027027026,,complete_hourly_ordered,/v1/candles/minutes/60,120,False,10.8910891089109,101.0,2026-09-02T01:00:00,112.0,2026-09-06T05:00:00,D-1,3.57142857142857,36.36363636363637,True,0.5224660397074254,15.310494714471421,,True,,,,0.03911116845208973,0.0,0.0,0.0,0.0,,,,,0.03911116845208973,0.0,0.0,0.0,0.0,,,,,0.03911116845208973,0.0,0.0,0.0,0.0,,,,,0.03911116845208973,0.0,0.0,0.0,0.0,,,-99.9647200473755,,0.4334599994909052,0.0,0.0,0.0,0.0,,,-99.9647200473755,,0.4334599994909052,0.0,0.0,0.0,0.0,,,5009.99999904,0.0,0.03911116845208973,0.0,0.0,0.0,0.0,5009.99999904,3867775.579161425,0.001295318173586023,0.0,False,False,rising,flat_or_na,buy_only,accelerating,neutral,False,False,False,pass,S0,🌱 초발사 준비,발사 구조 관찰 또는 초기 준비,S0,False,,,2026-09-06T18:10:00Z,34051589789-1
KRW-BSB,2026-09-07T03:32:04.302321+09:00,1788719524,158.0,,,0.0,11088168.922622161,0.0,3,0.0,complete,1788719140166,1788719494420,448601.86963416,838597.91900403,-0.30298019997538334,151.0,164.0,8.609271523178808,4.635761589403975,3.6585365853658534,46.15384615384614,complete_hourly_ordered,/v1/candles/minutes/60,120,False,20.58823529411764,136.0,2026-09-03T18:00:00,164.0,2026-09-07T00:00:00,D0,3.658536585365857,21.42857142857136,False,,,,True,,,,,0.6369426751592355,,,,,,,,,0.6369426751592355,,,,,,,,,0.6369426751592355,,,,,,,,,0.6369426751592355,,,,,,,,,1.2820512820512775,,,,,,,,,1.2820512820512775,,,,,,0.0,11088168.922622161,,0.6369426751592355,,,,11088168.922622161,1842582.69181025,6.017732051812861,1.2820512820512775,False,False,flat_or_na,rising,sell_only,flat_or_na,neutral,False,False,False,pass,S0,🌱 초발사 준비,발사 구조 관찰 또는 초기 준비,S0,False,,,2026-09-06T18:10:00Z,34051589789-1
KRW-BSV,2026-09-07T03:32:04.302321+09:00,1788719524,22810.0,-34.24746130243872,5.0,0.0,700544.7727445001,0.0,3,0.0,complete,1788719130697,1788719130697,4386.66258377,6059.17753437,-0.16011301452867824,23050.0,23360.0,1.3449023861171305,-1.0412147505422964,2.3544520547945207,177.4193548387098,complete_hourly_ordered,/v1/candles/minutes/60,120,False,9.414519906323182,21350.0,2026-09-02T10:00:00,23360.0,2026-09-06T12:00:00,D-1,2.3544520547945202,27.363184079602025,False,-0.11074197120708451,-11.757417671992174,,True,,,,0.025273701580481145,-0.08760402978537085,0.0,-0.005828524800366441,0.005610017707134318,,,,,0.025273701580481145,-0.08760402978537085,0.0,-0.005828524800366441,0.005610017707134318,,,,,0.025273701580481145,-0.08760402978537085,0.0,-0.005828524800366441,0.005610017707134318,,,,,0.025273701580481145,-0.08760402978537085,0.0,-0.005828524800366441,0.005610017707134318,,,,,0.042030610087252285,-0.5233318796336706,0.0,-0.03497114880224306,0.0336587344437671,,,,,0.042030610087252285,-0.5233318796336706,0.0,-0.03497114880224306,0.0336587344437671,,,0.0,700544.7727445001,0.025273701580481145,-0.08760402978537085,0.0,-0.005828524800366441,0.005610017707134318,700544.7727445001,3052400.8815038,0.2295061494017682,-0.5233318796336706,False,False,flat_or_na,rising,sell_only,accelerating,neutral,False,False,False,pass,S0,🌱 초발사 준비,발사 구조 관찰 또는 초기 준비,S0,False,,,2026-09-06T18:10:00Z,34051589789-1
KRW-BTC,2026-09-07T03:32:04.302321+09:00,1788719524,108941000.0,-0.34723311766069465,7.0,91613937.32081996,74515278.34885,1.2294651425969456,687,0.0,complete,1788718646457,1788719916498,2.43036195,6.37261115,-0.447831562725098,108954000.0,109280000.0,0.29920884042806684,-0.011931640875961769,0.31021229868228406,103.98773006134834,complete_hourly_ordered,/v1/candles/minutes/60,120,False,6.869209263270393,104801000.0,2026-09-02T20:00:00,112000000.0,2026-09-04T06:00:00,D-3,2.8124999999999956,43.75607723294911,True,0.20667204510014248,-8.999079806971825,,False,-0.9467166043942368,11.403987130670812,97.18763463575783,0.06621537541239286,0.25030137389687734,0.0,0.016233686375022316,-0.015252518791880831,,-0.9467166043942368,11.403987130670812,97.18763463575783,0.06621537541239286,0.25030137389687734,0.0,0.016233686375022316,-0.015252518791880831,,-0.9467166043942368,11.403987130670812,97.18763463575783,0.06621537541239286,0.25030137389687734,0.0,0.016233686375022316,-0.015252518791880831,,-0.9467166043942368,11.403987130670812,97.18763463575783,0.06621537541239286,0.25030137389687734,0.0,0.016233686375022316,-0.015252518791880831,,1.0250245483034028,-30.883780998207143,-88.50706669226696,0.2605427501290114,0.222633142899209,0.0,0.012913159616489978,-0.012132630624433816,,1.0250245483034028,-30.883780998207143,-88.50706669226696,0.2605427501290114,0.222633142899209,0.0,0.012913159616489978,-0.012132630624433816,,-0.9467166043942368,9378157.722230017,36726256.49335001,0.06621537541239286,0.25030137389687734,0.0,0.016233686375022316,-0.015252518791880831,166129215.66966996,1332573829.400531,0.12466792608737072,0.222633142899209,False,False,rising,rising,buy_advantage_weakening,accelerating,neutral,False,False,False,pass,S0,🌱 초발사 준비,발사 구조 관찰 또는 초기 준비,S0,False,,,2026-09-06T18:10:00Z,34051589789-1
KRW-BTT,2026-09-07T03:32:04.302321+09:00,1788719524,0.000411,-34.7348735154957,11.0,13992.999999999996,0.0,,1,0.0,complete,1788719874092,1788719874092,745872889942.917,474853384626.82385,0.22201496843476817,0.000411,0.000414,0.7299270072992581,0.0,0.7246376811594117,100.0,complete_hourly_ordered,/v1/candles/minutes/60,120,False,4.271356783919589,0.000398,2026-09-02T21:00:00,0.000415,2026-09-04T00:00:00,D-3,0.48192771084337727,11.764705882352757,False,0.06580029610132598,1.3320897792015598,3.460619137815359,True,,179.58041958041952,-100.0,0.027398565588434565,-0.4842615012106477,0.0,-0.032900148050685196,0.028438338697142962,0.12319313843552315,,179.58041958041952,-100.0,0.027398565588434565,-0.4842615012106477,0.0,-0.032900148050685196,0.028438338697142962,0.12319313843552315,,179.58041958041952,-100.0,0.027398565588434565,-0.4842615012106477,0.0,-0.032900148050685196,0.028438338697142962,0.12319313843552315,,179.58041958041952,-100.0,0.027398565588434565,-0.4842615012106477,0.0,-0.032900148050685196,0.028438338697142962,0.12319313843552315,,-99.20663547631415,,0.244616439983524,0.0,0.0,0.0,0.0,0.0,,-99.20663547631415,,0.244616439983524,0.0,0.0,0.0,0.0,0.0,,8987.999999999996,-61554.37935713738,0.027398565588434565,-0.4842615012106477,0.0,-0.032900148050685196,0.028438338697142962,13992.999999999996,1853858.3045376544,0.007548041814063993,0.0,False,True,rising,falling,buy_only,accelerating,neutral,False,False,False,pass,S1,⚡ 선행 시동,가격 미급등 상태에서 선행조건 4개 개선,S1,False,,,2026-09-06T18:10:00Z,34051589789-1
KRW-CAP,2026-09-07T03:32:04.302321+09:00,1788719524,59.0,,,18318315.974040613,26417433.971399643,0.6934176874965451,93,0.0,complete,1788718656185,1788719641081,2892977.8641358,5899862.18492946,-0.34196963711552025,61.4,62.0,0.9771986970684043,-3.9087947882736174,4.838709677419355,500.0,complete_hourly_ordered,/v1/candles/minutes/60,120,False,27.288135593220318,59.0,2026-09-04T10:00:00,75.1,2026-09-04T12:00:00,D-3,21.304926764314235,99.3788819875776,False,,,,True,0.4157413364447189,155.79626629820766,2.4325959939137443,,-0.5059021922428242,,,,,0.4157413364447189,155.79626629820766,2.4325959939137443,,-0.5059021922428242,,,,,0.4157413364447189,155.79626629820766,2.4325959939137443,,-0.5059021922428242,,,,,0.4157413364447189,155.79626629820766,2.4325959939137443,,-0.5059021922428242,,,,,-0.6586944697915192,117.32068900549737,323.7589420244138,,-0.5059021922428242,,,,,-0.6586944697915192,117.32068900549737,323.7589420244138,,-0.5059021922428242,,,,,0.4157413364447189,11157024.591982247,627368.1089965329,,-0.5059021922428242,,,,44735749.945440255,110718433.17691194,0.4040497021300784,-0.5059021922428242,False,False,rising,rising,sell_advantage_weakening,flat_or_na,neutral,True,True,False,🔴 1차 급등 완료·상승분 반납 / 신규매수 금지,S3,🔴 1차 급등 완료·반납,당일/5D 급등 후 상승분 상당 부분 반납,S3,False,,,2026-09-06T18:10:00Z,34051589789-1
KRW-CARV,2026-09-07T03:32:04.302321+09:00,1788719524,49.2,17.717988695662857,8.0,0.0,0.0,,0,0.0,complete,,,2494936.73119099,1491285.24251739,0.2517801304827748,48.2,49.7,3.112033195020736,2.0746887966804906,1.0060362173038229,33.33333333333333,complete_hourly_ordered,/v1/candles/minutes/60,120,False,16.455696202531644,47.4,2026-09-02T03:00:00,55.2,2026-09-02T13:00:00,D-4,10.869565217391308,76.92307692307693,False,0.5886575735822186,16.734014737342516,,True,,-100.0,,0.03804534794253911,-0.4048582995951344,0.0,-0.02871500358936352,0.02129524362649704,,,-100.0,,0.03804534794253911,-0.4048582995951344,0.0,-0.02871500358936352,0.02129524362649704,,,-100.0,,0.03804534794253911,-0.4048582995951344,0.0,-0.02871500358936352,0.02129524362649704,,,-100.0,,0.03804534794253911,-0.4048582995951344,0.0,-0.02871500358936352,0.02129524362649704,,,,,0.046049049593200664,-0.4048582995951344,0.0,-0.02871500358936352,0.02129524362649704,,,,,0.046049049593200664,-0.4048582995951344,0.0,-0.02871500358936352,0.02129524362649704,,,-7019.9999996100005,0.0,0.03804534794253911,-0.4048582995951344,0.0,-0.02871500358936352,0.02129524362649704,0,1579990.299999943,0.0,-0.4048582995951344,False,False,falling,flat_or_na,unavailable,accelerating,neutral,True,True,False,🔴 1차 급등 완료·상승분 반납 / 신규매수 금지,S3,🔴 1차 급등 완료·반납,당일/5D 급등 후 상승분 상당 부분 반납,S0,True,당일/5D 급등 후 상승분 상당 부분 반납,2026-09-07T03:32:04.302321+09:00,2026-09-06T18:10:00Z,34051589789-1
KRW-CBK,2026-09-07T03:32:04.302321+09:00,1788719524,250.0,28.843238189171515,9.0,0.0,67774.6473875,0.0,1,0.0,complete,1788718991638,1788718991638,555476.45980157,856545.09513363,-0.21321815823546436,246.0,251.0,2.0325203252032464,1.6260162601626105,0.398406374501992,19.999999999999343,complete_hourly_ordered,/v1/candles/minutes/60,120,False,8.713692946058082,241.0,2026-09-03T00:00:00,262.0,2026-09-03T14:00:00,D-4,4.580152671755721,57.142857142857,False,0.13702384214853147,13.693534100974317,,True,-5.727576137448978,-100.0,-80.1247368365598,0.14313059179893273,0.40160642570281624,0.0,0.027404768429706294,-0.021072176152262756,,-5.727576137448978,-100.0,-80.1247368365598,0.14313059179893273,0.40160642570281624,0.0,0.027404768429706294,-0.021072176152262756,,-5.727576137448978,-100.0,-80.1247368365598,0.14313059179893273,0.40160642570281624,0.0,0.027404768429706294,-0.021072176152262756,,-5.727576137448978,-100.0,-80.1247368365598,0.14313059179893273,0.40160642570281624,0.0,0.027404768429706294,-0.021072176152262756,,-1.1161193332144892,-100.0,-63.97876464213661,0.32169266636174854,0.40160642570281624,0.0,0.027404768429706294,-0.021072176152262756,,-1.1161193332144892,-100.0,-63.97876464213661,0.32169266636174854,0.40160642570281624,0.0,0.027404768429706294,-0.021072176152262756,,-5.727576137448978,-1953103.46287497,-273225.35261334997,0.14313059179893273,0.40160642570281624,0.0,0.027404768429706294,-0.021072176152262756,67774.6473875,1420706.24999671,0.04770489845290463,0.40160642570281624,False,False,falling,falling,sell_only,accelerating,neutral,False,False,False,pass,S0,🌱 초발사 준비,발사 구조 관찰 또는 초기 준비,S0,False,,,2026-09-06T18:10:00Z,34051589789-1
KRW-CC,2026-09-07T03:32:04.302321+09:00,1788719524,148.0,-3.9277565353128208,6.0,0.0,0.0,,0,0.0,complete,,,1792753.57747297,2193375.0758682,-0.10050390572803754,149.0,152.0,2.0134228187919545,-0.6711409395973145,2.631578947368421,133.33333333333314,complete_hourly_ordered,/v1/candles/minutes/60,120,False,5.555555555555558,144.0,2026-09-05T04:00:00,152.0,2026-09-06T01:00:00,D-1,2.631578947368418,50.0000000000002,False,-0.6273525721455453,19.56668923493568,,False,,,,0.02053129597637815,-0.6711409395973145,0.0,-0.04182350480970154,0.030447539002032897,,,,,0.02053129597637815,-0.6711409395973145,0.0,-0.04182350480970154,0.030447539002032897,,,,,0.02053129597637815,-0.6711409395973145,0.0,-0.04182350480970154,0.030447539002032897,,,,,0.02053129597637815,-0.6711409395973145,0.0,-0.04182350480970154,0.030447539002032897,,,,-100.0,0.26329476920324835,0.0,0.0,0.0,0.0,,,,-100.0,0.26329476920324835,0.0,0.0,0.0,0.0,,,0.0,0.0,0.02053129597637815,-0.6711409395973145,0.0,-0.04182350480970154,0.030447539002032897,0,5486828.954942835,0.0,0.0,False,False,flat_or_na,flat_or_na,unavailable,accelerating,neutral,False,False,False,pass,S0,🌱 초발사 준비,발사 구조 관찰 또는 초기 준비,S0,False,,,2026-09-06T18:10:00Z,34051589789-1
KRW-CELO,2026-09-07T03:32:04.302321+09:00,1788719524,108.0,176.76997928747062,10.0,0.0,7683.94353456,0.0,1,0.0,complete,1788719117627,1788719117627,937905.00509593,2371222.03244423,-0.4331405265159468,108.0,112.0,3.703703703703698,0.0,3.571428571428571,100.0,complete_hourly_ordered,/v1/candles/minutes/60,120,False,12.99999999999999,100.0,2026-09-02T04:00:00,113.0,2026-09-03T13:00:00,D-4,4.424778761061942,38.46153846153836,True,0.5115416586738197,-3.139660772284386,,True,,,,0.0009956519413378828,0.0,0.0,0.0,0.0,,,,,0.0009956519413378828,0.0,0.0,0.0,0.0,,,,,0.0009956519413378828,0.0,0.0,0.0,0.0,,,,,0.0009956519413378828,0.0,0.0,0.0,0.0,,-0.2421242994986275,-100.0,-98.17335727149037,2.8582550599873287,0.0,0.0,0.0,0.0,,-0.2421242994986275,-100.0,-98.17335727149037,2.8582550599873287,0.0,0.0,0.0,0.0,,,0.0,7683.94353456,0.0009956519413378828,0.0,0.0,0.0,0.0,7683.94353456,3846006.538193135,0.001997901838765448,0.0,False,False,flat_or_na,rising,sell_only,accelerating,neutral,False,False,False,pass,S0,🌱 초발사 준비,발사 구조 관찰 또는 초기 준비,S1,True,발사 구조 관찰 또는 초기 준비,2026-09-07T03:32:04.302321+09:00,2026-09-06T18:10:00Z,34051589789-1
KRW-CFG,2026-09-07T03:32:04.302321+09:00,1788719524,144.0,-21.421451085966638,2.0,0.0,5860568.566893599,0.0,16,0.0,complete,1788718906972,1788719727041,2023317.02064127,1728103.51915371,0.07869379035379859,142.0,149.0,4.929577464788726,1.4084507042253502,3.3557046979865772,71.42857142857143,complete_hourly_ordered,/v1/candles/minutes/60,120,False,11.194029850746269,134.0,2026-09-04T21:00:00,149.0,2026-09-06T21:00:00,D-1,3.3557046979865723,33.333333333333336,True,-1.6975917883932157,42.71746944644141,,False,-0.013830807827712477,-100.0,362.1231335089095,0.10468598261482498,0.0,0.0,0.0,0.0,,-0.013830807827712477,-100.0,362.1231335089095,0.10468598261482498,0.0,0.0,0.0,0.0,,-0.013830807827712477,-100.0,362.1231335089095,0.10468598261482498,0.0,0.0,0.0,0.0,,-0.013830807827712477,-100.0,362.1231335089095,0.10468598261482498,0.0,0.0,0.0,0.0,,-0.011178076753109565,-100.0,1209.935718100035,0.20604003084791955,0.0,0.0,0.0,0.0,,-0.011178076753109565,-100.0,1209.935718100035,0.20604003084791955,0.0,0.0,0.0,0.0,,-0.013830807827712477,-17539.99999835,4592385.231773759,0.10468598261482498,0.0,0.0,0.0,0.0,5860568.566893599,8004369.529389352,0.7321711654335252,0.0,False,False,falling,rising,sell_only,accelerating,neutral,False,False,False,pass,S0,🌱 초발사 준비,발사 구조 관찰 또는 초기 준비,S0,False,,,2026-09-06T18:10:00Z,34051589789-1
KRW-CFX,2026-09-07T03:32:04.302321+09:00,1788719524,67.3,,,0.0,0.0,,0,0.0,complete,,,795881.07548093,1159990.83704663,-0.1861623755796786,67.1,68.7,2.3845007451565037,0.29806259314455463,2.037845705967985,87.50000000000034,complete_hourly_ordered,/v1/candles/minutes/60,120,False,8.874801901743258,63.1,2026-09-02T11:00:00,68.7,2026-09-06T20:00:00,D-1,2.037845705967989,25.00000000000007,False,,,,True,,,,,0.0,,,,,,,,,0.0,,,,,,,,,0.0,,,,,,,,,0.0,,,,,,,,,-0.2962962962963056,,,,,,,,,-0.2962962962963056,,,,,,0.0,0.0,,0.0,,,,0,707196.4788020479,0.0,-0.2962962962963056,False,False,flat_or_na,flat_or_na,unavailable,flat_or_na,neutral,False,False,False,pass,S0,🌱 초발사 준비,발사 구조 관찰 또는 초기 준비,S0,False,,,2026-09-06T18:10:00Z,34051589789-1
KRW-CHIP,2026-09-07T03:32:04.302321+09:00,1788719524,78.2,148.863767982227,8.0,4589493.396334508,4621044.8105671825,0.9931722336557907,49,0.0,complete,1788718669506,1788719848581,1813933.89479198,1823168.5639564,-0.0025390181522677697,80.7,83.9,3.9653035935563796,-3.0978934324659257,6.793802145411207,178.12500000000009,complete_hourly_ordered,/v1/candles/minutes/60,120,False,53.52622061482823,55.3,2026-09-03T02:00:00,84.9,2026-09-04T11:00:00,D-3,7.538280329799774,21.621621621621642,False,4.3023392500293856,-14.23054022304113,,True,-2.054685003225549,-83.92900533898464,-50.68116513773477,0.2448960926561199,-2.0050125313283096,0.0,-0.22334548019278255,0.2096142171133053,,-2.054685003225549,-83.92900533898464,-50.68116513773477,0.2448960926561199,-2.0050125313283096,0.0,-0.22334548019278255,0.2096142171133053,,-2.054685003225549,-83.92900533898464,-50.68116513773477,0.2448960926561199,-2.0050125313283096,0.0,-0.22334548019278255,0.2096142171133053,,-2.054685003225549,-83.92900533898464,-50.68116513773477,0.2448960926561199,-2.0050125313283096,0.0,-0.22334548019278255,0.2096142171133053,,-0.5720917761778954,-82.3105435609674,-72.12097904145122,0.4041133031664401,-0.3821656050955413,0.0,-0.05877512636651705,0.05517406267314051,,-0.5720917761778954,-82.3105435609674,-72.12097904145122,0.4041133031664401,-0.3821656050955413,0.0,-0.05877512636651705,0.05517406267314051,,-2.054685003225549,-23968125.426522754,-4748691.565956243,0.2448960926561199,-2.0050125313283096,0.0,-0.22334548019278255,0.2096142171133053,9210538.206901692,428870340.7210995,0.021476276935857023,-0.3821656050955413,False,False,falling,falling,sell_advantage_accelerating,accelerating,neutral,False,False,False,pass,S0,🌱 초발사 준비,발사 구조 관찰 또는 초기 준비,S0,False,,,2026-09-06T18:10:00Z,34051589789-1
KRW-CHZ,2026-09-07T03:32:04.302321+09:00,1788719524,18.9,6.3625896635347345,7.0,105003.99999982001,597248.8468083899,0.17581281330377774,4,0.0,complete,1788719293673,1788719691418,17430584.41866815,11486609.03233725,0.2055516001717739,18.8,19.2,2.127659574468077,0.5319148936170137,1.5625000000000038,75.00000000000027,complete_hourly_ordered,/v1/candles/minutes/60,120,False,7.2625698324022325,17.9,2026-09-04T21:00:00,19.2,2026-09-06T10:00:00,D-1,1.5625,23.076923076922984,True,-0.2439874520738905,40.334601553134945,,False,-0.0687618135978654,-93.1107720486072,-90.41633926339054,0.22018662847540504,0.0,0.0,0.03485535029625897,-0.019293112385085465,,-0.0687618135978654,-93.1107720486072,-90.41633926339054,0.22018662847540504,0.0,0.0,0.03485535029625897,-0.019293112385085465,,-0.0687618135978654,-93.1107720486072,-90.41633926339054,0.22018662847540504,0.0,0.0,0.03485535029625897,-0.019293112385085465,,-0.0687618135978654,-93.1107720486072,-90.41633926339054,0.22018662847540504,0.0,0.0,0.03485535029625897,-0.019293112385085465,,-1.8256395343773821,-96.55916678756907,-60.82956878063205,0.7972020339555685,-1.0471204188481797,0.0,-0.03485535029627007,0.019292106880868687,,-1.8256395343773821,-96.55916678756907,-60.82956878063205,0.7972020339555685,-1.0471204188481797,0.0,-0.03485535029627007,0.019292106880868687,,-0.0687618135978654,-1419172.5948331517,-5634700.12574765,0.22018662847540504,0.0,0.0,0.03485535029625897,-0.019293112385085465,702252.8468082099,4623372.407296184,0.1518919059386128,-1.0471204188481797,False,False,falling,falling,sell_advantage_accelerating,accelerating,neutral,False,False,False,pass,S0,🌱 초발사 준비,발사 구조 관찰 또는 초기 준비,S0,False,,,2026-09-06T18:10:00Z,34051589789-1
KRW-CKB,2026-09-07T03:32:04.302321+09:00,1788719524,1.51,-19.192875998258398,11.0,0.0,0.0,,0,0.0,complete,,,56101406.04701285,144766265.58355346,-0.44140930602119033,1.51,1.54,1.9867549668874274,0.0,1.9480519480519498,100.0,complete_hourly_ordered,/v1/candles/minutes/60,120,False,13.235294117647056,1.36,2026-09-03T08:00:00,1.54,2026-09-06T00:00:00,D-1,1.9480519480519543,16.66666666666677,True,0.8091385054735944,8.00803518106304,6.286153665153915,True,,,,0.11320653028794325,0.6666666666666599,0.0,0.04759638267493038,-0.03844109214797342,-0.06852667290756731,,,,0.11320653028794325,0.6666666666666599,0.0,0.04759638267493038,-0.03844109214797342,-0.06852667290756731,,,,0.11320653028794325,0.6666666666666599,0.0,0.04759638267493038,-0.03844109214797342,-0.06852667290756731,,,,0.11320653028794325,0.6666666666666599,0.0,0.04759638267493038,-0.03844109214797342,-0.06852667290756731,,-100.0,,0.17591237994650655,0.6666666666666599,0.0,0.04759638267493038,-0.03844109214797342,-0.06852667290756731,,-100.0,,0.17591237994650655,0.6666666666666599,0.0,0.04759638267493038,-0.03844109214797342,-0.06852667290756731,,0.0,0.0,0.11320653028794325,0.6666666666666599,0.0,0.04759638267493038,-0.03844109214797342,0,2007600.0,0.0,0.6666666666666599,False,True,flat_or_na,flat_or_na,unavailable,accelerating,neutral,False,False,False,pass,S1,⚡ 선행 시동,가격 미급등 상태에서 선행조건 4개 개선,S0,True,가격 미급등 상태에서 선행조건 4개 개선,2026-09-07T03:32:04.302321+09:00,2026-09-06T18:10:00Z,34051589789-1
KRW-COMP,2026-09-07T03:32:04.302321+09:00,1788719524,28620.0,78.96707385670997,9.0,357750.0,0.0,,2,0.0,complete,1788719398102,1788719413550,895.49951254,1024.15088918,-0.06701812815746491,27590.0,29100.0,5.472997462848861,3.7332366799565087,1.6494845360824744,31.78807947019866,complete_hourly_ordered,/v1/candles/minutes/60,120,False,14.895267649340571,25780.0,2026-09-02T19:00:00,29620.0,2026-09-03T17:00:00,D-4,3.3760972316002724,26.04166666666658,False,0.42556387213057434,-1.6224842627892544,,False,,,,0.03830012146876527,-0.5213764337851923,0.0,-0.03754975342329381,0.033168990415822996,,,,,0.03830012146876527,-0.5213764337851923,0.0,-0.03754975342329381,0.033168990415822996,,,,,0.03830012146876527,-0.5213764337851923,0.0,-0.03754975342329381,0.033168990415822996,,,,,0.03830012146876527,-0.5213764337851923,0.0,-0.03754975342329381,0.033168990415822996,,,-94.52268313555454,-100.0,0.5063809776907249,-1.3103448275862073,0.0,-0.09512604200565544,0.0840219901789312,,,-94.52268313555454,-100.0,0.5063809776907249,-1.3103448275862073,0.0,-0.09512604200565544,0.0840219901789312,,,357750.0,0.0,0.03830012146876527,-0.5213764337851923,0.0,-0.03754975342329381,0.033168990415822996,357750.0,2391316.739019,0.1496037702419803,-1.3103448275862073,False,False,rising,flat_or_na,buy_only,accelerating,neutral,False,True,False,pass,S0,🌱 초발사 준비,발사 구조 관찰 또는 초기 준비,S0,False,,,2026-09-06T18:10:00Z,34051589789-1
KRW-COW,2026-09-07T03:32:04.302321+09:00,1788719524,180.0,-42.70798837425275,8.0,251888.2180938,0.0,,1,0.0,complete,1788719576459,1788719576459,379603.50335935,768978.98163192,-0.3390052376390969,180.0,184.0,2.2222222222222143,0.0,2.1739130434782608,100.0,complete_hourly_ordered,/v1/candles/minutes/60,120,False,9.523809523809534,168.0,2026-09-02T10:00:00,184.0,2026-09-06T15:00:00,D-1,2.1739130434782594,25.000000000000117,True,0.9489916963226541,16.595883698137868,,True,,,,0.041663448101267875,0.5586592178770999,0.0,0.03954132068011429,-0.0292643395964447,,,,,0.041663448101267875,0.5586592178770999,0.0,0.03954132068011429,-0.0292643395964447,,,,,0.041663448101267875,0.5586592178770999,0.0,0.03954132068011429,-0.0292643395964447,,,,,0.041663448101267875,0.5586592178770999,0.0,0.03954132068011429,-0.0292643395964447,,,2418.8821811898883,,0.10217800389165177,1.1235955056179803,0.0,0.07908264136020637,-0.0585310694844523,,,2418.8821811898883,,0.10217800389165177,1.1235955056179803,0.0,0.07908264136020637,-0.0585310694844523,,,251888.2180938,0.0,0.041663448101267875,0.5586592178770999,0.0,0.03954132068011429,-0.0292643395964447,251888.2180938,1303229.775591855,0.19327997473001743,1.1235955056179803,False,False,rising,flat_or_na,buy_only,accelerating,neutral,False,False,False,pass,S0,🌱 초발사 준비,발사 구조 관찰 또는 초기 준비,S0,False,,,2026-09-06T18:10:00Z,34051589789-1
KRW-CPOOL,2026-09-07T03:32:04.302321+09:00,1788719524,27.7,-89.12809263249734,7.0,0.0,335440.022531335,0.0,3,0.0,complete,1788718700116,1788719342504,4537676.57399056,4780745.626345,-0.026084786364980014,27.6,28.0,1.4492753623188248,0.36231884057971175,1.071428571428574,74.99999999999962,complete_hourly_ordered,/v1/candles/minutes/60,120,False,8.108108108108114,25.9,2026-09-02T09:00:00,28.0,2026-09-06T02:00:00,D-1,1.0714285714285787,14.285714285714246,True,0.22075055187638082,17.224613826285122,,True,0.0,,1477.207466721082,0.02006751366576509,0.36231884057971175,0.0,0.024527839097365778,-0.018162643111413246,,0.0,,1477.207466721082,0.02006751366576509,0.36231884057971175,0.0,0.024527839097365778,-0.018162643111413246,,0.0,,1477.207466721082,0.02006751366576509,0.36231884057971175,0.0,0.024527839097365778,-0.018162643111413246,,0.0,,1477.207466721082,0.02006751366576509,0.36231884057971175,0.0,0.024527839097365778,-0.018162643111413246,,,-100.0,,0.022891239004934505,0.36231884057971175,0.0,0.024527839097365778,-0.018162643111413246,,,-100.0,,0.022891239004934505,0.36231884057971175,0.0,0.024527839097365778,-0.018162643111413246,,0.0,0.0,314172.051791335,0.02006751366576509,0.36231884057971175,0.0,0.024527839097365778,-0.018162643111413246,335440.022531335,1598304.477669473,0.2098724161872138,0.36231884057971175,False,False,flat_or_na,rising,sell_only,accelerating,neutral,False,True,False,pass,S0,🌱 초발사 준비,발사 구조 관찰 또는 초기 준비,S0,False,,,2026-09-06T18:10:00Z,34051589789-1
KRW-CRO,2026-09-07T03:32:04.302321+09:00,1788719524,78.4,-32.81154489294277,9.0,128681.15617142401,0.0,,3,0.0,complete,1788718966356,1788718966356,796102.70512321,693388.9456124,0.06895893606391358,77.6,78.8,1.546391752577314,1.030927835051565,0.5076142131979587,33.3333333333319,complete_hourly_ordered,/v1/candles/minutes/60,120,False,8.991825613079008,73.4,2026-09-03T00:00:00,80.0,2026-09-04T05:00:00,D-3,1.9999999999999907,24.242424242424146,False,-0.025161452654531846,7.828221807672605,,False,,-98.68174541390772,-100.0,0.2244731766422774,0.12771392081738497,0.0,-0.008387150884858752,0.0068415641002195215,,,-98.68174541390772,-100.0,0.2244731766422774,0.12771392081738497,0.0,-0.008387150884858752,0.0068415641002195215,,,-98.68174541390772,-100.0,0.2244731766422774,0.12771392081738497,0.0,-0.008387150884858752,0.0068415641002195215,,,-98.68174541390772,-100.0,0.2244731766422774,0.12771392081738497,0.0,-0.008387150884858752,0.0068415641002195215,,,118.12321389521756,-100.0,0.5914830278716252,0.6418485237484006,0.0,0.04193575442421604,-0.03420980444484467,,,118.12321389521756,-100.0,0.5914830278716252,0.6418485237484006,0.0,0.04193575442421604,-0.03420980444484467,,,-9632798.722527476,-1706091.600880144,0.2244731766422774,0.12771392081738497,0.0,-0.008387150884858752,0.0068415641002195215,128681.15617142401,3482654.854808992,0.03694915561148295,0.6418485237484006,False,False,falling,falling,buy_only,accelerating,neutral,False,False,False,pass,S0,🌱 초발사 준비,발사 구조 관찰 또는 초기 준비,S0,False,,,2026-09-06T18:10:00Z,34051589789-1
KRW-CRV,2026-09-07T03:32:04.302321+09:00,1788719524,512.0,,,774912.95249616,951171.8516287999,0.8146928982067628,5,0.0,complete,1788719142129,1788719352998,373743.08348246,369306.33833034,0.005970996035897304,517.0,533.0,3.0947775628626717,-0.9671179883945835,3.9399624765478425,131.24999999999994,complete_hourly_ordered,/v1/candles/minutes/60,120,False,11.974789915966388,476.0,2026-09-05T09:00:00,533.0,2026-09-06T10:00:00,D-1,3.9399624765478425,36.84210526315794,False,,,,False,-8.59905761757278,-31.197237668957957,695.0137294759198,,0.9861932938856066,,,,,-8.59905761757278,-31.197237668957957,695.0137294759198,,0.9861932938856066,,,,,-8.59905761757278,-31.197237668957957,695.0137294759198,,0.9861932938856066,,,,,-8.59905761757278,-31.197237668957957,695.0137294759198,,0.9861932938856066,,,,,-2.046998592689399,-78.14143699948612,-23.219578961012466,,1.5873015873015817,,,,,-2.046998592689399,-78.14143699948612,-23.219578961012466,,1.5873015873015817,,,,,-8.59905761757278,-351368.79294843995,831529.65975674,,0.9861932938856066,,,,1726084.80412496,9440577.351308605,0.1828367842233398,1.5873015873015817,False,False,falling,rising,sell_advantage_accelerating,flat_or_na,neutral,False,True,False,pass,S0,🌱 초발사 준비,발사 구조 관찰 또는 초기 준비,S0,False,,,2026-09-06T18:10:00Z,34051589789-1
KRW-CTC,2026-09-07T03:32:04.302321+09:00,1788719524,132.0,7.665336302399273,10.0,2719.49570508,2635704.62649383,0.0010317907696271846,11,0.0,complete,1788718895831,1788719624386,1557419.06900034,2029644.47069002,-0.1316467903243339,131.0,136.0,3.8167938931297662,0.7633587786259444,2.941176470588235,80.00000000000024,complete_hourly_ordered,/v1/candles/minutes/60,120,False,12.195121951219523,123.0,2026-09-02T04:00:00,138.0,2026-09-04T03:00:00,D-3,5.072463768115942,46.66666666666679,False,0.2645502645502562,8.995954041756207,5.737628153873452,True,,-88.92442899201144,,0.03772231600052134,0.0,0.0,0.0,0.0,0.0,,-88.92442899201144,,0.03772231600052134,0.0,0.0,0.0,0.0,0.0,,-88.92442899201144,,0.03772231600052134,0.0,0.0,0.0,0.0,0.0,,-88.92442899201144,,0.03772231600052134,0.0,0.0,0.0,0.0,0.0,,-73.10891223609177,,0.06405992164302265,0.0,0.0,0.0,0.0,0.0,,-73.10891223609177,,0.06405992164302265,0.0,0.0,0.0,0.0,0.0,,-21834.50429292,2635704.62649383,0.03772231600052134,0.0,0.0,0.0,0.0,2638424.12219891,3799737.44981636,0.6943701129472575,0.0,False,True,falling,rising,sell_advantage_weakening,accelerating,neutral,False,False,False,pass,S0,🌱 초발사 준비,발사 구조 관찰 또는 초기 준비,S1,True,발사 구조 관찰 또는 초기 준비,2026-09-07T03:32:04.302321+09:00,2026-09-06T18:10:00Z,34051589789-1
KRW-CVC,2026-09-07T03:32:04.302321+09:00,1788719524,28.8,233.4091489222103,12.0,19999.999999961,364113.528659136,0.054927923369427874,10,0.0,complete,1788719029842,1788719249854,1647880.63786388,4555916.84220356,-0.46875098900038037,29.2,29.5,1.0273972602739656,-1.3698630136986245,2.372881355932201,233.3333333333337,complete_hourly_ordered,/v1/candles/minutes/60,120,False,11.029411764705888,27.2,2026-09-02T10:00:00,30.2,2026-09-02T15:00:00,D-4,4.635761589403964,46.66666666666668,True,0.3842459173871271,14.174986525678204,14.993495619823026,True,,-98.08208835079867,,0.022746187185191502,0.0,0.0,0.0,0.0,0.0,,-98.08208835079867,,0.022746187185191502,0.0,0.0,0.0,0.0,0.0,,-98.08208835079867,,0.022746187185191502,0.0,0.0,0.0,0.0,0.0,,-98.08208835079867,,0.022746187185191502,0.0,0.0,0.0,0.0,0.0,-0.33933941202001,-97.21888759692204,-80.03744344738217,0.5304667234665885,-0.34602076124566894,-1.0,-0.02401536983671626,0.01832909830935847,0.0772252551472743,-0.33933941202001,-97.21888759692204,-80.03744344738217,0.5304667234665885,-0.34602076124566894,-1.0,-0.02401536983671626,0.01832909830935847,0.0772252551472743,,-1022800.903174567,364113.528659136,0.022746187185191502,0.0,0.0,0.0,0.0,384113.528659097,4750599.839003045,0.08085579541039739,-0.34602076124566894,False,True,falling,rising,sell_advantage_weakening,accelerating,neutral,False,False,False,pass,S0,🌱 초발사 준비,발사 구조 관찰 또는 초기 준비,S1,True,발사 구조 관찰 또는 초기 준비,2026-09-07T03:32:04.302321+09:00,2026-09-06T18:10:00Z,34051589789-1
KRW-CYBER,2026-09-07T03:32:04.302321+09:00,1788719524,428.0,81.21981946975814,7.0,0.0,0.0,,0,0.0,complete,,,88862.73546576,74396.01882288,0.08861219544345521,427.0,434.0,1.6393442622950838,0.23419203747072626,1.3824884792626728,85.71428571428571,complete_hourly_ordered,/v1/candles/minutes/60,120,False,7.9601990049751326,402.0,2026-09-05T10:00:00,434.0,2026-09-06T20:00:00,D-1,1.382488479262678,18.750000000000036,False,-0.7474069554606388,18.784323514727905,,True,,,-100.0,0.03061395481968532,0.0,0.0,0.0,0.0,,,,-100.0,0.03061395481968532,0.0,0.0,0.0,0.0,,,,-100.0,0.03061395481968532,0.0,0.0,0.0,0.0,,,,-100.0,0.03061395481968532,0.0,0.0,0.0,0.0,,,,,0.5566132374939912,0.0,0.0,0.0,0.0,,,,,0.5566132374939912,0.0,0.0,0.0,0.0,,,0.0,-169892.77465275998,0.03061395481968532,0.0,0.0,0.0,0.0,0,962542.381961595,0.0,0.0,False,False,flat_or_na,falling,unavailable,accelerating,neutral,False,False,False,pass,S0,🌱 초발사 준비,발사 구조 관찰 또는 초기 준비,S0,False,,,2026-09-06T18:10:00Z,34051589789-1
KRW-DATA,2026-09-07T03:32:04.302321+09:00,1788719524,261.0,23.10512439320933,6.0,5449644.31772504,560243.902439,9.727271093893616,14,0.0,complete,1788719184218,1788719751339,1987857.51940745,1846456.86859843,0.036877688290593874,260.0,268.0,3.076923076923066,0.38461538461538325,2.6119402985074625,87.5,complete_hourly_ordered,/v1/candles/minutes/60,120,False,7.78210116731517,257.0,2026-09-02T05:00:00,277.0,2026-09-02T09:00:00,D-4,5.415162454873645,75.00000000000007,True,-0.07694280584764623,41.728985940771764,,True,8.750287446677131,-22.79350295123994,-92.24556565274942,0.1125514290708729,0.0,0.0,-0.025647601949219112,0.013866944342588283,,8.750287446677131,-22.79350295123994,-92.24556565274942,0.1125514290708729,0.0,0.0,-0.025647601949219112,0.013866944342588283,,8.750287446677131,-22.79350295123994,-92.24556565274942,0.1125514290708729,0.0,0.0,-0.025647601949219112,0.013866944342588283,,8.750287446677131,-22.79350295123994,-92.24556565274942,0.1125514290708729,0.0,0.0,-0.025647601949219112,0.013866944342588283,,5.818877753835698,-37.36117281235901,-74.83187497849207,0.3024119169904296,0.0,0.0,-0.025647601949219112,0.013866944342588283,,5.818877753835698,-37.36117281235901,-74.83187497849207,0.3024119169904296,0.0,0.0,-0.025647601949219112,0.013866944342588283,,8.750287446677131,-1608886.4096608898,-6664575.824581331,0.1125514290708729,0.0,0.0,-0.025647601949219112,0.013866944342588283,6009888.22016404,24034814.446732216,0.2500492871906131,0.0,False,False,falling,falling,buy_advantage_accelerating,accelerating,neutral,False,False,False,pass,S0,🌱 초발사 준비,발사 구조 관찰 또는 초기 준비,S0,False,,,2026-09-06T18:10:00Z,34051589789-1
KRW-DEEP,2026-09-07T03:32:04.302321+09:00,1788719524,21.4,47.706971461298586,8.0,5033.411214895,0.0,,1,0.0,complete,1788719875550,1788719875550,8462839.14614259,8668256.63615067,-0.01199091363556548,21.4,21.8,1.869158878504673,0.0,1.8348623853211108,100.0,complete_hourly_ordered,/v1/candles/minutes/60,120,False,16.0621761658031,19.3,2026-09-02T19:00:00,22.4,2026-09-05T21:00:00,D-2,4.01785714285714,29.03225806451611,True,1.054063243794623,30.777069321920404,,True,,-99.78792378283931,-100.0,0.1575065738887531,-0.46511627906977715,0.0,-0.034002040122427246,0.02127568036922156,,,-99.78792378283931,-100.0,0.1575065738887531,-0.46511627906977715,0.0,-0.034002040122427246,0.02127568036922156,,,-99.78792378283931,-100.0,0.1575065738887531,-0.46511627906977715,0.0,-0.034002040122427246,0.02127568036922156,,,-99.78792378283931,-100.0,0.1575065738887531,-0.46511627906977715,0.0,-0.034002040122427246,0.02127568036922156,,,-99.49665887851042,-100.0,0.5132434318860319,-1.382488479262678,0.0,-0.10200612036723733,0.0638233248316098,,,-99.49665887851042,-100.0,0.5132434318860319,-1.382488479262678,0.0,-0.10200612036723733,0.0638233248316098,,,-2368363.890134206,-1590233.647865405,0.1575065738887531,-0.46511627906977715,0.0,-0.034002040122427246,0.02127568036922156,5033.411214895,4410118.320075561,0.0011413324653858175,-1.382488479262678,False,False,falling,falling,buy_only,accelerating,neutral,False,False,False,pass,S0,🌱 초발사 준비,발사 구조 관찰 또는 초기 준비,S0,False,,,2026-09-06T18:10:00Z,34051589789-1
KRW-DKA,2026-09-07T03:32:04.302321+09:00,1788719524,5.04,-89.77243374447362,6.0,5269974.106071847,438928.6574040001,12.006448011940218,19,0.0,complete,1788718693959,1788719575317,22629890.05297566,15533938.96995628,0.18593393966720562,5.04,5.05,0.1984126984126977,0.0,0.1980198019801938,100.0,complete_hourly_ordered,/v1/candles/minutes/60,120,False,7.05394190871369,4.82,2026-09-02T11:00:00,5.16,2026-09-04T11:00:00,D-3,2.9069767441860517,44.11764705882371,False,0.49648324369051533,19.038955628081368,,True,,43816.45088415164,,0.008710873233781058,0.3984063745019917,0.0,0.027582402427261954,-0.019972472136675634,,,43816.45088415164,,0.008710873233781058,0.3984063745019917,0.0,0.027582402427261954,-0.019972472136675634,,,43816.45088415164,,0.008710873233781058,0.3984063745019917,0.0,0.027582402427261954,-0.019972472136675634,,,43816.45088415164,,0.008710873233781058,0.3984063745019917,0.0,0.027582402427261954,-0.019972472136675634,,11.956704702642702,9221.678743964825,-61.37982286917888,0.023398284535517178,0.8000000000000007,0.0,0.041373603640870726,-0.02995912428662706,,11.956704702642702,9221.678743964825,-61.37982286917888,0.023398284535517178,0.8000000000000007,0.0,0.041373603640870726,-0.02995912428662706,,,5257974.106071906,438928.6574040001,0.008710873233781058,0.3984063745019917,0.0,0.027582402427261954,-0.019972472136675634,5708902.7634758465,1239893.3318607002,4.6043499200923454,0.8000000000000007,False,False,rising,rising,buy_advantage_weakening,accelerating,neutral,False,True,False,pass,S0,🌱 초발사 준비,발사 구조 관찰 또는 초기 준비,S0,False,,,2026-09-06T18:10:00Z,34051589789-1
KRW-DOGE,2026-09-07T03:32:04.302321+09:00,1788719524,122.0,38.404968585119306,12.0,1062232408.641048,53667650.50807959,19.79278762130886,126,0.0,complete,1788718627821,1788719594801,112553029.37179454,107224552.29067686,0.024244861740725716,122.0,126.0,3.2786885245901676,0.0,3.1746031746031744,100.0,complete_hourly_ordered,/v1/candles/minutes/60,120,False,18.181818181818187,110.0,2026-09-02T10:00:00,130.0,2026-09-06T02:00:00,D-1,6.153846153846154,39.99999999999999,True,-0.22246941045606095,1.6582157050842805,3.564056493500534,False,18.987200119973643,252534.48339129446,10182.492093594656,0.07750908889426,0.0,0.0,0.05561735261401246,-0.04808183483211992,-0.1807442548587348,18.987200119973643,252534.48339129446,10182.492093594656,0.07750908889426,0.0,0.0,0.05561735261401246,-0.04808183483211992,-0.1807442548587348,18.987200119973643,252534.48339129446,10182.492093594656,0.07750908889426,0.0,0.0,0.05561735261401246,-0.04808183483211992,-0.1807442548587348,18.987200119973643,252534.48339129446,10182.492093594656,0.07750908889426,0.0,0.0,0.05561735261401246,-0.04808183483211992,-0.1807442548587348,,3558.5611761888126,,0.3133970754936257,0.0,0.0,0.0,0.0,0.0,,3558.5611761888126,,0.3133970754936257,0.0,0.0,0.0,0.0,0.0,18.987200119973643,1061811946.4799123,53145718.17864448,0.07750908889426,0.0,0.0,0.05561735261401246,-0.04808183483211992,1115900059.1491275,132306958.8785407,8.434175107701906,0.0,False,True,rising,rising,buy_advantage_accelerating,accelerating,leading_buy_inflow,False,False,False,pass,S1,⚡ 선행 시동,가격 미급등 상태에서 선행조건 5개 개선,S0,True,가격 미급등 상태에서 선행조건 5개 개선,2026-09-07T03:32:04.302321+09:00,2026-09-06T18:10:00Z,34051589789-1
KRW-DOOD,2026-09-07T03:32:04.302321+09:00,1788719524,2.55,643.9007394332185,8.0,66925856.70602412,56692987.872677535,1.1804961992182843,272,0.0,complete,1788718633070,1788719543810,35919282.77400127,128043608.71859808,-0.5618608278127063,2.0,2.58,29.000000000000004,27.499999999999993,1.1627906976744282,5.172413793103484,complete_hourly_ordered,/v1/candles/minutes/60,120,False,44.9438202247191,1.78,2026-09-02T19:00:00,2.58,2026-09-07T03:00:00,D0,1.1627906976744318,3.750000000000024,False,2.505368647100936,22.253138785205287,,False,-1.0212485989318711,-0.8467107043587885,84.9309121627998,38.05711345839882,3.658536585365857,2.0,0.3937007874015741,-0.2696895524843903,,-1.0212485989318711,-0.8467107043587885,84.9309121627998,38.05711345839882,3.658536585365857,2.0,0.3937007874015741,-0.2696895524843903,,-1.0212485989318711,-0.8467107043587885,84.9309121627998,38.05711345839882,3.658536585365857,2.0,0.3937007874015741,-0.2696895524843903,,-1.0212485989318711,-0.8467107043587885,84.9309121627998,38.05711345839882,3.658536585365857,2.0,0.3937007874015741,-0.2696895524843903,,0.07321794688581007,-33.353878365852054,-37.48747252497393,59.17465067892215,5.371900826446274,2.0,0.4652827487473088,-0.3187456565233262,,0.07321794688581007,-33.353878365852054,-37.48747252497393,59.17465067892215,5.371900826446274,2.0,0.4652827487473088,-0.3187456565233262,,-1.0212485989318711,-571507.4071059003,26036681.033738066,38.05711345839882,3.658536585365857,2.0,0.3937007874015741,-0.2696895524843903,123618844.57870165,4990292.763625581,24.77186218006361,5.371900826446274,False,False,falling,rising,buy_advantage_weakening,accelerating,neutral,False,False,False,pass,S0,🌱 초발사 준비,발사 구조 관찰 또는 초기 준비,S0,False,,,2026-09-06T18:10:00Z,34051589789-1
KRW-DOS,2026-09-07T03:32:04.302321+09:00,1788719524,327.0,,,0.0,0.0,,0,0.0,complete,,,886265.68413424,735778.96180191,0.09277594344234456,336.0,339.0,0.8928571428571397,-2.67857142857143,3.5398230088495577,400.00000000000125,complete_hourly_ordered,/v1/candles/minutes/60,120,False,10.543130990415328,313.0,2026-09-03T14:00:00,346.0,2026-09-04T13:00:00,D-3,5.491329479768781,57.57575757575763,True,,,,True,,-100.0,-100.0,,-0.6079027355623046,,,,,,-100.0,-100.0,,-0.6079027355623046,,,,,,-100.0,-100.0,,-0.6079027355623046,,,,,,-100.0,-100.0,,-0.6079027355623046,,,,,,-100.0,-100.0,,-1.5060240963855387,,,,,,-100.0,-100.0,,-1.5060240963855387,,,,,,-9999.99999733,-1775991.3849650598,,-0.6079027355623046,,,,0,23978847.096206818,0.0,-1.5060240963855387,False,False,falling,falling,unavailable,flat_or_na,neutral,False,True,False,pass,S0,🌱 초발사 준비,발사 구조 관찰 또는 초기 준비,S0,False,,,2026-09-06T18:10:00Z,34051589789-1
KRW-DOT,2026-09-07T03:32:04.302321+09:00,1788719524,1310.0,66.22158197601902,9.0,1637328.8771289599,7017652.096975501,0.23331576637072438,17,0.0,complete,1788718869817,1788719613133,53730.40906119,88859.80377244,-0.2463661005418228,1249.0,1350.0,8.086469175340284,4.883907125700571,2.9629629629629632,39.60396039603957,complete_hourly_ordered,/v1/candles/minutes/60,120,False,17.289313640312763,1151.0,2026-09-02T22:00:00,1350.0,2026-09-06T21:00:00,D-1,2.8888888888888853,19.597989949748726,False,0.2646669607410779,12.217139960656057,,False,-2.7804703209490444,-68.39382864846957,308.2631918724856,0.5119149051945016,0.0,0.0,0.0,0.0,,-2.7804703209490444,-68.39382864846957,308.2631918724856,0.5119149051945016,0.0,0.0,0.0,0.0,,-2.7804703209490444,-68.39382864846957,308.2631918724856,0.5119149051945016,0.0,0.0,0.0,0.0,,-2.7804703209490444,-68.39382864846957,308.2631918724856,0.5119149051945016,0.0,0.0,0.0,0.0,,-6.2668052830314425,-93.86406773178912,70.94559495362137,0.6983885420344365,-0.5315110098709219,0.0,-0.038597265108064605,0.030083089333079016,,-6.2668052830314425,-93.86406773178912,70.94559495362137,0.6983885420344365,-0.5315110098709219,0.0,-0.038597265108064605,0.030083089333079016,,-2.7804703209490444,-3543079.9073398905,5298748.155430031,0.5119149051945016,0.0,0.0,0.0,0.0,8654980.97410446,8448541.316342477,1.0244349468188854,-0.5315110098709219,False,False,falling,rising,sell_advantage_accelerating,accelerating,neutral,False,False,False,pass,S0,🌱 초발사 준비,발사 구조 관찰 또는 초기 준비,S0,False,,,2026-09-06T18:10:00Z,34051589789-1
KRW-DRV,2026-09-07T03:32:04.302321+09:00,1788719524,223.0,,,2342906.5467248,1965861.12348799,1.1917965713507908,7,0.0,complete,1788718858919,1788719687914,1368895.46260044,2796081.01112396,-0.3426635318415866,237.0,242.0,2.1097046413502074,-5.907172995780585,7.851239669421488,380.0000000000002,complete_hourly_ordered,/v1/candles/minutes/60,120,False,60.52631578947369,190.0,2026-09-02T15:00:00,305.0,2026-09-05T09:00:00,D-2,26.55737704918033,70.43478260869567,False,,,,True,1.1071110981639356,53.850946018336465,-89.06781536630783,,-0.44642857142856984,,,,,1.1071110981639356,53.850946018336465,-89.06781536630783,,-0.44642857142856984,,,,,1.1071110981639356,53.850946018336465,-89.06781536630783,,-0.44642857142856984,,,,,1.1071110981639356,53.850946018336465,-89.06781536630783,,-0.44642857142856984,,,,,0.3927632158248857,-77.56736318940433,-84.96016392818741,,-0.44642857142856984,,,,,0.3927632158248857,-77.56736318940433,-84.96016392818741,,-0.44642857142856984,,,,,1.1071110981639356,820064.7265350402,-16016465.276574377,,-0.44642857142856984,,,,4308767.67021279,8951527.335590405,0.48134441293404173,-0.44642857142856984,False,False,rising,falling,buy_advantage_accelerating,flat_or_na,neutral,True,True,False,🔴 1차 급등 완료·상승분 반납 / 신규매수 금지,S3,🔴 1차 급등 완료·반납,당일/5D 급등 후 상승분 상당 부분 반납,S3,False,,,2026-09-06T18:10:00Z,34051589789-1
KRW-EDGE,2026-09-07T03:32:04.302321+09:00,1788719524,95.6,67.19016122461514,9.0,58304.442991523996,35000.000000871994,1.6658412282877542,3,0.0,complete,1788719304338,1788719304463,559638.07183119,495659.5045997,0.060626091313382174,97.3,99.1,1.8499486125385323,-1.747173689619741,3.5317860746720484,194.4444444444453,complete_hourly_ordered,/v1/candles/minutes/60,120,False,10.382513661202175,91.5,2026-09-04T22:00:00,101.0,2026-09-05T09:00:00,D-2,5.346534653465351,56.84210526315788,True,-0.20066426792139103,10.241929210423956,,False,0.581642071145835,-92.48736375634748,-95.11046206266968,0.11257753231676304,-0.20876826722338038,0.0,-0.013838915029062981,0.0110498775469825,,0.581642071145835,-92.48736375634748,-95.11046206266968,0.11257753231676304,-0.20876826722338038,0.0,-0.013838915029062981,0.0110498775469825,,0.581642071145835,-92.48736375634748,-95.11046206266968,0.11257753231676304,-0.20876826722338038,0.0,-0.013838915029062981,0.0110498775469825,,0.581642071145835,-92.48736375634748,-95.11046206266968,0.11257753231676304,-0.20876826722338038,0.0,-0.013838915029062981,0.0110498775469825,,,-88.15477339240401,,0.1833999966427342,-0.6237006237006293,0.0,-0.041516745087188944,0.03314860119529328,,,-88.15477339240401,,0.1833999966427342,-0.6237006237006293,0.0,-0.041516745087188944,0.03314860119529328,,0.581642071145835,-717780.5570081209,-680814.0595170301,0.11257753231676304,-0.20876826722338038,0.0,-0.013838915029062981,0.0110498775469825,93304.44299239598,1439485.432714671,0.06481791400725513,-0.6237006237006293,False,False,falling,falling,buy_advantage_accelerating,accelerating,neutral,False,False,False,pass,S0,🌱 초발사 준비,발사 구조 관찰 또는 초기 준비,S0,False,,,2026-09-06T18:10:00Z,34051589789-1
KRW-EGLD,2026-09-07T03:32:04.302321+09:00,1788719524,6115.0,376.7353823070105,11.0,96398.59,0.0,,2,0.0,complete,1788718693987,1788718753051,7516.76952111,18551.26910896,-0.42329611922246757,6245.0,6355.0,1.7614091273018495,-2.081665332265814,3.7765538945712036,218.18181818181773,complete_hourly_ordered,/v1/candles/minutes/60,120,False,40.203327171903894,5410.0,2026-09-02T06:00:00,7585.0,2026-09-03T07:00:00,D-4,19.38035596572182,67.58620689655174,False,1.9622846423458462,-17.324074419232137,,True,,,,0.0052556124414309124,0.0,0.0,0.0,0.0,,,,,0.0052556124414309124,0.0,0.0,0.0,0.0,,,,,0.0052556124414309124,0.0,0.0,0.0,0.0,,,,,0.0052556124414309124,0.0,0.0,0.0,0.0,,,-97.3414506782755,,0.1141191245114328,0.3281378178835004,0.0,0.03702423853482184,-0.036356447709778195,,,-97.3414506782755,,0.1141191245114328,0.3281378178835004,0.0,0.03702423853482184,-0.036356447709778195,,,96398.59,0.0,0.0052556124414309124,0.0,0.0,0.0,0.0,96398.59,8001722.34594585,0.012047230062767833,0.3281378178835004,False,True,rising,flat_or_na,buy_only,accelerating,neutral,True,True,False,🔴 1차 급등 완료·상승분 반납 / 신규매수 금지,S3,🔴 1차 급등 완료·반납,당일/5D 급등 후 상승분 상당 부분 반납,S3,False,,,2026-09-06T18:10:00Z,34051589789-1
KRW-ELF,2026-09-07T03:32:04.302321+09:00,1788719524,89.7,149.02104145693588,13.0,0.0,0.0,,0,0.0,complete,,,1204177.58493608,874705.73577545,0.15848501254407255,91.4,91.5,0.1094091903719896,-1.8599562363238564,1.9672131147540954,1800.0000000000305,complete_hourly_ordered,/v1/candles/minutes/60,120,False,14.203233256351044,86.6,2026-09-02T21:00:00,98.9,2026-09-05T09:00:00,D-2,9.302325581395355,74.79674796747969,True,0.23196647710266305,5.590062111801251,8.339076427534968,True,,,-100.0,0.00025895178848145406,0.5605381165919354,0.0,0.03741394791978436,-0.031083262648085253,-0.12486192582739619,,,-100.0,0.00025895178848145406,0.5605381165919354,0.0,0.03741394791978436,-0.031083262648085253,-0.12486192582739619,,,-100.0,0.00025895178848145406,0.5605381165919354,0.0,0.03741394791978436,-0.031083262648085253,-0.12486192582739619,,,-100.0,0.00025895178848145406,0.5605381165919354,0.0,0.03741394791978436,-0.031083262648085253,-0.12486192582739619,,,-100.0,0.10319347229241771,0.5605381165919354,0.0,0.03741394791978436,-0.031083262648085253,-0.12486192582739619,,,-100.0,0.10319347229241771,0.5605381165919354,0.0,0.03741394791978436,-0.031083262648085253,-0.12486192582739619,,0.0,-484620.601676008,0.00025895178848145406,0.5605381165919354,0.0,0.03741394791978436,-0.031083262648085253,0,1335942.664728512,0.0,0.5605381165919354,False,False,flat_or_na,falling,unavailable,accelerating,neutral,False,True,False,pass,S1,⚡ 선행 시동,가격 미급등 상태에서 선행조건 5개 개선,S1,False,,,2026-09-06T18:10:00Z,34051589789-1
KRW-ELSA,2026-09-07T03:32:04.302321+09:00,1788719524,72.9,1537.1199205239716,11.0,731182.4462029729,508127.807669616,1.4389734928232598,7,0.0,complete,1788718657459,1788719823114,727523.44591344,2061882.18517692,-0.47836669016183503,72.7,78.1,7.427785419532307,0.27510316368639653,6.65813060179256,96.2962962962961,complete_hourly_ordered,/v1/candles/minutes/60,120,False,32.952691680261026,61.3,2026-09-02T10:00:00,81.5,2026-09-05T09:00:00,D-2,10.429447852760731,42.07920792079206,True,1.195219123505975,14.78861582263814,14.904222442232522,True,1.300752590569433,669.4392591255212,-26.091349732105062,0.06939022590267996,0.27510316368639653,0.0,0.031453134829106943,-0.023664840394063802,-0.0953975267356757,1.300752590569433,669.4392591255212,-26.091349732105062,0.06939022590267996,0.27510316368639653,0.0,0.031453134829106943,-0.023664840394063802,-0.0953975267356757,1.300752590569433,669.4392591255212,-26.091349732105062,0.06939022590267996,0.27510316368639653,0.0,0.031453134829106943,-0.023664840394063802,-0.0953975267356757,1.300752590569433,669.4392591255212,-26.091349732105062,0.06939022590267996,0.27510316368639653,0.0,0.031453134829106943,-0.023664840394063802,-0.0953975267356757,0.9506938192265129,-77.55612060033056,-92.38423072963349,1.0201021021052838,-0.1369863013698569,0.0,-0.010484378276354178,0.007887931932089032,0.03159586274200876,0.9506938192265129,-77.55612060033056,-92.38423072963349,1.0201021021052838,-0.1369863013698569,0.0,-0.010484378276354178,0.007887931932089032,0.03159586274200876,1.300752590569433,636154.4842773009,-179380.0900227612,0.06939022590267996,0.27510316368639653,0.0,0.031453134829106943,-0.023664840394063802,1239310.253872589,8671075.591568725,0.14292462806778272,-0.1369863013698569,False,True,rising,falling,buy_advantage_accelerating,accelerating,leading_buy_inflow,False,True,False,pass,S1,⚡ 선행 시동,가격 미급등 상태에서 선행조건 7개 개선,S1,False,,,2026-09-06T18:10:00Z,34051589789-1
KRW-ENA,2026-09-07T03:32:04.302321+09:00,1788719524,238.0,-19.13464366706824,6.0,21778357.26884902,13049270.039295418,1.6689329903716912,45,0.0,complete,1788718654203,1788719774682,7137062.95555378,6158851.38164459,0.07357234328536694,234.0,258.0,10.256410256410264,1.7094017094017033,7.751937984496124,83.3333333333334,complete_hourly_ordered,/v1/candles/minutes/60,120,False,27.722772277227726,202.0,2026-09-03T07:00:00,258.0,2026-09-06T10:00:00,D-1,7.751937984496127,35.714285714285744,False,0.6433823529411686,-52.22428174235403,,True,0.5574836878491607,-6.744942562641287,-37.89548822905876,0.12254973268204239,0.8474576271186418,0.0,0.06127450980391025,-0.07505222086172836,,0.5574836878491607,-6.744942562641287,-37.89548822905876,0.12254973268204239,0.8474576271186418,0.0,0.06127450980391025,-0.07505222086172836,,0.5574836878491607,-6.744942562641287,-37.89548822905876,0.12254973268204239,0.8474576271186418,0.0,0.06127450980391025,-0.07505222086172836,,0.5574836878491607,-6.744942562641287,-37.89548822905876,0.12254973268204239,0.8474576271186418,0.0,0.06127450980391025,-0.07505222086172836,,-7.174155929661615,-85.29120774730508,-22.06328321911244,0.4279230846556139,0.42194092827003704,0.0,0.0,0.0,,-7.174155929661615,-85.29120774730508,-22.06328321911244,0.4279230846556139,0.42194092827003704,0.0,0.0,0.0,,0.5574836878491607,-1575182.8686153516,-7962520.6779793035,0.12254973268204239,0.8474576271186418,0.0,0.06127450980391025,-0.07505222086172836,34827627.308144435,238030003.48334327,0.1463161231713446,0.42194092827003704,False,False,falling,falling,buy_advantage_accelerating,accelerating,neutral,False,False,False,pass,S0,🌱 초발사 준비,발사 구조 관찰 또는 초기 준비,S0,False,,,2026-09-06T18:10:00Z,34051589789-1
KRW-ENS,2026-09-07T03:32:04.302321+09:00,1788719524,8485.0,30.369932687180757,9.0,11797915.979761802,41105412.620163545,0.2870161185044166,32,0.0,complete,1788718744014,1788719742450,15982.43675705,15070.48371755,0.029367706018051987,8090.0,8605.0,6.365883807169337,4.8825710754017315,1.3945380592678676,23.300970873786294,complete_hourly_ordered,/v1/candles/minutes/60,120,False,20.433869839048292,7145.0,2026-09-03T04:00:00,8605.0,2026-09-07T01:00:00,D0,1.336432306798374,7.876712328767173,False,0.5960376091336483,-9.508170503938176,,False,-4.127152922327761,0.8755806533829347,1451.4176256595165,0.5790340954837454,0.4736530491415092,0.0,0.03777703156480072,-0.035496404139237825,,-4.127152922327761,0.8755806533829347,1451.4176256595165,0.5790340954837454,0.4736530491415092,0.0,0.03777703156480072,-0.035496404139237825,,-4.127152922327761,0.8755806533829347,1451.4176256595165,0.5790340954837454,0.4736530491415092,0.0,0.03777703156480072,-0.035496404139237825,,-4.127152922327761,0.8755806533829347,1451.4176256595165,0.5790340954837454,0.4736530491415092,0.0,0.03777703156480072,-0.035496404139237825,,-1.5457373527804823,-89.46459875153022,-32.725753138442215,2.2274814135844636,-0.46920821114369016,0.0,-0.0335795836131636,0.03154929570657217,,-1.5457373527804823,-89.46459875153022,-32.725753138442215,2.2274814135844636,-0.46920821114369016,0.0,-0.0335795836131636,0.03154929570657217,,-4.127152922327761,102403.64333179593,38455873.776443794,0.5790340954837454,0.4736530491415092,0.0,0.03777703156480072,-0.035496404139237825,52903328.59992535,40360553.9048452,1.3107681506217983,-0.46920821114369016,False,False,rising,rising,sell_advantage_accelerating,accelerating,neutral,False,False,False,pass,S0,🌱 초발사 준비,발사 구조 관찰 또는 초기 준비,S0,False,,,2026-09-06T18:10:00Z,34051589789-1
KRW-ENSO,2026-09-07T03:32:04.302321+09:00,1788719524,1219.0,-43.39402060414347,3.0,1071247.9135662199,1854400.62325281,0.577678792885186,5,0.0,complete,1788719350558,1788719899912,94045.88427941,69604.85688568,0.1493487118953774,1245.0,1278.0,2.650602409638547,-2.08835341365462,4.616588419405321,178.78787878787907,complete_hourly_ordered,/v1/candles/minutes/60,120,False,12.302284710017574,1138.0,2026-09-04T17:00:00,1278.0,2026-09-06T15:00:00,D-1,4.616588419405321,42.142857142857146,False,0.18007878446819614,-6.5884307664673365,,False,0.577678792885186,,194.1013764665274,0.019210868232320877,0.5775577557755707,0.0,0.03376477208778539,-0.03113960657301007,,0.577678792885186,,194.1013764665274,0.019210868232320877,0.5775577557755707,0.0,0.03376477208778539,-0.03113960657301007,,0.577678792885186,,194.1013764665274,0.019210868232320877,0.5775577557755707,0.0,0.03376477208778539,-0.03113960657301007,,0.577678792885186,,194.1013764665274,0.019210868232320877,0.5775577557755707,0.0,0.03376477208778539,-0.03113960657301007,,-182.90019559698132,-88.06389498294072,3691.0534435345335,0.13941822357629263,0.24671052631579649,0.0,0.016882386043892694,-0.015569453691362867,,-182.90019559698132,-88.06389498294072,3691.0534435345335,0.13941822357629263,0.24671052631579649,0.0,0.016882386043892694,-0.015569453691362867,,0.577678792885186,1071247.9135662199,1223869.53035809,0.019210868232320877,0.5775577557755707,0.0,0.03376477208778539,-0.03113960657301007,2925648.5368190296,9484698.22234476,0.30845984429178447,0.24671052631579649,False,False,rising,rising,sell_advantage_weakening,accelerating,neutral,False,True,False,pass,S0,🌱 초발사 준비,발사 구조 관찰 또는 초기 준비,S0,False,,,2026-09-06T18:10:00Z,34051589789-1
KRW-ERA,2026-09-07T03:32:04.302321+09:00,1788719524,81.4,-86.15183763940189,5.0,0.0,817784.001286406,0.0,5,0.0,complete,1788718696751,1788719636205,1088297.18567301,583272.60472946,0.3021259320688928,80.5,82.4,2.360248447204971,1.1180124223602483,1.2135922330097086,52.631578947368475,complete_hourly_ordered,/v1/candles/minutes/60,120,False,5.23627075351214,78.3,2026-09-04T21:00:00,82.4,2026-09-06T23:00:00,D-1,1.2135922330097082,24.390243902439053,False,-0.03284611594677189,37.10761680281552,,False,,-100.0,,0.008974912755931541,-0.2450980392156743,0.0,-0.016423057973369293,0.009519848851532231,,,-100.0,,0.008974912755931541,-0.2450980392156743,0.0,-0.016423057973369293,0.009519848851532231,,,-100.0,,0.008974912755931541,-0.2450980392156743,0.0,-0.016423057973369293,0.009519848851532231,,,-100.0,,0.008974912755931541,-0.2450980392156743,0.0,-0.016423057973369293,0.009519848851532231,,,,,0.023080927123430683,-0.12269938650305567,0.0,-0.008211528986690197,0.004759955163507357,,,,,0.023080927123430683,-0.12269938650305567,0.0,-0.008211528986690197,0.004759955163507357,,,-109999.99999867199,817784.001286406,0.008974912755931541,-0.2450980392156743,0.0,-0.016423057973369293,0.009519848851532231,817784.001286406,3595222.903064669,0.2274640608762544,-0.12269938650305567,False,False,falling,rising,sell_only,accelerating,neutral,False,True,False,pass,S0,🌱 초발사 준비,발사 구조 관찰 또는 초기 준비,S0,False,,,2026-09-06T18:10:00Z,34051589789-1
KRW-ESP,2026-09-07T03:32:04.302321+09:00,1788719524,124.0,15.491328441289397,5.0,0.0,0.0,,0,0.0,complete,,,1962892.78885683,1973536.81137908,-0.002703978885234493,120.0,125.0,4.166666666666674,3.3333333333333437,0.8,19.999999999999893,complete_hourly_ordered,/v1/candles/minutes/60,120,False,12.612612612612617,111.0,2026-09-02T03:00:00,125.0,2026-09-05T13:00:00,D-2,0.8000000000000007,7.1428571428572365,True,0.28248587570620654,-14.272838472928607,,True,,-100.0,,0.18590675076983665,0.8130081300812941,0.0,0.05649717514124575,-0.055187532113826876,,,-100.0,,0.18590675076983665,0.8130081300812941,0.0,0.05649717514124575,-0.055187532113826876,,,-100.0,,0.18590675076983665,0.8130081300812941,0.0,0.05649717514124575,-0.055187532113826876,,,-100.0,,0.18590675076983665,0.8130081300812941,0.0,0.05649717514124575,-0.055187532113826876,,,-100.0,-100.0,0.5105830667710514,0.0,0.0,0.0,0.0,,,-100.0,-100.0,0.5105830667710514,0.0,0.0,0.0,0.0,,,-1629019.16303292,0.0,0.18590675076983665,0.8130081300812941,0.0,0.05649717514124575,-0.055187532113826876,0,3150229.492986535,0.0,0.0,False,False,falling,flat_or_na,unavailable,accelerating,neutral,False,False,False,pass,S0,🌱 초발사 준비,발사 구조 관찰 또는 초기 준비,S0,False,,,2026-09-06T18:10:00Z,34051589789-1
KRW-ETC,2026-09-07T03:32:04.302321+09:00,1788719524,10520.0,-10.063416396323333,11.0,0.0,14011.853630000001,0.0,1,0.0,complete,1788719382760,1788719382760,16394.90968765,15045.7950848,0.042909807926194005,10540.0,10740.0,1.8975332068311257,-0.189753320683117,2.0484171322160147,110.00000000000023,complete_hourly_ordered,/v1/candles/minutes/60,120,False,9.31297709923664,9825.0,2026-09-02T19:00:00,10740.0,2026-09-06T10:00:00,D-1,2.0484171322160183,24.043715846994505,False,-0.19108280254777066,3.2596616866279793,9.220073027654633,True,-0.42381738059601703,-100.0,-92.92507323613243,0.04523407736446394,-0.189753320683117,0.0,-0.012738853503191372,0.010853945050951719,0.08678062852907686,-0.42381738059601703,-100.0,-92.92507323613243,0.04523407736446394,-0.189753320683117,0.0,-0.012738853503191372,0.010853945050951719,0.08678062852907686,-0.42381738059601703,-100.0,-92.92507323613243,0.04523407736446394,-0.189753320683117,0.0,-0.012738853503191372,0.010853945050951719,0.08678062852907686,-0.42381738059601703,-100.0,-92.92507323613243,0.04523407736446394,-0.189753320683117,0.0,-0.012738853503191372,0.010853945050951719,0.08678062852907686,-28.927020505137175,-100.0,-86.28402733238578,0.18454564802184947,-0.189753320683117,0.0,-0.006369426751606788,0.005427014405119834,0.04352345304566008,-28.927020505137175,-100.0,-86.28402733238578,0.18454564802184947,-0.189753320683117,0.0,-0.006369426751606788,0.005427014405119834,0.04352345304566008,-0.42381738059601703,-83936.7996442,-184037.5975892,0.04523407736446394,-0.189753320683117,0.0,-0.012738853503191372,0.010853945050951719,14011.853630000001,11098216.7839946,0.001262531981733077,-0.189753320683117,False,True,falling,falling,sell_only,accelerating,neutral,False,False,False,pass,S1,⚡ 선행 시동,가격 미급등 상태에서 선행조건 3개 개선,S1,False,,,2026-09-06T18:10:00Z,34051589789-1
KRW-ETH,2026-09-07T03:32:04.302321+09:00,1788719524,3401000.0,7.6478864005183445,5.0,80585164.95535998,77461470.61268002,1.0403257815527276,298,0.0,complete,1788718645892,1788719675490,269.36745987,658.22120132,-0.4192092440534374,3387000.0,3439000.0,1.5352819604369738,0.4133451431945767,1.1049723756906076,73.07692307692263,complete_hourly_ordered,/v1/candles/minutes/60,120,False,7.222222222222219,3240000.0,2026-09-02T19:00:00,3474000.0,2026-09-04T18:00:00,D-3,2.043753598157738,30.341880341880213,False,0.16525998937615416,-18.988968869776564,,True,-10.043665407834679,-31.77215268612028,626.9231157274584,0.13625967281485352,0.20624631703005658,0.0,0.011804284955441169,-0.011937160564130522,,-10.043665407834679,-31.77215268612028,626.9231157274584,0.13625967281485352,0.20624631703005658,0.0,0.011804284955441169,-0.011937160564130522,,-10.043665407834679,-31.77215268612028,626.9231157274584,0.13625967281485352,0.20624631703005658,0.0,0.011804284955441169,-0.011937160564130522,,-10.043665407834679,-31.77215268612028,626.9231157274584,0.13625967281485352,0.20624631703005658,0.0,0.011804284955441169,-0.011937160564130522,,0.3358144785291637,39.64469712247887,-5.432250863522237,0.25144176188898193,0.4430005906674639,0.0,0.03344547404042775,-0.03382304186022367,,0.3358144785291637,39.64469712247887,-5.432250863522237,0.25144176188898193,0.4430005906674639,0.0,0.03344547404042775,-0.03382304186022367,,-10.043665407834679,-37526673.726330906,66805395.85914002,0.13625967281485352,0.20624631703005658,0.0,0.011804284955441169,-0.011937160564130522,158046635.56804,650558954.0690001,0.24293975907874008,0.4430005906674639,False,False,falling,rising,buy_advantage_weakening,accelerating,neutral,False,False,False,pass,S0,🌱 초발사 준비,발사 구조 관찰 또는 초기 준비,S0,False,,,2026-09-06T18:10:00Z,34051589789-1
KRW-ETHFI,2026-09-07T03:32:04.302321+09:00,1788719524,781.0,46.34821149526651,4.0,8957912.319595372,1658132.2350236797,5.402411297713807,17,0.0,complete,1788718776724,1788719508319,192331.88747369,132428.43793351,0.18445433402331457,782.0,822.0,5.115089514066495,-0.12787723785165905,4.987834549878346,102.49999999999993,complete_hourly_ordered,/v1/candles/minutes/60,120,False,12.195121951219523,738.0,2026-09-03T00:00:00,828.0,2026-09-04T02:00:00,D-3,5.676328502415462,52.22222222222233,True,-0.09343412893909608,-30.07464749792645,,True,5.402411297713807,,-14.768461982300307,0.47553056867914734,1.1658031088082943,0.0,0.06795209377389311,-0.07409449234108578,,5.402411297713807,,-14.768461982300307,0.47553056867914734,1.1658031088082943,0.0,0.06795209377389311,-0.07409449234108578,,5.402411297713807,,-14.768461982300307,0.47553056867914734,1.1658031088082943,0.0,0.06795209377389311,-0.07409449234108578,,5.402411297713807,,-14.768461982300307,0.47553056867914734,1.1658031088082943,0.0,0.06795209377389311,-0.07409449234108578,,-0.18259083528286446,32.44007157211588,36.916284500129805,1.0716708496856242,0.0,0.0,0.008494011721726924,-0.009260915308502149,,-0.18259083528286446,32.44007157211588,36.916284500129805,1.0716708496856242,0.0,0.0,0.008494011721726924,-0.009260915308502149,,5.402411297713807,8957912.319595372,-287312.2255460005,0.47553056867914734,1.1658031088082943,0.0,0.06795209377389311,-0.07409449234108578,10616044.554619052,3710247.74456056,2.8612764660211147,0.0,False,False,rising,falling,buy_advantage_accelerating,accelerating,neutral,False,True,False,pass,S0,🌱 초발사 준비,발사 구조 관찰 또는 초기 준비,S0,False,,,2026-09-06T18:10:00Z,34051589789-1
KRW-EUL,2026-09-07T03:32:04.302321+09:00,1788719524,1794.0,,,0.0,0.0,,0,0.0,complete,,,56715.26448501,46346.24618789,0.10060999716984091,1801.0,1810.0,0.49972237645752315,-0.38867295946696245,0.8839779005524863,177.77777777777777,complete_hourly_ordered,/v1/candles/minutes/60,120,False,7.87221905305191,1753.0,2026-09-05T05:00:00,1891.0,2026-09-05T15:00:00,D-2,5.129561078794287,70.28985507246368,False,,,,False,,-100.0,-100.0,,0.6169377453729696,,,,,,-100.0,-100.0,,0.6169377453729696,,,,,,-100.0,-100.0,,0.6169377453729696,,,,,,-100.0,-100.0,,0.6169377453729696,,,,,,-100.0,,,1.5855039637599155,,,,,,-100.0,,,1.5855039637599155,,,,,,-196989.65961392,-1804391.9854685199,,0.6169377453729696,,,,0,4598663.500625741,0.0,1.5855039637599155,False,False,falling,falling,unavailable,flat_or_na,neutral,False,False,False,pass,S0,🌱 초발사 준비,발사 구조 관찰 또는 초기 준비,S0,False,,,2026-09-06T18:10:00Z,34051589789-1
KRW-EURC,2026-09-07T03:32:04.302321+09:00,1788719524,1570.0,,,0.0,0.0,,0,0.0,complete,,,18441.52255845,105844.02497069,-0.7032394687061069,1586.0,1591.0,0.31525851197982124,-1.0088272383354302,1.3199245757385292,420.00000000000074,complete_hourly_ordered,/v1/candles/minutes/60,120,False,2.6434558349452075,1551.0,2026-09-05T09:00:00,1592.0,2026-09-05T10:00:00,D-2,1.3819095477386911,53.65853658536571,False,,,,False,,,,,0.0,,,,,,,,,0.0,,,,,,,,,0.0,,,,,,,,,0.0,,,,,,,,,-0.8838383838383868,,,,,,,,,-0.8838383838383868,,,,,,0.0,0.0,,0.0,,,,0,499999.99998546,0.0,-0.8838383838383868,False,False,flat_or_na,flat_or_na,unavailable,flat_or_na,neutral,False,False,False,pass,S0,🌱 초발사 준비,발사 구조 관찰 또는 초기 준비,S0,False,,,2026-09-06T18:10:00Z,34051589789-1
KRW-F,2026-09-07T03:32:04.302321+09:00,1788719524,4.65,-42.46869749113634,8.0,0.0,3638267.710419057,0.0,2,0.0,complete,1788719095595,1788719122401,7478087.82571656,19845054.05333443,-0.4526187464956139,4.65,4.72,1.5053763440860068,0.0,1.4830508474576143,100.0,complete_hourly_ordered,/v1/candles/minutes/60,120,False,9.76744186046512,4.3,2026-09-02T19:00:00,4.72,2026-09-03T19:00:00,D-4,1.483050847457612,16.666666666666547,False,0.4766870251750488,17.54278728606356,,True,,-100.0,,0.07002186717405579,0.0,0.0,0.0,0.0,,,-100.0,,0.07002186717405579,0.0,0.0,0.0,0.0,,,-100.0,,0.07002186717405579,0.0,0.0,0.0,0.0,,,-100.0,,0.07002186717405579,0.0,0.0,0.0,0.0,,,-100.0,,0.12498252031478074,0.0,0.0,0.014896469536740398,-0.010965063452786694,,,-100.0,,0.12498252031478074,0.0,0.0,0.014896469536740398,-0.010965063452786694,,,-1281602.198900526,3638267.710419057,0.07002186717405579,0.0,0.0,0.0,0.0,3638267.710419057,3375082.5595331457,1.0779788779218236,0.0,False,False,falling,rising,sell_only,accelerating,neutral,False,False,False,pass,S0,🌱 초발사 준비,발사 구조 관찰 또는 초기 준비,S0,False,,,2026-09-06T18:10:00Z,34051589789-1
KRW-FCT2,2026-09-07T03:32:04.302321+09:00,1788719524,9.77,45.08112679669048,7.0,0.0,0.0,,0,0.0,complete,,,8546812.03062783,45005327.73757368,-0.6808040885902077,9.85,10.1,2.538071065989844,-0.8121827411167515,3.267326732673268,132.00000000000006,complete_hourly_ordered,/v1/candles/minutes/60,120,False,8.994708994709,9.45,2026-09-02T07:00:00,10.3,2026-09-02T19:00:00,D-4,5.145631067961176,62.352941176470665,False,0.5119214586255083,22.180446025002386,,True,,,-100.0,0.0,0.0,0.0,0.0,0.0,,,,-100.0,0.0,0.0,0.0,0.0,0.0,,,,-100.0,0.0,0.0,0.0,0.0,0.0,,,,-100.0,0.0,0.0,0.0,0.0,0.0,,,-100.0,,0.7453861120550158,-1.213346814964622,0.0,-0.08415147265079526,0.05881028076046846,,,-100.0,,0.7453861120550158,-1.213346814964622,0.0,-0.08415147265079526,0.05881028076046846,,,0.0,-138670.5055080258,0.0,0.0,0.0,0.0,0.0,0,499005.99031721056,0.0,-1.213346814964622,False,False,flat_or_na,falling,unavailable,flat_or_na,neutral,False,False,False,pass,S0,🌱 초발사 준비,발사 구조 관찰 또는 초기 준비,S0,False,,,2026-09-06T18:10:00Z,34051589789-1
KRW-FF,2026-09-07T03:32:04.302321+09:00,1788719524,162.0,93.2921580527086,8.0,253368.0,0.0,,1,0.0,complete,1788718636767,1788718636767,852024.81895346,2530448.26872083,-0.4962119154424418,163.0,165.0,1.2269938650306678,-0.6134969325153339,1.8181818181818181,150.0,complete_hourly_ordered,/v1/candles/minutes/60,120,False,36.50793650793651,126.0,2026-09-03T16:00:00,172.0,2026-09-06T04:00:00,D-1,5.813953488372093,21.7391304347826,False,2.6740665993945534,-22.296591771272322,,True,,4.921946189397919,-100.0,0.16831866050026179,0.6211180124223503,0.0,0.0,0.0,,,4.921946189397919,-100.0,0.16831866050026179,0.6211180124223503,0.0,0.0,0.0,,,4.921946189397919,-100.0,0.16831866050026179,0.6211180124223503,0.0,0.0,0.0,,,4.921946189397919,-100.0,0.16831866050026179,0.6211180124223503,0.0,0.0,0.0,,,,-100.0,0.3140024895933351,-0.6134969325153339,0.0,-0.050454086781015484,0.0509057687076897,,,,-100.0,0.3140024895933351,-0.6134969325153339,0.0,-0.050454086781015484,0.0509057687076897,,,11885.632199999993,-38521.47239248,0.16831866050026179,0.6211180124223503,0.0,0.0,0.0,253368.0,14376597.3916742,0.017623641609852057,-0.6134969325153339,False,False,rising,falling,buy_only,accelerating,neutral,False,True,False,pass,S0,🌱 초발사 준비,발사 구조 관찰 또는 초기 준비,S0,False,,,2026-09-06T18:10:00Z,34051589789-1
KRW-FIL,2026-09-07T03:32:04.302321+09:00,1788719524,1081.0,8.969105047341607,8.0,0.0,132798.688,0.0,3,0.0,complete,1788719326828,1788719347356,121765.42234708,113213.04493386,0.03639643032905986,1077.0,1156.0,7.335190343546882,0.3714020427112441,6.487889273356401,94.93670886075937,complete_hourly_ordered,/v1/candles/minutes/60,120,False,14.003944773175547,1014.0,2026-09-04T21:00:00,1156.0,2026-09-06T11:00:00,D-1,6.487889273356407,52.816901408450725,False,0.242766222688795,12.420642313590053,,True,-44.04774286493912,-100.0,279.4248229272822,0.06379964147742356,0.1853568118628468,0.0,0.026244997047442098,-0.02041992754958244,,-44.04774286493912,-100.0,279.4248229272822,0.06379964147742356,0.1853568118628468,0.0,0.026244997047442098,-0.02041992754958244,,-44.04774286493912,-100.0,279.4248229272822,0.06379964147742356,0.1853568118628468,0.0,0.026244997047442098,-0.02041992754958244,,-44.04774286493912,-100.0,279.4248229272822,0.06379964147742356,0.1853568118628468,0.0,0.026244997047442098,-0.02041992754958244,,-0.18641200488462395,-100.0,0.9801555305446019,0.19128519670310595,0.0,0.0,0.0065612492618605245,-0.005104872147665418,,-0.18641200488462395,-100.0,0.9801555305446019,0.19128519670310595,0.0,0.0,0.0065612492618605245,-0.005104872147665418,,-44.04774286493912,-1541670.9999878802,97798.68800647,0.06379964147742356,0.1853568118628468,0.0,0.026244997047442098,-0.02041992754958244,132798.688,4632728.502203269,0.02866532928420963,0.0,False,False,falling,rising,sell_only,accelerating,neutral,False,False,False,pass,S0,🌱 초발사 준비,발사 구조 관찰 또는 초기 준비,S0,False,,,2026-09-06T18:10:00Z,34051589789-1
KRW-FLOCK,2026-09-07T03:32:04.302321+09:00,1788719524,101.0,163.62724282224644,12.0,146297382.43210113,159249360.67565838,0.9186685699169844,412,0.0,complete,1788718628473,1788719917621,2119291.19848649,14126947.20579621,-0.7391037671923095,87.5,112.0,28.000000000000004,15.428571428571436,9.821428571428571,44.89795918367345,complete_hourly_ordered,/v1/candles/minutes/60,120,False,139.82869379014988,46.7,2026-09-02T10:00:00,112.0,2026-09-06T20:00:00,D-1,10.803571428571423,18.529862174578852,True,7.172342621259031,6.962680926117757,1.7060905408930374,True,-0.7036738639342616,-77.85295820789771,-60.88895727993469,0.735730765624254,1.2024048096192397,0.0,0.12899896800826482,-0.09897556713418876,-0.032686215934144114,-0.7036738639342616,-77.85295820789771,-60.88895727993469,0.735730765624254,1.2024048096192397,0.0,0.12899896800826482,-0.09897556713418876,-0.032686215934144114,-0.7036738639342616,-77.85295820789771,-60.88895727993469,0.735730765624254,1.2024048096192397,0.0,0.12899896800826482,-0.09897556713418876,-0.032686215934144114,-0.7036738639342616,-77.85295820789771,-60.88895727993469,0.735730765624254,1.2024048096192397,0.0,0.12899896800826482,-0.09897556713418876,-0.032686215934144114,0.25422843115540994,-17.500112122766797,-40.33078006150069,2.3467282014619286,2.538071065989844,0.0,0.34829721362228394,-0.2672976486116285,-0.0890116201839739,0.25422843115540994,-17.500112122766797,-40.33078006150069,2.3467282014619286,2.538071065989844,0.0,0.34829721362228394,-0.2672976486116285,-0.0890116201839739,-0.7036738639342616,-514275635.876246,-247923012.13852373,0.735730765624254,1.2024048096192397,0.0,0.12899896800826482,-0.09897556713418876,305546743.1077595,247506529.42241096,1.234499727424537,2.538071065989844,False,False,falling,falling,sell_advantage_accelerating,accelerating,neutral,False,True,False,pass,S0,🌱 초발사 준비,발사 구조 관찰 또는 초기 준비,S0,False,,,2026-09-06T18:10:00Z,34051589789-1
KRW-FLUID,2026-09-07T03:32:04.302321+09:00,1788719524,1724.0,-46.81648522715047,7.0,0.0,0.0,,0,0.0,complete,,,27874.14377253,32815.86917207,-0.08142567713819711,1716.0,1751.0,2.0396270396270344,0.4662004662004726,1.5419760137064535,77.14285714285677,complete_hourly_ordered,/v1/candles/minutes/60,120,False,6.314511232544029,1647.0,2026-09-04T21:00:00,1751.0,2026-09-06T21:00:00,D-1,1.5419760137064586,25.961538461538453,False,-0.3106738664102271,-1.6106383179243602,,True,,,,0.0,0.0,0.0,0.0,0.0,,,,,0.0,0.0,0.0,0.0,0.0,,,,,0.0,0.0,0.0,0.0,0.0,,,,,0.0,0.0,0.0,0.0,0.0,,,,,0.0,0.0,0.0,0.0,0.0,,,,,0.0,0.0,0.0,0.0,0.0,,,0.0,0.0,0.0,0.0,0.0,0.0,0.0,0,975396.478887885,0.0,0.0,False,False,flat_or_na,flat_or_na,unavailable,flat_or_na,neutral,False,False,False,pass,S0,🌱 초발사 준비,발사 구조 관찰 또는 초기 준비,S0,False,,,2026-09-06T18:10:00Z,34051589789-1
KRW-FOLD,2026-09-07T03:32:04.302321+09:00,1788719524,78.4,,,25453364.90480569,19908523.30822683,1.278515965786752,66,0.0,complete,1788718632465,1788719549412,1436268.55125321,1697219.79366213,-0.08327819148660985,76.1,78.8,3.547963206307503,3.0223390275952777,0.5076142131979587,14.814814814814884,complete_hourly_ordered,/v1/candles/minutes/60,120,False,13.5831381733021,85.4,2026-09-02T19:00:00,97.0,2026-09-03T09:00:00,D-4,19.175257731958762,160.34482758620692,True,,,,False,1.278515965786752,,63.81731665729746,,1.1612903225806548,,,,,1.278515965786752,,63.81731665729746,,1.1612903225806548,,,,,1.278515965786752,,63.81731665729746,,1.1612903225806548,,,,,1.278515965786752,,63.81731665729746,,1.1612903225806548,,,,,-16.030571222314947,62.7832785233583,2103.828529424726,,0.9009009009009139,,,,,-16.030571222314947,62.7832785233583,2103.828529424726,,0.9009009009009139,,,,,1.278515965786752,25453364.90480569,7755642.456274493,,1.1612903225806548,,,,45361888.21303252,25892687.56070863,1.7519188808298067,0.9009009009009139,False,False,rising,rising,buy_advantage_accelerating,flat_or_na,neutral,False,True,False,pass,S0,🌱 초발사 준비,발사 구조 관찰 또는 초기 준비,S0,False,,,2026-09-06T18:10:00Z,34051589789-1
KRW-G,2026-09-07T03:32:04.302321+09:00,1788719524,5.29,-15.189867998006212,3.0,0.0,0.0,,0,0.0,complete,,,10974505.27230774,10474410.31140622,0.023315629125849162,5.26,5.34,1.520912547528508,0.5703422053231932,0.936329588014978,62.49999999999982,complete_hourly_ordered,/v1/candles/minutes/60,120,False,5.5335968379446765,5.06,2026-09-02T03:00:00,5.34,2026-09-06T20:00:00,D-1,0.9363295880149725,17.857142857142712,False,-0.20278833967047882,-5.091758425091757,,False,,,,0.0065368911261298734,0.0,0.0,0.0,0.0,,,,,0.0065368911261298734,0.0,0.0,0.0,0.0,,,,,0.0065368911261298734,0.0,0.0,0.0,0.0,,,,,0.0065368911261298734,0.0,0.0,0.0,0.0,,,-100.0,,0.01601424148203101,-0.18867924528301883,0.0,0.012674271229407008,-0.011593590843602009,,,-100.0,,0.01601424148203101,-0.18867924528301883,0.0,0.012674271229407008,-0.011593590843602009,,,0.0,0.0,0.0065368911261298734,0.0,0.0,0.0,0.0,0,1329648.5391377239,0.0,-0.18867924528301883,False,False,flat_or_na,flat_or_na,unavailable,accelerating,neutral,False,False,False,pass,S0,🌱 초발사 준비,발사 구조 관찰 또는 초기 준비,S0,False,,,2026-09-06T18:10:00Z,34051589789-1
KRW-GAME2,2026-09-07T03:32:04.302321+09:00,1788719524,1.15,-42.419650913025464,5.0,0.0,0.0,,0,0.0,complete,,,100133962.30515777,194796203.58799502,-0.32096493417744004,1.15,1.16,0.8695652173912993,0.0,0.8620689655172422,100.0,complete_hourly_ordered,/v1/candles/minutes/60,120,False,11.711711711711704,1.11,2026-09-02T18:00:00,1.24,2026-09-03T09:00:00,D-4,7.258064516129037,69.23076923076934,False,0.3614457831325302,19.855200572462856,,True,,,,0.004472819700538366,0.0,0.0,0.0,0.0,,,,,0.004472819700538366,0.0,0.0,0.0,0.0,,,,,0.004472819700538366,0.0,0.0,0.0,0.0,,,,,0.004472819700538366,0.0,0.0,0.0,0.0,,,,,0.004472819700538366,0.0,0.0,0.0,0.0,,,,,0.004472819700538366,0.0,0.0,0.0,0.0,,,0.0,0.0,0.004472819700538366,0.0,0.0,0.0,0.0,0,1479478.0238173546,0.0,0.0,False,False,flat_or_na,flat_or_na,unavailable,accelerating,neutral,False,True,False,pass,S0,🌱 초발사 준비,발사 구조 관찰 또는 초기 준비,S0,False,,,2026-09-06T18:10:00Z,34051589789-1
KRW-GAS,2026-09-07T03:32:04.302321+09:00,1788719524,1684.0,-84.58060535254015,7.0,0.0,0.0,,0,0.0,complete,,,35325.39122122,31826.84859079,0.05209867370357313,1693.0,1698.0,0.2953337271116352,-0.53160070880095,0.8244994110718492,280.0000000000023,complete_hourly_ordered,/v1/candles/minutes/60,120,False,5.230769230769239,1625.0,2026-09-03T10:00:00,1710.0,2026-09-06T00:00:00,D-1,1.520467836257311,30.588235294117627,False,0.21620786842206918,-1.1067128243330717,,True,,-100.0,-100.0,0.0050515327633746665,0.29779630732578166,0.0,0.011582564379764015,-0.010208783043755165,,,-100.0,-100.0,0.0050515327633746665,0.29779630732578166,0.0,0.011582564379764015,-0.010208783043755165,,,-100.0,-100.0,0.0050515327633746665,0.29779630732578166,0.0,0.011582564379764015,-0.010208783043755165,,,-100.0,-100.0,0.0050515327633746665,0.29779630732578166,0.0,0.011582564379764015,-0.010208783043755165,,,,-100.0,0.018744466550501215,0.29779630732578166,0.0,0.019304273966258556,-0.01701480409720868,,,,-100.0,0.018744466550501215,0.29779630732578166,0.0,0.019304273966258556,-0.01701480409720868,,,-460645.24836444,-1100857.18905961,0.0050515327633746665,0.29779630732578166,0.0,0.011582564379764015,-0.010208783043755165,0,4373363.67755493,0.0,0.29779630732578166,False,False,falling,falling,unavailable,accelerating,neutral,False,False,False,pass,S0,🌱 초발사 준비,발사 구조 관찰 또는 초기 준비,S0,False,,,2026-09-06T18:10:00Z,34051589789-1
KRW-GEOD,2026-09-07T03:32:04.302321+09:00,1788719524,310.0,,,81119.76474351,98738.3652763,0.8215627686007582,6,0.0,complete,1788719283945,1788719350088,286148.54061917,453997.43421561,-0.22677809419136308,319.0,325.0,1.8808777429467183,-2.8213166144200663,4.615384615384616,249.99999999999943,complete_hourly_ordered,/v1/candles/minutes/60,120,False,27.147766323024047,291.0,2026-09-03T12:00:00,370.0,2026-09-05T09:00:00,D-2,16.216216216216218,75.9493670886076,True,,,,False,0.04269635503088565,-89.64859410352383,-90.18655336618309,,0.0,,,,,0.04269635503088565,-89.64859410352383,-90.18655336618309,,0.0,,,,,0.04269635503088565,-89.64859410352383,-90.18655336618309,,0.0,,,,,0.04269635503088565,-89.64859410352383,-90.18655336618309,,0.0,,,,,-10.666375645357961,-99.32616206029236,-90.57770258317039,,-0.3215434083601254,,,,,-10.666375645357961,-99.32616206029236,-90.57770258317039,,-0.3215434083601254,,,,,0.04269635503088565,-702539.62949515,-907415.4251366401,,0.0,,,,179858.13001981,838598.5925537199,0.21447463854202503,-0.3215434083601254,False,False,falling,falling,sell_advantage_weakening,flat_or_na,neutral,True,True,False,🔴 1차 급등 완료·상승분 반납 / 신규매수 금지,S3,🔴 1차 급등 완료·반납,당일/5D 급등 후 상승분 상당 부분 반납,S3,False,,,2026-09-06T18:10:00Z,34051589789-1
KRW-GLM,2026-09-07T03:32:04.302321+09:00,1788719524,153.0,181.1640815219344,13.0,0.0,0.0,,0,0.0,complete,,,1280726.99807344,1783856.67890611,-0.1641755402575772,152.0,155.0,1.9736842105263053,0.6578947368421018,1.2903225806451613,66.66666666666666,complete_hourly_ordered,/v1/candles/minutes/60,120,False,9.154929577464799,142.0,2026-09-02T10:00:00,155.0,2026-09-06T21:00:00,D-1,1.2903225806451646,15.384615384615591,False,0.17706949977867037,5.34351145038167,6.382773191606424,True,,,,0.028374075342242122,0.0,0.0,0.0,0.0,0.0,,,,0.028374075342242122,0.0,0.0,0.0,0.0,0.0,,,,0.028374075342242122,0.0,0.0,0.0,0.0,0.0,,,,0.028374075342242122,0.0,0.0,0.0,0.0,0.0,,,,0.028374075342242122,0.0,0.0,0.0,0.0,0.0,,,,0.028374075342242122,0.0,0.0,0.0,0.0,0.0,,0.0,0.0,0.028374075342242122,0.0,0.0,0.0,0.0,0,2886867.78850722,0.0,0.0,False,True,flat_or_na,flat_or_na,unavailable,accelerating,neutral,False,False,False,pass,S0,🌱 초발사 준비,발사 구조 관찰 또는 초기 준비,S0,False,,,2026-09-06T18:10:00Z,34051589789-1
KRW-GMT,2026-09-07T03:32:04.302321+09:00,1788719524,10.2,26.571975689063045,8.0,189857.945348297,4667520.0,0.04067640746012808,3,0.0,complete,1788718629147,1788719160781,10153123.72916905,40492352.14792429,-0.5990511075931563,10.2,10.3,0.9803921568627638,0.0,0.9708737864077808,100.0,complete_hourly_ordered,/v1/candles/minutes/60,120,False,9.756097560975618,9.84,2026-09-03T07:00:00,10.8,2026-09-03T14:00:00,D-4,5.55555555555557,62.5,True,0.13379716350014892,16.035116259501304,,True,0.04067640746012808,,326.19763652666853,0.28748160238168197,0.0,0.0,0.0,0.0,,0.04067640746012808,,326.19763652666853,0.28748160238168197,0.0,0.0,0.0,0.0,,0.04067640746012808,,326.19763652666853,0.28748160238168197,0.0,0.0,0.0,0.0,,0.04067640746012808,,326.19763652666853,0.28748160238168197,0.0,0.0,0.0,0.0,,0.04067640746012808,,102.70494571980988,0.34711027079259793,0.0,0.0,0.0,0.0,,0.04067640746012808,,102.70494571980988,0.34711027079259793,0.0,0.0,0.0,0.0,,0.04067640746012808,189857.945348297,3572366.1089464677,0.28748160238168197,0.0,0.0,0.0,0.0,4857377.945348297,2370645.709096585,2.0489683155562566,0.0,False,False,rising,rising,sell_advantage_weakening,accelerating,leading_buy_inflow,False,False,False,pass,S0,🌱 초발사 준비,발사 구조 관찰 또는 초기 준비,S0,False,,,2026-09-06T18:10:00Z,34051589789-1
KRW-GRT,2026-09-07T03:32:04.302321+09:00,1788719524,26.4,879.6664464337441,13.0,211200.0,802953.970149104,0.2630287760589581,4,0.0,complete,1788718681997,1788719376844,9796058.83438618,7502981.35290423,0.13255518552796192,24.9,29.1,16.867469879518083,6.024096385542177,9.278350515463925,64.28571428571426,complete_hourly_ordered,/v1/candles/minutes/60,120,False,32.87671232876714,21.9,2026-09-02T20:00:00,29.1,2026-09-06T16:00:00,D-1,9.278350515463929,37.500000000000064,True,1.1891279728199144,14.500164468765893,13.875437553001966,True,-0.03946590288811458,-69.56602224782036,-64.99958496113607,0.7832204705057393,0.0,0.0,0.0,0.0,0.0,-0.03946590288811458,-69.56602224782036,-64.99958496113607,0.7832204705057393,0.0,0.0,0.0,0.0,0.0,-0.03946590288811458,-69.56602224782036,-64.99958496113607,0.7832204705057393,0.0,0.0,0.0,0.0,0.0,-0.03946590288811458,-69.56602224782036,-64.99958496113607,0.7832204705057393,0.0,0.0,0.0,0.0,0.0,-2.1247035470478433,-97.23675725138082,-74.91573307557205,4.562879457335839,-0.7518796992481258,0.0,-0.05662514156286047,0.04272943004328589,0.15310550205674822,-2.1247035470478433,-97.23675725138082,-74.91573307557205,4.562879457335839,-0.7518796992481258,0.0,-0.05662514156286047,0.04272943004328589,0.15310550205674822,-0.03946590288811458,-482761.2091451769,-1491173.0259379875,0.7832204705057393,0.0,0.0,0.0,0.0,1014153.970149104,2255032.911678296,0.449729121423033,-0.7518796992481258,False,True,falling,falling,sell_advantage_accelerating,accelerating,neutral,False,False,False,pass,S0,🌱 초발사 준비,발사 구조 관찰 또는 초기 준비,S0,False,,,2026-09-06T18:10:00Z,34051589789-1
KRW-GRVT,2026-09-07T03:32:04.302321+09:00,1788719524,219.0,,,0.0,152226.462,0.0,7,0.0,complete,1788718946404,1788719185633,825506.3330624,1872324.85298802,-0.38802224740316127,223.0,224.0,0.4484304932735439,-1.7937219730941756,2.232142857142857,500.0,complete_hourly_ordered,/v1/candles/minutes/60,120,False,12.5,200.0,2026-09-02T10:00:00,225.0,2026-09-03T15:00:00,D-4,2.6666666666666616,24.00000000000003,False,,,,False,0.0,,-97.1646947535046,,0.0,,,,,0.0,,-97.1646947535046,,0.0,,,,,0.0,,-97.1646947535046,,0.0,,,,,0.0,,-97.1646947535046,,0.0,,,,,-0.2929265085284802,-100.0,-74.93539087826333,,-0.4545454545454519,,,,,-0.2929265085284802,-100.0,-74.93539087826333,,-0.4545454545454519,,,,,0.0,0.0,-5216735.563805191,,0.0,,,,152226.462,8266047.1875628,0.018415871400908754,-0.4545454545454519,False,False,flat_or_na,falling,sell_only,flat_or_na,neutral,False,False,False,pass,S0,🌱 초발사 준비,발사 구조 관찰 또는 초기 준비,S0,False,,,2026-09-06T18:10:00Z,34051589789-1
KRW-HBAR,2026-09-07T03:32:04.302321+09:00,1788719524,109.0,18.53220190662983,11.0,3337499.999999,2799289.90272431,1.192266651893002,6,0.0,complete,1788718669318,1788719382593,10767341.94657174,13970064.10440346,-0.12946879520156734,110.0,113.0,2.7272727272727337,-0.9090909090909038,3.5398230088495577,133.33333333333306,complete_hourly_ordered,/v1/candles/minutes/60,120,False,12.99999999999999,100.0,2026-09-02T10:00:00,113.0,2026-09-06T12:00:00,D-1,3.539823008849563,30.76923076923066,False,0.18726591760300781,4.95647539527447,10.815210852042002,False,0.4698654977370458,441.7307139812447,228.23772467377722,0.0336473465543321,-0.9090909090909038,0.0,0.0,0.0,0.0,0.4698654977370458,441.7307139812447,228.23772467377722,0.0336473465543321,-0.9090909090909038,0.0,0.0,0.0,0.0,0.4698654977370458,441.7307139812447,228.23772467377722,0.0336473465543321,-0.9090909090909038,0.0,0.0,0.0,0.0,0.4698654977370458,441.7307139812447,228.23772467377722,0.0336473465543321,-0.9090909090909038,0.0,0.0,0.0,0.0,-98.42361784429254,-94.41092787076697,366.97637880128616,0.1467712935091292,0.0,0.0,0.0,0.0,0.0,-98.42361784429254,-94.41092787076697,366.97637880128616,0.1467712935091292,0.0,0.0,0.0,0.0,0.0,0.4698654977370458,2721418.9999997,1946465.96071508,0.0336473465543321,-0.9090909090909038,0.0,0.0,0.0,6136789.9027233105,19802765.669546276,0.30989559767203556,0.0,False,True,rising,rising,buy_advantage_accelerating,accelerating,leading_buy_inflow,False,False,False,pass,S1,⚡ 선행 시동,가격 미급등 상태에서 선행조건 3개 개선,S0,True,가격 미급등 상태에서 선행조건 3개 개선,2026-09-07T03:32:04.302321+09:00,2026-09-06T18:10:00Z,34051589789-1
KRW-HIVE,2026-09-07T03:32:04.302321+09:00,1788719524,63.2,2639.063325793824,7.0,0.0,0.0,,0,0.0,complete,,,2187663.05106601,3441563.30394558,-0.22274823817721373,63.9,64.2,0.46948356807512415,-1.0954616588419341,1.557632398753894,333.3333333333286,complete_hourly_ordered,/v1/candles/minutes/60,120,False,29.272419627749578,59.1,2026-09-02T20:00:00,76.4,2026-09-03T13:00:00,D-4,17.277486910994767,76.30057803468208,True,0.34103410341033147,16.034153414190705,,True,,-100.0,-100.0,0.012934331733049476,-0.15797788309636074,0.0,-0.011001100110030748,0.008239464154481624,,,-100.0,-100.0,0.012934331733049476,-0.15797788309636074,0.0,-0.011001100110030748,0.008239464154481624,,,-100.0,-100.0,0.012934331733049476,-0.15797788309636074,0.0,-0.011001100110030748,0.008239464154481624,,,-100.0,-100.0,0.012934331733049476,-0.15797788309636074,0.0,-0.011001100110030748,0.008239464154481624,,,,,0.44604332788867396,-0.15797788309636074,0.0,-0.011001100110030748,0.008239464154481624,,,,,0.44604332788867396,-0.15797788309636074,0.0,-0.011001100110030748,0.008239464154481624,,,-15999.999999405998,-445760.2814062499,0.012934331733049476,-0.15797788309636074,0.0,-0.011001100110030748,0.008239464154481624,0,34478486.93003534,0.0,-0.15797788309636074,False,True,falling,falling,unavailable,accelerating,neutral,True,True,False,🔴 1차 급등 완료·상승분 반납 / 신규매수 금지,S3,🔴 1차 급등 완료·반납,당일/5D 급등 후 상승분 상당 부분 반납,S3,False,,,2026-09-06T18:10:00Z,34051589789-1
KRW-HOLO,2026-09-07T03:32:04.302321+09:00,1788719524,91.8,62.17830348728452,7.0,135114.75409757398,0.0,,4,0.0,complete,1788719378117,1788719907819,989345.90988977,1371796.96321389,-0.1619770907049764,91.1,92.6,1.6465422612513825,0.7683863885839859,0.8639308855291546,53.33333333333289,complete_hourly_ordered,/v1/candles/minutes/60,120,False,13.477737665463296,83.1,2026-09-03T10:00:00,94.3,2026-09-04T09:00:00,D-3,2.6511134676564185,22.321428571428623,True,0.051698670605615504,9.482247408731379,,False,,-85.8218355456343,-100.0,0.16667241165752955,-0.21739130434782483,0.0,-0.014771048744455229,0.01185127072200487,,,-85.8218355456343,-100.0,0.16667241165752955,-0.21739130434782483,0.0,-0.014771048744455229,0.01185127072200487,,,-85.8218355456343,-100.0,0.16667241165752955,-0.21739130434782483,0.0,-0.014771048744455229,0.01185127072200487,,,-85.8218355456343,-100.0,0.16667241165752955,-0.21739130434782483,0.0,-0.014771048744455229,0.01185127072200487,,,-93.41436286485782,-100.0,0.2128483436046622,-0.21739130434782483,0.0,-0.014771048744455229,0.01185127072200487,,,-93.41436286485782,-100.0,0.2128483436046622,-0.21739130434782483,0.0,-0.014771048744455229,0.01185127072200487,,,-817863.006404914,-3579474.556669851,0.16667241165752955,-0.21739130434782483,0.0,-0.014771048744455229,0.01185127072200487,135114.75409757398,11455155.209974088,0.011795104616297873,-0.21739130434782483,False,False,falling,falling,buy_only,accelerating,neutral,False,False,False,pass,S0,🌱 초발사 준비,발사 구조 관찰 또는 초기 준비,S0,False,,,2026-09-06T18:10:00Z,34051589789-1
KRW-HOME,2026-09-07T03:32:04.302321+09:00,1788719524,8.25,,,512070.5752159918,11245139.333092965,0.04553705917267165,24,0.0,complete,1788719262352,1788719944903,12220935.30333037,13959413.99472153,-0.06640395327042188,8.33,8.48,1.8007202881152429,-0.9603841536614643,2.712264150943401,153.3333333333334,complete_hourly_ordered,/v1/candles/minutes/60,120,False,12.132352941176471,8.16,2026-09-02T03:00:00,9.15,2026-09-02T11:00:00,D-4,9.726775956284161,89.89898989898994,False,,,,False,-0.4629150609730565,158.9990200907358,2791.899548924571,,0.0,,,,,-0.4629150609730565,158.9990200907358,2791.899548924571,,0.0,,,,,-0.4629150609730565,158.9990200907358,2791.899548924571,,0.0,,,,,-0.4629150609730565,158.9990200907358,2791.899548924571,,0.0,,,,,0.04553705917267165,,2668.700060405798,,-0.9603841536614643,,,,,0.04553705917267165,,2668.700060405798,,-0.9603841536614643,,,,,-0.4629150609730565,314359.1803865454,10856289.750220187,,0.0,,,,11757209.908308957,14582696.704452373,0.8062438756419625,-0.9603841536614643,False,False,rising,rising,sell_advantage_accelerating,flat_or_na,neutral,False,False,False,pass,S0,🌱 초발사 준비,발사 구조 관찰 또는 초기 준비,S0,False,,,2026-09-06T18:10:00Z,34051589789-1
KRW-HP,2026-09-07T03:32:04.302321+09:00,1788719524,10.4,-54.0931390511558,5.0,0.0,0.0,,0,0.0,complete,,,10159504.48697105,28001428.22690368,-0.46754422575854865,10.5,10.6,0.952380952380949,-0.952380952380949,1.886792452830182,200.0,complete_hourly_ordered,/v1/candles/minutes/60,120,False,14.000000000000012,10.0,2026-09-01T20:00:00,11.4,2026-09-04T14:00:00,D-3,8.771929824561408,71.42857142857143,False,0.3831164541911569,30.92272727272726,,True,,,,0.0,0.0,0.0,0.0,0.0,,,,,0.0,0.0,0.0,0.0,0.0,,,,,0.0,0.0,0.0,0.0,0.0,,,,,0.0,0.0,0.0,0.0,0.0,,,-100.0,,0.0006978034151643442,-0.952380952380949,-1.0,-0.06605456106743013,0.04152734090521193,,,-100.0,,0.0006978034151643442,-0.952380952380949,-1.0,-0.06605456106743013,0.04152734090521193,,,0.0,0.0,0.0,0.0,0.0,0.0,0.0,0,499500.24987502996,0.0,-0.952380952380949,False,False,flat_or_na,flat_or_na,unavailable,flat_or_na,neutral,False,True,False,pass,S0,🌱 초발사 준비,발사 구조 관찰 또는 초기 준비,S0,False,,,2026-09-06T18:10:00Z,34051589789-1
KRW-HUNT,2026-09-07T03:32:04.302321+09:00,1788719524,122.0,157.6809926811367,13.0,0.0,0.0,,0,0.0,complete,,,2249980.74148107,4091704.20485949,-0.2904154777416337,124.0,124.0,0.0,-1.6129032258064502,1.6129032258064515,,complete_hourly_ordered,/v1/candles/minutes/60,120,False,10.344827586206895,116.0,2026-09-02T05:00:00,128.0,2026-09-03T13:00:00,D-4,4.6875,50.0,False,0.22172949002217113,3.7722041115029006,4.9887957566779955,True,,,-100.0,0.06479570222225561,0.0,0.0,0.0,0.0,0.0,,,-100.0,0.06479570222225561,0.0,0.0,0.0,0.0,0.0,,,-100.0,0.06479570222225561,0.0,0.0,0.0,0.0,0.0,,,-100.0,0.06479570222225561,0.0,0.0,0.0,0.0,0.0,,-100.0,-100.0,1.9185277302797203,-0.8130081300813052,0.0,-0.05543237250553723,0.04681826796910249,0.12218388310651118,,-100.0,-100.0,1.9185277302797203,-0.8130081300813052,0.0,-0.05543237250553723,0.04681826796910249,0.12218388310651118,,0.0,-10145294.88481554,0.06479570222225561,0.0,0.0,0.0,0.0,0,1731812.075849615,0.0,-0.8130081300813052,False,True,flat_or_na,falling,unavailable,accelerating,neutral,False,False,False,pass,S1,⚡ 선행 시동,가격 미급등 상태에서 선행조건 3개 개선,S0,True,가격 미급등 상태에서 선행조건 3개 개선,2026-09-07T03:32:04.302321+09:00,2026-09-06T18:10:00Z,34051589789-1
KRW-HYPER,2026-09-07T03:32:04.302321+09:00,1788719524,95.1,-51.5315561045596,7.0,0.0,276884.6,0.0,2,0.0,complete,1788718963147,1788719040368,715893.26303815,718557.49534585,-0.0018573187626889345,93.7,96.1,2.5613660618996725,1.4941302027748016,1.040582726326743,41.666666666666956,complete_hourly_ordered,/v1/candles/minutes/60,120,False,9.578107183580386,87.7,2026-09-02T10:00:00,96.1,2026-09-06T21:00:00,D-1,1.0405827263267442,11.904761904761882,False,0.23508668821627943,18.027591489745184,,False,-0.0359055470081176,-100.0,-1.943635288752943,0.031804989742617806,0.10526315789474161,0.0,0.007346459006751793,-0.005392378799985664,,-0.0359055470081176,-100.0,-1.943635288752943,0.031804989742617806,0.10526315789474161,0.0,0.007346459006751793,-0.005392378799985664,,-0.0359055470081176,-100.0,-1.943635288752943,0.031804989742617806,0.10526315789474161,0.0,0.007346459006751793,-0.005392378799985664,,-0.0359055470081176,-100.0,-1.943635288752943,0.031804989742617806,0.10526315789474161,0.0,0.007346459006751793,-0.005392378799985664,,-2.8329530004336525,-100.0,155.2467610096087,0.196670980477748,0.10526315789474161,0.0,0.03673229503378117,-0.026962703958250955,,-2.8329530004336525,-100.0,155.2467610096087,0.196670980477748,0.10526315789474161,0.0,0.03673229503378117,-0.026962703958250955,,-0.0359055470081176,-10138.753410245,-5488.299317000026,0.031804989742617806,0.10526315789474161,0.0,0.007346459006751793,-0.005392378799985664,276884.6,1360657.97053686,0.20349316727314848,0.10526315789474161,False,False,falling,falling,sell_only,accelerating,neutral,False,False,False,pass,S0,🌱 초발사 준비,발사 구조 관찰 또는 초기 준비,S0,False,,,2026-09-06T18:10:00Z,34051589789-1
KRW-ICP,2026-09-07T03:32:04.302321+09:00,1788719524,3653.0,104.95268924086693,14.0,5165.99998664,5161.760927570001,1.0008212428141252,2,0.0,complete,1788719356716,1788719361998,24546.04363342,16827.09313453,0.18656913886378415,3645.0,3822.0,4.855967078189294,0.21947873799725848,4.421768707482993,95.48022598870051,complete_hourly_ordered,/v1/candles/minutes/60,120,False,16.666666666666675,3276.0,2026-09-04T21:00:00,3822.0,2026-09-06T23:00:00,D-1,4.4217687074829986,30.952380952380963,False,0.876776313185279,1.8503318176675776,2.5065287187528313,True,1.0008212428141252,,-99.96566194661503,0.11334645970561041,-0.1639792292976172,0.0,-0.01187507421922529,0.010136364599189873,0.0205581203561791,1.0008212428141252,,-99.96566194661503,0.11334645970561041,-0.1639792292976172,0.0,-0.01187507421922529,0.010136364599189873,0.0205581203561791,1.0008212428141252,,-99.96566194661503,0.11334645970561041,-0.1639792292976172,0.0,-0.01187507421922529,0.010136364599189873,0.0205581203561791,1.0008212428141252,,-99.96566194661503,0.11334645970561041,-0.1639792292976172,0.0,-0.01187507421922529,0.010136364599189873,0.0205581203561791,0.8082260224720411,-94.98723654484331,-99.03535792320513,0.8735749783724032,-0.5174291938997766,0.0,-0.03760440169418011,0.032097483511048575,0.06471468790453816,0.8082260224720411,-94.98723654484331,-99.03535792320513,0.8735749783724032,-0.5174291938997766,0.0,-0.03760440169418011,0.032097483511048575,0.06471468790453816,1.0008212428141252,5165.99998664,-15027026.784242513,0.11334645970561041,-0.1639792292976172,0.0,-0.01187507421922529,0.010136364599189873,10327.760914210001,3164190.97246715,0.003263949933514078,-0.5174291938997766,False,True,rising,falling,buy_advantage_accelerating,accelerating,leading_buy_inflow,False,False,False,pass,S1,⚡ 선행 시동,가격 미급등 상태에서 선행조건 5개 개선,S0,True,가격 미급등 상태에서 선행조건 5개 개선,2026-09-07T03:32:04.302321+09:00,2026-09-06T18:10:00Z,34051589789-1
KRW-ICX,2026-09-07T03:32:04.302321+09:00,1788719524,19.6,-62.063153754817144,2.0,1960.0000000000002,20699.367000000002,0.09468888589684893,2,0.0,complete,1788718811037,1788719707798,9672870.36190194,12792144.38768004,-0.13885029947893276,20.1,20.1,0.0,-2.487562189054726,2.487562189054726,,complete_hourly_ordered,/v1/candles/minutes/60,120,False,27.80487804878049,20.5,2026-09-02T09:00:00,26.2,2026-09-02T10:00:00,D-4,25.572519083969457,117.54385964912282,False,-1.5252621544327938,45.29205375466161,,True,-10.136672794494181,-99.92889605709459,-92.31704808989292,0.020318704175409152,1.030927835051565,0.0,0.06355258976804556,-0.03289383443693339,,-10.136672794494181,-99.92889605709459,-92.31704808989292,0.020318704175409152,1.030927835051565,0.0,0.06355258976804556,-0.03289383443693339,,-10.136672794494181,-99.92889605709459,-92.31704808989292,0.020318704175409152,1.030927835051565,0.0,0.06355258976804556,-0.03289383443693339,,-10.136672794494181,-99.92889605709459,-92.31704808989292,0.020318704175409152,1.030927835051565,0.0,0.06355258976804556,-0.03289383443693339,,,-99.9780112004397,,0.026655693715710527,1.5544041450777257,0.0,0.09532888465204614,-0.04934184051867874,,,-99.9780112004397,,0.026655693715710527,1.5544041450777257,0.0,0.09532888465204614,-0.04934184051867874,,-10.136672794494181,-2754567.865982683,-248720.08586380802,0.020318704175409152,1.030927835051565,0.0,0.06355258976804556,-0.03289383443693339,22659.367000000002,10833785.806609377,0.00209154651979331,1.5544041450777257,False,False,falling,falling,sell_advantage_accelerating,accelerating,neutral,True,True,False,🔴 1차 급등 완료·상승분 반납 / 신규매수 금지,S3,🔴 1차 급등 완료·반납,당일/5D 급등 후 상승분 상당 부분 반납,S3,False,,,2026-09-06T18:10:00Z,34051589789-1
KRW-ID,2026-09-07T03:32:04.302321+09:00,1788719524,45.9,10.753546751431386,12.0,1009712.403908332,11439.851887899998,88.26271649341116,10,0.0,complete,1788719241849,1788719597755,4237831.94000297,3124577.80856172,0.1512078476287306,44.9,46.8,4.231625835189301,2.2271714922049046,1.92307692307692,47.36842105263136,complete_hourly_ordered,/v1/candles/minutes/60,120,False,9.601873536299754,42.7,2026-09-04T22:00:00,46.8,2026-09-07T00:00:00,D0,1.9230769230769162,21.951219512195173,False,0.45585777237502345,4.551524995488164,11.616806946540438,True,82.14185852796633,-51.24046726344855,-96.61861558085889,0.1396641113380337,0.0,0.0,-0.030390518158318613,0.02542956489551962,0.21293407235465267,82.14185852796633,-51.24046726344855,-96.61861558085889,0.1396641113380337,0.0,0.0,-0.030390518158318613,0.02542956489551962,0.21293407235465267,82.14185852796633,-51.24046726344855,-96.61861558085889,0.1396641113380337,0.0,0.0,-0.030390518158318613,0.02542956489551962,0.21293407235465267,82.14185852796633,-51.24046726344855,-96.61861558085889,0.1396641113380337,0.0,0.0,-0.030390518158318613,0.02542956489551962,0.21293407235465267,87.88638386419902,2.5887217919521976,-99.56258446450195,0.9983269553579746,-0.6493506493506551,0.0,-0.06078103631665943,0.05085729418525897,0.42046516300195336,87.88638386419902,2.5887217919521976,-99.56258446450195,0.9983269553579746,-0.6493506493506551,0.0,-0.06078103631665943,0.05085729418525897,0.42046516300195336,82.14185852796633,-1061087.5960913082,-326878.73215543106,0.1396641113380337,0.0,0.0,-0.030390518158318613,0.02542956489551962,1021152.255796232,2815939.0039634276,0.36263294565647997,-0.6493506493506551,False,True,falling,falling,buy_advantage_accelerating,accelerating,neutral,False,False,False,pass,S2,🚀 발사 진행,가격 상승 초입과 실제 매수수급·구조 동반,S2,False,,,2026-09-06T18:10:00Z,34051589789-1
KRW-IMX,2026-09-07T03:32:04.302321+09:00,1788719524,178.0,307.1741332135261,12.0,0.0,0.0,,0,0.0,complete,,,611377.61619363,1152987.36922656,-0.30697149258147605,176.0,188.0,6.818181818181812,1.1363636363636465,5.319148936170213,83.33333333333317,complete_hourly_ordered,/v1/candles/minutes/60,120,False,13.25301204819278,166.0,2026-09-02T19:00:00,188.0,2026-09-06T21:00:00,D-1,5.319148936170215,45.45454545454548,False,0.37965072133638866,11.111111111111109,12.875087897394005,False,,-100.0,-100.0,0.37154303968503655,-0.5586592178770999,-1.0,-0.037965072133627764,0.029882384801073414,0.12293877998299507,,-100.0,-100.0,0.37154303968503655,-0.5586592178770999,-1.0,-0.037965072133627764,0.029882384801073414,0.12293877998299507,,-100.0,-100.0,0.37154303968503655,-0.5586592178770999,-1.0,-0.037965072133627764,0.029882384801073414,0.12293877998299507,,-100.0,-100.0,0.37154303968503655,-0.5586592178770999,-1.0,-0.037965072133627764,0.029882384801073414,0.12293877998299507,,-100.0,,0.7463252631838486,-1.6574585635359074,-1.0,-0.1138952164009055,0.08963962071235798,0.3637820379889547,,-100.0,,0.7463252631838486,-1.6574585635359074,-1.0,-0.1138952164009055,0.08963962071235798,0.3637820379889547,,-9999.999999,-1020825.27196833,0.37154303968503655,-0.5586592178770999,-1.0,-0.037965072133627764,0.029882384801073414,0,1067008.058822895,0.0,-1.6574585635359074,False,True,falling,falling,unavailable,accelerating,neutral,False,False,False,pass,S0,🌱 초발사 준비,발사 구조 관찰 또는 초기 준비,S0,False,,,2026-09-06T18:10:00Z,34051589789-1
KRW-IN,2026-09-07T03:32:04.302321+09:00,1788719524,47.1,-1.3289552762288936,5.0,0.0,2143488.2553716167,0.0,5,0.0,complete,1788718671256,1788719010609,2721110.90435288,2121040.41698023,0.12392642186313226,47.0,47.9,1.9148936170212627,0.21276595744681437,1.6701461377870506,88.8888888888885,complete_hourly_ordered,/v1/candles/minutes/60,120,False,7.158836689038028,44.7,2026-09-02T06:00:00,47.9,2026-09-05T21:00:00,D-2,1.6701461377870541,25.000000000000078,False,0.35455754173436826,45.538362863785785,,True,,-100.0,,0.046269121748809816,-0.21186440677966045,0.0,-0.014773230905595902,0.00747144724020643,,,-100.0,,0.046269121748809816,-0.21186440677966045,0.0,-0.014773230905595902,0.00747144724020643,,,-100.0,,0.046269121748809816,-0.21186440677966045,0.0,-0.014773230905595902,0.00747144724020643,,,-100.0,,0.046269121748809816,-0.21186440677966045,0.0,-0.014773230905595902,0.00747144724020643,,-0.5642594158478758,-100.0,341.4072083727942,0.08022860434424572,-0.8421052631578885,-1.0,-0.05909292362242802,0.02988489048238563,,-0.5642594158478758,-100.0,341.4072083727942,0.08022860434424572,-0.8421052631578885,-1.0,-0.05909292362242802,0.02988489048238563,,,-17999.999999368,2143488.2553716167,0.046269121748809816,-0.21186440677966045,0.0,-0.014773230905595902,0.00747144724020643,2143488.2553716167,8096910.034969786,0.26472916780773087,-0.8421052631578885,False,False,falling,rising,sell_only,accelerating,neutral,False,False,False,pass,S0,🌱 초발사 준비,발사 구조 관찰 또는 초기 준비,S0,False,,,2026-09-06T18:10:00Z,34051589789-1
KRW-INJ,2026-09-07T03:32:04.302321+09:00,1788719524,6745.0,283.8541597070142,9.0,0.0,113697.61287675,0.0,2,0.0,complete,1788719182170,1788719182714,3638.85644233,16187.5328426,-0.6329279739205074,6515.0,6900.0,5.909439754412893,3.530314658480438,2.246376811594203,40.25974025974012,complete_hourly_ordered,/v1/candles/minutes/60,120,False,35.97304128053918,5935.0,2026-09-02T09:00:00,8070.0,2026-09-02T16:00:00,D-4,16.41883519206939,62.06088992974238,True,-0.019002375296917062,4.323316815929445,,True,-0.7233024734781747,-100.0,-97.57268990482021,0.11958064829843806,-0.2956393200295615,0.0,-0.019002375296917062,0.01600916733301805,,-0.7233024734781747,-100.0,-97.57268990482021,0.11958064829843806,-0.2956393200295615,0.0,-0.019002375296917062,0.01600916733301805,,-0.7233024734781747,-100.0,-97.57268990482021,0.11958064829843806,-0.2956393200295615,0.0,-0.019002375296917062,0.01600916733301805,,-0.7233024734781747,-100.0,-97.57268990482021,0.11958064829843806,-0.2956393200295615,0.0,-0.019002375296917062,0.01600916733301805,,-57.080209580031514,-100.0,657.9767094784288,0.257417507023888,-0.1480384900074072,0.0,-0.00950118764845298,0.008004674639052745,,-57.080209580031514,-100.0,657.9767094784288,0.257417507023888,-0.1480384900074072,0.0,-0.00950118764845298,0.008004674639052745,,-0.7233024734781747,-3388020.541159,-4570401.592351852,0.11958064829843806,-0.2956393200295615,0.0,-0.019002375296917062,0.01600916733301805,113697.61287675,8151944.1802516,0.013947300222220224,-0.1480384900074072,False,True,falling,falling,sell_only,accelerating,neutral,True,True,False,🔴 1차 급등 완료·상승분 반납 / 신규매수 금지,S3,🔴 1차 급등 완료·반납,당일/5D 급등 후 상승분 상당 부분 반납,S3,False,,,2026-09-06T18:10:00Z,34051589789-1
KRW-IO,2026-09-07T03:32:04.302321+09:00,1788719524,186.0,,,100493.99999987999,0.0,,1,0.0,complete,1788719563490,1788719563490,276924.89004927,187074.96040571,0.19364215215900757,177.0,189.0,6.779661016949157,5.084745762711873,1.5873015873015872,24.99999999999992,complete_hourly_ordered,/v1/candles/minutes/60,120,False,11.176470588235299,170.0,2026-09-04T23:00:00,189.0,2026-09-06T22:00:00,D-1,1.5873015873015928,15.789473684210463,False,,,,False,,865.0821089753255,-100.0,,1.6393442622950838,,,,,,865.0821089753255,-100.0,,1.6393442622950838,,,,,,865.0821089753255,-100.0,,1.6393442622950838,,,,,,865.0821089753255,-100.0,,1.6393442622950838,,,,,,,-100.0,,1.0869565217391353,,,,,,,-100.0,,1.0869565217391353,,,,,,90081.00000067998,-430390.38,,1.6393442622950838,,,,100493.99999987999,1893682.30591884,0.053068035586422695,1.0869565217391353,False,False,rising,falling,buy_only,flat_or_na,neutral,False,False,False,pass,S0,🌱 초발사 준비,발사 구조 관찰 또는 초기 준비,S0,False,,,2026-09-06T18:10:00Z,34051589789-1
KRW-IOST,2026-09-07T03:32:04.302321+09:00,1788719524,0.985,385.58138992998767,6.0,79999.9999999927,12807.44054705984,6.246369031036261,4,0.0,complete,1788719003594,1788719531019,75757898.33378492,503095939.9822569,-0.7382486102046965,0.932,1.12,20.171673819742498,5.686695278969944,12.053571428571438,71.80851063829795,complete_hourly_ordered,/v1/candles/minutes/60,120,False,39.303482587064686,0.804,2026-09-03T00:00:00,1.12,2026-09-06T13:00:00,D-1,11.696428571428585,41.4556962025317,True,1.3959493262325484,24.463880498324396,,True,5.523685572587262,-98.9408250614317,-99.87745709484922,0.33544345343022997,0.10162601626015899,0.0,0.008069071249905413,-0.0054436178419656756,,5.523685572587262,-98.9408250614317,-99.87745709484922,0.33544345343022997,0.10162601626015899,0.0,0.008069071249905413,-0.0054436178419656756,,5.523685572587262,-98.9408250614317,-99.87745709484922,0.33544345343022997,0.10162601626015899,0.0,0.008069071249905413,-0.0054436178419656756,,5.523685572587262,-98.9408250614317,-99.87745709484922,0.33544345343022997,0.10162601626015899,0.0,0.008069071249905413,-0.0054436178419656756,,5.121773312341906,-99.70517127323497,-99.94691906254327,1.6281581111134642,-1.2036108324974926,0.0,-0.18558863874769127,0.12518063580571237,,5.121773312341906,-99.70517127323497,-99.94691906254327,1.6281581111134642,-1.2036108324974926,0.0,-0.18558863874769127,0.12518063580571237,,5.523685572587262,-7473048.801185657,-10438585.507336052,0.33544345343022997,0.10162601626015899,0.0,0.008069071249905413,-0.0054436178419656756,92807.44054705254,5997447.08842163,0.01547449092568435,-1.2036108324974926,False,True,falling,falling,buy_advantage_accelerating,accelerating,neutral,True,True,False,🔴 1차 급등 완료·상승분 반납 / 신규매수 금지,S0,🌱 초발사 준비,발사 구조 관찰 또는 초기 준비,S3,True,발사 구조 관찰 또는 초기 준비,2026-09-07T03:32:04.302321+09:00,2026-09-06T18:10:00Z,34051589789-1
KRW-IOTA,2026-09-07T03:32:04.302321+09:00,1788719524,57.3,92.00108060326603,10.0,20034.965034945,4444240.056757056,0.0045080744467175405,33,0.0,complete,1788718690279,1788719600975,1888501.52817862,978155.40517572,0.31756367928466533,55.1,58.7,6.533575317604368,3.992740471869327,2.3850085178875733,38.88888888888902,complete_hourly_ordered,/v1/candles/minutes/60,120,False,11.174242424242431,52.8,2026-09-04T23:00:00,58.7,2026-09-06T21:00:00,D-1,2.385008517887577,23.728813559322106,True,-0.4666900011667252,9.378444051997722,,True,-0.012957957318707474,-94.1479451379571,-77.32686597758497,1.5189280406566184,0.17482517482516613,0.0,-0.01166725002916813,0.0094191954011702,,-0.012957957318707474,-94.1479451379571,-77.32686597758497,1.5189280406566184,0.17482517482516613,0.0,-0.01166725002916813,0.0094191954011702,,-0.012957957318707474,-94.1479451379571,-77.32686597758497,1.5189280406566184,0.17482517482516613,0.0,-0.01166725002916813,0.0094191954011702,,-0.012957957318707474,-94.1479451379571,-77.32686597758497,1.5189280406566184,0.17482517482516613,0.0,-0.01166725002916813,0.0094191954011702,,-2.391023109594345,-99.66121068930637,80.02816239587443,1.9291244976755877,-0.17421602787456303,0.0,0.01166725002916813,-0.009419445545765015,,-2.391023109594345,-99.66121068930637,80.02816239587443,1.9291244976755877,-0.17421602787456303,0.0,0.01166725002916813,-0.009419445545765015,,-0.012957957318707474,-322322.813681281,-15157108.624741528,1.5189280406566184,0.17482517482516613,0.0,-0.01166725002916813,0.0094191954011702,4464275.021792001,4268675.903287204,1.0458219651564953,-0.17421602787456303,False,True,falling,falling,sell_advantage_accelerating,accelerating,neutral,False,False,False,pass,S0,🌱 초발사 준비,발사 구조 관찰 또는 초기 준비,S0,False,,,2026-09-06T18:10:00Z,34051589789-1
KRW-IQ,2026-09-07T03:32:04.302321+09:00,1788719524,1.01,-83.02123957674713,6.0,0.0,0.0,,0,0.0,complete,,,69024770.55923112,411741386.97634864,-0.7128551189499114,0.976,1.02,4.508196721311486,3.4836065573770503,0.980392156862746,22.727272727272883,complete_hourly_ordered,/v1/candles/minutes/60,120,False,7.936507936507953,0.945,2026-09-03T22:00:00,1.02,2026-09-06T10:00:00,D-1,0.9803921568627416,13.333333333333444,True,0.17998061747197536,17.62177854306897,,True,,,,0.01382842152838748,1.0000000000000009,0.0,0.06922331441230334,-0.051064652786781295,,,,,0.01382842152838748,1.0000000000000009,0.0,0.06922331441230334,-0.051064652786781295,,,,,0.01382842152838748,1.0000000000000009,0.0,0.06922331441230334,-0.051064652786781295,,,,,0.01382842152838748,1.0000000000000009,0.0,0.06922331441230334,-0.051064652786781295,,,-100.0,,0.025647680817328933,1.0000000000000009,0.0,0.06922331441230334,-0.051064652786781295,,,-100.0,,0.025647680817328933,1.0000000000000009,0.0,0.06922331441230334,-0.051064652786781295,,,0.0,0.0,0.01382842152838748,1.0000000000000009,0.0,0.06922331441230334,-0.051064652786781295,0,1828732.5907533036,0.0,1.0000000000000009,False,False,flat_or_na,flat_or_na,unavailable,accelerating,neutral,False,True,False,pass,S0,🌱 초발사 준비,발사 구조 관찰 또는 초기 준비,S0,False,,,2026-09-06T18:10:00Z,34051589789-1
KRW-IRYS,2026-09-07T03:32:04.302321+09:00,1788719524,19.6,,,0.0,0.0,,0,0.0,complete,,,8921072.33379206,12348941.00224515,-0.1611596859060424,19.8,20.2,2.020202020202011,-1.0101010101010055,2.9702970297029596,150.0,complete_hourly_ordered,/v1/candles/minutes/60,120,False,10.989010989010994,18.2,2026-09-04T21:00:00,20.2,2026-09-05T13:00:00,D-2,2.970297029702962,29.999999999999876,False,,,,True,,,-100.0,,0.0,,,,,,,-100.0,,0.0,,,,,,,-100.0,,0.0,,,,,,,-100.0,,0.0,,,,,,-100.0,-100.0,,-0.50761421319796,,,,,,-100.0,-100.0,,-0.50761421319796,,,,,,0.0,-19999.999999896,,0.0,,,,0,2179470.948826912,0.0,-0.50761421319796,False,False,flat_or_na,falling,unavailable,flat_or_na,neutral,False,False,False,pass,S0,🌱 초발사 준비,발사 구조 관찰 또는 초기 준비,S0,False,,,2026-09-06T18:10:00Z,34051589789-1
KRW-JST,2026-09-07T03:32:04.302321+09:00,1788719524,154.0,-39.853574681137175,4.0,0.0,0.0,,0,0.0,complete,,,622948.83912426,4562038.08949534,-0.7597105459665612,151.0,154.0,1.9867549668874274,1.9867549668874274,0.0,0.0,complete_hourly_ordered,/v1/candles/minutes/60,120,False,12.408759124087588,137.0,2026-09-01T22:00:00,154.0,2026-09-06T20:00:00,D-1,0.0,0.0,False,0.5205868433506788,-2.515837104072394,,False,,,,0.10043454967956222,0.0,0.0,0.0,0.0,,,,,0.10043454967956222,0.0,0.0,0.0,0.0,,,,,0.10043454967956222,0.0,0.0,0.0,0.0,,,,,0.10043454967956222,0.0,0.0,0.0,0.0,,,-100.0,-100.0,0.15243469136704135,0.6535947712418277,0.0,0.09465215333648302,-0.08417114136195014,,,-100.0,-100.0,0.15243469136704135,0.6535947712418277,0.0,0.09465215333648302,-0.08417114136195014,,,0.0,0.0,0.10043454967956222,0.0,0.0,0.0,0.0,0,1309070.5070299201,0.0,0.6535947712418277,False,False,flat_or_na,flat_or_na,unavailable,accelerating,neutral,False,False,False,pass,S0,🌱 초발사 준비,발사 구조 관찰 또는 초기 준비,S0,False,,,2026-09-06T18:10:00Z,34051589789-1
KRW-JTO,2026-09-07T03:32:04.302321+09:00,1788719524,618.0,35.91527751817474,4.0,195999.999995,3975134.1006881,0.04930651269376603,7,0.0,complete,1788718815619,1788719039328,393561.58366936,224499.42110527,0.27353636818704796,571.0,638.0,11.733800350262701,8.231173380035028,3.1347962382445136,29.85074626865673,complete_hourly_ordered,/v1/candles/minutes/60,120,False,18.36734693877551,539.0,2026-09-04T21:00:00,638.0,2026-09-06T22:00:00,D-1,3.1347962382445194,20.2020202020202,True,-1.9266870862562957,21.497914071613582,,False,-0.3444585571757979,-92.88974526143994,-43.21703562147313,0.29637504325519615,0.4878048780487809,0.0,0.029641339788566423,-0.02139863908626083,,-0.3444585571757979,-92.88974526143994,-43.21703562147313,0.29637504325519615,0.4878048780487809,0.0,0.029641339788566423,-0.02139863908626083,,-0.3444585571757979,-92.88974526143994,-43.21703562147313,0.29637504325519615,0.4878048780487809,0.0,0.029641339788566423,-0.02139863908626083,,-0.3444585571757979,-92.88974526143994,-43.21703562147313,0.29637504325519615,0.4878048780487809,0.0,0.029641339788566423,-0.02139863908626083,,-0.12002178001900991,-93.08772343919833,-76.26187850541157,1.7153078262825119,-0.3225806451612856,0.0,-0.03952178638474413,0.02852954443827116,,-0.12002178001900991,-93.08772343919833,-76.26187850541157,1.7153078262825119,-0.3225806451612856,0.0,-0.03952178638474413,0.02852954443827116,,-0.3444585571757979,-2560581.96790638,-3025441.0615895195,0.29637504325519615,0.4878048780487809,0.0,0.029641339788566423,-0.02139863908626083,4171134.1006831,7628232.62338594,0.54680216330787,-0.3225806451612856,False,False,falling,falling,sell_advantage_accelerating,accelerating,neutral,False,False,False,pass,S0,🌱 초발사 준비,발사 구조 관찰 또는 초기 준비,S0,False,,,2026-09-06T18:10:00Z,34051589789-1
KRW-JUP,2026-09-07T03:32:04.302321+09:00,1788719524,366.0,205.21045505106304,8.0,3290916.3886986603,1930694.3701789202,1.704524775919705,23,0.0,complete,1788718790441,1788719607959,491406.99023036,1043614.94055212,-0.359739453390266,300.0,387.0,29.000000000000004,21.999999999999996,5.426356589147287,24.13793103448278,complete_hourly_ordered,/v1/candles/minutes/60,120,False,35.31468531468531,286.0,2026-09-02T21:00:00,387.0,2026-09-06T20:00:00,D-1,5.426356589147286,20.792079207920764,False,1.972517730496448,-4.851160803304371,,True,0.40185387170093945,-90.17577240792956,-92.4919041240054,1.4112960735457705,0.5494505494505475,0.0,0.02216312056737557,-0.01980255353226834,,0.40185387170093945,-90.17577240792956,-92.4919041240054,1.4112960735457705,0.5494505494505475,0.0,0.02216312056737557,-0.01980255353226834,,0.40185387170093945,-90.17577240792956,-92.4919041240054,1.4112960735457705,0.5494505494505475,0.0,0.02216312056737557,-0.01980255353226834,,0.40185387170093945,-90.17577240792956,-92.4919041240054,1.4112960735457705,0.5494505494505475,0.0,0.02216312056737557,-0.01980255353226834,,-1.811297400158721,-96.52652871584058,-92.83547676082912,6.192739359369398,0.0,0.0,-0.02216312056737557,0.019801425374486925,,-1.811297400158721,-96.52652871584058,-92.83547676082912,6.192739359369398,0.0,0.0,-0.02216312056737557,0.019801425374486925,,0.40185387170093945,-30207049.307402484,-23784139.351535663,1.4112960735457705,0.5494505494505475,0.0,0.02216312056737557,-0.01980255353226834,5221610.758877581,8788534.953712549,0.5941389305929552,0.0,False,False,falling,falling,buy_advantage_accelerating,accelerating,neutral,False,True,False,pass,S0,🌱 초발사 준비,발사 구조 관찰 또는 초기 준비,S0,False,,,2026-09-06T18:10:00Z,34051589789-1
KRW-KAITO,2026-09-07T03:32:04.302321+09:00,1788719524,427.0,-56.67886094210714,1.0,0.0,1466121.10580745,0.0,6,0.0,complete,1788718678036,1788719374761,780157.31187737,642941.0686241,0.09642077113805576,424.0,429.0,1.1792452830188704,0.7075471698113178,0.4662004662004662,40.00000000000038,complete_hourly_ordered,/v1/candles/minutes/60,120,False,6.982543640897765,401.0,2026-09-04T21:00:00,429.0,2026-09-05T18:00:00,D-2,0.4662004662004615,7.142857142857324,True,-0.7331602260577386,48.67522211253702,,False,0.0,,3757.908865352418,0.2831609588630428,0.23474178403755097,0.0,0.030548342752401147,-0.014781638770998029,,0.0,,3757.908865352418,0.2831609588630428,0.23474178403755097,0.0,0.030548342752401147,-0.014781638770998029,,0.0,,3757.908865352418,0.2831609588630428,0.23474178403755097,0.0,0.030548342752401147,-0.014781638770998029,,0.0,,3757.908865352418,0.2831609588630428,0.23474178403755097,0.0,0.030548342752401147,-0.014781638770998029,,,-100.0,,0.5687206092886683,0.23474178403755097,0.0,0.030548342752401147,-0.014781638770998029,,,-100.0,,0.5687206092886683,0.23474178403755097,0.0,0.030548342752401147,-0.014781638770998029,,0.0,0.0,1428118.10581503,0.2831609588630428,0.23474178403755097,0.0,0.030548342752401147,-0.014781638770998029,1466121.10580745,6241216.56028983,0.23490950708804856,0.23474178403755097,False,False,flat_or_na,rising,sell_only,accelerating,neutral,False,False,False,pass,S0,🌱 초발사 준비,발사 구조 관찰 또는 초기 준비,S0,False,,,2026-09-06T18:10:00Z,34051589789-1
KRW-KAT,2026-09-07T03:32:04.302321+09:00,1788719524,6.33,-34.85726002609605,5.0,11007.9999999696,0.0,,1,0.0,complete,1788718852160,1788718852160,17854110.20079765,7751832.07505529,0.39452866123458646,6.36,6.43,1.1006289308175932,-0.4716981132075526,1.5552099533436958,142.85714285714403,complete_hourly_ordered,/v1/candles/minutes/60,120,False,7.973421926910307,6.02,2026-09-02T19:00:00,6.5,2026-09-05T20:00:00,D-2,2.6153846153846194,35.41666666666666,True,-0.10570824524313016,23.33045991582577,,False,,,-100.0,0.0017100628408854845,0.0,0.0,-0.02114164904861715,0.01467097589249633,,,,-100.0,0.0017100628408854845,0.0,0.0,-0.02114164904861715,0.01467097589249633,,,,-100.0,0.0017100628408854845,0.0,0.0,-0.02114164904861715,0.01467097589249633,,,,-100.0,0.0017100628408854845,0.0,0.0,-0.02114164904861715,0.01467097589249633,,,-99.67623893060681,-100.0,0.8343583514900033,0.31695721077655836,0.0,0.021141649048628253,-0.014671571045823839,,,-99.67623893060681,-100.0,0.8343583514900033,0.31695721077655836,0.0,0.021141649048628253,-0.014671571045823839,,,11007.9999999696,-18002.55798,0.0017100628408854845,0.0,0.0,-0.02114164904861715,0.01467097589249633,11007.9999999696,3018447.252060854,0.0036469081884581067,0.31695721077655836,False,False,rising,falling,buy_only,accelerating,neutral,False,False,False,pass,S0,🌱 초발사 준비,발사 구조 관찰 또는 초기 준비,S0,False,,,2026-09-06T18:10:00Z,34051589789-1
KRW-KAVA,2026-09-07T03:32:04.302321+09:00,1788719524,72.0,-51.84830089162875,13.0,0.0,0.0,,0,0.0,complete,,,560134.81897655,909364.02156925,-0.23765190754624183,69.9,74.4,6.4377682403433445,3.0042918454935563,3.2258064516129106,53.3333333333334,complete_hourly_ordered,/v1/candles/minutes/60,120,False,15.887850467289732,64.2,2026-09-02T06:00:00,74.4,2026-09-06T22:00:00,D-1,3.2258064516129115,23.529411764706,False,1.1029790743222412,5.666229847193346,4.652820844325415,True,,-100.0,-100.0,0.003767465923985469,-0.1386962552010984,0.0,-0.010308215647869545,0.008483808577365082,0.013430511908003595,,-100.0,-100.0,0.003767465923985469,-0.1386962552010984,0.0,-0.010308215647869545,0.008483808577365082,0.013430511908003595,,-100.0,-100.0,0.003767465923985469,-0.1386962552010984,0.0,-0.010308215647869545,0.008483808577365082,0.013430511908003595,,-100.0,-100.0,0.003767465923985469,-0.1386962552010984,0.0,-0.010308215647869545,0.008483808577365082,0.013430511908003595,,-100.0,,0.24771152515650385,-0.27700831024931594,0.0,-0.02061643129573909,0.016967413165538403,0.026823380906308536,,-100.0,,0.24771152515650385,-0.27700831024931594,0.0,-0.02061643129573909,0.016967413165538403,0.026823380906308536,,-7468152.504910387,-5305.13991101,0.003767465923985469,-0.1386962552010984,0.0,-0.010308215647869545,0.008483808577365082,0,1143324.33783029,0.0,-0.27700831024931594,False,False,falling,falling,unavailable,accelerating,neutral,False,False,False,pass,S0,🌱 초발사 준비,발사 구조 관찰 또는 초기 준비,S2,True,발사 구조 관찰 또는 초기 준비,2026-09-07T03:32:04.302321+09:00,2026-09-06T18:10:00Z,34051589789-1
KRW-KERNEL,2026-09-07T03:32:04.302321+09:00,1788719524,55.0,-73.16802254109905,7.0,10968917.734231543,27761597.2744712,0.39511118995729605,51,0.0,complete,1788718964245,1788719669119,2398774.69351655,3725014.742982,-0.2165717915709011,55.5,56.7,2.1621621621621623,-0.9009009009009028,2.9982363315696694,141.66666666666677,complete_hourly_ordered,/v1/candles/minutes/60,120,False,13.400000000000013,50.0,2026-09-03T07:00:00,56.7,2026-09-06T10:00:00,D-1,2.821869488536155,23.88059701492537,False,0.36839430894308745,21.02948525737132,,False,0.39511118995729605,,5233.386588888628,0.7752773143163125,-0.7220216606498187,-1.0,-0.050813008130079496,0.03603165685160903,,0.39511118995729605,,5233.386588888628,0.7752773143163125,-0.7220216606498187,-1.0,-0.050813008130079496,0.03603165685160903,,0.39511118995729605,,5233.386588888628,0.7752773143163125,-0.7220216606498187,-1.0,-0.050813008130079496,0.03603165685160903,,0.39511118995729605,,5233.386588888628,0.7752773143163125,-0.7220216606498187,-1.0,-0.050813008130079496,0.03603165685160903,,-3.191634362225139,6445.446471501784,59318.33998992696,0.7934139087680023,-1.4336917562723928,-1.0,-0.10162601626015899,0.0720597126981275,,-3.191634362225139,6445.446471501784,59318.33998992696,0.7934139087680023,-1.4336917562723928,-1.0,-0.10162601626015899,0.0720597126981275,,0.39511118995729605,10968917.734231543,27241072.52323137,0.7752773143163125,-0.7220216606498187,-1.0,-0.050813008130079496,0.03603165685160903,38730515.00870274,738656.5536714899,52.433725546998595,-1.4336917562723928,False,False,rising,rising,sell_advantage_weakening,accelerating,leading_buy_inflow,False,False,False,pass,S0,🌱 초발사 준비,발사 구조 관찰 또는 초기 준비,S0,False,,,2026-09-06T18:10:00Z,34051589789-1
KRW-KITE,2026-09-07T03:32:04.302321+09:00,1788719524,172.0,117.70326439128374,12.0,0.0,1456614.5424,0.0,15,0.0,complete,1788719552833,1788719765169,1407641.16513413,2358925.8133686,-0.2525601306611095,172.0,179.0,4.069767441860472,0.0,3.910614525139665,100.0,complete_hourly_ordered,/v1/candles/minutes/60,120,False,19.526627218934923,169.0,2026-09-02T06:00:00,202.0,2026-09-03T02:00:00,D-4,14.851485148514854,90.90909090909088,True,0.8730158730158699,19.699901283316876,14.682444885752979,False,-3.3365245299522583,-100.0,67.56621615089043,0.005127430148959888,0.0,0.0,0.0,0.0,0.0,-3.3365245299522583,-100.0,67.56621615089043,0.005127430148959888,0.0,0.0,0.0,0.0,0.0,-3.3365245299522583,-100.0,67.56621615089043,0.005127430148959888,0.0,0.0,0.0,0.0,0.0,-3.3365245299522583,-100.0,67.56621615089043,0.005127430148959888,0.0,0.0,0.0,0.0,0.0,-0.41384588709552744,-100.0,-76.58264650034951,0.15995876884021243,-0.5780346820809301,0.0,-0.03968253968253954,0.028417432728542025,0.08302185872296697,-0.41384588709552744,-100.0,-76.58264650034951,0.15995876884021243,-0.5780346820809301,0.0,-0.03968253968253954,0.028417432728542025,0.08302185872296697,-3.3365245299522583,-2900363.96538692,587337.56291128,0.005127430148959888,0.0,0.0,0.0,0.0,1456614.5424,10046653.63623233,0.14498504627917638,-0.5780346820809301,False,False,falling,rising,sell_only,accelerating,neutral,True,True,False,🔴 1차 급등 완료·상승분 반납 / 신규매수 금지,S3,🔴 1차 급등 완료·반납,당일/5D 급등 후 상승분 상당 부분 반납,S3,False,,,2026-09-06T18:10:00Z,34051589789-1
KRW-KMNO,2026-09-07T03:32:04.302321+09:00,1788719524,34.3,,,0.0,0.0,,0,0.0,complete,,,1386734.90777275,2857911.6301696,-0.3465958141028211,34.4,35.1,2.034883720930236,-0.29069767441860517,2.2792022792022912,114.28571428571428,complete_hourly_ordered,/v1/candles/minutes/60,120,False,9.345794392523366,32.1,2026-09-02T19:00:00,35.1,2026-09-06T21:00:00,D-1,2.279202279202286,26.66666666666691,False,,,,True,,,,,0.0,,,,,,,,,0.0,,,,,,,,,0.0,,,,,,,,,0.0,,,,,,-100.0,,,-0.5797101449275477,,,,,,-100.0,,,-0.5797101449275477,,,,,,0.0,0.0,,0.0,,,,0,850006.0906338601,0.0,-0.5797101449275477,False,False,flat_or_na,flat_or_na,unavailable,flat_or_na,neutral,False,False,False,pass,S0,🌱 초발사 준비,발사 구조 관찰 또는 초기 준비,S0,False,,,2026-09-06T18:10:00Z,34051589789-1
KRW-KNC,2026-09-07T03:32:04.302321+09:00,1788719524,161.0,-81.5843276132086,11.0,0.0,261376.20715401997,0.0,2,0.0,complete,1788719105910,1788719139380,510298.77027179,1273449.5786737,-0.4278354672917101,162.0,162.0,0.0,-0.6172839506172867,0.6172839506172839,,complete_hourly_ordered,/v1/candles/minutes/60,120,False,5.882352941176472,153.0,2026-09-02T19:00:00,162.0,2026-09-06T09:00:00,D-1,0.6172839506172867,11.111111111111068,True,0.08336807002917723,7.324133938048831,14.947233577743836,False,,-100.0,,0.014429395024194491,0.0,0.0,0.0,0.0,0.0,,-100.0,,0.014429395024194491,0.0,0.0,0.0,0.0,0.0,,-100.0,,0.014429395024194491,0.0,0.0,0.0,0.0,0.0,,-100.0,,0.014429395024194491,0.0,0.0,0.0,0.0,0.0,,-100.0,,0.386731644161344,0.0,0.0,0.0,0.0,0.0,,-100.0,,0.386731644161344,0.0,0.0,0.0,0.0,0.0,,-8050000.0,261376.20715401997,0.014429395024194491,0.0,0.0,0.0,0.0,261376.20715401997,720581.877864,0.3627293652302357,0.0,False,True,falling,rising,sell_only,accelerating,neutral,False,False,False,pass,S0,🌱 초발사 준비,발사 구조 관찰 또는 초기 준비,S0,False,,,2026-09-06T18:10:00Z,34051589789-1
KRW-LA,2026-09-07T03:32:04.302321+09:00,1788719524,93.0,287.3770633554743,10.0,567804.00899415,2980885.478128037,0.19048165827246896,17,0.0,complete,1788718695375,1788719594067,3624388.83240893,1109936.6787468,0.5311109571442014,94.3,99.8,5.832449628844105,-1.378579003181335,6.813627254509015,123.63636363636365,complete_hourly_ordered,/v1/candles/minutes/60,120,False,27.621483375959066,78.2,2026-09-02T04:00:00,99.8,2026-09-05T10:00:00,D-2,6.813627254509013,31.48148148148148,False,1.1618459538511594,22.2177104482274,,True,-1.9161520098534848,-85.31000612641981,62.46412362906666,0.09696234445823393,-0.21459227467811592,0.0,-0.016249593760142567,0.011279188368888526,,-1.9161520098534848,-85.31000612641981,62.46412362906666,0.09696234445823393,-0.21459227467811592,0.0,-0.016249593760142567,0.011279188368888526,,-1.9161520098534848,-85.31000612641981,62.46412362906666,0.09696234445823393,-0.21459227467811592,0.0,-0.016249593760142567,0.011279188368888526,,-1.9161520098534848,-85.31000612641981,62.46412362906666,0.09696234445823393,-0.21459227467811592,0.0,-0.016249593760142567,0.011279188368888526,,-1.0026157180008728,-95.816042731952,-73.79344297912729,0.3927581421743298,-0.21459227467811592,0.0,-0.016249593760142567,0.011279188368888526,,-1.0026157180008728,-95.816042731952,-73.79344297912729,0.3927581421743298,-0.21459227467811592,0.0,-0.016249593760142567,0.011279188368888526,,-1.9161520098534848,-3297439.325214041,1146089.3326516931,0.09696234445823393,-0.21459227467811592,0.0,-0.016249593760142567,0.011279188368888526,3548689.487122187,118372392.06951568,0.029979029950143902,-0.21459227467811592,False,False,falling,rising,sell_advantage_accelerating,accelerating,neutral,False,False,False,pass,S0,🌱 초발사 준비,발사 구조 관찰 또는 초기 준비,S1,True,발사 구조 관찰 또는 초기 준비,2026-09-07T03:32:04.302321+09:00,2026-09-06T18:10:00Z,34051589789-1
KRW-LAYER,2026-09-07T03:32:04.302321+09:00,1788719524,112.0,187.71701081752633,11.0,32192620.337654088,35593913.66978512,0.904441715409949,91,0.0,complete,1788718629405,1788719624009,2740613.82289435,5473415.2751747,-0.3326992660548007,95.6,123.0,28.661087866108794,17.154811715481188,8.94308943089431,40.14598540145981,complete_hourly_ordered,/v1/candles/minutes/60,120,False,34.27947598253276,91.6,2026-09-03T10:00:00,123.0,2026-09-07T01:00:00,D0,10.569105691056912,41.40127388535033,False,1.2759957701797608,8.064954803615715,12.796661398154802,True,-1.070513923415373,-76.42492434682042,-48.52102926734552,14.092095151089978,0.0,0.0,0.0,0.0,0.0,-1.070513923415373,-76.42492434682042,-48.52102926734552,14.092095151089978,0.0,0.0,0.0,0.0,0.0,-1.070513923415373,-76.42492434682042,-48.52102926734552,14.092095151089978,0.0,0.0,0.0,0.0,0.0,-1.070513923415373,-76.42492434682042,-48.52102926734552,14.092095151089978,0.0,0.0,0.0,0.0,0.0,0.15368339705898093,-83.99176892419362,-86.71189924405614,45.532248998635964,0.0,0.0,-0.07049700387733449,0.056636134602742416,0.3142104750596406,0.15368339705898093,-83.99176892419362,-86.71189924405614,45.532248998635964,0.0,0.0,-0.07049700387733449,0.056636134602742416,0.3142104750596406,-1.070513923415373,-104361004.39403263,-33548715.18080873,14.092095151089978,0.0,0.0,0.0,0.0,67786534.00743921,1633484.828697352,41.49811055269895,0.0,False,False,falling,falling,sell_advantage_accelerating,accelerating,neutral,False,False,False,pass,S0,🌱 초발사 준비,발사 구조 관찰 또는 초기 준비,S0,False,,,2026-09-06T18:10:00Z,34051589789-1
KRW-LINEA,2026-09-07T03:32:04.302321+09:00,1788719524,3.78,-14.980439344046559,11.0,2409084.0331812953,0.0,,2,0.0,complete,1788718941805,1788718941805,33272793.14216821,33667830.22396114,-0.005901305693439499,3.68,3.85,4.619565217391308,2.717391304347827,1.8181818181818254,41.17647058823532,complete_hourly_ordered,/v1/candles/minutes/60,120,False,14.243323442136502,3.37,2026-09-04T21:00:00,3.85,2026-09-06T20:00:00,D-1,1.81818181818183,14.583333333333442,True,0.8658841639407333,8.039121091180208,7.8306543408481994,True,,19.32352134591364,-100.0,0.37026054676850784,-0.7874015748031593,-1.0,-0.057725610929404425,0.04657641406148283,0.11537492619516332,,19.32352134591364,-100.0,0.37026054676850784,-0.7874015748031593,-1.0,-0.057725610929404425,0.04657641406148283,0.11537492619516332,,19.32352134591364,-100.0,0.37026054676850784,-0.7874015748031593,-1.0,-0.057725610929404425,0.04657641406148283,0.11537492619516332,,19.32352134591364,-100.0,0.37026054676850784,-0.7874015748031593,-1.0,-0.057725610929404425,0.04657641406148283,0.11537492619516332,,1140.4921102814317,,0.5667361479056439,-1.0471204188481686,-1.0,-0.0769674812391763,0.06210052371101149,0.15337019385708395,,1140.4921102814317,,0.5667361479056439,-1.0471204188481686,-1.0,-0.0769674812391763,0.06210052371101149,0.15337019385708395,,390132.525542272,-36643.0704225264,0.37026054676850784,-0.7874015748031593,-1.0,-0.057725610929404425,0.04657641406148283,2409084.0331812953,1301651.882042928,1.850789805182216,-1.0471204188481686,False,False,rising,falling,buy_only,accelerating,neutral,False,False,False,pass,S1,⚡ 선행 시동,가격 미급등 상태에서 선행조건 4개 개선,S2,True,가격 미급등 상태에서 선행조건 4개 개선,2026-09-07T03:32:04.302321+09:00,2026-09-06T18:10:00Z,34051589789-1
KRW-LINK,2026-09-07T03:32:04.302321+09:00,1788719524,16880.0,26.429393733030125,6.0,61125027.9462296,30591286.7113648,1.998118893231169,82,0.0,complete,1788718714804,1788719679903,19163.17096605,30119.66568753,-0.22231867046322099,16430.0,17000.0,3.46926354230066,2.738892270237381,0.7058823529411765,21.052631578946862,complete_hourly_ordered,/v1/candles/minutes/60,120,False,13.408939292861909,14990.0,2026-09-02T19:00:00,17000.0,2026-09-06T11:00:00,D-1,0.8235294117647007,6.965174129353192,False,0.3775642908083965,-22.301165405847485,,False,1.560413487436075,1041.812886928769,150.12409156846093,0.2367244997542457,0.9569377990430672,0.0,0.05873222301462366,-0.06062559064217865,,1.560413487436075,1041.812886928769,150.12409156846093,0.2367244997542457,0.9569377990430672,0.0,0.05873222301462366,-0.06062559064217865,,1.560413487436075,1041.812886928769,150.12409156846093,0.2367244997542457,0.9569377990430672,0.0,0.05873222301462366,-0.06062559064217865,,1.560413487436075,1041.812886928769,150.12409156846093,0.2367244997542457,0.9569377990430672,0.0,0.05873222301462366,-0.06062559064217865,,1.1111900897337108,55.613757111168006,-30.92587039244591,0.7191482264280431,0.41641879833431705,0.0,0.020975793933786235,-0.02165075155087237,,1.1111900897337108,55.613757111168006,-30.92587039244591,0.7191482264280431,0.41641879833431705,0.0,0.020975793933786235,-0.02165075155087237,,1.560413487436075,55771696.5338786,18360842.806687295,0.2367244997542457,0.9569377990430672,0.0,0.05873222301462366,-0.06062559064217865,91716314.6575944,53821132.1149179,1.7040948611367632,0.41641879833431705,False,False,rising,rising,buy_advantage_accelerating,accelerating,neutral,False,False,False,pass,S0,🌱 초발사 준비,발사 구조 관찰 또는 초기 준비,S0,False,,,2026-09-06T18:10:00Z,34051589789-1
KRW-LIT,2026-09-07T03:32:04.302321+09:00,1788719524,6395.0,,,1000386.7375264,3844356.5101687503,0.2602221554843485,16,0.0,complete,1788718815975,1788719631029,24327.95354703,23831.9217223,0.010299690810160586,6480.0,6600.0,1.85185185185186,-1.3117283950617287,3.106060606060606,170.83333333333303,complete_hourly_ordered,/v1/candles/minutes/60,120,False,46.74378748928878,4668.0,2026-09-02T11:00:00,6850.0,2026-09-05T01:00:00,D-2,7.153284671532845,22.45646196150323,False,,,,True,0.2602221554843485,,19138.202434295665,,2.4019215372297786,,,,,0.2602221554843485,,19138.202434295665,,2.4019215372297786,,,,,0.2602221554843485,,19138.202434295665,,2.4019215372297786,,,,,0.2602221554843485,,19138.202434295665,,2.4019215372297786,,,,,-0.2226421048767031,1243.5223442471124,2393.0195579463166,,3.1451612903225845,,,,,-0.2226421048767031,1243.5223442471124,2393.0195579463166,,3.1451612903225845,,,,,0.2602221554843485,1000386.7375264,3824373.5802495005,,2.4019215372297786,,,,4844743.24769515,39580292.40931975,0.12240291702732305,3.1451612903225845,False,False,rising,rising,sell_advantage_weakening,flat_or_na,neutral,False,False,False,pass,S0,🌱 초발사 준비,발사 구조 관찰 또는 초기 준비,S0,False,,,2026-09-06T18:10:00Z,34051589789-1
KRW-LPT,2026-09-07T03:32:04.302321+09:00,1788719524,1961.0,4344.431797821866,9.0,392200.0,1266570.8230855598,0.30965500929868334,11,0.0,complete,1788718691087,1788719492521,9698.30514513,16508.71794388,-0.25986975993492256,1995.0,2029.0,1.7042606516290748,-1.7042606516290748,3.351404632824051,200.0,complete_hourly_ordered,/v1/candles/minutes/60,120,False,36.0601001669449,1797.0,2026-09-02T19:00:00,2445.0,2026-09-04T09:00:00,D-3,19.79550102249489,74.69135802469134,False,0.15646731571627992,19.31683303514221,,True,-11.091254424447525,-62.28896918695326,1288.448544483426,2.5026436869948157,-0.4568527918781706,0.0,-0.05215577190542664,0.03777580645854073,,-11.091254424447525,-62.28896918695326,1288.448544483426,2.5026436869948157,-0.4568527918781706,0.0,-0.05215577190542664,0.03777580645854073,,-11.091254424447525,-62.28896918695326,1288.448544483426,2.5026436869948157,-0.4568527918781706,0.0,-0.05215577190542664,0.03777580645854073,,-11.091254424447525,-62.28896918695326,1288.448544483426,2.5026436869948157,-0.4568527918781706,0.0,-0.05215577190542664,0.03777580645854073,,-0.08594130498367425,-10.267433256572412,14.63684296660448,2.5343578708580026,-0.8093070308548334,0.0,-0.07649513212795167,0.055403158342254955,,-0.08594130498367425,-10.267433256572412,14.63684296660448,2.5343578708580026,-0.8093070308548334,0.0,-0.07649513212795167,0.055403158342254955,,-11.091254424447525,-647814.0,1175348.8020666398,2.5026436869948157,-0.4568527918781706,0.0,-0.05215577190542664,0.03777580645854073,1658770.8230855598,2834311.038249305,0.5852465734001262,-0.8093070308548334,False,True,falling,rising,sell_advantage_accelerating,accelerating,neutral,True,True,False,🔴 1차 급등 완료·상승분 반납 / 신규매수 금지,S3,🔴 1차 급등 완료·반납,당일/5D 급등 후 상승분 상당 부분 반납,S4,True,당일/5D 급등 후 상승분 상당 부분 반납,2026-09-07T03:32:04.302321+09:00,2026-09-06T18:10:00Z,34051589789-1
KRW-LSK,2026-09-07T03:32:04.302321+09:00,1788719524,139.0,-69.17056858703255,12.0,0.0,0.0,,0,0.0,complete,,,1170068.54526827,3894225.67730421,-0.537914467902334,140.0,140.0,0.0,-0.7142857142857117,0.7142857142857143,,complete_hourly_ordered,/v1/candles/minutes/60,120,False,7.575757575757569,132.0,2026-09-03T08:00:00,142.0,2026-09-04T01:00:00,D-3,2.1126760563380254,30.0,False,0.8853910477127247,0.09133532241368812,0.06549727847265391,True,,,,0.032542157713308484,0.0,0.0,0.0,0.0,0.0,,,,0.032542157713308484,0.0,0.0,0.0,0.0,0.0,,,,0.032542157713308484,0.0,0.0,0.0,0.0,0.0,,,,0.032542157713308484,0.0,0.0,0.0,0.0,0.0,,-100.0,,0.04047099558741252,0.0,0.0,0.0,0.0,0.0,,-100.0,,0.04047099558741252,0.0,0.0,0.0,0.0,0.0,,0.0,0.0,0.032542157713308484,0.0,0.0,0.0,0.0,0,1022971.6275541,0.0,0.0,False,True,flat_or_na,flat_or_na,unavailable,accelerating,neutral,False,False,False,pass,S0,🌱 초발사 준비,발사 구조 관찰 또는 초기 준비,S0,False,,,2026-09-06T18:10:00Z,34051589789-1
KRW-MANA,2026-09-07T03:32:04.302321+09:00,1788719524,102.0,-50.31480237030976,11.0,0.0,139566.50858760002,0.0,2,0.0,complete,1788719377346,1788719573718,1207954.89344422,2870180.17333454,-0.4075944647912997,104.0,104.0,0.0,-1.9230769230769273,1.9230769230769231,,complete_hourly_ordered,/v1/candles/minutes/60,120,False,5.740181268882183,99.3,2026-09-02T10:00:00,105.0,2026-09-04T08:00:00,D-3,2.857142857142858,52.6315789473683,False,-0.064859255415739,3.663873952732287,8.010682494374988,False,,,,0.00603999041715042,-0.9708737864077666,0.0,-0.064859255415739,0.05499006532820472,0.30550887420742967,,,,0.00603999041715042,-0.9708737864077666,0.0,-0.064859255415739,0.05499006532820472,0.30550887420742967,,,,0.00603999041715042,-0.9708737864077666,0.0,-0.064859255415739,0.05499006532820472,0.30550887420742967,,,,0.00603999041715042,-0.9708737864077666,0.0,-0.064859255415739,0.05499006532820472,0.30550887420742967,,-100.0,,0.040598838873705745,-1.9230769230769273,0.0,-0.1297185108314891,0.1099715365787346,0.5969548645425773,,-100.0,,0.040598838873705745,-1.9230769230769273,0.0,-0.1297185108314891,0.1099715365787346,0.5969548645425773,,0.0,139566.50858760002,0.00603999041715042,-0.9708737864077666,0.0,-0.064859255415739,0.05499006532820472,139566.50858760002,1895867.4359553,0.0736161748130214,-1.9230769230769273,False,True,flat_or_na,rising,sell_only,accelerating,neutral,False,False,False,pass,S0,🌱 초발사 준비,발사 구조 관찰 또는 초기 준비,S0,False,,,2026-09-06T18:10:00Z,34051589789-1
KRW-MANTRA,2026-09-07T03:32:04.302321+09:00,1788719524,6.29,-96.40231016177557,5.0,30956085.275660597,7766336.589602958,3.985931451529218,37,0.0,complete,1788718625144,1788719471076,17376151.33286522,8735387.68774141,0.33091743992204814,6.26,6.31,0.7987220447284393,0.4792332268370725,0.31695721077653843,39.999999999998884,complete_hourly_ordered,/v1/candles/minutes/60,120,False,8.067226890756295,5.95,2026-09-02T19:00:00,6.43,2026-09-04T11:00:00,D-3,2.1772939346811793,29.16666666666658,False,0.2802328087950112,37.60677312544532,,True,-16.220631903400776,1288.1888484049482,6937.38291915186,0.03674954058905655,2.110389610389607,0.0,0.15089458935115818,-0.08657283912572211,,-16.220631903400776,1288.1888484049482,6937.38291915186,0.03674954058905655,2.110389610389607,0.0,0.15089458935115818,-0.08657283912572211,,-16.220631903400776,1288.1888484049482,6937.38291915186,0.03674954058905655,2.110389610389607,0.0,0.15089458935115818,-0.08657283912572211,,-16.220631903400776,1288.1888484049482,6937.38291915186,0.03674954058905655,2.110389610389607,0.0,0.15089458935115818,-0.08657283912572211,,2.8460354589302246,1948.8509368483922,485.9300393764074,0.0421729092833516,2.110389610389607,0.0,0.16167277430481075,-0.09275739098659841,,2.8460354589302246,1948.8509368483922,485.9300393764074,0.0421729092833516,2.110389610389607,0.0,0.16167277430481075,-0.09275739098659841,,-16.220631903400776,28726123.169911824,7655978.283414058,0.03674954058905655,2.110389610389607,0.0,0.15089458935115818,-0.08657283912572211,38722421.86526355,6598138.971478373,5.8686884336095515,2.110389610389607,False,False,rising,rising,buy_advantage_weakening,accelerating,neutral,False,True,False,pass,S0,🌱 초발사 준비,발사 구조 관찰 또는 초기 준비,S0,False,,,2026-09-06T18:10:00Z,34051589789-1
KRW-MASK,2026-09-07T03:32:04.302321+09:00,1788719524,643.0,-51.242423205067226,8.0,0.0,0.0,,0,0.0,complete,,,47588.14605532,38069.50913987,0.1111241825819265,624.0,653.0,4.647435897435903,3.044871794871784,1.5313935681470139,34.48275862068997,complete_hourly_ordered,/v1/candles/minutes/60,120,False,12.006861063464846,583.0,2026-09-03T02:00:00,653.0,2026-09-06T22:00:00,D-1,1.5313935681470103,14.285714285714338,False,0.7262569832402255,-2.0633438057230156,,True,,,,0.03186209117329497,0.6259780907668322,0.0,0.04469273743015201,-0.03951069411499475,,,,,0.03186209117329497,0.6259780907668322,0.0,0.04469273743015201,-0.03951069411499475,,,,,0.03186209117329497,0.6259780907668322,0.0,0.04469273743015201,-0.03951069411499475,,,,,0.03186209117329497,0.6259780907668322,0.0,0.04469273743015201,-0.03951069411499475,,,-100.0,-100.0,0.1593670978802777,0.31201248049921304,0.0,0.03351955307262511,-0.029632601205559883,,,-100.0,-100.0,0.1593670978802777,0.31201248049921304,0.0,0.03351955307262511,-0.029632601205559883,,,0.0,0.0,0.03186209117329497,0.6259780907668322,0.0,0.04469273743015201,-0.03951069411499475,0,425684.55642826,0.0,0.31201248049921304,False,False,flat_or_na,flat_or_na,unavailable,accelerating,neutral,False,False,False,pass,S0,🌱 초발사 준비,발사 구조 관찰 또는 초기 준비,S0,False,,,2026-09-06T18:10:00Z,34051589789-1
KRW-MBL,2026-09-07T03:32:04.302321+09:00,1788719524,0.94,-8.245696656999069,8.0,0.0,0.0,,0,0.0,complete,,,92123408.89861643,31790145.90746025,0.48689800793445936,0.941,0.959,1.9128586609989284,-0.10626992561104665,1.9812304483837349,105.55555555555529,complete_hourly_ordered,/v1/candles/minutes/60,120,False,23.778501628664483,0.921,2026-09-02T03:00:00,1.14,2026-09-02T09:00:00,D-4,17.543859649122805,91.3242009132421,False,0.25320118642842004,13.288594803447678,,True,,-100.0,-100.0,0.008694141236798458,0.42735042735042583,0.0,0.028937278448948334,-0.02231642064304573,,,-100.0,-100.0,0.008694141236798458,0.42735042735042583,0.0,0.028937278448948334,-0.02231642064304573,,,-100.0,-100.0,0.008694141236798458,0.42735042735042583,0.0,0.028937278448948334,-0.02231642064304573,,,-100.0,-100.0,0.008694141236798458,0.42735042735042583,0.0,0.028937278448948334,-0.02231642064304573,,,,,0.01689228080209304,0.53475935828875,0.0,0.03617159806119652,-0.027895743995005162,,,,,0.01689228080209304,0.53475935828875,0.0,0.03617159806119652,-0.027895743995005162,,,-40117.53191488867,-440390.0,0.008694141236798458,0.42735042735042583,0.0,0.028937278448948334,-0.02231642064304573,0,2892560.1615414643,0.0,0.53475935828875,False,False,falling,falling,unavailable,accelerating,neutral,True,True,False,🔴 1차 급등 완료·상승분 반납 / 신규매수 금지,S3,🔴 1차 급등 완료·반납,당일/5D 급등 후 상승분 상당 부분 반납,S3,False,,,2026-09-06T18:10:00Z,34051589789-1
KRW-ME,2026-09-07T03:32:04.302321+09:00,1788719524,89.3,-49.04033878038564,6.0,15999.999999045,24862.261822841,0.6435456320529042,3,0.0,complete,1788719566841,1788719689082,929751.50732041,1169254.54594096,-0.11410307190320759,88.2,89.9,1.9274376417233618,1.2471655328798015,0.6674082313681963,35.294117647059906,complete_hourly_ordered,/v1/candles/minutes/60,120,False,8.706166868198316,82.7,2026-09-02T10:00:00,89.9,2026-09-06T22:00:00,D-1,0.444938820912133,5.555555555555805,False,-0.12003000750185899,13.229927007299269,,True,-78.80179433799847,-98.68696635792998,62.093251652732185,0.06168846337494216,-0.11185682326623203,0.0,-0.015003750937714333,0.011620475536547659,,-78.80179433799847,-98.68696635792998,62.093251652732185,0.06168846337494216,-0.11185682326623203,0.0,-0.015003750937714333,0.011620475536547659,,-78.80179433799847,-98.68696635792998,62.093251652732185,0.06168846337494216,-0.11185682326623203,0.0,-0.015003750937714333,0.011620475536547659,,-78.80179433799847,-98.68696635792998,62.093251652732185,0.06168846337494216,-0.11185682326623203,0.0,-0.015003750937714333,0.011620475536547659,,-20.743232865876763,-99.71635605245366,-90.57373715815477,0.5086429639764134,-0.33482142857143016,0.0,-0.007501875468851615,0.005810285101043533,,-20.743232865876763,-99.71635605245366,-90.57373715815477,0.5086429639764134,-0.33482142857143016,0.0,-0.007501875468851615,0.005810285101043533,,-78.80179433799847,-1202552.174629219,9524.015739589,0.06168846337494216,-0.11185682326623203,0.0,-0.015003750937714333,0.011620475536547659,40862.261821886,5556114.08498456,0.007354467744338903,-0.33482142857143016,False,False,falling,rising,sell_advantage_accelerating,accelerating,neutral,False,False,False,pass,S0,🌱 초발사 준비,발사 구조 관찰 또는 초기 준비,S0,False,,,2026-09-06T18:10:00Z,34051589789-1
KRW-MED,2026-09-07T03:32:04.302321+09:00,1788719524,2.04,56.641648686859234,9.0,5021.9999999952,0.0,,1,0.0,complete,1788719117187,1788719117187,63203657.7584849,69251698.35436831,-0.045660974183108355,2.04,2.08,1.9607843137254832,0.0,1.9230769230769247,100.0,complete_hourly_ordered,/v1/candles/minutes/60,120,False,12.820512820512842,1.95,2026-09-02T05:00:00,2.2,2026-09-02T14:00:00,D-4,7.272727272727275,64.00000000000003,False,0.1997336884154377,12.41088316601192,,True,,,,0.0074907479272283695,0.49261083743843415,0.0,0.03328894806924332,-0.02591433135087229,,,,,0.0074907479272283695,0.49261083743843415,0.0,0.03328894806924332,-0.02591433135087229,,,,,0.0074907479272283695,0.49261083743843415,0.0,0.03328894806924332,-0.02591433135087229,,,,,0.0074907479272283695,0.49261083743843415,0.0,0.03328894806924332,-0.02591433135087229,,,-49.78000000000481,,0.1349575019285112,0.49261083743843415,0.0,0.03328894806924332,-0.02591433135087229,,,-49.78000000000481,,0.1349575019285112,0.49261083743843415,0.0,0.03328894806924332,-0.02591433135087229,,,5021.9999999952,0.0,0.0074907479272283695,0.49261083743843415,0.0,0.03328894806924332,-0.02591433135087229,5021.9999999952,1099850.0749624707,0.004566076881129968,0.49261083743843415,False,False,rising,flat_or_na,buy_only,accelerating,neutral,False,False,False,pass,S0,🌱 초발사 준비,발사 구조 관찰 또는 초기 준비,S0,False,,,2026-09-06T18:10:00Z,34051589789-1
KRW-MEGA,2026-09-07T03:32:04.302321+09:00,1788719524,54.0,98.81188641214126,9.0,0.0,0.0,,0,0.0,complete,,,1700364.05888368,1244528.64688518,0.15478846176824954,54.8,55.5,1.277372262773735,-1.4598540145985384,2.7027027027027026,214.28571428571303,complete_hourly_ordered,/v1/candles/minutes/60,120,False,13.400000000000013,50.0,2026-09-03T02:00:00,56.7,2026-09-03T18:00:00,D-4,4.761904761904767,40.29850746268657,False,-0.16133035492678083,29.371742112482853,,False,,-100.0,,0.009970079781581376,0.18552875695732052,0.0,0.0,0.0,,,-100.0,,0.009970079781581376,0.18552875695732052,0.0,0.0,0.0,,,-100.0,,0.009970079781581376,0.18552875695732052,0.0,0.0,0.0,,,-100.0,,0.009970079781581376,0.18552875695732052,0.0,0.0,0.0,,,-100.0,,0.4380176403578133,-0.1848428835489857,0.0,-0.01241002730206775,0.008003991639188968,,,-100.0,,0.4380176403578133,-0.1848428835489857,0.0,-0.01241002730206775,0.008003991639188968,,,-7654962.518739823,0.0,0.009970079781581376,0.18552875695732052,0.0,0.0,0.0,0,6288995.463336127,0.0,-0.1848428835489857,False,False,falling,flat_or_na,unavailable,accelerating,neutral,False,False,False,pass,S0,🌱 초발사 준비,발사 구조 관찰 또는 초기 준비,S0,False,,,2026-09-06T18:10:00Z,34051589789-1
KRW-MET2,2026-09-07T03:32:04.302321+09:00,1788719524,290.0,319.1238961634999,5.0,17768.99999706,2190100.5664056,0.008113326058913605,9,0.0,complete,1788718963708,1788719794500,472063.34045449,484269.44746982,-0.012763451352350852,260.0,306.0,17.692307692307697,11.538461538461542,5.228758169934641,34.78260869565217,complete_hourly_ordered,/v1/candles/minutes/60,120,False,22.891566265060238,249.0,2026-09-05T05:00:00,306.0,2026-09-06T22:00:00,D-1,5.228758169934644,28.070175438596458,True,-0.3040935672514622,-23.540707996666537,,False,-0.08990092974543576,-96.68918322253461,-60.00317992997364,0.29183916987790326,0.34602076124568004,0.0,0.02339181286550307,-0.024511170809585536,,-0.08990092974543576,-96.68918322253461,-60.00317992997364,0.29183916987790326,0.34602076124568004,0.0,0.02339181286550307,-0.024511170809585536,,-0.08990092974543576,-96.68918322253461,-60.00317992997364,0.29183916987790326,0.34602076124568004,0.0,0.02339181286550307,-0.024511170809585536,,-0.08990092974543576,-96.68918322253461,-60.00317992997364,0.29183916987790326,0.34602076124568004,0.0,0.02339181286550307,-0.024511170809585536,,-0.1964451347758068,-98.82051027961043,-70.26193696379417,1.3348624023914795,-1.6949152542372836,0.0,-0.11695906432747094,0.12252921533171346,,-0.1964451347758068,-98.82051027961043,-70.26193696379417,1.3348624023914795,-1.6949152542372836,0.0,-0.11695906432747094,0.12252921533171346,,-0.08990092974543576,-518926.35922675004,-3285586.15711686,0.29183916987790326,0.34602076124568004,0.0,0.02339181286550307,-0.024511170809585536,2207869.5664026598,2256501.8400291,0.9784479353113167,-1.6949152542372836,False,True,falling,falling,sell_advantage_accelerating,accelerating,neutral,False,False,False,pass,S0,🌱 초발사 준비,발사 구조 관찰 또는 초기 준비,S0,False,,,2026-09-06T18:10:00Z,34051589789-1
KRW-META,2026-09-07T03:32:04.302321+09:00,1788719524,10.3,-72.31440943577128,8.0,0.0,94253.022115242,0.0,1,0.0,complete,1788719319396,1788719319396,4427295.00704848,32845531.44043746,-0.7624384609905481,10.5,10.5,0.0,-1.904761904761898,1.904761904761898,,complete_hourly_ordered,/v1/candles/minutes/60,120,False,6.106106106106091,9.99,2026-09-02T10:00:00,10.6,2026-09-04T13:00:00,D-3,2.8301886792452713,49.1803278688522,False,0.19436345966958868,11.828845907153745,,False,0.0,,-67.95626017552885,0.00750142051137459,0.0,0.0,0.0,0.0,,0.0,,-67.95626017552885,0.00750142051137459,0.0,0.0,0.0,0.0,,0.0,,-67.95626017552885,0.00750142051137459,0.0,0.0,0.0,0.0,,0.0,,-67.95626017552885,0.00750142051137459,0.0,0.0,0.0,0.0,,-0.19999999999819196,-100.0,88.50604423043873,0.11211723938446028,-0.9615384615384581,0.0,-0.06478781988985549,0.05072607362088455,,-0.19999999999819196,-100.0,88.50604423043873,0.11211723938446028,-0.9615384615384581,0.0,-0.06478781988985549,0.05072607362088455,,0.0,0.0,-199885.62284798702,0.00750142051137459,0.0,0.0,0.0,0.0,94253.022115242,282420.517185463,0.3337329137930404,-0.9615384615384581,False,False,flat_or_na,falling,sell_only,accelerating,neutral,False,False,False,pass,S0,🌱 초발사 준비,발사 구조 관찰 또는 초기 준비,S0,False,,,2026-09-06T18:10:00Z,34051589789-1
KRW-META2,2026-09-07T03:32:04.302321+09:00,1788719524,7505.0,,,536050.168193,0.0,,4,0.0,complete,1788718806042,1788719221041,7675.85329431,11090.83088116,-0.18197021673726088,7905.0,7905.0,0.0,-5.060088551549658,5.060088551549652,,complete_hourly_ordered,/v1/candles/minutes/60,120,False,29.936753338018264,7115.0,2026-09-02T14:00:00,9245.0,2026-09-04T14:00:00,D-3,18.820984315846403,81.6901408450704,False,,,,True,,,-100.0,,0.8059100067159264,,,,,,,-100.0,,0.8059100067159264,,,,,,,-100.0,,0.8059100067159264,,,,,,,-100.0,,0.8059100067159264,,,,,,-83.32676383506585,-100.0,,1.1455525606469008,,,,,,-83.32676383506585,-100.0,,1.1455525606469008,,,,,,536050.168193,-494868.14261705003,,0.8059100067159264,,,,536050.168193,7631368.088682,0.07024299731892245,1.1455525606469008,False,False,rising,falling,buy_only,flat_or_na,neutral,True,True,False,🔴 1차 급등 완료·상승분 반납 / 신규매수 금지,S3,🔴 1차 급등 완료·반납,당일/5D 급등 후 상승분 상당 부분 반납,S3,False,,,2026-09-06T18:10:00Z,34051589789-1
KRW-MEW,2026-09-07T03:32:04.302321+09:00,1788719524,0.601,9.14845880530406,11.0,17502.76376068073,186869.949296,0.09366280574602467,6,0.0,complete,1788719409856,1788719727822,112009450.82716522,123518148.12264499,-0.048863476496154586,0.586,0.61,4.095563139931735,2.5597269624573427,1.475409836065575,37.499999999999794,complete_hourly_ordered,/v1/candles/minutes/60,120,False,11.926605504587151,0.545,2026-09-02T10:00:00,0.61,2026-09-06T22:00:00,D-1,1.4754098360655776,13.846153846154,True,0.3453436168988189,2.123538575980014,2.37852780075317,False,,-97.51418855301986,,0.08613836963453636,-0.16611295681062677,0.0,-0.011511453896639878,0.009854365453706215,0.01625244830410999,,-97.51418855301986,,0.08613836963453636,-0.16611295681062677,0.0,-0.011511453896639878,0.009854365453706215,0.01625244830410999,,-97.51418855301986,,0.08613836963453636,-0.16611295681062677,0.0,-0.011511453896639878,0.009854365453706215,0.01625244830410999,,-97.51418855301986,,0.08613836963453636,-0.16611295681062677,0.0,-0.011511453896639878,0.009854365453706215,0.01625244830410999,-4.329839858967344,-99.7563272103716,-88.49183274348898,0.395417502046568,-0.9884678747940745,-1.0,-0.06906872337975045,0.05912204380682651,0.09644574672923456,-4.329839858967344,-99.7563272103716,-88.49183274348898,0.395417502046568,-0.9884678747940745,-1.0,-0.06906872337975045,0.05912204380682651,0.09644574672923456,,-686603.888493407,186869.949296,0.08613836963453636,-0.16611295681062677,0.0,-0.011511453896639878,0.009854365453706215,204372.71305668075,2125553.1653122897,0.09615036518112874,-0.9884678747940745,False,True,falling,rising,sell_advantage_weakening,accelerating,neutral,False,False,False,pass,S0,🌱 초발사 준비,발사 구조 관찰 또는 초기 준비,S0,False,,,2026-09-06T18:10:00Z,34051589789-1
KRW-MINA,2026-09-07T03:32:04.302321+09:00,1788719524,105.0,-69.52285107688168,9.0,194901.0,188194.9288065,1.0356336445196943,2,0.0,complete,1788719371610,1788719691956,794622.56335487,2819873.99036364,-0.560313558723756,103.0,105.0,1.9417475728155331,1.9417475728155331,0.0,0.0,complete_hourly_ordered,/v1/candles/minutes/60,120,False,13.006396588486147,93.8,2026-09-02T19:00:00,106.0,2026-09-04T17:00:00,D-3,0.9433962264150941,8.196721311475356,False,2.2835465635227425,-28.14276395489704,,True,,,,0.01083948990078909,0.0,0.0,0.0,0.0,,,,,0.01083948990078909,0.0,0.0,0.0,0.0,,,,,0.01083948990078909,0.0,0.0,0.0,0.0,,,,,0.01083948990078909,0.0,0.0,0.0,0.0,,1.0356336445196943,,1098.6938140541401,0.010927069295576075,0.9615384615384581,0.0,0.07438262421899378,-0.07827037396553393,,1.0356336445196943,,1098.6938140541401,0.010927069295576075,0.9615384615384581,0.0,0.07438262421899378,-0.07827037396553393,,,194901.0,188194.9288065,0.01083948990078909,0.0,0.0,0.0,0.0,383095.9288065,5658700.8478032835,0.06770033248094719,0.9615384615384581,False,False,rising,rising,buy_advantage_weakening,accelerating,neutral,False,False,False,pass,S0,🌱 초발사 준비,발사 구조 관찰 또는 초기 준비,S0,False,,,2026-09-06T18:10:00Z,34051589789-1
KRW-MIRA,2026-09-07T03:32:04.302321+09:00,1788719524,63.4,-9.875122495764154,8.0,5123972.2134,0.0,,4,0.0,complete,1788718718999,1788718718999,1545344.15018669,1252588.05255129,0.10463302053885255,64.2,65.5,2.024922118380057,-1.2461059190031265,3.20610687022901,161.53846153846226,complete_hourly_ordered,/v1/candles/minutes/60,120,False,15.187713310580197,58.6,2026-09-02T06:00:00,67.5,2026-09-02T21:00:00,D-4,6.074074074074076,46.067415730337125,True,0.6644518272425293,21.180130282567937,,True,,-4.573814293065004,-100.0,0.05583375818145697,0.15797788309637184,0.0,0.011074197120719553,-0.007816823436836984,,,-4.573814293065004,-100.0,0.05583375818145697,0.15797788309637184,0.0,0.011074197120719553,-0.007816823436836984,,,-4.573814293065004,-100.0,0.05583375818145697,0.15797788309637184,0.0,0.011074197120719553,-0.007816823436836984,,,-4.573814293065004,-100.0,0.05583375818145697,0.15797788309637184,0.0,0.011074197120719553,-0.007816823436836984,,,6.5996461226916825,-100.0,0.08171144352427895,0.47543581616480424,0.0,0.033222591362136455,-0.023450978677686862,,,6.5996461226916825,-100.0,0.08171144352427895,0.47543581616480424,0.0,0.033222591362136455,-0.023450978677686862,,,-245593.98631830327,-1715156.81322111,0.05583375818145697,0.15797788309637184,0.0,0.011074197120719553,-0.007816823436836984,5123972.2134,23471288.945537485,0.21830808803426208,0.47543581616480424,False,False,falling,falling,buy_only,accelerating,neutral,False,True,False,pass,S0,🌱 초발사 준비,발사 구조 관찰 또는 초기 준비,S0,False,,,2026-09-06T18:10:00Z,34051589789-1
KRW-MLK,2026-09-07T03:32:04.302321+09:00,1788719524,50.0,-68.81608715033089,10.0,0.0,0.0,,0,0.0,complete,,,1721113.4353727,1687181.66101109,0.009955644509071895,50.0,50.5,1.0000000000000009,0.0,0.9900990099009901,100.0,complete_hourly_ordered,/v1/candles/minutes/60,120,False,6.540084388185652,47.4,2026-09-02T04:00:00,50.5,2026-09-06T09:00:00,D-1,0.990099009900991,16.129032258064495,True,0.32737689264765724,10.88494100898118,13.904234055008159,False,,,,0.0029271639784553827,0.0,0.0,0.0,0.0,0.0,,,,0.0029271639784553827,0.0,0.0,0.0,0.0,0.0,,,,0.0029271639784553827,0.0,0.0,0.0,0.0,0.0,,,,0.0029271639784553827,0.0,0.0,0.0,0.0,0.0,,-100.0,-100.0,0.00702389583894103,0.0,0.0,0.0,0.0,0.0,,-100.0,-100.0,0.00702389583894103,0.0,0.0,0.0,0.0,0.0,,0.0,0.0,0.0029271639784553827,0.0,0.0,0.0,0.0,0,1844817.3582735418,0.0,0.0,False,True,flat_or_na,flat_or_na,unavailable,accelerating,neutral,False,False,False,pass,S0,🌱 초발사 준비,발사 구조 관찰 또는 초기 준비,S0,False,,,2026-09-06T18:10:00Z,34051589789-1
KRW-MMT,2026-09-07T03:32:04.302321+09:00,1788719524,227.0,-51.332260231618946,3.0,0.0,0.0,,0,0.0,complete,,,1358757.50900254,2349690.22104839,-0.26720956696138765,227.0,230.0,1.3215859030837107,0.0,1.3043478260869565,100.0,complete_hourly_ordered,/v1/candles/minutes/60,120,False,8.878504672897192,214.0,2026-09-02T10:00:00,233.0,2026-09-04T09:00:00,D-3,2.5751072961373356,31.578947368420945,True,-0.5014749262536866,1.6904692509472365,,False,,-100.0,-100.0,0.01992252007426032,-0.43859649122807154,0.0,-0.02949852507374562,0.025563425598406075,,,-100.0,-100.0,0.01992252007426032,-0.43859649122807154,0.0,-0.02949852507374562,0.025563425598406075,,,-100.0,-100.0,0.01992252007426032,-0.43859649122807154,0.0,-0.02949852507374562,0.025563425598406075,,,-100.0,-100.0,0.01992252007426032,-0.43859649122807154,0.0,-0.02949852507374562,0.025563425598406075,,,,-100.0,0.03849379338927861,0.0,0.0,0.0,0.0,,,,-100.0,0.03849379338927861,0.0,0.0,0.0,0.0,,,-5244.0,-988050.7323694399,0.01992252007426032,-0.43859649122807154,0.0,-0.02949852507374562,0.025563425598406075,0,7964313.422083434,0.0,0.0,False,False,falling,falling,unavailable,accelerating,neutral,False,False,False,pass,S0,🌱 초발사 준비,발사 구조 관찰 또는 초기 준비,S0,False,,,2026-09-06T18:10:00Z,34051589789-1
KRW-MNT,2026-09-07T03:32:04.302321+09:00,1788719524,820.0,-57.356461442622205,9.0,49999.9999932,0.0,,1,0.0,complete,1788719712453,1788719712453,377900.63456662,431520.15059548,-0.066244303348501,804.0,833.0,3.6069651741293507,1.990049751243772,1.56062424969988,44.82758620689676,complete_hourly_ordered,/v1/candles/minutes/60,120,False,13.33333333333333,735.0,2026-09-02T03:00:00,833.0,2026-09-06T19:00:00,D-1,1.3205282112845107,11.224489795918283,False,1.423390752493181,-0.3554648515906191,,True,,,,1.303851343928521,0.7371007371007376,0.0,0.05439709882137933,-0.047075540924839676,,,,,1.303851343928521,0.7371007371007376,0.0,0.05439709882137933,-0.047075540924839676,,,,,1.303851343928521,0.7371007371007376,0.0,0.05439709882137933,-0.047075540924839676,,,,,1.303851343928521,0.7371007371007376,0.0,0.05439709882137933,-0.047075540924839676,,,,-100.0,1.304089804339874,0.7371007371007376,0.0,0.05439709882137933,-0.047075540924839676,,,,-100.0,1.304089804339874,0.7371007371007376,0.0,0.05439709882137933,-0.047075540924839676,,,49999.9999932,0.0,1.303851343928521,0.7371007371007376,0.0,0.05439709882137933,-0.047075540924839676,49999.9999932,2653455.8936911295,0.018843350708063495,0.7371007371007376,False,False,rising,flat_or_na,buy_only,accelerating,neutral,False,False,False,pass,S0,🌱 초발사 준비,발사 구조 관찰 또는 초기 준비,S0,False,,,2026-09-06T18:10:00Z,34051589789-1
KRW-MOC,2026-09-07T03:32:04.302321+09:00,1788719524,24.5,947.3533810723131,9.0,0.0,0.0,,0,0.0,complete,,,7556675.00622927,8224415.19048042,-0.04231267776356616,24.6,24.7,0.40650406504063596,-0.40650406504065817,0.8097165991902806,200.00000000000546,complete_hourly_ordered,/v1/candles/minutes/60,120,False,40.41666666666668,24.0,2026-09-02T02:00:00,33.7,2026-09-02T15:00:00,D-4,27.299703264094966,94.84536082474229,False,0.16469942355199496,15.583702032908251,,True,,-100.0,,0.0,0.0,0.0,0.0,0.0,,,-100.0,,0.0,0.0,0.0,0.0,0.0,,,-100.0,,0.0,0.0,0.0,0.0,0.0,,,-100.0,,0.0,0.0,0.0,0.0,0.0,,,-100.0,-100.0,0.34125456531251075,0.0,0.0,0.0,0.0,,,-100.0,-100.0,0.34125456531251075,0.0,0.0,0.0,0.0,,,-5994002.998499881,0.0,0.0,0.0,0.0,0.0,0.0,0,5917786.505193079,0.0,0.0,False,True,falling,flat_or_na,unavailable,flat_or_na,neutral,True,True,False,🔴 1차 급등 완료·상승분 반납 / 신규매수 금지,S3,🔴 1차 급등 완료·반납,당일/5D 급등 후 상승분 상당 부분 반납,S3,False,,,2026-09-06T18:10:00Z,34051589789-1
KRW-MOCA,2026-09-07T03:32:04.302321+09:00,1788719524,12.1,-55.54924427068888,8.0,0.0,0.0,,0,0.0,complete,,,11162752.73071873,34532491.33022132,-0.5114260593145373,12.1,12.3,1.6528925619834878,0.0,1.62601626016261,100.0,complete_hourly_ordered,/v1/candles/minutes/60,120,False,8.695652173913038,11.5,2026-09-01T22:00:00,12.5,2026-09-04T08:00:00,D-3,3.200000000000003,40.00000000000005,False,0.3957037874505298,14.656415185007207,,False,,-100.0,,0.0,0.0,0.0,0.0,0.0,,,-100.0,,0.0,0.0,0.0,0.0,0.0,,,-100.0,,0.0,0.0,0.0,0.0,0.0,,,-100.0,,0.0,0.0,0.0,0.0,0.0,,,-100.0,,0.06243842553986667,0.0,0.0,0.0,0.0,,,-100.0,,0.06243842553986667,0.0,0.0,0.0,0.0,,,-299849.999999913,0.0,0.0,0.0,0.0,0.0,0.0,0,877051.734086113,0.0,0.0,False,False,falling,flat_or_na,unavailable,flat_or_na,neutral,False,False,False,pass,S0,🌱 초발사 준비,발사 구조 관찰 또는 초기 준비,S0,False,,,2026-09-06T18:10:00Z,34051589789-1
KRW-MON,2026-09-07T03:32:04.302321+09:00,1788719524,36.2,56.97983515693221,8.0,0.0,367540.900000268,0.0,4,0.0,complete,1788718882484,1788719810351,6616032.44833597,4077879.44856027,0.23734560600900068,34.1,37.4,9.677419354838701,6.158357771260992,3.2085561497326087,36.36363636363637,complete_hourly_ordered,/v1/candles/minutes/60,120,False,12.979351032448383,33.9,2026-09-03T09:00:00,38.3,2026-09-04T19:00:00,D-3,5.483028720626615,47.72727272727261,True,-0.38664323374341114,-11.099132650561055,,False,-0.4619495924555804,-100.0,-91.0919398709798,0.39436938619348183,0.0,0.0,0.0,0.0,,-0.4619495924555804,-100.0,-91.0919398709798,0.39436938619348183,0.0,0.0,0.0,0.0,,-0.4619495924555804,-100.0,-91.0919398709798,0.39436938619348183,0.0,0.0,0.0,0.0,,-0.4619495924555804,-100.0,-91.0919398709798,0.39436938619348183,0.0,0.0,0.0,0.0,,-2.0182730743321455,-100.0,-99.15874432244817,1.615418931228092,0.27700831024930483,0.0,0.01757469244286769,-0.016879446924969344,,-2.0182730743321455,-100.0,-99.15874432244817,1.615418931228092,0.27700831024930483,0.0,0.01757469244286769,-0.016879446924969344,,-0.4619495924555804,-1905974.6623483524,-3758395.5516735683,0.39436938619348183,0.0,0.0,0.0,0.0,367540.900000268,8515518.656544998,0.04316130523861601,0.27700831024930483,False,False,falling,falling,sell_only,accelerating,neutral,False,False,False,pass,S0,🌱 초발사 준비,발사 구조 관찰 또는 초기 준비,S0,False,,,2026-09-06T18:10:00Z,34051589789-1
KRW-MOODENG,2026-09-07T03:32:04.302321+09:00,1788719524,60.4,482.3784516293227,10.0,2941780.1699601696,16522988.953372268,0.17804164720207996,13,0.0,complete,1788719297324,1788719911800,1060623.18810721,586448.51210057,0.28788951686002634,62.0,63.0,1.6129032258064502,-2.580645161290329,4.126984126984129,260.00000000000057,complete_hourly_ordered,/v1/candles/minutes/60,120,False,25.0,52.8,2026-09-02T10:00:00,66.0,2026-09-06T02:00:00,D-1,8.939393939393936,44.69696969696963,True,-0.0802936453314862,5.249561516811911,,False,-2.2455932394487466,-54.08544849969419,525.0229121659531,1.7614141722012278,1.342281879194629,-1.0,0.1261757283780751,-0.10549301281902679,,-2.2455932394487466,-54.08544849969419,525.0229121659531,1.7614141722012278,1.342281879194629,-1.0,0.1261757283780751,-0.10549301281902679,,-2.2455932394487466,-54.08544849969419,525.0229121659531,1.7614141722012278,1.342281879194629,-1.0,0.1261757283780751,-0.10549301281902679,,-2.2455932394487466,-54.08544849969419,525.0229121659531,1.7614141722012278,1.342281879194629,-1.0,0.1261757283780751,-0.10549301281902679,,-0.59584812012528,-38.409852391837916,167.71255911847956,3.6823053174575193,0.4991680532445919,-1.0,0.06882312456986117,-0.05753773124705486,,-0.59584812012528,-38.409852391837916,167.71255911847956,3.6823053174575193,0.4991680532445919,-1.0,0.06882312456986117,-0.05753773124705486,,-2.2455932394487466,-3465295.743523545,13879407.633110978,1.7614141722012278,1.342281879194629,-1.0,0.1261757283780751,-0.10549301281902679,19464769.123332437,5646102.424359421,3.447470070566567,0.4991680532445919,False,True,falling,rising,sell_advantage_accelerating,accelerating,neutral,False,False,False,pass,S1,⚡ 선행 시동,가격 미급등 상태에서 선행조건 3개 개선,S0,True,가격 미급등 상태에서 선행조건 3개 개선,2026-09-07T03:32:04.302321+09:00,2026-09-06T18:10:00Z,34051589789-1
KRW-MORPHO,2026-09-07T03:32:04.302321+09:00,1788719524,3542.0,,,0.0,10002.82402658,0.0,1,0.0,complete,1788718914453,1788718914453,8783.16655852,12739.2418782,-0.183811924734707,3402.0,3578.0,5.17342739564961,4.115226337448563,1.0061486864169928,20.45454545454527,complete_hourly_ordered,/v1/candles/minutes/60,120,False,9.118633729795667,3279.0,2026-09-03T21:00:00,3578.0,2026-09-06T13:00:00,D-1,1.0061486864169966,12.040133779264146,True,,,,True,-8.719833747009515,-100.0,-97.77089535072939,,0.8542141230068356,,,,,-8.719833747009515,-100.0,-97.77089535072939,,0.8542141230068356,,,,,-8.719833747009515,-100.0,-97.77089535072939,,0.8542141230068356,,,,,-8.719833747009515,-100.0,-97.77089535072939,,0.8542141230068356,,,,,-0.8665035865666408,-100.0,-99.55952136668603,,1.4608994557433475,,,,,-0.8665035865666408,-100.0,-99.55952136668603,,1.4608994557433475,,,,,-8.719833747009515,-3912914.6557076396,-438734.47638922,,0.8542141230068356,,,,10002.82402658,10455922.560334971,0.0009566658483610215,1.4608994557433475,False,False,falling,falling,sell_only,flat_or_na,neutral,False,False,False,pass,S0,🌱 초발사 준비,발사 구조 관찰 또는 초기 준비,S0,False,,,2026-09-06T18:10:00Z,34051589789-1
KRW-MOVE,2026-09-07T03:32:04.302321+09:00,1788719524,12.2,-36.73708052474027,8.0,2531610.918674242,0.0,,5,0.0,complete,1788718627807,1788719400733,33413488.00768095,41092364.58183501,-0.10306407224758862,12.4,12.6,1.6129032258064502,-1.6129032258064613,3.174603174603177,200.0000000000007,complete_hourly_ordered,/v1/candles/minutes/60,120,False,18.421052631578938,11.4,2026-09-02T10:00:00,13.5,2026-09-04T07:00:00,D-3,9.629629629629633,61.904761904761884,True,0.5030743432085094,27.23078324041564,,True,,1402.2828210434748,-100.0,0.020261838507117602,0.0,0.0,-0.05589714924536526,0.036789027663470364,,,1402.2828210434748,-100.0,0.020261838507117602,0.0,0.0,-0.05589714924536526,0.036789027663470364,,,1402.2828210434748,-100.0,0.020261838507117602,0.0,0.0,-0.05589714924536526,0.036789027663470364,,,1402.2828210434748,-100.0,0.020261838507117602,0.0,0.0,-0.05589714924536526,0.036789027663470364,,,-69.7902336763099,-100.0,0.11644004153372833,-0.8130081300813163,0.0,-0.05589714924536526,0.036789027663470364,,,-69.7902336763099,-100.0,0.11644004153372833,-0.8130081300813163,0.0,-0.05589714924536526,0.036789027663470364,,,2363093.3211079063,-841482.402433598,0.020261838507117602,0.0,0.0,-0.05589714924536526,0.036789027663470364,2531610.918674242,17338732.057193004,0.14600899940800452,-0.8130081300813163,False,True,rising,falling,buy_only,accelerating,neutral,True,True,False,🔴 1차 급등 완료·상승분 반납 / 신규매수 금지,S3,🔴 1차 급등 완료·반납,당일/5D 급등 후 상승분 상당 부분 반납,S3,False,,,2026-09-06T18:10:00Z,34051589789-1
KRW-MTL,2026-09-07T03:32:04.302321+09:00,1788719524,335.0,-28.84007637127467,11.0,153158.4207863,0.0,,1,0.0,complete,1788719118985,1788719118985,257388.47424676,302647.29608162,-0.08081416265307882,333.0,335.0,0.6006006006006093,0.6006006006006093,0.0,0.0,complete_hourly_ordered,/v1/candles/minutes/60,120,False,7.028753993610226,313.0,2026-09-03T05:00:00,335.0,2026-09-06T10:00:00,D-1,0.0,0.0,True,0.2890770183770375,7.928534192692287,9.240490103925069,True,,-77.69808215707317,,0.03172248195968308,0.0,0.0,0.0,0.0,0.0,,-77.69808215707317,,0.03172248195968308,0.0,0.0,0.0,0.0,0.0,,-77.69808215707317,,0.03172248195968308,0.0,0.0,0.0,0.0,0.0,,-77.69808215707317,,0.03172248195968308,0.0,0.0,0.0,0.0,0.0,,6683.319085236058,,0.11787854441991286,0.0,0.0,0.0,0.0,0.0,,6683.319085236058,,0.11787854441991286,0.0,0.0,0.0,0.0,0.0,,-533591.5792137,0.0,0.03172248195968308,0.0,0.0,0.0,0.0,153158.4207863,686750.0,0.2230191784292683,0.0,False,True,falling,flat_or_na,buy_only,accelerating,neutral,False,False,False,pass,S0,🌱 초발사 준비,발사 구조 관찰 또는 초기 준비,S1,True,발사 구조 관찰 또는 초기 준비,2026-09-07T03:32:04.302321+09:00,2026-09-06T18:10:00Z,34051589789-1
KRW-MVL,2026-09-07T03:32:04.302321+09:00,1788719524,1.27,-64.28802514059497,11.0,0.0,0.0,,0,0.0,complete,,,93419739.45647345,189242234.56493962,-0.3390003039503542,1.26,1.27,0.7936507936507908,0.7936507936507908,0.0,0.0,complete_hourly_ordered,/v1/candles/minutes/60,120,False,6.451612903225823,1.24,2026-09-01T21:00:00,1.32,2026-09-01T22:00:00,D-4,3.7878787878787956,62.500000000000135,False,0.43407487791642385,12.595915476331024,12.863318569199501,False,,,,0.044797750591229146,1.6000000000000014,1.0,0.10851871947910041,-0.08413174917075139,-0.3123222564121857,,,,0.044797750591229146,1.6000000000000014,1.0,0.10851871947910041,-0.08413174917075139,-0.3123222564121857,,,,0.044797750591229146,1.6000000000000014,1.0,0.10851871947910041,-0.08413174917075139,-0.3123222564121857,,,,0.044797750591229146,1.6000000000000014,1.0,0.10851871947910041,-0.08413174917075139,-0.3123222564121857,,,,0.051779606761257924,0.7936507936507908,1.0,0.054259359739528,-0.042063391504404635,-0.15479858121220857,,,,0.051779606761257924,0.7936507936507908,1.0,0.054259359739528,-0.042063391504404635,-0.15479858121220857,,0.0,0.0,0.044797750591229146,1.6000000000000014,1.0,0.10851871947910041,-0.08413174917075139,0,248000.0,0.0,0.7936507936507908,False,True,flat_or_na,flat_or_na,unavailable,accelerating,neutral,False,False,False,pass,S1,⚡ 선행 시동,가격 미급등 상태에서 선행조건 4개 개선,S0,True,가격 미급등 상태에서 선행조건 4개 개선,2026-09-07T03:32:04.302321+09:00,2026-09-06T18:10:00Z,34051589789-1
KRW-NCT,2026-09-07T03:32:04.302321+09:00,1788719524,15.5,,,335049.999999875,1195586.546,0.2802390183469621,11,0.0,complete,1788719094880,1788719481896,23095798.27478359,19946810.36214449,0.07315978311633858,15.7,15.8,0.6369426751592355,-1.273885350318471,1.8987341772151944,300.0,complete_hourly_ordered,/v1/candles/minutes/60,120,False,9.27152317880795,15.1,2026-09-02T20:00:00,16.5,2026-09-04T05:00:00,D-3,6.060606060606055,71.42857142857153,False,,,,False,0.23505529898507782,-7.288164047981105,-85.0518118358714,,-0.6410256410256387,,,,,0.23505529898507782,-7.288164047981105,-85.0518118358714,,-0.6410256410256387,,,,,0.23505529898507782,-7.288164047981105,-85.0518118358714,,-0.6410256410256387,,,,,0.23505529898507782,-7.288164047981105,-85.0518118358714,,-0.6410256410256387,,,,,-0.8539686499964734,-70.22132493406528,20.52283729838711,,-0.6410256410256387,,,,,-0.8539686499964734,-70.22132493406528,20.52283729838711,,-0.6410256410256387,,,,,0.23505529898507782,-26338.59354849701,-6802617.201990463,,-0.6410256410256387,,,,1530636.545999875,4556023.472959304,0.3359588806081525,-0.6410256410256387,False,False,falling,falling,sell_advantage_weakening,flat_or_na,neutral,False,True,False,pass,S0,🌱 초발사 준비,발사 구조 관찰 또는 초기 준비,S0,False,,,2026-09-06T18:10:00Z,34051589789-1
KRW-NEAR,2026-09-07T03:32:04.302321+09:00,1788719524,3255.0,145.21643269665003,12.0,22509949.35043827,31740489.17248589,0.7091872222924316,72,0.0,complete,1788718680618,1788719644231,85227.16518269,47364.63083782,0.28555714215541084,2992.0,3390.0,13.302139037433157,8.790106951871657,3.982300884955752,33.919597989949764,complete_hourly_ordered,/v1/candles/minutes/60,120,False,34.952229299363054,2512.0,2026-09-02T19:00:00,3390.0,2026-09-06T23:00:00,D-1,4.100294985250741,15.831435079726667,False,1.674611295515227,3.858123475290492,4.5534453785874875,True,0.046902059075119795,-64.97974474465138,-67.29580745585298,1.2916949029820728,0.339087546239214,0.0,0.0,0.0,0.0,0.046902059075119795,-64.97974474465138,-67.29580745585298,1.2916949029820728,0.339087546239214,0.0,0.0,0.0,0.0,0.046902059075119795,-64.97974474465138,-67.29580745585298,1.2916949029820728,0.339087546239214,0.0,0.0,0.0,0.0,0.046902059075119795,-64.97974474465138,-67.29580745585298,1.2916949029820728,0.339087546239214,0.0,0.0,0.0,0.0,-0.0862412530535166,-72.12783163165261,-68.73841533952758,2.379062404371041,-1.8099547511312264,0.0,-0.20464698395268321,0.17021409670542909,0.36901314984401257,-0.0862412530535166,-72.12783163165261,-68.73841533952758,2.379062404371041,-1.8099547511312264,0.0,-0.20464698395268321,0.17021409670542909,0.36901314984401257,0.046902059075119795,-41766993.196976036,-65312783.52226038,1.2916949029820728,0.339087546239214,0.0,0.0,0.0,54250438.52292416,89273693.2324163,0.6076867278436422,-1.8099547511312264,False,False,falling,falling,sell_advantage_weakening,accelerating,neutral,False,False,False,pass,S0,🌱 초발사 준비,발사 구조 관찰 또는 초기 준비,S0,False,,,2026-09-06T18:10:00Z,34051589789-1
KRW-NEO,2026-09-07T03:32:04.302321+09:00,1788719524,2915.0,-16.195743012547226,10.0,503615.91885990003,580456.6138195,0.8676202611354955,3,0.0,complete,1788719222786,1788719222952,13441.66843782,13229.84117563,0.007942079966976465,2925.0,2970.0,1.538461538461533,-0.34188034188034067,1.8518518518518516,122.22222222222223,complete_hourly_ordered,/v1/candles/minutes/60,120,False,8.23615160349853,2744.0,2026-09-02T19:00:00,2970.0,2026-09-06T15:00:00,D-1,1.851851851851849,24.336283185840475,True,0.0479506793013007,8.4302728063553,13.350018122695158,False,,,,0.16864314978175443,0.0686577411603162,0.0,0.004566731362021237,-0.003701336597750071,-0.0215364794725037,,,,0.16864314978175443,0.0686577411603162,0.0,0.004566731362021237,-0.003701336597750071,-0.0215364794725037,,,,0.16864314978175443,0.0686577411603162,0.0,0.004566731362021237,-0.003701336597750071,-0.0215364794725037,,,,0.16864314978175443,0.0686577411603162,0.0,0.004566731362021237,-0.003701336597750071,-0.0215364794725037,,1286.9781961444419,,0.22217991314902363,-0.44398907103825325,0.0,-0.029683753853171346,0.024057745176447654,0.1387602541359243,,1286.9781961444419,,0.22217991314902363,-0.44398907103825325,0.0,-0.029683753853171346,0.024057745176447654,0.1387602541359243,,503615.91885990003,580456.6138195,0.16864314978175443,0.0686577411603162,0.0,0.004566731362021237,-0.003701336597750071,1084072.5326794,1933235.712813215,0.5607554865111994,-0.44398907103825325,False,True,rising,rising,sell_advantage_weakening,accelerating,neutral,False,False,False,pass,S1,⚡ 선행 시동,가격 미급등 상태에서 선행조건 4개 개선,S0,True,가격 미급등 상태에서 선행조건 4개 개선,2026-09-07T03:32:04.302321+09:00,2026-09-06T18:10:00Z,34051589789-1
KRW-NEWT,2026-09-07T03:32:04.302321+09:00,1788719524,60.9,-30.826480676050018,5.0,0.0,529175.044408122,0.0,3,0.0,complete,1788719442037,1788719442242,572128.0207981,571787.41461988,0.0002977546833219859,60.7,61.6,1.4827018121911006,0.32948929159801743,1.136363636363641,77.77777777777811,complete_hourly_ordered,/v1/candles/minutes/60,120,False,12.82051282051282,54.6,2026-09-02T19:00:00,61.6,2026-09-07T01:00:00,D0,1.1363636363636465,9.999999999999966,False,0.19666820916242056,23.291189690676,,False,,,,0.018738524478621343,0.0,0.0,-0.02313743637205601,0.016014772599657334,,,,,0.018738524478621343,0.0,0.0,-0.02313743637205601,0.016014772599657334,,,,,0.018738524478621343,0.0,0.0,-0.02313743637205601,0.016014772599657334,,,,,0.018738524478621343,0.0,0.0,-0.02313743637205601,0.016014772599657334,,-1.2045679183856746,-100.0,70.01721594455101,0.18637680428472692,-0.8143322475570036,0.0,-0.08098102730216272,0.056048601594493874,,-1.2045679183856746,-100.0,70.01721594455101,0.18637680428472692,-0.8143322475570036,0.0,-0.08098102730216272,0.056048601594493874,,,0.0,529175.044408122,0.018738524478621343,0.0,0.0,-0.02313743637205601,0.016014772599657334,529175.044408122,999240.379809856,0.5295773220341815,-0.8143322475570036,False,False,flat_or_na,rising,sell_only,accelerating,neutral,False,False,False,pass,S0,🌱 초발사 준비,발사 구조 관찰 또는 초기 준비,S0,False,,,2026-09-06T18:10:00Z,34051589789-1
KRW-NXPC,2026-09-07T03:32:04.302321+09:00,1788719524,282.0,48.1149152389081,6.0,0.0,125961.6573053,0.0,3,0.0,complete,1788718895034,1788719475641,378107.6445817,219493.87414855,0.2654172813519008,287.0,287.0,0.0,-1.7421602787456414,1.7421602787456445,,complete_hourly_ordered,/v1/candles/minutes/60,120,False,6.691449814126393,269.0,2026-09-03T06:00:00,287.0,2026-09-04T20:00:00,D-3,1.7421602787456414,27.7777777777777,False,-0.2574906367041274,31.11169492552998,,False,0.0,,417.5513900291725,0.008267892427426204,-0.35335689045936647,0.0,0.0,0.0,,0.0,,417.5513900291725,0.008267892427426204,-0.35335689045936647,0.0,0.0,0.0,,0.0,,417.5513900291725,0.008267892427426204,-0.35335689045936647,0.0,0.0,0.0,,0.0,,417.5513900291725,0.008267892427426204,-0.35335689045936647,0.0,0.0,0.0,,,,,0.1925372682309643,-0.35335689045936647,0.0,0.0,0.0,,,,,0.1925372682309643,-0.35335689045936647,0.0,0.0,0.0,,0.0,0.0,101623.6573053,0.008267892427426204,-0.35335689045936647,0.0,0.0,0.0,125961.6573053,995727.0614835001,0.12650219339990015,-0.35335689045936647,False,False,flat_or_na,rising,sell_only,accelerating,neutral,False,False,False,pass,S0,🌱 초발사 준비,발사 구조 관찰 또는 초기 준비,S0,False,,,2026-09-06T18:10:00Z,34051589789-1
KRW-O,2026-09-07T03:32:04.302321+09:00,1788719524,730.0,,,0.0,25909.5355412,0.0,1,0.0,complete,1788719354544,1788719354544,92372.25804935,66882.6090539,0.1600556985107667,733.0,734.0,0.13642564802183177,-0.4092769440654842,0.544959128065395,399.99999999999187,complete_hourly_ordered,/v1/candles/minutes/60,120,False,14.10614525139664,716.0,2026-09-03T18:00:00,817.0,2026-09-04T02:00:00,D-3,10.648714810281524,86.13861386138616,True,,,,True,,-100.0,,,0.27472527472527375,,,,,,-100.0,,,0.27472527472527375,,,,,,-100.0,,,0.27472527472527375,,,,,,-100.0,,,0.27472527472527375,,,,,,,,,0.0,,,,,,,,,0.0,,,,,,-934129.7490987399,25909.5355412,,0.27472527472527375,,,,25909.5355412,4361268.460422339,0.005940825651143465,0.0,False,False,falling,rising,sell_only,flat_or_na,neutral,False,True,False,pass,S0,🌱 초발사 준비,발사 구조 관찰 또는 초기 준비,S0,False,,,2026-09-06T18:10:00Z,34051589789-1
KRW-ONDO,2026-09-07T03:32:04.302321+09:00,1788719524,517.0,-0.5254248307300702,7.0,28637129.55606679,5360055.18331174,5.342693046375164,25,0.0,complete,1788718846974,1788719813531,3826797.5445345,4185822.85169584,-0.04480747738033971,505.0,520.0,2.970297029702973,2.3762376237623783,0.576923076923077,20.0,complete_hourly_ordered,/v1/candles/minutes/60,120,False,12.311015118790491,463.0,2026-09-02T10:00:00,520.0,2026-09-06T21:00:00,D-1,0.9615384615384581,8.771929824561361,False,0.2540106951871568,4.951122518497398,,True,-1.5763874041736878,-35.48796148357712,-16.453372737391515,0.16183366890696327,0.7797270955165692,0.0,0.05347593582887278,-0.044678663509484906,,-1.5763874041736878,-35.48796148357712,-16.453372737391515,0.16183366890696327,0.7797270955165692,0.0,0.05347593582887278,-0.044678663509484906,,-1.5763874041736878,-35.48796148357712,-16.453372737391515,0.16183366890696327,0.7797270955165692,0.0,0.05347593582887278,-0.044678663509484906,,-1.5763874041736878,-35.48796148357712,-16.453372737391515,0.16183366890696327,0.7797270955165692,0.0,0.05347593582887278,-0.044678663509484906,,4.0056734268910255,-63.55362298596646,-90.87922126465044,0.5347832605461234,0.5836575875486361,0.0,0.04010695187164348,-0.03350846670398866,,4.0056734268910255,-63.55362298596646,-90.87922126465044,0.5347832605461234,0.5836575875486361,0.0,0.04010695187164348,-0.03350846670398866,,-1.5763874041736878,-15753235.737965293,-1055590.0185749996,0.16183366890696327,0.7797270955165692,0.0,0.05347593582887278,-0.044678663509484906,33997184.73937853,191130915.03977352,0.1778738135183618,0.5836575875486361,False,False,falling,falling,buy_advantage_weakening,accelerating,neutral,False,False,False,pass,S0,🌱 초발사 준비,발사 구조 관찰 또는 초기 준비,S0,False,,,2026-09-06T18:10:00Z,34051589789-1
KRW-ONG,2026-09-07T03:32:04.302321+09:00,1788719524,128.0,-82.57579372628656,6.0,160010.0,4095319.26103674,0.03907143492385331,9,0.0,complete,1788718795038,1788719668531,4519826.62612004,10316298.33168737,-0.3906998439317523,133.0,133.0,0.0,-3.759398496240607,3.7593984962406015,,complete_hourly_ordered,/v1/candles/minutes/60,120,False,10.9375,128.0,2026-09-03T14:00:00,142.0,2026-09-03T22:00:00,D-4,9.859154929577462,100.0,False,1.254413677755073,-70.62219873563895,,True,,539.6562062762342,,0.005717034287627598,0.0,0.0,0.0,0.0,,,539.6562062762342,,0.005717034287627598,0.0,0.0,0.0,0.0,,,539.6562062762342,,0.005717034287627598,0.0,0.0,0.0,0.0,,,539.6562062762342,,0.005717034287627598,0.0,0.0,0.0,0.0,,-0.05342366070554221,-92.36600733179475,-81.92779755194842,0.01357979547510979,0.7874015748031482,0.0,0.04645976584278788,-0.06159742026159165,,-0.05342366070554221,-92.36600733179475,-81.92779755194842,0.01357979547510979,0.7874015748031482,0.0,0.04645976584278788,-0.06159742026159165,,,134995.0,4095319.26103674,0.005717034287627598,0.0,0.0,0.0,0.0,4255329.261036741,54741543.177617416,0.07773491600756789,0.7874015748031482,False,False,rising,rising,sell_advantage_weakening,accelerating,neutral,False,True,False,pass,S0,🌱 초발사 준비,발사 구조 관찰 또는 초기 준비,S0,False,,,2026-09-06T18:10:00Z,34051589789-1
KRW-ONT,2026-09-07T03:32:04.302321+09:00,1788719524,75.5,-79.13366751434704,8.0,8326736.843622093,0.0,,67,0.0,complete,1788718629413,1788719943476,704691.79233957,1860088.30179388,-0.45048560385239506,76.5,77.9,1.8300653594771399,-1.3071895424836555,3.080872913992305,171.42857142857056,complete_hourly_ordered,/v1/candles/minutes/60,120,False,10.906515580736542,70.6,2026-09-03T10:00:00,78.3,2026-09-05T09:00:00,D-2,3.831417624521072,38.96103896103894,True,0.8757961783439461,-9.63632430353579,,False,,74.76414014244843,-100.0,0.02508427805730662,0.13262599469494596,0.0,0.008846426043862543,-0.00829714170657958,,,74.76414014244843,-100.0,0.02508427805730662,0.13262599469494596,0.0,0.008846426043862543,-0.00829714170657958,,,74.76414014244843,-100.0,0.02508427805730662,0.13262599469494596,0.0,0.008846426043862543,-0.00829714170657958,,,74.76414014244843,-100.0,0.02508427805730662,0.13262599469494596,0.0,0.008846426043862543,-0.00829714170657958,,,273.913582870844,-100.0,0.12942323223361996,-0.1322751322751281,0.0,-0.008846426043884748,0.008296942272854935,,,273.913582870844,-100.0,0.12942323223361996,-0.1322751322751281,0.0,-0.008846426043884748,0.008296942272854935,,,3562179.9746699976,-62307.79770544,0.02508427805730662,0.13262599469494596,0.0,0.008846426043862543,-0.00829714170657958,8326736.843622093,10906451.338201772,0.7634689401176922,-0.1322751322751281,False,False,rising,falling,buy_only,accelerating,neutral,False,True,False,pass,S0,🌱 초발사 준비,발사 구조 관찰 또는 초기 준비,S0,False,,,2026-09-06T18:10:00Z,34051589789-1
KRW-OP,2026-09-07T03:32:04.302321+09:00,1788719524,148.0,5.883357489266006,7.0,0.0,0.0,,0,0.0,complete,,,947705.94892193,1725505.72691858,-0.29096078886162074,148.0,159.0,7.432432432432434,0.0,6.918238993710692,100.0,complete_hourly_ordered,/v1/candles/minutes/60,120,False,25.196850393700785,127.0,2026-09-02T10:00:00,159.0,2026-09-06T09:00:00,D-1,6.91823899371069,34.37500000000003,True,-0.0974184120798971,10.49530874972727,,True,,,-100.0,0.04407729076785216,-0.6711409395973145,0.0,-0.0487092060399541,0.038754994204445836,,,,-100.0,0.04407729076785216,-0.6711409395973145,0.0,-0.0487092060399541,0.038754994204445836,,,,-100.0,0.04407729076785216,-0.6711409395973145,0.0,-0.0487092060399541,0.038754994204445836,,,,-100.0,0.04407729076785216,-0.6711409395973145,0.0,-0.0487092060399541,0.038754994204445836,,,-100.0,-100.0,0.7302327223781102,-1.3333333333333308,0.0,-0.1461276181198401,0.11625230031358846,,,-100.0,-100.0,0.7302327223781102,-1.3333333333333308,0.0,-0.1461276181198401,0.11625230031358846,,,0.0,-1871682.3585515404,0.04407729076785216,-0.6711409395973145,0.0,-0.0487092060399541,0.038754994204445836,0,5031380.626143996,0.0,-1.3333333333333308,False,False,flat_or_na,falling,unavailable,accelerating,neutral,False,False,False,pass,S0,🌱 초발사 준비,발사 구조 관찰 또는 초기 준비,S0,False,,,2026-09-06T18:10:00Z,34051589789-1
KRW-OPEN,2026-09-07T03:32:04.302321+09:00,1788719524,173.0,-9.176794166207925,3.0,768184.99999842,96573.3748,7.95441809493873,6,0.0,complete,1788718799822,1788719236655,1602625.55688426,2607847.38832062,-0.23874321115901304,173.0,174.0,0.5780346820809301,0.0,0.5747126436781609,100.0,complete_hourly_ordered,/v1/candles/minutes/60,120,False,12.73885350318471,157.0,2026-09-03T06:00:00,177.0,2026-09-05T16:00:00,D-2,2.259887005649719,20.0,False,-1.6846361185983927,25.04013871941429,,False,,-14.379338992216473,,0.10658995630813273,0.5813953488372103,0.0,0.03369272237195853,-0.023282493777319502,,,-14.379338992216473,,0.10658995630813273,0.5813953488372103,0.0,0.03369272237195853,-0.023282493777319502,,,-14.379338992216473,,0.10658995630813273,0.5813953488372103,0.0,0.03369272237195853,-0.023282493777319502,,,-14.379338992216473,,0.10658995630813273,0.5813953488372103,0.0,0.03369272237195853,-0.023282493777319502,,2.7021521265074258,-65.6186783785186,-77.29817023106966,0.3330031800033435,1.764705882352935,0.0,0.10107816711588669,-0.06985196750564526,,2.7021521265074258,-65.6186783785186,-77.29817023106966,0.3330031800033435,1.764705882352935,0.0,0.10107816711588669,-0.06985196750564526,,,-129010.82978918997,96573.3748,0.10658995630813273,0.5813953488372103,0.0,0.03369272237195853,-0.023282493777319502,864758.37479842,4813700.48837132,0.1796452390188083,1.764705882352935,False,False,falling,rising,buy_advantage_weakening,accelerating,neutral,False,False,False,pass,S0,🌱 초발사 준비,발사 구조 관찰 또는 초기 준비,S0,False,,,2026-09-06T18:10:00Z,34051589789-1
KRW-OPG,2026-09-07T03:32:04.302321+09:00,1788719524,141.0,,,5512535.78780205,0.0,,11,0.0,complete,1788718716343,1788719927666,1161912.57114395,1687110.29649244,-0.18434310630304102,144.0,144.0,0.0,-2.083333333333337,2.083333333333333,,complete_hourly_ordered,/v1/candles/minutes/60,120,False,9.92366412213741,131.0,2026-09-02T03:00:00,144.0,2026-09-06T08:00:00,D-1,2.083333333333337,23.076923076923215,True,,,,True,,,,,0.0,,,,,,,,,0.0,,,,,,,,,0.0,,,,,,,,,0.0,,,,,,,,,0.7142857142857117,,,,,,,,,0.7142857142857117,,,,,,5512535.78780205,0.0,,0.0,,,,5512535.78780205,1902627.509265815,2.897327911509713,0.7142857142857117,False,False,rising,flat_or_na,buy_only,flat_or_na,neutral,False,True,False,pass,S0,🌱 초발사 준비,발사 구조 관찰 또는 초기 준비,S0,False,,,2026-09-06T18:10:00Z,34051589789-1
KRW-ORBS,2026-09-07T03:32:04.302321+09:00,1788719524,8.42,-95.71436894764965,10.0,8000.000000042701,186790.4174168612,0.04282874951871357,8,0.0,complete,1788719558821,1788719559973,3475337.19009984,9300558.17098225,-0.455954030323948,8.48,8.54,0.7075471698112956,-0.7075471698113289,1.4051522248243469,200.00000000000472,complete_hourly_ordered,/v1/candles/minutes/60,120,False,5.1724137931034475,8.12,2026-09-02T20:00:00,8.54,2026-09-04T08:00:00,D-3,1.2880562060889833,26.19047619047589,True,0.22328548644336976,9.492388985408097,12.757923997417375,True,-0.9499509870899308,-99.33931677929463,-84.68521912957026,0.024588465612808363,-0.23696682464454666,0.0,-0.015948963317380382,0.012773174946399735,0.06076268405951524,-0.9499509870899308,-99.33931677929463,-84.68521912957026,0.024588465612808363,-0.23696682464454666,0.0,-0.015948963317380382,0.012773174946399735,0.06076268405951524,-0.9499509870899308,-99.33931677929463,-84.68521912957026,0.024588465612808363,-0.23696682464454666,0.0,-0.015948963317380382,0.012773174946399735,0.06076268405951524,-0.9499509870899308,-99.33931677929463,-84.68521912957026,0.024588465612808363,-0.23696682464454666,0.0,-0.015948963317380382,0.012773174946399735,0.06076268405951524,,,,0.05163479450548891,0.0,0.0,0.0,0.0,0.0,,,,0.05163479450548891,0.0,0.0,0.0,0.0,0.0,-0.9499509870899308,-1202867.742562222,-1032883.6934776796,0.024588465612808363,-0.23696682464454666,0.0,-0.015948963317380382,0.012773174946399735,194790.4174169039,986004.1387696967,0.19755537503114026,0.0,False,True,falling,falling,sell_advantage_accelerating,accelerating,neutral,False,False,False,pass,S1,⚡ 선행 시동,가격 미급등 상태에서 선행조건 3개 개선,S1,False,,,2026-09-06T18:10:00Z,34051589789-1
KRW-ORCA,2026-09-07T03:32:04.302321+09:00,1788719524,1964.0,131.83818174282905,14.0,7505905.886097051,2645014.65392072,2.8377558797154507,19,0.0,complete,1788718761271,1788719863856,24372.01929397,24618.44618986,-0.0050300990908391345,1760.0,2099.0,19.261363636363637,11.590909090909097,6.431634111481658,39.82300884955749,complete_hourly_ordered,/v1/candles/minutes/60,120,False,27.21212121212122,1650.0,2026-09-02T10:00:00,2099.0,2026-09-06T21:00:00,D-1,6.431634111481655,30.066815144766206,True,1.0525111543301602,0.3539448635690667,0.4359692506527366,False,2.5068263684490764,90.61746373333222,-77.77083484769916,0.5439505553493689,1.2371134020618513,1.0,0.11821683255157645,-0.10206649440454624,-0.14020707774656138,2.5068263684490764,90.61746373333222,-77.77083484769916,0.5439505553493689,1.2371134020618513,1.0,0.11821683255157645,-0.10206649440454624,-0.14020707774656138,2.5068263684490764,90.61746373333222,-77.77083484769916,0.5439505553493689,1.2371134020618513,1.0,0.11821683255157645,-0.10206649440454624,-0.14020707774656138,2.5068263684490764,90.61746373333222,-77.77083484769916,0.5439505553493689,1.2371134020618513,1.0,0.11821683255157645,-0.10206649440454624,-0.14020707774656138,1.3467694092141371,-63.73041602416758,-80.94358313721479,2.2720425262411084,0.6663249615581845,0.0,0.019067231056690837,-0.016460325864040726,-0.022132490988726605,1.3467694092141371,-63.73041602416758,-80.94358313721479,2.2720425262411084,0.6663249615581845,0.0,0.019067231056690837,-0.016460325864040726,-0.022132490988726605,2.5068263684490764,3568225.812566341,-9253833.70947338,0.5439505553493689,1.2371134020618513,1.0,0.11821683255157645,-0.10206649440454624,10150920.54001777,2206472.42769502,4.600520003153576,0.6663249615581845,False,True,rising,falling,buy_advantage_accelerating,accelerating,neutral,False,True,False,pass,S0,🌱 초발사 준비,발사 구조 관찰 또는 초기 준비,S0,False,,,2026-09-06T18:10:00Z,34051589789-1
KRW-ORDER,2026-09-07T03:32:04.302321+09:00,1788719524,47.2,157.29020877809572,10.0,0.0,0.0,,0,0.0,complete,,,1264404.88193187,1511103.43473547,-0.08888409785052291,47.2,47.4,0.4237288135593209,0.0,0.4219409282700332,100.0,complete_hourly_ordered,/v1/candles/minutes/60,120,False,15.753424657534264,43.8,2026-09-02T03:00:00,50.7,2026-09-02T19:00:00,D-4,6.903353057199213,50.724637681159365,False,0.6026752903131039,16.68010895865355,,True,,,-100.0,0.0,0.0,0.0,0.0,0.0,,,,-100.0,0.0,0.0,0.0,0.0,0.0,,,,-100.0,0.0,0.0,0.0,0.0,0.0,,,,-100.0,0.0,0.0,0.0,0.0,0.0,,,-100.0,-100.0,0.11258513788777691,0.2123142250530785,0.0,0.029398794649404536,-0.021813093970827424,,,-100.0,-100.0,0.11258513788777691,0.2123142250530785,0.0,0.029398794649404536,-0.021813093970827424,,,0.0,-7301.712762960001,0.0,0.0,0.0,0.0,0.0,0,2505775.7191141346,0.0,0.2123142250530785,False,True,flat_or_na,falling,unavailable,flat_or_na,neutral,False,True,False,pass,S0,🌱 초발사 준비,발사 구조 관찰 또는 초기 준비,S1,True,발사 구조 관찰 또는 초기 준비,2026-09-07T03:32:04.302321+09:00,2026-09-06T18:10:00Z,34051589789-1
KRW-PENDLE,2026-09-07T03:32:04.302321+09:00,1788719524,2827.0,57.22526904785297,10.0,0.0,300000.00001879,0.0,2,0.0,complete,1788719495178,1788719542323,25396.87597183,17076.11743409,0.19590704281700638,2753.0,2927.0,6.320377769705776,2.687976752633481,3.4164673727365904,57.471264367816254,complete_hourly_ordered,/v1/candles/minutes/60,120,False,20.900454357703424,2421.0,2026-09-02T10:00:00,2927.0,2026-09-06T18:00:00,D-1,3.382302699009221,19.56521739130436,False,1.3940370668815483,-12.74584472021863,,True,-0.4319927384601842,-100.0,415.44295305053754,0.4802478095196747,1.2535816618911122,0.0,0.03491807681976766,-0.03335699438334849,,-0.4319927384601842,-100.0,415.44295305053754,0.4802478095196747,1.2535816618911122,0.0,0.03491807681976766,-0.03335699438334849,,-0.4319927384601842,-100.0,415.44295305053754,0.4802478095196747,1.2535816618911122,0.0,0.03491807681976766,-0.03335699438334849,,-0.4319927384601842,-100.0,415.44295305053754,0.4802478095196747,1.2535816618911122,0.0,0.03491807681976766,-0.03335699438334849,,-0.0431698507659076,-100.0,85.94503465940448,0.8238751245755154,1.6540812657317439,0.0,0.09401020682244798,-0.08981466984840836,,-0.0431698507659076,-100.0,85.94503465940448,0.8238751245755154,1.6540812657317439,0.0,0.09401020682244798,-0.08981466984840836,,-0.4319927384601842,-25142.99997297,241797.63286190003,0.4802478095196747,1.2535816618911122,0.0,0.03491807681976766,-0.03335699438334849,300000.00001879,3873089.5999475196,0.07745754191249668,1.6540812657317439,False,True,falling,rising,sell_only,accelerating,neutral,False,False,False,pass,S1,⚡ 선행 시동,가격 미급등 상태에서 선행조건 4개 개선,S1,False,,,2026-09-06T18:10:00Z,34051589789-1
KRW-PENGU,2026-09-07T03:32:04.302321+09:00,1788719524,11.8,30.97787673625032,8.0,9999165.967016555,5057.142857244,1977.2362081275708,3,0.0,complete,1788718634734,1788719419072,113349680.0868468,85810887.24488036,0.1382743241341399,11.8,12.3,4.237288135593209,0.0,4.0650406504065035,100.0,complete_hourly_ordered,/v1/candles/minutes/60,120,False,10.71428571428572,11.2,2026-09-02T19:00:00,12.4,2026-09-04T00:00:00,D-3,4.8387096774193505,50.0,True,0.21482277121376292,-18.81850091931517,,False,1977.2311879498868,9067.657170859262,-99.97672343458295,0.24614106338427533,0.8547008547008739,0.0,0.0,0.0,,1977.2311879498868,9067.657170859262,-99.97672343458295,0.24614106338427533,0.8547008547008739,0.0,0.0,0.0,,1977.2311879498868,9067.657170859262,-99.97672343458295,0.24614106338427533,0.8547008547008739,0.0,0.0,0.0,,1977.2311879498868,9067.657170859262,-99.97672343458295,0.24614106338427533,0.8547008547008739,0.0,0.0,0.0,,1976.5222830629289,4.379301759508936,-99.96231153392316,0.7667771755039965,0.0,0.0,0.05370569280342963,-0.05422253966748514,,1976.5222830629289,4.379301759508936,-99.96231153392316,0.7667771755039965,0.0,0.0,0.05370569280342963,-0.05422253966748514,,1977.2311879498868,9890095.942029143,-21721270.460178506,0.24614106338427533,0.8547008547008739,0.0,0.0,0.0,10004223.1098738,31019482.407321177,0.3225141857142212,0.0,False,False,rising,falling,buy_advantage_accelerating,accelerating,neutral,False,False,False,pass,S0,🌱 초발사 준비,발사 구조 관찰 또는 초기 준비,S0,False,,,2026-09-06T18:10:00Z,34051589789-1
KRW-PEPE,2026-09-07T03:32:04.302321+09:00,1788719524,0.00491,22.56919853190047,8.0,5167.771473576232,5251.389502387707,0.9840769707191868,2,0.0,complete,1788719141973,1788719387529,117868292448.06636,44423270555.03568,0.4525498463011712,0.00493,0.00503,2.0283975659229014,-0.40567951318458695,2.385685884691838,120.00000000000033,complete_hourly_ordered,/v1/candles/minutes/60,120,False,14.686825053995678,0.00463,2026-09-02T19:00:00,0.00531,2026-09-04T03:00:00,D-3,7.532956685499048,58.823529411764596,False,-0.8575883575883569,-13.343484235154321,,False,,-99.71968755597,,0.014302132360153763,0.20408163265306367,0.0,-0.012993762993762648,0.012750097776715208,,,-99.71968755597,,0.014302132360153763,0.20408163265306367,0.0,-0.012993762993762648,0.012750097776715208,,,-99.71968755597,,0.014302132360153763,0.20408163265306367,0.0,-0.012993762993762648,0.012750097776715208,,,-99.71968755597,,0.014302132360153763,0.20408163265306367,0.0,-0.012993762993762648,0.012750097776715208,,-52.11619655187482,-99.92751413923932,-96.08870124244521,0.16271440805302007,0.4089979550102152,0.0,0.012993762993784852,-0.012750571291586965,,-52.11619655187482,-99.92751413923932,-96.08870124244521,0.16271440805302007,0.4089979550102152,0.0,0.012993762993784852,-0.012750571291586965,,,-1838407.7042634021,5251.389502387707,0.014302132360153763,0.20408163265306367,0.0,-0.012993762993762648,0.012750097776715208,10419.16097596394,15518964.860489089,0.0006713824710365105,0.4089979550102152,False,False,falling,rising,sell_advantage_weakening,accelerating,neutral,False,False,False,pass,S0,🌱 초발사 준비,발사 구조 관찰 또는 초기 준비,S0,False,,,2026-09-06T18:10:00Z,34051589789-1
KRW-PIEVERSE,2026-09-07T03:32:04.302321+09:00,1788719524,1417.0,-3.7730626431157654,6.0,1247099.4735296501,2258112.9434947604,0.5522750653913622,17,0.0,complete,1788718634881,1788719470725,74451.89793419,66356.69849138,0.057490804171810926,1413.0,1437.0,1.698513800424628,0.2830856334041121,1.3917884481558804,83.33333333333289,complete_hourly_ordered,/v1/candles/minutes/60,120,False,12.217514124293793,1416.0,2026-09-02T05:00:00,1589.0,2026-09-03T23:00:00,D-4,10.824417872876024,99.42196531791905,True,0.5232911274120511,-26.91343459666714,,False,0.5522750653913622,,1405.408629089441,0.43883418054034795,1.6499282639885315,1.0,0.09344484418072341,-0.0992753046317425,,0.5522750653913622,,1405.408629089441,0.43883418054034795,1.6499282639885315,1.0,0.09344484418072341,-0.0992753046317425,,0.5522750653913622,,1405.408629089441,0.43883418054034795,1.6499282639885315,1.0,0.09344484418072341,-0.0992753046317425,,0.5522750653913622,,1405.408629089441,0.43883418054034795,1.6499282639885315,1.0,0.09344484418072341,-0.0992753046317425,,0.5522750653913622,,261.79479863590956,0.49896232606958524,1.5770609318996431,1.0,0.0794281175536149,-0.08438214207543382,,0.5522750653913622,,261.79479863590956,0.49896232606958524,1.5770609318996431,1.0,0.0794281175536149,-0.08438214207543382,,0.5522750653913622,1247099.4735296501,2108112.9435040206,0.43883418054034795,1.6499282639885315,1.0,0.09344484418072341,-0.0992753046317425,3505212.4170244103,5371980.337790411,0.6524991151524142,1.5770609318996431,False,False,rising,rising,sell_advantage_weakening,accelerating,neutral,False,True,False,pass,S0,🌱 초발사 준비,발사 구조 관찰 또는 초기 준비,S0,False,,,2026-09-06T18:10:00Z,34051589789-1
KRW-PLUME,2026-09-07T03:32:04.302321+09:00,1788719524,19.1,-38.78996242642197,5.0,0.0,82158.08655,0.0,1,0.0,complete,1788719228002,1788719228002,14708479.64723113,12881847.38664124,0.06620553132071802,19.4,19.4,0.0,-1.546391752577303,1.546391752577305,,complete_hourly_ordered,/v1/candles/minutes/60,120,False,6.349206349206371,18.9,2026-09-02T19:00:00,20.1,2026-09-04T02:00:00,D-3,4.975124378109452,83.33333333333321,True,0.1028453890983938,-12.043743105184888,,True,0.0,,-48.79730101737646,0.1638356432266974,2.1390374331550888,1.0,0.13712718546451397,-0.13201367366653116,,0.0,,-48.79730101737646,0.1638356432266974,2.1390374331550888,1.0,0.13712718546451397,-0.13201367366653116,,0.0,,-48.79730101737646,0.1638356432266974,2.1390374331550888,1.0,0.13712718546451397,-0.13201367366653116,,0.0,,-48.79730101737646,0.1638356432266974,2.1390374331550888,1.0,0.13712718546451397,-0.13201367366653116,,0.0,,-86.57495063223894,0.17856510125085379,2.1390374331550888,1.0,0.13712718546451397,-0.13201367366653116,,0.0,,-86.57495063223894,0.17856510125085379,2.1390374331550888,1.0,0.13712718546451397,-0.13201367366653116,,0.0,0.0,-78298.46785523099,0.1638356432266974,2.1390374331550888,1.0,0.13712718546451397,-0.13201367366653116,82158.08655,5307364.251924563,0.015480016567584886,2.1390374331550888,False,False,flat_or_na,falling,sell_only,accelerating,neutral,False,False,False,pass,S0,🌱 초발사 준비,발사 구조 관찰 또는 초기 준비,S0,False,,,2026-09-06T18:10:00Z,34051589789-1
KRW-POKT,2026-09-07T03:32:04.302321+09:00,1788719524,10.4,230.24518585766523,9.0,0.0,0.0,,0,0.0,complete,,,20370944.78676912,63329197.67709692,-0.5132399016987718,10.5,10.6,0.952380952380949,-0.952380952380949,1.886792452830182,200.0,complete_hourly_ordered,/v1/candles/minutes/60,120,False,13.861386138613874,10.1,2026-09-02T04:00:00,11.5,2026-09-03T10:00:00,D-4,9.565217391304348,78.57142857142857,True,0.0,15.947138972025215,,False,,,-100.0,0.040647508536409305,0.0,0.0,0.0,0.0,,,,-100.0,0.040647508536409305,0.0,0.0,0.0,0.0,,,,-100.0,0.040647508536409305,0.0,0.0,0.0,0.0,,,,-100.0,0.040647508536409305,0.0,0.0,0.0,0.0,,,-100.0,-100.0,0.05149284782228847,-0.952380952380949,0.0,0.0,0.0,,,-100.0,-100.0,0.05149284782228847,-0.952380952380949,0.0,0.0,0.0,,,0.0,-10400.0,0.040647508536409305,0.0,0.0,0.0,0.0,0,2215562.499901462,0.0,-0.952380952380949,False,False,flat_or_na,falling,unavailable,accelerating,neutral,False,True,False,pass,S0,🌱 초발사 준비,발사 구조 관찰 또는 초기 준비,S0,False,,,2026-09-06T18:10:00Z,34051589789-1
KRW-POL,2026-09-07T03:32:04.302321+09:00,1788719524,132.0,-7.265003469090026,7.0,0.0,0.0,,0,0.0,complete,,,6454224.81576613,5509149.69727717,0.07899736963501174,134.0,137.0,2.238805970149249,-1.4925373134328401,3.64963503649635,166.666666666667,complete_hourly_ordered,/v1/candles/minutes/60,120,False,12.295081967213118,122.0,2026-09-02T06:00:00,137.0,2026-09-06T12:00:00,D-1,3.649635036496346,33.333333333333286,False,-0.703564727954975,-15.88887368276994,,True,,-100.0,-100.0,0.14648619047394895,0.7633587786259444,0.0,0.0,0.0,,,-100.0,-100.0,0.14648619047394895,0.7633587786259444,0.0,0.0,0.0,,,-100.0,-100.0,0.14648619047394895,0.7633587786259444,0.0,0.0,0.0,,,-100.0,-100.0,0.14648619047394895,0.7633587786259444,0.0,0.0,0.0,,,-100.0,-100.0,0.8246352861309809,0.0,0.0,0.0,0.0,,,-100.0,-100.0,0.8246352861309809,0.0,0.0,0.0,0.0,,,-17958383.52198132,-40139281.60684478,0.14648619047394895,0.7633587786259444,0.0,0.0,0.0,0,19507685.28398451,0.0,0.0,False,False,falling,falling,unavailable,accelerating,neutral,False,False,False,pass,S0,🌱 초발사 준비,발사 구조 관찰 또는 초기 준비,S0,False,,,2026-09-06T18:10:00Z,34051589789-1
KRW-POLYX,2026-09-07T03:32:04.302321+09:00,1788719524,50.7,72.25578539679367,8.0,2553750.996703335,814263.9622447591,3.136269213810183,7,0.0,complete,1788718987962,1788719606103,986877.75408382,2538851.79141354,-0.4401852204777634,49.3,51.1,3.6511156186612714,2.8397565922920975,0.782778864970643,22.22222222222229,complete_hourly_ordered,/v1/candles/minutes/60,120,False,12.061403508771939,45.6,2026-09-02T10:00:00,51.1,2026-09-06T21:00:00,D-1,0.7827788649706457,7.272727272727282,True,0.3616133518776099,15.618376624325789,,True,2.6963730397039014,56.906102495762376,-77.9921972648642,0.4527346289614229,0.3960396039603964,0.0,0.027816411682879405,-0.020921149424054875,,2.6963730397039014,56.906102495762376,-77.9921972648642,0.4527346289614229,0.3960396039603964,0.0,0.027816411682879405,-0.020921149424054875,,2.6963730397039014,56.906102495762376,-77.9921972648642,0.4527346289614229,0.3960396039603964,0.0,0.027816411682879405,-0.020921149424054875,,2.6963730397039014,56.906102495762376,-77.9921972648642,0.4527346289614229,0.3960396039603964,0.0,0.027816411682879405,-0.020921149424054875,,-2.72083768048348,-74.5644333711523,-52.49807254872147,2.8514701085081953,0.0,0.0,0.0,0.0,,-2.72083768048348,-74.5644333711523,-52.49807254872147,2.8514701085081953,0.0,0.0,0.0,0.0,,2.6963730397039014,926184.6012074652,-2885623.627826984,0.4527346289614229,0.3960396039603964,0.0,0.027816411682879405,-0.020921149424054875,3368014.9589480944,4352036.206790665,0.7738940576121216,0.0,False,False,rising,falling,buy_advantage_accelerating,accelerating,leading_buy_inflow,False,False,False,pass,S0,🌱 초발사 준비,발사 구조 관찰 또는 초기 준비,S0,False,,,2026-09-06T18:10:00Z,34051589789-1
KRW-POWR,2026-09-07T03:32:04.302321+09:00,1788719524,67.3,44.3007319767269,12.0,0.0,134600.0,0.0,2,0.0,complete,1788718800856,1788718800856,747659.0476797,863812.00880345,-0.0720788379390695,67.6,68.5,1.3313609467455745,-0.4437869822485174,1.7518248175182525,133.33333333333277,complete_hourly_ordered,/v1/candles/minutes/60,120,False,11.56351791530945,61.4,2026-09-02T10:00:00,68.5,2026-09-06T11:00:00,D-1,1.751824817518255,16.901408450704228,True,0.6613478899852865,8.921235722935917,7.241597984426847,True,,,,0.011648916561107114,-0.2962962962963056,0.0,-0.020995171110671507,0.01683338642075327,0.03336289809767923,,,,0.011648916561107114,-0.2962962962963056,0.0,-0.020995171110671507,0.01683338642075327,0.03336289809767923,,,,0.011648916561107114,-0.2962962962963056,0.0,-0.020995171110671507,0.01683338642075327,0.03336289809767923,,,,0.011648916561107114,-0.2962962962963056,0.0,-0.020995171110671507,0.01683338642075327,0.03336289809767923,,-100.0,,0.4139827159178111,-0.2962962962963056,0.0,-0.020995171110671507,0.01683338642075327,0.03336289809767923,,-100.0,,0.4139827159178111,-0.2962962962963056,0.0,-0.020995171110671507,0.01683338642075327,0.03336289809767923,,0.0,134600.0,0.011648916561107114,-0.2962962962963056,0.0,-0.020995171110671507,0.01683338642075327,134600.0,1523686.3354365919,0.08833839148490635,-0.2962962962963056,False,True,flat_or_na,rising,sell_only,accelerating,neutral,False,False,False,pass,S0,🌱 초발사 준비,발사 구조 관찰 또는 초기 준비,S0,False,,,2026-09-06T18:10:00Z,34051589789-1
KRW-PRL,2026-09-07T03:32:04.302321+09:00,1788719524,171.0,22.409389565961725,1.0,85321.6374266,486332.16485841,0.17543901800416678,7,0.0,complete,1788718675698,1788719277750,2712112.04574539,3200666.74269463,-0.08262691949585622,173.0,177.0,2.3121387283236983,-1.1560693641618491,3.389830508474576,150.0,complete_hourly_ordered,/v1/candles/minutes/60,120,False,10.843373493975905,166.0,2026-09-04T21:00:00,184.0,2026-09-05T19:00:00,D-2,7.065217391304346,72.22222222222229,True,-3.910917979359041,20.51001207627714,,False,-1.2655202333383448,-98.99331278570412,-91.73162691429661,0.14085314916332337,0.0,0.0,0.0,0.0,,-1.2655202333383448,-98.99331278570412,-91.73162691429661,0.14085314916332337,0.0,0.0,0.0,0.0,,-1.2655202333383448,-98.99331278570412,-91.73162691429661,0.14085314916332337,0.0,0.0,0.0,0.0,,-1.2655202333383448,-98.99331278570412,-91.73162691429661,0.14085314916332337,0.0,0.0,0.0,0.0,,-0.11485426083322736,-95.05507555715336,-91.81779317709682,0.35848497824728653,0.0,0.0,0.0,0.0,,-0.11485426083322736,-95.05507555715336,-91.81779317709682,0.35848497824728653,0.0,0.0,0.0,0.0,,-1.2655202333383448,-8390164.71175453,-5395504.078105919,0.14085314916332337,0.0,0.0,0.0,0.0,571653.80228501,23034285.44342457,0.024817518376642148,0.0,False,False,falling,falling,sell_advantage_accelerating,accelerating,neutral,False,False,False,pass,S0,🌱 초발사 준비,발사 구조 관찰 또는 초기 준비,S0,False,,,2026-09-06T18:10:00Z,34051589789-1
KRW-PROM,2026-09-07T03:32:04.302321+09:00,1788719524,7400.0,,,16197030.555958748,6917453.435037,2.341473015766258,38,0.0,complete,1788718654171,1788719480911,21633.16312058,20477.54695089,0.027442333974627788,6955.0,7760.0,11.574406901509704,6.398274622573696,4.639175257731959,44.72049689440986,complete_hourly_ordered,/v1/candles/minutes/60,120,False,29.045643153526978,6025.0,2026-09-03T00:00:00,7775.0,2026-09-04T15:00:00,D-3,4.8231511254019255,21.428571428571423,False,,,,True,2.1963070968924954,178.24631091368687,-82.74937138927412,,1.0238907849829282,,,,,2.1963070968924954,178.24631091368687,-82.74937138927412,,1.0238907849829282,,,,,2.1963070968924954,178.24631091368687,-82.74937138927412,,1.0238907849829282,,,,,2.1963070968924954,178.24631091368687,-82.74937138927412,,1.0238907849829282,,,,,1.6835585830243063,-34.39202888499516,-81.56526647591836,,-1.9218025182239917,,,,,1.6835585830243063,-34.39202888499516,-81.56526647591836,,-1.9218025182239917,,,,,2.1963070968924954,10375918.138413299,-33182264.616605192,,1.0238907849829282,,,,23114483.99099575,72531492.55747779,0.3186820397040446,-1.9218025182239917,False,False,rising,falling,buy_advantage_accelerating,flat_or_na,neutral,False,True,False,pass,S0,🌱 초발사 준비,발사 구조 관찰 또는 초기 준비,S0,False,,,2026-09-06T18:10:00Z,34051589789-1
KRW-PROS,2026-09-07T03:32:04.302321+09:00,1788719524,574.0,,,0.0,34934.788,0.0,1,0.0,complete,1788719212084,1788719212084,76872.79711391,171893.5898475,-0.38196797362470897,567.0,577.0,1.763668430335108,1.2345679012345734,0.5199306759098787,30.000000000000128,complete_hourly_ordered,/v1/candles/minutes/60,120,False,6.021897810218979,548.0,2026-09-04T21:00:00,581.0,2026-09-05T13:00:00,D-2,1.2048192771084376,21.212121212121044,False,,,,False,-1.0206273185364554,-100.0,-92.61050160836015,,-0.17391304347825765,,,,,-1.0206273185364554,-100.0,-92.61050160836015,,-0.17391304347825765,,,,,-1.0206273185364554,-100.0,-92.61050160836015,,-0.17391304347825765,,,,,-1.0206273185364554,-100.0,-92.61050160836015,,-0.17391304347825765,,,,,,,,,0.5253940455341555,,,,,,,,,0.5253940455341555,,,,,-1.0206273185364554,-482514.47000000003,-437827.856343,,-0.17391304347825765,,,,34934.788,677266.6498499999,0.05158202903942975,0.5253940455341555,False,False,falling,falling,sell_only,flat_or_na,neutral,False,False,False,pass,S0,🌱 초발사 준비,발사 구조 관찰 또는 초기 준비,S0,False,,,2026-09-06T18:10:00Z,34051589789-1
KRW-PROVE,2026-09-07T03:32:04.302321+09:00,1788719524,246.0,-59.588792826612625,7.0,0.0,0.0,,0,0.0,complete,,,201400.32320734,352566.48813034,-0.2728794610600852,249.0,249.0,0.0,-1.2048192771084376,1.2048192771084338,,complete_hourly_ordered,/v1/candles/minutes/60,120,False,5.508474576271194,236.0,2026-09-02T11:00:00,249.0,2026-09-06T08:00:00,D-1,1.2048192771084376,23.076923076922984,False,0.278551532033422,16.36659310024392,,True,,,,0.0,0.0,0.0,0.0,0.0,,,,,0.0,0.0,0.0,0.0,0.0,,,,,0.0,0.0,0.0,0.0,0.0,,,,,0.0,0.0,0.0,0.0,0.0,,,-100.0,-100.0,0.06958242767181133,0.40816326530612734,0.0,0.027855153203337757,-0.02080344396980749,,,-100.0,-100.0,0.06958242767181133,0.40816326530612734,0.0,0.027855153203337757,-0.02080344396980749,,,0.0,0.0,0.0,0.0,0.0,0.0,0.0,0,1054689.83950447,0.0,0.40816326530612734,False,False,flat_or_na,flat_or_na,unavailable,flat_or_na,neutral,False,False,False,pass,S0,🌱 초발사 준비,발사 구조 관찰 또는 초기 준비,S0,False,,,2026-09-06T18:10:00Z,34051589789-1
KRW-PUMP,2026-09-07T03:32:04.302321+09:00,1788719524,5.25,-0.6777904771764764,2.0,425237.18390495394,5046582.914253162,0.08426239915804183,14,0.0,complete,1788718633918,1788719779463,46191293.44909964,45394486.67119566,0.008700114546793085,5.25,5.63,7.2380952380952435,0.0,6.749555950266428,100.0,complete_hourly_ordered,/v1/candles/minutes/60,120,False,12.862318840579734,5.52,2026-09-03T07:00:00,6.23,2026-09-04T02:00:00,D-3,15.24879614767255,133.80281690140828,False,-1.6464379947229602,-93.6918680176669,,False,-0.863602594510996,-96.58787565149119,-61.61712393292802,0.07926135927414091,0.9615384615384581,0.0,0.052770448548800086,-0.07877200623390479,,-0.863602594510996,-96.58787565149119,-61.61712393292802,0.07926135927414091,0.9615384615384581,0.0,0.052770448548800086,-0.07877200623390479,,-0.863602594510996,-96.58787565149119,-61.61712393292802,0.07926135927414091,0.9615384615384581,0.0,0.052770448548800086,-0.07877200623390479,,-0.863602594510996,-96.58787565149119,-61.61712393292802,0.07926135927414091,0.9615384615384581,0.0,0.052770448548800086,-0.07877200623390479,,-0.25065503786271276,-98.94750577492488,-95.8166552120103,1.9900879066029775,-0.5681818181818232,0.0,-0.05277044854881119,0.07875154331500767,,-0.25065503786271276,-98.94750577492488,-95.8166552120103,1.9900879066029775,-0.5681818181818232,0.0,-0.05277044854881119,0.07875154331500767,,-0.863602594510996,-12037297.60298798,-8101423.257651554,0.07926135927414091,0.9615384615384581,0.0,0.052770448548800086,-0.07877200623390479,5471820.098158116,42043365.55035623,0.13014705237154245,-0.5681818181818232,False,False,falling,falling,sell_advantage_accelerating,accelerating,neutral,False,False,False,pass,S0,🌱 초발사 준비,발사 구조 관찰 또는 초기 준비,S0,False,,,2026-09-06T18:10:00Z,34051589789-1
KRW-PUNDIX,2026-09-07T03:32:04.302321+09:00,1788719524,137.0,507.41970936919654,12.0,3005916.04197818,0.0,,7,0.0,complete,1788718989888,1788718989888,990615.64717192,2262371.17692688,-0.390950101713764,134.0,137.0,2.238805970149249,2.238805970149249,0.0,0.0,complete_hourly_ordered,/v1/candles/minutes/60,120,False,19.999999999999996,120.0,2026-09-02T10:00:00,144.0,2026-09-03T19:00:00,D-4,4.861111111111116,29.166666666666686,True,0.9037745879851178,11.808096648661206,9.433562558530854,False,,,-100.0,0.20946409575145708,0.7352941176470562,-1.0,0.05316321105794941,-0.04134573052095014,-0.09598616173135888,,,-100.0,0.20946409575145708,0.7352941176470562,-1.0,0.05316321105794941,-0.04134573052095014,-0.09598616173135888,,,-100.0,0.20946409575145708,0.7352941176470562,-1.0,0.05316321105794941,-0.04134573052095014,-0.09598616173135888,,,-100.0,0.20946409575145708,0.7352941176470562,-1.0,0.05316321105794941,-0.04134573052095014,-0.09598616173135888,,,,0.5393259785612372,0.7352941176470562,-1.0,0.05316321105794941,-0.04134573052095014,-0.09598616173135888,,,,0.5393259785612372,0.7352941176470562,-1.0,0.05316321105794941,-0.04134573052095014,-0.09598616173135888,,3005916.04197818,-1171736.9486064,0.20946409575145708,0.7352941176470562,-1.0,0.05316321105794941,-0.04134573052095014,3005916.04197818,10947529.238113878,0.2745748357093277,0.7352941176470562,False,True,rising,falling,buy_only,accelerating,neutral,False,True,False,pass,S1,⚡ 선행 시동,가격 미급등 상태에서 선행조건 5개 개선,S0,True,가격 미급등 상태에서 선행조건 5개 개선,2026-09-07T03:32:04.302321+09:00,2026-09-06T18:10:00Z,34051589789-1
KRW-PYTH,2026-09-07T03:32:04.302321+09:00,1788719524,74.6,120.15136905397425,7.0,8158669.527827862,1128277.223098576,7.2310859076121305,31,0.0,complete,1788718761222,1788719727434,1202038.75678888,818312.22396186,0.18993062912486203,75.7,78.0,3.038309114927351,-1.4531043593130843,4.358974358974367,147.82608695652183,complete_hourly_ordered,/v1/candles/minutes/60,120,False,18.35260115606936,69.2,2026-09-02T04:00:00,81.9,2026-09-03T13:00:00,D-4,8.54700854700855,55.11811023622044,False,0.3205128205128194,-14.537871653437376,,True,6.984063199205094,90.98263236506855,-93.4758004941054,1.050133853068047,0.5390835579514697,0.0,0.037707390648566985,-0.036889493762441106,,6.984063199205094,90.98263236506855,-93.4758004941054,1.050133853068047,0.5390835579514697,0.0,0.037707390648566985,-0.036889493762441106,,6.984063199205094,90.98263236506855,-93.4758004941054,1.050133853068047,0.5390835579514697,0.0,0.037707390648566985,-0.036889493762441106,,6.984063199205094,90.98263236506855,-93.4758004941054,1.050133853068047,0.5390835579514697,0.0,0.037707390648566985,-0.036889493762441106,,4.425724421021036,32.32467950968203,-48.663511350184386,2.4396429542223785,0.6747638326585648,0.0,0.04713423831068653,-0.04611248761159992,,4.425724421021036,32.32467950968203,-48.663511350184386,2.4396429542223785,0.6747638326585648,0.0,0.04713423831068653,-0.04611248761159992,,6.984063199205094,3886726.35331326,-16165449.341810718,1.050133853068047,0.5390835579514697,0.0,0.037707390648566985,-0.036889493762441106,9286946.750926439,9227943.413141549,1.0063939856524113,0.6747638326585648,False,False,rising,falling,buy_advantage_accelerating,accelerating,neutral,False,True,False,pass,S0,🌱 초발사 준비,발사 구조 관찰 또는 초기 준비,S3,True,발사 구조 관찰 또는 초기 준비,2026-09-07T03:32:04.302321+09:00,2026-09-06T18:10:00Z,34051589789-1
KRW-QKC,2026-09-07T03:32:04.302321+09:00,1788719524,3.08,272.8667098580136,10.0,0.0,0.0,,0,0.0,complete,,,33528642.11355476,30488287.36690839,0.04749297992454065,3.09,3.1,0.3236245954692629,-0.3236245954692518,0.6451612903225812,199.9999999999966,complete_hourly_ordered,/v1/candles/minutes/60,120,False,21.016949152542352,2.95,2026-09-02T19:00:00,3.57,2026-09-03T14:00:00,D-4,13.725490196078427,79.03225806451611,False,0.1111605157848139,9.928741092636576,,True,,-100.0,-100.0,0.04028359795876213,0.0,0.0,0.0,0.0,,,-100.0,-100.0,0.04028359795876213,0.0,0.0,0.0,0.0,,,-100.0,-100.0,0.04028359795876213,0.0,0.0,0.0,0.0,,,-100.0,-100.0,0.04028359795876213,0.0,0.0,0.0,0.0,,,-100.0,,0.0839613484115489,0.32573289902280145,0.0,0.022232103156949456,-0.017750881159482645,,,-100.0,,0.0839613484115489,0.32573289902280145,0.0,0.022232103156949456,-0.017750881159482645,,,-405009.4952523621,-19997.98,0.04028359795876213,0.0,0.0,0.0,0.0,0,2008022.9744499754,0.0,0.32573289902280145,False,False,falling,falling,unavailable,accelerating,neutral,True,True,False,🔴 1차 급등 완료·상승분 반납 / 신규매수 금지,S3,🔴 1차 급등 완료·반납,당일/5D 급등 후 상승분 상당 부분 반납,S3,False,,,2026-09-06T18:10:00Z,34051589789-1
KRW-QTUM,2026-09-07T03:32:04.302321+09:00,1788719524,1188.0,-25.864646045711183,7.0,0.0,0.0,,0,0.0,complete,,,23159.53447501,77397.01323186,-0.5393729199510346,1189.0,1209.0,1.6820857863750982,-0.0841042893187538,1.7369727047146404,104.99999999999994,complete_hourly_ordered,/v1/candles/minutes/60,120,False,10.52158273381294,1112.0,2026-09-03T00:00:00,1229.0,2026-09-04T09:00:00,D-3,3.3360455655004118,35.04273504273496,False,0.1887008234217724,-5.483853974608852,,True,,,-100.0,0.0,0.0,0.0,0.0,0.0,,,,-100.0,0.0,0.0,0.0,0.0,0.0,,,,-100.0,0.0,0.0,0.0,0.0,0.0,,,,-100.0,0.0,0.0,0.0,0.0,0.0,,,-100.0,-100.0,0.1546442619528392,-0.6688963210702337,0.0,-0.04574565416286536,0.041810301591580945,,,-100.0,-100.0,0.1546442619528392,-0.6688963210702337,0.0,-0.04574565416286536,0.041810301591580945,,,0.0,-61373.268,0.0,0.0,0.0,0.0,0.0,0,999872.2681047701,0.0,-0.6688963210702337,False,False,flat_or_na,falling,unavailable,flat_or_na,neutral,False,False,False,pass,S0,🌱 초발사 준비,발사 구조 관찰 또는 초기 준비,S0,False,,,2026-09-06T18:10:00Z,34051589789-1
KRW-QUID,2026-09-07T03:32:04.302321+09:00,1788719524,93.3,,,630883.169440308,1389035.948078513,0.4541877914052721,17,0.0,complete,1788718632051,1788719576453,1215666.49354334,846519.68521077,0.17900750772929416,90.1,98.7,9.544950055493896,3.5516093229744694,5.471124620060796,62.79069767441864,complete_hourly_ordered,/v1/candles/minutes/60,120,False,13.972286374133969,86.6,2026-09-03T21:00:00,98.7,2026-09-06T09:00:00,D-1,6.079027355623101,49.586776859504155,False,,,,False,0.3829732624119172,118.41436160560286,-65.75364599959444,,1.4130434782608559,,,,,0.3829732624119172,118.41436160560286,-65.75364599959444,,1.4130434782608559,,,,,0.3829732624119172,118.41436160560286,-65.75364599959444,,1.4130434782608559,,,,,0.3829732624119172,118.41436160560286,-65.75364599959444,,1.4130434782608559,,,,,0.4395842997714912,870.7735132738362,-68.78673723147114,,0.9740259740259605,,,,,0.4395842997714912,870.7735132738362,-68.78673723147114,,0.9740259740259605,,,,,0.3829732624119172,342036.243440308,-2666975.2350741904,,1.4130434782608559,,,,2019919.1175188208,3727173.4045103374,0.5419439608241652,0.9740259740259605,False,False,rising,falling,sell_advantage_weakening,flat_or_na,neutral,False,False,False,pass,S0,🌱 초발사 준비,발사 구조 관찰 또는 초기 준비,S0,False,,,2026-09-06T18:10:00Z,34051589789-1
KRW-RAY,2026-09-07T03:32:04.302321+09:00,1788719524,1885.0,6876.229949625177,8.0,417221698.7890356,327878339.93285275,1.2724893595425664,861,0.0,complete,1788718627918,1788719819226,45867.84993584,77771.09164607,-0.25803554529051276,1239.0,1959.0,58.11138014527846,52.138821630347046,3.777437468095967,10.277777777777807,complete_hourly_ordered,/v1/candles/minutes/60,120,False,81.22109158186863,1081.0,2026-09-02T20:00:00,1959.0,2026-09-07T02:00:00,D0,1.5313935681470103,3.4168564920273337,False,5.275822655357043,-16.591853560631936,,True,0.29789276037531975,-27.091661120105204,-44.15967521424158,155.20204427950011,-1.153644467750392,0.0,-0.04211032906213941,0.039837588896730836,,0.29789276037531975,-27.091661120105204,-44.15967521424158,155.20204427950011,-1.153644467750392,0.0,-0.04211032906213941,0.039837588896730836,,0.29789276037531975,-27.091661120105204,-44.15967521424158,155.20204427950011,-1.153644467750392,0.0,-0.04211032906213941,0.039837588896730836,,0.29789276037531975,-27.091661120105204,-44.15967521424158,155.20204427950011,-1.153644467750392,0.0,-0.04211032906213941,0.039837588896730836,,0.503559317856815,58.774450523500256,-4.0570013854144165,434.09510083170517,4.028697571743933,0.0,0.48126090356737095,-0.45561682138012927,,0.503559317856815,58.774450523500256,-4.0570013854144165,434.09510083170517,4.028697571743933,0.0,0.48126090356737095,-0.45561682138012927,,0.29789276037531975,-155033416.6050262,-259292922.39561284,155.20204427950011,-1.153644467750392,0.0,-0.04211032906213941,0.039837588896730836,745100038.7218883,1743736.36590571,427.3008542405879,4.028697571743933,False,False,falling,falling,buy_advantage_accelerating,accelerating,neutral,False,False,False,pass,S0,🌱 초발사 준비,발사 구조 관찰 또는 초기 준비,S0,False,,,2026-09-06T18:10:00Z,34051589789-1
KRW-RE,2026-09-07T03:32:04.302321+09:00,1788719524,616.0,,,6370938.12415907,4701986.7590747215,1.3549459942360136,21,0.0,complete,1788718634987,1788719649930,404756.82857975,381443.28128811,0.02965345209066229,615.0,635.0,3.2520325203251987,0.1626016260162677,2.9921259842519685,94.99999999999976,complete_hourly_ordered,/v1/candles/minutes/60,120,False,7.049180327868854,610.0,2026-09-03T16:00:00,653.0,2026-09-04T05:00:00,D-3,5.666156202143946,86.04651162790684,False,,,,True,0.2966556157652105,0.39496874758240264,-21.58578281022129,,-1.1235955056179803,,,,,0.2966556157652105,0.39496874758240264,-21.58578281022129,,-1.1235955056179803,,,,,0.2966556157652105,0.39496874758240264,-21.58578281022129,,-1.1235955056179803,,,,,0.2966556157652105,0.39496874758240264,-21.58578281022129,,-1.1235955056179803,,,,,0.6847790742196113,58.75006809204424,-21.480970726344772,,-1.2820512820512775,,,,,0.6847790742196113,58.75006809204424,-21.480970726344772,,-1.2820512820512775,,,,,0.2966556157652105,25064.218687599525,-1294357.9442013893,,-1.1235955056179803,,,,11072924.883233791,19371093.62816029,0.5716210501990852,-1.2820512820512775,False,False,rising,falling,buy_advantage_accelerating,flat_or_na,neutral,False,False,False,pass,S0,🌱 초발사 준비,발사 구조 관찰 또는 초기 준비,S0,False,,,2026-09-06T18:10:00Z,34051589789-1
KRW-RED,2026-09-07T03:32:04.302321+09:00,1788719524,173.0,185.41778521418,10.0,0.0,0.0,,0,0.0,complete,,,484940.10943683,2332280.11041701,-0.655731485938299,173.0,178.0,2.8901734104046284,0.0,2.8089887640449436,100.0,complete_hourly_ordered,/v1/candles/minutes/60,120,False,17.88079470198676,151.0,2026-09-02T18:00:00,178.0,2026-09-06T19:00:00,D-1,2.8089887640449396,18.518518518518484,False,0.766283524904221,-1.7517463729177871,,True,,,-100.0,0.0,0.0,0.0,0.0,0.0,,,,-100.0,0.0,0.0,0.0,0.0,0.0,,,,-100.0,0.0,0.0,0.0,0.0,0.0,,,,-100.0,0.0,0.0,0.0,0.0,0.0,,,,,0.06990020009729392,-0.5747126436781658,0.0,-0.04257130693912092,0.03751804060110331,,,,,0.06990020009729392,-0.5747126436781658,0.0,-0.04257130693912092,0.03751804060110331,,,0.0,-1828176.1015250902,0.0,0.0,0.0,0.0,0.0,0,10848242.80779,0.0,-0.5747126436781658,False,True,flat_or_na,falling,unavailable,flat_or_na,neutral,False,False,False,pass,S0,🌱 초발사 준비,발사 구조 관찰 또는 초기 준비,S0,False,,,2026-09-06T18:10:00Z,34051589789-1
KRW-RENDER,2026-09-07T03:32:04.302321+09:00,1788719524,2077.0,13.75499536098921,8.0,13691432.534617553,10428477.253394477,1.3128889483995356,60,0.0,complete,1788718649800,1788719740164,58711.73838837,26755.0135469,0.3739082639489223,2002.0,2094.0,4.595404595404595,3.746253746253747,0.8118433619866284,18.478260869565197,complete_hourly_ordered,/v1/candles/minutes/60,120,False,9.633507853403135,1910.0,2026-09-02T19:00:00,2094.0,2026-09-07T01:00:00,D0,0.8118433619866305,9.239130434782513,False,0.2443695924972067,13.606124641578965,,True,-5.994033372792302,2.827859674294575,472.29149808170547,2.0432940004047495,1.1690209449585875,0.0,0.08255729476258633,-0.0634725036060324,,-5.994033372792302,2.827859674294575,472.29149808170547,2.0432940004047495,1.1690209449585875,0.0,0.08255729476258633,-0.0634725036060324,,-5.994033372792302,2.827859674294575,472.29149808170547,2.0432940004047495,1.1690209449585875,0.0,0.08255729476258633,-0.0634725036060324,,-5.994033372792302,2.827859674294575,472.29149808170547,2.0432940004047495,1.1690209449585875,0.0,0.08255729476258633,-0.0634725036060324,,0.9436135854597575,179.67812352532457,-21.335128384597457,2.436889369024353,0.1929570670525793,0.0,0.013209167162009372,-0.010154841860495978,,0.9436135854597575,179.67812352532457,-21.335128384597457,2.436889369024353,0.1929570670525793,0.0,0.013209167162009372,-0.010154841860495978,,-5.994033372792302,376526.84856620245,8606245.525621086,2.0432940004047495,1.1690209449585875,0.0,0.08255729476258633,-0.0634725036060324,24119909.788012028,6746885.3169433195,3.5749695829926402,0.1929570670525793,False,False,rising,rising,buy_advantage_weakening,accelerating,neutral,False,False,False,pass,S0,🌱 초발사 준비,발사 구조 관찰 또는 초기 준비,S0,False,,,2026-09-06T18:10:00Z,34051589789-1
KRW-RLUSD,2026-09-07T03:32:04.302321+09:00,1788719524,1362.0,,,0.0,0.0,,0,0.0,complete,,,77476.68327198,91857.86657785,-0.08492763773620672,1364.0,1367.0,0.21994134897360684,-0.14662756598240456,0.36576444769568395,166.66666666666669,complete_hourly_ordered,/v1/candles/minutes/60,120,False,6.345733041575485,1371.0,2026-09-02T21:00:00,1458.0,2026-09-04T00:00:00,D-3,6.584362139917699,110.34482758620692,False,,,,False,,,,,0.0,,,,,,,,,0.0,,,,,,,,,0.0,,,,,,,,,0.0,,,,,,,,,0.0,,,,,,,,,0.0,,,,,,0.0,0.0,,0.0,,,,0,98549.99999521,0.0,0.0,False,False,flat_or_na,flat_or_na,unavailable,flat_or_na,neutral,False,False,False,pass,S0,🌱 초발사 준비,발사 구조 관찰 또는 초기 준비,S0,False,,,2026-09-06T18:10:00Z,34051589789-1
KRW-RVN,2026-09-07T03:32:04.302321+09:00,1788719524,3.97,-88.4963010135267,6.0,3768434.1921985126,2266414.623530236,1.662729384585723,39,0.0,complete,1788719085870,1788719500382,13652173.48108347,42014875.22191713,-0.50950611540692,3.98,4.29,7.788944723618085,-0.2512562814070307,7.459207459207455,103.22580645161285,complete_hourly_ordered,/v1/candles/minutes/60,120,False,12.89473684210527,3.8,2026-09-02T19:00:00,4.29,2026-09-06T13:00:00,D-1,7.459207459207451,65.3061224489796,False,0.5640754450907837,34.347938663367756,,True,-0.29320432819635434,102.4414389896628,138.13979535981642,0.3006142147550577,-1.488833746898266,0.0,-0.10576414595453443,0.06337505943241695,,-0.29320432819635434,102.4414389896628,138.13979535981642,0.3006142147550577,-1.488833746898266,0.0,-0.10576414595453443,0.06337505943241695,,-0.29320432819635434,102.4414389896628,138.13979535981642,0.3006142147550577,-1.488833746898266,0.0,-0.10576414595453443,0.06337505943241695,,-0.29320432819635434,102.4414389896628,138.13979535981642,0.3006142147550577,-1.488833746898266,0.0,-0.10576414595453443,0.06337505943241695,,-5.02687559906182,2.7067966294603396,313.2169100734927,0.3299831357611396,-1.7326732673267342,0.0,-0.1233915036136013,0.07393650587044931,,-5.02687559906182,2.7067966294603396,313.2169100734927,0.3299831357611396,-1.7326732673267342,0.0,-0.1233915036136013,0.07393650587044931,,-0.29320432819635434,1906940.709932296,1314698.586273294,0.3006142147550577,-1.488833746898266,0.0,-0.10576414595453443,0.06337505943241695,6034848.815728748,4821090.318630883,1.2517601656221522,-1.7326732673267342,False,False,rising,rising,buy_advantage_weakening,accelerating,neutral,False,False,False,pass,S0,🌱 초발사 준비,발사 구조 관찰 또는 초기 준비,S0,False,,,2026-09-06T18:10:00Z,34051589789-1
KRW-SAFE,2026-09-07T03:32:04.302321+09:00,1788719524,134.0,409.9092816781167,10.0,0.0,0.0,,0,0.0,complete,,,902410.09723099,2479091.45862455,-0.4662666378678186,134.0,136.0,1.4925373134328401,0.0,1.4705882352941175,100.0,complete_hourly_ordered,/v1/candles/minutes/60,120,False,23.38709677419355,124.0,2026-09-02T03:00:00,153.0,2026-09-02T20:00:00,D-4,12.418300653594772,65.51724137931038,True,0.366300366300365,13.408577878103836,,False,,-100.0,,0.18129158827434821,0.0,0.0,0.0,0.0,,,-100.0,,0.18129158827434821,0.0,0.0,0.0,0.0,,,-100.0,,0.18129158827434821,0.0,0.0,0.0,0.0,,,-100.0,,0.18129158827434821,0.0,0.0,0.0,0.0,,,,,0.18129158827434821,0.0,0.0,0.0,0.0,,,,,0.18129158827434821,0.0,0.0,0.0,0.0,,,-636827.58620612,0.0,0.18129158827434821,0.0,0.0,0.0,0.0,0,1931798.8176448005,0.0,0.0,False,True,falling,flat_or_na,unavailable,accelerating,neutral,True,True,False,🔴 1차 급등 완료·상승분 반납 / 신규매수 금지,S3,🔴 1차 급등 완료·반납,당일/5D 급등 후 상승분 상당 부분 반납,S3,False,,,2026-09-06T18:10:00Z,34051589789-1
KRW-SAHARA,2026-09-07T03:32:04.302321+09:00,1788719524,12.8,68.7824886792016,9.0,2526249.253373184,81348.5546,31.05462986767295,7,0.0,complete,1788718995112,1788719156505,57959232.25271841,88792619.66461635,-0.210105610314658,12.8,13.3,3.90625,0.0,3.7593984962406015,100.0,complete_hourly_ordered,/v1/candles/minutes/60,120,False,18.75000000000002,11.2,2026-09-02T11:00:00,13.3,2026-09-06T09:00:00,D-1,3.759398496240607,23.809523809523807,True,0.7377979568672144,50.83442974863236,,True,31.05462986767295,,-83.73028908000104,0.04973595672130671,0.7874015748031704,0.0,0.05675368898980793,-0.025997521891518716,,31.05462986767295,,-83.73028908000104,0.04973595672130671,0.7874015748031704,0.0,0.05675368898980793,-0.025997521891518716,,31.05462986767295,,-83.73028908000104,0.04973595672130671,0.7874015748031704,0.0,0.05675368898980793,-0.025997521891518716,,31.05462986767295,,-83.73028908000104,0.04973595672130671,0.7874015748031704,0.0,0.05675368898980793,-0.025997521891518716,,31.05462986767295,,-87.8508511041527,0.25828397155036953,0.7874015748031704,0.0,0.05675368898980793,-0.025997521891518716,,31.05462986767295,,-87.8508511041527,0.25828397155036953,0.7874015748031704,0.0,0.05675368898980793,-0.025997521891518716,,31.05462986767295,2526249.253373184,-418651.445400032,0.04973595672130671,0.7874015748031704,0.0,0.05675368898980793,-0.025997521891518716,2607597.8079731837,36089993.61846944,0.07225265361750349,0.7874015748031704,False,False,rising,falling,buy_advantage_accelerating,accelerating,neutral,False,False,False,pass,S0,🌱 초발사 준비,발사 구조 관찰 또는 초기 준비,S0,False,,,2026-09-06T18:10:00Z,34051589789-1
KRW-SAND,2026-09-07T03:32:04.302321+09:00,1788719524,52.1,-53.60488490038902,3.0,205941.071463853,0.0,,3,0.0,complete,1788718839792,1788719603498,3854273.16148215,4999506.90186318,-0.1293496938242571,52.3,53.2,1.7208413001912115,-0.3824091778202643,2.0676691729323333,122.22222222222194,complete_hourly_ordered,/v1/candles/minutes/60,120,False,10.93117408906883,49.4,2026-09-02T07:00:00,54.8,2026-09-04T13:00:00,D-3,4.92700729927007,50.0,False,-1.2441679626749802,32.071939560072224,,True,,-71.7643301798381,-100.0,0.009555931156434383,0.19230769230769162,0.0,0.0,0.0,,,-71.7643301798381,-100.0,0.009555931156434383,0.19230769230769162,0.0,0.0,0.0,,,-71.7643301798381,-100.0,0.009555931156434383,0.19230769230769162,0.0,0.0,0.0,,,-71.7643301798381,-100.0,0.009555931156434383,0.19230769230769162,0.0,0.0,0.0,,,-99.12553993675483,-100.0,0.026290577204477472,0.0,0.0,0.0,0.0,,,-99.12553993675483,-100.0,0.026290577204477472,0.0,0.0,0.0,0.0,,,-523423.85161227395,-612214.494753774,0.009555931156434383,0.19230769230769162,0.0,0.0,0.0,205941.071463853,17389435.983350813,0.011842883901526616,0.0,False,False,falling,falling,buy_only,accelerating,neutral,False,False,False,pass,S0,🌱 초발사 준비,발사 구조 관찰 또는 초기 준비,S0,False,,,2026-09-06T18:10:00Z,34051589789-1
KRW-SC,2026-09-07T03:32:04.302321+09:00,1788719524,0.985,-74.83898639719168,10.0,3103519.156384817,0.0,,8,0.0,complete,1788718671341,1788719247448,250808629.12963971,383917001.2693808,-0.20971009482642516,1.01,1.02,0.990099009900991,-2.4752475247524774,3.4313725490196108,350.0,complete_hourly_ordered,/v1/candles/minutes/60,120,False,12.676056338028175,0.923,2026-09-03T20:00:00,1.04,2026-09-05T11:00:00,D-2,5.288461538461542,47.00854700854703,True,0.3159446745769845,4.524686562925465,2.2746653596625226,True,,1349.7025708406281,-100.0,0.006298376083364587,0.3054989816700715,0.0,0.02106297830513082,-0.017654605486971064,-0.012936048584159199,,1349.7025708406281,-100.0,0.006298376083364587,0.3054989816700715,0.0,0.02106297830513082,-0.017654605486971064,-0.012936048584159199,,1349.7025708406281,-100.0,0.006298376083364587,0.3054989816700715,0.0,0.02106297830513082,-0.017654605486971064,-0.012936048584159199,,1349.7025708406281,-100.0,0.006298376083364587,0.3054989816700715,0.0,0.02106297830513082,-0.017654605486971064,-0.012936048584159199,,162.30074590943434,,0.010921416737659229,-0.10141987829614951,0.0,0.014041985536761281,-0.011769638679966832,-0.008618851493657598,,162.30074590943434,,0.010921416737659229,-0.10141987829614951,0.0,0.014041985536761281,-0.011769638679966832,-0.008618851493657598,,2889439.439702987,-875178.7089341099,0.006298376083364587,0.3054989816700715,0.0,0.02106297830513082,-0.017654605486971064,3103519.156384817,10244894.357741542,0.30293325123842263,-0.10141987829614951,False,True,rising,falling,buy_only,accelerating,neutral,False,True,False,pass,S1,⚡ 선행 시동,가격 미급등 상태에서 선행조건 6개 개선,S0,True,가격 미급등 상태에서 선행조건 6개 개선,2026-09-07T03:32:04.302321+09:00,2026-09-06T18:10:00Z,34051589789-1
KRW-SEI,2026-09-07T03:32:04.302321+09:00,1788719524,65.6,64.18294842969287,9.0,18564.160504734,762735.7919999999,0.02433891355230122,2,0.0,complete,1788719360051,1788719507155,4858566.26084053,2338108.18394727,0.3502253848260018,65.3,67.0,2.6033690658499253,0.45941807044409533,2.0895522388059784,82.35294117647094,complete_hourly_ordered,/v1/candles/minutes/60,120,False,10.063897763578279,62.6,2026-09-02T21:00:00,68.9,2026-09-03T04:00:00,D-4,4.78955007256896,52.38095238095255,False,0.08238928939237056,12.98157641422848,,False,0.02433891355230122,,-95.73153171022244,0.7608037331473909,0.3058103975535076,0.0,0.020597322348070435,-0.015961082973214857,,0.02433891355230122,,-95.73153171022244,0.7608037331473909,0.3058103975535076,0.0,0.020597322348070435,-0.015961082973214857,,0.02433891355230122,,-95.73153171022244,0.7608037331473909,0.3058103975535076,0.0,0.020597322348070435,-0.015961082973214857,,0.02433891355230122,,-95.73153171022244,0.7608037331473909,0.3058103975535076,0.0,0.020597322348070435,-0.015961082973214857,,-3.6735436048839105,-99.529672591107,-28.54177736613135,1.323724525463092,0.3058103975535076,0.0,0.030895983522127857,-0.023941892446103452,,-3.6735436048839105,-99.529672591107,-28.54177736613135,1.323724525463092,0.3058103975535076,0.0,0.030895983522127857,-0.023941892446103452,,0.02433891355230122,18564.160504734,-17106339.019371003,0.7608037331473909,0.3058103975535076,0.0,0.020597322348070435,-0.015961082973214857,781299.9525047339,17551512.30397423,0.04451467993033412,0.3058103975535076,False,False,rising,falling,sell_advantage_weakening,accelerating,leading_buy_inflow,False,False,False,pass,S0,🌱 초발사 준비,발사 구조 관찰 또는 초기 준비,S0,False,,,2026-09-06T18:10:00Z,34051589789-1
KRW-SENT,2026-09-07T03:32:04.302321+09:00,1788719524,18.2,95.49098751977381,8.0,0.0,0.0,,0,0.0,complete,,,10301965.14003457,14264222.72372658,-0.16128906958075254,18.3,18.4,0.5464480874316724,-0.5464480874317057,1.0869565217391266,200.00000000000608,complete_hourly_ordered,/v1/candles/minutes/60,120,False,6.358381502890165,17.3,2026-09-02T03:00:00,18.4,2026-09-05T01:00:00,D-2,1.0869565217391242,18.18181818181837,False,0.07521624670929761,14.064266106894863,,True,,,,0.0,0.0,0.0,0.0,0.0,,,,,0.0,0.0,0.0,0.0,0.0,,,,,0.0,0.0,0.0,0.0,0.0,,,,,0.0,0.0,0.0,0.0,0.0,,,,,0.010926413975440141,0.5524861878452914,0.0,0.037608123354648804,-0.028826622506441524,,,,,0.010926413975440141,0.5524861878452914,0.0,0.037608123354648804,-0.028826622506441524,,,0.0,0.0,0.0,0.0,0.0,0.0,0.0,0,954702.86605,0.0,0.5524861878452914,False,False,flat_or_na,flat_or_na,unavailable,flat_or_na,neutral,False,False,False,pass,S0,🌱 초발사 준비,발사 구조 관찰 또는 초기 준비,S0,False,,,2026-09-06T18:10:00Z,34051589789-1
KRW-SHIB,2026-09-07T03:32:04.302321+09:00,1788719524,0.00741,5.117971509384489,7.0,1240793.15,1480000.0,0.8383737499999999,6,0.0,complete,1788719236270,1788719567380,72779935636.58301,64453983735.26838,0.06066978149005922,0.00746,0.00756,1.3404825737265424,-0.6702412868632712,1.9841269841269837,150.0,complete_hourly_ordered,/v1/candles/minutes/60,120,False,9.942363112391917,0.00694,2026-09-02T19:00:00,0.00763,2026-09-05T22:00:00,D-2,2.8833551769331556,31.88405797101443,False,-0.0639912240606999,-1.6386583920228774,,True,0.7933517356125985,703.7270645742227,-56.838568162702465,0.052378723441770525,0.40650406504063596,0.0,0.01828320687449203,-0.01623265635276172,,0.7933517356125985,703.7270645742227,-56.838568162702465,0.052378723441770525,0.40650406504063596,0.0,0.01828320687449203,-0.01623265635276172,,0.7933517356125985,703.7270645742227,-56.838568162702465,0.052378723441770525,0.40650406504063596,0.0,0.01828320687449203,-0.01623265635276172,,0.7933517356125985,703.7270645742227,-56.838568162702465,0.052378723441770525,0.40650406504063596,0.0,0.01828320687449203,-0.01623265635276172,,-165.29918861848563,-97.50567900266756,394.290774563663,0.25244657495584466,0.13513513513512265,0.0,0.0,0.0,,-165.29918861848563,-97.50567900266756,394.290774563663,0.25244657495584466,0.13513513513512265,0.0,0.0,0.0,,0.7933517356125985,1086413.2361349226,-1948987.262468601,0.052378723441770525,0.40650406504063596,0.0,0.01828320687449203,-0.01623265635276172,2720793.15,37738732.18815207,0.07209551016274422,0.13513513513512265,False,False,rising,falling,sell_advantage_weakening,accelerating,leading_buy_inflow,False,False,False,pass,S0,🌱 초발사 준비,발사 구조 관찰 또는 초기 준비,S0,False,,,2026-09-06T18:10:00Z,34051589789-1
KRW-SIGN,2026-09-07T03:32:04.302321+09:00,1788719524,14.6,426.5299477418692,13.0,9115191.65606591,5890801.801325749,1.5473600985887013,36,0.0,complete,1788718626991,1788719753352,16281845.09403242,43195186.48795685,-0.45249974112820857,14.2,14.9,4.929577464788748,2.8169014084507005,2.013422818791951,42.85714285714312,complete_hourly_ordered,/v1/candles/minutes/60,120,False,25.83333333333333,12.0,2026-09-03T08:00:00,15.1,2026-09-04T19:00:00,D-3,2.6490066225165587,12.903225806451651,False,2.191011235955065,10.524665359051125,4.701349762276641,True,-9.907496431777602,-73.108371617817,99.07437529685951,1.881036372001347,-1.3513513513513598,2.0,-0.11235955056176916,0.08736478176271056,0.07513395528804434,-9.907496431777602,-73.108371617817,99.07437529685951,1.881036372001347,-1.3513513513513598,2.0,-0.11235955056176916,0.08736478176271056,0.07513395528804434,-9.907496431777602,-73.108371617817,99.07437529685951,1.881036372001347,-1.3513513513513598,2.0,-0.11235955056176916,0.08736478176271056,0.07513395528804434,-9.907496431777602,-73.108371617817,99.07437529685951,1.881036372001347,-1.3513513513513598,2.0,-0.11235955056176916,0.08736478176271056,0.07513395528804434,-2.7886313143850163,-62.88288977952903,4.00906119858524,3.452707599465839,0.0,0.0,0.0,0.0,0.0,-2.7886313143850163,-62.88288977952903,4.00906119858524,3.452707599465839,0.0,0.0,0.0,0.0,0.0,-9.907496431777602,-24780828.051335543,2931705.8390546674,1.881036372001347,-1.3513513513513598,2.0,-0.11235955056176916,0.08736478176271056,15005993.457391657,23583662.120725505,0.6362876715488675,0.0,False,True,falling,rising,buy_advantage_weakening,accelerating,neutral,False,True,False,pass,S2,🚀 발사 진행,가격 상승 초입과 실제 매수수급·구조 동반,S2,False,,,2026-09-06T18:10:00Z,34051589789-1
KRW-SKR,2026-09-07T03:32:04.302321+09:00,1788719524,27.7,-65.3527194668687,8.0,213086.32469471698,17308034.46084632,0.012311410933272293,35,0.0,complete,1788718631519,1788719283310,12341668.20432723,14310978.18513085,-0.07388797164931964,29.8,30.5,2.348993288590595,-7.046979865771819,9.180327868852462,400.0000000000014,complete_hourly_ordered,/v1/candles/minutes/60,120,False,32.835820895522396,26.8,2026-09-02T10:00:00,35.6,2026-09-02T12:00:00,D-4,22.19101123595506,89.77272727272731,False,5.206407886629694,-46.25345960096145,,True,-10.362346911537614,-99.52377495553871,301.30835918545415,0.009533637763752267,-0.7168458781361964,0.0,-0.030807147258160583,0.03499545206062038,,-10.362346911537614,-99.52377495553871,301.30835918545415,0.009533637763752267,-0.7168458781361964,0.0,-0.030807147258160583,0.03499545206062038,,-10.362346911537614,-99.52377495553871,301.30835918545415,0.009533637763752267,-0.7168458781361964,0.0,-0.030807147258160583,0.03499545206062038,,-10.362346911537614,-99.52377495553871,301.30835918545415,0.009533637763752267,-0.7168458781361964,0.0,-0.030807147258160583,0.03499545206062038,,-7.254442602188579,-96.81369204880187,1780.7036997551374,0.05641363574676461,0.0,0.0,-0.030807147258160583,0.03499545206062038,,-7.254442602188579,-96.81369204880187,1780.7036997551374,0.05641363574676461,0.0,0.0,-0.030807147258160583,0.03499545206062038,,-10.362346911537614,-44531793.679624096,12995132.90654606,0.009533637763752267,-0.7168458781361964,0.0,-0.030807147258160583,0.03499545206062038,17521120.785541035,103407879.14912283,0.16943699967266623,0.0,False,False,falling,rising,sell_advantage_accelerating,accelerating,neutral,True,True,False,🔴 1차 급등 완료·상승분 반납 / 신규매수 금지,S3,🔴 1차 급등 완료·반납,당일/5D 급등 후 상승분 상당 부분 반납,S3,False,,,2026-09-06T18:10:00Z,34051589789-1
KRW-SKY,2026-09-07T03:32:04.302321+09:00,1788719524,95.5,-18.270755157877396,7.0,0.0,0.0,,0,0.0,complete,,,1112689.7497714,1289319.99285791,-0.07353435748065096,96.4,98.2,1.8672199170124415,-0.9336099585062319,2.7494908350305525,150.0000000000006,complete_hourly_ordered,/v1/candles/minutes/60,120,False,7.675438596491224,91.2,2026-09-05T21:00:00,98.2,2026-09-06T21:00:00,D-1,2.7494908350305547,38.57142857142853,False,0.4450724125750538,-6.148045839710323,,False,,,,0.0,0.0,0.0,0.0,0.0,,,,,0.0,0.0,0.0,0.0,0.0,,,,,0.0,0.0,0.0,0.0,0.0,,,,,0.0,0.0,0.0,0.0,0.0,,,-100.0,-100.0,0.1267944988582812,-0.8307372793354029,0.0,-0.05651713175556239,0.05179739122543303,,,-100.0,-100.0,0.1267944988582812,-0.8307372793354029,0.0,-0.05651713175556239,0.05179739122543303,,,0.0,0.0,0.0,0.0,0.0,0.0,0.0,0,1047378.056473936,0.0,-0.8307372793354029,False,False,flat_or_na,flat_or_na,unavailable,flat_or_na,neutral,False,True,False,pass,S0,🌱 초발사 준비,발사 구조 관찰 또는 초기 준비,S0,False,,,2026-09-06T18:10:00Z,34051589789-1
KRW-SLX,2026-09-07T03:32:04.302321+09:00,1788719524,95.4,,,52087.499999262,5738781.697870343,0.009076403798142667,28,0.0,complete,1788718728327,1788719489572,2551997.49798427,1996158.98994321,0.12221182571806068,96.0,96.9,0.9375000000000133,-0.6249999999999978,1.547987616099071,166.66666666666546,complete_hourly_ordered,/v1/candles/minutes/60,120,False,8.194905869324476,90.3,2026-09-02T18:00:00,97.7,2026-09-05T09:00:00,D-2,2.3541453428863823,31.081081081081052,False,,,,True,-0.11029080102958874,-99.55961541067664,-94.20833640218885,,0.3154574132492316,,,,,-0.11029080102958874,-99.55961541067664,-94.20833640218885,,0.3154574132492316,,,,,-0.11029080102958874,-99.55961541067664,-94.20833640218885,,0.3154574132492316,,,,,-0.11029080102958874,-99.55961541067664,-94.20833640218885,,0.3154574132492316,,,,,-2.6744094935649865,-99.69571551316398,-10.036711965376021,,0.21008403361344463,,,,,-2.6744094935649865,-99.69571551316398,-10.036711965376021,,0.21008403361344463,,,,,-0.11029080102958874,-11775642.457421176,-93348149.04236107,,0.3154574132492316,,,,5790869.197869605,21067397.542951465,0.27487349522233995,0.21008403361344463,False,False,falling,falling,sell_advantage_accelerating,flat_or_na,neutral,False,False,False,pass,S0,🌱 초발사 준비,발사 구조 관찰 또는 초기 준비,S0,False,,,2026-09-06T18:10:00Z,34051589789-1
KRW-SNT,2026-09-07T03:32:04.302321+09:00,1788719524,9.79,162.6591822613687,13.0,0.0,15858.531317522298,0.0,2,0.0,complete,1788719236481,1788719236481,2315312.13225614,44268793.70657729,-0.9005964763919091,9.62,9.93,3.2224532224532254,1.7671517671517645,1.4098690835851013,45.161290322580776,complete_hourly_ordered,/v1/candles/minutes/60,120,False,31.818181818181813,8.8,2026-09-02T10:00:00,11.6,2026-09-03T14:00:00,D-4,15.603448275862075,64.6428571428572,False,0.8033856968653552,13.286540686463566,10.958238528030051,False,,-100.0,,0.0007650397703002909,0.10224948875254825,0.0,0.007173086579159715,-0.005501674063696171,-0.014495491346835365,,-100.0,,0.0007650397703002909,0.10224948875254825,0.0,0.007173086579159715,-0.005501674063696171,-0.014495491346835365,,-100.0,,0.0007650397703002909,0.10224948875254825,0.0,0.007173086579159715,-0.005501674063696171,-0.014495491346835365,,-100.0,,0.0007650397703002909,0.10224948875254825,0.0,0.007173086579159715,-0.005501674063696171,-0.014495491346835365,0.0,,-99.68785987795752,0.2078873440197242,1.4507772020725174,0.0,0.1004232121081694,-0.07703116086278428,-0.2053827345133925,0.0,,-99.68785987795752,0.2078873440197242,1.4507772020725174,0.0,0.1004232121081694,-0.07703116086278428,-0.2053827345133925,,-12910321.398542339,15858.531317522298,0.0007650397703002909,0.10224948875254825,0.0,0.007173086579159715,-0.005501674063696171,15858.531317522298,11599158.659361627,0.0013672139319107384,1.4507772020725174,False,False,falling,rising,sell_only,accelerating,neutral,True,True,False,🔴 1차 급등 완료·상승분 반납 / 신규매수 금지,S3,🔴 1차 급등 완료·반납,당일/5D 급등 후 상승분 상당 부분 반납,S1,True,당일/5D 급등 후 상승분 상당 부분 반납,2026-09-07T03:32:04.302321+09:00,2026-09-06T18:10:00Z,34051589789-1
KRW-SOL,2026-09-07T03:32:04.302321+09:00,1788719524,145200.0,-4.807706381711785,6.0,18262187.704901006,86114604.86461496,0.21206841433705578,142,0.0,complete,1788718631999,1788719880060,7612.94854877,13460.95934724,-0.27750006440795083,140900.0,146100.0,3.6905606813342873,3.0518097941802713,0.6160164271047228,17.307692307692434,complete_hourly_ordered,/v1/candles/minutes/60,120,False,9.274495138369488,133700.0,2026-09-02T20:00:00,146100.0,2026-09-06T18:00:00,D-1,0.6160164271047264,7.258064516129174,False,0.7967937401593739,-20.326789242297487,,True,-3.0517295634979624,-70.96961733626814,346.7864982621732,0.07636037658208483,0.5540166204986097,0.0,0.023856100004793213,-0.02419583883369114,,-3.0517295634979624,-70.96961733626814,346.7864982621732,0.07636037658208483,0.5540166204986097,0.0,0.023856100004793213,-0.02419583883369114,,-3.0517295634979624,-70.96961733626814,346.7864982621732,0.07636037658208483,0.5540166204986097,0.0,0.023856100004793213,-0.02419583883369114,,-3.0517295634979624,-70.96961733626814,346.7864982621732,0.07636037658208483,0.5540166204986097,0.0,0.023856100004793213,-0.02419583883369114,,-1.448723996404984,-87.72251272474357,-3.850095953846411,0.19539225708718977,0.4149377593360981,0.0,0.03339854000667941,-0.03387465673174006,,-1.448723996404984,-87.72251272474357,-3.850095953846411,0.19539225708718977,0.4149377593360981,0.0,0.03339854000667941,-0.03387465673174006,,-3.0517295634979624,-44644966.900802016,66840386.59714997,0.07636037658208483,0.5540166204986097,0.0,0.023856100004793213,-0.02419583883369114,104376792.56951597,305721258.832071,0.3414116275991421,0.4149377593360981,False,False,falling,rising,sell_advantage_accelerating,accelerating,neutral,False,False,False,pass,S0,🌱 초발사 준비,발사 구조 관찰 또는 초기 준비,S0,False,,,2026-09-06T18:10:00Z,34051589789-1
KRW-SOMI,2026-09-07T03:32:04.302321+09:00,1788719524,180.0,-84.34106733617874,10.0,5071.82319,225817.92402169,0.022459790169326182,4,0.0,complete,1788719047184,1788719943311,522332.5844186,1421200.68562272,-0.46249174895010153,170.0,184.0,8.23529411764705,5.882352941176472,2.1739130434782608,28.571428571428488,complete_hourly_ordered,/v1/candles/minutes/60,120,False,32.37410071942446,139.0,2026-09-02T18:00:00,184.0,2026-09-06T21:00:00,D-1,2.717391304347827,11.11111111111112,True,1.32478632478632,6.242894567742577,4.258411846474003,False,0.022459790169326182,,-83.2787995910516,0.007919236259567697,1.1235955056179803,-2.0,0.08547008547008517,-0.06982479554774024,-0.08904194876205196,0.022459790169326182,,-83.2787995910516,0.007919236259567697,1.1235955056179803,-2.0,0.08547008547008517,-0.06982479554774024,-0.08904194876205196,0.022459790169326182,,-83.2787995910516,0.007919236259567697,1.1235955056179803,-2.0,0.08547008547008517,-0.06982479554774024,-0.08904194876205196,0.022459790169326182,,-83.2787995910516,0.007919236259567697,1.1235955056179803,-2.0,0.08547008547008517,-0.06982479554774024,-0.08904194876205196,-1.2656346183289802,-99.62072141664679,-78.24794360066383,0.0658101048574764,0.5586592178770999,0.0,0.04273504273504258,-0.03491067200038511,-0.04430571000549399,-1.2656346183289802,-99.62072141664679,-78.24794360066383,0.0658101048574764,0.5586592178770999,0.0,0.04273504273504258,-0.03491067200038511,-0.04430571000549399,0.022459790169326182,5071.82319,-1124670.78790621,0.007919236259567697,1.1235955056179803,-2.0,0.08547008547008517,-0.06982479554774024,230889.74721169,2375374.1706393,0.09720142201830424,0.5586592178770999,False,True,rising,falling,sell_advantage_weakening,accelerating,neutral,False,True,False,pass,S0,🌱 초발사 준비,발사 구조 관찰 또는 초기 준비,S0,False,,,2026-09-06T18:10:00Z,34051589789-1
KRW-SONIC,2026-09-07T03:32:04.302321+09:00,1788719524,31.1,-66.44068110196642,8.0,0.0,0.0,,0,0.0,complete,,,4008062.55245519,5579048.9575665,-0.1638644135378118,30.6,31.4,2.614379084967311,1.6339869281045694,0.9554140127388444,37.5,complete_hourly_ordered,/v1/candles/minutes/60,120,False,8.275862068965512,29.0,2026-09-04T21:00:00,31.4,2026-09-06T22:00:00,D-1,0.9554140127388422,12.499999999999908,True,0.7100320659642501,23.219976426419862,,True,,,-100.0,0.009897073621317531,0.6472491909385258,0.0,0.04580852038478245,-0.03157338585638669,,,,-100.0,0.009897073621317531,0.6472491909385258,0.0,0.04580852038478245,-0.03157338585638669,,,,-100.0,0.009897073621317531,0.6472491909385258,0.0,0.04580852038478245,-0.03157338585638669,,,,-100.0,0.009897073621317531,0.6472491909385258,0.0,0.04580852038478245,-0.03157338585638669,,,-100.0,,0.08293011152350971,0.0,0.0,0.0,0.0,,,-100.0,,0.08293011152350971,0.0,0.0,0.0,0.0,,,0.0,-853403.83805049,0.009897073621317531,0.6472491909385258,0.0,0.04580852038478245,-0.03157338585638669,0,2566232.264340764,0.0,0.0,False,False,flat_or_na,falling,unavailable,accelerating,neutral,False,True,False,pass,S0,🌱 초발사 준비,발사 구조 관찰 또는 초기 준비,S0,False,,,2026-09-06T18:10:00Z,34051589789-1
KRW-SOON,2026-09-07T03:32:04.302321+09:00,1788719524,258.0,-46.168788181848655,1.0,11757.99999978,217188.24329208,0.05413736867868837,4,0.0,complete,1788718752604,1788719696206,389391.99238531,719537.27065489,-0.29771536316434266,261.0,267.0,2.298850574712641,-1.1494252873563204,3.3707865168539324,150.0,complete_hourly_ordered,/v1/candles/minutes/60,120,False,7.2289156626506035,249.0,2026-09-02T10:00:00,267.0,2026-09-06T09:00:00,D-1,3.3707865168539297,50.0,False,-0.12379301807377008,-2.2203921320199034,,False,,,,0.10665425794501004,-0.38610038610038533,0.0,-0.024758603614749575,0.022101216516765998,,,,,0.10665425794501004,-0.38610038610038533,0.0,-0.024758603614749575,0.022101216516765998,,,,,0.10665425794501004,-0.38610038610038533,0.0,-0.024758603614749575,0.022101216516765998,,,,,0.10665425794501004,-0.38610038610038533,0.0,-0.024758603614749575,0.022101216516765998,,0.05413736867868837,,-93.2121606262167,0.10714393575445769,-0.38610038610038533,0.0,-0.024758603614749575,0.022101216516765998,,0.05413736867868837,,-93.2121606262167,0.10714393575445769,-0.38610038610038533,0.0,-0.024758603614749575,0.022101216516765998,,,11757.99999978,217188.24329208,0.10665425794501004,-0.38610038610038533,0.0,-0.024758603614749575,0.022101216516765998,228946.24329186,1332602.1376084401,0.1718038991763433,-0.38610038610038533,False,False,rising,rising,sell_advantage_weakening,accelerating,neutral,False,False,False,pass,S0,🌱 초발사 준비,발사 구조 관찰 또는 초기 준비,S0,False,,,2026-09-06T18:10:00Z,34051589789-1
KRW-SOPH,2026-09-07T03:32:04.302321+09:00,1788719524,6.52,947.7912168899737,8.0,1298251.7437183284,3646623.759985764,0.35601472188164446,44,0.0,complete,1788718728056,1788719835747,15436071.83645993,13051434.68202527,0.08370817406877279,6.29,7.42,17.96502384737679,3.6565977742448297,12.12938005390836,79.64601769911506,complete_hourly_ordered,/v1/candles/minutes/60,120,False,42.98724954462658,5.49,2026-09-02T04:00:00,7.85,2026-09-02T10:00:00,D-4,17.452229299363054,58.05084745762711,False,1.6221490425661678,27.811471148847694,,True,-0.56581351930337,-29.5431533588843,82.4337787924793,0.2366929455420177,0.3076923076922977,0.0,0.024393218685214713,-0.015764755586221924,,-0.56581351930337,-29.5431533588843,82.4337787924793,0.2366929455420177,0.3076923076922977,0.0,0.024393218685214713,-0.015764755586221924,,-0.56581351930337,-29.5431533588843,82.4337787924793,0.2366929455420177,0.3076923076922977,0.0,0.024393218685214713,-0.015764755586221924,,-0.56581351930337,-29.5431533588843,82.4337787924793,0.2366929455420177,0.3076923076922977,0.0,0.024393218685214713,-0.015764755586221924,,-1.155263691356352,-75.12521068693128,5.593195483588764,0.4260311156502894,-0.911854103343468,0.0,-0.060983046713047884,0.0394089013086969,,-1.155263691356352,-75.12521068693128,5.593195483588764,0.4260311156502894,-0.911854103343468,0.0,-0.060983046713047884,0.0394089013086969,,-0.56581351930337,-544367.9669411641,1647748.4507515877,0.2366929455420177,0.3076923076922977,0.0,0.024393218685214713,-0.015764755586221924,4944875.503704092,27933730.296547286,0.1770216670386947,-0.911854103343468,False,True,falling,rising,sell_advantage_accelerating,accelerating,neutral,True,True,False,🔴 1차 급등 완료·상승분 반납 / 신규매수 금지,S3,🔴 1차 급등 완료·반납,당일/5D 급등 후 상승분 상당 부분 반납,S3,False,,,2026-09-06T18:10:00Z,34051589789-1
KRW-SPK,2026-09-07T03:32:04.302321+09:00,1788719524,30.2,404.347327347397,15.0,3349521.9167823517,7696925.62863378,0.4351765988645649,15,0.0,complete,1788719364821,1788719685309,5785187.44236587,5557439.57622784,0.02007893460348189,29.0,32.2,11.03448275862069,4.137931034482767,6.211180124223612,62.49999999999992,complete_hourly_ordered,/v1/candles/minutes/60,120,False,22.304832713754653,26.9,2026-09-02T20:00:00,32.9,2026-09-03T20:00:00,D-4,8.814589665653493,48.33333333333333,True,1.4046328240512551,4.915949396337588,2.340717211007511,True,0.4351765988645649,,355.4922083297246,0.5877486740258746,0.33222591362125353,0.0,0.024642681123721033,-0.02036093554191254,-0.014261022374171262,0.4351765988645649,,355.4922083297246,0.5877486740258746,0.33222591362125353,0.0,0.024642681123721033,-0.02036093554191254,-0.014261022374171262,0.4351765988645649,,355.4922083297246,0.5877486740258746,0.33222591362125353,0.0,0.024642681123721033,-0.02036093554191254,-0.014261022374171262,0.4351765988645649,,355.4922083297246,0.5877486740258746,0.33222591362125353,0.0,0.024642681123721033,-0.02036093554191254,-0.014261022374171262,-2.1235821899291834,-72.17609784797754,63.59945446465019,0.8604526277744071,0.0,0.0,0.0,0.0,0.0,-2.1235821899291834,-72.17609784797754,63.59945446465019,0.8604526277744071,0.0,0.0,0.0,0.0,0.0,0.4351765988645649,3349521.9167823517,6007121.612697227,0.5877486740258746,0.33222591362125353,0.0,0.024642681123721033,-0.02036093554191254,11046447.545416132,12260200.123904258,0.9010005900212331,0.0,False,True,rising,rising,sell_advantage_weakening,accelerating,leading_buy_inflow,False,True,False,pass,S0,🌱 초발사 준비,발사 구조 관찰 또는 초기 준비,S0,False,,,2026-09-06T18:10:00Z,34051589789-1
KRW-SPX,2026-09-07T03:32:04.302321+09:00,1788719524,770.0,,,0.0,0.0,,0,0.0,complete,,,113317.22823998,84933.19428902,0.14317262777489412,817.0,830.0,1.591187270501826,-5.7527539779681724,7.228915662650602,461.53846153846354,complete_hourly_ordered,/v1/candles/minutes/60,120,False,29.469273743016757,716.0,2026-09-03T09:00:00,927.0,2026-09-04T18:00:00,D-3,16.936353829557717,74.40758293838863,False,,,,True,,,,,0.0,,,,,,,,,0.0,,,,,,,,,0.0,,,,,,,,,0.0,,,,,,,-100.0,,0.13003901170351995,,,,,,,-100.0,,0.13003901170351995,,,,,,0.0,0.0,,0.0,,,,0,2296356.80977976,0.0,0.13003901170351995,False,False,flat_or_na,flat_or_na,unavailable,flat_or_na,neutral,True,True,False,🔴 1차 급등 완료·상승분 반납 / 신규매수 금지,S3,🔴 1차 급등 완료·반납,당일/5D 급등 후 상승분 상당 부분 반납,S3,False,,,2026-09-06T18:10:00Z,34051589789-1
KRW-STEEM,2026-09-07T03:32:04.302321+09:00,1788719524,62.5,225.20506007142077,13.0,0.0,0.0,,0,0.0,complete,,,827475.42414602,776775.90955413,0.031603224212351594,63.2,63.4,0.31645569620253333,-1.1075949367088667,1.419558359621449,450.0,complete_hourly_ordered,/v1/candles/minutes/60,120,False,8.934707903780058,58.2,2026-09-03T08:00:00,63.4,2026-09-06T09:00:00,D-1,1.4195583596214534,17.307692307692257,False,0.22888283378745822,3.923105051454835,4.041828089842892,True,,-100.0,-100.0,0.0,0.0,0.0,0.0,0.0,0.0,,-100.0,-100.0,0.0,0.0,0.0,0.0,0.0,0.0,,-100.0,-100.0,0.0,0.0,0.0,0.0,0.0,0.0,,-100.0,-100.0,0.0,0.0,0.0,0.0,0.0,0.0,,-100.0,,0.29607775871807007,0.1602564102564097,0.0,0.01089918256129696,-0.009193077079475032,-0.01716004760262635,,-100.0,,0.29607775871807007,0.1602564102564097,0.0,0.01089918256129696,-0.009193077079475032,-0.01716004760262635,,-1132509.8527812501,-1725875.14721875,0.0,0.0,0.0,0.0,0.0,0,3153819.0193082774,0.0,0.1602564102564097,False,True,falling,falling,unavailable,flat_or_na,neutral,False,False,False,pass,S0,🌱 초발사 준비,발사 구조 관찰 또는 초기 준비,S1,True,발사 구조 관찰 또는 초기 준비,2026-09-07T03:32:04.302321+09:00,2026-09-06T18:10:00Z,34051589789-1
KRW-STORJ,2026-09-07T03:32:04.302321+09:00,1788719524,75.0,-78.09461426244148,6.0,168054.988495392,5927773.810585172,0.028350438776070998,12,0.0,complete,1788718798663,1788719514391,1980442.09562844,2192400.3637634,-0.05079469694761764,78.0,78.0,0.0,-3.8461538461538436,3.8461538461538463,,complete_hourly_ordered,/v1/candles/minutes/60,120,False,30.75780089153046,67.3,2026-09-02T19:00:00,88.0,2026-09-03T09:00:00,D-4,14.77272727272727,62.80193236714974,False,1.81818181818183,34.95475557020538,,True,0.009077953908286685,210.08837509215823,110.79650878926066,0.014520812948290995,0.0,0.0,-0.009828009827983486,0.005767970142578349,,0.009077953908286685,210.08837509215823,110.79650878926066,0.014520812948290995,0.0,0.0,-0.009828009827983486,0.005767970142578349,,0.009077953908286685,210.08837509215823,110.79650878926066,0.014520812948290995,0.0,0.0,-0.009828009827983486,0.005767970142578349,,0.009077953908286685,210.08837509215823,110.79650878926066,0.014520812948290995,0.0,0.0,-0.009828009827983486,0.005767970142578349,,-1.1927656304138552,-89.4898809287445,352.69406192902056,0.033779355722785454,-0.26595744680851796,0.0,-0.01965601965601138,0.011535849751133753,,-1.1927656304138552,-89.4898809287445,352.69406192902056,0.033779355722785454,-0.26595744680851796,0.0,-0.01965601965601138,0.011535849751133753,,0.009077953908286685,113859.152084096,3115690.325601396,0.014520812948290995,0.0,0.0,-0.009828009827983486,0.005767970142578349,6095828.799080564,21085425.161362924,0.28910153589174964,-0.26595744680851796,False,False,rising,rising,sell_advantage_weakening,accelerating,leading_buy_inflow,True,True,False,🔴 1차 급등 완료·상승분 반납 / 신규매수 금지,S3,🔴 1차 급등 완료·반납,당일/5D 급등 후 상승분 상당 부분 반납,S3,False,,,2026-09-06T18:10:00Z,34051589789-1
KRW-STRAX,2026-09-07T03:32:04.302321+09:00,1788719524,13.2,-59.45586913267762,8.0,5017.99999998,0.0,,1,0.0,complete,1788719125346,1788719125346,24184567.87299826,48164985.51424355,-0.331452186206225,13.2,13.5,2.2727272727272707,0.0,2.2222222222222276,100.0,complete_hourly_ordered,/v1/candles/minutes/60,120,False,7.14285714285714,12.6,2026-09-02T20:00:00,13.5,2026-09-06T11:00:00,D-1,2.2222222222222254,33.33333333333323,False,0.3062787136294043,11.326714801444046,,True,,,,0.09515922235880936,0.0,0.0,0.0,0.0,,,,,0.09515922235880936,0.0,0.0,0.0,0.0,,,,,0.09515922235880936,0.0,0.0,0.0,0.0,,,,,0.09515922235880936,0.0,0.0,0.0,0.0,,,-89.95978521718314,-100.0,0.13425222124928382,0.7633587786259444,0.0,0.05104645227156368,-0.04012673970787084,,,-89.95978521718314,-100.0,0.13425222124928382,0.7633587786259444,0.0,0.05104645227156368,-0.04012673970787084,,,5017.99999998,0.0,0.09515922235880936,0.0,0.0,0.0,0.0,5017.99999998,2331992.111221657,0.002151808308369975,0.7633587786259444,False,False,rising,flat_or_na,buy_only,accelerating,neutral,False,True,False,pass,S0,🌱 초발사 준비,발사 구조 관찰 또는 초기 준비,S0,False,,,2026-09-06T18:10:00Z,34051589789-1
KRW-STX,2026-09-07T03:32:04.302321+09:00,1788719524,366.0,-32.10196400840376,9.0,9294401.55983111,122008.97501999,76.17801525099536,22,0.0,complete,1788718672659,1788719557083,2196928.54556205,1407457.79191332,0.2190305588056637,368.0,373.0,1.3586956521739024,-0.5434782608695676,1.876675603217158,140.00000000000048,complete_hourly_ordered,/v1/candles/minutes/60,120,False,13.450292397660824,342.0,2026-09-02T10:00:00,388.0,2026-09-03T13:00:00,D-4,5.670103092783507,47.82608695652176,True,1.245926777841655,-27.0245896711357,,True,74.81957475028939,-64.54485283111704,-99.36774792945171,0.10524288553940409,1.104972375690605,0.0,0.07667241709792272,-0.08093023995296988,,74.81957475028939,-64.54485283111704,-99.36774792945171,0.10524288553940409,1.104972375690605,0.0,0.07667241709792272,-0.08093023995296988,,74.81957475028939,-64.54485283111704,-99.36774792945171,0.10524288553940409,1.104972375690605,0.0,0.07667241709792272,-0.08093023995296988,,74.81957475028939,-64.54485283111704,-99.36774792945171,0.10524288553940409,1.104972375690605,0.0,0.07667241709792272,-0.08093023995296988,,74.82172477190568,121.84096698268397,-96.05029363919098,0.28372133040570446,0.8264462809917328,0.0,0.05750431282345314,-0.06069585518403997,,74.82172477190568,121.84096698268397,-96.05029363919098,0.28372133040570446,0.8264462809917328,0.0,0.05750431282345314,-0.06069585518403997,,74.81957475028939,-16920132.30053965,-19175511.856217965,0.10524288553940409,1.104972375690605,0.0,0.07667241709792272,-0.08093023995296988,9416410.5348511,72780584.69138321,0.12938080361376852,0.8264462809917328,False,False,falling,falling,buy_advantage_accelerating,accelerating,neutral,False,True,False,pass,S0,🌱 초발사 준비,발사 구조 관찰 또는 초기 준비,S0,False,,,2026-09-06T18:10:00Z,34051589789-1
KRW-SUI,2026-09-07T03:32:04.302321+09:00,1788719524,1089.0,29.263368340121264,9.0,1568306.00790853,10635636.835533958,0.14745764942525832,16,0.0,complete,1788718688483,1788719730234,466720.1380834,445978.79523126,0.022725284422995182,1086.0,1110.0,2.20994475138121,0.2762430939226457,1.891891891891892,87.50000000000026,complete_hourly_ordered,/v1/candles/minutes/60,120,False,14.55108359133126,969.0,2026-09-02T19:00:00,1110.0,2026-09-06T11:00:00,D-1,1.981981981981984,15.60283687943261,False,-0.16398612425102543,9.189871420683133,,False,-0.9783118943426911,-95.67553974738823,-66.98478739759783,0.06443791234083207,0.6469500924214389,0.0,0.037842951750244325,-0.030515696448860652,,-0.9783118943426911,-95.67553974738823,-66.98478739759783,0.06443791234083207,0.6469500924214389,0.0,0.037842951750244325,-0.030515696448860652,,-0.9783118943426911,-95.67553974738823,-66.98478739759783,0.06443791234083207,0.6469500924214389,0.0,0.037842951750244325,-0.030515696448860652,,-0.9783118943426911,-95.67553974738823,-66.98478739759783,0.06443791234083207,0.6469500924214389,0.0,0.037842951750244325,-0.030515696448860652,,-1.4467837643899437,-97.17757294165294,-69.48527172766154,0.4996960046193415,-0.09174311926605228,0.0,0.0,0.0,,-1.4467837643899437,-97.17757294165294,-69.48527172766154,0.4996960046193415,-0.09174311926605228,0.0,0.0,0.0,,-0.9783118943426911,-34697630.46269137,-21578715.268199325,0.06443791234083207,0.6469500924214389,0.0,0.037842951750244325,-0.030515696448860652,12203942.843442488,165630626.49106944,0.07368168014567347,-0.09174311926605228,False,False,falling,falling,sell_advantage_accelerating,accelerating,neutral,False,False,False,pass,S0,🌱 초발사 준비,발사 구조 관찰 또는 초기 준비,S0,False,,,2026-09-06T18:10:00Z,34051589789-1
KRW-SUN,2026-09-07T03:32:04.302321+09:00,1788719524,22.9,-42.230151667313166,4.0,0.0,0.0,,0,0.0,complete,,,1726205.87693661,4085834.54155388,-0.4059897204276697,23.0,23.1,0.43478260869564966,-0.43478260869566077,0.8658008658008781,200.0000000000026,complete_hourly_ordered,/v1/candles/minutes/60,120,False,5.4794520547945424,21.9,2026-09-02T19:00:00,23.1,2026-09-06T01:00:00,D-1,0.8658008658008809,16.666666666666803,False,-0.4296763105127388,11.611201169702154,,False,,-100.0,-100.0,0.25897644528082253,0.0,0.0,0.0,0.0,,,-100.0,-100.0,0.25897644528082253,0.0,0.0,0.0,0.0,,,-100.0,-100.0,0.25897644528082253,0.0,0.0,0.0,0.0,,,-100.0,-100.0,0.25897644528082253,0.0,0.0,0.0,0.0,,,,-100.0,0.35387676821289205,0.0,0.0,0.0,0.0,,,,-100.0,0.35387676821289205,0.0,0.0,0.0,0.0,,,-228258.727,-1409330.807912452,0.25897644528082253,0.0,0.0,0.0,0.0,0,448619.4649448,0.0,0.0,False,False,falling,falling,unavailable,accelerating,neutral,False,False,False,pass,S0,🌱 초발사 준비,발사 구조 관찰 또는 초기 준비,S0,False,,,2026-09-06T18:10:00Z,34051589789-1
KRW-SUPER,2026-09-07T03:32:04.302321+09:00,1788719524,161.0,-17.82911601269539,9.0,0.0,0.0,,0,0.0,complete,,,683113.39598854,744808.24640157,-0.043206047573985086,159.0,164.0,3.1446540880503138,1.2578616352201255,1.8292682926829267,60.0,complete_hourly_ordered,/v1/candles/minutes/60,120,False,13.103448275862073,145.0,2026-09-03T04:00:00,164.0,2026-09-06T16:00:00,D-1,1.8292682926829285,15.789473684210547,False,1.1319111885067512,-8.907641819034238,,False,,,,0.13296258172410447,0.0,0.0,0.0,0.0,,,,,0.13296258172410447,0.0,0.0,0.0,0.0,,,,,0.13296258172410447,0.0,0.0,0.0,0.0,,,,,0.13296258172410447,0.0,0.0,0.0,0.0,,,,,0.3332206347046345,0.6250000000000089,0.0,0.04353504571179556,-0.04050239454849702,,,,,0.3332206347046345,0.6250000000000089,0.0,0.04353504571179556,-0.04050239454849702,,,0.0,0.0,0.13296258172410447,0.0,0.0,0.0,0.0,0,572847.9999991399,0.0,0.6250000000000089,False,False,flat_or_na,flat_or_na,unavailable,accelerating,neutral,False,False,False,pass,S0,🌱 초발사 준비,발사 구조 관찰 또는 초기 준비,S0,False,,,2026-09-06T18:10:00Z,34051589789-1
KRW-SYRUP,2026-09-07T03:32:04.302321+09:00,1788719524,301.0,220.40603836508586,9.0,201048.20276392,0.0,,7,0.0,complete,1788719376985,1788719737093,533796.72165692,540589.54340531,-0.00632251357755074,292.0,301.0,3.082191780821919,3.082191780821919,0.0,0.0,complete_hourly_ordered,/v1/candles/minutes/60,120,False,23.461538461538467,260.0,2026-09-02T10:00:00,321.0,2026-09-05T02:00:00,D-2,6.230529595015577,32.7868852459016,False,0.9160683337459785,-9.191976693567302,,False,,-87.64726321831945,-100.0,0.08415754227371508,1.6891891891891886,-1.0,0.12379301807379228,-0.11568223312119841,,,-87.64726321831945,-100.0,0.08415754227371508,1.6891891891891886,-1.0,0.12379301807379228,-0.11568223312119841,,,-87.64726321831945,-100.0,0.08415754227371508,1.6891891891891886,-1.0,0.12379301807379228,-0.11568223312119841,,,-87.64726321831945,-100.0,0.08415754227371508,1.6891891891891886,-1.0,0.12379301807379228,-0.11568223312119841,,,-92.05608323146618,,0.9384416058762213,1.6891891891891886,-1.0,0.12379301807379228,-0.11568223312119841,,,-92.05608323146618,,0.9384416058762213,1.6891891891891886,-1.0,0.12379301807379228,-0.11568223312119841,,,-1426511.79723608,-2718950.2389106997,0.08415754227371508,1.6891891891891886,-1.0,0.12379301807379228,-0.11568223312119841,201048.20276392,4890620.689652001,0.04110893392106962,1.6891891891891886,False,True,falling,falling,buy_only,accelerating,neutral,False,False,False,pass,S0,🌱 초발사 준비,발사 구조 관찰 또는 초기 준비,S0,False,,,2026-09-06T18:10:00Z,34051589789-1
KRW-T,2026-09-07T03:32:04.302321+09:00,1788719524,6.16,10064.345318275144,12.0,0.0,7667593.759305133,0.0,11,0.0,complete,1788719167702,1788719634563,26376880.28141344,34545948.04711777,-0.13408878067268942,5.9,6.79,15.08474576271186,4.406779661016946,9.278350515463917,70.7865168539326,complete_hourly_ordered,/v1/candles/minutes/60,120,False,69.61770623742456,4.97,2026-09-02T06:00:00,8.43,2026-09-02T20:00:00,D-4,26.927639383155388,65.60693641618496,False,1.1526670754138602,7.177719952176667,5.087193905995901,False,-1.2874741320023733,-100.0,-20.921593580861988,2.831939479943685,-0.3236245954692518,0.0,-0.012262415695896145,0.009946800381905874,0.014202462296465157,-1.2874741320023733,-100.0,-20.921593580861988,2.831939479943685,-0.3236245954692518,0.0,-0.012262415695896145,0.009946800381905874,0.014202462296465157,-1.2874741320023733,-100.0,-20.921593580861988,2.831939479943685,-0.3236245954692518,0.0,-0.012262415695896145,0.009946800381905874,0.014202462296465157,-1.2874741320023733,-100.0,-20.921593580861988,2.831939479943685,-0.3236245954692518,0.0,-0.012262415695896145,0.009946800381905874,0.014202462296465157,-0.8834256196877422,-100.0,-50.19874405384783,5.900133141871265,-0.9646302250803762,0.0,-0.02452483139179229,0.019893320954526672,0.02836458971300715,-0.8834256196877422,-100.0,-50.19874405384783,5.900133141871265,-0.9646302250803762,0.0,-0.02452483139179229,0.019893320954526672,0.02836458971300715,-1.2874741320023733,-12483595.79666375,-2028597.788441427,2.831939479943685,-0.3236245954692518,0.0,-0.012262415695896145,0.009946800381905874,7667593.759305133,57256199.42605811,0.13391726723334524,-0.9646302250803762,False,True,falling,falling,sell_only,accelerating,neutral,True,True,False,🔴 1차 급등 완료·상승분 반납 / 신규매수 금지,S3,🔴 1차 급등 완료·반납,당일/5D 급등 후 상승분 상당 부분 반납,S2,True,당일/5D 급등 후 상승분 상당 부분 반납,2026-09-07T03:32:04.302321+09:00,2026-09-06T18:10:00Z,34051589789-1
KRW-TAIKO,2026-09-07T03:32:04.302321+09:00,1788719524,111.0,411.55006115941785,8.0,5099.99999934,0.0,,1,0.0,complete,1788719382218,1788719382218,1869537.88280222,4294016.79494195,-0.3933572490066847,108.0,114.0,5.555555555555558,2.777777777777768,2.631578947368421,50.0000000000002,complete_hourly_ordered,/v1/candles/minutes/60,120,False,15.999999999999993,100.0,2026-09-02T19:00:00,116.0,2026-09-04T19:00:00,D-3,4.31034482758621,31.2499999999999,False,0.45158376878911,17.773641200311562,,False,,-75.01592122978012,,0.12169095898195792,0.0,0.0,0.0,0.0,,,-75.01592122978012,,0.12169095898195792,0.0,0.0,0.0,0.0,,,-75.01592122978012,,0.12169095898195792,0.0,0.0,0.0,0.0,,,-75.01592122978012,,0.12169095898195792,0.0,0.0,0.0,0.0,,,-99.95126398178097,-100.0,0.3479872710351515,0.0,0.0,0.0,0.0,,,-99.95126398178097,-100.0,0.3479872710351515,0.0,0.0,0.0,0.0,,,-15313.00000056,0.0,0.12169095898195792,0.0,0.0,0.0,0.0,5099.99999934,4128873.55443734,0.0012352037261734454,0.0,False,True,falling,flat_or_na,buy_only,accelerating,neutral,False,True,False,pass,S0,🌱 초발사 준비,발사 구조 관찰 또는 초기 준비,S0,False,,,2026-09-06T18:10:00Z,34051589789-1
KRW-TAO,2026-09-07T03:32:04.302321+09:00,1788719524,353200.0,38.487673939917165,13.0,35396898.982848,38709620.14668301,0.9144212433167245,81,0.0,complete,1788718652347,1788719756967,463.1747904,617.69404436,-0.14295837662329308,322300.0,354000.0,9.835556934533042,9.587340986658388,0.22598870056497175,2.5236593059937173,complete_hourly_ordered,/v1/candles/minutes/60,120,False,19.75642760487144,295600.0,2026-09-02T20:00:00,354000.0,2026-09-07T03:00:00,D0,0.8474576271186418,5.136986301369872,False,1.0144443516740376,1.8728091630527626,2.5160299443249627,False,-1.1847625179132755,-58.437218236981344,-4.586734848792851,5.322713529419687,2.3174971031286296,1.0,0.2170827419220256,-0.1850606615326651,-0.39328297264241696,-1.1847625179132755,-58.437218236981344,-4.586734848792851,5.322713529419687,2.3174971031286296,1.0,0.2170827419220256,-0.1850606615326651,-0.39328297264241696,-1.1847625179132755,-58.437218236981344,-4.586734848792851,5.322713529419687,2.3174971031286296,1.0,0.2170827419220256,-0.1850606615326651,-0.39328297264241696,-1.1847625179132755,-58.437218236981344,-4.586734848792851,5.322713529419687,2.3174971031286296,1.0,0.2170827419220256,-0.1850606615326651,-0.39328297264241696,-0.926395678753106,144.8096402700398,392.8250866748808,7.745399470415858,4.035346097201775,0.0,0.3318861150538588,-0.28296873756136254,-0.6184745546787576,-0.926395678753106,144.8096402700398,392.8250866748808,7.745399470415858,4.035346097201775,0.0,0.3318861150538588,-0.28296873756136254,-0.6184745546787576,-1.1847625179132755,-49767994.899069995,-1860860.3680939898,5.322713529419687,2.3174971031286296,1.0,0.2170827419220256,-0.1850606615326651,74106519.12953101,14783522.167666,5.012778300668713,4.035346097201775,False,False,falling,falling,sell_advantage_accelerating,accelerating,neutral,False,False,False,pass,S0,🌱 초발사 준비,발사 구조 관찰 또는 초기 준비,S2,True,발사 구조 관찰 또는 초기 준비,2026-09-07T03:32:04.302321+09:00,2026-09-06T18:10:00Z,34051589789-1
KRW-TFUEL,2026-09-07T03:32:04.302321+09:00,1788719524,13.0,-71.23620369845833,12.0,0.0,0.0,,0,0.0,complete,,,4962265.04192672,25385608.06234859,-0.6729744437195732,13.0,13.1,0.7692307692307665,0.0,0.7633587786259515,100.0,complete_hourly_ordered,/v1/candles/minutes/60,120,False,10.084033613445364,11.9,2026-09-02T05:00:00,13.1,2026-09-06T09:00:00,D-1,0.7633587786259555,8.333333333333316,False,0.6413682522715236,0.5676567656765579,0.5428470095249804,False,,,,0.011844373355557991,0.0,0.0,0.0,0.0,0.0,,,,0.011844373355557991,0.0,0.0,0.0,0.0,0.0,,,,0.011844373355557991,0.0,0.0,0.0,0.0,0.0,,,,0.011844373355557991,0.0,0.0,0.0,0.0,0.0,,-100.0,-100.0,0.09011285336542585,0.0,0.0,0.0,0.0,0.0,,-100.0,-100.0,0.09011285336542585,0.0,0.0,0.0,0.0,0.0,,0.0,0.0,0.011844373355557991,0.0,0.0,0.0,0.0,0,554044.292190142,0.0,0.0,False,True,flat_or_na,flat_or_na,unavailable,accelerating,neutral,False,False,False,pass,S0,🌱 초발사 준비,발사 구조 관찰 또는 초기 준비,S0,False,,,2026-09-06T18:10:00Z,34051589789-1
KRW-THETA,2026-09-07T03:32:04.302321+09:00,1788719524,251.0,-22.46811710567843,7.0,0.0,0.0,,0,0.0,complete,,,375428.92127708,434577.16261246,-0.07302197170095077,245.0,254.0,3.6734693877551017,2.448979591836742,1.1811023622047243,33.33333333333313,complete_hourly_ordered,/v1/candles/minutes/60,120,False,11.403508771929815,228.0,2026-09-02T22:00:00,254.0,2026-09-07T00:00:00,D0,1.1811023622047223,11.53846153846147,False,-0.27382256297918683,-4.344089102173842,,False,,-100.0,,0.21505326480610876,-0.3968253968253954,0.0,-0.027382256297914243,0.0249124735316526,,,-100.0,,0.21505326480610876,-0.3968253968253954,0.0,-0.027382256297914243,0.0249124735316526,,,-100.0,,0.21505326480610876,-0.3968253968253954,0.0,-0.027382256297914243,0.0249124735316526,,,-100.0,,0.21505326480610876,-0.3968253968253954,0.0,-0.027382256297914243,0.0249124735316526,,,-100.0,,0.5912265461696542,-1.1811023622047223,0.0,-0.08214676889375383,0.07473206806178023,,,-100.0,,0.5912265461696542,-1.1811023622047223,0.0,-0.08214676889375383,0.07473206806178023,,,-5099.99999796,0.0,0.21505326480610876,-0.3968253968253954,0.0,-0.027382256297914243,0.0249124735316526,0,1017408.191516995,0.0,-1.1811023622047223,False,False,falling,flat_or_na,unavailable,accelerating,neutral,False,False,False,pass,S0,🌱 초발사 준비,발사 구조 관찰 또는 초기 준비,S0,False,,,2026-09-06T18:10:00Z,34051589789-1
KRW-TIA,2026-09-07T03:32:04.302321+09:00,1788719524,544.0,53.15977993741712,10.0,881572.24287212,966337.4049772399,0.9122820231644491,16,0.0,complete,1788718678901,1788719828230,123641.92311065,95471.50649949,0.1285654496909775,517.0,553.0,6.963249516441006,5.222437137330749,1.62748643761302,25.000000000000078,complete_hourly_ordered,/v1/candles/minutes/60,120,False,16.666666666666675,474.0,2026-09-04T21:00:00,553.0,2026-09-06T20:00:00,D-1,1.2658227848101222,8.86075949367098,True,0.43478260869564966,8.3574826822049,,True,0.09715065236023068,8715.722432776432,7776.91933940827,0.8213676245578441,0.7407407407407307,1.0,0.06793478260869179,-0.05489100820488346,,0.09715065236023068,8715.722432776432,7776.91933940827,0.8213676245578441,0.7407407407407307,1.0,0.06793478260869179,-0.05489100820488346,,0.09715065236023068,8715.722432776432,7776.91933940827,0.8213676245578441,0.7407407407407307,1.0,0.06793478260869179,-0.05489100820488346,,0.09715065236023068,8715.722432776432,7776.91933940827,0.8213676245578441,0.7407407407407307,1.0,0.06793478260869179,-0.05489100820488346,,-4.541812813538192,1334.5547241741895,8476.511775323483,0.9201825616415249,0.36900369003689537,1.0,0.040760869565215074,-0.03293358410635605,,-4.541812813538192,1334.5547241741895,8476.511775323483,0.9201825616415249,0.36900369003689537,1.0,0.040760869565215074,-0.03293358410635605,,0.09715065236023068,871572.24287672,954069.4438195999,0.8213676245578441,0.7407407407407307,1.0,0.06793478260869179,-0.05489100820488346,1847909.64784936,1403113.3011535802,1.3170067209327194,0.36900369003689537,False,False,rising,rising,sell_advantage_weakening,accelerating,neutral,False,False,False,pass,S0,🌱 초발사 준비,발사 구조 관찰 또는 초기 준비,S0,False,,,2026-09-06T18:10:00Z,34051589789-1
KRW-TOKAMAK,2026-09-07T03:32:04.302321+09:00,1788719524,442.0,-24.71869010787898,5.0,0.0,0.0,,0,0.0,complete,,,167668.25579413,200017.6812336,-0.08798113330352982,448.0,449.0,0.22321428571427937,-1.3392857142857095,1.55902004454343,700.0000000000149,complete_hourly_ordered,/v1/candles/minutes/60,120,False,7.838479809976251,421.0,2026-09-02T11:00:00,454.0,2026-09-04T00:00:00,D-3,2.643171806167399,36.363636363636466,False,0.0768285187461526,20.991098912763274,,True,,,-100.0,0.31230398754382804,0.0,0.0,0.0,0.0,,,,-100.0,0.31230398754382804,0.0,0.0,0.0,0.0,,,,-100.0,0.31230398754382804,0.0,0.0,0.0,0.0,,,,-100.0,0.31230398754382804,0.0,0.0,0.0,0.0,,,-100.0,,0.48049419747914257,-0.8968609865470878,0.0,-0.06146281499692652,0.04372889562933224,,,-100.0,,0.48049419747914257,-0.8968609865470878,0.0,-0.06146281499692652,0.04372889562933224,,,0.0,-2800179.718911,0.31230398754382804,0.0,0.0,0.0,0.0,0,1561529.6727825599,0.0,-0.8968609865470878,False,False,flat_or_na,falling,unavailable,accelerating,neutral,False,False,False,pass,S0,🌱 초발사 준비,발사 구조 관찰 또는 초기 준비,S0,False,,,2026-09-06T18:10:00Z,34051589789-1
KRW-TOSHI,2026-09-07T03:32:04.302321+09:00,1788719524,0.172,125.70367716802542,13.0,3156988.831560333,13897470.359052718,0.22716283971088966,27,0.0,complete,1788718825753,1788719746713,583131715.6840215,834241785.9499205,-0.17716577174359507,0.165,0.173,4.848484848484835,4.242424242424225,0.5780346820809255,12.500000000000114,complete_hourly_ordered,/v1/candles/minutes/60,120,False,9.493670886075932,0.158,2026-09-03T13:00:00,0.173,2026-09-07T02:00:00,D0,1.156069364161838,13.333333333333186,False,0.03891050583659794,6.822506115792323,12.097101729011781,False,-6.809857930933586,-89.9459088559608,211.4543219331173,5.650994687538045,1.1764705882352677,0.0,0.03891050583659794,-0.03202204077906856,-0.19638072483829028,-6.809857930933586,-89.9459088559608,211.4543219331173,5.650994687538045,1.1764705882352677,0.0,0.03891050583659794,-0.03202204077906856,-0.19638072483829028,-6.809857930933586,-89.9459088559608,211.4543219331173,5.650994687538045,1.1764705882352677,0.0,0.03891050583659794,-0.03202204077906856,-0.19638072483829028,-6.809857930933586,-89.9459088559608,211.4543219331173,5.650994687538045,1.1764705882352677,0.0,0.03891050583659794,-0.03202204077906856,-0.19638072483829028,-0.16208396694336094,212.26367051667984,435.0683093125904,14.095549165442208,2.9940119760478945,0.0,0.15564202334631405,-0.12810557428470837,-0.8136727822343257,-0.16208396694336094,212.26367051667984,435.0683093125904,14.095549165442208,2.9940119760478945,0.0,0.15564202334631405,-0.12810557428470837,-0.8136727822343257,-6.809857930933586,-28243053.065135874,9435348.827781398,5.650994687538045,1.1764705882352677,0.0,0.03891050583659794,-0.03202204077906856,17054459.19061305,1359913.6498478865,12.540839775025923,2.9940119760478945,False,True,falling,rising,sell_advantage_accelerating,accelerating,neutral,False,False,False,pass,S0,🌱 초발사 준비,발사 구조 관찰 또는 초기 준비,S2,True,발사 구조 관찰 또는 초기 준비,2026-09-07T03:32:04.302321+09:00,2026-09-06T18:10:00Z,34051589789-1
KRW-TRAC,2026-09-07T03:32:04.302321+09:00,1788719524,466.0,,,0.0,1648268.18939622,0.0,16,0.0,complete,1788719237038,1788719333021,118401.77480979,210300.34006018,-0.2795800851075868,447.0,479.0,7.158836689038028,4.250559284116329,2.7139874739039667,40.625000000000014,complete_hourly_ordered,/v1/candles/minutes/60,120,False,10.36866359447004,434.0,2026-09-06T02:00:00,479.0,2026-09-06T22:00:00,D-1,2.713987473903967,28.888888888888935,False,,,,False,,-100.0,,,0.0,,,,,,-100.0,,,0.0,,,,,,-100.0,,,0.0,,,,,,-100.0,,,0.0,,,,,-1.8484449243945287,-100.0,295.5527212373938,,0.21505376344086446,,,,,-1.8484449243945287,-100.0,295.5527212373938,,0.21505376344086446,,,,,,-1004518.2498733602,1648268.18939622,,0.0,,,,1648268.18939622,1099650.9922256551,1.4989011977883846,0.21505376344086446,False,False,falling,rising,sell_only,flat_or_na,neutral,False,False,False,pass,S0,🌱 초발사 준비,발사 구조 관찰 또는 초기 준비,S0,False,,,2026-09-06T18:10:00Z,34051589789-1
KRW-TREE,2026-09-07T03:32:04.302321+09:00,1788719524,58.7,-61.56950467047562,8.0,448380.793624979,246504.673086738,1.8189545374955487,5,0.0,complete,1788718648016,1788719464445,1109083.86519021,1878948.26168268,-0.2576493035562398,58.3,59.5,2.0583190394511286,0.6861063464837169,1.3445378151260456,66.6666666666663,complete_hourly_ordered,/v1/candles/minutes/60,120,False,11.007462686567159,53.6,2026-09-02T06:00:00,59.5,2026-09-06T22:00:00,D-1,1.3445378151260456,13.559322033898344,False,0.6266896043253922,17.646763042111886,,True,1.6446937020531218,-20.236820175054994,-92.35846852281571,0.12245268968384693,0.8591065292096189,0.0,0.0,0.0,,1.6446937020531218,-20.236820175054994,-92.35846852281571,0.12245268968384693,0.8591065292096189,0.0,0.0,0.0,,1.6446937020531218,-20.236820175054994,-92.35846852281571,0.12245268968384693,0.8591065292096189,0.0,0.0,0.0,,1.6446937020531218,-20.236820175054994,-92.35846852281571,0.12245268968384693,0.8591065292096189,0.0,0.0,0.0,,1.6855792807956076,-80.08099798341838,-98.5394346299462,0.217210455482153,0.5136986301369939,0.0,-0.03686409437209104,0.027062967947493632,,1.6855792807956076,-80.08099798341838,-98.5394346299462,0.217210455482153,0.5136986301369939,0.0,-0.03686409437209104,0.027062967947493632,,1.6446937020531218,-113759.27477379004,-2979349.644503124,0.12245268968384693,0.8591065292096189,0.0,0.0,0.0,694885.466711717,8933260.79911597,0.07778631815836859,0.5136986301369939,False,False,falling,falling,buy_advantage_accelerating,accelerating,neutral,False,False,False,pass,S0,🌱 초발사 준비,발사 구조 관찰 또는 초기 준비,S0,False,,,2026-09-06T18:10:00Z,34051589789-1
KRW-TRUMP,2026-09-07T03:32:04.302321+09:00,1788719524,3159.0,-66.3156075641965,7.0,28707421.83850584,11763293.26633013,2.4404238837328487,67,0.0,complete,1788718645348,1788719634293,136783.3933219,53342.84601539,0.43886918290370114,3236.0,3294.0,1.792336217552526,-2.3794808405438794,4.098360655737705,232.75862068965566,complete_hourly_ordered,/v1/candles/minutes/60,120,False,16.081081081081084,2960.0,2026-09-03T02:00:00,3436.0,2026-09-04T02:00:00,D-3,7.974388824214207,57.56302521008409,True,-0.23845306081554662,-23.828829389013933,,True,2.0947080621151066,10.859401924332168,-84.29541299124678,0.027139345333253573,0.6371455877667964,0.0,-0.006011421701235253,0.006306645209921413,,2.0947080621151066,10.859401924332168,-84.29541299124678,0.027139345333253573,0.6371455877667964,0.0,-0.006011421701235253,0.006306645209921413,,2.0947080621151066,10.859401924332168,-84.29541299124678,0.027139345333253573,0.6371455877667964,0.0,-0.006011421701235253,0.006306645209921413,,2.0947080621151066,10.859401924332168,-84.29541299124678,0.027139345333253573,0.6371455877667964,0.0,-0.006011421701235253,0.006306645209921413,,0.19855077708386037,-48.45873553669313,-52.65208824860855,0.0701174220729115,-0.12646221941194913,0.0,-0.02404568680492991,0.025225874994823982,,0.19855077708386037,-48.45873553669313,-52.65208824860855,0.0701174220729115,-0.12646221941194913,0.0,-0.02404568680492991,0.025225874994823982,,2.0947080621151066,2812079.323398024,-63140257.268132545,0.027139345333253573,0.6371455877667964,0.0,-0.006011421701235253,0.006306645209921413,40470715.10483597,337541315.42507005,0.11989855243015418,-0.12646221941194913,False,False,rising,falling,buy_advantage_accelerating,accelerating,neutral,False,True,False,pass,S0,🌱 초발사 준비,발사 구조 관찰 또는 초기 준비,S3,True,발사 구조 관찰 또는 초기 준비,2026-09-07T03:32:04.302321+09:00,2026-09-06T18:10:00Z,34051589789-1
KRW-TRUST,2026-09-07T03:32:04.302321+09:00,1788719524,77.7,-43.03853039758012,9.0,0.0,71532.475224252,0.0,1,0.0,complete,1788719289891,1788719289891,267559.77013406,858679.59660237,-0.5248616270457964,76.8,79.0,2.864583333333348,1.171875,1.645569620253161,59.09090909090931,complete_hourly_ordered,/v1/candles/minutes/60,120,False,11.898016997167149,70.6,2026-09-02T10:00:00,79.0,2026-09-06T21:00:00,D-1,1.6455696202531622,15.476190476190402,True,0.5226960110041201,8.3262771662433,,True,-0.11671610729385602,-100.0,-99.46088962751975,0.589207090892323,0.0,0.0,-0.009170105456202116,0.007404468620409332,,-0.11671610729385602,-100.0,-99.46088962751975,0.589207090892323,0.0,0.0,-0.009170105456202116,0.007404468620409332,,-0.11671610729385602,-100.0,-99.46088962751975,0.589207090892323,0.0,0.0,-0.009170105456202116,0.007404468620409332,,-0.11671610729385602,-100.0,-99.46088962751975,0.589207090892323,0.0,0.0,-0.009170105456202116,0.007404468620409332,,0.0,,-68.56613485190957,0.845131107878764,-0.12853470437017567,0.0,-0.009170105456202116,0.007404468620409332,,0.0,,-68.56613485190957,0.845131107878764,-0.12853470437017567,0.0,-0.009170105456202116,0.007404468620409332,,-0.11671610729385602,-1548660.994010961,-13197081.685389403,0.589207090892323,0.0,0.0,-0.009170105456202116,0.007404468620409332,71532.475224252,1753569.3079873049,0.04079249955985764,-0.12853470437017567,False,False,falling,falling,sell_only,accelerating,neutral,False,False,False,pass,S0,🌱 초발사 준비,발사 구조 관찰 또는 초기 준비,S0,False,,,2026-09-06T18:10:00Z,34051589789-1
KRW-TRX,2026-09-07T03:32:04.302321+09:00,1788719524,457.0,-7.139354323124225,5.0,1424922.8050982598,25725307.53357108,0.05538992306462266,61,0.0,complete,1788718669688,1788719567692,1261184.52534853,1517817.19348006,-0.09234707067389161,456.0,458.0,0.43859649122806044,0.21929824561404132,0.21834061135371177,49.99999999999747,complete_hourly_ordered,/v1/candles/minutes/60,120,False,3.619909502262453,442.0,2026-09-02T12:00:00,458.0,2026-09-06T01:00:00,D-1,0.21834061135370675,6.249999999999962,True,-0.20143884892086517,5.145475058976383,,False,-0.21595234786688305,-51.03976392595742,139.84473901821337,0.6193074181371161,0.0,0.0,0.0,0.0,,-0.21595234786688305,-51.03976392595742,139.84473901821337,0.6193074181371161,0.0,0.0,0.0,0.0,,-0.21595234786688305,-51.03976392595742,139.84473901821337,0.6193074181371161,0.0,0.0,0.0,0.0,,-0.21595234786688305,-51.03976392595742,139.84473901821337,0.6193074181371161,0.0,0.0,0.0,0.0,,-2.3036129918888744,-87.42440483497289,435.5823588518671,0.855208024520504,0.0,0.0,-0.014388489208638777,0.012053974855279925,,-2.3036129918888744,-87.42440483497289,435.5823588518671,0.855208024520504,0.0,0.0,-0.014388489208638777,0.012053974855279925,,-0.21595234786688305,-1485444.7081289003,14999490.640994776,0.6193074181371161,0.0,0.0,0.0,0.0,27150230.338669337,15628092.81675971,1.7372708658060427,0.0,False,False,falling,rising,sell_advantage_accelerating,accelerating,neutral,False,False,False,pass,S0,🌱 초발사 준비,발사 구조 관찰 또는 초기 준비,S0,False,,,2026-09-06T18:10:00Z,34051589789-1
KRW-UNI,2026-09-07T03:32:04.302321+09:00,1788719524,9840.0,42.525964051905476,5.0,1872916.8789836,5177432.95474505,0.36174623512354637,23,0.0,complete,1788718730111,1788719582006,18910.18453865,18795.23136226,0.003048717900157769,9630.0,10220.0,6.126687435098654,2.180685358255441,3.7181996086105675,64.40677966101715,complete_hourly_ordered,/v1/candles/minutes/60,120,False,32.126696832579185,7735.0,2026-09-03T16:00:00,10220.0,2026-09-06T10:00:00,D-1,4.011741682974557,16.498993963782716,True,3.665413533834583,-40.06838334037061,,True,0.020105725064553437,-91.08903248117208,-91.58430083671291,0.17911260700607556,0.7164790174001956,0.0,0.004699248120298982,-0.005237776989311271,,0.020105725064553437,-91.08903248117208,-91.58430083671291,0.17911260700607556,0.7164790174001956,0.0,0.004699248120298982,-0.005237776989311271,,0.020105725064553437,-91.08903248117208,-91.58430083671291,0.17911260700607556,0.7164790174001956,0.0,0.004699248120298982,-0.005237776989311271,,0.020105725064553437,-91.08903248117208,-91.58430083671291,0.17911260700607556,0.7164790174001956,0.0,0.004699248120298982,-0.005237776989311271,,-1.0137617790679474,-99.51125690142835,-98.14159766241526,1.6960677736575391,-1.3039117352056206,0.0,-0.10338345864662202,0.11521006245566667,,-1.0137617790679474,-99.51125690142835,-98.14159766241526,1.6960677736575391,-1.3039117352056206,0.0,-0.10338345864662202,0.11521006245566667,,0.020105725064553437,-19145192.266025946,-56343693.86180325,0.17911260700607556,0.7164790174001956,0.0,0.004699248120298982,-0.005237776989311271,7050349.83372865,96352266.3021798,0.07317264143655278,-1.3039117352056206,False,False,falling,falling,sell_advantage_weakening,accelerating,neutral,False,False,False,pass,S0,🌱 초발사 준비,발사 구조 관찰 또는 초기 준비,S0,False,,,2026-09-06T18:10:00Z,34051589789-1
KRW-UP2,2026-09-07T03:32:04.302321+09:00,1788719524,73.5,,,0.0,0.0,,0,0.0,complete,,,699662.89787757,792953.09125092,-0.06250113495556237,72.0,76.4,6.111111111111112,2.083333333333326,3.795811518324615,65.90909090909103,complete_hourly_ordered,/v1/candles/minutes/60,120,False,10.564399421128812,69.1,2026-09-03T18:00:00,76.4,2026-09-06T09:00:00,D-1,3.79581151832461,39.72602739726018,False,,,,False,,-100.0,,,0.0,,,,,,-100.0,,,0.0,,,,,,-100.0,,,0.0,,,,,,-100.0,,,0.0,,,,,,-100.0,-100.0,,0.0,,,,,,-100.0,-100.0,,0.0,,,,,,-83499.99999936,0.0,,0.0,,,,0,1969142.10057254,0.0,0.0,False,False,falling,flat_or_na,unavailable,flat_or_na,neutral,False,False,False,pass,S0,🌱 초발사 준비,발사 구조 관찰 또는 초기 준비,S0,False,,,2026-09-06T18:10:00Z,34051589789-1
KRW-USD1,2026-09-07T03:32:04.302321+09:00,1788719524,1365.0,-1.9251869907930597,7.0,0.0,0.0,,0,0.0,complete,,,42297.88452917,33550.6089008,0.11532563446953965,1365.0,1365.0,0.0,0.0,0.0,,complete_hourly_ordered,/v1/candles/minutes/60,120,False,0.8778346744696464,1367.0,2026-09-02T11:00:00,1379.0,2026-09-03T02:00:00,D-4,1.0152284263959421,116.66666666666626,False,-0.0289883080490716,5.593037646213415,,True,,-100.0,,0.037001679466475146,0.0,0.0,0.0,0.0,,,-100.0,,0.037001679466475146,0.0,0.0,0.0,0.0,,,-100.0,,0.037001679466475146,0.0,0.0,0.0,0.0,,,-100.0,,0.037001679466475146,0.0,0.0,0.0,0.0,,,,,0.13882376440321753,0.0,0.0,0.0,0.0,,,,,0.13882376440321753,0.0,0.0,0.0,0.0,,,-59999.99995080001,0.0,0.037001679466475146,0.0,0.0,0.0,0.0,0,40003.657599915,0.0,0.0,False,False,falling,flat_or_na,unavailable,accelerating,neutral,False,False,False,pass,S0,🌱 초발사 준비,발사 구조 관찰 또는 초기 준비,S0,False,,,2026-09-06T18:10:00Z,34051589789-1
KRW-USDC,2026-09-07T03:32:04.302321+09:00,1788719524,1361.0,-58.197768628214966,7.0,0.0,3710013.1919440003,0.0,4,0.0,complete,1788718980815,1788719336613,390670.2209604,176687.33036133,0.37715703281038604,1365.0,1366.0,0.073260073260073,-0.293040293040292,0.36603221083455345,500.0,complete_hourly_ordered,/v1/candles/minutes/60,120,False,0.8076358296622566,1362.0,2026-09-04T06:00:00,1373.0,2026-09-04T21:00:00,D-3,0.8739985433357633,109.09090909090922,True,-0.0483488855581804,5.652283047714667,,True,,,,0.16745178519897763,-0.21994134897360684,0.0,-0.01450466566745856,0.012076538687028737,,,,,0.16745178519897763,-0.21994134897360684,0.0,-0.01450466566745856,0.012076538687028737,,,,,0.16745178519897763,-0.21994134897360684,0.0,-0.01450466566745856,0.012076538687028737,,,,,0.16745178519897763,-0.21994134897360684,0.0,-0.01450466566745856,0.012076538687028737,,-0.027037263199270616,-100.0,-23.646970040194425,0.25361256802494836,-0.07342143906020615,0.0,-0.009669777111631639,0.008051071720048597,,-0.027037263199270616,-100.0,-23.646970040194425,0.25361256802494836,-0.07342143906020615,0.0,-0.009669777111631639,0.008051071720048597,,,0.0,3710013.1919440003,0.16745178519897763,-0.21994134897360684,0.0,-0.01450466566745856,0.012076538687028737,3710013.1919440003,3886777.6474301997,0.9545215930725881,-0.07342143906020615,False,False,flat_or_na,rising,sell_only,accelerating,neutral,False,False,False,pass,S0,🌱 초발사 준비,발사 구조 관찰 또는 초기 준비,S0,False,,,2026-09-06T18:10:00Z,34051589789-1
KRW-USDE,2026-09-07T03:32:04.302321+09:00,1788719524,1362.0,-50.09987867012337,7.0,0.0,0.0,,0,0.0,complete,,,46939.03188454,21311.64417581,0.37548914073860945,1365.0,1373.0,0.586080586080584,-0.219780219780219,0.8011653313911145,137.5,complete_hourly_ordered,/v1/candles/minutes/60,120,False,2.2760646108663796,1362.0,2026-08-30T12:00:00,1393.0,2026-08-31T08:00:00,D-4,2.225412778176594,100.0,False,-0.038697818410482476,5.667267705932028,,False,,,-100.0,0.0,0.0,0.0,0.0,0.0,,,,-100.0,0.0,0.0,0.0,0.0,0.0,,,,-100.0,0.0,0.0,0.0,0.0,0.0,,,,-100.0,0.0,0.0,0.0,0.0,0.0,,,,,1.9193917684154584,0.0,0.0,0.0,0.0,,,,,1.9193917684154584,0.0,0.0,0.0,0.0,,,0.0,-929552.43124608,0.0,0.0,0.0,0.0,0.0,0,179736.64959705,0.0,0.0,False,False,flat_or_na,falling,unavailable,flat_or_na,neutral,False,False,False,pass,S0,🌱 초발사 준비,발사 구조 관찰 또는 초기 준비,S0,False,,,2026-09-06T18:10:00Z,34051589789-1
KRW-USDG,2026-09-07T03:32:04.302321+09:00,1788719524,1358.0,,,0.0,0.0,,0,0.0,complete,,,180843.31954948,317742.56304102,-0.2745750496990676,1383.0,1383.0,0.0,-1.8076644974692746,1.8076644974692697,,complete_hourly_ordered,/v1/candles/minutes/60,120,False,7.4943224829674415,1321.0,2026-08-28T14:00:00,1420.0,2026-09-02T23:00:00,D-4,4.366197183098597,62.62626262626271,False,,,,False,,,,,0.0,,,,,,,,,0.0,,,,,,,,,0.0,,,,,,,,,0.0,,,,,,,,,0.0,,,,,,,,,0.0,,,,,,0.0,0.0,,0.0,,,,0,171319.93224592,0.0,0.0,False,False,flat_or_na,flat_or_na,unavailable,flat_or_na,neutral,False,False,False,pass,S0,🌱 초발사 준비,발사 구조 관찰 또는 초기 준비,S0,False,,,2026-09-06T18:10:00Z,34051589789-1
KRW-USDS,2026-09-07T03:32:04.302321+09:00,1788719524,1369.0,-43.49995315978592,7.0,0.0,0.0,,0,0.0,complete,,,47311.49939943,13384.21332201,0.5589733534084625,1372.0,1388.0,1.1661807580174877,-0.21865889212827616,1.3688760806916427,118.74999999999976,complete_hourly_ordered,/v1/candles/minutes/60,120,False,1.8341892883345645,1363.0,2026-09-06T18:00:00,1388.0,2026-09-06T23:00:00,D-1,1.368876080691639,76.00000000000024,False,0.04350978970266706,5.547821721171195,,False,,,,0.0,0.0,0.0,0.0,0.0,,,,,0.0,0.0,0.0,0.0,0.0,,,,,0.0,0.0,0.0,0.0,0.0,,,,,0.0,0.0,0.0,0.0,0.0,,,-100.0,,0.0,0.0,0.0,0.0,0.0,,,-100.0,,0.0,0.0,0.0,0.0,0.0,,,0.0,0.0,0.0,0.0,0.0,0.0,0.0,0,361954.500741145,0.0,0.0,False,False,flat_or_na,flat_or_na,unavailable,flat_or_na,neutral,False,False,False,pass,S0,🌱 초발사 준비,발사 구조 관찰 또는 초기 준비,S0,False,,,2026-09-06T18:10:00Z,34051589789-1
KRW-USDT,2026-09-07T03:32:04.302321+09:00,1788719524,1362.0,-30.574009930597633,7.0,25822445.147226777,67403154.30432999,0.38310440236426646,101,0.0,complete,1788718629521,1788719558377,8730195.21993625,10482653.37324461,-0.09121282275291302,1365.0,1366.0,0.073260073260073,-0.219780219780219,0.29282576866764276,400.0,complete_hourly_ordered,/v1/candles/minutes/60,120,False,0.6603081438004477,1363.0,2026-09-04T06:00:00,1372.0,2026-09-04T21:00:00,D-3,0.7288629737609353,111.11111111111036,False,-0.03384421989072184,5.606820633099929,,True,-2.3840837936724624,-81.0771344223198,36.68109773366166,0.1441916787868891,-0.07336757153337814,0.0,0.0,0.0,,-2.3840837936724624,-81.0771344223198,36.68109773366166,0.1441916787868891,-0.07336757153337814,0.0,0.0,0.0,,-2.3840837936724624,-81.0771344223198,36.68109773366166,0.1441916787868891,-0.07336757153337814,0.0,0.0,0.0,,-2.3840837936724624,-81.0771344223198,36.68109773366166,0.1441916787868891,-0.07336757153337814,0.0,0.0,0.0,,0.3244366021259365,-34.0393839453213,-89.89893036359946,0.48853151277281626,-0.07336757153337814,0.0,-0.0048348885558158194,0.0040266547623959426,,0.3244366021259365,-34.0393839453213,-89.89893036359946,0.48853151277281626,-0.07336757153337814,0.0,-0.0048348885558158194,0.0040266547623959426,,-2.3840837936724624,-110639154.92715493,18088980.346148483,0.1441916787868891,-0.07336757153337814,0.0,0.0,0.0,93225599.45155677,598117936.4845164,0.15586491185918502,-0.07336757153337814,False,False,falling,rising,sell_advantage_accelerating,accelerating,neutral,False,False,False,pass,S0,🌱 초발사 준비,발사 구조 관찰 또는 초기 준비,S0,False,,,2026-09-06T18:10:00Z,34051589789-1
KRW-VANA,2026-09-07T03:32:04.302321+09:00,1788719524,1280.0,630.978230402004,7.0,63790.8,57408.499993599995,1.111173432629515,3,0.0,complete,1788718673865,1788718710877,170743.90693697,31577.38342612,0.6878491297732376,1290.0,1300.0,0.7751937984496138,-0.7751937984496138,1.5384615384615385,200.0,complete_hourly_ordered,/v1/candles/minutes/60,120,False,18.55241264559069,1202.0,2026-09-03T00:00:00,1425.0,2026-09-04T16:00:00,D-3,10.175438596491226,65.02242152466373,True,-0.4356740133265036,22.57293042026856,,False,,-15.32187281429932,,0.6676182908290684,0.2349256068911565,0.0,0.015376729882121687,-0.010800683557015134,,,-15.32187281429932,,0.6676182908290684,0.2349256068911565,0.0,0.015376729882121687,-0.010800683557015134,,,-15.32187281429932,,0.6676182908290684,0.2349256068911565,0.0,0.015376729882121687,-0.010800683557015134,,,-15.32187281429932,,0.6676182908290684,0.2349256068911565,0.0,0.015376729882121687,-0.010800683557015134,,1.111173432629515,,-99.0704058262962,1.023674887145603,-0.31152647975077885,0.0,-0.02050230650948448,0.014400409157943272,,1.111173432629515,,-99.0704058262962,1.023674887145603,-0.31152647975077885,0.0,-0.02050230650948448,0.014400409157943272,,,-11542.467421119989,57408.499993599995,0.6676182908290684,0.2349256068911565,0.0,0.015376729882121687,-0.010800683557015134,121199.2999936,7919391.75631791,0.015304117250786333,-0.31152647975077885,False,True,falling,rising,buy_advantage_weakening,accelerating,neutral,True,True,False,🔴 1차 급등 완료·상승분 반납 / 신규매수 금지,S3,🔴 1차 급등 완료·반납,당일/5D 급등 후 상승분 상당 부분 반납,S3,False,,,2026-09-06T18:10:00Z,34051589789-1
KRW-VET,2026-09-07T03:32:04.302321+09:00,1788719524,9.56,-67.98523567316839,9.0,0.0,759817.5804092903,0.0,6,0.0,complete,1788719167576,1788719357575,5554511.2602748,4654947.42775797,0.08811082546141963,9.46,9.66,2.114164904862581,1.0570824524312794,1.0351966873705967,50.00000000000052,complete_hourly_ordered,/v1/candles/minutes/60,120,False,9.152542372881367,8.85,2026-09-03T10:00:00,9.66,2026-09-06T12:00:00,D-1,1.0351966873705987,12.345679012345794,True,1.3432282003710716,-16.022557109631386,,True,-1.2538294928828841,-100.0,282.7912080008949,0.013167635406588829,-0.10449320794148065,0.0,-0.014842300556594523,0.01452752021261361,,-1.2538294928828841,-100.0,282.7912080008949,0.013167635406588829,-0.10449320794148065,0.0,-0.014842300556594523,0.01452752021261361,,-1.2538294928828841,-100.0,282.7912080008949,0.013167635406588829,-0.10449320794148065,0.0,-0.014842300556594523,0.01452752021261361,,-1.2538294928828841,-100.0,282.7912080008949,0.013167635406588829,-0.10449320794148065,0.0,-0.014842300556594523,0.01452752021261361,,-9.140984009725326,-100.0,-26.099286063522186,0.1908348889547966,-0.6237006237006071,0.0,-0.044526901669761365,0.04358070934979352,,-9.140984009725326,-100.0,-26.099286063522186,0.1908348889547966,-0.6237006237006071,0.0,-0.044526901669761365,0.04358070934979352,,-1.2538294928828841,-248877.6313602932,561323.5804092919,0.013167635406588829,-0.10449320794148065,0.0,-0.014842300556594523,0.01452752021261361,759817.5804092903,3708333.764233559,0.20489460461667208,-0.6237006237006071,False,False,falling,rising,sell_only,accelerating,neutral,False,False,False,pass,S0,🌱 초발사 준비,발사 구조 관찰 또는 초기 준비,S0,False,,,2026-09-06T18:10:00Z,34051589789-1
KRW-VIRTUAL,2026-09-07T03:32:04.302321+09:00,1788719524,949.0,25.028034834240053,8.0,4201055.78584089,2189538.23085621,1.9186948766809542,5,0.0,complete,1788718631533,1788719074003,266178.24574481,274766.93354692,-0.015877187062384727,938.0,974.0,3.837953091684443,1.1727078891258014,2.5667351129363447,69.44444444444446,complete_hourly_ordered,/v1/candles/minutes/60,120,False,8.584169453734681,897.0,2026-09-05T03:00:00,974.0,2026-09-06T22:00:00,D-1,2.566735112936347,32.46753246753251,True,0.041045286632912514,-5.473264755997502,,False,1.9128773178807086,704.2957012579432,-97.5613436030293,1.3139876150384708,0.10548523206750371,0.0,-0.013681762210993043,0.012522682135260865,,1.9128773178807086,704.2957012579432,-97.5613436030293,1.3139876150384708,0.10548523206750371,0.0,-0.013681762210993043,0.012522682135260865,,1.9128773178807086,704.2957012579432,-97.5613436030293,1.3139876150384708,0.10548523206750371,0.0,-0.013681762210993043,0.012522682135260865,,1.9128773178807086,704.2957012579432,-97.5613436030293,1.3139876150384708,0.10548523206750371,0.0,-0.013681762210993043,0.012522682135260865,,1.0647542368854341,44.861592295630935,-35.52742423500067,1.6346378933417256,-0.8359456635318674,0.0,-0.05472704884390556,0.05008801920105466,,1.0647542368854341,44.861592295630935,-35.52742423500067,1.6346378933417256,-0.8359456635318674,0.0,-0.05472704884390556,0.05008801920105466,,1.9128773178807086,3678728.5150037706,-87595075.68917222,1.3139876150384708,0.10548523206750371,0.0,-0.013681762210993043,0.012522682135260865,6390594.0166971,25281185.93337391,0.25278062641281485,-0.8359456635318674,False,False,rising,falling,buy_advantage_accelerating,accelerating,leading_buy_inflow,False,False,False,pass,S0,🌱 초발사 준비,발사 구조 관찰 또는 초기 준비,S0,False,,,2026-09-06T18:10:00Z,34051589789-1
KRW-VTHO,2026-09-07T03:32:04.302321+09:00,1788719524,0.573,-57.24856554993051,12.0,0.0,0.0,,0,0.0,complete,,,44252066.58460272,163183594.4961155,-0.5733417643422153,0.566,0.581,2.6501766784452263,1.2367491166077826,1.376936316695354,53.333333333332945,complete_hourly_ordered,/v1/candles/minutes/60,120,False,10.87786259541983,0.524,2026-09-03T06:00:00,0.581,2026-09-06T12:00:00,D-1,1.376936316695354,14.0350877192983,False,0.8360998401574005,6.916561440347303,6.002260317649703,True,,-100.0,-100.0,0.0,0.0,0.0,0.0,0.0,0.0,,-100.0,-100.0,0.0,0.0,0.0,0.0,0.0,0.0,,-100.0,-100.0,0.0,0.0,0.0,0.0,0.0,0.0,,-100.0,-100.0,0.0,0.0,0.0,0.0,0.0,0.0,,-100.0,-100.0,0.024986845598512275,0.17482517482516613,0.0,0.012295585884691818,-0.010029746054909694,-0.01918594114290606,,-100.0,-100.0,0.024986845598512275,0.17482517482516613,0.0,0.012295585884691818,-0.010029746054909694,-0.01918594114290606,,-5000.9999999955,-8547.46756154106,0.0,0.0,0.0,0.0,0.0,0,547971.9030323834,0.0,0.17482517482516613,False,True,falling,falling,unavailable,flat_or_na,neutral,False,False,False,pass,S0,🌱 초발사 준비,발사 구조 관찰 또는 초기 준비,S1,True,발사 구조 관찰 또는 초기 준비,2026-09-07T03:32:04.302321+09:00,2026-09-06T18:10:00Z,34051589789-1
KRW-VVV,2026-09-07T03:32:04.302321+09:00,1788719524,23400.0,,,0.0,0.0,,0,0.0,complete,,,3892.40324165,5940.29457257,-0.20827359587501504,23590.0,23730.0,0.5934718100890191,-0.8054260279779513,1.390644753476612,235.71428571428518,complete_hourly_ordered,/v1/candles/minutes/60,120,False,17.021276595744684,21620.0,2026-09-02T20:00:00,25300.0,2026-09-05T04:00:00,D-2,7.509881422924902,51.63043478260874,False,,,,False,,-100.0,,,0.21413276231263545,,,,,,-100.0,,,0.21413276231263545,,,,,,-100.0,,,0.21413276231263545,,,,,,-100.0,,,0.21413276231263545,,,,,,,,,0.42918454935623185,,,,,,,,,0.42918454935623185,,,,,,-4643748.545682,0.0,,0.21413276231263545,,,,0,1628155.7470561,0.0,0.42918454935623185,False,False,falling,flat_or_na,unavailable,flat_or_na,neutral,False,False,False,pass,S0,🌱 초발사 준비,발사 구조 관찰 또는 초기 준비,S0,False,,,2026-09-06T18:10:00Z,34051589789-1
KRW-W,2026-09-07T03:32:04.302321+09:00,1788719524,14.2,-4.397020406177344,11.0,49999.999999952,0.0,,1,0.0,complete,1788719193271,1788719193271,24935261.07400648,20417485.43780462,0.09961415754667263,13.8,14.7,6.521739130434767,2.898550724637672,3.4013605442176873,55.55555555555559,complete_hourly_ordered,/v1/candles/minutes/60,120,False,14.843749999999979,12.8,2026-09-02T22:00:00,14.7,2026-09-07T02:00:00,D0,3.401360544217691,26.315789473684248,False,0.7625826131164137,10.493931696302566,12.417173761987991,True,,-99.83990498831105,-100.0,3.174321388147172,0.7092198581560183,0.0,0.05083884087442314,-0.040109175324394286,-0.16690830847420735,,-99.83990498831105,-100.0,3.174321388147172,0.7092198581560183,0.0,0.05083884087442314,-0.040109175324394286,-0.16690830847420735,,-99.83990498831105,-100.0,3.174321388147172,0.7092198581560183,0.0,0.05083884087442314,-0.040109175324394286,-0.16690830847420735,,-99.83990498831105,-100.0,3.174321388147172,0.7092198581560183,0.0,0.05083884087442314,-0.040109175324394286,-0.16690830847420735,,800.090009019804,,3.2263162566191657,0.0,0.0,0.0,0.0,0.0,,800.090009019804,,3.2263162566191657,0.0,0.0,0.0,0.0,0.0,,-31181454.04248816,-5273.68421048,3.174321388147172,0.7092198581560183,0.0,0.05083884087442314,-0.040109175324394286,49999.999999952,3985170.4179013297,0.012546514893153051,0.0,False,False,falling,falling,buy_only,accelerating,neutral,False,False,False,pass,S1,⚡ 선행 시동,가격 미급등 상태에서 선행조건 5개 개선,S2,True,가격 미급등 상태에서 선행조건 5개 개선,2026-09-07T03:32:04.302321+09:00,2026-09-06T18:10:00Z,34051589789-1
KRW-WAL,2026-09-07T03:32:04.302321+09:00,1788719524,38.1,21.248643985733985,8.0,999999.9999998101,0.0,,1,0.0,complete,1788718668419,1788718668419,2374197.37052811,2580849.66483967,-0.041705415273867695,36.9,38.1,3.252032520325221,3.252032520325221,0.0,0.0,complete_hourly_ordered,/v1/candles/minutes/60,120,False,13.05637982195844,33.7,2026-09-04T21:00:00,38.1,2026-09-06T21:00:00,D-1,0.0,0.0,False,1.2357982858281824,37.64368257086295,,True,,9503.38039022743,-100.0,0.2553959537237702,0.263157894736854,0.0,0.019932230416586094,-0.011320498504758802,,,9503.38039022743,-100.0,0.2553959537237702,0.263157894736854,0.0,0.019932230416586094,-0.011320498504758802,,,9503.38039022743,-100.0,0.2553959537237702,0.263157894736854,0.0,0.019932230416586094,-0.011320498504758802,,,9503.38039022743,-100.0,0.2553959537237702,0.263157894736854,0.0,0.019932230416586094,-0.011320498504758802,,,-82.47560402833999,-100.0,2.088995394529249,1.0610079575596787,1.0,0.09966115208290827,-0.05660596741441282,,,-82.47560402833999,-100.0,2.088995394529249,1.0610079575596787,1.0,0.09966115208290827,-0.05660596741441282,,,989587.0000001701,-11387359.178353805,0.2553959537237702,0.263157894736854,0.0,0.019932230416586094,-0.011320498504758802,999999.9999998101,4663558.346191077,0.21442853841778392,1.0610079575596787,False,False,rising,falling,buy_only,accelerating,neutral,False,False,False,pass,S0,🌱 초발사 준비,발사 구조 관찰 또는 초기 준비,S0,False,,,2026-09-06T18:10:00Z,34051589789-1
KRW-WAVES,2026-09-07T03:32:04.302321+09:00,1788719524,314.0,-53.26040508637438,5.0,1122037.9810056402,0.0,,4,0.0,complete,1788719001533,1788719417939,551551.79862219,595100.69041883,-0.03797915428855106,315.0,319.0,1.2698412698412653,-0.31746031746031633,1.5673981191222568,125.0,complete_hourly_ordered,/v1/candles/minutes/60,120,False,8.135593220338988,295.0,2026-09-02T20:00:00,319.0,2026-09-06T06:00:00,D-1,1.5673981191222541,20.833333333333265,False,0.35064650449265766,23.319099053839075,,False,,1435.3347396304875,-100.0,0.026801499558871456,-0.31746031746031633,0.0,-0.02191540653078139,0.015140751032042488,,,1435.3347396304875,-100.0,0.026801499558871456,-0.31746031746031633,0.0,-0.02191540653078139,0.015140751032042488,,,1435.3347396304875,-100.0,0.026801499558871456,-0.31746031746031633,0.0,-0.02191540653078139,0.015140751032042488,,,1435.3347396304875,-100.0,0.026801499558871456,-0.31746031746031633,0.0,-0.02191540653078139,0.015140751032042488,,,479.80760375534095,,0.16329338367054902,-0.31746031746031633,0.0,-0.02191540653078139,0.015140751032042488,,,479.80760375534095,,0.16329338367054902,-0.31746031746031633,0.0,-0.02191540653078139,0.015140751032042488,,,1048956.9810097902,-7225979.27791921,0.026801499558871456,-0.31746031746031633,0.0,-0.02191540653078139,0.015140751032042488,1122037.9810056402,2820725.68972018,0.3977834445564071,-0.31746031746031633,False,False,rising,falling,buy_only,accelerating,neutral,False,False,False,pass,S0,🌱 초발사 준비,발사 구조 관찰 또는 초기 준비,S0,False,,,2026-09-06T18:10:00Z,34051589789-1
KRW-WAXP,2026-09-07T03:32:04.302321+09:00,1788719524,6.18,152.18365483804854,12.0,0.0,0.0,,0,0.0,complete,,,10401943.80237133,14460095.26326889,-0.16322681539447811,6.13,6.24,1.794453507340954,0.815660685154973,0.9615384615384694,54.54545454545489,complete_hourly_ordered,/v1/candles/minutes/60,120,False,14.436619718309874,5.68,2026-09-02T10:00:00,6.5,2026-09-03T10:00:00,D-4,4.9230769230769305,39.02439024390251,True,0.39521228545618126,11.53673946569822,12.002954143549525,True,,,-100.0,0.006196920755286328,-0.1615508885298933,-1.0,-0.011291779584476913,0.008849409109702222,0.03125177849445393,,,-100.0,0.006196920755286328,-0.1615508885298933,-1.0,-0.011291779584476913,0.008849409109702222,0.03125177849445393,,,-100.0,0.006196920755286328,-0.1615508885298933,-1.0,-0.011291779584476913,0.008849409109702222,0.03125177849445393,,,-100.0,0.006196920755286328,-0.1615508885298933,-1.0,-0.011291779584476913,0.008849409109702222,0.03125177849445393,,,,0.47604393915588616,-0.6430868167202619,-1.0,-0.045167118337863243,0.035396315762897146,0.1243169925508294,,,,0.47604393915588616,-0.6430868167202619,-1.0,-0.045167118337863243,0.035396315762897146,0.1243169925508294,,0.0,-398641.050794894,0.006196920755286328,-0.1615508885298933,-1.0,-0.011291779584476913,0.008849409109702222,0,2811352.914402102,0.0,-0.6430868167202619,False,True,flat_or_na,falling,unavailable,accelerating,neutral,False,False,False,pass,S1,⚡ 선행 시동,가격 미급등 상태에서 선행조건 3개 개선,S0,True,가격 미급등 상태에서 선행조건 3개 개선,2026-09-07T03:32:04.302321+09:00,2026-09-06T18:10:00Z,34051589789-1
KRW-WCT,2026-09-07T03:32:04.302321+09:00,1788719524,54.0,-67.29126716519144,5.0,0.0,12996.38989152,0.0,1,0.0,complete,1788719667705,1788719667705,662189.50482358,843259.03536411,-0.12027613412674695,54.4,55.0,1.1029411764705843,-0.7352941176470562,1.8181818181818181,166.66666666666669,complete_hourly_ordered,/v1/candles/minutes/60,120,False,12.244897959183664,49.0,2026-09-02T19:00:00,55.0,2026-09-06T11:00:00,D-1,1.8181818181818188,16.66666666666669,True,0.12725884448969715,20.52324553650345,,False,,,,0.0005303526971545125,0.0,0.0,0.0,0.0,,,,,0.0005303526971545125,0.0,0.0,0.0,0.0,,,,,0.0005303526971545125,0.0,0.0,0.0,0.0,,,,,0.0005303526971545125,0.0,0.0,0.0,0.0,,,-100.0,,0.0013614817409006719,-0.3690036900369065,0.0,-0.02545176889794387,0.01819503145294732,,,-100.0,,0.0013614817409006719,-0.3690036900369065,0.0,-0.02545176889794387,0.01819503145294732,,,0.0,12996.38989152,0.0005303526971545125,0.0,0.0,0.0,0.0,12996.38989152,1004570.4151405802,0.0129372612368853,-0.3690036900369065,False,False,flat_or_na,rising,sell_only,accelerating,neutral,False,False,False,pass,S0,🌱 초발사 준비,발사 구조 관찰 또는 초기 준비,S0,False,,,2026-09-06T18:10:00Z,34051589789-1
KRW-WET,2026-09-07T03:32:04.302321+09:00,1788719524,85.3,-26.83634700355757,4.0,0.0,168238.49999986799,0.0,1,0.0,complete,1788719460977,1788719460977,833149.60545522,1046244.65229884,-0.11338496218365371,84.6,86.5,2.245862884160754,0.8274231678486954,1.387283236994223,63.15789473684226,complete_hourly_ordered,/v1/candles/minutes/60,120,False,7.187112763320935,80.7,2026-09-02T10:00:00,86.5,2026-09-07T00:00:00,D0,1.387283236994219,20.68965517241388,False,-0.8971384377416736,13.50439177501961,,False,,-100.0,,0.3027868115404786,0.0,0.0,-0.007733952049482351,0.006020219644057079,,,-100.0,,0.3027868115404786,0.0,0.0,-0.007733952049482351,0.006020219644057079,,,-100.0,,0.3027868115404786,0.0,0.0,-0.007733952049482351,0.006020219644057079,,,-100.0,,0.3027868115404786,0.0,0.0,-0.007733952049482351,0.006020219644057079,,,-100.0,,1.32623905735867,-0.5827505827505797,0.0,-0.030935808197973813,0.0240802690417663,,,-100.0,,1.32623905735867,-0.5827505827505797,0.0,-0.030935808197973813,0.0240802690417663,,,-10336.999999831,168238.49999986799,0.3027868115404786,0.0,0.0,-0.007733952049482351,0.006020219644057079,168238.49999986799,1227289.766918181,0.1370813189637585,-0.5827505827505797,False,False,falling,rising,sell_only,accelerating,neutral,False,False,False,pass,S0,🌱 초발사 준비,발사 구조 관찰 또는 초기 준비,S0,False,,,2026-09-06T18:10:00Z,34051589789-1
KRW-WIF,2026-09-07T03:32:04.302321+09:00,1788719524,293.0,,,0.0,0.0,,0,0.0,complete,,,128783.71931922,422605.54193134,-0.5328754897143394,290.0,295.0,1.724137931034475,1.0344827586206806,0.6779661016949152,40.000000000000256,complete_hourly_ordered,/v1/candles/minutes/60,120,False,13.688212927756659,263.0,2026-09-02T10:00:00,299.0,2026-09-05T22:00:00,D-2,2.006688963210701,16.66666666666664,False,,,,True,,,,,0.0,,,,,,,,,0.0,,,,,,,,,0.0,,,,,,,,,0.0,,,,,,-100.0,-100.0,,-0.6779661016949157,,,,,,-100.0,-100.0,,-0.6779661016949157,,,,,,0.0,0.0,,0.0,,,,0,666667.44970998,0.0,-0.6779661016949157,False,False,flat_or_na,flat_or_na,unavailable,flat_or_na,neutral,False,True,False,pass,S0,🌱 초발사 준비,발사 구조 관찰 또는 초기 준비,S0,False,,,2026-09-06T18:10:00Z,34051589789-1
KRW-WLD,2026-09-07T03:32:04.302321+09:00,1788719524,562.0,-11.711034716688529,7.0,10507233.21053875,11634200.48769237,0.9031332425166801,49,0.0,complete,1788718657187,1788719575896,1463394.56024764,1305616.62811715,0.056979882491433355,543.0,579.0,6.629834254143652,3.4990791896869267,2.936096718480138,47.22222222222223,complete_hourly_ordered,/v1/candles/minutes/60,120,False,19.135802469135797,486.0,2026-09-03T00:00:00,579.0,2026-09-06T21:00:00,D-1,2.936096718480141,18.27956989247312,False,0.36222832875343336,5.950517213630443,,True,-2.3800820278595776,-76.02465507967374,-12.840968697374455,0.26123661051065206,0.7168458781362075,0.0,0.0,0.0,,-2.3800820278595776,-76.02465507967374,-12.840968697374455,0.26123661051065206,0.7168458781362075,0.0,0.0,0.0,,-2.3800820278595776,-76.02465507967374,-12.840968697374455,0.26123661051065206,0.7168458781362075,0.0,0.0,0.0,,-2.3800820278595776,-76.02465507967374,-12.840968697374455,0.26123661051065206,0.7168458781362075,0.0,0.0,0.0,,0.3606393624992478,-4.633759645188162,-42.71542745056094,0.4809146978448702,0.3571428571428559,0.0,0.012490632025974335,-0.010329068522122675,,0.3606393624992478,-4.633759645188162,-42.71542745056094,0.4809146978448702,0.3571428571428559,0.0,0.012490632025974335,-0.010329068522122675,,-2.3800820278595776,-33317926.53358961,-1714043.881037673,0.26123661051065206,0.7168458781362075,0.0,0.0,0.0,22141433.69823112,70555284.42608622,0.3138168016518523,0.3571428571428559,False,False,falling,falling,sell_advantage_accelerating,accelerating,neutral,False,True,False,pass,S0,🌱 초발사 준비,발사 구조 관찰 또는 초기 준비,S0,False,,,2026-09-06T18:10:00Z,34051589789-1
KRW-WLFI,2026-09-07T03:32:04.302321+09:00,1788719524,77.0,-51.634851853262816,5.0,5099.999999832,148840.20618544,0.03426493506383557,2,0.0,complete,1788719416590,1788719587347,6642152.0366906,3066741.92676791,0.36826132032953574,78.1,78.6,0.6402048655569814,-1.4084507042253502,2.035623409669204,319.9999999999986,complete_hourly_ordered,/v1/candles/minutes/60,120,False,5.49738219895286,76.4,2026-09-03T09:00:00,80.6,2026-09-04T14:00:00,D-3,4.342431761786603,83.33333333333354,True,-0.32731850608477275,7.126239027155943,,False,0.0009380946729266454,-98.04600695779646,-98.09950276802962,0.04989604399384007,0.13003901170349774,0.0,0.0,0.0,,0.0009380946729266454,-98.04600695779646,-98.09950276802962,0.04989604399384007,0.13003901170349774,0.0,0.0,0.0,,0.0009380946729266454,-98.04600695779646,-98.09950276802962,0.04989604399384007,0.13003901170349774,0.0,0.0,0.0,,0.0009380946729266454,-98.04600695779646,-98.09950276802962,0.04989604399384007,0.13003901170349774,0.0,0.0,0.0,,-0.1438314191555135,-99.69140707657317,-98.39604906596728,0.32944413442923803,-0.388098318240615,0.0,-0.02517834662191243,0.020736637149990855,,-0.1438314191555135,-99.69140707657317,-98.39604906596728,0.32944413442923803,-0.388098318240615,0.0,-0.02517834662191243,0.020736637149990855,,0.0009380946729266454,-255903.999998073,-7682805.306453768,0.04989604399384007,0.13003901170349774,0.0,0.0,0.0,153940.20618527202,8512309.022205912,0.018084424071505265,-0.388098318240615,False,False,falling,falling,sell_advantage_weakening,accelerating,neutral,False,False,False,pass,S0,🌱 초발사 준비,발사 구조 관찰 또는 초기 준비,S0,False,,,2026-09-06T18:10:00Z,34051589789-1
KRW-XAUT,2026-09-07T03:32:04.302321+09:00,1788719524,6024000.0,7.0864701223632975,7.0,0.0,0.0,,0,0.0,complete,,,8.99196386,52.26769709,-0.7064311581045406,6044000.0,6048000.0,0.06618133686300265,-0.33090668431502435,0.3968253968253968,600.0000000000168,complete_hourly_ordered,/v1/candles/minutes/60,120,False,4.487722269263328,5905000.0,2026-09-02T12:00:00,6170000.0,2026-09-04T00:00:00,D-3,2.3662884927066474,55.0943396226413,False,-0.2759435228431806,1.1652283102593297,,False,,-100.0,-100.0,0.11788344884129387,0.13297872340425343,0.0,0.008589681644932678,-0.007461427109253238,,,-100.0,-100.0,0.11788344884129387,0.13297872340425343,0.0,0.008589681644932678,-0.007461427109253238,,,-100.0,-100.0,0.11788344884129387,0.13297872340425343,0.0,0.008589681644932678,-0.007461427109253238,,,-100.0,-100.0,0.11788344884129387,0.13297872340425343,0.0,0.008589681644932678,-0.007461427109253238,,,-100.0,-100.0,0.20631971427342854,-0.09950248756218638,0.0,-0.006442261233696733,0.005595966120674145,,,-100.0,-100.0,0.20631971427342854,-0.09950248756218638,0.0,-0.006442261233696733,0.005595966120674145,,,-132396.0,-1913939.1017200002,0.11788344884129387,0.13297872340425343,0.0,0.008589681644932678,-0.007461427109253238,0,554953.73221,0.0,-0.09950248756218638,False,False,falling,falling,unavailable,accelerating,neutral,False,False,False,pass,S0,🌱 초발사 준비,발사 구조 관찰 또는 초기 준비,S0,False,,,2026-09-06T18:10:00Z,34051589789-1
KRW-XCN,2026-09-07T03:32:04.302321+09:00,1788719524,5.59,10024.597867464588,10.0,42566.535433,1701399.0524754662,0.02501854892364459,5,0.0,complete,1788719590753,1788719707471,8255401.06045602,10605576.2362394,-0.12460516434613109,5.68,5.86,3.169014084507049,-1.5845070422535135,4.607508532423216,149.99999999999966,complete_hourly_ordered,/v1/candles/minutes/60,120,False,47.97297297297296,4.44,2026-09-03T20:00:00,6.57,2026-09-04T16:00:00,D-3,15.372907153729077,47.41784037558687,True,0.8127914723517593,10.310286577956923,9.037718788509455,False,0.02501854892364459,,-13.574860115810615,0.024329333062269143,-0.17857142857142794,0.0,-0.01332445036643648,0.010525142421190736,0.02585484720848541,0.02501854892364459,,-13.574860115810615,0.024329333062269143,-0.17857142857142794,0.0,-0.01332445036643648,0.010525142421190736,0.02585484720848541,0.02501854892364459,,-13.574860115810615,0.024329333062269143,-0.17857142857142794,0.0,-0.01332445036643648,0.010525142421190736,0.02585484720848541,0.02501854892364459,,-13.574860115810615,0.024329333062269143,-0.17857142857142794,0.0,-0.01332445036643648,0.010525142421190736,0.02585484720848541,-53.12214786815056,-98.30558040803234,3499.47334713517,0.824978070682846,0.0,0.0,0.0,0.0,0.0,-53.12214786815056,-98.30558040803234,3499.47334713517,0.824978070682846,0.0,0.0,0.0,0.0,0.0,0.02501854892364459,42566.535433,-267239.9971753175,0.024329333062269143,-0.17857142857142794,0.0,-0.01332445036643648,0.010525142421190736,1743965.587908466,9507140.228264287,0.18343745290763014,0.0,False,True,rising,falling,sell_advantage_weakening,accelerating,leading_buy_inflow,False,True,False,pass,S1,⚡ 선행 시동,가격 미급등 상태에서 선행조건 4개 개선,S1,False,,,2026-09-06T18:10:00Z,34051589789-1
KRW-XEC,2026-09-07T03:32:04.302321+09:00,1788719524,0.00999,5.967071386419498,5.0,2042093.042478879,1423399.4583520927,1.4346591397772936,8,0.0,complete,1788719355617,1788719798798,5963302801.424747,51014322529.766975,-0.7906791388106442,0.00992,0.0101,1.814516129032251,0.7056451612903247,1.0891089108910792,61.11111111111084,complete_hourly_ordered,/v1/candles/minutes/60,120,False,8.953613807982741,0.00927,2026-09-02T19:00:00,0.0101,2026-09-06T18:00:00,D-1,1.089108910891079,13.253012048192819,True,0.09591668950397203,-3.4427825471280684,,False,-1.6449214003149515,-60.04573132860161,-14.235803555988957,0.1428333632534029,0.10020040080160886,0.0,0.006851192107437676,-0.006164823278858478,,-1.6449214003149515,-60.04573132860161,-14.235803555988957,0.1428333632534029,0.10020040080160886,0.0,0.006851192107437676,-0.006164823278858478,,-1.6449214003149515,-60.04573132860161,-14.235803555988957,0.1428333632534029,0.10020040080160886,0.0,0.006851192107437676,-0.006164823278858478,,-1.6449214003149515,-60.04573132860161,-14.235803555988957,0.1428333632534029,0.10020040080160886,0.0,0.006851192107437676,-0.006164823278858478,,1.2394125060176127,338.2774901394629,-40.35363367520486,1.0881619776524243,-0.10000000000000009,0.0,-0.006851192107415471,0.0061647141582334974,,1.2394125060176127,338.2774901394629,-40.35363367520486,1.0881619776524243,-0.10000000000000009,0.0,-0.006851192107415471,0.0061647141582334974,,-1.6449214003149515,-3068982.9711354794,-236266.8329088795,0.1428333632534029,0.10020040080160886,0.0,0.006851192107437676,-0.006164823278858478,3465492.5008309716,4823161.107182572,0.7185106248410855,-0.10000000000000009,False,False,falling,falling,buy_advantage_weakening,accelerating,neutral,False,False,False,pass,S0,🌱 초발사 준비,발사 구조 관찰 또는 초기 준비,S0,False,,,2026-09-06T18:10:00Z,34051589789-1
KRW-XLM,2026-09-07T03:32:04.302321+09:00,1788719524,252.0,12.327317529096948,7.0,6479181.53672483,0.0,,8,0.0,complete,1788718712104,1788719743630,16815674.66355203,11328139.66908962,0.1949819214127589,252.0,256.0,1.5873015873015817,0.0,1.5625,100.0,complete_hourly_ordered,/v1/candles/minutes/60,120,False,9.361702127659566,235.0,2026-09-02T19:00:00,257.0,2026-09-04T01:00:00,D-3,1.945525291828798,22.727272727272663,True,-0.42094185740594314,5.610972568578544,,False,,-4.162343439422922,-100.0,0.17363995872010562,0.3984063745019917,0.0,0.026308866087876304,-0.021996040168603237,,,-4.162343439422922,-100.0,0.17363995872010562,0.3984063745019917,0.0,0.026308866087876304,-0.021996040168603237,,,-4.162343439422922,-100.0,0.17363995872010562,0.3984063745019917,0.0,0.026308866087876304,-0.021996040168603237,,,-4.162343439422922,-100.0,0.17363995872010562,0.3984063745019917,0.0,0.026308866087876304,-0.021996040168603237,,,-74.23318022258849,-100.0,0.33634918306302275,0.3984063745019917,0.0,0.026308866087876304,-0.021996040168603237,,,-74.23318022258849,-100.0,0.33634918306302275,0.3984063745019917,0.0,0.026308866087876304,-0.021996040168603237,,,-281398.5622151606,-68182289.93514808,0.17363995872010562,0.3984063745019917,0.0,0.026308866087876304,-0.021996040168603237,6479181.53672483,98989418.20552894,0.06545327424060911,0.3984063745019917,False,False,falling,falling,buy_only,accelerating,neutral,False,False,False,pass,S0,🌱 초발사 준비,발사 구조 관찰 또는 초기 준비,S0,False,,,2026-09-06T18:10:00Z,34051589789-1
KRW-XPL,2026-09-07T03:32:04.302321+09:00,1788719524,124.0,6.978149495818875,11.0,0.0,154888.4,0.0,1,0.0,complete,1788719446636,1788719446636,8818677.34881564,9661151.29539166,-0.04558883974501042,127.0,130.0,2.3622047244094446,-2.3622047244094446,4.615384615384616,200.0,complete_hourly_ordered,/v1/candles/minutes/60,120,False,27.27272727272727,110.0,2026-09-02T11:00:00,140.0,2026-09-04T20:00:00,D-3,11.428571428571432,53.33333333333336,True,-0.21413276231263545,2.5735174017862383,9.756658069504404,False,0.0,,-41.45609244531374,0.13157823592826468,0.0,0.0,0.0,0.0,0.0,0.0,,-41.45609244531374,0.13157823592826468,0.0,0.0,0.0,0.0,0.0,0.0,,-41.45609244531374,0.13157823592826468,0.0,0.0,0.0,0.0,0.0,0.0,,-41.45609244531374,0.13157823592826468,0.0,0.0,0.0,0.0,0.0,-0.03928123506080296,-100.0,-99.70175081539072,0.3880880066838621,0.0,0.0,0.0,0.0,0.0,-0.03928123506080296,-100.0,-99.70175081539072,0.3880880066838621,0.0,0.0,0.0,0.0,0.0,0.0,0.0,-109679.52255508004,0.13157823592826468,0.0,0.0,0.0,0.0,154888.4,66199376.26622758,0.0023397259722976907,0.0,False,False,flat_or_na,falling,sell_only,accelerating,neutral,False,False,False,pass,S0,🌱 초발사 준비,발사 구조 관찰 또는 초기 준비,S0,False,,,2026-09-06T18:10:00Z,34051589789-1
KRW-XRP,2026-09-07T03:32:04.302321+09:00,1788719524,1926.0,6.905418101076388,7.0,187231425.2290389,81551425.23949167,2.2958694428601008,341,0.0,complete,1788718627830,1788719775987,3206055.01915964,2725538.32556949,0.08100971622020277,1927.0,1954.0,1.4011416709911684,-0.05189413596263792,1.4329580348004094,103.70370370370385,complete_hourly_ordered,/v1/candles/minutes/60,120,False,12.153163152053281,1802.0,2026-09-02T19:00:00,2021.0,2026-09-04T05:00:00,D-3,4.601682335477486,42.465753424657635,True,-0.2628165745102162,-11.62000076397112,,False,0.9031156931289419,26.76761955290543,-23.09838086574485,0.0921482841493404,0.26028110359188616,0.0,0.013652809065456406,-0.0131478121213231,,0.9031156931289419,26.76761955290543,-23.09838086574485,0.0921482841493404,0.26028110359188616,0.0,0.013652809065456406,-0.0131478121213231,,0.9031156931289419,26.76761955290543,-23.09838086574485,0.0921482841493404,0.26028110359188616,0.0,0.013652809065456406,-0.0131478121213231,,0.9031156931289419,26.76761955290543,-23.09838086574485,0.0921482841493404,0.26028110359188616,0.0,0.013652809065456406,-0.0131478121213231,,1.3111944223486076,-8.474562766431571,-60.745672161124254,0.26441129476304503,0.15600624024960652,0.0,0.0,0.0,,1.3111944223486076,-8.474562766431571,-60.745672161124254,0.26441129476304503,0.15600624024960652,0.0,0.0,0.0,,0.9031156931289419,39534855.79799473,-24495009.357833087,0.0921482841493404,0.26028110359188616,0.0,0.013652809065456406,-0.0131478121213231,268782850.46853054,1936428601.1088228,0.1388033880075011,0.15600624024960652,False,False,rising,falling,buy_advantage_accelerating,accelerating,leading_buy_inflow,False,False,False,pass,S0,🌱 초발사 준비,발사 구조 관찰 또는 초기 준비,S0,False,,,2026-09-06T18:10:00Z,34051589789-1
KRW-XTZ,2026-09-07T03:32:04.302321+09:00,1788719524,325.0,28.73089630282797,9.0,10989.55,204445.50209639999,0.053752955615615425,2,0.0,complete,1788718989949,1788719468163,147342.60582739,200439.21287286,-0.15267217603239192,326.0,328.0,0.6134969325153339,-0.30674846625766694,0.9146341463414633,150.0,complete_hourly_ordered,/v1/candles/minutes/60,120,False,13.793103448275868,290.0,2026-09-02T10:00:00,330.0,2026-09-04T20:00:00,D-3,1.5151515151515138,12.500000000000105,True,0.10752688172042113,14.420314833965305,,False,-0.9611438840032459,-99.91198578444565,-98.33822441604131,1.5342084295640888,-0.30674846625766694,0.0,-0.043010752688177334,0.032834079317691334,,-0.9611438840032459,-99.91198578444565,-98.33822441604131,1.5342084295640888,-0.30674846625766694,0.0,-0.043010752688177334,0.032834079317691334,,-0.9611438840032459,-99.91198578444565,-98.33822441604131,1.5342084295640888,-0.30674846625766694,0.0,-0.043010752688177334,0.032834079317691334,,-0.9611438840032459,-99.91198578444565,-98.33822441604131,1.5342084295640888,-0.30674846625766694,0.0,-0.043010752688177334,0.032834079317691334,,-4.3313291526257744,-99.8380070589371,-86.78486904801997,4.463262395564225,0.0,0.0,-0.021505376344088667,0.01641741692329468,,-4.3313291526257744,-99.8380070589371,-86.78486904801997,4.463262395564225,0.0,0.0,-0.021505376344088667,0.01641741692329468,,-0.9611438840032459,-12475118.4392414,-12098389.132732581,1.5342084295640888,-0.30674846625766694,0.0,-0.043010752688177334,0.032834079317691334,215435.05209639997,1299401.86883208,0.16579555352651287,0.0,False,False,falling,falling,sell_advantage_accelerating,accelerating,neutral,False,False,False,pass,S0,🌱 초발사 준비,발사 구조 관찰 또는 초기 준비,S0,False,,,2026-09-06T18:10:00Z,34051589789-1
KRW-YGG,2026-09-07T03:32:04.302321+09:00,1788719524,33.1,114.51023565424086,9.0,0.0,0.0,,0,0.0,complete,,,1880359.43679733,1143296.90220631,0.2437653132346045,32.6,33.8,3.6809815950920033,1.5337423312883347,2.071005917159751,58.333333333333336,complete_hourly_ordered,/v1/candles/minutes/60,120,False,11.551155115511547,30.3,2026-09-04T22:00:00,33.8,2026-09-06T10:00:00,D-1,2.0710059171597517,19.99999999999997,True,0.3624733475479758,15.170083352106333,,True,,-100.0,,7.072110083601316,0.9146341463414753,0.0,0.06396588486141663,-0.048336455494983,,,-100.0,,7.072110083601316,0.9146341463414753,0.0,0.06396588486141663,-0.048336455494983,,,-100.0,,7.072110083601316,0.9146341463414753,0.0,0.06396588486141663,-0.048336455494983,,,-100.0,,7.072110083601316,0.9146341463414753,0.0,0.06396588486141663,-0.048336455494983,,,-100.0,,8.169215892090705,0.6079027355623268,0.0,0.04264392324093702,-0.03222357769451811,,,-100.0,,8.169215892090705,0.6079027355623268,0.0,0.04264392324093702,-0.03222357769451811,,,-3385326.350850272,0.0,7.072110083601316,0.9146341463414753,0.0,0.06396588486141663,-0.048336455494983,0,946146.50981366,0.0,0.6079027355623268,False,False,falling,flat_or_na,unavailable,accelerating,neutral,False,False,False,pass,S0,🌱 초발사 준비,발사 구조 관찰 또는 초기 준비,S0,False,,,2026-09-06T18:10:00Z,34051589789-1
KRW-ZAMA,2026-09-07T03:32:04.302321+09:00,1788719524,77.7,962.955837715021,5.0,6482646.203729841,9963153.713314647,0.650662068484049,26,0.0,complete,1788718636941,1788719824820,1667629.66790928,3061859.79029726,-0.2947950586862463,68.3,87.6,28.257686676427518,13.762811127379226,11.30136986301369,51.29533678756469,complete_hourly_ordered,/v1/candles/minutes/60,120,False,30.55141579731744,67.1,2026-09-02T19:00:00,87.6,2026-09-06T23:00:00,D-1,11.529680365296802,49.26829268292679,False,0.5189366351055824,-28.132298542104863,,False,0.19143207533049172,-60.88969438271028,-72.39638477357806,3.6402623000418544,0.0,0.0,0.018208302986155722,-0.019493354458891332,,0.19143207533049172,-60.88969438271028,-72.39638477357806,3.6402623000418544,0.0,0.0,0.018208302986155722,-0.019493354458891332,,0.19143207533049172,-60.88969438271028,-72.39638477357806,3.6402623000418544,0.0,0.0,0.018208302986155722,-0.019493354458891332,,0.19143207533049172,-60.88969438271028,-72.39638477357806,3.6402623000418544,0.0,0.0,0.018208302986155722,-0.019493354458891332,,0.512101463967719,-65.28326657826523,-92.60695866142107,17.914353293295108,-1.1450381679389166,-2.0,-0.10014566642391198,0.1071932340677968,,0.512101463967719,-65.28326657826523,-92.60695866142107,17.914353293295108,-1.1450381679389166,-2.0,-0.10014566642391198,0.1071932340677968,,0.19143207533049172,-10092642.84454602,-26130501.525648415,3.6402623000418544,0.0,0.0,0.018208302986155722,-0.019493354458891332,16445799.917044487,5791480.8646311,2.8396536743270473,-1.1450381679389166,False,True,falling,falling,sell_advantage_weakening,accelerating,neutral,False,True,False,pass,S0,🌱 초발사 준비,발사 구조 관찰 또는 초기 준비,S0,False,,,2026-09-06T18:10:00Z,34051589789-1
KRW-ZBT,2026-09-07T03:32:04.302321+09:00,1788719524,116.0,-62.351843337116655,6.0,0.0,3063744.147825,0.0,1,0.0,complete,1788719084369,1788719084369,4010737.88326298,7301469.90010775,-0.29090095230413293,116.0,117.0,0.8620689655172376,0.0,0.8547008547008548,100.0,complete_hourly_ordered,/v1/candles/minutes/60,120,False,6.363636363636371,110.0,2026-09-02T19:00:00,117.0,2026-09-05T00:00:00,D-2,0.8547008547008517,14.285714285714535,False,0.5353955978584235,32.953136622861386,,True,,-100.0,,0.022236796798402736,-0.8547008547008517,0.0,-0.05948839976204212,0.036345985154355276,,,-100.0,,0.022236796798402736,-0.8547008547008517,0.0,-0.05948839976204212,0.036345985154355276,,,-100.0,,0.022236796798402736,-0.8547008547008517,0.0,-0.05948839976204212,0.036345985154355276,,,-100.0,,0.022236796798402736,-0.8547008547008517,0.0,-0.05948839976204212,0.036345985154355276,,,,,0.13139575607744547,0.0,0.0,0.0,0.0,,,,,0.13139575607744547,0.0,0.0,0.0,0.0,,,-1212929.5352311798,3063744.147825,0.022236796798402736,-0.8547008547008517,0.0,-0.05948839976204212,0.036345985154355276,3063744.147825,6757189.14614254,0.45340511883909485,0.0,False,False,falling,rising,sell_only,accelerating,neutral,False,False,False,pass,S0,🌱 초발사 준비,발사 구조 관찰 또는 초기 준비,S0,False,,,2026-09-06T18:10:00Z,34051589789-1
KRW-ZETA,2026-09-07T03:32:04.302321+09:00,1788719524,48.8,14.137998655633211,10.0,0.0,3578942.2306393427,0.0,15,0.0,complete,1788718681802,1788719161818,920762.86036501,1287032.00259465,-0.16589817667146747,47.5,50.2,5.684210526315803,2.7368421052631486,2.788844621513955,51.851851851852125,complete_hourly_ordered,/v1/candles/minutes/60,120,False,13.832199546485269,44.1,2026-09-02T10:00:00,50.2,2026-09-07T01:00:00,D0,2.788844621513953,22.95081967213122,False,0.63657407407407,15.203047619047616,14.409618636918326,False,,,,0.4821488536604921,-1.0141987829614618,0.0,-0.07233796296295392,0.05448750934168345,0.19842804969972327,,,,0.4821488536604921,-1.0141987829614618,0.0,-0.07233796296295392,0.05448750934168345,0.19842804969972327,,,,0.4821488536604921,-1.0141987829614618,0.0,-0.07233796296295392,0.05448750934168345,0.19842804969972327,,,,0.4821488536604921,-1.0141987829614618,0.0,-0.07233796296295392,0.05448750934168345,0.19842804969972327,-0.057057838469859117,-100.0,-79.44203446955615,1.8360247835112808,-2.2044088176352727,1.0,-0.18807870370369795,0.1416502577629899,0.507549658245356,-0.057057838469859117,-100.0,-79.44203446955615,1.8360247835112808,-2.2044088176352727,1.0,-0.18807870370369795,0.1416502577629899,0.507549658245356,,0.0,3578942.2306393427,0.4821488536604921,-1.0141987829614618,0.0,-0.07233796296295392,0.05448750934168345,3578942.2306393427,1538082.3268036344,2.3268859984087595,-2.2044088176352727,False,False,flat_or_na,rising,sell_only,accelerating,neutral,False,False,False,pass,S0,🌱 초발사 준비,발사 구조 관찰 또는 초기 준비,S0,False,,,2026-09-06T18:10:00Z,34051589789-1
KRW-ZIL,2026-09-07T03:32:04.302321+09:00,1788719524,3.61,-84.78478560309962,8.0,0.0,0.0,,0,0.0,complete,,,26055061.31608856,38377284.3777448,-0.19124281335663937,3.54,3.64,2.824858757062154,1.9774011299434902,0.824175824175831,30.000000000000625,complete_hourly_ordered,/v1/candles/minutes/60,120,False,8.955223880597018,3.35,2026-09-03T14:00:00,3.65,2026-09-04T14:00:00,D-3,1.0958904109588996,13.333333333333458,False,0.7351480230479046,21.771331584631998,,True,,-100.0,-100.0,0.0729982773558362,0.557103064066844,0.0,0.039737730975586416,-0.027842893630548815,,,-100.0,-100.0,0.0729982773558362,0.557103064066844,0.0,0.039737730975586416,-0.027842893630548815,,,-100.0,-100.0,0.0729982773558362,0.557103064066844,0.0,0.039737730975586416,-0.027842893630548815,,,-100.0,-100.0,0.0729982773558362,0.557103064066844,0.0,0.039737730975586416,-0.027842893630548815,,,-100.0,-100.0,0.10584744390386902,-0.2762430939226568,0.0,0.05960659646335742,-0.04176514600741754,,,-100.0,-100.0,0.10584744390386902,-0.2762430939226568,0.0,0.05960659646335742,-0.04176514600741754,,,-36200.0,-109999.99999997529,0.0729982773558362,0.557103064066844,0.0,0.039737730975586416,-0.027842893630548815,0,3566119.5280139158,0.0,-0.2762430939226568,False,True,falling,falling,unavailable,accelerating,neutral,False,True,False,pass,S0,🌱 초발사 준비,발사 구조 관찰 또는 초기 준비,S0,False,,,2026-09-06T18:10:00Z,34051589789-1
KRW-ZK,2026-09-07T03:32:04.302321+09:00,1788719524,15.0,-50.83527547374456,6.0,520143.88206635,24645112.114604633,0.02110535669903137,24,0.0,complete,1788718731290,1788719420370,20641304.00047904,31323922.0534134,-0.2055724349559369,13.8,15.7,13.768115942028981,8.695652173913038,4.458598726114645,36.84210526315791,complete_hourly_ordered,/v1/candles/minutes/60,120,False,34.1880341880342,11.7,2026-09-02T10:00:00,15.7,2026-09-07T01:00:00,D0,4.458598726114649,17.500000000000004,False,1.4570966001079322,20.712741841952663,,True,-0.21464672619632458,-69.75308258554543,237.8655894476662,0.23253749695270898,0.0,0.0,0.0,0.0,,-0.21464672619632458,-69.75308258554543,237.8655894476662,0.23253749695270898,0.0,0.0,0.0,0.0,,-0.21464672619632458,-69.75308258554543,237.8655894476662,0.23253749695270898,0.0,0.0,0.0,0.0,,-0.21464672619632458,-69.75308258554543,237.8655894476662,0.23253749695270898,0.0,0.0,0.0,0.0,,-2.2569883143455503,-99.5867428486656,-55.39338593542762,1.0207473924141794,-4.458598726114649,0.0,-0.37776578521315773,0.26586157213816364,,-2.2569883143455503,-99.5867428486656,-55.39338593542762,1.0207473924141794,-4.458598726114649,0.0,-0.37776578521315773,0.26586157213816364,,-0.21464672619632458,-1199515.265142418,17350758.121676907,0.23253749695270898,0.0,0.0,0.0,0.0,25165255.996670984,10757246.785129506,2.339377026420801,-4.458598726114649,False,False,falling,rising,sell_advantage_accelerating,accelerating,neutral,False,True,False,pass,S0,🌱 초발사 준비,발사 구조 관찰 또는 초기 준비,S0,False,,,2026-09-06T18:10:00Z,34051589789-1
KRW-ZKC,2026-09-07T03:32:04.302321+09:00,1788719524,66.4,-90.1150698854993,12.0,7708468.340476048,141523.663520744,54.46769924342843,7,0.0,complete,1788719580953,1788719656159,1272387.18414522,1703461.86441382,-0.14485771060105823,68.1,69.6,2.2026431718061623,-2.496328928046976,4.597701149425271,213.33333333333297,complete_hourly_ordered,/v1/candles/minutes/60,120,False,16.93290734824282,62.6,2026-09-03T17:00:00,73.2,2026-09-04T17:00:00,D-3,9.289617486338797,64.15094339622644,False,1.030708745085529,11.691085982306646,7.89592590016781,True,54.46590024150042,76984.68340913887,-97.45398656452744,0.00023056713384050909,0.0,0.0,0.0,0.0,0.0,54.46590024150042,76984.68340913887,-97.45398656452744,0.00023056713384050909,0.0,0.0,0.0,0.0,0.0,54.46590024150042,76984.68340913887,-97.45398656452744,0.00023056713384050909,0.0,0.0,0.0,0.0,0.0,54.46590024150042,76984.68340913887,-97.45398656452744,0.00023056713384050909,0.0,0.0,0.0,0.0,0.0,44.39172526966604,-11.032729835579435,-83.54195401779259,0.010943718136232405,-0.15037593984961184,0.0,-0.010625863351410025,0.0082625075286753,0.014376665597152005,44.39172526966604,-11.032729835579435,-83.54195401779259,0.010943718136232405,-0.15037593984961184,0.0,-0.010625863351410025,0.0082625075286753,0.014376665597152005,54.46590024150042,7698468.340476616,-5417114.069845185,0.00023056713384050909,0.0,0.0,0.0,0.0,7849992.003996792,19690520.27097756,0.39866859260022336,-0.15037593984961184,False,False,rising,falling,buy_advantage_accelerating,accelerating,leading_buy_inflow,True,True,False,🔴 1차 급등 완료·상승분 반납 / 신규매수 금지,S3,🔴 1차 급등 완료·반납,당일/5D 급등 후 상승분 상당 부분 반납,S3,False,,,2026-09-06T18:10:00Z,34051589789-1
KRW-ZKP,2026-09-07T03:32:04.302321+09:00,1788719524,65.1,-83.98627444585554,6.0,8138.150190156,12222.414272519,0.6658381894691542,2,0.0,complete,1788719388922,1788719609548,1636190.5804953,1618392.47642926,0.005468628010021763,66.4,67.3,1.3554216867469826,-1.957831325301218,3.268945022288266,244.44444444444596,complete_hourly_ordered,/v1/candles/minutes/60,120,False,15.025041736227053,59.9,2026-09-02T08:00:00,68.9,2026-09-05T19:00:00,D-2,5.805515239477499,44.4444444444444,False,0.7189612619379782,19.301865703722797,,False,0.6010553218482605,-96.12469038563094,-99.62295093055896,0.0005811192484088679,0.7739938080495445,0.0,0.05365382551776321,-0.03865427091258411,,0.6010553218482605,-96.12469038563094,-99.62295093055896,0.0005811192484088679,0.7739938080495445,0.0,0.05365382551776321,-0.03865427091258411,,0.6010553218482605,-96.12469038563094,-99.62295093055896,0.0005811192484088679,0.7739938080495445,0.0,0.05365382551776321,-0.03865427091258411,,0.6010553218482605,-96.12469038563094,-99.62295093055896,0.0005811192484088679,0.7739938080495445,0.0,0.05365382551776321,-0.03865427091258411,,-0.32744127110703136,-99.88176771260297,-99.82362426111058,0.015853082043534528,0.15384615384614886,0.0,0.03219229531066237,-0.023192064023994874,,-0.32744127110703136,-99.88176771260297,-99.82362426111058,0.015853082043534528,0.15384615384614886,0.0,0.03219229531066237,-0.023192064023994874,,0.6010553218482605,-201861.849809353,-3229375.367851287,0.0005811192484088679,0.7739938080495445,0.0,0.05365382551776321,-0.03865427091258411,20360.564462675,16265866.658347879,0.0012517356062442368,0.15384615384614886,False,False,falling,falling,sell_advantage_weakening,accelerating,neutral,False,True,False,pass,S0,🌱 초발사 준비,발사 구조 관찰 또는 초기 준비,S0,False,,,2026-09-06T18:10:00Z,34051589789-1
KRW-ZORA,2026-09-07T03:32:04.302321+09:00,1788719524,11.3,-70.52835061556264,12.0,9999.999999930002,5767246.475350213,0.001733929708513586,12,0.0,complete,1788718756943,1788719764766,25581666.19319239,44917834.57198418,-0.27427383412540346,12.0,12.3,2.5000000000000133,-5.833333333333323,8.130081300813007,333.33333333333167,complete_hourly_ordered,/v1/candles/minutes/60,120,False,40.657084188911696,9.74,2026-09-02T20:00:00,13.7,2026-09-05T01:00:00,D-2,16.788321167883204,58.08080808080809,False,1.7670200706808137,10.698273150823198,4.35336896627996,True,-0.0018600010616628764,-30.886723339722057,43.25167300468193,0.011418157498070514,0.0,0.0,0.0,0.0,0.0,-0.0018600010616628764,-30.886723339722057,43.25167300468193,0.011418157498070514,0.0,0.0,0.0,0.0,0.0,-0.0018600010616628764,-30.886723339722057,43.25167300468193,0.011418157498070514,0.0,0.0,0.0,0.0,0.0,-0.0018600010616628764,-30.886723339722057,43.25167300468193,0.011418157498070514,0.0,0.0,0.0,0.0,0.0,-2.550360979861472,-99.9480248054313,-23.49999608900021,0.02726398427975596,-0.877192982456132,0.0,-0.06668000266718543,0.05197708476745255,0.03939930193328767,-2.550360979861472,-99.9480248054313,-23.49999608900021,0.02726398427975596,-0.877192982456132,0.0,-0.06668000266718543,0.05197708476745255,0.03939930193328767,-0.0018600010616628764,-4469.000000003998,1741292.4642150546,0.011418157498070514,0.0,0.0,0.0,0.0,5777246.475350143,28848698.77153229,0.20026021003938982,-0.877192982456132,False,False,falling,rising,sell_advantage_accelerating,accelerating,neutral,False,True,False,pass,S0,🌱 초발사 준비,발사 구조 관찰 또는 초기 준비,S3,True,발사 구조 관찰 또는 초기 준비,2026-09-07T03:32:04.302321+09:00,2026-09-06T18:10:00Z,34051589789-1
KRW-ZRO,2026-09-07T03:32:04.302321+09:00,1788719524,1487.0,23.354055632161263,8.0,7193214.1126023,16.60911174,433088.42912283883,3,0.0,complete,1788718664376,1788719435484,151307.50633653,86017.55160041,0.2751077164109164,1445.0,1531.0,5.951557093425608,2.906574394463668,2.8739386022207705,51.16279069767443,complete_hourly_ordered,/v1/candles/minutes/60,120,False,15.947329919531828,1367.0,2026-09-02T22:00:00,1585.0,2026-09-04T12:00:00,D-3,6.18296529968454,44.95412844036697,True,-0.4309018159433631,-5.051957691593997,,False,433088.2782168103,255.104894260152,-99.99987626667975,0.33437827850577406,0.2697235333782855,0.0,-0.0175878292221765,0.016119222561837176,,433088.2782168103,255.104894260152,-99.99987626667975,0.33437827850577406,0.2697235333782855,0.0,-0.0175878292221765,0.016119222561837176,,433088.2782168103,255.104894260152,-99.99987626667975,0.33437827850577406,0.2697235333782855,0.0,-0.0175878292221765,0.016119222561837176,,433088.2782168103,255.104894260152,-99.99987626667975,0.33437827850577406,0.2697235333782855,0.0,-0.0175878292221765,0.016119222561837176,,433086.0558291588,-77.09103826937736,-99.99987446052484,1.7681365126467767,-0.9986684420772329,0.0,-0.06595435958316465,0.06044322918322287,,433086.0558291588,-77.09103826937736,-99.99987446052484,1.7681365126467767,-0.9986684420772329,0.0,-0.06595435958316465,0.06044322918322287,,433088.2782168103,5167555.15130043,-13423297.099357046,0.33437827850577406,0.2697235333782855,0.0,-0.0175878292221765,0.016119222561837176,7193230.72171404,17333320.5864619,0.41499438528427585,-0.9986684420772329,False,False,rising,falling,buy_advantage_accelerating,accelerating,leading_buy_inflow,False,True,False,pass,S0,🌱 초발사 준비,발사 구조 관찰 또는 초기 준비,S0,False,,,2026-09-06T18:10:00Z,34051589789-1
KRW-ZRX,2026-09-07T03:32:04.302321+09:00,1788719524,144.0,55.6253109432576,9.0,0.0,0.0,,0,0.0,complete,,,816574.8651597,2093542.58329048,-0.43880281148475475,144.0,146.0,1.388888888888884,0.0,1.36986301369863,100.0,complete_hourly_ordered,/v1/candles/minutes/60,120,False,11.45038167938932,131.0,2026-09-02T08:00:00,146.0,2026-09-06T10:00:00,D-1,1.3698630136986356,13.33333333333334,False,0.4405286343612591,-3.128533735393898,,True,,,,0.0,0.0,0.0,0.0,0.0,,,,,0.0,0.0,0.0,0.0,0.0,,,,,0.0,0.0,0.0,0.0,0.0,,,,,0.0,0.0,0.0,0.0,0.0,,,-100.0,,0.34461714125442455,0.0,0.0,0.0,0.0,,,-100.0,,0.34461714125442455,0.0,0.0,0.0,0.0,,,0.0,0.0,0.0,0.0,0.0,0.0,0.0,0,1547338.897677965,0.0,0.0,False,False,flat_or_na,flat_or_na,unavailable,flat_or_na,neutral,False,False,False,pass,S0,🌱 초발사 준비,발사 구조 관찰 또는 초기 준비,S0,False,,,2026-09-06T18:10:00Z,34051589789-1
